loan_amnt,dti,fico_score,addr_state,emp_length,issue_d,bad_loan,int_rate,grade,annual_inc,home_ownership,rejected
3600.0,5.91,677.0,PA,10.0,2015-12-01,0.0,13.99,C,55000.0,MORTGAGE,0
24700.0,16.06,717.0,SD,10.0,2015-12-01,0.0,11.99,C,65000.0,MORTGAGE,0
20000.0,10.78,697.0,IL,10.0,2015-12-01,0.0,10.78,B,63000.0,MORTGAGE,0
35000.0,17.06,787.0,NJ,10.0,2015-12-01,0.0,14.85,C,110000.0,MORTGAGE,0
10400.0,25.37,697.0,PA,3.0,2015-12-01,0.0,22.45,F,104433.0,MORTGAGE,0
11950.0,10.2,692.0,GA,4.0,2015-12-01,0.0,13.44,C,34000.0,RENT,0
20000.0,14.67,682.0,MN,10.0,2015-12-01,0.0,9.17,B,180000.0,MORTGAGE,0
20000.0,17.61,707.0,SC,10.0,2015-12-01,0.0,8.49,B,85000.0,MORTGAGE,0
10000.0,13.07,687.0,PA,6.0,2015-12-01,0.0,6.49,A,85000.0,RENT,0
8000.0,34.8,702.0,RI,10.0,2015-12-01,0.0,11.48,B,42000.0,MORTGAGE,0
22400.0,22.98,712.0,SC,6.0,2015-12-01,0.0,12.88,C,95000.0,MORTGAGE,0
16000.0,26.4,722.0,TX,1.0,2015-12-01,0.0,12.88,C,70000.0,MORTGAGE,0
1400.0,34.95,702.0,NC,3.0,2015-12-01,0.0,12.88,C,64000.0,MORTGAGE,0
18000.0,9.39,667.0,CA,7.0,2015-12-01,1.0,19.48,E,150000.0,RENT,0
28000.0,21.6,722.0,NC,10.0,2015-12-01,0.0,6.49,A,92000.0,MORTGAGE,0
9600.0,22.44,697.0,SC,8.0,2015-12-01,0.0,7.49,A,60000.0,MORTGAGE,0
25000.0,26.02,747.0,VA,10.0,2015-12-01,0.0,7.49,A,109000.0,MORTGAGE,0
18000.0,8.68,802.0,AZ,10.0,2015-12-01,0.0,11.99,C,112000.0,MORTGAGE,0
23000.0,18.28,702.0,NY,5.0,2015-12-01,0.0,8.49,B,64000.0,RENT,0
8650.0,25.49,677.0,IN,8.0,2015-12-01,0.0,19.89,E,55000.0,RENT,0
29900.0,21.77,717.0,MD,10.0,2015-12-01,0.0,12.88,C,65000.0,MORTGAGE,0
16000.0,33.18,687.0,SC,10.0,2015-12-01,0.0,14.85,C,48000.0,MORTGAGE,0
28000.0,7.49,697.0,NY,2.0,2015-12-01,0.0,13.44,C,125000.0,OWN,0
5000.0,12.7,667.0,MD,2.0,2015-12-01,0.0,13.44,C,79000.0,RENT,0
6000.0,13.28,697.0,TX,10.0,2015-12-01,0.0,7.49,A,100000.0,MORTGAGE,0
4225.0,15.22,727.0,KS,5.0,2015-12-01,1.0,14.85,C,35000.0,RENT,0
20000.0,18.83,837.0,NY,9.0,2015-12-01,0.0,5.32,A,65000.0,OWN,0
16000.0,23.35,682.0,NM,1.0,2015-12-01,0.0,17.97,D,109000.0,MORTGAGE,0
17600.0,26.59,782.0,KS,1.0,2015-12-01,0.0,5.32,A,88000.0,MORTGAGE,0
15000.0,15.34,687.0,VA,10.0,2015-12-01,0.0,5.32,A,44000.0,MORTGAGE,0
16000.0,18.96,677.0,AL,10.0,2015-12-01,1.0,12.88,C,65000.0,MORTGAGE,0
24250.0,20.84,662.0,NY,4.0,2015-12-01,1.0,24.24,F,75000.0,MORTGAGE,0
12000.0,24.04,692.0,WA,1.0,2015-12-01,0.0,10.78,B,98000.0,RENT,0
25000.0,34.53,732.0,MD,9.0,2015-12-01,1.0,13.99,C,79000.0,MORTGAGE,0
16800.0,34.29,682.0,MO,10.0,2015-12-01,0.0,12.88,C,118000.0,MORTGAGE,0
7000.0,13.06,732.0,MD,10.0,2015-12-01,0.0,7.49,A,59000.0,MORTGAGE,0
21000.0,14.47,682.0,OH,1.0,2015-12-01,0.0,13.99,C,52000.0,RENT,0
27500.0,6.79,702.0,LA,10.0,2015-12-01,0.0,14.85,C,195000.0,MORTGAGE,0
7200.0,8.47,727.0,GA,10.0,2015-12-01,0.0,11.48,B,72500.0,MORTGAGE,0
20000.0,12.45,692.0,IL,6.0,2015-12-01,0.0,14.85,C,110000.0,RENT,0
20000.0,22.21,682.0,FL,5.0,2015-12-01,0.0,15.77,D,70000.0,RENT,0
10000.0,35.7,687.0,CO,2.0,2015-12-01,1.0,17.97,D,55000.0,MORTGAGE,0
16000.0,17.74,682.0,CA,9.0,2015-12-01,0.0,13.99,C,142000.0,MORTGAGE,0
20000.0,23.45,727.0,WA,5.0,2015-12-01,0.0,9.8,B,75000.0,RENT,0
8650.0,7.28,752.0,IN,1.0,2015-12-01,0.0,5.32,A,100000.0,MORTGAGE,0
21000.0,12.14,672.0,TX,2.0,2015-12-01,0.0,13.44,C,54649.0,RENT,0
7200.0,17.35,682.0,NY,1.0,2015-12-01,0.0,15.77,D,55000.0,RENT,0
8800.0,5.18,667.0,MI,10.0,2015-12-01,0.0,9.8,B,92000.0,MORTGAGE,0
14650.0,21.44,692.0,OH,2.0,2015-12-01,0.0,20.5,E,43160.0,RENT,0
2500.0,17.6,672.0,FL,10.0,2015-12-01,0.0,17.27,D,50000.0,MORTGAGE,0
11000.0,21.34,682.0,OH,10.0,2015-12-01,0.0,9.17,B,69000.0,MORTGAGE,0
23850.0,24.71,667.0,VA,10.0,2015-12-01,0.0,17.27,D,68046.0,OWN,0
15700.0,29.13,687.0,LA,6.0,2015-12-01,0.0,16.59,D,48000.0,MORTGAGE,0
28800.0,18.01,802.0,FL,10.0,2015-12-01,0.0,11.99,C,60000.0,OWN,0
10000.0,9.44,712.0,MO,4.0,2015-12-01,0.0,12.88,C,91392.0,MORTGAGE,0
24000.0,10.24,742.0,TN,,2015-12-01,0.0,9.8,B,77900.0,OWN,0
28000.0,31.88,687.0,IN,10.0,2015-12-01,0.0,18.49,D,75000.0,MORTGAGE,0
35000.0,6.46,687.0,DC,10.0,2015-12-01,0.0,11.99,C,128000.0,MORTGAGE,0
7200.0,19.25,677.0,MA,10.0,2015-12-01,0.0,9.17,B,50000.0,MORTGAGE,0
10000.0,10.81,682.0,OH,2.0,2015-12-01,0.0,7.91,A,40100.0,RENT,0
16000.0,9.6,672.0,MA,1.0,2015-12-01,1.0,13.44,C,42000.0,RENT,0
21875.0,17.76,702.0,FL,1.0,2015-12-01,0.0,11.99,C,47590.0,RENT,0
14025.0,18.0,677.0,WI,10.0,2015-12-01,0.0,18.49,D,39000.0,MORTGAGE,0
35000.0,17.36,732.0,AL,7.0,2015-12-01,1.0,12.88,C,106000.0,MORTGAGE,0
20000.0,12.28,697.0,RI,10.0,2015-12-01,0.0,12.88,C,145000.0,MORTGAGE,0
14000.0,24.29,692.0,AZ,2.0,2015-12-01,1.0,14.85,C,60000.0,MORTGAGE,0
16000.0,28.92,722.0,CA,5.0,2015-12-01,1.0,8.49,B,62000.0,MORTGAGE,0
28000.0,28.52,672.0,GA,2.0,2015-12-01,0.0,14.85,C,85000.0,MORTGAGE,0
20000.0,16.9,682.0,MD,10.0,2015-12-01,1.0,13.99,C,70000.0,OWN,0
17600.0,17.56,682.0,FL,1.0,2015-12-01,0.0,19.89,E,44000.0,RENT,0
4200.0,26.21,702.0,NY,10.0,2015-12-01,0.0,13.44,C,102500.0,MORTGAGE,0
19000.0,13.09,667.0,NY,9.0,2015-12-01,0.0,14.85,C,75000.0,OWN,0
15850.0,34.85,757.0,OH,10.0,2015-12-01,0.0,23.13,F,45000.0,OWN,0
10000.0,31.04,707.0,IN,10.0,2015-12-01,0.0,11.99,C,42500.0,RENT,0
30000.0,18.5,727.0,OH,2.0,2015-12-01,0.0,15.77,D,175000.0,MORTGAGE,0
1500.0,16.11,747.0,HI,,2015-12-01,0.0,6.49,A,45000.0,MORTGAGE,0
25000.0,9.54,797.0,VT,1.0,2015-12-01,0.0,5.32,A,150000.0,MORTGAGE,0
16250.0,34.95,692.0,NY,2.0,2015-12-01,0.0,13.44,C,50000.0,MORTGAGE,0
20200.0,34.84,722.0,CA,4.0,2015-12-01,1.0,18.49,D,60000.0,RENT,0
23975.0,33.2,687.0,VA,10.0,2015-12-01,1.0,19.89,E,70000.0,RENT,0
15000.0,29.28,722.0,AL,10.0,2015-12-01,0.0,10.78,B,65000.0,MORTGAGE,0
10000.0,15.78,697.0,IN,3.0,2015-12-01,0.0,10.78,B,41600.0,MORTGAGE,0
15000.0,13.24,672.0,NJ,6.0,2015-12-01,0.0,8.49,B,110000.0,MORTGAGE,0
23100.0,20.43,662.0,DE,2.0,2015-12-01,1.0,20.5,E,110000.0,OWN,0
27300.0,25.63,662.0,NY,10.0,2015-12-01,1.0,17.27,D,65000.0,MORTGAGE,0
25000.0,4.65,707.0,TX,10.0,2015-12-01,0.0,11.48,B,135000.0,MORTGAGE,0
15000.0,10.17,672.0,TX,1.0,2015-12-01,0.0,10.78,B,40000.0,RENT,0
10000.0,30.84,717.0,OH,1.0,2015-12-01,0.0,16.59,D,30000.0,RENT,0
18500.0,13.2,677.0,TX,10.0,2015-12-01,0.0,12.88,C,70000.0,MORTGAGE,0
5000.0,13.73,687.0,OH,6.0,2015-12-01,0.0,7.91,A,32000.0,RENT,0
9000.0,11.98,802.0,KS,1.0,2015-12-01,0.0,9.17,B,50000.0,OWN,0
11000.0,15.0,757.0,MA,10.0,2015-12-01,0.0,6.49,A,85000.0,MORTGAGE,0
20000.0,29.15,752.0,TN,6.0,2015-12-01,0.0,6.49,A,55000.0,MORTGAGE,0
15000.0,20.18,777.0,VA,,2015-12-01,0.0,5.32,A,80000.0,RENT,0
12000.0,15.3,702.0,AZ,4.0,2015-12-01,0.0,5.32,A,53750.0,MORTGAGE,0
8000.0,21.23,672.0,MI,1.0,2015-12-01,0.0,10.78,B,45000.0,MORTGAGE,0
12000.0,31.95,667.0,NJ,3.0,2015-12-01,0.0,10.78,B,40000.0,RENT,0
18000.0,25.65,717.0,NH,5.0,2015-12-01,0.0,7.49,A,75000.0,MORTGAGE,0
3600.0,17.44,677.0,VA,1.0,2015-12-01,0.0,11.48,B,85000.0,MORTGAGE,0
7200.0,13.21,707.0,MA,9.0,2015-12-01,1.0,17.27,D,20000.0,OWN,0
15000.0,18.17,672.0,FL,4.0,2015-12-01,0.0,13.44,C,77213.0,RENT,0
5000.0,6.52,712.0,NC,6.0,2015-12-01,0.0,9.8,B,72000.0,OWN,0
11550.0,21.07,702.0,OH,5.0,2015-12-01,1.0,16.59,D,38000.0,RENT,0
33600.0,14.01,692.0,OH,8.0,2015-12-01,0.0,10.78,B,104000.0,RENT,0
17925.0,27.78,722.0,OH,10.0,2015-12-01,0.0,17.27,D,39000.0,OWN,0
17475.0,23.58,697.0,IL,2.0,2015-12-01,1.0,13.99,C,39750.0,RENT,0
9000.0,8.43,677.0,FL,8.0,2015-12-01,0.0,8.49,B,47000.0,MORTGAGE,0
12000.0,23.84,787.0,KS,10.0,2015-12-01,0.0,9.8,B,65000.0,MORTGAGE,0
4000.0,15.83,672.0,NE,2.0,2015-12-01,0.0,9.17,B,44500.0,RENT,0
10500.0,8.51,662.0,KS,3.0,2015-12-01,0.0,15.77,D,70100.0,RENT,0
14000.0,15.97,687.0,OH,4.0,2015-12-01,0.0,9.8,B,100000.0,MORTGAGE,0
6000.0,14.45,687.0,OH,10.0,2015-12-01,0.0,7.91,A,105000.0,MORTGAGE,0
16000.0,6.39,702.0,CT,10.0,2015-12-01,0.0,12.88,C,90000.0,OWN,0
15000.0,13.89,682.0,OR,3.0,2015-12-01,0.0,9.8,B,92000.0,MORTGAGE,0
12000.0,26.32,707.0,CA,4.0,2015-12-01,0.0,9.17,B,39400.0,MORTGAGE,0
10000.0,21.75,712.0,IN,2.0,2015-12-01,0.0,11.48,B,33000.0,RENT,0
4200.0,31.02,707.0,TN,2.0,2015-12-01,0.0,13.99,C,32000.0,RENT,0
35000.0,35.69,702.0,GA,8.0,2015-12-01,0.0,20.5,E,120000.0,MORTGAGE,0
5475.0,33.47,672.0,FL,10.0,2015-12-01,1.0,18.99,E,108000.0,MORTGAGE,0
16000.0,28.58,732.0,FL,2.0,2015-12-01,0.0,7.91,A,60000.0,MORTGAGE,0
6000.0,23.26,692.0,NC,3.0,2015-12-01,0.0,13.44,C,38700.0,OWN,0
24000.0,10.11,662.0,RI,10.0,2015-12-01,0.0,9.17,B,75000.0,MORTGAGE,0
10000.0,3.3,717.0,WA,1.0,2015-12-01,0.0,12.88,C,60000.0,RENT,0
6900.0,9.57,667.0,NY,10.0,2015-12-01,0.0,19.89,E,80000.0,RENT,0
22400.0,28.48,707.0,VA,10.0,2015-12-01,0.0,9.8,B,48000.0,MORTGAGE,0
15975.0,20.45,667.0,CA,4.0,2015-12-01,0.0,16.59,D,58800.0,MORTGAGE,0
21600.0,17.64,692.0,WI,9.0,2015-12-01,0.0,13.44,C,54000.0,MORTGAGE,0
24000.0,29.92,697.0,IN,8.0,2015-12-01,0.0,13.99,C,82193.0,RENT,0
14400.0,17.02,662.0,NY,3.0,2015-12-01,1.0,19.48,E,73320.0,RENT,0
8000.0,23.26,707.0,OR,1.0,2015-12-01,0.0,13.99,C,42000.0,RENT,0
7000.0,21.96,682.0,DE,2.0,2015-12-01,0.0,13.99,C,83000.0,RENT,0
20000.0,36.94,742.0,AL,1.0,2015-12-01,0.0,10.78,B,55000.0,OWN,0
25825.0,31.68,677.0,MD,6.0,2015-12-01,1.0,26.06,F,68000.0,RENT,0
24575.0,24.16,727.0,OH,10.0,2015-12-01,0.0,22.45,F,92000.0,MORTGAGE,0
3200.0,20.61,712.0,MN,10.0,2015-12-01,0.0,8.49,B,30407.0,RENT,0
22875.0,32.3,702.0,CA,10.0,2015-12-01,0.0,15.77,D,137000.0,MORTGAGE,0
16000.0,19.59,702.0,TX,10.0,2015-12-01,0.0,14.85,C,80000.0,MORTGAGE,0
35000.0,24.19,712.0,MN,1.0,2015-12-01,0.0,13.44,C,125000.0,MORTGAGE,0
2400.0,28.38,672.0,IN,2.0,2015-12-01,0.0,17.27,D,52000.0,MORTGAGE,0
25000.0,13.83,747.0,MI,,2015-12-01,0.0,7.49,A,132000.0,MORTGAGE,0
8800.0,35.52,717.0,MA,2.0,2015-12-01,0.0,12.88,C,55000.0,RENT,0
2500.0,38.06,772.0,CT,,2015-12-01,0.0,11.48,B,16488.0,RENT,0
8000.0,14.86,717.0,MI,1.0,2015-12-01,0.0,5.32,A,50000.0,RENT,0
20000.0,27.1,707.0,AL,10.0,2015-12-01,1.0,11.99,C,78000.0,MORTGAGE,0
35000.0,13.39,697.0,MD,10.0,2015-12-01,1.0,12.88,C,110000.0,MORTGAGE,0
15000.0,10.67,712.0,CA,,2015-12-01,0.0,7.49,A,45000.0,MORTGAGE,0
16000.0,8.78,707.0,NJ,1.0,2015-12-01,1.0,15.77,D,70000.0,MORTGAGE,0
10800.0,26.13,667.0,FL,3.0,2015-12-01,0.0,13.99,C,40000.0,RENT,0
7500.0,37.2,687.0,FL,10.0,2015-12-01,0.0,17.97,D,15000.0,OWN,0
16000.0,35.19,672.0,NY,5.0,2015-12-01,1.0,10.78,B,63000.0,RENT,0
9000.0,21.63,757.0,CA,10.0,2015-12-01,0.0,5.32,A,49000.0,MORTGAGE,0
9500.0,27.95,697.0,MI,10.0,2015-12-01,0.0,15.77,D,28000.0,RENT,0
10000.0,29.91,742.0,CA,2.0,2015-12-01,1.0,7.91,A,25000.0,OWN,0
6000.0,17.92,797.0,CO,10.0,2015-12-01,0.0,7.91,A,49000.0,MORTGAGE,0
15600.0,15.37,722.0,NY,10.0,2015-12-01,0.0,13.44,C,52000.0,MORTGAGE,0
35000.0,13.36,752.0,CA,1.0,2015-12-01,0.0,8.49,B,90000.0,OWN,0
5000.0,21.21,702.0,TX,9.0,2015-12-01,0.0,11.48,B,78000.0,MORTGAGE,0
20400.0,38.65,727.0,AR,2.0,2015-12-01,0.0,18.49,D,75000.0,MORTGAGE,0
8000.0,11.52,667.0,LA,,2015-12-01,1.0,17.97,D,33130.0,MORTGAGE,0
16000.0,13.74,697.0,IL,3.0,2015-12-01,0.0,10.78,B,87500.0,RENT,0
18000.0,15.56,742.0,PA,10.0,2015-12-01,1.0,7.91,A,80000.0,MORTGAGE,0
35000.0,25.07,692.0,FL,1.0,2015-12-01,0.0,9.17,B,105000.0,RENT,0
13150.0,20.25,767.0,TX,1.0,2015-12-01,0.0,5.32,A,40000.0,RENT,0
5600.0,19.85,662.0,TX,8.0,2015-12-01,0.0,9.17,B,48000.0,RENT,0
23000.0,17.09,682.0,VA,9.0,2015-12-01,0.0,9.8,B,90247.0,MORTGAGE,0
12600.0,11.75,692.0,MD,1.0,2015-12-01,0.0,14.85,C,175000.0,MORTGAGE,0
11000.0,16.85,737.0,IL,8.0,2015-12-01,0.0,16.59,D,55000.0,MORTGAGE,0
4000.0,12.9,687.0,NY,3.0,2015-12-01,0.0,11.99,C,41501.0,RENT,0
20000.0,20.67,717.0,MT,9.0,2015-12-01,0.0,13.44,C,75000.0,MORTGAGE,0
20000.0,22.62,687.0,VA,5.0,2015-12-01,0.0,11.48,B,60000.0,RENT,0
10000.0,32.7,692.0,OH,10.0,2015-12-01,0.0,9.17,B,59307.0,MORTGAGE,0
18850.0,15.56,702.0,NV,1.0,2015-12-01,1.0,21.48,E,55000.0,MORTGAGE,0
21000.0,15.07,732.0,NY,10.0,2015-12-01,0.0,11.99,C,82000.0,MORTGAGE,0
10500.0,15.39,687.0,WV,4.0,2015-12-01,0.0,8.49,B,60000.0,MORTGAGE,0
4575.0,10.03,667.0,NJ,5.0,2015-12-01,1.0,17.27,D,56000.0,RENT,0
5000.0,27.9,692.0,NH,1.0,2015-12-01,0.0,11.48,B,17000.0,RENT,0
8000.0,15.15,792.0,RI,,2015-12-01,0.0,6.99,A,45000.0,MORTGAGE,0
5000.0,9.16,677.0,MD,1.0,2015-12-01,1.0,11.99,C,30000.0,RENT,0
9075.0,8.39,817.0,MT,10.0,2015-12-01,0.0,5.32,A,40000.0,MORTGAGE,0
24000.0,31.57,722.0,VA,2.0,2015-12-01,0.0,12.88,C,75181.21,MORTGAGE,0
12500.0,6.83,707.0,CA,10.0,2015-12-01,0.0,7.49,A,52000.0,RENT,0
19600.0,18.99,712.0,NH,8.0,2015-12-01,1.0,15.77,D,80000.0,MORTGAGE,0
35000.0,10.97,742.0,FL,2.0,2015-12-01,0.0,13.99,C,90000.0,MORTGAGE,0
28000.0,24.83,687.0,GA,1.0,2015-12-01,0.0,8.49,B,75000.0,MORTGAGE,0
14000.0,19.24,692.0,TX,1.0,2015-12-01,1.0,15.77,D,45500.0,RENT,0
16000.0,6.97,662.0,NY,,2015-12-01,0.0,9.8,B,99906.0,MORTGAGE,0
14000.0,6.73,777.0,CA,4.0,2015-12-01,0.0,5.32,A,120000.0,RENT,0
24000.0,22.8,717.0,TX,8.0,2015-12-01,0.0,8.49,B,72000.0,MORTGAGE,0
35000.0,18.19,687.0,FL,6.0,2015-12-01,0.0,13.99,C,75000.0,OWN,0
14550.0,34.44,722.0,FL,10.0,2015-12-01,0.0,15.77,D,70000.0,MORTGAGE,0
8000.0,31.06,707.0,TN,1.0,2015-12-01,0.0,11.48,B,21610.0,RENT,0
32400.0,24.11,732.0,TX,10.0,2015-12-01,0.0,9.8,B,106284.0,MORTGAGE,0
3600.0,26.45,712.0,PA,1.0,2015-12-01,0.0,13.44,C,25000.0,RENT,0
10500.0,30.73,662.0,CA,10.0,2015-12-01,0.0,13.99,C,110000.0,MORTGAGE,0
3000.0,12.09,687.0,CA,10.0,2015-12-01,0.0,11.48,B,105000.0,MORTGAGE,0
16000.0,17.11,677.0,NY,2.0,2015-12-01,0.0,14.85,C,43000.0,RENT,0
8000.0,25.01,742.0,PA,10.0,2015-12-01,0.0,7.49,A,57000.0,MORTGAGE,0
19500.0,13.74,732.0,CA,1.0,2015-12-01,0.0,7.49,A,85000.0,RENT,0
2000.0,6.78,847.5,SC,8.0,2015-12-01,0.0,8.49,B,140000.0,MORTGAGE,0
16000.0,14.45,727.0,MN,8.0,2015-12-01,0.0,5.32,A,96000.0,MORTGAGE,0
3500.0,17.97,662.0,CA,8.0,2015-12-01,0.0,10.78,B,122400.0,MORTGAGE,0
14000.0,32.3,717.0,NC,4.0,2015-12-01,0.0,9.17,B,94000.0,RENT,0
24000.0,26.89,677.0,IL,3.0,2015-12-01,0.0,11.48,B,95000.0,OWN,0
6000.0,3.98,782.0,NY,2.0,2015-12-01,0.0,5.32,A,120000.0,OWN,0
24000.0,26.83,677.0,MI,9.0,2015-12-01,0.0,7.91,A,100000.0,MORTGAGE,0
14875.0,36.3,667.0,TN,3.0,2015-12-01,1.0,18.49,D,37231.0,RENT,0
10000.0,37.55,687.0,MD,7.0,2015-12-01,0.0,11.99,C,45000.0,RENT,0
15000.0,14.86,757.0,MA,2.0,2015-12-01,0.0,6.99,A,93000.0,MORTGAGE,0
10000.0,14.61,732.0,IN,10.0,2015-12-01,0.0,5.32,A,68000.0,RENT,0
18000.0,22.22,712.0,NY,10.0,2015-12-01,0.0,9.17,B,97000.0,OWN,0
24000.0,7.23,687.0,CO,10.0,2015-12-01,0.0,19.48,E,97000.0,RENT,0
23525.0,13.33,677.0,NJ,5.0,2015-12-01,0.0,17.97,D,70000.0,MORTGAGE,0
12000.0,14.53,692.0,TX,10.0,2015-12-01,0.0,9.17,B,68000.0,OWN,0
11000.0,12.69,672.0,MD,10.0,2015-12-01,0.0,10.78,B,297000.0,RENT,0
24000.0,20.16,692.0,MN,2.0,2015-12-01,0.0,9.17,B,210000.0,MORTGAGE,0
15000.0,36.98,682.0,MA,8.0,2015-12-01,0.0,16.59,D,42900.0,RENT,0
16000.0,14.68,672.0,TX,10.0,2015-12-01,0.0,8.49,B,140000.0,MORTGAGE,0
15000.0,17.07,687.0,NY,5.0,2015-12-01,1.0,7.91,A,90000.0,RENT,0
5000.0,19.56,677.0,GA,8.0,2015-12-01,1.0,11.99,C,60000.0,MORTGAGE,0
19100.0,14.35,687.0,PA,10.0,2015-12-01,0.0,10.78,B,115000.0,MORTGAGE,0
15000.0,10.14,687.0,IN,3.0,2015-12-01,0.0,10.78,B,85000.0,OWN,0
30000.0,35.93,667.0,NJ,2.0,2015-12-01,0.0,18.49,D,85000.0,MORTGAGE,0
15000.0,25.56,722.0,OH,10.0,2015-12-01,0.0,9.8,B,60000.0,RENT,0
3500.0,17.65,667.0,CA,10.0,2015-12-01,0.0,13.99,C,105000.0,RENT,0
20000.0,12.77,717.0,NY,2.0,2015-12-01,0.0,9.17,B,130000.0,RENT,0
10000.0,29.45,687.0,IL,7.0,2015-12-01,0.0,13.44,C,30160.0,RENT,0
35000.0,14.48,672.0,TX,9.0,2015-12-01,0.0,18.49,D,132500.0,MORTGAGE,0
16000.0,16.65,662.0,CA,10.0,2015-12-01,1.0,14.85,C,90000.0,RENT,0
2000.0,12.66,667.0,IL,10.0,2015-12-01,0.0,11.99,C,180000.0,MORTGAGE,0
12000.0,25.43,727.0,TX,2.0,2015-12-01,0.0,9.8,B,39500.0,RENT,0
8000.0,18.92,742.0,PA,1.0,2015-12-01,0.0,6.99,A,80000.0,MORTGAGE,0
10000.0,10.55,682.0,WA,10.0,2015-12-01,1.0,9.8,B,92000.0,MORTGAGE,0
25000.0,15.65,752.0,MN,10.0,2015-12-01,0.0,7.91,A,76500.0,RENT,0
35000.0,19.43,667.0,CA,10.0,2015-12-01,0.0,13.99,C,100000.0,RENT,0
25600.0,10.88,742.0,TX,3.0,2015-12-01,0.0,7.91,A,150000.0,OWN,0
4325.0,16.96,732.0,VA,10.0,2015-12-01,0.0,11.99,C,90000.0,OWN,0
6000.0,33.78,762.0,FL,10.0,2015-12-01,0.0,6.99,A,48000.0,OWN,0
18200.0,29.28,662.0,GA,8.0,2015-12-01,1.0,15.77,D,65000.0,RENT,0
10000.0,19.38,702.0,MN,3.0,2015-12-01,0.0,6.99,A,54000.0,RENT,0
30000.0,12.03,727.0,MD,5.0,2015-12-01,0.0,13.44,C,81000.0,MORTGAGE,0
13200.0,15.45,742.0,TX,2.0,2015-12-01,0.0,5.32,A,150000.0,MORTGAGE,0
10000.0,4.76,712.0,IL,5.0,2015-12-01,0.0,6.99,A,220000.0,RENT,0
3000.0,22.82,667.0,TX,5.0,2015-12-01,0.0,11.48,B,75000.0,MORTGAGE,0
20000.0,19.04,767.0,FL,10.0,2015-12-01,0.0,9.8,B,96000.0,OWN,0
13875.0,23.53,712.0,LA,10.0,2015-12-01,0.0,11.99,C,32500.0,MORTGAGE,0
18000.0,14.4,757.0,TX,10.0,2015-12-01,0.0,6.49,A,76000.0,MORTGAGE,0
15225.0,21.21,687.0,AL,3.0,2015-12-01,1.0,8.49,B,40000.0,OWN,0
16000.0,21.16,707.0,FL,6.0,2015-12-01,1.0,11.48,B,65000.0,RENT,0
21000.0,6.2,752.0,CA,7.0,2015-12-01,1.0,9.8,B,125000.0,RENT,0
13000.0,16.74,662.0,HI,1.0,2015-12-01,1.0,16.59,D,40000.0,RENT,0
20000.0,4.99,707.0,CA,5.0,2015-12-01,0.0,7.91,A,120000.0,OWN,0
31075.0,17.18,727.0,GA,10.0,2015-12-01,0.0,7.49,A,70000.0,RENT,0
18000.0,14.88,712.0,CO,10.0,2015-12-01,0.0,6.99,A,120000.0,OWN,0
5000.0,33.39,687.0,WY,,2015-12-01,0.0,9.17,B,74967.0,MORTGAGE,0
4675.0,34.07,677.0,MI,1.0,2015-12-01,0.0,17.27,D,13000.0,MORTGAGE,0
6000.0,14.42,712.0,CA,4.0,2015-12-01,0.0,9.8,B,85140.0,MORTGAGE,0
12000.0,12.62,662.0,CA,10.0,2015-12-01,0.0,12.88,C,90000.0,MORTGAGE,0
13000.0,9.9,702.0,AZ,10.0,2015-12-01,0.0,13.99,C,115000.0,RENT,0
1800.0,20.38,662.0,NY,10.0,2015-12-01,0.0,11.48,B,50000.0,RENT,0
4475.0,8.36,672.0,TN,10.0,2015-12-01,0.0,16.59,D,114000.0,RENT,0
14400.0,16.32,697.0,NC,8.0,2015-12-01,0.0,6.49,A,70000.0,MORTGAGE,0
5875.0,9.53,672.0,CA,5.0,2015-12-01,0.0,7.91,A,70000.0,RENT,0
20000.0,25.1,662.0,TX,7.0,2015-12-01,0.0,17.97,D,180000.0,MORTGAGE,0
10000.0,23.26,717.0,RI,5.0,2015-12-01,0.0,6.99,A,115000.0,MORTGAGE,0
34100.0,29.14,737.0,GA,8.0,2015-12-01,0.0,12.88,C,92892.0,MORTGAGE,0
24000.0,12.37,682.0,MA,3.0,2015-12-01,0.0,11.48,B,56457.0,RENT,0
30000.0,8.62,682.0,WI,8.0,2015-12-01,0.0,18.49,D,300000.0,MORTGAGE,0
5200.0,8.0,662.0,TX,7.0,2015-12-01,0.0,10.78,B,160000.0,MORTGAGE,0
16800.0,5.76,677.0,CO,1.0,2015-12-01,0.0,11.99,C,50000.0,RENT,0
10000.0,10.95,667.0,NJ,7.0,2015-12-01,0.0,11.99,C,40000.0,RENT,0
22000.0,22.34,667.0,MI,10.0,2015-12-01,0.0,17.97,D,55000.0,MORTGAGE,0
28000.0,29.88,717.0,IL,10.0,2015-12-01,0.0,5.32,A,144000.0,MORTGAGE,0
7200.0,20.68,727.0,TN,10.0,2015-12-01,0.0,6.49,A,60000.0,MORTGAGE,0
18000.0,38.35,692.0,CA,9.0,2015-12-01,0.0,11.99,C,41000.0,RENT,0
8400.0,29.2,732.0,OK,1.0,2015-12-01,0.0,7.49,A,30000.0,OWN,0
5000.0,31.08,672.0,PA,2.0,2015-12-01,0.0,14.85,C,67000.0,RENT,0
5000.0,10.93,667.0,CA,10.0,2015-12-01,1.0,9.8,B,55000.0,RENT,0
2400.0,24.14,672.0,NC,5.0,2015-12-01,1.0,11.48,B,60000.0,MORTGAGE,0
15000.0,21.48,792.0,TX,9.0,2015-12-01,0.0,5.32,A,60000.0,OWN,0
6075.0,27.37,732.0,NJ,9.0,2015-12-01,0.0,9.17,B,64400.0,MORTGAGE,0
20000.0,22.58,672.0,IL,2.0,2015-12-01,0.0,10.78,B,55000.0,RENT,0
6025.0,21.32,667.0,MA,10.0,2015-12-01,0.0,14.85,C,110000.0,RENT,0
8400.0,12.96,692.0,GA,2.0,2015-12-01,0.0,9.17,B,70000.0,MORTGAGE,0
15000.0,21.17,712.0,CA,2.0,2015-12-01,0.0,12.88,C,90000.0,RENT,0
19200.0,21.22,722.0,HI,10.0,2015-12-01,0.0,8.49,B,72000.0,MORTGAGE,0
12000.0,3.61,697.0,CA,1.0,2015-12-01,0.0,15.77,D,143000.0,MORTGAGE,0
28800.0,6.68,702.0,VA,8.0,2015-12-01,0.0,12.88,C,60000.0,MORTGAGE,0
5000.0,19.22,732.0,CA,10.0,2015-12-01,0.0,5.32,A,60000.0,MORTGAGE,0
5000.0,30.24,687.0,VA,7.0,2015-12-01,0.0,12.88,C,60000.0,MORTGAGE,0
31500.0,10.55,757.0,CA,10.0,2015-12-01,0.0,11.99,C,120000.0,MORTGAGE,0
24000.0,13.05,662.0,CA,10.0,2015-12-01,0.0,18.49,D,165000.0,RENT,0
20000.0,23.89,672.0,TX,1.0,2015-12-01,1.0,12.88,C,110000.0,MORTGAGE,0
24000.0,20.82,737.0,MI,2.0,2015-12-01,0.0,10.78,B,110000.0,MORTGAGE,0
21850.0,12.74,662.0,NY,10.0,2015-12-01,0.0,17.27,D,65000.0,MORTGAGE,0
9500.0,8.67,682.0,AL,10.0,2015-12-01,0.0,6.49,A,126500.0,MORTGAGE,0
20000.0,16.7,677.0,MN,10.0,2015-12-01,0.0,8.49,B,98000.0,MORTGAGE,0
20000.0,26.54,682.0,NY,8.0,2015-12-01,0.0,13.44,C,59000.0,RENT,0
20000.0,26.92,687.0,TX,10.0,2015-12-01,1.0,16.59,D,135000.0,MORTGAGE,0
20000.0,16.93,737.0,MA,1.0,2015-12-01,0.0,12.88,C,65000.0,RENT,0
25200.0,20.46,712.0,VA,2.0,2015-12-01,0.0,13.44,C,78000.0,MORTGAGE,0
12000.0,20.12,792.0,VA,10.0,2015-12-01,0.0,6.99,A,50000.0,MORTGAGE,0
10000.0,14.73,672.0,AL,10.0,2015-12-01,0.0,12.88,C,65000.0,MORTGAGE,0
12000.0,18.91,807.0,SC,10.0,2015-12-01,0.0,9.8,B,36500.0,MORTGAGE,0
12000.0,6.4,752.0,GA,8.0,2015-12-01,0.0,7.91,A,75000.0,MORTGAGE,0
6425.0,2.87,672.0,NJ,1.0,2015-12-01,0.0,15.77,D,41000.0,RENT,0
12700.0,34.32,677.0,PA,3.0,2015-12-01,0.0,17.97,D,32760.0,RENT,0
35000.0,9.23,682.0,NY,10.0,2015-12-01,0.0,13.99,C,121000.0,OWN,0
16000.0,15.82,677.0,IL,5.0,2015-12-01,0.0,13.44,C,110000.0,MORTGAGE,0
15000.0,31.29,672.0,NV,2.0,2015-12-01,1.0,13.99,C,48000.0,OWN,0
20550.0,26.38,717.0,NV,10.0,2015-12-01,0.0,16.59,D,60000.0,RENT,0
25000.0,25.48,727.0,TX,10.0,2015-12-01,0.0,6.99,A,127000.0,MORTGAGE,0
14000.0,13.36,662.0,CA,10.0,2015-12-01,0.0,19.48,E,115000.0,RENT,0
16925.0,22.09,682.0,MN,10.0,2015-12-01,1.0,21.48,E,47000.0,RENT,0
4700.0,17.64,707.0,FL,3.0,2015-12-01,0.0,13.44,C,22000.0,RENT,0
5000.0,13.63,677.0,KY,,2015-12-01,0.0,8.49,B,25000.0,OWN,0
12000.0,17.66,672.0,GA,2.0,2015-12-01,0.0,14.85,C,92500.0,MORTGAGE,0
12000.0,12.61,662.0,MD,10.0,2015-12-01,0.0,9.8,B,55000.0,RENT,0
15000.0,4.66,702.0,WA,1.0,2015-12-01,0.0,6.99,A,117000.0,MORTGAGE,0
4900.0,25.6,687.0,FL,2.0,2015-12-01,0.0,13.44,C,123000.0,MORTGAGE,0
18000.0,16.82,692.0,MO,1.0,2015-12-01,0.0,7.49,A,70000.0,MORTGAGE,0
18000.0,19.76,662.0,CO,5.0,2015-12-01,1.0,14.85,C,48000.0,RENT,0
25000.0,21.33,662.0,AL,10.0,2015-12-01,1.0,17.27,D,120000.0,MORTGAGE,0
15000.0,13.92,667.0,MI,10.0,2015-12-01,0.0,12.88,C,50000.0,MORTGAGE,0
3600.0,18.93,662.0,IL,1.0,2015-12-01,0.0,11.48,B,97000.0,MORTGAGE,0
33000.0,20.68,737.0,VA,5.0,2015-12-01,0.0,8.49,B,92250.0,MORTGAGE,0
14950.0,31.36,687.0,WI,10.0,2015-12-01,0.0,18.99,E,68000.0,MORTGAGE,0
15000.0,35.77,732.0,NJ,10.0,2015-12-01,0.0,12.88,C,154000.0,MORTGAGE,0
7000.0,25.68,682.0,OH,2.0,2015-12-01,0.0,16.59,D,30100.0,MORTGAGE,0
15000.0,36.52,682.0,KS,10.0,2015-12-01,0.0,16.59,D,35300.0,RENT,0
35000.0,18.93,692.0,MO,4.0,2015-12-01,0.0,12.88,C,98000.0,RENT,0
8000.0,5.9,732.0,CA,,2015-12-01,0.0,8.49,B,58000.0,MORTGAGE,0
20000.0,22.84,712.0,NY,8.0,2015-12-01,1.0,11.99,C,40000.0,MORTGAGE,0
14375.0,37.32,697.0,TX,1.0,2015-12-01,0.0,19.89,E,80000.0,MORTGAGE,0
21000.0,10.51,707.0,MA,1.0,2015-12-01,0.0,9.17,B,85000.0,MORTGAGE,0
3700.0,20.81,702.0,VA,10.0,2015-12-01,0.0,12.88,C,65000.0,OWN,0
8400.0,26.77,662.0,NH,10.0,2015-12-01,1.0,9.17,B,85000.0,RENT,0
7200.0,23.57,752.0,TX,1.0,2015-12-01,0.0,11.48,B,22000.0,RENT,0
16800.0,17.27,707.0,PA,8.0,2015-12-01,0.0,8.49,B,85400.0,MORTGAGE,0
9000.0,0.63,797.0,HI,7.0,2015-12-01,0.0,5.32,A,150000.0,MORTGAGE,0
6000.0,31.87,662.0,FL,6.0,2015-12-01,0.0,13.99,C,43700.0,MORTGAGE,0
34000.0,13.32,707.0,NV,7.0,2015-12-01,0.0,10.78,B,76497.0,RENT,0
20000.0,6.52,682.0,PA,10.0,2015-12-01,0.0,11.99,C,67000.0,MORTGAGE,0
16000.0,11.78,667.0,NJ,10.0,2015-12-01,1.0,12.88,C,91000.0,MORTGAGE,0
11200.0,15.88,687.0,MA,10.0,2015-12-01,0.0,8.49,B,70000.0,MORTGAGE,0
21000.0,34.84,677.0,TX,10.0,2015-12-01,0.0,18.49,D,95000.0,MORTGAGE,0
16000.0,39.56,707.0,MI,10.0,2015-12-01,0.0,12.88,C,65000.0,MORTGAGE,0
6000.0,19.42,787.0,KY,10.0,2015-12-01,0.0,7.91,A,50000.0,MORTGAGE,0
9100.0,15.57,732.0,OH,4.0,2015-12-01,0.0,6.49,A,84000.0,RENT,0
10000.0,29.15,712.0,TN,10.0,2015-12-01,0.0,6.99,A,60000.0,MORTGAGE,0
28000.0,26.15,742.0,OH,3.0,2015-12-01,1.0,10.78,B,135000.0,MORTGAGE,0
30000.0,17.73,677.0,CO,1.0,2015-12-01,1.0,27.49,G,115000.0,MORTGAGE,0
8450.0,15.09,672.0,NC,10.0,2015-12-01,0.0,11.99,C,37380.0,RENT,0
8775.0,20.37,662.0,GA,10.0,2015-12-01,0.0,22.45,F,75000.0,RENT,0
6000.0,17.08,692.0,TX,5.0,2015-12-01,0.0,5.32,A,72000.0,MORTGAGE,0
10000.0,5.17,772.0,WY,10.0,2015-12-01,0.0,5.32,A,75000.0,MORTGAGE,0
10000.0,36.23,687.0,CA,4.0,2015-12-01,1.0,15.77,D,128000.0,RENT,0
7200.0,38.63,702.0,MD,3.0,2015-12-01,0.0,17.27,D,22000.0,RENT,0
20000.0,18.76,707.0,CA,5.0,2015-12-01,0.0,14.85,C,75000.0,OWN,0
20000.0,19.14,687.0,FL,2.0,2015-12-01,1.0,9.17,B,95750.0,RENT,0
5000.0,10.44,722.0,CA,8.0,2015-12-01,0.0,5.32,A,130000.0,MORTGAGE,0
15000.0,23.47,707.0,CO,1.0,2015-12-01,1.0,9.8,B,35179.0,MORTGAGE,0
23950.0,18.41,677.0,PA,3.0,2015-12-01,1.0,17.97,D,160000.0,RENT,0
15000.0,24.79,672.0,FL,10.0,2015-12-01,0.0,10.78,B,160000.0,MORTGAGE,0
2250.0,16.88,692.0,IN,1.0,2015-12-01,0.0,8.49,B,60000.0,MORTGAGE,0
14000.0,37.39,672.0,LA,1.0,2015-12-01,0.0,13.44,C,40000.0,MORTGAGE,0
14000.0,5.04,662.0,CA,2.0,2015-12-01,1.0,12.88,C,80000.0,RENT,0
18000.0,7.93,702.0,VA,3.0,2015-12-01,0.0,7.49,A,83000.0,MORTGAGE,0
12000.0,2.71,747.0,MD,3.0,2015-12-01,0.0,5.32,A,72500.0,MORTGAGE,0
5600.0,13.18,662.0,MD,10.0,2015-12-01,0.0,10.78,B,46000.0,OWN,0
35000.0,25.52,702.0,CA,1.0,2015-12-01,0.0,16.59,D,83000.0,RENT,0
8000.0,22.48,702.0,GA,3.0,2015-12-01,1.0,12.88,C,43500.0,RENT,0
2400.0,16.39,672.0,WA,3.0,2015-12-01,0.0,13.44,C,26000.0,RENT,0
35000.0,19.74,687.0,FL,1.0,2015-12-01,0.0,17.27,D,98000.0,MORTGAGE,0
35000.0,16.46,747.0,NC,10.0,2015-12-01,0.0,10.78,B,140000.0,MORTGAGE,0
7000.0,37.22,737.0,AZ,10.0,2015-12-01,0.0,12.88,C,55000.0,OWN,0
8000.0,33.78,677.0,OR,2.0,2015-12-01,0.0,11.99,C,23200.0,OWN,0
6125.0,17.36,692.0,NY,4.0,2015-12-01,0.0,17.27,D,70000.0,RENT,0
10400.0,18.51,672.0,MO,10.0,2015-12-01,1.0,13.44,C,150000.0,MORTGAGE,0
30000.0,17.1,727.0,AL,5.0,2015-12-01,0.0,7.91,A,134000.0,MORTGAGE,0
4000.0,8.18,667.0,IL,5.0,2015-12-01,0.0,14.85,C,30000.0,MORTGAGE,0
10000.0,19.92,687.0,FL,10.0,2015-12-01,0.0,10.78,B,125000.0,MORTGAGE,0
16000.0,24.41,717.0,KY,1.0,2015-12-01,0.0,7.91,A,50000.0,MORTGAGE,0
24000.0,29.07,692.0,NY,10.0,2015-12-01,1.0,17.27,D,67000.0,MORTGAGE,0
19225.0,18.21,712.0,OH,1.0,2015-12-01,1.0,26.99,G,56600.0,MORTGAGE,0
13000.0,5.51,707.0,OK,5.0,2015-12-01,1.0,12.88,C,130000.0,MORTGAGE,0
16800.0,28.96,737.0,OH,7.0,2015-12-01,0.0,9.17,B,52000.0,MORTGAGE,0
2000.0,8.51,762.0,MD,3.0,2015-12-01,0.0,6.49,A,35037.0,OWN,0
19200.0,19.24,692.0,SC,1.0,2015-12-01,0.0,5.32,A,50000.0,MORTGAGE,0
10000.0,9.99,662.0,CA,10.0,2015-12-01,0.0,13.44,C,140000.0,RENT,0
35000.0,18.89,712.0,NY,4.0,2015-12-01,0.0,7.91,A,165000.0,MORTGAGE,0
15000.0,36.4,677.0,AL,10.0,2015-12-01,0.0,12.88,C,60000.0,MORTGAGE,0
35000.0,16.85,667.0,NC,1.0,2015-12-01,0.0,15.77,D,84468.0,RENT,0
18000.0,27.17,672.0,OH,1.0,2015-12-01,0.0,8.49,B,55000.0,RENT,0
8000.0,25.15,687.0,CA,6.0,2015-12-01,1.0,9.8,B,40000.0,RENT,0
15000.0,30.08,807.0,AZ,10.0,2015-12-01,0.0,12.88,C,50000.0,OWN,0
17400.0,7.04,697.0,OR,10.0,2015-12-01,0.0,8.49,B,175000.0,MORTGAGE,0
35000.0,14.98,712.0,TN,10.0,2015-12-01,0.0,11.99,C,156000.0,MORTGAGE,0
12000.0,12.13,747.0,IL,3.0,2015-12-01,0.0,9.17,B,100000.0,RENT,0
24000.0,23.98,667.0,CA,10.0,2015-12-01,0.0,9.17,B,66000.0,RENT,0
8000.0,29.22,727.0,TX,5.0,2015-12-01,0.0,7.91,A,66500.0,OWN,0
16775.0,29.91,677.0,GA,1.0,2015-12-01,0.0,19.89,E,74000.0,MORTGAGE,0
8000.0,15.15,672.0,AZ,3.0,2015-12-01,0.0,8.49,B,48000.0,MORTGAGE,0
21000.0,29.75,732.0,CO,1.0,2015-12-01,0.0,10.78,B,100000.0,MORTGAGE,0
20000.0,5.73,672.0,FL,2.0,2015-12-01,0.0,13.44,C,150000.0,MORTGAGE,0
10000.0,21.59,692.0,OR,1.0,2015-12-01,0.0,12.88,C,113000.0,MORTGAGE,0
6000.0,18.45,687.0,NC,1.0,2015-12-01,0.0,7.91,A,81120.0,MORTGAGE,0
6000.0,23.96,667.0,NJ,,2015-12-01,0.0,18.49,D,54744.0,MORTGAGE,0
8400.0,13.92,712.0,NY,1.0,2015-12-01,0.0,11.48,B,80000.0,RENT,0
10000.0,23.23,667.0,HI,10.0,2015-12-01,0.0,12.88,C,33000.0,RENT,0
6000.0,2.8,662.0,CO,2.0,2015-12-01,0.0,9.17,B,72000.0,OWN,0
20000.0,12.51,677.0,NY,10.0,2015-12-01,0.0,8.49,B,70000.0,RENT,0
4600.0,14.79,672.0,FL,,2015-12-01,0.0,11.99,C,14688.0,RENT,0
20000.0,33.75,707.0,NC,10.0,2015-12-01,0.0,17.27,D,50000.0,MORTGAGE,0
15000.0,31.62,687.0,CA,2.0,2015-12-01,0.0,9.17,B,48112.0,RENT,0
12000.0,23.98,692.0,AZ,4.0,2015-12-01,0.0,12.88,C,40000.0,MORTGAGE,0
5000.0,16.7,707.0,NC,10.0,2015-12-01,0.0,10.78,B,75000.0,OWN,0
6000.0,18.34,692.0,MD,1.0,2015-12-01,0.0,10.78,B,57000.0,MORTGAGE,0
10050.0,18.6,712.0,OH,10.0,2015-12-01,0.0,17.27,D,34000.0,RENT,0
6000.0,20.37,682.0,NY,10.0,2015-12-01,0.0,5.32,A,43000.0,RENT,0
28000.0,37.26,702.0,CA,10.0,2015-12-01,1.0,20.5,E,84000.0,RENT,0
15000.0,16.95,802.0,TX,3.0,2015-12-01,0.0,5.32,A,81000.0,OWN,0
10500.0,27.58,717.0,TX,10.0,2015-12-01,0.0,8.49,B,168400.0,MORTGAGE,0
10000.0,11.19,722.0,MA,3.0,2015-12-01,0.0,13.44,C,34000.0,MORTGAGE,0
3600.0,22.42,722.0,MI,1.0,2015-12-01,0.0,7.49,A,62000.0,MORTGAGE,0
10000.0,26.9,682.0,VA,10.0,2015-12-01,0.0,11.48,B,72000.0,MORTGAGE,0
30000.0,13.54,692.0,NV,10.0,2015-12-01,0.0,8.49,B,115000.0,RENT,0
8000.0,10.12,722.0,NY,2.0,2015-12-01,0.0,11.99,C,35000.0,RENT,0
15000.0,10.17,662.0,CT,1.0,2015-12-01,1.0,16.59,D,55000.0,MORTGAGE,0
21600.0,17.42,687.0,CO,2.0,2015-12-01,0.0,8.49,B,60000.0,MORTGAGE,0
12000.0,16.86,672.0,TN,10.0,2015-12-01,0.0,9.17,B,105000.0,MORTGAGE,0
28000.0,21.05,702.0,IN,8.0,2015-12-01,0.0,7.91,A,102000.0,MORTGAGE,0
6400.0,15.6,687.0,FL,10.0,2015-12-01,0.0,11.48,B,33000.0,RENT,0
15000.0,12.2,682.0,NY,10.0,2015-12-01,0.0,9.17,B,48000.0,RENT,0
13000.0,26.32,712.0,TX,2.0,2015-12-01,0.0,7.91,A,70000.0,RENT,0
10000.0,15.56,672.0,CT,3.0,2015-12-01,0.0,13.44,C,80000.0,RENT,0
24800.0,14.76,767.0,CO,10.0,2015-12-01,0.0,7.91,A,95000.0,MORTGAGE,0
12000.0,25.98,707.0,AR,10.0,2015-12-01,1.0,10.78,B,56000.0,OWN,0
10800.0,12.25,697.0,NC,9.0,2015-12-01,1.0,8.49,B,96000.0,MORTGAGE,0
15000.0,17.56,667.0,CA,1.0,2015-12-01,0.0,11.99,C,65000.0,MORTGAGE,0
24000.0,15.82,727.0,NJ,3.0,2015-12-01,0.0,5.32,A,120000.0,MORTGAGE,0
2000.0,10.17,687.0,KY,10.0,2015-12-01,0.0,13.44,C,75600.0,OWN,0
22600.0,25.31,677.0,CA,3.0,2015-12-01,0.0,15.77,D,53867.0,MORTGAGE,0
13500.0,25.3,662.0,FL,10.0,2015-12-01,1.0,23.13,F,50000.0,RENT,0
6000.0,19.96,697.0,MN,10.0,2015-12-01,1.0,10.78,B,66000.0,MORTGAGE,0
20000.0,23.27,692.0,WV,10.0,2015-12-01,0.0,9.8,B,84000.0,MORTGAGE,0
5000.0,29.15,702.0,NH,10.0,2015-12-01,0.0,6.49,A,55000.0,OWN,0
20000.0,12.18,737.0,MA,10.0,2015-12-01,0.0,7.49,A,100000.0,MORTGAGE,0
12000.0,18.54,682.0,VA,10.0,2015-12-01,0.0,9.8,B,103000.0,MORTGAGE,0
32000.0,19.13,712.0,VT,10.0,2015-12-01,0.0,11.48,B,107000.0,MORTGAGE,0
15200.0,14.52,662.0,MO,10.0,2015-12-01,1.0,13.99,C,69998.0,OWN,0
12500.0,16.98,687.0,NC,1.0,2015-12-01,0.0,11.99,C,60000.0,MORTGAGE,0
21000.0,17.19,702.0,IN,4.0,2015-12-01,0.0,10.78,B,81000.0,MORTGAGE,0
16000.0,24.49,707.0,NE,3.0,2015-12-01,0.0,8.49,B,35000.0,RENT,0
24650.0,22.64,727.0,CA,10.0,2015-12-01,0.0,11.48,B,100000.0,MORTGAGE,0
11000.0,28.73,687.0,OH,3.0,2015-12-01,0.0,7.91,A,77000.0,MORTGAGE,0
22400.0,18.69,697.0,RI,10.0,2015-12-01,0.0,14.85,C,70000.0,RENT,0
15125.0,25.38,682.0,FL,10.0,2015-12-01,1.0,18.49,D,61000.0,MORTGAGE,0
8725.0,29.56,732.0,MO,10.0,2015-12-01,1.0,11.99,C,60000.0,MORTGAGE,0
8000.0,23.76,732.0,TX,10.0,2015-12-01,0.0,7.91,A,63800.0,MORTGAGE,0
8000.0,11.86,667.0,CA,2.0,2015-12-01,0.0,9.17,B,52000.0,RENT,0
11000.0,19.18,687.0,MA,2.0,2015-12-01,0.0,14.85,C,42240.0,RENT,0
11725.0,13.32,682.0,CA,5.0,2015-12-01,0.0,18.99,E,82000.0,MORTGAGE,0
28500.0,29.37,692.0,WA,1.0,2015-12-01,0.0,18.99,E,70000.0,MORTGAGE,0
25000.0,21.3,747.0,TX,5.0,2015-12-01,0.0,6.49,A,120000.0,OWN,0
7000.0,16.1,662.0,CA,5.0,2015-12-01,0.0,9.17,B,70000.0,RENT,0
12000.0,12.07,667.0,IL,1.0,2015-12-01,0.0,9.8,B,100000.0,MORTGAGE,0
20000.0,20.04,787.0,KY,10.0,2015-12-01,0.0,8.49,B,40000.0,OWN,0
5875.0,25.65,672.0,IL,10.0,2015-12-01,0.0,15.77,D,56000.0,RENT,0
18000.0,15.54,672.0,CA,10.0,2015-12-01,0.0,18.49,D,145000.0,RENT,0
28000.0,23.69,712.0,WA,1.0,2015-12-01,0.0,7.91,A,160000.0,MORTGAGE,0
35000.0,5.71,712.0,CA,10.0,2015-12-01,0.0,9.8,B,205000.0,RENT,0
31800.0,24.15,812.0,AR,1.0,2015-12-01,0.0,16.59,D,65000.0,MORTGAGE,0
25000.0,22.57,682.0,VA,10.0,2015-12-01,0.0,17.97,D,105000.0,MORTGAGE,0
16000.0,20.73,717.0,NY,6.0,2015-12-01,0.0,17.27,D,54000.0,RENT,0
25000.0,26.88,722.0,OH,10.0,2015-12-01,0.0,10.78,B,82000.0,OWN,0
35000.0,14.95,672.0,CA,5.0,2015-12-01,0.0,16.59,D,139000.0,MORTGAGE,0
18000.0,11.52,682.0,FL,1.0,2015-12-01,1.0,7.91,A,60000.0,OWN,0
10000.0,15.05,702.0,PA,1.0,2015-12-01,0.0,7.49,A,55500.0,MORTGAGE,0
8000.0,20.54,662.0,HI,2.0,2015-12-01,0.0,14.85,C,53040.0,RENT,0
12000.0,18.46,682.0,KY,10.0,2015-12-01,0.0,13.44,C,75000.0,MORTGAGE,0
15000.0,8.75,782.0,NJ,,2015-12-01,0.0,5.32,A,75000.0,MORTGAGE,0
20000.0,22.47,712.0,NC,4.0,2015-12-01,0.0,11.99,C,155000.0,MORTGAGE,0
14000.0,14.39,702.0,TN,10.0,2015-12-01,0.0,19.89,E,80000.0,MORTGAGE,0
20500.0,18.56,687.0,CA,,2015-12-01,0.0,8.49,B,77700.0,RENT,0
4700.0,14.21,662.0,VA,4.0,2015-12-01,0.0,13.99,C,88000.0,MORTGAGE,0
28000.0,14.47,692.0,CA,4.0,2015-12-01,0.0,9.17,B,76008.0,MORTGAGE,0
12000.0,24.86,717.0,TN,10.0,2015-12-01,0.0,7.91,A,71000.0,MORTGAGE,0
7200.0,11.07,672.0,FL,1.0,2015-12-01,0.0,7.91,A,42500.0,RENT,0
11000.0,37.56,802.0,DE,,2015-12-01,0.0,7.49,A,33000.0,OWN,0
11000.0,5.7,662.0,CA,5.0,2015-12-01,1.0,13.99,C,52000.0,MORTGAGE,0
3500.0,22.29,727.0,WI,1.0,2015-12-01,0.0,9.8,B,45000.0,MORTGAGE,0
23850.0,13.58,662.0,CA,3.0,2015-12-01,0.0,13.44,C,111000.0,OWN,0
3600.0,14.33,687.0,VT,3.0,2015-12-01,0.0,15.77,D,70000.0,RENT,0
15000.0,19.39,672.0,TX,2.0,2015-12-01,0.0,7.91,A,54000.0,RENT,0
16500.0,2.56,727.0,OR,10.0,2015-12-01,0.0,11.99,C,76000.0,MORTGAGE,0
8275.0,38.05,717.0,NJ,,2015-12-01,0.0,10.78,B,55000.0,MORTGAGE,0
35000.0,15.77,692.0,CO,1.0,2015-12-01,0.0,17.27,D,80000.0,MORTGAGE,0
20000.0,20.04,737.0,MA,1.0,2015-12-01,0.0,5.32,A,106000.0,MORTGAGE,0
22800.0,21.96,737.0,NY,6.0,2015-12-01,0.0,5.32,A,76000.0,MORTGAGE,0
10000.0,33.54,707.0,MS,4.0,2015-12-01,0.0,8.49,B,35000.0,OWN,0
19000.0,18.42,667.0,NJ,10.0,2015-12-01,0.0,10.78,B,155000.0,MORTGAGE,0
18000.0,3.48,752.0,OR,5.0,2015-12-01,0.0,8.49,B,92000.0,MORTGAGE,0
6000.0,10.8,662.0,OR,2.0,2015-12-01,1.0,16.59,D,40000.0,RENT,0
35000.0,27.22,702.0,PA,10.0,2015-12-01,0.0,16.59,D,105000.0,MORTGAGE,0
6000.0,12.55,667.0,TX,10.0,2015-12-01,0.0,13.99,C,210000.0,MORTGAGE,0
16000.0,33.12,707.0,NJ,1.0,2015-12-01,1.0,13.99,C,52000.0,RENT,0
5000.0,14.28,667.0,PA,,2015-12-01,0.0,16.59,D,19000.0,RENT,0
3000.0,32.18,682.0,NY,1.0,2015-12-01,1.0,18.49,D,54000.0,RENT,0
20000.0,33.29,687.0,NY,10.0,2015-12-01,1.0,14.85,C,120000.0,OWN,0
24000.0,35.7,682.0,TX,6.0,2015-12-01,0.0,23.13,F,43435.0,MORTGAGE,0
20000.0,27.2,707.0,TX,10.0,2015-12-01,0.0,7.49,A,106000.0,MORTGAGE,0
8000.0,22.05,687.0,OH,1.0,2015-12-01,0.0,9.17,B,65000.0,RENT,0
5000.0,38.61,682.0,TX,1.0,2015-12-01,0.0,12.88,C,47000.0,RENT,0
20000.0,15.9,707.0,NY,10.0,2015-12-01,0.0,5.32,A,135000.0,MORTGAGE,0
5000.0,24.66,672.0,CA,6.0,2015-12-01,0.0,13.44,C,110000.0,RENT,0
30425.0,16.67,682.0,WI,9.0,2015-12-01,0.0,19.89,E,69201.0,MORTGAGE,0
12000.0,16.27,682.0,CA,5.0,2015-12-01,0.0,10.78,B,29500.0,RENT,0
19675.0,8.09,662.0,MD,1.0,2015-12-01,0.0,21.48,E,86000.0,MORTGAGE,0
24000.0,2.96,702.0,IL,3.0,2015-12-01,1.0,9.8,B,125000.0,OWN,0
12000.0,24.06,682.0,PA,2.0,2015-12-01,0.0,10.78,B,85000.0,MORTGAGE,0
12000.0,29.87,782.0,CA,4.0,2015-12-01,0.0,5.32,A,45000.0,OWN,0
28000.0,11.95,717.0,CO,2.0,2015-12-01,0.0,7.91,A,112000.0,MORTGAGE,0
14000.0,26.66,692.0,NY,7.0,2015-12-01,0.0,10.78,B,105000.0,RENT,0
9975.0,21.14,687.0,CA,9.0,2015-12-01,0.0,23.13,F,31200.0,OWN,0
10000.0,16.42,692.0,OR,8.0,2015-12-01,0.0,5.32,A,72000.0,RENT,0
3600.0,29.79,662.0,NC,5.0,2015-12-01,0.0,13.99,C,34000.0,MORTGAGE,0
27850.0,26.18,677.0,MI,10.0,2015-12-01,0.0,24.24,F,55702.0,MORTGAGE,0
14000.0,25.43,692.0,LA,4.0,2015-12-01,0.0,9.8,B,175000.0,MORTGAGE,0
12475.0,28.49,742.0,CA,2.0,2015-12-01,0.0,5.32,A,26000.0,OWN,0
24000.0,22.7,677.0,MO,1.0,2015-12-01,0.0,13.44,C,96000.0,MORTGAGE,0
22400.0,20.45,677.0,TX,3.0,2015-12-01,0.0,14.85,C,96000.0,RENT,0
26000.0,26.03,737.0,AL,6.0,2015-12-01,0.0,6.49,A,124400.0,MORTGAGE,0
25000.0,6.39,777.0,AL,,2015-12-01,0.0,13.44,C,50000.0,OWN,0
14000.0,11.99,677.0,IL,10.0,2015-12-01,0.0,9.8,B,130000.0,MORTGAGE,0
10000.0,13.16,722.0,NY,8.0,2015-12-01,0.0,6.49,A,52600.0,OWN,0
18300.0,21.49,677.0,NY,10.0,2015-12-01,0.0,16.59,D,118000.0,MORTGAGE,0
11550.0,18.41,687.0,WA,,2015-12-01,0.0,18.99,E,28948.92,MORTGAGE,0
14000.0,19.34,742.0,VA,6.0,2015-12-01,0.0,6.99,A,100200.0,MORTGAGE,0
9000.0,9.28,717.0,NJ,10.0,2015-12-01,0.0,7.91,A,90000.0,MORTGAGE,0
8000.0,25.36,662.0,KS,3.0,2015-12-01,0.0,10.78,B,38000.0,RENT,0
11000.0,28.36,712.0,IL,2.0,2015-12-01,0.0,7.91,A,60000.0,MORTGAGE,0
11200.0,14.79,827.0,NC,2.0,2015-12-01,0.0,5.32,A,82500.0,MORTGAGE,0
21000.0,21.56,677.0,MS,2.0,2015-12-01,1.0,13.44,C,75000.0,MORTGAGE,0
35000.0,19.75,712.0,NY,10.0,2015-12-01,0.0,11.99,C,130000.0,RENT,0
20000.0,23.85,697.0,NY,3.0,2015-12-01,0.0,13.44,C,64000.0,MORTGAGE,0
24000.0,17.15,692.0,CA,10.0,2015-12-01,0.0,6.49,A,105000.0,MORTGAGE,0
19800.0,23.47,697.0,FL,3.0,2015-12-01,0.0,11.99,C,45000.0,RENT,0
30000.0,24.39,702.0,TX,9.0,2015-12-01,1.0,12.88,C,84000.0,RENT,0
28000.0,21.6,682.0,GA,3.0,2015-12-01,0.0,5.32,A,205200.0,MORTGAGE,0
13475.0,30.41,677.0,MI,6.0,2015-12-01,0.0,16.59,D,62000.0,MORTGAGE,0
27300.0,17.02,677.0,NM,4.0,2015-12-01,0.0,17.97,D,65000.0,MORTGAGE,0
10000.0,29.06,707.0,FL,9.0,2015-12-01,0.0,13.99,C,62000.0,RENT,0
24000.0,19.76,662.0,IL,10.0,2015-12-01,1.0,12.88,C,73000.0,RENT,0
1450.0,18.59,677.0,VA,2.0,2015-12-01,0.0,9.17,B,35000.0,MORTGAGE,0
4000.0,5.79,687.0,NY,2.0,2015-12-01,0.0,9.8,B,47500.0,MORTGAGE,0
1000.0,20.64,662.0,NM,10.0,2015-12-01,0.0,11.48,B,86000.0,RENT,0
24950.0,15.95,792.0,FL,5.0,2015-12-01,0.0,10.78,B,65000.0,MORTGAGE,0
25000.0,9.14,752.0,FL,10.0,2015-12-01,0.0,5.32,A,300000.0,MORTGAGE,0
6000.0,16.17,682.0,WA,10.0,2015-12-01,0.0,7.91,A,250000.0,MORTGAGE,0
21000.0,22.5,702.0,GA,1.0,2015-12-01,1.0,9.17,B,110000.0,MORTGAGE,0
2950.0,16.58,667.0,MI,,2015-12-01,0.0,11.99,C,22000.0,MORTGAGE,0
33100.0,23.77,687.0,AL,10.0,2015-12-01,1.0,24.24,F,72000.0,MORTGAGE,0
6000.0,23.03,662.0,CO,10.0,2015-12-01,0.0,17.27,D,120000.0,MORTGAGE,0
14400.0,6.47,677.0,FL,5.0,2015-12-01,0.0,19.89,E,96200.0,RENT,0
10500.0,23.62,692.0,SC,1.0,2015-12-01,1.0,17.97,D,28832.0,RENT,0
12000.0,20.82,752.0,PA,5.0,2015-12-01,0.0,11.99,C,35000.0,OWN,0
20000.0,16.8,687.0,IL,10.0,2015-12-01,0.0,6.99,A,120000.0,MORTGAGE,0
10000.0,14.89,707.0,NM,1.0,2015-12-01,0.0,19.48,E,150000.0,MORTGAGE,0
35000.0,22.32,697.0,MD,1.0,2015-12-01,0.0,19.48,E,110000.0,MORTGAGE,0
9525.0,30.96,692.0,CA,6.0,2015-12-01,1.0,13.99,C,55000.0,MORTGAGE,0
20000.0,14.68,767.0,CA,2.0,2015-12-01,0.0,5.32,A,187000.0,MORTGAGE,0
14450.0,2.86,727.0,SC,7.0,2015-12-01,0.0,11.48,B,116300.0,MORTGAGE,0
21600.0,20.73,742.0,TX,3.0,2015-12-01,0.0,6.99,A,120000.0,MORTGAGE,0
12600.0,5.56,682.0,NY,1.0,2015-12-01,0.0,6.99,A,73000.0,RENT,0
35000.0,18.32,707.0,MI,10.0,2015-12-01,0.0,15.77,D,120000.0,MORTGAGE,0
14800.0,20.55,722.0,WA,7.0,2015-12-01,1.0,15.77,D,48000.0,RENT,0
20000.0,15.29,677.0,NJ,1.0,2015-12-01,1.0,13.44,C,53000.0,RENT,0
9600.0,13.83,667.0,CA,10.0,2015-12-01,0.0,11.48,B,110000.0,RENT,0
11900.0,32.83,677.0,PA,3.0,2015-12-01,0.0,17.97,D,34000.0,MORTGAGE,0
20800.0,29.6,677.0,VA,1.0,2015-12-01,0.0,18.99,E,60000.0,RENT,0
30000.0,22.99,672.0,FL,10.0,2015-12-01,1.0,10.78,B,70000.0,MORTGAGE,0
12000.0,30.04,687.0,FL,3.0,2015-12-01,0.0,9.8,B,31200.0,OWN,0
5000.0,8.28,672.0,NC,2.0,2015-12-01,0.0,11.48,B,85000.0,MORTGAGE,0
15000.0,30.95,702.0,NJ,2.0,2015-12-01,1.0,17.97,D,45500.0,RENT,0
18900.0,30.45,662.0,VA,5.0,2015-12-01,0.0,12.88,C,45000.0,RENT,0
5000.0,36.53,702.0,VA,10.0,2015-12-01,0.0,7.91,A,67000.0,MORTGAGE,0
19850.0,17.2,692.0,NY,7.0,2015-12-01,0.0,10.78,B,85005.0,RENT,0
8000.0,19.74,682.0,VA,2.0,2015-12-01,0.0,13.99,C,80000.0,MORTGAGE,0
20000.0,20.0,682.0,MI,4.0,2015-12-01,0.0,16.59,D,100000.0,MORTGAGE,0
20000.0,23.24,737.0,NE,10.0,2015-12-01,1.0,13.99,C,60000.0,OWN,0
18000.0,13.49,667.0,NJ,7.0,2015-12-01,0.0,19.89,E,50000.0,RENT,0
28000.0,17.73,717.0,CA,8.0,2015-12-01,0.0,22.45,F,93000.0,RENT,0
12000.0,20.31,662.0,CA,3.0,2015-12-01,0.0,13.99,C,50000.0,RENT,0
15000.0,4.96,697.0,TX,4.0,2015-12-01,0.0,9.8,B,52500.0,RENT,0
30000.0,9.82,722.0,CA,3.0,2015-12-01,0.0,7.49,A,130000.0,MORTGAGE,0
17000.0,9.21,757.0,PA,5.0,2015-12-01,0.0,5.32,A,98000.0,MORTGAGE,0
12000.0,23.0,697.0,CA,10.0,2015-12-01,0.0,11.99,C,67894.0,MORTGAGE,0
15750.0,21.96,677.0,KS,8.0,2015-12-01,0.0,16.59,D,50000.0,RENT,0
5000.0,30.98,677.0,TX,10.0,2015-12-01,0.0,10.78,B,55000.0,OWN,0
24000.0,17.71,692.0,IN,10.0,2015-12-01,0.0,13.99,C,115000.0,MORTGAGE,0
15000.0,16.93,662.0,VA,10.0,2015-12-01,0.0,9.17,B,45000.0,RENT,0
30000.0,12.08,702.0,NY,10.0,2015-12-01,0.0,13.44,C,70000.0,MORTGAGE,0
4200.0,24.85,727.0,AZ,10.0,2015-12-01,0.0,7.49,A,90000.0,MORTGAGE,0
24000.0,14.98,747.0,CT,3.0,2015-12-01,0.0,8.49,B,93000.0,MORTGAGE,0
6025.0,6.82,697.0,MA,7.0,2015-12-01,0.0,11.99,C,25000.0,RENT,0
12250.0,12.61,707.0,VA,1.0,2015-12-01,0.0,9.17,B,110000.0,MORTGAGE,0
14850.0,13.57,672.0,TX,10.0,2015-12-01,1.0,18.49,D,45000.0,MORTGAGE,0
10000.0,16.45,812.0,IL,10.0,2015-12-01,0.0,6.49,A,106000.0,MORTGAGE,0
20000.0,13.92,677.0,NY,5.0,2015-12-01,0.0,19.89,E,170000.0,MORTGAGE,0
10000.0,36.81,662.0,GA,2.0,2015-12-01,1.0,11.48,B,105000.0,MORTGAGE,0
35000.0,4.3,662.0,NV,1.0,2015-12-01,0.0,12.88,C,240000.0,MORTGAGE,0
15000.0,34.58,662.0,PA,1.0,2015-12-01,1.0,12.88,C,89000.0,RENT,0
5000.0,19.27,707.0,NJ,8.0,2015-12-01,0.0,11.99,C,60000.0,RENT,0
11000.0,21.88,672.0,CA,3.0,2015-12-01,0.0,13.99,C,65000.0,RENT,0
5500.0,25.55,677.0,CA,2.0,2015-12-01,0.0,15.77,D,101000.0,MORTGAGE,0
2500.0,12.48,667.0,CO,1.0,2015-12-01,0.0,11.99,C,50400.0,MORTGAGE,0
21150.0,26.17,687.0,NH,5.0,2015-12-01,0.0,15.77,D,52000.0,MORTGAGE,0
20000.0,25.7,687.0,MO,1.0,2015-12-01,0.0,11.48,B,185000.0,RENT,0
5875.0,10.48,682.0,CA,3.0,2015-12-01,0.0,11.48,B,25200.0,RENT,0
24000.0,15.15,767.0,IL,10.0,2015-12-01,0.0,7.49,A,107000.0,RENT,0
12000.0,27.42,702.0,MO,1.0,2015-12-01,1.0,9.8,B,46000.0,RENT,0
19200.0,23.81,667.0,PA,10.0,2015-12-01,1.0,18.99,E,113000.0,OWN,0
8000.0,19.85,682.0,MD,,2015-12-01,0.0,13.99,C,50000.0,MORTGAGE,0
35000.0,21.98,687.0,TX,1.0,2015-12-01,0.0,19.89,E,76000.0,RENT,0
28000.0,28.35,672.0,IL,8.0,2015-12-01,0.0,15.77,D,105000.0,MORTGAGE,0
13500.0,14.45,662.0,CA,10.0,2015-12-01,1.0,10.78,B,77000.0,RENT,0
27825.0,22.62,692.0,SC,10.0,2015-12-01,0.0,14.85,C,73000.0,MORTGAGE,0
11000.0,27.87,672.0,MD,10.0,2015-12-01,0.0,8.49,B,125000.0,MORTGAGE,0
15000.0,30.65,687.0,KY,3.0,2015-12-01,0.0,10.78,B,46000.0,MORTGAGE,0
20000.0,21.31,712.0,NY,3.0,2015-12-01,0.0,9.8,B,95000.0,RENT,0
28000.0,24.02,697.0,CT,10.0,2015-12-01,1.0,14.85,C,110000.0,MORTGAGE,0
35000.0,22.42,702.0,NJ,10.0,2015-12-01,0.0,9.8,B,173000.0,OWN,0
24000.0,12.07,662.0,MD,1.0,2015-12-01,0.0,15.77,D,72219.0,OWN,0
10000.0,26.65,707.0,CA,,2015-12-01,0.0,22.45,F,28600.0,OWN,0
35000.0,5.67,767.0,VA,2.0,2015-12-01,0.0,11.48,B,80000.0,MORTGAGE,0
25000.0,21.53,662.0,MD,1.0,2015-12-01,0.0,19.89,E,80000.0,MORTGAGE,0
10000.0,22.74,762.0,PA,10.0,2015-12-01,0.0,11.48,B,55000.0,MORTGAGE,0
9000.0,6.31,672.0,NY,2.0,2015-12-01,0.0,9.17,B,105000.0,MORTGAGE,0
25000.0,5.58,682.0,VA,10.0,2015-12-01,0.0,18.49,D,100000.0,MORTGAGE,0
8400.0,13.27,692.0,DE,3.0,2015-12-01,1.0,16.59,D,51000.0,RENT,0
20000.0,16.49,672.0,FL,10.0,2015-12-01,0.0,12.88,C,65000.0,RENT,0
22500.0,14.34,812.0,MD,10.0,2015-12-01,0.0,7.91,A,93000.0,MORTGAGE,0
20000.0,10.58,667.0,PA,10.0,2015-12-01,0.0,11.99,C,43000.0,MORTGAGE,0
20000.0,18.48,667.0,NY,8.0,2015-12-01,0.0,18.49,D,137000.0,RENT,0
21000.0,28.69,687.0,MI,5.0,2015-12-01,0.0,11.99,C,63000.0,MORTGAGE,0
18700.0,30.81,737.0,TX,1.0,2015-12-01,0.0,13.99,C,55000.0,MORTGAGE,0
35000.0,33.8,727.0,CA,2.0,2015-12-01,0.0,11.99,C,175000.0,MORTGAGE,0
21000.0,24.0,712.0,MA,10.0,2015-12-01,0.0,6.99,A,85000.0,MORTGAGE,0
30000.0,14.19,677.0,VA,5.0,2015-12-01,0.0,13.44,C,106000.0,MORTGAGE,0
14000.0,23.73,687.0,FL,,2015-12-01,0.0,16.59,D,124596.0,MORTGAGE,0
30000.0,24.68,727.0,NJ,1.0,2015-12-01,0.0,13.44,C,60000.0,MORTGAGE,0
24000.0,0.7,722.0,CT,2.0,2015-12-01,0.0,5.32,A,450000.0,RENT,0
35000.0,19.26,757.0,NY,10.0,2015-12-01,0.0,10.78,B,89000.0,RENT,0
35000.0,20.52,687.0,AR,5.0,2015-12-01,0.0,18.99,E,104500.0,MORTGAGE,0
3225.0,24.01,662.0,IL,5.0,2015-12-01,1.0,20.5,E,35000.0,MORTGAGE,0
28000.0,14.63,707.0,TX,3.0,2015-12-01,0.0,6.49,A,108000.0,MORTGAGE,0
7200.0,24.6,737.0,TX,10.0,2015-12-01,0.0,9.17,B,60000.0,MORTGAGE,0
12000.0,18.28,697.0,IL,5.0,2015-12-01,0.0,9.8,B,43000.0,RENT,0
21000.0,26.05,682.0,MI,1.0,2015-12-01,0.0,17.97,D,134000.0,RENT,0
35000.0,21.53,702.0,GA,10.0,2015-12-01,0.0,19.48,E,123000.0,MORTGAGE,0
12000.0,14.06,747.0,TX,1.0,2015-12-01,0.0,5.32,A,118000.0,MORTGAGE,0
18000.0,6.06,722.0,IN,1.0,2015-12-01,0.0,10.78,B,38000.0,OWN,0
5000.0,11.78,697.0,PA,7.0,2015-12-01,0.0,7.91,A,38000.0,OWN,0
25000.0,11.11,672.0,CO,6.0,2015-12-01,0.0,13.99,C,85000.0,RENT,0
8750.0,46.71,682.0,IL,1.0,2015-12-01,1.0,18.99,E,29524.32,RENT,0
6600.0,7.04,662.0,OH,4.0,2015-12-01,0.0,19.48,E,240000.0,MORTGAGE,0
10000.0,28.37,717.0,NC,2.0,2015-12-01,0.0,9.17,B,110000.0,OWN,0
12500.0,27.11,687.0,FL,10.0,2015-12-01,0.0,10.78,B,34000.0,MORTGAGE,0
26250.0,26.9,702.0,NY,10.0,2015-12-01,0.0,13.99,C,65000.0,MORTGAGE,0
24000.0,8.29,677.0,CA,10.0,2015-12-01,0.0,12.88,C,186000.0,MORTGAGE,0
11000.0,19.04,682.0,MO,7.0,2015-12-01,0.0,11.99,C,101000.0,MORTGAGE,0
15000.0,14.89,682.0,GA,9.0,2015-12-01,0.0,11.48,B,90000.0,RENT,0
13750.0,36.36,682.0,NC,10.0,2015-12-01,0.0,16.59,D,27500.0,MORTGAGE,0
10500.0,7.39,692.0,FL,10.0,2015-12-01,0.0,9.8,B,45000.0,OWN,0
35000.0,16.82,677.0,IL,1.0,2015-12-01,0.0,24.24,F,117000.0,MORTGAGE,0
7000.0,6.68,672.0,CA,10.0,2015-12-01,0.0,12.88,C,65000.0,RENT,0
5600.0,30.79,662.0,NC,10.0,2015-12-01,0.0,9.8,B,91500.0,MORTGAGE,0
21000.0,13.09,667.0,NY,8.0,2015-12-01,0.0,9.17,B,150000.0,MORTGAGE,0
15000.0,13.56,747.0,SD,4.0,2015-12-01,0.0,5.32,A,85000.0,MORTGAGE,0
14725.0,20.92,692.0,MO,5.0,2015-12-01,0.0,14.85,C,33500.0,OWN,0
6400.0,14.4,697.0,NY,6.0,2015-12-01,0.0,9.17,B,53000.0,RENT,0
8400.0,20.42,672.0,GA,10.0,2015-12-01,0.0,9.8,B,72701.0,RENT,0
20000.0,11.66,687.0,MD,6.0,2015-12-01,0.0,15.77,D,150000.0,MORTGAGE,0
15000.0,31.44,682.0,CA,,2015-12-01,0.0,14.85,C,37534.44,MORTGAGE,0
28000.0,9.07,682.0,CA,9.0,2015-12-01,0.0,11.99,C,97666.07,MORTGAGE,0
25000.0,15.16,702.0,PA,8.0,2015-12-01,0.0,9.17,B,70000.0,MORTGAGE,0
13600.0,2.87,692.0,MD,10.0,2015-12-01,0.0,11.48,B,61983.0,MORTGAGE,0
18000.0,17.49,677.0,MD,3.0,2015-12-01,0.0,13.99,C,63000.0,OWN,0
35000.0,14.65,697.0,MD,10.0,2015-12-01,0.0,18.49,D,160000.0,OWN,0
20000.0,31.24,682.0,TX,10.0,2015-12-01,0.0,8.49,B,58000.0,OWN,0
20000.0,9.24,707.0,NY,10.0,2015-12-01,0.0,5.32,A,139000.0,RENT,0
11075.0,28.77,662.0,NM,10.0,2015-12-01,0.0,26.06,F,55000.0,OWN,0
11200.0,11.96,722.0,AZ,10.0,2015-12-01,0.0,9.17,B,53000.0,MORTGAGE,0
25000.0,27.24,727.0,GA,2.0,2015-12-01,0.0,6.49,A,62000.0,MORTGAGE,0
2500.0,21.19,757.0,TX,6.0,2015-12-01,0.0,7.91,A,29000.0,RENT,0
15000.0,6.63,762.0,NJ,7.0,2015-12-01,0.0,11.48,B,65000.0,OWN,0
16000.0,19.44,687.0,TX,1.0,2015-12-01,0.0,8.49,B,75000.0,RENT,0
5600.0,28.73,742.0,VA,10.0,2015-12-01,1.0,13.44,C,50000.0,RENT,0
10000.0,13.3,777.0,NJ,10.0,2015-12-01,0.0,7.49,A,70000.0,RENT,0
3200.0,18.05,672.0,FL,,2015-12-01,1.0,9.8,B,24000.0,MORTGAGE,0
28000.0,8.56,702.0,IL,4.0,2015-12-01,0.0,5.32,A,135000.0,MORTGAGE,0
15000.0,26.24,707.0,AL,10.0,2015-12-01,0.0,10.78,B,75000.0,MORTGAGE,0
21600.0,15.84,717.0,GA,1.0,2015-12-01,0.0,6.99,A,120000.0,MORTGAGE,0
15000.0,22.02,772.0,MO,10.0,2015-12-01,0.0,8.49,B,54000.0,MORTGAGE,0
10000.0,3.86,712.0,CT,9.0,2015-12-01,0.0,5.32,A,75000.0,MORTGAGE,0
24000.0,17.54,672.0,OK,10.0,2015-12-01,0.0,19.48,E,116500.0,MORTGAGE,0
5000.0,16.01,672.0,OH,10.0,2015-12-01,1.0,9.8,B,92000.0,OWN,0
18200.0,12.06,717.0,CA,3.0,2015-12-01,0.0,8.49,B,150000.0,RENT,0
12000.0,14.75,717.0,TN,3.0,2015-12-01,0.0,6.49,A,73000.0,MORTGAGE,0
15175.0,7.57,747.0,IL,2.0,2015-12-01,1.0,17.27,D,58000.0,MORTGAGE,0
21000.0,14.69,707.0,FL,1.0,2015-12-01,0.0,9.17,B,80000.0,RENT,0
7000.0,12.87,742.0,OH,,2015-12-01,0.0,5.32,A,16968.0,RENT,0
12000.0,6.92,717.0,OR,3.0,2015-12-01,0.0,7.49,A,108000.0,MORTGAGE,0
3200.0,25.91,667.0,TN,10.0,2015-12-01,0.0,10.78,B,49000.0,MORTGAGE,0
7200.0,39.21,672.0,NC,10.0,2015-12-01,1.0,14.85,C,52000.0,RENT,0
13200.0,32.56,677.0,MN,10.0,2015-12-01,0.0,12.88,C,45000.0,MORTGAGE,0
20000.0,17.38,732.0,WA,,2015-12-01,1.0,12.88,C,65000.0,OWN,0
18000.0,6.42,702.0,TX,2.0,2015-12-01,1.0,8.49,B,120000.0,MORTGAGE,0
18000.0,14.69,707.0,WA,6.0,2015-12-01,0.0,16.59,D,50000.0,MORTGAGE,0
7500.0,9.74,667.0,CO,3.0,2015-12-01,0.0,15.77,D,75000.0,RENT,0
15000.0,23.7,707.0,MD,10.0,2015-12-01,0.0,12.88,C,118000.0,MORTGAGE,0
2400.0,11.67,737.0,NJ,10.0,2015-12-01,0.0,7.49,A,50000.0,RENT,0
2000.0,15.61,662.0,MD,10.0,2015-12-01,0.0,13.44,C,119945.0,MORTGAGE,0
10000.0,16.18,677.0,FL,10.0,2015-12-01,0.0,12.88,C,100000.0,RENT,0
30000.0,22.36,677.0,TX,1.0,2015-12-01,1.0,18.49,D,103000.0,MORTGAGE,0
25000.0,16.87,707.0,GA,10.0,2015-12-01,0.0,7.91,A,105000.0,MORTGAGE,0
3500.0,16.39,682.0,TX,2.0,2015-12-01,0.0,14.85,C,50000.0,RENT,0
11925.0,28.44,772.0,LA,10.0,2015-12-01,0.0,8.49,B,50000.0,MORTGAGE,0
3000.0,13.38,687.0,NY,10.0,2015-12-01,0.0,6.49,A,75000.0,MORTGAGE,0
24000.0,24.69,712.0,IL,10.0,2015-12-01,0.0,14.85,C,99000.0,MORTGAGE,0
13200.0,10.03,667.0,WA,1.0,2015-12-01,1.0,9.17,B,98000.0,MORTGAGE,0
5000.0,17.48,692.0,FL,10.0,2015-12-01,0.0,12.88,C,48000.0,RENT,0
21000.0,28.41,677.0,NJ,10.0,2015-12-01,0.0,13.99,C,225000.0,MORTGAGE,0
9000.0,22.64,662.0,CA,10.0,2015-12-01,0.0,9.8,B,81000.0,MORTGAGE,0
10000.0,12.39,712.0,MN,3.0,2015-12-01,0.0,9.17,B,43000.0,MORTGAGE,0
12000.0,28.92,687.0,WI,2.0,2015-12-01,0.0,17.27,D,49000.0,MORTGAGE,0
1000.0,35.72,662.0,NY,10.0,2015-12-01,0.0,11.99,C,36522.0,MORTGAGE,0
12000.0,32.68,702.0,OH,10.0,2015-12-01,1.0,13.99,C,35000.0,OWN,0
35000.0,21.24,737.0,MI,2.0,2015-12-01,0.0,10.78,B,103500.0,MORTGAGE,0
24000.0,22.55,712.0,FL,10.0,2015-12-01,0.0,5.32,A,200000.0,MORTGAGE,0
8500.0,5.88,702.0,IL,1.0,2015-12-01,0.0,9.17,B,35500.0,OWN,0
3500.0,19.03,682.0,MN,8.0,2015-12-01,0.0,6.49,A,56000.0,MORTGAGE,0
16100.0,15.96,687.0,NY,10.0,2015-12-01,0.0,17.27,D,50000.0,MORTGAGE,0
12000.0,15.06,712.0,MA,10.0,2015-12-01,0.0,8.49,B,185000.0,MORTGAGE,0
10000.0,12.73,737.0,CA,1.0,2015-12-01,0.0,19.48,E,117000.0,MORTGAGE,0
6000.0,26.06,732.0,MI,4.0,2015-12-01,0.0,8.49,B,42000.0,OWN,0
5000.0,30.53,712.0,MI,10.0,2015-12-01,0.0,6.99,A,61000.0,MORTGAGE,0
18000.0,10.49,722.0,LA,10.0,2015-12-01,0.0,6.49,A,100000.0,MORTGAGE,0
1000.0,31.08,682.0,TN,10.0,2015-12-01,1.0,13.99,C,30000.0,RENT,0
3850.0,22.59,692.0,NE,1.0,2015-12-01,0.0,13.44,C,45000.0,MORTGAGE,0
2000.0,4.01,662.0,MI,4.0,2015-12-01,0.0,11.99,C,35000.0,RENT,0
20000.0,21.8,762.0,FL,7.0,2015-12-01,0.0,10.78,B,56000.0,OWN,0
10175.0,20.28,687.0,PA,3.0,2015-12-01,0.0,19.89,E,63900.0,MORTGAGE,0
10000.0,21.79,732.0,AZ,1.0,2015-12-01,0.0,6.99,A,70000.0,MORTGAGE,0
20000.0,17.75,747.0,VA,5.0,2015-12-01,0.0,9.8,B,52000.0,MORTGAGE,0
35000.0,25.38,707.0,GA,10.0,2015-12-01,0.0,10.78,B,110000.0,MORTGAGE,0
20000.0,13.95,752.0,CA,10.0,2015-12-01,0.0,12.88,C,93534.0,RENT,0
14000.0,24.8,672.0,SC,8.0,2015-12-01,0.0,20.5,E,45000.0,MORTGAGE,0
20000.0,12.63,742.0,TN,2.0,2015-12-01,0.0,6.49,A,95000.0,MORTGAGE,0
12250.0,34.1,712.0,CA,4.0,2015-12-01,1.0,14.85,C,26679.38,RENT,0
15000.0,16.91,767.0,MO,8.0,2015-12-01,0.0,5.32,A,90000.0,MORTGAGE,0
10000.0,5.27,687.0,CA,10.0,2015-12-01,0.0,5.32,A,80000.0,RENT,0
3600.0,9.48,767.0,IL,7.0,2015-12-01,0.0,10.78,B,39000.0,MORTGAGE,0
5000.0,16.36,677.0,NJ,10.0,2015-12-01,0.0,11.99,C,68500.0,MORTGAGE,0
35000.0,26.84,727.0,TN,10.0,2015-12-01,0.0,11.99,C,80000.0,MORTGAGE,0
13000.0,25.89,677.0,MS,10.0,2015-12-01,0.0,12.88,C,38000.0,MORTGAGE,0
4000.0,11.45,667.0,TX,5.0,2015-12-01,1.0,16.59,D,35000.0,OWN,0
22450.0,33.18,677.0,WA,10.0,2015-12-01,1.0,18.99,E,74000.0,MORTGAGE,0
4800.0,10.29,672.0,TX,1.0,2015-12-01,0.0,11.99,C,45000.0,RENT,0
21275.0,32.79,687.0,MN,4.0,2015-12-01,0.0,14.85,C,56035.0,MORTGAGE,0
15000.0,15.76,747.0,CA,10.0,2015-12-01,0.0,5.32,A,100000.0,RENT,0
12000.0,9.44,682.0,TX,4.0,2015-12-01,0.0,12.88,C,110000.0,MORTGAGE,0
34125.0,28.86,692.0,NC,10.0,2015-12-01,0.0,17.27,D,132000.0,MORTGAGE,0
9650.0,15.18,662.0,MA,1.0,2015-12-01,0.0,12.88,C,55500.0,RENT,0
24000.0,15.46,667.0,FL,10.0,2015-12-01,0.0,9.8,B,100000.0,MORTGAGE,0
35000.0,23.09,727.0,TX,10.0,2015-12-01,0.0,10.78,B,134000.0,MORTGAGE,0
25000.0,6.66,717.0,MN,10.0,2015-12-01,0.0,5.32,A,125000.0,MORTGAGE,0
9100.0,12.57,742.0,MI,10.0,2015-12-01,0.0,7.91,A,40000.0,MORTGAGE,0
25000.0,25.97,697.0,MA,2.0,2015-12-01,0.0,14.85,C,118450.0,MORTGAGE,0
18000.0,35.0,742.0,FL,6.0,2015-12-01,0.0,7.49,A,60000.0,OWN,0
10800.0,23.62,682.0,AZ,10.0,2015-12-01,0.0,11.48,B,123000.0,OWN,0
9600.0,5.54,662.0,FL,2.0,2015-12-01,0.0,9.17,B,150000.0,MORTGAGE,0
3600.0,14.1,722.0,OH,3.0,2015-12-01,0.0,11.48,B,55000.0,MORTGAGE,0
12000.0,12.31,662.0,NY,10.0,2015-12-01,1.0,12.88,C,100000.0,OWN,0
35000.0,13.3,697.0,OR,6.0,2015-12-01,0.0,11.99,C,88000.0,MORTGAGE,0
12000.0,19.24,767.0,PA,10.0,2015-12-01,0.0,6.49,A,65000.0,MORTGAGE,0
18000.0,13.88,682.0,MN,8.0,2015-12-01,0.0,6.99,A,89000.0,MORTGAGE,0
22925.0,31.04,722.0,CA,1.0,2015-12-01,0.0,16.59,D,51000.0,RENT,0
8000.0,4.91,777.0,CA,3.0,2015-12-01,0.0,6.49,A,120000.0,RENT,0
7000.0,29.75,677.0,MI,3.0,2015-12-01,0.0,8.49,B,100000.0,MORTGAGE,0
4500.0,22.82,707.0,MD,5.0,2015-12-01,0.0,9.8,B,39600.0,MORTGAGE,0
11500.0,39.16,662.0,VA,,2015-12-01,0.0,19.48,E,33888.0,RENT,0
18725.0,25.83,697.0,FL,10.0,2015-12-01,0.0,17.97,D,50000.0,MORTGAGE,0
19500.0,25.4,667.0,TN,10.0,2015-12-01,0.0,19.89,E,85000.0,MORTGAGE,0
5000.0,24.79,757.0,TX,4.0,2015-12-01,0.0,9.17,B,52000.0,MORTGAGE,0
5000.0,25.58,712.0,TX,2.0,2015-12-01,1.0,8.49,B,141934.0,MORTGAGE,0
2800.0,6.34,697.0,FL,7.0,2015-12-01,0.0,17.27,D,114400.0,RENT,0
14150.0,13.56,722.0,NY,,2015-12-01,0.0,13.44,C,28321.0,OWN,0
12000.0,14.11,687.0,WI,8.0,2015-12-01,0.0,9.8,B,75000.0,RENT,0
16075.0,13.29,667.0,OH,3.0,2015-12-01,0.0,12.88,C,66666.0,OWN,0
21000.0,14.65,687.0,PA,4.0,2015-12-01,0.0,9.17,B,85000.0,MORTGAGE,0
20000.0,12.31,717.0,IL,10.0,2015-12-01,0.0,5.32,A,71665.0,MORTGAGE,0
19200.0,20.33,707.0,CA,10.0,2015-12-01,0.0,9.17,B,132000.0,MORTGAGE,0
28000.0,19.6,712.0,TX,5.0,2015-12-01,1.0,8.49,B,95000.0,MORTGAGE,0
15000.0,19.5,762.0,CA,2.0,2015-12-01,0.0,9.8,B,89000.0,RENT,0
15000.0,39.87,662.0,CA,7.0,2015-12-01,0.0,17.27,D,101000.0,RENT,0
35000.0,14.93,677.0,LA,2.0,2015-12-01,0.0,19.48,E,84000.0,RENT,0
24000.0,8.91,702.0,LA,10.0,2015-12-01,0.0,13.99,C,120000.0,MORTGAGE,0
35000.0,13.34,692.0,VA,4.0,2015-12-01,0.0,15.77,D,120000.0,MORTGAGE,0
17125.0,17.44,662.0,RI,4.0,2015-12-01,0.0,27.99,G,45000.0,RENT,0
30000.0,19.9,692.0,MO,9.0,2015-12-01,1.0,13.99,C,70000.0,MORTGAGE,0
8000.0,11.98,667.0,TX,2.0,2015-12-01,1.0,10.78,B,43500.0,MORTGAGE,0
5000.0,26.45,672.0,OH,3.0,2015-12-01,0.0,9.17,B,113000.0,MORTGAGE,0
9100.0,25.6,727.0,MA,5.0,2015-12-01,0.0,9.17,B,70000.0,MORTGAGE,0
1800.0,8.28,692.0,FL,10.0,2015-12-01,0.0,7.49,A,50000.0,MORTGAGE,0
4850.0,6.15,772.0,MN,1.0,2015-12-01,0.0,7.49,A,56000.0,MORTGAGE,0
24000.0,12.07,712.0,GA,10.0,2015-12-01,0.0,6.99,A,127000.0,MORTGAGE,0
8000.0,15.62,752.0,TX,10.0,2015-12-01,0.0,5.32,A,31500.0,OWN,0
10000.0,11.69,677.0,WA,3.0,2015-12-01,0.0,9.17,B,35000.0,MORTGAGE,0
30000.0,17.72,682.0,TX,10.0,2015-12-01,0.0,10.78,B,89000.0,MORTGAGE,0
9600.0,10.48,682.0,FL,4.0,2015-12-01,0.0,6.49,A,64567.05,RENT,0
35000.0,22.28,707.0,IL,10.0,2015-12-01,0.0,19.48,E,100000.0,MORTGAGE,0
20000.0,26.93,667.0,MS,1.0,2015-12-01,0.0,18.99,E,52000.0,OWN,0
10000.0,12.15,797.0,DE,10.0,2015-12-01,0.0,5.32,A,32500.0,OWN,0
6000.0,13.5,747.0,WV,10.0,2015-12-01,0.0,5.32,A,80000.0,MORTGAGE,0
22000.0,7.21,772.0,TX,,2015-12-01,0.0,5.32,A,110000.0,MORTGAGE,0
28000.0,10.57,822.0,CA,1.0,2015-12-01,0.0,11.99,C,82000.0,MORTGAGE,0
5000.0,14.3,682.0,FL,4.0,2015-12-01,0.0,7.91,A,93000.0,RENT,0
12500.0,9.3,732.0,ME,,2015-12-01,0.0,9.17,B,85000.0,OWN,0
18000.0,18.44,752.0,GA,10.0,2015-12-01,0.0,5.32,A,76000.0,OWN,0
10000.0,25.73,732.0,SC,10.0,2015-12-01,0.0,5.32,A,80000.0,MORTGAGE,0
11200.0,7.78,677.0,IN,1.0,2015-12-01,1.0,11.99,C,37000.0,RENT,0
2150.0,11.74,697.0,OH,3.0,2015-12-01,1.0,17.27,D,18300.0,OWN,0
9000.0,17.29,677.0,MO,10.0,2015-12-01,0.0,12.88,C,110000.0,RENT,0
12500.0,12.18,707.0,RI,10.0,2015-12-01,0.0,7.49,A,99500.0,MORTGAGE,0
6000.0,15.82,767.0,NM,1.0,2015-12-01,0.0,5.32,A,52000.0,MORTGAGE,0
20000.0,26.02,717.0,SC,6.0,2015-12-01,1.0,14.85,C,60000.0,RENT,0
21000.0,12.09,712.0,CA,10.0,2015-12-01,1.0,16.59,D,90000.0,RENT,0
35000.0,13.33,737.0,NC,1.0,2015-12-01,0.0,11.99,C,148000.0,MORTGAGE,0
30000.0,33.15,687.0,TN,10.0,2015-12-01,0.0,16.59,D,94000.0,MORTGAGE,0
6000.0,23.84,712.0,NJ,3.0,2015-12-01,0.0,8.49,B,36000.0,RENT,0
28000.0,17.76,717.0,GA,10.0,2015-12-01,0.0,7.91,A,111000.0,MORTGAGE,0
6000.0,25.04,707.0,OR,10.0,2015-12-01,0.0,11.99,C,51000.0,RENT,0
15000.0,28.77,677.0,NY,10.0,2015-12-01,0.0,13.44,C,120000.0,RENT,0
14000.0,9.11,687.0,MA,2.0,2015-12-01,0.0,9.17,B,105000.0,RENT,0
15000.0,32.33,682.0,TX,10.0,2015-12-01,1.0,11.99,C,103000.0,MORTGAGE,0
30800.0,33.98,702.0,VA,10.0,2015-12-01,0.0,17.97,D,111000.0,MORTGAGE,0
12000.0,19.13,692.0,MD,10.0,2015-12-01,1.0,10.78,B,86308.0,RENT,0
2000.0,27.73,662.0,VA,6.0,2015-12-01,0.0,12.88,C,86564.0,RENT,0
4275.0,28.55,662.0,NY,1.0,2015-12-01,0.0,17.27,D,38500.0,MORTGAGE,0
6000.0,16.11,747.0,MD,2.0,2015-12-01,0.0,5.32,A,42000.0,MORTGAGE,0
18000.0,10.48,692.0,MN,1.0,2015-12-01,0.0,7.91,A,45000.0,RENT,0
25000.0,23.21,672.0,TX,10.0,2015-12-01,0.0,11.99,C,70000.0,MORTGAGE,0
6000.0,19.81,677.0,NJ,3.0,2015-12-01,0.0,9.8,B,41500.0,RENT,0
9900.0,21.71,692.0,MA,10.0,2015-12-01,0.0,9.17,B,57000.0,RENT,0
35000.0,21.72,722.0,WA,5.0,2015-12-01,0.0,7.49,A,125000.0,MORTGAGE,0
18250.0,27.52,672.0,TN,1.0,2015-12-01,1.0,19.89,E,36500.0,OWN,0
12000.0,16.19,747.0,PA,,2015-12-01,0.0,5.32,A,110000.0,MORTGAGE,0
30000.0,21.38,662.0,WA,10.0,2015-12-01,0.0,12.88,C,139000.0,RENT,0
21000.0,23.42,707.0,GA,4.0,2015-12-01,0.0,9.17,B,80000.0,RENT,0
1000.0,39.11,697.0,VA,10.0,2015-12-01,0.0,12.88,C,45000.0,RENT,0
3600.0,27.93,662.0,FL,10.0,2015-12-01,1.0,11.99,C,55000.0,RENT,0
12000.0,33.1,697.0,NJ,3.0,2015-12-01,0.0,11.48,B,47140.0,MORTGAGE,0
20000.0,7.1,762.0,NY,1.0,2015-12-01,0.0,6.99,A,100000.0,MORTGAGE,0
15000.0,25.25,692.0,NJ,1.0,2015-12-01,0.0,5.32,A,55000.0,RENT,0
30000.0,36.05,662.0,MN,3.0,2015-12-01,0.0,15.77,D,80000.0,RENT,0
7000.0,19.79,672.0,MI,4.0,2015-12-01,0.0,11.48,B,41000.0,OWN,0
30000.0,19.07,672.0,FL,10.0,2015-12-01,0.0,14.85,C,112000.0,MORTGAGE,0
2000.0,27.61,687.0,AR,10.0,2015-12-01,0.0,13.44,C,43500.0,MORTGAGE,0
13000.0,26.64,697.0,KY,10.0,2015-12-01,0.0,10.78,B,45000.0,MORTGAGE,0
15000.0,7.24,747.0,PA,10.0,2015-12-01,0.0,7.91,A,170000.0,OWN,0
17000.0,21.02,682.0,CA,9.0,2015-12-01,0.0,12.88,C,89000.0,RENT,0
14000.0,15.22,737.0,NJ,5.0,2015-12-01,0.0,6.99,A,65000.0,OWN,0
10500.0,29.55,687.0,NC,8.0,2015-12-01,1.0,18.49,D,47000.0,MORTGAGE,0
15000.0,24.61,667.0,TX,7.0,2015-12-01,0.0,13.44,C,43500.0,OWN,0
12600.0,21.58,687.0,IN,7.0,2015-12-01,0.0,7.91,A,73000.0,RENT,0
12000.0,17.73,777.0,CA,9.0,2015-12-01,0.0,5.32,A,98000.0,MORTGAGE,0
28000.0,35.91,712.0,IN,1.0,2015-12-01,0.0,15.77,D,118000.0,RENT,0
11750.0,22.16,692.0,MS,1.0,2015-12-01,1.0,28.49,G,28000.0,OWN,0
24000.0,8.32,707.0,TX,2.0,2015-12-01,0.0,9.8,B,105000.0,MORTGAGE,0
8300.0,9.46,672.0,CO,,2015-12-01,0.0,7.91,A,52000.0,RENT,0
15000.0,29.6,732.0,NY,10.0,2015-12-01,0.0,7.49,A,67879.0,MORTGAGE,0
24000.0,22.29,677.0,TX,5.0,2015-12-01,0.0,14.85,C,65000.0,RENT,0
8000.0,20.13,672.0,FL,5.0,2015-12-01,0.0,10.78,B,53000.0,MORTGAGE,0
24000.0,14.44,677.0,OR,4.0,2015-12-01,1.0,18.99,E,230000.0,RENT,0
35000.0,19.13,727.0,OH,10.0,2015-12-01,0.0,14.85,C,90000.0,OWN,0
12000.0,22.87,722.0,PA,7.0,2015-12-01,0.0,11.48,B,85000.0,MORTGAGE,0
13050.0,22.79,717.0,NC,10.0,2015-12-01,0.0,26.06,F,43500.0,MORTGAGE,0
14000.0,12.98,732.0,AL,10.0,2015-12-01,0.0,11.99,C,160000.0,MORTGAGE,0
8400.0,21.79,727.0,NJ,10.0,2015-12-01,1.0,5.32,A,95000.0,MORTGAGE,0
9600.0,15.15,707.0,KY,8.0,2015-12-01,0.0,9.17,B,90000.0,MORTGAGE,0
10000.0,10.55,707.0,FL,4.0,2015-12-01,0.0,9.17,B,35000.0,RENT,0
1800.0,13.42,757.0,GA,1.0,2015-12-01,0.0,9.17,B,72000.0,MORTGAGE,0
15000.0,13.21,672.0,OH,5.0,2015-12-01,0.0,12.88,C,94000.0,MORTGAGE,0
6000.0,16.99,717.0,WA,1.0,2015-12-01,0.0,9.17,B,20000.0,RENT,0
10000.0,19.44,757.0,MI,1.0,2015-12-01,0.0,6.49,A,35000.0,MORTGAGE,0
25000.0,18.47,747.0,IL,10.0,2015-12-01,0.0,5.32,A,99000.0,RENT,0
8675.0,33.93,677.0,MD,,2015-12-01,0.0,19.89,E,36000.0,MORTGAGE,0
14000.0,20.05,672.0,LA,2.0,2015-12-01,1.0,14.85,C,44500.0,RENT,0
16000.0,5.76,687.0,FL,10.0,2015-12-01,0.0,12.88,C,64000.0,MORTGAGE,0
21700.0,24.74,672.0,MD,10.0,2015-12-01,0.0,22.45,F,60300.0,OWN,0
2800.0,18.6,697.0,CA,2.0,2015-12-01,0.0,17.97,D,58000.0,RENT,0
3600.0,28.08,727.0,MA,10.0,2015-12-01,0.0,6.99,A,150000.0,MORTGAGE,0
20000.0,19.02,712.0,OH,10.0,2015-12-01,0.0,6.99,A,105000.0,RENT,0
30000.0,18.47,667.0,TX,10.0,2015-12-01,0.0,19.48,E,88000.0,MORTGAGE,0
20000.0,9.71,702.0,NC,4.0,2015-12-01,0.0,7.49,A,105000.0,RENT,0
30000.0,7.96,662.0,MA,1.0,2015-12-01,0.0,20.5,E,98000.0,MORTGAGE,0
10000.0,14.16,702.0,CA,1.0,2015-12-01,0.0,9.8,B,75000.0,RENT,0
30000.0,20.72,767.0,NC,1.0,2015-12-01,0.0,13.99,C,70000.0,OWN,0
3350.0,23.49,682.0,MS,,2015-12-01,0.0,7.91,A,42251.0,MORTGAGE,0
12000.0,21.87,667.0,CA,1.0,2015-12-01,1.0,18.99,E,50000.0,RENT,0
6000.0,29.05,717.0,UT,10.0,2015-12-01,0.0,7.49,A,67000.0,MORTGAGE,0
19200.0,15.5,692.0,GA,1.0,2015-12-01,0.0,10.78,B,65000.0,RENT,0
12000.0,4.9,677.0,GA,5.0,2015-12-01,0.0,11.48,B,110000.0,MORTGAGE,0
20000.0,21.6,732.0,FL,10.0,2015-12-01,0.0,6.49,A,78000.0,OWN,0
13200.0,15.42,682.0,NY,1.0,2015-12-01,0.0,14.85,C,61000.0,OWN,0
35000.0,13.77,712.0,NC,4.0,2015-12-01,0.0,7.91,A,145000.0,OWN,0
14400.0,27.96,717.0,TX,1.0,2015-12-01,0.0,8.49,B,47000.0,RENT,0
3000.0,15.73,767.0,GA,5.0,2015-12-01,0.0,11.48,B,45000.0,MORTGAGE,0
23200.0,18.84,667.0,MA,1.0,2015-12-01,0.0,9.17,B,110000.0,RENT,0
18250.0,24.55,667.0,GA,,2015-12-01,0.0,11.48,B,39696.0,MORTGAGE,0
14000.0,16.03,662.0,OH,3.0,2015-12-01,0.0,19.89,E,75000.0,MORTGAGE,0
12000.0,29.15,672.0,OH,10.0,2015-12-01,1.0,13.99,C,90000.0,MORTGAGE,0
3000.0,17.24,672.0,AZ,2.0,2015-12-01,0.0,13.44,C,50740.0,RENT,0
4000.0,2.17,757.0,MI,5.0,2015-12-01,0.0,7.49,A,83500.0,RENT,0
5000.0,18.52,692.0,TX,2.0,2015-12-01,1.0,11.99,C,65000.0,RENT,0
12425.0,6.62,722.0,NY,,2015-12-01,0.0,18.99,E,24897.72,RENT,0
31325.0,30.13,692.0,NY,1.0,2015-12-01,0.0,15.77,D,157000.0,RENT,0
28000.0,12.67,702.0,CT,10.0,2015-12-01,0.0,6.49,A,82000.0,MORTGAGE,0
2500.0,16.73,672.0,CA,10.0,2015-12-01,0.0,14.85,C,32000.0,RENT,0
24000.0,23.7,687.0,CA,10.0,2015-12-01,0.0,8.49,B,150000.0,MORTGAGE,0
5000.0,6.46,692.0,AL,1.0,2015-12-01,0.0,8.49,B,29000.0,MORTGAGE,0
17200.0,33.37,682.0,MD,1.0,2015-12-01,0.0,17.27,D,37440.0,RENT,0
15000.0,20.67,682.0,IL,2.0,2015-12-01,0.0,11.48,B,57000.0,RENT,0
14400.0,21.78,662.0,AL,1.0,2015-12-01,0.0,11.99,C,85000.0,MORTGAGE,0
1400.0,20.24,667.0,AL,10.0,2015-12-01,0.0,16.59,D,54000.0,MORTGAGE,0
8200.0,0.76,672.0,MI,3.0,2015-12-01,0.0,16.59,D,79000.0,MORTGAGE,0
5400.0,26.23,772.0,MA,2.0,2015-12-01,0.0,5.32,A,41000.0,RENT,0
25000.0,14.03,707.0,AZ,10.0,2015-12-01,0.0,11.48,B,185000.0,RENT,0
20000.0,4.94,662.0,OH,10.0,2015-12-01,0.0,12.88,C,50000.0,OWN,0
24000.0,22.94,727.0,SC,1.0,2015-12-01,0.0,9.8,B,75000.0,RENT,0
25500.0,16.37,717.0,NJ,7.0,2015-12-01,0.0,11.99,C,72000.0,RENT,0
13475.0,19.79,747.0,NJ,10.0,2015-12-01,0.0,7.91,A,120000.0,OWN,0
7200.0,13.54,692.0,GA,4.0,2015-12-01,0.0,8.49,B,42000.0,RENT,0
30000.0,15.61,677.0,NY,6.0,2015-12-01,0.0,14.85,C,124000.0,MORTGAGE,0
15000.0,24.76,782.0,MN,1.0,2015-12-01,0.0,8.49,B,50500.0,RENT,0
21600.0,19.93,667.0,KS,5.0,2015-12-01,1.0,19.48,E,121000.0,MORTGAGE,0
15000.0,7.58,662.0,PA,3.0,2015-12-01,0.0,11.99,C,100000.0,MORTGAGE,0
11000.0,0.94,732.0,NY,10.0,2015-12-01,0.0,18.99,E,55000.0,RENT,0
6400.0,27.44,682.0,MA,10.0,2015-12-01,1.0,13.44,C,54000.0,RENT,0
10000.0,24.67,692.0,TX,4.0,2015-12-01,1.0,8.49,B,63000.0,RENT,0
25200.0,15.45,712.0,OH,10.0,2015-12-01,0.0,10.78,B,90000.0,MORTGAGE,0
5725.0,12.67,702.0,CA,3.0,2015-12-01,0.0,6.99,A,25000.0,RENT,0
15000.0,35.63,667.0,KS,2.0,2015-12-01,0.0,16.59,D,58000.0,MORTGAGE,0
15600.0,17.59,712.0,LA,5.0,2015-12-01,1.0,8.49,B,38000.0,OWN,0
11400.0,9.11,677.0,FL,1.0,2015-12-01,0.0,14.85,C,56888.0,MORTGAGE,0
20000.0,31.23,672.0,CA,9.0,2015-12-01,1.0,17.27,D,124000.0,RENT,0
4550.0,26.08,672.0,IN,5.0,2015-12-01,0.0,10.78,B,78000.0,MORTGAGE,0
11000.0,10.78,667.0,MN,4.0,2015-12-01,0.0,11.48,B,75000.0,MORTGAGE,0
26825.0,31.61,687.0,MN,10.0,2015-12-01,0.0,18.99,E,66548.0,MORTGAGE,0
8375.0,7.5,662.0,AR,10.0,2015-12-01,1.0,13.99,C,32000.0,OWN,0
25000.0,22.37,717.0,NY,3.0,2015-12-01,0.0,8.49,B,135000.0,MORTGAGE,0
15000.0,21.87,692.0,GA,9.0,2015-12-01,1.0,19.89,E,50000.0,RENT,0
19200.0,17.84,722.0,NY,8.0,2015-12-01,0.0,5.32,A,60000.0,RENT,0
16000.0,26.16,737.0,IL,5.0,2015-12-01,0.0,14.85,C,70000.0,MORTGAGE,0
18000.0,34.38,672.0,PA,8.0,2015-12-01,0.0,20.5,E,60000.0,MORTGAGE,0
24000.0,16.58,737.0,AZ,,2015-12-01,0.0,7.49,A,48000.0,MORTGAGE,0
12000.0,7.54,772.0,KY,2.0,2015-12-01,0.0,5.32,A,50000.0,OWN,0
14400.0,12.47,672.0,IN,10.0,2015-12-01,0.0,9.17,B,82000.0,RENT,0
4325.0,14.79,662.0,MO,2.0,2015-12-01,0.0,9.8,B,40000.0,MORTGAGE,0
7500.0,26.76,667.0,WV,3.0,2015-12-01,0.0,16.59,D,50000.0,OWN,0
25000.0,39.3,727.0,TX,6.0,2015-12-01,0.0,10.78,B,50000.0,RENT,0
14000.0,12.52,707.0,TN,,2015-12-01,0.0,10.78,B,120000.0,MORTGAGE,0
13000.0,15.35,702.0,MI,1.0,2015-12-01,0.0,13.99,C,62500.0,RENT,0
3525.0,25.63,677.0,FL,1.0,2015-12-01,0.0,11.48,B,20000.0,RENT,0
5400.0,18.17,667.0,TX,2.0,2015-12-01,1.0,9.8,B,80000.0,RENT,0
24000.0,24.75,667.0,MD,6.0,2015-12-01,0.0,23.13,F,104000.0,MORTGAGE,0
17000.0,12.29,682.0,FL,2.0,2015-12-01,0.0,6.49,A,52000.0,MORTGAGE,0
10000.0,16.28,687.0,FL,10.0,2015-12-01,0.0,13.44,C,90000.0,MORTGAGE,0
35000.0,25.11,672.0,PA,10.0,2015-12-01,0.0,17.97,D,150000.0,MORTGAGE,0
12000.0,12.02,742.0,NC,1.0,2015-12-01,0.0,8.49,B,68000.0,MORTGAGE,0
21600.0,13.58,687.0,MA,4.0,2015-12-01,0.0,14.85,C,86000.0,MORTGAGE,0
4000.0,38.02,697.0,VA,1.0,2015-12-01,0.0,15.77,D,60000.0,RENT,0
18000.0,13.57,777.0,TX,7.0,2015-12-01,0.0,5.32,A,200000.0,OWN,0
20900.0,18.96,667.0,MA,2.0,2015-12-01,0.0,18.49,D,55000.0,OWN,0
20825.0,24.59,677.0,GA,10.0,2015-12-01,0.0,16.59,D,81500.0,MORTGAGE,0
10175.0,28.03,692.0,FL,3.0,2015-12-01,0.0,9.8,B,65000.0,MORTGAGE,0
12000.0,22.96,687.0,CA,10.0,2015-12-01,0.0,16.59,D,101000.0,MORTGAGE,0
20000.0,21.09,682.0,NC,6.0,2015-12-01,1.0,15.77,D,57000.0,RENT,0
4000.0,19.59,757.0,IL,10.0,2015-12-01,0.0,9.8,B,47000.0,MORTGAGE,0
15000.0,13.57,712.0,IL,10.0,2015-12-01,1.0,10.78,B,200000.0,MORTGAGE,0
16000.0,15.73,682.0,GA,10.0,2015-12-01,0.0,18.49,D,65000.0,RENT,0
15500.0,12.33,687.0,NY,1.0,2015-12-01,0.0,8.49,B,135000.0,OWN,0
14000.0,25.38,662.0,PA,10.0,2015-12-01,0.0,15.77,D,132700.0,RENT,0
4175.0,9.16,667.0,MN,4.0,2015-12-01,0.0,12.88,C,50720.0,MORTGAGE,0
5000.0,26.2,662.0,TX,8.0,2015-12-01,1.0,11.48,B,43498.0,OWN,0
20000.0,10.45,667.0,WA,,2015-12-01,0.0,9.17,B,60000.0,MORTGAGE,0
30000.0,11.65,732.0,NH,10.0,2015-12-01,0.0,6.99,A,202000.0,MORTGAGE,0
5500.0,21.15,722.0,CA,3.0,2015-12-01,0.0,11.99,C,37000.0,RENT,0
30000.0,16.21,697.0,CA,3.0,2015-12-01,0.0,12.88,C,100000.0,RENT,0
24000.0,38.49,672.0,NC,10.0,2015-12-01,0.0,13.99,C,69800.0,MORTGAGE,0
24000.0,14.42,702.0,NY,3.0,2015-12-01,0.0,13.44,C,120000.0,OWN,0
9800.0,14.69,667.0,OH,10.0,2015-12-01,0.0,10.78,B,47000.0,MORTGAGE,0
12000.0,24.61,697.0,OH,3.0,2015-12-01,0.0,9.17,B,110000.0,MORTGAGE,0
15000.0,22.77,707.0,CA,10.0,2015-12-01,0.0,5.32,A,70000.0,OWN,0
24000.0,27.58,757.0,GA,6.0,2015-12-01,0.0,7.91,A,80000.0,MORTGAGE,0
10000.0,31.8,702.0,TX,1.0,2015-12-01,0.0,8.49,B,45000.0,RENT,0
19800.0,13.12,767.0,MD,7.0,2015-12-01,0.0,12.88,C,78924.0,MORTGAGE,0
8000.0,29.2,707.0,NY,3.0,2015-12-01,0.0,9.17,B,38480.0,RENT,0
5600.0,30.98,687.0,FL,10.0,2015-12-01,0.0,12.88,C,38000.0,RENT,0
20000.0,15.83,682.0,NY,3.0,2015-12-01,0.0,9.8,B,100000.0,OWN,0
10000.0,7.37,712.0,MD,6.0,2015-12-01,0.0,5.32,A,118000.0,MORTGAGE,0
29000.0,21.03,742.0,FL,10.0,2015-12-01,0.0,8.49,B,72000.0,MORTGAGE,0
3000.0,6.74,687.0,NY,1.0,2015-12-01,0.0,11.99,C,42000.0,RENT,0
23400.0,29.52,687.0,IL,8.0,2015-12-01,0.0,13.44,C,65000.0,OWN,0
9525.0,18.39,662.0,NY,3.0,2015-12-01,0.0,20.5,E,35000.0,RENT,0
10000.0,18.69,692.0,GA,3.0,2015-12-01,0.0,9.8,B,52000.0,OWN,0
22500.0,18.0,687.0,PA,1.0,2015-12-01,1.0,11.99,C,50000.0,RENT,0
10000.0,26.02,747.0,CA,8.0,2015-12-01,0.0,7.49,A,60000.0,MORTGAGE,0
15500.0,12.63,667.0,MN,10.0,2015-12-01,0.0,11.99,C,55000.0,MORTGAGE,0
3000.0,1.94,787.0,CA,10.0,2015-12-01,0.0,7.49,A,86000.0,MORTGAGE,0
1000.0,3.07,662.0,NY,10.0,2015-12-01,0.0,13.44,C,50000.0,RENT,0
20000.0,8.39,672.0,NJ,4.0,2015-12-01,1.0,11.48,B,79000.0,OWN,0
16275.0,18.72,687.0,AZ,1.0,2015-12-01,1.0,27.49,G,37000.0,RENT,0
16000.0,34.41,682.0,FL,2.0,2015-12-01,0.0,18.49,D,40000.0,OWN,0
10000.0,22.83,692.0,TX,3.0,2015-12-01,0.0,11.48,B,72000.0,RENT,0
4000.0,19.07,742.0,MO,1.0,2015-12-01,0.0,7.91,A,45000.0,RENT,0
4000.0,15.53,702.0,PA,10.0,2015-12-01,0.0,11.99,C,53000.0,RENT,0
10650.0,11.41,692.0,MD,6.0,2015-12-01,1.0,19.89,E,87500.0,RENT,0
6950.0,24.13,667.0,OH,10.0,2015-12-01,0.0,13.99,C,20000.0,MORTGAGE,0
8000.0,5.68,712.0,WA,7.0,2015-12-01,0.0,9.8,B,26000.0,RENT,0
8000.0,12.29,687.0,NC,7.0,2015-12-01,0.0,9.8,B,76000.0,MORTGAGE,0
8000.0,38.63,672.0,TN,8.0,2015-12-01,0.0,13.44,C,65000.0,MORTGAGE,0
7500.0,21.84,762.0,AZ,1.0,2015-12-01,0.0,5.32,A,60000.0,RENT,0
13500.0,21.16,687.0,TX,10.0,2015-12-01,0.0,11.99,C,65000.0,MORTGAGE,0
22350.0,35.79,717.0,WV,9.0,2015-12-01,1.0,19.48,E,85000.0,MORTGAGE,0
10000.0,10.94,732.0,KS,7.0,2015-12-01,0.0,9.8,B,75000.0,RENT,0
6000.0,20.62,682.0,TX,1.0,2015-12-01,0.0,9.17,B,44000.0,RENT,0
15000.0,21.19,662.0,OR,10.0,2015-12-01,0.0,19.89,E,62800.0,MORTGAGE,0
4900.0,20.5,667.0,NY,3.0,2015-12-01,0.0,15.77,D,36000.0,RENT,0
13450.0,25.07,682.0,IN,8.0,2015-12-01,0.0,17.97,D,52500.0,MORTGAGE,0
5000.0,18.65,777.0,NV,1.0,2015-12-01,0.0,11.99,C,95000.0,MORTGAGE,0
28000.0,19.34,717.0,MS,8.0,2015-12-01,0.0,9.8,B,118000.0,MORTGAGE,0
9600.0,7.19,692.0,CA,10.0,2015-12-01,0.0,11.99,C,43420.0,RENT,0
14000.0,14.27,802.0,TX,3.0,2015-12-01,0.0,6.49,A,40000.0,MORTGAGE,0
30000.0,18.97,687.0,NC,10.0,2015-12-01,1.0,13.99,C,95000.0,MORTGAGE,0
17600.0,39.23,682.0,OR,1.0,2015-12-01,0.0,23.13,F,40000.0,RENT,0
5000.0,30.94,717.0,CA,5.0,2015-12-01,0.0,12.88,C,25000.0,OWN,0
35000.0,16.93,672.0,CA,9.0,2015-12-01,0.0,13.44,C,86000.0,RENT,0
5000.0,22.09,687.0,CT,1.0,2015-12-01,0.0,10.78,B,42000.0,RENT,0
30000.0,19.87,742.0,IL,10.0,2015-12-01,0.0,7.91,A,153996.0,MORTGAGE,0
31075.0,6.8,682.0,WA,6.0,2015-12-01,0.0,13.99,C,107901.0,MORTGAGE,0
15000.0,15.48,672.0,NY,7.0,2015-12-01,0.0,10.78,B,100000.0,OWN,0
24000.0,19.88,712.0,AR,8.0,2015-12-01,0.0,7.91,A,116250.0,MORTGAGE,0
24000.0,10.06,712.0,NC,6.0,2015-12-01,0.0,6.49,A,100000.0,RENT,0
6225.0,34.16,697.0,CA,10.0,2015-12-01,0.0,11.48,B,35000.0,MORTGAGE,0
16800.0,21.76,717.0,MN,4.0,2015-12-01,0.0,11.48,B,72000.0,MORTGAGE,0
9500.0,9.63,682.0,AL,4.0,2015-12-01,0.0,9.17,B,72500.0,RENT,0
7800.0,12.02,662.0,MO,2.0,2015-12-01,1.0,10.78,B,50500.0,RENT,0
14400.0,28.8,697.0,FL,10.0,2015-12-01,0.0,7.49,A,78000.0,MORTGAGE,0
35000.0,17.64,737.0,AZ,5.0,2015-12-01,0.0,12.88,C,195300.0,RENT,0
35000.0,31.27,677.0,HI,6.0,2015-12-01,0.0,19.48,E,70000.0,RENT,0
15350.0,19.83,667.0,PA,10.0,2015-12-01,0.0,18.99,E,61000.0,RENT,0
12125.0,38.16,692.0,SC,,2015-12-01,0.0,17.97,D,27577.0,OWN,0
12000.0,21.61,767.0,VA,10.0,2015-12-01,0.0,5.32,A,107000.0,MORTGAGE,0
18000.0,31.23,757.0,CA,10.0,2015-12-01,1.0,11.48,B,86000.0,RENT,0
14100.0,15.97,692.0,NY,1.0,2015-12-01,0.0,16.59,D,42000.0,RENT,0
20000.0,13.83,697.0,MA,10.0,2015-12-01,0.0,11.48,B,120000.0,MORTGAGE,0
12000.0,15.75,692.0,IN,8.0,2015-12-01,1.0,13.44,C,55000.0,MORTGAGE,0
15850.0,14.82,722.0,MN,3.0,2015-12-01,0.0,20.5,E,55000.0,MORTGAGE,0
8000.0,12.67,682.0,CA,1.0,2015-12-01,0.0,11.48,B,50000.0,RENT,0
5525.0,17.58,682.0,AZ,1.0,2015-12-01,1.0,17.97,D,60000.0,RENT,0
3600.0,13.03,667.0,MD,10.0,2015-12-01,0.0,13.44,C,90791.91,MORTGAGE,0
9600.0,8.76,712.0,NV,3.0,2015-12-01,0.0,6.49,A,50000.0,MORTGAGE,0
14225.0,11.33,662.0,AL,5.0,2015-12-01,0.0,15.77,D,68000.0,MORTGAGE,0
1500.0,22.4,677.0,TN,10.0,2015-12-01,0.0,9.17,B,83000.0,MORTGAGE,0
24000.0,16.89,672.0,GA,10.0,2015-12-01,0.0,16.59,D,155000.0,MORTGAGE,0
20000.0,19.26,682.0,KS,1.0,2015-12-01,0.0,8.49,B,80000.0,MORTGAGE,0
24800.0,14.17,682.0,CO,5.0,2015-12-01,0.0,21.48,E,70000.0,RENT,0
35000.0,16.04,672.0,TX,10.0,2015-12-01,1.0,18.49,D,170000.0,OWN,0
28000.0,11.36,662.0,KS,,2015-12-01,0.0,11.99,C,75000.0,MORTGAGE,0
21500.0,30.26,672.0,NV,10.0,2015-12-01,0.0,18.99,E,65000.0,MORTGAGE,0
10000.0,11.44,677.0,MD,3.0,2015-12-01,0.0,12.88,C,160000.0,RENT,0
10400.0,21.46,702.0,WA,8.0,2015-12-01,0.0,7.91,A,35620.0,RENT,0
2800.0,30.92,667.0,OH,1.0,2015-12-01,0.0,16.59,D,29000.0,RENT,0
24000.0,22.69,662.0,NC,9.0,2015-12-01,1.0,12.88,C,70000.0,MORTGAGE,0
24675.0,34.3,712.0,VA,9.0,2015-12-01,0.0,18.49,D,75267.0,RENT,0
28000.0,8.59,707.0,NY,8.0,2015-12-01,0.0,15.77,D,95000.0,MORTGAGE,0
15200.0,39.23,662.0,CO,10.0,2015-12-01,0.0,19.89,E,38000.0,OWN,0
5000.0,8.69,687.0,PA,2.0,2015-12-01,0.0,7.91,A,300000.0,MORTGAGE,0
28000.0,28.1,692.0,FL,1.0,2015-12-01,0.0,9.17,B,67000.0,MORTGAGE,0
10000.0,21.75,677.0,FL,5.0,2015-12-01,0.0,8.49,B,50000.0,MORTGAGE,0
32000.0,14.92,712.0,AR,3.0,2015-12-01,0.0,23.13,F,104800.0,MORTGAGE,0
10000.0,12.28,687.0,CA,3.0,2015-12-01,0.0,9.8,B,78000.0,RENT,0
18625.0,7.78,682.0,TN,10.0,2015-12-01,1.0,13.44,C,44400.0,MORTGAGE,0
6000.0,18.8,712.0,CA,10.0,2015-12-01,0.0,7.49,A,110000.0,MORTGAGE,0
15000.0,33.6,707.0,CO,10.0,2015-12-01,0.0,10.78,B,48000.0,RENT,0
5000.0,24.03,747.0,NV,10.0,2015-12-01,0.0,10.78,B,36000.0,RENT,0
15000.0,23.15,697.0,IL,10.0,2015-12-01,0.0,6.0,D,125000.0,MORTGAGE,0
15000.0,26.88,712.0,TX,10.0,2015-12-01,0.0,15.77,D,80350.0,MORTGAGE,0
35000.0,20.47,722.0,CO,10.0,2015-12-01,0.0,10.78,B,118000.0,OWN,0
15000.0,6.27,712.0,CA,10.0,2015-12-01,0.0,9.17,B,90509.0,RENT,0
3000.0,10.11,677.0,IL,,2015-12-01,0.0,10.78,B,48650.0,MORTGAGE,0
12000.0,13.62,702.0,NY,8.0,2015-12-01,0.0,14.85,C,40000.0,RENT,0
18000.0,17.39,672.0,AZ,10.0,2015-12-01,0.0,11.99,C,150000.0,MORTGAGE,0
5000.0,3.82,662.0,IL,7.0,2015-12-01,0.0,12.88,C,59000.0,MORTGAGE,0
10000.0,11.28,747.0,MA,10.0,2015-12-01,0.0,6.99,A,80000.0,MORTGAGE,0
20000.0,14.31,677.0,TX,6.0,2015-12-01,0.0,13.99,C,65000.0,MORTGAGE,0
35000.0,27.81,687.0,DC,10.0,2015-12-01,0.0,11.48,B,117000.0,MORTGAGE,0
8000.0,22.32,727.0,TX,8.0,2015-12-01,0.0,7.91,A,110000.0,MORTGAGE,0
6000.0,24.52,662.0,TX,1.0,2015-12-01,0.0,15.77,D,26000.0,OWN,0
8000.0,10.44,732.0,NJ,1.0,2015-12-01,0.0,5.32,A,113000.0,MORTGAGE,0
9000.0,34.95,717.0,AZ,2.0,2015-12-01,0.0,11.99,C,41000.0,RENT,0
35000.0,21.9,707.0,NJ,10.0,2015-12-01,0.0,7.49,A,210000.0,MORTGAGE,0
12000.0,15.07,752.0,AZ,2.0,2015-12-01,0.0,11.99,C,45000.0,MORTGAGE,0
21000.0,16.91,697.0,PA,9.0,2015-12-01,0.0,19.48,E,79500.0,MORTGAGE,0
6400.0,18.53,757.0,CA,5.0,2015-12-01,0.0,14.85,C,45000.0,RENT,0
12000.0,23.26,707.0,OH,10.0,2015-12-01,0.0,11.48,B,36000.0,MORTGAGE,0
15000.0,24.32,692.0,IL,3.0,2015-12-01,0.0,11.48,B,60000.0,MORTGAGE,0
16000.0,29.73,677.0,IN,10.0,2015-12-01,0.0,18.49,D,97200.0,MORTGAGE,0
22000.0,22.79,727.0,MA,2.0,2015-12-01,0.0,6.99,A,75000.0,RENT,0
30000.0,28.48,707.0,MD,10.0,2015-12-01,0.0,8.49,B,160300.0,MORTGAGE,0
18000.0,8.59,772.0,GA,5.0,2015-12-01,0.0,5.32,A,415000.0,MORTGAGE,0
5500.0,20.06,662.0,NY,10.0,2015-12-01,1.0,11.99,C,135000.0,MORTGAGE,0
10000.0,15.12,697.0,GA,10.0,2015-12-01,0.0,9.17,B,40000.0,MORTGAGE,0
10000.0,29.01,662.0,MA,10.0,2015-12-01,1.0,13.99,C,35000.0,RENT,0
31500.0,29.82,722.0,IL,10.0,2015-12-01,0.0,10.78,B,145000.0,MORTGAGE,0
20000.0,12.06,697.0,CA,10.0,2015-12-01,0.0,9.17,B,57500.0,RENT,0
3600.0,34.66,667.0,TX,10.0,2015-12-01,0.0,14.85,C,41200.0,OWN,0
25000.0,27.03,727.0,IN,10.0,2015-12-01,0.0,6.49,A,52000.0,MORTGAGE,0
24000.0,11.66,772.0,NJ,10.0,2015-12-01,0.0,9.17,B,85000.0,MORTGAGE,0
22950.0,10.66,692.0,NJ,8.0,2015-12-01,0.0,17.97,D,115000.0,OWN,0
35000.0,13.25,672.0,CA,10.0,2015-12-01,0.0,12.88,C,145000.0,RENT,0
3600.0,12.92,692.0,VA,6.0,2015-12-01,0.0,7.91,A,51000.0,MORTGAGE,0
18000.0,21.39,732.0,CA,2.0,2015-12-01,0.0,9.8,B,45000.0,MORTGAGE,0
15000.0,33.86,667.0,VA,5.0,2015-12-01,0.0,17.27,D,55000.0,RENT,0
28000.0,11.12,667.0,CT,10.0,2015-12-01,0.0,15.77,D,90000.0,MORTGAGE,0
25000.0,33.38,692.0,AL,10.0,2015-12-01,0.0,14.85,C,64000.0,MORTGAGE,0
3850.0,6.23,717.0,NY,4.0,2015-12-01,1.0,21.48,E,88000.0,RENT,0
35000.0,4.64,702.0,CA,9.0,2015-12-01,0.0,14.85,C,110000.0,RENT,0
9000.0,19.32,662.0,TX,10.0,2015-12-01,0.0,9.17,B,62000.0,RENT,0
35000.0,26.47,742.0,NV,7.0,2015-12-01,0.0,14.85,C,100000.0,MORTGAGE,0
7000.0,18.33,672.0,IN,10.0,2015-12-01,0.0,8.49,B,41700.0,MORTGAGE,0
4500.0,9.65,682.0,FL,10.0,2015-12-01,0.0,13.99,C,140000.0,MORTGAGE,0
8000.0,9.37,667.0,CA,5.0,2015-12-01,0.0,11.48,B,125000.0,MORTGAGE,0
20550.0,27.88,692.0,CA,2.0,2015-12-01,0.0,18.49,D,70000.0,MORTGAGE,0
30000.0,18.97,677.0,VA,10.0,2015-12-01,0.0,18.49,D,210000.0,MORTGAGE,0
9000.0,18.16,732.0,AZ,10.0,2015-12-01,0.0,5.32,A,100000.0,OWN,0
35000.0,17.39,687.0,MO,2.0,2015-12-01,0.0,16.59,D,80000.0,MORTGAGE,0
18000.0,18.68,807.0,VA,8.0,2015-12-01,0.0,9.17,B,127000.0,MORTGAGE,0
35000.0,18.15,692.0,NY,3.0,2015-12-01,1.0,7.49,A,135000.0,MORTGAGE,0
24000.0,23.2,707.0,MD,10.0,2015-12-01,0.0,5.32,A,120000.0,MORTGAGE,0
12000.0,33.78,707.0,SC,10.0,2015-12-01,0.0,12.88,C,47000.0,MORTGAGE,0
7000.0,23.19,712.0,AZ,10.0,2015-12-01,0.0,10.78,B,55000.0,MORTGAGE,0
4000.0,27.34,707.0,AR,10.0,2015-12-01,0.0,11.48,B,54704.0,MORTGAGE,0
20000.0,2.24,672.0,WA,1.0,2015-12-01,0.0,14.85,C,155000.0,MORTGAGE,0
25000.0,28.82,672.0,TX,10.0,2015-12-01,0.0,26.99,G,62000.0,MORTGAGE,0
7775.0,13.41,752.0,OH,9.0,2015-12-01,0.0,6.49,A,40000.0,MORTGAGE,0
10000.0,31.04,662.0,KY,10.0,2015-12-01,0.0,14.85,C,45000.0,RENT,0
13350.0,12.74,677.0,MI,3.0,2015-12-01,1.0,12.88,C,37500.0,MORTGAGE,0
17500.0,35.12,667.0,IN,10.0,2015-12-01,1.0,19.48,E,35000.0,MORTGAGE,0
9600.0,18.97,662.0,PA,1.0,2015-12-01,1.0,9.17,B,31000.0,RENT,0
10000.0,14.61,667.0,CA,10.0,2015-12-01,0.0,10.78,B,120000.0,RENT,0
5575.0,32.9,662.0,MN,,2015-12-01,0.0,15.77,D,24000.0,MORTGAGE,0
7100.0,22.04,667.0,OH,2.0,2015-12-01,0.0,13.44,C,82000.0,RENT,0
9000.0,8.2,677.0,CA,9.0,2015-12-01,0.0,8.49,B,90000.0,MORTGAGE,0
7000.0,25.18,667.0,ND,6.0,2015-12-01,0.0,8.49,B,50000.0,OWN,0
10850.0,0.0,797.0,CA,10.0,2015-12-01,0.0,18.49,D,47000.0,MORTGAGE,0
25000.0,26.64,722.0,WA,1.0,2015-12-01,0.0,17.97,D,55000.0,RENT,0
20000.0,14.18,732.0,UT,10.0,2015-12-01,0.0,6.49,A,65000.0,MORTGAGE,0
12000.0,14.4,712.0,TX,2.0,2015-12-01,0.0,10.78,B,30000.0,MORTGAGE,0
10000.0,25.89,672.0,NV,6.0,2015-12-01,0.0,11.48,B,35000.0,RENT,0
28000.0,37.32,667.0,AZ,3.0,2015-12-01,1.0,17.27,D,80000.0,MORTGAGE,0
5000.0,16.36,767.0,NY,1.0,2015-12-01,0.0,6.49,A,38000.0,RENT,0
12000.0,11.76,677.0,MO,9.0,2015-12-01,0.0,8.49,B,100000.0,MORTGAGE,0
4000.0,24.98,687.0,TX,10.0,2015-12-01,1.0,7.91,A,41027.0,RENT,0
28000.0,11.51,702.0,NY,6.0,2015-12-01,0.0,7.91,A,150000.0,RENT,0
15000.0,33.13,702.0,NY,7.0,2015-12-01,1.0,18.49,D,64000.0,RENT,0
10000.0,22.92,707.0,LA,9.0,2015-12-01,0.0,9.17,B,52000.0,RENT,0
3000.0,8.16,747.0,IL,4.0,2015-12-01,0.0,12.88,C,40000.0,RENT,0
17000.0,17.21,707.0,MN,9.0,2015-12-01,0.0,11.48,B,70000.0,OWN,0
5200.0,20.21,697.0,GA,5.0,2015-12-01,0.0,9.17,B,51000.0,MORTGAGE,0
5400.0,5.74,727.0,AZ,10.0,2015-12-01,0.0,6.49,A,50000.0,MORTGAGE,0
8000.0,17.23,682.0,CA,1.0,2015-12-01,0.0,11.48,B,42000.0,OWN,0
10800.0,35.84,702.0,AL,3.0,2015-12-01,0.0,17.27,D,45000.0,MORTGAGE,0
8000.0,14.5,682.0,NJ,9.0,2015-12-01,0.0,7.91,A,86000.0,MORTGAGE,0
35000.0,15.25,747.0,VA,2.0,2015-12-01,0.0,11.99,C,310250.0,MORTGAGE,0
4800.0,25.16,672.0,CO,10.0,2015-12-01,0.0,9.17,B,133760.0,MORTGAGE,0
7200.0,12.62,667.0,NY,1.0,2015-12-01,0.0,7.91,A,36000.0,RENT,0
17025.0,23.86,677.0,OH,10.0,2015-12-01,0.0,17.97,D,38000.0,MORTGAGE,0
30000.0,32.78,697.0,MA,1.0,2015-12-01,0.0,18.49,D,110000.0,MORTGAGE,0
26000.0,16.43,677.0,MT,2.0,2015-12-01,0.0,15.77,D,138000.0,MORTGAGE,0
2500.0,28.11,707.0,TX,8.0,2015-12-01,0.0,8.49,B,38000.0,MORTGAGE,0
15000.0,13.7,662.0,CA,4.0,2015-12-01,0.0,9.17,B,65000.0,RENT,0
9000.0,26.97,662.0,PA,4.0,2015-12-01,0.0,13.44,C,29600.0,OWN,0
15000.0,14.24,812.0,NV,2.0,2015-12-01,0.0,6.49,A,90000.0,RENT,0
14425.0,12.93,662.0,AL,10.0,2015-12-01,1.0,17.97,D,59304.0,OWN,0
6400.0,21.56,707.0,FL,1.0,2015-12-01,0.0,11.48,B,29000.0,RENT,0
8000.0,26.71,662.0,MN,10.0,2015-12-01,0.0,10.78,B,30000.0,OWN,0
12000.0,31.37,667.0,CA,1.0,2015-12-01,0.0,14.85,C,80000.0,RENT,0
14075.0,18.23,677.0,WI,10.0,2015-12-01,0.0,13.99,C,32000.0,RENT,0
12000.0,4.26,707.0,CA,1.0,2015-12-01,0.0,6.99,A,76000.0,RENT,0
30000.0,19.87,737.0,IL,10.0,2015-12-01,0.0,7.49,A,160630.0,MORTGAGE,0
14000.0,24.15,687.0,IN,1.0,2015-12-01,0.0,11.99,C,90000.0,MORTGAGE,0
35000.0,18.91,727.0,IN,10.0,2015-12-01,0.0,11.99,C,130000.0,MORTGAGE,0
26575.0,31.55,732.0,MI,10.0,2015-12-01,1.0,10.78,B,80900.0,MORTGAGE,0
30000.0,21.44,662.0,NY,10.0,2015-12-01,0.0,10.78,B,89775.0,MORTGAGE,0
28000.0,31.83,712.0,NJ,3.0,2015-12-01,1.0,15.77,D,105000.0,MORTGAGE,0
30000.0,21.73,707.0,VA,10.0,2015-12-01,1.0,12.88,C,77045.0,MORTGAGE,0
18000.0,13.46,702.0,NC,1.0,2015-12-01,0.0,13.99,C,80000.0,MORTGAGE,0
28000.0,34.81,752.0,FL,10.0,2015-12-01,0.0,6.99,A,135000.0,MORTGAGE,0
2000.0,18.84,682.0,MO,5.0,2015-12-01,0.0,10.78,B,76000.0,OWN,0
19500.0,10.17,742.0,OH,10.0,2015-12-01,1.0,9.8,B,90000.0,MORTGAGE,0
11875.0,26.96,697.0,MS,10.0,2015-12-01,1.0,15.77,D,43000.0,OWN,0
25000.0,19.17,712.0,OH,10.0,2015-12-01,0.0,7.49,A,99413.0,MORTGAGE,0
8000.0,34.14,692.0,MN,10.0,2015-12-01,0.0,11.48,B,50000.0,RENT,0
5000.0,14.66,702.0,GA,10.0,2015-12-01,0.0,9.17,B,39000.0,MORTGAGE,0
25000.0,17.03,707.0,MD,1.0,2015-12-01,0.0,6.99,A,90000.0,MORTGAGE,0
8000.0,31.81,662.0,MD,10.0,2015-12-01,0.0,13.99,C,38000.0,MORTGAGE,0
17000.0,12.2,677.0,CA,9.0,2015-12-01,0.0,8.49,B,90000.0,MORTGAGE,0
5000.0,25.85,747.0,PA,10.0,2015-12-01,0.0,7.91,A,50000.0,MORTGAGE,0
8000.0,19.71,667.0,MD,1.0,2015-12-01,0.0,8.49,B,105000.0,MORTGAGE,0
9000.0,19.7,737.0,WA,10.0,2015-12-01,0.0,6.99,A,75000.0,MORTGAGE,0
4800.0,20.77,672.0,NY,2.0,2015-12-01,0.0,13.44,C,70000.0,RENT,0
16550.0,21.84,722.0,FL,8.0,2015-12-01,1.0,19.48,E,46000.0,RENT,0
10000.0,15.55,687.0,MS,10.0,2015-12-01,1.0,11.99,C,50000.0,MORTGAGE,0
3200.0,13.6,667.0,CO,4.0,2015-12-01,0.0,12.88,C,12000.0,RENT,0
21825.0,29.35,777.0,NY,10.0,2015-12-01,0.0,7.91,A,80000.0,MORTGAGE,0
14000.0,34.64,672.0,PA,8.0,2015-12-01,0.0,11.99,C,75000.0,MORTGAGE,0
25000.0,24.55,727.0,CA,8.0,2015-12-01,0.0,13.44,C,104000.0,RENT,0
28000.0,9.49,722.0,MN,1.0,2015-12-01,0.0,5.32,A,265000.0,MORTGAGE,0
11000.0,16.32,692.0,CA,4.0,2015-12-01,0.0,5.32,A,50000.0,RENT,0
7850.0,7.18,677.0,CA,1.0,2015-12-01,0.0,17.27,D,52625.0,RENT,0
7075.0,10.73,727.0,NY,1.0,2015-12-01,0.0,17.97,D,20000.0,RENT,0
8000.0,28.1,707.0,NY,1.0,2015-12-01,0.0,10.78,B,54000.0,RENT,0
28500.0,27.11,707.0,KS,1.0,2015-12-01,0.0,17.97,D,75000.0,MORTGAGE,0
13000.0,7.47,757.0,MA,4.0,2015-12-01,0.0,5.32,A,76000.0,MORTGAGE,0
3600.0,12.94,702.0,NJ,10.0,2015-12-01,0.0,15.77,D,106000.0,RENT,0
35000.0,18.74,687.0,AR,1.0,2015-12-01,0.0,22.45,F,160000.0,MORTGAGE,0
10000.0,12.94,692.0,CA,10.0,2015-12-01,0.0,10.78,B,136000.0,RENT,0
8600.0,28.76,697.0,AL,10.0,2015-12-01,1.0,9.17,B,42190.0,MORTGAGE,0
13000.0,21.21,677.0,FL,3.0,2015-12-01,0.0,8.49,B,70000.0,MORTGAGE,0
5000.0,27.9,672.0,GA,1.0,2015-12-01,0.0,11.99,C,35000.0,RENT,0
28100.0,14.97,692.0,NY,10.0,2015-12-01,0.0,17.27,D,160000.0,OWN,0
25000.0,17.11,707.0,FL,,2015-12-01,0.0,6.49,A,80000.0,MORTGAGE,0
14000.0,29.29,742.0,MI,,2015-12-01,0.0,18.49,D,32000.0,OWN,0
25000.0,31.8,712.0,WA,10.0,2015-12-01,1.0,15.77,D,143200.0,RENT,0
15000.0,29.79,682.0,FL,10.0,2015-12-01,0.0,12.88,C,46000.0,MORTGAGE,0
19350.0,33.54,677.0,VA,1.0,2015-12-01,0.0,17.27,D,75000.0,MORTGAGE,0
10000.0,11.83,662.0,CA,4.0,2015-12-01,0.0,25.09,F,110000.0,RENT,0
33550.0,32.18,682.0,CA,5.0,2015-12-01,1.0,16.59,D,144000.0,OWN,0
24000.0,24.05,697.0,IL,,2015-12-01,1.0,21.48,E,57774.0,MORTGAGE,0
5000.0,14.75,727.0,HI,6.0,2015-12-01,0.0,9.17,B,24000.0,RENT,0
18000.0,2.78,742.0,AL,10.0,2015-12-01,0.0,10.78,B,98000.0,MORTGAGE,0
24000.0,9.8,697.0,TX,2.0,2015-12-01,0.0,7.91,A,95000.0,MORTGAGE,0
9500.0,12.69,717.0,VA,10.0,2015-12-01,0.0,7.49,A,49000.0,MORTGAGE,0
7500.0,17.31,682.0,CA,1.0,2015-12-01,0.0,6.49,A,75000.0,RENT,0
14000.0,33.47,672.0,OH,1.0,2015-12-01,0.0,13.99,C,36000.0,RENT,0
18000.0,26.01,687.0,RI,1.0,2015-12-01,0.0,14.85,C,49535.0,RENT,0
12000.0,13.82,687.0,CA,1.0,2015-12-01,0.0,11.48,B,125000.0,RENT,0
13000.0,30.64,707.0,MS,1.0,2015-12-01,0.0,14.85,C,42000.0,RENT,0
15000.0,38.6,742.0,MO,10.0,2015-12-01,0.0,18.99,E,50000.0,MORTGAGE,0
13200.0,24.82,712.0,MI,10.0,2015-12-01,1.0,8.49,B,108000.0,MORTGAGE,0
5000.0,11.7,732.0,NC,10.0,2015-12-01,0.0,10.78,B,50246.0,MORTGAGE,0
16000.0,14.84,672.0,MI,1.0,2015-12-01,0.0,14.85,C,77000.0,MORTGAGE,0
13600.0,13.92,777.0,MO,4.0,2015-12-01,1.0,15.77,D,40000.0,OWN,0
12000.0,8.72,667.0,IL,10.0,2015-12-01,0.0,12.88,C,72000.0,MORTGAGE,0
9000.0,11.24,697.0,MA,10.0,2015-12-01,0.0,7.91,A,79300.0,RENT,0
13000.0,7.83,737.0,AL,9.0,2015-12-01,0.0,5.32,A,76000.0,MORTGAGE,0
10000.0,15.83,672.0,LA,10.0,2015-12-01,0.0,11.48,B,150000.0,MORTGAGE,0
16275.0,35.19,697.0,CA,10.0,2015-12-01,1.0,17.97,D,36180.0,RENT,0
10650.0,31.89,692.0,TX,1.0,2015-12-01,0.0,15.77,D,33000.0,OWN,0
15000.0,29.84,672.0,HI,10.0,2015-12-01,1.0,9.8,B,58000.0,RENT,0
21000.0,11.73,687.0,FL,10.0,2015-12-01,0.0,9.8,B,162000.0,MORTGAGE,0
15000.0,18.82,677.0,MD,3.0,2015-12-01,0.0,11.48,B,55000.0,RENT,0
16000.0,23.33,692.0,CO,,2015-12-01,0.0,17.27,D,48305.0,RENT,0
35000.0,25.62,677.0,TX,3.0,2015-12-01,0.0,17.27,D,120000.0,RENT,0
15300.0,23.67,677.0,AR,8.0,2015-12-01,0.0,13.99,C,86000.0,MORTGAGE,0
12000.0,13.56,712.0,GA,,2015-12-01,0.0,11.48,B,102000.0,MORTGAGE,0
23250.0,19.51,667.0,AZ,10.0,2015-12-01,0.0,17.97,D,70000.0,MORTGAGE,0
5000.0,17.25,672.0,NJ,,2015-12-01,0.0,8.49,B,43000.0,RENT,0
11450.0,12.35,722.0,TX,10.0,2015-12-01,0.0,13.44,C,100000.0,MORTGAGE,0
15000.0,31.61,692.0,IL,2.0,2015-12-01,0.0,9.8,B,68000.0,RENT,0
6600.0,17.46,702.0,NC,6.0,2015-12-01,0.0,19.48,E,22000.0,RENT,0
10000.0,3.34,667.0,NY,8.0,2015-12-01,0.0,8.49,B,59600.0,MORTGAGE,0
12000.0,26.51,672.0,GA,10.0,2015-12-01,1.0,8.49,B,70000.0,MORTGAGE,0
5250.0,17.71,677.0,OK,10.0,2015-12-01,0.0,15.77,D,66000.0,MORTGAGE,0
12000.0,11.33,672.0,CT,10.0,2015-12-01,0.0,11.99,C,104000.0,MORTGAGE,0
16000.0,10.83,797.0,CA,6.0,2015-12-01,0.0,7.91,A,58000.0,MORTGAGE,0
3775.0,8.75,692.0,TX,10.0,2015-12-01,0.0,11.48,B,62000.0,RENT,0
20000.0,15.95,692.0,OH,10.0,2015-12-01,0.0,7.49,A,80000.0,MORTGAGE,0
15000.0,15.3,737.0,KS,3.0,2015-12-01,0.0,11.99,C,80000.0,RENT,0
30000.0,25.57,677.0,CA,4.0,2015-12-01,1.0,12.88,C,190617.0,RENT,0
15000.0,7.03,667.0,CO,1.0,2015-12-01,1.0,14.85,C,48000.0,OWN,0
35000.0,7.19,702.0,IL,10.0,2015-12-01,0.0,12.88,C,95000.0,RENT,0
14400.0,12.5,677.0,GA,7.0,2015-12-01,0.0,14.85,C,62000.0,RENT,0
16000.0,22.49,667.0,MA,10.0,2015-12-01,0.0,8.49,B,95000.0,MORTGAGE,0
35000.0,13.84,732.0,AL,8.0,2015-12-01,0.0,17.97,D,96310.0,MORTGAGE,0
16000.0,7.62,662.0,WA,10.0,2015-12-01,1.0,19.48,E,105000.0,OWN,0
11775.0,20.05,712.0,AL,2.0,2015-12-01,0.0,6.49,A,62000.0,MORTGAGE,0
6000.0,26.76,702.0,FL,10.0,2015-12-01,0.0,10.78,B,44000.0,MORTGAGE,0
5000.0,19.99,722.0,VA,3.0,2015-12-01,0.0,7.91,A,55000.0,MORTGAGE,0
11500.0,29.11,677.0,UT,4.0,2015-12-01,0.0,19.48,E,32000.0,RENT,0
25000.0,18.89,702.0,CA,,2015-12-01,0.0,10.78,B,93983.0,MORTGAGE,0
20000.0,25.15,682.0,TX,1.0,2015-12-01,0.0,8.49,B,70000.0,RENT,0
16000.0,15.41,692.0,NY,10.0,2015-12-01,0.0,9.17,B,67885.33,MORTGAGE,0
16000.0,21.72,692.0,DC,4.0,2015-12-01,0.0,8.49,B,60000.0,RENT,0
8000.0,4.74,662.0,CA,2.0,2015-12-01,0.0,13.99,C,180000.0,MORTGAGE,0
14000.0,15.74,757.0,CA,1.0,2015-12-01,0.0,5.32,A,87000.0,RENT,0
5600.0,19.7,662.0,CO,1.0,2015-12-01,0.0,11.99,C,160000.0,MORTGAGE,0
2700.0,34.45,677.0,IN,2.0,2015-12-01,0.0,11.48,B,35000.0,RENT,0
16000.0,22.86,697.0,FL,10.0,2015-12-01,0.0,11.99,C,75000.0,MORTGAGE,0
1000.0,10.52,672.0,NY,3.0,2015-12-01,0.0,12.88,C,65000.0,RENT,0
8000.0,9.03,717.0,CA,10.0,2015-12-01,0.0,12.88,C,55000.0,MORTGAGE,0
10000.0,25.06,662.0,OH,10.0,2015-12-01,0.0,11.48,B,75000.0,OWN,0
5000.0,13.2,672.0,AL,2.0,2015-12-01,1.0,19.48,E,24000.0,OWN,0
17500.0,24.17,697.0,MD,10.0,2015-12-01,1.0,18.49,D,78250.0,RENT,0
30000.0,16.93,672.0,MD,10.0,2015-12-01,0.0,15.77,D,110000.0,MORTGAGE,0
6950.0,15.38,667.0,CA,,2015-12-01,0.0,13.99,C,24199.8,OWN,0
3000.0,25.74,682.0,CA,1.0,2015-12-01,0.0,15.77,D,77500.0,OWN,0
12000.0,25.25,667.0,TN,10.0,2015-12-01,0.0,11.48,B,77000.0,MORTGAGE,0
11200.0,25.98,672.0,AZ,1.0,2015-12-01,0.0,19.48,E,40000.0,MORTGAGE,0
10000.0,13.9,677.0,VA,10.0,2015-12-01,0.0,9.17,B,38000.0,MORTGAGE,0
7200.0,26.64,672.0,KY,8.0,2015-12-01,1.0,11.48,B,60000.0,RENT,0
16800.0,21.87,662.0,GA,3.0,2015-12-01,0.0,12.88,C,80000.0,RENT,0
26500.0,25.84,707.0,IL,1.0,2015-12-01,0.0,13.44,C,53000.0,RENT,0
7325.0,36.16,692.0,TX,10.0,2015-12-01,0.0,16.59,D,45000.0,OWN,0
21000.0,7.05,662.0,MN,9.0,2015-12-01,0.0,18.49,D,65000.0,MORTGAGE,0
12500.0,14.38,742.0,CA,1.0,2015-12-01,0.0,5.32,A,150000.0,MORTGAGE,0
12000.0,23.9,742.0,LA,5.0,2015-12-01,0.0,9.17,B,80000.0,MORTGAGE,0
8000.0,3.23,737.0,IL,1.0,2015-12-01,0.0,7.49,A,80000.0,MORTGAGE,0
13000.0,31.73,667.0,PA,10.0,2015-12-01,0.0,11.99,C,50000.0,MORTGAGE,0
24000.0,26.88,712.0,IL,10.0,2015-12-01,0.0,7.91,A,68000.0,MORTGAGE,0
12000.0,7.5,677.0,NJ,,2015-12-01,0.0,13.99,C,60000.0,MORTGAGE,0
20000.0,7.37,742.0,CA,10.0,2015-12-01,0.0,6.49,A,145000.0,MORTGAGE,0
2800.0,3.76,712.0,OR,3.0,2015-12-01,0.0,9.17,B,52000.0,RENT,0
12000.0,19.45,662.0,FL,10.0,2015-12-01,0.0,11.99,C,48000.0,RENT,0
25000.0,10.5,667.0,CA,9.0,2015-12-01,0.0,12.88,C,100000.0,RENT,0
4200.0,8.85,667.0,TN,10.0,2015-12-01,0.0,9.17,B,42000.0,RENT,0
24000.0,18.6,667.0,CT,1.0,2015-12-01,0.0,18.49,D,148500.0,RENT,0
21000.0,12.58,677.0,CO,1.0,2015-12-01,0.0,17.27,D,105000.0,RENT,0
24000.0,14.91,662.0,CA,3.0,2015-12-01,1.0,10.78,B,150000.0,OWN,0
20000.0,16.65,777.0,OR,1.0,2015-12-01,0.0,5.32,A,140000.0,OWN,0
7200.0,27.33,687.0,NE,10.0,2015-12-01,1.0,7.91,A,75000.0,MORTGAGE,0
9000.0,21.51,717.0,SC,10.0,2015-12-01,0.0,11.99,C,76000.0,OWN,0
23700.0,32.98,722.0,NY,4.0,2015-12-01,1.0,13.44,C,64000.0,MORTGAGE,0
13800.0,13.14,697.0,CO,10.0,2015-12-01,0.0,23.13,F,59000.0,MORTGAGE,0
13000.0,32.98,732.0,OR,10.0,2015-12-01,0.0,13.99,C,45156.0,MORTGAGE,0
7500.0,17.05,717.0,AL,10.0,2015-12-01,0.0,6.49,A,52513.0,RENT,0
6400.0,24.64,697.0,MD,10.0,2015-12-01,0.0,9.8,B,120000.0,MORTGAGE,0
2000.0,23.11,707.0,VA,4.0,2015-12-01,0.0,6.49,A,98000.0,MORTGAGE,0
20000.0,19.32,682.0,CA,1.0,2015-12-01,0.0,22.45,F,40000.0,MORTGAGE,0
6000.0,15.3,682.0,VA,1.0,2015-12-01,0.0,7.91,A,66150.0,RENT,0
11000.0,16.3,687.0,NV,8.0,2015-12-01,0.0,10.78,B,55000.0,MORTGAGE,0
30000.0,26.01,732.0,PA,10.0,2015-12-01,0.0,9.17,B,80000.0,OWN,0
10000.0,15.44,672.0,NJ,2.0,2015-12-01,0.0,13.44,C,61000.0,OWN,0
29650.0,29.51,677.0,ND,2.0,2015-12-01,0.0,19.89,E,71000.0,MORTGAGE,0
3300.0,10.77,662.0,VA,2.0,2015-12-01,0.0,10.78,B,32000.0,OWN,0
10000.0,7.33,672.0,NV,10.0,2015-12-01,0.0,9.8,B,95000.0,OWN,0
8000.0,6.05,667.0,NM,10.0,2015-12-01,0.0,10.78,B,35500.0,MORTGAGE,0
19200.0,18.33,697.0,CA,1.0,2015-12-01,0.0,11.48,B,125000.0,RENT,0
8000.0,13.95,692.0,CA,10.0,2015-12-01,0.0,11.48,B,80000.0,RENT,0
4500.0,3.17,717.0,NY,1.0,2015-12-01,0.0,16.59,D,62275.0,RENT,0
13500.0,13.27,777.0,CO,1.0,2015-12-01,0.0,6.49,A,105000.0,RENT,0
5000.0,16.96,692.0,CA,2.0,2015-12-01,0.0,6.99,A,106000.0,MORTGAGE,0
12000.0,10.9,732.0,CA,4.0,2015-12-01,0.0,7.49,A,96000.0,MORTGAGE,0
28000.0,24.41,692.0,PA,10.0,2015-12-01,0.0,5.32,A,107000.0,MORTGAGE,0
5000.0,13.2,672.0,MI,3.0,2015-12-01,0.0,12.88,C,55000.0,MORTGAGE,0
10000.0,16.85,667.0,NJ,2.0,2015-12-01,0.0,13.99,C,107000.0,RENT,0
4000.0,14.43,677.0,CA,1.0,2015-12-01,0.0,13.44,C,45000.0,RENT,0
21000.0,17.39,697.0,WV,6.0,2015-12-01,0.0,10.78,B,65000.0,MORTGAGE,0
20800.0,8.5,667.0,MI,1.0,2015-12-01,0.0,7.91,A,101000.0,RENT,0
5500.0,12.68,737.0,AL,7.0,2015-12-01,0.0,9.17,B,32000.0,MORTGAGE,0
12000.0,18.54,707.0,GA,10.0,2015-12-01,0.0,9.17,B,39500.0,OWN,0
14500.0,29.41,742.0,NV,1.0,2015-12-01,0.0,18.49,D,42772.0,RENT,0
11725.0,19.99,672.0,NM,5.0,2015-12-01,0.0,18.49,D,58000.0,RENT,0
11375.0,13.58,662.0,TN,1.0,2015-12-01,0.0,15.77,D,45600.0,MORTGAGE,0
23275.0,31.11,712.0,MO,3.0,2015-12-01,1.0,16.59,D,54000.0,MORTGAGE,0
20150.0,26.03,702.0,FL,10.0,2015-12-01,0.0,22.45,F,56000.0,RENT,0
20000.0,21.53,662.0,IL,10.0,2015-12-01,0.0,9.17,B,125000.0,MORTGAGE,0
2400.0,11.73,662.0,CT,8.0,2015-12-01,0.0,11.48,B,61000.0,RENT,0
10000.0,21.14,717.0,NJ,7.0,2015-12-01,0.0,7.91,A,55000.0,MORTGAGE,0
15000.0,20.05,712.0,MO,10.0,2015-12-01,0.0,7.91,A,31000.0,MORTGAGE,0
21000.0,30.58,662.0,KY,3.0,2015-12-01,1.0,17.97,D,50000.0,MORTGAGE,0
18500.0,21.63,682.0,MN,10.0,2015-12-01,0.0,13.99,C,76000.0,MORTGAGE,0
5000.0,7.04,702.0,OH,2.0,2015-12-01,0.0,10.78,B,90000.0,RENT,0
11200.0,6.54,687.0,CT,10.0,2015-12-01,0.0,13.99,C,120000.0,MORTGAGE,0
10000.0,17.89,747.0,TX,10.0,2015-12-01,0.0,7.91,A,125000.0,OWN,0
5000.0,20.97,672.0,NV,1.0,2015-12-01,1.0,10.78,B,40000.0,RENT,0
20000.0,19.37,712.0,NY,2.0,2015-12-01,0.0,9.17,B,95000.0,RENT,0
9600.0,10.16,662.0,MA,4.0,2015-12-01,0.0,11.99,C,29000.0,RENT,0
10100.0,13.64,667.0,MA,2.0,2015-12-01,0.0,11.48,B,96000.0,RENT,0
2000.0,23.43,702.0,IL,2.0,2015-12-01,0.0,13.44,C,55000.0,RENT,0
24000.0,16.42,742.0,CA,4.0,2015-12-01,0.0,7.49,A,111000.0,RENT,0
35000.0,21.45,752.0,VA,2.0,2015-12-01,1.0,17.97,D,140000.0,MORTGAGE,0
5000.0,6.62,817.0,ME,10.0,2015-12-01,0.0,5.32,A,70000.0,OWN,0
23500.0,3.18,672.0,GA,1.0,2015-12-01,1.0,10.78,B,61850.0,RENT,0
30000.0,22.73,682.0,FL,10.0,2015-12-01,1.0,15.77,D,110000.0,MORTGAGE,0
28000.0,32.58,697.0,TX,9.0,2015-12-01,0.0,10.78,B,120000.0,MORTGAGE,0
28000.0,12.25,662.0,NY,1.0,2015-12-01,0.0,13.44,C,120000.0,RENT,0
8000.0,14.52,757.0,IL,2.0,2015-12-01,0.0,6.49,A,112000.0,MORTGAGE,0
28000.0,14.58,687.0,FL,1.0,2015-12-01,0.0,12.88,C,80000.0,RENT,0
3000.0,12.42,787.0,CO,7.0,2015-12-01,0.0,9.17,B,85000.0,MORTGAGE,0
18000.0,20.34,697.0,OH,3.0,2015-12-01,1.0,13.99,C,70000.0,MORTGAGE,0
5400.0,29.69,692.0,TX,4.0,2015-12-01,0.0,6.49,A,90000.0,RENT,0
15000.0,12.34,702.0,FL,9.0,2015-12-01,0.0,12.88,C,109000.0,RENT,0
16400.0,27.53,682.0,NY,3.0,2015-12-01,0.0,21.48,E,56157.0,OWN,0
20800.0,21.21,667.0,MN,2.0,2015-12-01,0.0,13.99,C,55000.0,MORTGAGE,0
10000.0,29.31,692.0,SC,10.0,2015-12-01,0.0,13.99,C,52000.0,OWN,0
20000.0,24.89,667.0,FL,10.0,2015-12-01,1.0,8.49,B,85000.0,OWN,0
15000.0,1.61,712.0,WY,2.0,2015-12-01,0.0,14.85,C,50000.0,OWN,0
6800.0,13.32,687.0,MO,2.0,2015-12-01,0.0,8.49,B,40000.0,MORTGAGE,0
8400.0,1.45,762.0,CO,10.0,2015-12-01,0.0,12.88,C,44000.0,MORTGAGE,0
4500.0,4.85,742.0,TX,7.0,2015-12-01,0.0,9.8,B,24000.0,RENT,0
16800.0,16.88,702.0,OK,5.0,2015-12-01,0.0,14.85,C,64000.0,RENT,0
15000.0,27.32,717.0,CO,10.0,2015-12-01,0.0,18.49,D,72000.0,MORTGAGE,0
4000.0,12.82,682.0,CT,10.0,2015-12-01,0.0,11.48,B,56000.0,RENT,0
35000.0,31.96,667.0,TN,10.0,2015-12-01,0.0,19.89,E,225000.0,MORTGAGE,0
25000.0,5.43,687.0,GA,1.0,2015-12-01,0.0,12.88,C,207000.0,RENT,0
6000.0,10.47,732.0,TX,1.0,2015-12-01,1.0,12.88,C,48000.0,RENT,0
30000.0,18.53,682.0,AZ,4.0,2015-12-01,0.0,9.17,B,120000.0,MORTGAGE,0
5000.0,30.57,682.0,OH,4.0,2015-12-01,0.0,8.49,B,38000.0,RENT,0
12000.0,1.89,682.0,TN,,2015-12-01,0.0,17.97,D,40000.0,MORTGAGE,0
7200.0,22.98,667.0,VA,9.0,2015-12-01,0.0,11.48,B,69460.0,RENT,0
20000.0,28.89,672.0,CA,,2015-12-01,0.0,20.5,E,55000.0,MORTGAGE,0
3000.0,28.53,662.0,MD,10.0,2015-12-01,1.0,17.27,D,40800.0,RENT,0
16000.0,10.12,717.0,MI,10.0,2015-12-01,0.0,18.99,E,85000.0,MORTGAGE,0
10000.0,31.8,667.0,NV,3.0,2015-12-01,1.0,16.59,D,28000.0,OWN,0
9000.0,24.52,662.0,CT,2.0,2015-12-01,0.0,13.99,C,28000.0,RENT,0
11950.0,4.33,667.0,NY,5.0,2015-12-01,1.0,13.99,C,75000.0,RENT,0
18000.0,27.34,682.0,TX,8.0,2015-12-01,1.0,11.99,C,88000.0,MORTGAGE,0
16800.0,24.56,727.0,VA,3.0,2015-12-01,0.0,8.49,B,58000.0,MORTGAGE,0
35000.0,3.04,707.0,NY,10.0,2015-12-01,0.0,18.99,E,90000.0,MORTGAGE,0
6125.0,16.6,727.0,MD,1.0,2015-12-01,1.0,5.32,A,30000.0,MORTGAGE,0
11400.0,23.64,687.0,NJ,5.0,2015-12-01,0.0,11.48,B,50000.0,RENT,0
20000.0,14.56,692.0,FL,1.0,2015-12-01,0.0,7.91,A,60000.0,MORTGAGE,0
2000.0,29.46,677.0,OK,7.0,2015-12-01,1.0,12.88,C,36000.0,MORTGAGE,0
15000.0,25.06,697.0,NY,3.0,2015-12-01,1.0,9.8,B,49282.0,RENT,0
22400.0,18.07,697.0,FL,10.0,2015-12-01,0.0,10.78,B,68557.0,MORTGAGE,0
24000.0,14.3,692.0,CA,10.0,2015-12-01,1.0,13.99,C,129000.0,MORTGAGE,0
10000.0,7.03,667.0,NV,9.0,2015-12-01,0.0,14.85,C,35000.0,MORTGAGE,0
29500.0,20.08,662.0,SC,10.0,2015-12-01,0.0,13.44,C,59000.0,OWN,0
31000.0,24.11,662.0,WA,5.0,2015-12-01,0.0,18.49,D,70000.0,RENT,0
30000.0,30.16,742.0,AL,3.0,2015-12-01,0.0,11.48,B,75000.0,MORTGAGE,0
5000.0,29.18,677.0,CA,10.0,2015-12-01,0.0,18.99,E,48000.0,MORTGAGE,0
11200.0,26.78,667.0,LA,10.0,2015-12-01,0.0,11.48,B,80000.0,MORTGAGE,0
16000.0,30.62,692.0,NC,10.0,2015-12-01,1.0,11.48,B,62000.0,MORTGAGE,0
7000.0,6.64,677.0,CA,5.0,2015-12-01,0.0,9.17,B,75000.0,RENT,0
7400.0,28.41,677.0,FL,6.0,2015-12-01,0.0,17.97,D,88000.0,RENT,0
2000.0,15.17,717.0,MD,10.0,2015-12-01,0.0,8.49,B,45000.0,MORTGAGE,0
12300.0,0.81,802.0,WI,1.0,2015-12-01,0.0,9.8,B,125000.0,MORTGAGE,0
8500.0,5.4,707.0,CA,,2015-12-01,0.0,9.8,B,98000.0,MORTGAGE,0
7300.0,18.29,687.0,CA,1.0,2015-12-01,0.0,6.99,A,105000.0,RENT,0
10075.0,18.88,667.0,CA,2.0,2015-12-01,1.0,13.44,C,30000.0,RENT,0
9600.0,23.35,722.0,CA,5.0,2015-12-01,0.0,9.8,B,61000.0,MORTGAGE,0
24000.0,34.77,667.0,OH,10.0,2015-12-01,0.0,18.99,E,75000.0,MORTGAGE,0
5875.0,16.78,667.0,VA,9.0,2015-12-01,0.0,19.89,E,54000.0,RENT,0
13975.0,17.56,667.0,CA,1.0,2015-12-01,1.0,19.48,E,62000.0,RENT,0
14575.0,27.53,737.0,WA,10.0,2015-12-01,0.0,9.8,B,65000.0,MORTGAGE,0
16225.0,28.53,682.0,OR,4.0,2015-12-01,0.0,23.13,F,63000.0,RENT,0
11975.0,34.31,662.0,CO,7.0,2015-12-01,0.0,21.48,E,46000.0,MORTGAGE,0
10000.0,22.43,687.0,CA,4.0,2015-12-01,0.0,10.78,B,48000.0,RENT,0
7450.0,17.26,662.0,VA,10.0,2015-12-01,1.0,18.99,E,58000.0,MORTGAGE,0
17000.0,12.58,747.0,NV,7.0,2015-12-01,0.0,9.17,B,78000.0,MORTGAGE,0
15000.0,18.28,662.0,UT,1.0,2015-12-01,1.0,13.44,C,51480.0,RENT,0
20000.0,24.87,722.0,NY,10.0,2015-12-01,0.0,9.17,B,86000.0,MORTGAGE,0
5000.0,21.3,682.0,NY,6.0,2015-12-01,0.0,9.8,B,102000.0,RENT,0
16000.0,10.95,692.0,VA,5.0,2015-12-01,0.0,8.49,B,50000.0,MORTGAGE,0
20000.0,9.89,682.0,CA,10.0,2015-12-01,0.0,6.99,A,145000.0,OWN,0
5000.0,11.61,677.0,VA,3.0,2015-12-01,0.0,11.48,B,55000.0,MORTGAGE,0
8000.0,16.62,722.0,ND,2.0,2015-12-01,1.0,9.17,B,52936.0,RENT,0
12000.0,11.23,662.0,NY,10.0,2015-12-01,0.0,11.48,B,56000.0,RENT,0
18000.0,14.5,722.0,MI,3.0,2015-12-01,0.0,8.49,B,72000.0,RENT,0
35000.0,21.43,667.0,CT,10.0,2015-12-01,1.0,13.44,C,177000.0,OWN,0
12000.0,13.27,722.0,NJ,3.0,2015-12-01,1.0,10.78,B,63000.0,RENT,0
15000.0,28.43,677.0,OH,1.0,2015-12-01,0.0,13.99,C,145000.0,MORTGAGE,0
6000.0,25.25,672.0,FL,1.0,2015-12-01,0.0,9.8,B,25000.0,RENT,0
12000.0,3.38,687.0,SD,10.0,2015-12-01,1.0,13.44,C,42600.0,OWN,0
10000.0,17.44,677.0,FL,10.0,2015-12-01,0.0,9.8,B,82000.0,RENT,0
11175.0,9.3,662.0,AK,5.0,2015-12-01,0.0,9.17,B,142654.66,RENT,0
6400.0,5.1,677.0,MO,3.0,2015-12-01,0.0,8.49,B,115000.0,MORTGAGE,0
20000.0,24.68,677.0,CA,8.0,2015-12-01,0.0,13.99,C,66000.0,RENT,0
35000.0,7.13,762.0,IL,10.0,2015-12-01,0.0,21.48,E,650000.0,MORTGAGE,0
27000.0,25.12,662.0,NC,1.0,2015-12-01,0.0,19.48,E,60000.0,MORTGAGE,0
6000.0,7.73,692.0,AR,1.0,2015-12-01,0.0,11.48,B,48000.0,MORTGAGE,0
7500.0,18.8,732.0,OH,10.0,2015-12-01,0.0,6.99,A,51000.0,MORTGAGE,0
30000.0,15.92,662.0,IL,8.0,2015-12-01,0.0,23.13,F,87000.0,RENT,0
16000.0,13.98,717.0,TX,1.0,2015-12-01,0.0,7.91,A,300000.0,MORTGAGE,0
9600.0,24.31,682.0,IL,10.0,2015-12-01,1.0,12.88,C,89000.0,MORTGAGE,0
24000.0,37.97,737.0,MO,10.0,2015-12-01,1.0,14.85,C,70000.0,MORTGAGE,0
15000.0,18.24,662.0,CA,10.0,2015-12-01,0.0,17.27,D,65000.0,RENT,0
8000.0,16.76,667.0,CA,7.0,2015-12-01,0.0,11.99,C,57000.0,MORTGAGE,0
34000.0,16.49,697.0,PA,10.0,2015-12-01,0.0,15.77,D,118000.0,MORTGAGE,0
12000.0,26.92,677.0,IN,10.0,2015-12-01,0.0,21.48,E,30000.0,OWN,0
20000.0,24.78,692.0,PA,8.0,2015-12-01,0.0,20.5,E,67500.0,MORTGAGE,0
5000.0,16.36,687.0,CT,1.0,2015-12-01,0.0,10.78,B,50000.0,MORTGAGE,0
8675.0,27.22,677.0,FL,9.0,2015-12-01,0.0,13.99,C,40166.0,MORTGAGE,0
7000.0,27.0,772.0,MD,,2015-12-01,0.0,6.99,A,65000.0,MORTGAGE,0
15000.0,9.33,702.0,MN,,2015-12-01,0.0,7.49,A,76000.0,MORTGAGE,0
12000.0,19.31,717.0,SC,10.0,2015-12-01,0.0,12.88,C,178500.0,OWN,0
20000.0,15.49,697.0,PA,2.0,2015-12-01,0.0,13.44,C,82500.0,OWN,0
20000.0,11.76,702.0,NY,10.0,2015-12-01,0.0,6.99,A,80000.0,RENT,0
4875.0,26.01,782.0,WI,10.0,2015-12-01,0.0,9.17,B,70000.0,MORTGAGE,0
24000.0,23.12,677.0,MA,10.0,2015-12-01,0.0,11.99,C,130000.0,MORTGAGE,0
35000.0,24.92,717.0,CT,5.0,2015-12-01,0.0,22.45,F,85000.0,MORTGAGE,0
14400.0,33.47,682.0,MI,2.0,2015-12-01,0.0,13.44,C,73500.0,MORTGAGE,0
35000.0,18.2,712.0,MN,10.0,2015-12-01,0.0,13.44,C,86000.0,RENT,0
14250.0,22.45,692.0,NV,5.0,2015-12-01,0.0,15.77,D,31000.0,MORTGAGE,0
30000.0,22.97,697.0,MS,7.0,2015-12-01,0.0,11.99,C,110000.0,MORTGAGE,0
28800.0,12.78,702.0,NJ,10.0,2015-12-01,0.0,11.99,C,105000.0,RENT,0
6000.0,36.3,672.0,MO,6.0,2015-12-01,0.0,13.44,C,22652.0,OWN,0
16000.0,23.06,672.0,MO,10.0,2015-12-01,0.0,11.99,C,98000.0,MORTGAGE,0
4850.0,18.37,672.0,GA,5.0,2015-12-01,0.0,11.99,C,39000.0,MORTGAGE,0
25000.0,18.12,682.0,LA,10.0,2015-12-01,0.0,11.48,B,60000.0,OWN,0
13200.0,8.49,682.0,MD,10.0,2015-12-01,0.0,6.49,A,110000.0,MORTGAGE,0
20000.0,7.59,667.0,CA,4.0,2015-12-01,1.0,17.97,D,70200.0,RENT,0
25000.0,16.57,727.0,CT,10.0,2015-12-01,0.0,12.88,C,120000.0,RENT,0
8000.0,21.57,697.0,LA,6.0,2015-12-01,0.0,8.49,B,42000.0,MORTGAGE,0
10000.0,21.24,677.0,IL,10.0,2015-12-01,0.0,13.99,C,120000.0,MORTGAGE,0
14075.0,22.51,667.0,MI,10.0,2015-12-01,0.0,11.99,C,32000.0,RENT,0
6500.0,29.27,667.0,OH,1.0,2015-12-01,1.0,11.48,B,62000.0,MORTGAGE,0
5000.0,20.75,707.0,CA,10.0,2015-12-01,0.0,9.8,B,28000.0,RENT,0
15000.0,13.75,682.0,WA,10.0,2015-12-01,0.0,10.78,B,128000.0,RENT,0
9150.0,10.62,662.0,CA,6.0,2015-12-01,0.0,17.27,D,26000.0,MORTGAGE,0
6000.0,15.2,762.0,OK,1.0,2015-12-01,0.0,9.8,B,45000.0,RENT,0
10000.0,13.11,707.0,NY,7.0,2015-12-01,1.0,7.91,A,105000.0,MORTGAGE,0
3500.0,29.95,732.0,CA,3.0,2015-12-01,0.0,7.49,A,32000.0,RENT,0
11000.0,26.32,787.0,TX,10.0,2015-12-01,0.0,6.49,A,75000.0,MORTGAGE,0
5000.0,13.34,672.0,OR,10.0,2015-12-01,0.0,12.88,C,60000.0,RENT,0
6000.0,20.37,662.0,NV,10.0,2015-12-01,0.0,11.99,C,95000.0,MORTGAGE,0
35000.0,6.59,737.0,NY,3.0,2015-12-01,0.0,8.49,B,150000.0,RENT,0
6000.0,11.71,737.0,CA,10.0,2015-12-01,0.0,6.99,A,110000.0,RENT,0
7500.0,4.5,687.0,FL,10.0,2015-12-01,0.0,8.49,B,60000.0,OWN,0
35000.0,24.96,677.0,SC,2.0,2015-12-01,0.0,13.99,C,128000.0,MORTGAGE,0
18000.0,25.36,742.0,NY,10.0,2015-12-01,0.0,9.17,B,52000.0,RENT,0
8700.0,2.19,662.0,TX,6.0,2015-12-01,0.0,9.17,B,110000.0,MORTGAGE,0
10800.0,32.18,677.0,MD,6.0,2015-12-01,0.0,13.99,C,37000.0,RENT,0
6000.0,25.58,672.0,FL,9.0,2015-12-01,0.0,10.78,B,50000.0,OWN,0
10000.0,28.24,667.0,OH,3.0,2015-12-01,0.0,11.99,C,75000.0,MORTGAGE,0
6000.0,5.02,672.0,GA,3.0,2015-12-01,0.0,13.44,C,60000.0,MORTGAGE,0
32450.0,30.94,702.0,GA,5.0,2015-12-01,1.0,17.97,D,87000.0,MORTGAGE,0
17150.0,27.5,672.0,NY,,2015-12-01,0.0,8.49,B,62675.0,OWN,0
24000.0,32.28,722.0,NC,6.0,2015-12-01,0.0,6.99,A,265000.0,MORTGAGE,0
24000.0,11.8,667.0,WA,1.0,2015-12-01,0.0,8.49,B,80000.0,MORTGAGE,0
6000.0,21.72,687.0,TX,10.0,2015-12-01,1.0,9.8,B,59000.0,MORTGAGE,0
14150.0,26.9,667.0,AZ,3.0,2015-12-01,1.0,19.89,E,68000.0,RENT,0
6000.0,15.87,702.0,CA,,2015-12-01,0.0,11.99,C,33680.0,MORTGAGE,0
5750.0,14.32,672.0,CA,4.0,2015-12-01,0.0,15.77,D,65000.0,RENT,0
11000.0,9.35,707.0,CA,1.0,2015-12-01,0.0,5.32,A,76000.0,RENT,0
35000.0,26.21,707.0,GA,10.0,2015-12-01,0.0,14.85,C,89000.0,MORTGAGE,0
17850.0,30.25,672.0,FL,1.0,2015-12-01,1.0,21.48,E,42500.0,MORTGAGE,0
1000.0,18.57,662.0,TX,4.0,2015-12-01,0.0,11.99,C,53000.0,RENT,0
5600.0,16.41,662.0,SC,2.0,2015-12-01,0.0,11.99,C,80000.0,RENT,0
19500.0,15.17,692.0,AR,4.0,2015-12-01,0.0,16.59,D,58000.0,MORTGAGE,0
8000.0,8.2,702.0,TX,8.0,2015-12-01,0.0,10.78,B,35000.0,RENT,0
18800.0,19.28,742.0,SC,10.0,2015-12-01,0.0,13.99,C,47000.0,MORTGAGE,0
10525.0,38.42,672.0,WI,5.0,2015-12-01,0.0,18.49,D,41104.0,RENT,0
21000.0,18.68,682.0,NY,7.0,2015-12-01,0.0,9.8,B,152000.0,RENT,0
6700.0,25.76,662.0,NC,,2015-12-01,0.0,9.8,B,18395.0,RENT,0
6500.0,18.52,667.0,NC,1.0,2015-12-01,0.0,10.78,B,60000.0,RENT,0
20000.0,16.42,692.0,AR,9.0,2015-12-01,0.0,7.49,A,125000.0,MORTGAGE,0
16000.0,11.57,697.0,MN,10.0,2015-12-01,0.0,13.99,C,80000.0,RENT,0
18000.0,14.29,667.0,TX,8.0,2015-12-01,0.0,19.48,E,65000.0,MORTGAGE,0
25000.0,28.91,707.0,NC,10.0,2015-12-01,1.0,17.97,D,55000.0,RENT,0
15000.0,27.53,727.0,CA,7.0,2015-12-01,0.0,9.8,B,60000.0,RENT,0
15000.0,16.58,672.0,PA,8.0,2015-12-01,0.0,11.99,C,60000.0,OWN,0
17600.0,16.45,677.0,CA,9.0,2015-12-01,0.0,14.85,C,96000.0,MORTGAGE,0
7675.0,31.59,697.0,MO,3.0,2015-12-01,0.0,12.88,C,37835.0,RENT,0
4800.0,20.51,682.0,MD,10.0,2015-12-01,1.0,11.48,B,90000.0,MORTGAGE,0
4000.0,4.58,712.0,TX,,2015-12-01,0.0,9.17,B,38000.0,OWN,0
12000.0,6.38,747.0,CA,10.0,2015-12-01,0.0,9.17,B,130000.0,MORTGAGE,0
20000.0,10.96,732.0,PA,,2015-12-01,0.0,11.99,C,52000.0,RENT,0
30000.0,15.61,662.0,CT,9.0,2015-12-01,0.0,13.44,C,115000.0,MORTGAGE,0
20000.0,10.97,732.0,MO,9.0,2015-12-01,0.0,5.32,A,65000.0,MORTGAGE,0
11000.0,7.63,667.0,CO,10.0,2015-12-01,0.0,11.99,C,113000.0,RENT,0
22500.0,16.28,687.0,MD,10.0,2015-12-01,0.0,13.99,C,67000.0,MORTGAGE,0
10000.0,33.77,682.0,MI,4.0,2015-12-01,0.0,8.49,B,42000.0,MORTGAGE,0
1000.0,24.95,727.0,PA,10.0,2015-12-01,0.0,7.49,A,35360.0,MORTGAGE,0
8000.0,36.18,667.0,SC,3.0,2015-12-01,0.0,13.44,C,55000.0,MORTGAGE,0
5000.0,9.53,727.0,TN,10.0,2015-12-01,0.0,5.32,A,70000.0,MORTGAGE,0
16800.0,20.51,682.0,NY,,2015-12-01,0.0,22.45,F,50000.0,MORTGAGE,0
16000.0,21.45,677.0,GA,10.0,2015-12-01,0.0,9.8,B,72000.0,MORTGAGE,0
27200.0,21.58,752.0,TX,3.0,2015-12-01,0.0,9.8,B,75000.0,MORTGAGE,0
15500.0,20.34,687.0,VA,9.0,2015-12-01,0.0,13.99,C,75000.0,MORTGAGE,0
10000.0,31.17,682.0,FL,3.0,2015-12-01,0.0,9.17,B,80000.0,RENT,0
12000.0,31.42,672.0,NJ,10.0,2015-12-01,0.0,14.85,C,110000.0,MORTGAGE,0
21000.0,18.02,692.0,TX,10.0,2015-12-01,1.0,21.48,E,150000.0,MORTGAGE,0
10200.0,17.76,717.0,FL,2.0,2015-12-01,0.0,19.48,E,30000.0,RENT,0
18000.0,20.39,702.0,TX,2.0,2015-12-01,0.0,13.99,C,105000.0,MORTGAGE,0
28000.0,31.77,697.0,MN,10.0,2015-12-01,0.0,15.77,D,82000.0,MORTGAGE,0
28000.0,23.83,707.0,MA,4.0,2015-12-01,0.0,6.99,A,95000.0,MORTGAGE,0
17000.0,24.74,672.0,NY,3.0,2015-12-01,0.0,8.49,B,41000.0,RENT,0
5000.0,26.36,777.0,CA,1.0,2015-12-01,0.0,6.49,A,23000.0,RENT,0
16700.0,19.25,702.0,LA,3.0,2015-12-01,0.0,10.78,B,110000.0,MORTGAGE,0
22175.0,27.73,747.0,CT,10.0,2015-12-01,0.0,14.85,C,110000.0,MORTGAGE,0
10000.0,15.05,677.0,OH,10.0,2015-12-01,0.0,11.99,C,50000.0,MORTGAGE,0
10000.0,16.95,697.0,MD,4.0,2015-12-01,0.0,13.44,C,50403.0,RENT,0
28000.0,18.53,687.0,FL,4.0,2015-12-01,0.0,5.32,A,205600.0,RENT,0
10000.0,29.93,677.0,ME,2.0,2015-12-01,0.0,13.44,C,48000.0,OWN,0
10000.0,3.67,722.0,MA,10.0,2015-12-01,0.0,5.32,A,73500.0,RENT,0
20000.0,13.24,677.0,KY,10.0,2015-12-01,1.0,15.77,D,60000.0,MORTGAGE,0
21600.0,18.28,707.0,PA,2.0,2015-12-01,0.0,18.99,E,75000.0,MORTGAGE,0
20000.0,6.61,752.0,CA,10.0,2015-12-01,0.0,20.5,E,90000.0,MORTGAGE,0
11000.0,29.64,662.0,CA,10.0,2015-12-01,0.0,10.78,B,54000.0,MORTGAGE,0
25000.0,21.9,687.0,CT,10.0,2015-12-01,1.0,21.48,E,98000.0,MORTGAGE,0
28000.0,20.06,672.0,TX,10.0,2015-12-01,0.0,15.77,D,255000.0,MORTGAGE,0
21000.0,14.44,712.0,PA,5.0,2015-12-01,0.0,11.48,B,113000.0,MORTGAGE,0
8000.0,36.6,687.0,NY,10.0,2015-12-01,0.0,11.48,B,40000.0,MORTGAGE,0
30000.0,15.14,662.0,CA,1.0,2015-12-01,0.0,13.99,C,144000.0,RENT,0
21275.0,20.19,707.0,NV,6.0,2015-12-01,0.0,14.85,C,89000.0,MORTGAGE,0
12000.0,16.44,707.0,MA,5.0,2015-12-01,0.0,11.48,B,60000.0,RENT,0
32000.0,25.63,672.0,MD,10.0,2015-12-01,0.0,12.88,C,108000.0,MORTGAGE,0
15000.0,38.24,757.0,MS,10.0,2015-12-01,0.0,7.49,A,54700.0,MORTGAGE,0
16000.0,7.77,697.0,CA,10.0,2015-12-01,0.0,8.49,B,65000.0,MORTGAGE,0
11300.0,32.41,677.0,VT,8.0,2015-12-01,1.0,17.97,D,50250.0,RENT,0
14075.0,14.4,697.0,VA,10.0,2015-12-01,0.0,17.97,D,120000.0,MORTGAGE,0
12225.0,8.5,692.0,TX,3.0,2015-12-01,0.0,18.99,E,106000.0,RENT,0
20000.0,5.4,677.0,VA,1.0,2015-12-01,0.0,13.99,C,57570.0,MORTGAGE,0
12000.0,13.46,707.0,ME,3.0,2015-12-01,0.0,9.8,B,70000.0,MORTGAGE,0
3225.0,14.18,682.0,MO,1.0,2015-12-01,1.0,24.24,F,65000.0,MORTGAGE,0
6500.0,34.58,667.0,FL,,2015-12-01,1.0,17.97,D,18100.0,RENT,0
15000.0,18.11,677.0,MN,1.0,2015-12-01,0.0,11.48,B,85000.0,MORTGAGE,0
15000.0,22.58,697.0,IL,,2015-12-01,0.0,10.78,B,65000.0,OWN,0
6000.0,33.25,667.0,TX,10.0,2015-12-01,0.0,11.48,B,45000.0,RENT,0
17250.0,6.54,702.0,TX,1.0,2015-12-01,0.0,6.49,A,65000.0,MORTGAGE,0
21000.0,22.44,672.0,NY,1.0,2015-12-01,1.0,14.85,C,75000.0,RENT,0
3500.0,1.3,662.0,FL,8.0,2015-12-01,0.0,12.88,C,83200.0,RENT,0
6000.0,38.56,717.0,CT,5.0,2015-12-01,0.0,9.17,B,45000.0,MORTGAGE,0
4000.0,11.66,702.0,GA,10.0,2015-12-01,0.0,21.48,E,28000.0,MORTGAGE,0
28000.0,31.52,727.0,WV,10.0,2015-12-01,0.0,9.17,B,78000.0,MORTGAGE,0
34175.0,13.38,687.0,MI,10.0,2015-12-01,0.0,13.99,C,136000.0,MORTGAGE,0
8000.0,23.52,737.0,TX,2.0,2015-12-01,0.0,11.48,B,38000.0,RENT,0
26900.0,27.57,707.0,NJ,5.0,2015-12-01,0.0,9.8,B,87300.0,RENT,0
24000.0,29.26,672.0,MO,7.0,2015-12-01,0.0,8.49,B,101000.0,MORTGAGE,0
12000.0,16.25,672.0,FL,10.0,2015-12-01,0.0,9.17,B,48000.0,MORTGAGE,0
10500.0,8.51,727.0,NY,2.0,2015-12-01,0.0,13.99,C,88400.0,MORTGAGE,0
10000.0,13.63,707.0,CA,1.0,2015-12-01,0.0,8.49,B,67000.0,RENT,0
18000.0,22.55,712.0,MI,10.0,2015-12-01,0.0,8.49,B,96000.0,MORTGAGE,0
11000.0,11.88,727.0,NC,10.0,2015-12-01,0.0,8.49,B,110000.0,OWN,0
7000.0,11.59,727.0,PA,8.0,2015-12-01,0.0,7.91,A,53185.0,MORTGAGE,0
25000.0,9.28,692.0,TX,,2015-12-01,0.0,9.17,B,72000.0,MORTGAGE,0
24000.0,18.43,717.0,VA,10.0,2015-12-01,0.0,5.32,A,250000.0,MORTGAGE,0
3000.0,38.86,687.0,MD,1.0,2015-12-01,1.0,12.88,C,69922.0,RENT,0
20000.0,7.0,692.0,AZ,10.0,2015-12-01,0.0,5.32,A,77865.0,MORTGAGE,0
15000.0,19.98,742.0,MD,5.0,2015-12-01,0.0,11.99,C,90823.0,RENT,0
5000.0,21.46,747.0,AZ,,2015-12-01,0.0,11.48,B,11520.0,RENT,0
1800.0,23.2,667.0,AZ,2.0,2015-12-01,0.0,9.17,B,33000.0,MORTGAGE,0
10000.0,8.19,717.0,OH,10.0,2015-12-01,0.0,7.91,A,62000.0,OWN,0
10000.0,10.68,752.0,NJ,10.0,2015-12-01,0.0,7.49,A,200000.0,MORTGAGE,0
5000.0,28.8,662.0,MI,8.0,2015-12-01,0.0,11.99,C,63000.0,RENT,0
12000.0,17.99,672.0,MD,6.0,2015-12-01,0.0,8.49,B,120000.0,MORTGAGE,0
27000.0,17.75,712.0,MS,10.0,2015-12-01,1.0,11.99,C,85000.0,MORTGAGE,0
12225.0,25.66,682.0,MI,10.0,2015-12-01,0.0,24.24,F,34000.0,RENT,0
20000.0,22.4,692.0,CT,6.0,2015-12-01,0.0,12.88,C,56000.0,MORTGAGE,0
25200.0,22.91,677.0,MD,,2015-12-01,0.0,13.99,C,66300.0,MORTGAGE,0
17975.0,20.61,717.0,NJ,,2015-12-01,0.0,10.78,B,40000.0,MORTGAGE,0
15000.0,15.37,677.0,KY,6.0,2015-12-01,0.0,13.44,C,62000.0,MORTGAGE,0
16525.0,33.66,692.0,MI,3.0,2015-12-01,0.0,16.59,D,42000.0,RENT,0
10000.0,11.13,707.0,MA,8.0,2015-12-01,0.0,13.44,C,130000.0,MORTGAGE,0
30000.0,16.85,677.0,NV,10.0,2015-12-01,0.0,9.8,B,105000.0,MORTGAGE,0
8000.0,23.19,702.0,CA,10.0,2015-12-01,0.0,10.78,B,53000.0,MORTGAGE,0
35000.0,10.97,687.0,MI,10.0,2015-12-01,0.0,9.8,B,250000.0,MORTGAGE,0
3000.0,28.52,672.0,NJ,4.0,2015-12-01,0.0,9.17,B,50000.0,OWN,0
10000.0,5.09,667.0,CA,4.0,2015-12-01,0.0,8.49,B,110000.0,RENT,0
20000.0,16.64,677.0,CA,9.0,2015-12-01,0.0,13.44,C,110000.0,MORTGAGE,0
14000.0,31.1,737.0,TX,6.0,2015-12-01,0.0,9.17,B,70000.0,OWN,0
12000.0,8.88,702.0,FL,1.0,2015-12-01,0.0,11.99,C,70000.0,MORTGAGE,0
15000.0,22.87,672.0,MN,1.0,2015-12-01,0.0,14.85,C,77500.0,MORTGAGE,0
13200.0,20.92,662.0,CT,3.0,2015-12-01,1.0,24.24,F,44000.0,MORTGAGE,0
20000.0,23.47,742.0,IL,2.0,2015-12-01,0.0,9.17,B,65500.0,OWN,0
15000.0,14.28,667.0,CO,3.0,2015-12-01,0.0,10.78,B,72000.0,OWN,0
24000.0,16.84,782.0,FL,10.0,2015-12-01,0.0,7.49,A,60000.0,MORTGAGE,0
2400.0,12.99,727.0,AR,8.0,2015-12-01,0.0,19.89,E,52000.0,MORTGAGE,0
26575.0,26.28,707.0,GA,1.0,2015-12-01,0.0,24.24,F,150000.0,OWN,0
17650.0,24.7,687.0,OK,5.0,2015-12-01,1.0,13.44,C,35300.0,MORTGAGE,0
8000.0,17.66,667.0,CA,2.0,2015-12-01,0.0,10.78,B,65000.0,RENT,0
10000.0,22.18,682.0,OH,10.0,2015-12-01,0.0,12.88,C,62000.0,MORTGAGE,0
12300.0,24.28,677.0,OH,10.0,2015-12-01,1.0,22.45,F,43000.0,RENT,0
7025.0,17.71,702.0,PA,2.0,2015-12-01,0.0,15.77,D,22500.0,MORTGAGE,0
12050.0,12.88,662.0,TX,10.0,2015-12-01,1.0,14.85,C,85000.0,OWN,0
8425.0,2.78,717.0,OH,1.0,2015-12-01,0.0,9.8,B,115000.0,OWN,0
6000.0,9.66,727.0,CA,1.0,2015-12-01,0.0,9.8,B,75000.0,RENT,0
17500.0,24.61,697.0,AR,4.0,2015-12-01,0.0,10.78,B,89000.0,MORTGAGE,0
29125.0,25.75,737.0,NC,2.0,2015-12-01,0.0,7.49,A,145000.0,RENT,0
15000.0,23.04,727.0,CO,10.0,2015-12-01,0.0,7.91,A,95000.0,MORTGAGE,0
28000.0,23.26,702.0,NY,10.0,2015-12-01,0.0,24.24,F,76000.0,MORTGAGE,0
30000.0,21.01,682.0,GA,1.0,2015-12-01,0.0,17.27,D,87500.0,MORTGAGE,0
14400.0,20.06,722.0,OR,1.0,2015-12-01,0.0,11.48,B,46000.0,MORTGAGE,0
2400.0,32.47,667.0,CA,3.0,2015-12-01,0.0,13.44,C,33000.0,RENT,0
35000.0,19.09,702.0,CA,5.0,2015-12-01,0.0,7.91,A,75000.0,RENT,0
20000.0,30.81,662.0,MA,10.0,2015-12-01,0.0,10.78,B,120000.0,MORTGAGE,0
28000.0,9.38,712.0,MD,10.0,2015-12-01,0.0,21.48,E,103000.0,RENT,0
15000.0,12.77,802.0,WI,,2015-12-01,0.0,7.91,A,47520.0,MORTGAGE,0
6150.0,39.71,692.0,CA,1.0,2015-12-01,1.0,17.27,D,14000.0,RENT,0
35000.0,7.53,667.0,TX,2.0,2015-12-01,0.0,15.77,D,300000.0,MORTGAGE,0
15000.0,15.09,722.0,TX,10.0,2015-12-01,0.0,10.78,B,176000.0,MORTGAGE,0
35000.0,13.44,727.0,NY,1.0,2015-12-01,0.0,7.49,A,232000.0,RENT,0
4000.0,20.94,662.0,CA,7.0,2015-12-01,1.0,18.99,E,56000.0,RENT,0
28800.0,26.56,817.0,MI,9.0,2015-12-01,0.0,8.49,B,60000.0,MORTGAGE,0
15000.0,3.4,697.0,IL,8.0,2015-12-01,0.0,7.91,A,78000.0,OWN,0
20000.0,17.54,692.0,TN,9.0,2015-12-01,1.0,10.78,B,127000.0,MORTGAGE,0
14550.0,24.05,697.0,OH,3.0,2015-12-01,0.0,8.49,B,162500.0,MORTGAGE,0
15025.0,11.54,677.0,MS,4.0,2015-12-01,1.0,25.09,F,47000.0,RENT,0
16000.0,19.14,672.0,NV,5.0,2015-12-01,0.0,14.85,C,50000.0,MORTGAGE,0
7200.0,20.72,672.0,CA,2.0,2015-12-01,0.0,17.27,D,34800.0,RENT,0
10000.0,8.51,672.0,FL,2.0,2015-12-01,0.0,17.97,D,65000.0,RENT,0
13875.0,4.01,727.0,NY,4.0,2015-12-01,0.0,13.99,C,100000.0,OWN,0
35000.0,20.66,732.0,WI,9.0,2015-12-01,0.0,21.48,E,150000.0,MORTGAGE,0
31525.0,14.65,752.0,MA,10.0,2015-12-01,0.0,15.77,D,85000.0,MORTGAGE,0
16725.0,39.18,667.0,FL,8.0,2015-12-01,1.0,21.48,E,58000.0,MORTGAGE,0
18000.0,18.11,662.0,NY,3.0,2015-12-01,1.0,11.99,C,65000.0,RENT,0
19000.0,31.48,712.0,MS,3.0,2015-12-01,0.0,7.91,A,100686.0,MORTGAGE,0
5050.0,4.65,742.0,CA,2.0,2015-12-01,0.0,9.8,B,40000.0,RENT,0
4900.0,10.76,722.0,NC,1.0,2015-12-01,0.0,11.48,B,31000.0,RENT,0
21000.0,14.99,682.0,CA,1.0,2015-12-01,0.0,5.32,A,225000.0,MORTGAGE,0
15000.0,6.96,727.0,PA,3.0,2015-12-01,0.0,6.99,A,80000.0,MORTGAGE,0
28000.0,21.03,682.0,MD,10.0,2015-12-01,1.0,19.48,E,87500.0,MORTGAGE,0
6000.0,26.99,717.0,OH,9.0,2015-12-01,1.0,11.48,B,42000.0,MORTGAGE,0
12000.0,15.25,782.0,TX,4.0,2015-12-01,0.0,5.32,A,50000.0,MORTGAGE,0
13200.0,27.89,692.0,IN,3.0,2015-12-01,0.0,5.32,A,50000.0,MORTGAGE,0
6500.0,1.98,717.0,OH,10.0,2015-12-01,0.0,5.32,A,55250.0,MORTGAGE,0
5600.0,23.33,732.0,IL,6.0,2015-12-01,1.0,14.85,C,39240.0,RENT,0
10000.0,1.07,687.0,FL,3.0,2015-12-01,0.0,16.59,D,250000.0,MORTGAGE,0
11900.0,4.23,677.0,AZ,10.0,2015-12-01,0.0,13.44,C,65000.0,MORTGAGE,0
19425.0,10.19,722.0,VT,5.0,2015-12-01,0.0,18.99,E,46280.0,MORTGAGE,0
6000.0,18.99,672.0,NY,10.0,2015-12-01,1.0,11.99,C,40000.0,MORTGAGE,0
22325.0,19.41,692.0,TX,10.0,2015-12-01,0.0,15.77,D,65000.0,MORTGAGE,0
24000.0,29.12,712.0,IL,8.0,2015-12-01,1.0,9.8,B,65000.0,RENT,0
8000.0,17.41,662.0,NY,6.0,2015-12-01,1.0,14.85,C,65000.0,OWN,0
12500.0,23.09,672.0,OH,,2015-12-01,0.0,12.88,C,25000.0,MORTGAGE,0
4800.0,33.03,707.0,IL,1.0,2015-12-01,0.0,9.17,B,78000.0,MORTGAGE,0
15000.0,22.71,692.0,FL,3.0,2015-12-01,1.0,14.85,C,74000.0,OWN,0
13000.0,29.2,682.0,TX,9.0,2015-12-01,1.0,13.99,C,48000.0,MORTGAGE,0
9600.0,37.81,677.0,NY,1.0,2015-12-01,1.0,11.99,C,45000.0,RENT,0
11200.0,15.81,697.0,AL,10.0,2015-12-01,0.0,12.88,C,52000.0,MORTGAGE,0
8000.0,26.56,662.0,AR,2.0,2015-12-01,0.0,10.78,B,41255.0,RENT,0
35000.0,19.61,677.0,NJ,10.0,2015-12-01,0.0,14.85,C,180000.0,MORTGAGE,0
11200.0,38.78,677.0,SC,4.0,2015-12-01,0.0,16.59,D,97000.0,MORTGAGE,0
24000.0,23.22,662.0,CA,10.0,2015-12-01,1.0,17.97,D,100000.0,MORTGAGE,0
32000.0,20.47,672.0,FL,,2015-12-01,0.0,17.97,D,115000.0,MORTGAGE,0
18500.0,24.55,722.0,IN,4.0,2015-12-01,0.0,19.48,E,37000.0,MORTGAGE,0
8000.0,17.42,662.0,CA,10.0,2015-12-01,0.0,13.99,C,120000.0,MORTGAGE,0
20000.0,29.54,672.0,PA,,2015-12-01,0.0,12.88,C,47484.0,OWN,0
20000.0,7.51,682.0,NY,1.0,2015-12-01,0.0,14.85,C,70000.0,RENT,0
35000.0,31.39,727.0,MD,10.0,2015-12-01,0.0,14.85,C,126200.0,MORTGAGE,0
19200.0,18.79,687.0,MI,3.0,2015-12-01,0.0,14.85,C,108000.0,MORTGAGE,0
16725.0,34.52,682.0,NY,10.0,2015-12-01,0.0,13.44,C,33453.0,RENT,0
32325.0,24.56,672.0,TX,1.0,2015-12-01,1.0,19.48,E,82000.0,MORTGAGE,0
4800.0,6.05,662.0,PA,1.0,2015-12-01,0.0,9.8,B,44400.0,RENT,0
22400.0,14.5,722.0,AR,9.0,2015-12-01,1.0,9.8,B,100000.0,RENT,0
18525.0,21.6,682.0,ME,3.0,2015-12-01,0.0,17.97,D,70000.0,MORTGAGE,0
32400.0,25.92,662.0,RI,10.0,2015-12-01,1.0,25.09,F,85000.0,RENT,0
15000.0,8.78,662.0,SC,9.0,2015-12-01,0.0,11.99,C,51000.0,RENT,0
12000.0,23.44,662.0,IL,5.0,2015-12-01,0.0,19.48,E,60000.0,MORTGAGE,0
22000.0,25.52,672.0,NY,8.0,2015-12-01,0.0,8.49,B,93000.0,OWN,0
15000.0,3.19,702.0,NV,8.0,2015-12-01,1.0,16.59,D,90000.0,MORTGAGE,0
10000.0,7.33,782.0,TN,6.0,2015-12-01,0.0,5.32,A,95000.0,MORTGAGE,0
9000.0,16.2,727.0,CA,10.0,2015-12-01,0.0,6.99,A,70000.0,RENT,0
8400.0,34.06,682.0,OK,10.0,2015-12-01,0.0,11.48,B,42000.0,RENT,0
17000.0,11.37,662.0,TX,10.0,2015-12-01,0.0,9.17,B,210000.0,OWN,0
6400.0,10.62,667.0,CA,1.0,2015-12-01,0.0,12.88,C,87000.0,RENT,0
20000.0,16.28,682.0,WI,8.0,2015-12-01,0.0,13.44,C,120000.0,OWN,0
12000.0,5.42,677.0,CT,5.0,2015-12-01,0.0,9.17,B,80000.0,RENT,0
5000.0,21.52,717.0,NJ,10.0,2015-12-01,0.0,7.49,A,100000.0,MORTGAGE,0
2000.0,28.08,747.0,GA,1.0,2015-12-01,0.0,7.91,A,45000.0,RENT,0
6000.0,30.21,667.0,SC,10.0,2015-12-01,0.0,10.78,B,100000.0,MORTGAGE,0
14275.0,29.2,682.0,CA,1.0,2015-12-01,1.0,19.89,E,42000.0,RENT,0
6000.0,12.8,687.0,KY,9.0,2015-12-01,0.0,13.44,C,44543.0,RENT,0
9000.0,6.72,667.0,CA,,2015-12-01,0.0,7.91,A,31980.0,OWN,0
10000.0,14.16,722.0,OH,10.0,2015-12-01,0.0,7.91,A,65000.0,MORTGAGE,0
27200.0,17.02,737.0,OH,4.0,2015-12-01,0.0,9.8,B,97000.0,MORTGAGE,0
18000.0,11.86,662.0,CA,5.0,2015-12-01,0.0,13.44,C,120000.0,MORTGAGE,0
18400.0,22.93,677.0,OR,10.0,2015-12-01,0.0,15.77,D,75000.0,MORTGAGE,0
10000.0,24.1,697.0,FL,10.0,2015-12-01,0.0,9.8,B,54500.0,OWN,0
7000.0,1.41,697.0,GA,5.0,2015-12-01,0.0,5.32,A,68000.0,OWN,0
4550.0,28.74,697.0,GA,4.0,2015-12-01,0.0,10.78,B,100500.0,MORTGAGE,0
20000.0,17.06,697.0,AZ,2.0,2015-12-01,1.0,13.99,C,52000.0,RENT,0
8000.0,23.38,667.0,CA,10.0,2015-12-01,0.0,11.48,B,33000.0,RENT,0
27000.0,21.78,717.0,CA,2.0,2015-12-01,0.0,7.49,A,55000.0,MORTGAGE,0
14000.0,21.2,672.0,SC,1.0,2015-12-01,0.0,8.49,B,45000.0,RENT,0
21000.0,19.37,687.0,KS,10.0,2015-12-01,0.0,11.99,C,85000.0,MORTGAGE,0
12000.0,28.73,712.0,KY,,2015-12-01,1.0,15.77,D,44321.0,MORTGAGE,0
9600.0,14.71,702.0,AL,10.0,2015-12-01,0.0,10.78,B,96000.0,MORTGAGE,0
12000.0,18.5,662.0,CA,6.0,2015-12-01,0.0,18.49,D,55000.0,MORTGAGE,0
3000.0,11.86,662.0,DC,3.0,2015-12-01,0.0,13.44,C,68000.0,RENT,0
14000.0,21.06,677.0,MA,10.0,2015-12-01,0.0,11.48,B,85000.0,MORTGAGE,0
15000.0,24.68,722.0,OH,10.0,2015-12-01,0.0,6.99,A,60000.0,MORTGAGE,0
25000.0,14.77,687.0,VT,10.0,2015-12-01,0.0,11.99,C,170000.0,RENT,0
20000.0,11.36,667.0,NY,10.0,2015-12-01,0.0,13.99,C,120000.0,OWN,0
15000.0,10.66,672.0,NY,10.0,2015-12-01,0.0,8.49,B,120000.0,OWN,0
24200.0,31.52,677.0,HI,10.0,2015-12-01,0.0,18.99,E,57668.0,RENT,0
20000.0,24.34,767.0,NC,10.0,2015-12-01,0.0,13.99,C,70000.0,MORTGAGE,0
5000.0,18.46,677.0,FL,9.0,2015-12-01,0.0,8.49,B,43507.2,RENT,0
20000.0,21.53,702.0,GA,1.0,2015-12-01,0.0,13.99,C,75000.0,RENT,0
14000.0,6.37,662.0,CO,6.0,2015-12-01,0.0,11.99,C,110000.0,MORTGAGE,0
10000.0,10.37,732.0,FL,3.0,2015-12-01,0.0,5.32,A,50000.0,OWN,0
14400.0,21.57,742.0,NY,10.0,2015-12-01,0.0,12.88,C,120000.0,MORTGAGE,0
24000.0,34.98,707.0,PA,9.0,2015-12-01,0.0,11.48,B,80000.0,MORTGAGE,0
9100.0,10.88,667.0,MI,10.0,2015-12-01,0.0,9.17,B,51376.0,RENT,0
25000.0,9.05,682.0,CA,10.0,2015-12-01,0.0,17.97,D,132000.0,MORTGAGE,0
15000.0,29.77,682.0,CA,1.0,2015-12-01,0.0,11.99,C,40000.0,RENT,0
12000.0,32.7,662.0,MI,10.0,2015-12-01,1.0,20.5,E,65000.0,OWN,0
12000.0,33.08,672.0,NC,10.0,2015-12-01,0.0,11.99,C,38350.0,MORTGAGE,0
9000.0,9.47,732.0,MA,1.0,2015-12-01,0.0,11.48,B,115000.0,RENT,0
6500.0,24.61,662.0,FL,8.0,2015-12-01,0.0,10.78,B,54000.0,MORTGAGE,0
30000.0,26.23,747.0,MO,10.0,2015-12-01,0.0,13.99,C,100000.0,MORTGAGE,0
9000.0,12.45,667.0,PA,1.0,2015-12-01,0.0,11.99,C,75000.0,RENT,0
20000.0,3.4,697.0,NJ,1.0,2015-12-01,0.0,7.91,A,85000.0,OWN,0
4875.0,17.98,672.0,TX,2.0,2015-12-01,0.0,17.97,D,49000.0,RENT,0
9050.0,13.61,667.0,FL,2.0,2015-12-01,0.0,15.77,D,56000.0,OWN,0
18000.0,30.99,667.0,TN,1.0,2015-12-01,0.0,10.78,B,47200.0,MORTGAGE,0
11050.0,38.36,712.0,MI,10.0,2015-12-01,0.0,22.45,F,80000.0,MORTGAGE,0
20000.0,16.74,672.0,NY,,2015-12-01,0.0,9.8,B,78000.0,MORTGAGE,0
13200.0,23.39,712.0,NY,2.0,2015-12-01,0.0,12.88,C,100000.0,MORTGAGE,0
7250.0,29.42,702.0,CA,,2015-12-01,0.0,13.99,C,14544.0,RENT,0
18000.0,23.96,697.0,OH,10.0,2015-12-01,1.0,11.99,C,75000.0,MORTGAGE,0
15000.0,1.87,732.0,IL,3.0,2015-12-01,0.0,9.8,B,59800.0,OWN,0
9600.0,18.82,677.0,CA,4.0,2015-12-01,0.0,9.8,B,130000.0,MORTGAGE,0
11500.0,11.57,677.0,PA,1.0,2015-12-01,0.0,12.88,C,75000.0,OWN,0
2825.0,8.35,677.0,NY,10.0,2015-12-01,0.0,11.48,B,47000.0,RENT,0
4500.0,28.79,692.0,TX,2.0,2015-12-01,1.0,16.59,D,86000.0,MORTGAGE,0
16000.0,26.74,702.0,MO,4.0,2015-12-01,0.0,6.49,A,65000.0,MORTGAGE,0
18000.0,19.52,717.0,WA,4.0,2015-12-01,0.0,7.91,A,52000.0,RENT,0
10000.0,3.96,672.0,VA,6.0,2015-12-01,0.0,11.99,C,40000.0,RENT,0
10000.0,10.77,677.0,FL,10.0,2015-12-01,1.0,7.91,A,85000.0,MORTGAGE,0
30000.0,14.76,742.0,ME,2.0,2015-12-01,0.0,8.49,B,66000.0,MORTGAGE,0
31200.0,23.4,692.0,TX,5.0,2015-12-01,0.0,15.77,D,106000.0,RENT,0
8400.0,37.08,672.0,OH,3.0,2015-12-01,0.0,11.99,C,62500.0,MORTGAGE,0
35000.0,24.71,702.0,NE,4.0,2015-12-01,0.0,10.78,B,225000.0,MORTGAGE,0
15000.0,16.69,727.0,VA,10.0,2015-12-01,0.0,6.49,A,83000.0,MORTGAGE,0
6000.0,10.12,767.0,MN,10.0,2015-12-01,0.0,7.91,A,125000.0,MORTGAGE,0
23900.0,12.0,687.0,CA,10.0,2015-12-01,0.0,17.97,D,75000.0,RENT,0
15200.0,28.13,687.0,TX,1.0,2015-12-01,1.0,12.88,C,72000.0,OWN,0
6600.0,24.79,712.0,MA,1.0,2015-12-01,0.0,5.32,A,58000.0,RENT,0
14000.0,8.63,772.0,FL,9.0,2015-12-01,0.0,5.32,A,200000.0,MORTGAGE,0
10000.0,28.09,712.0,TN,1.0,2015-12-01,0.0,9.17,B,45500.0,MORTGAGE,0
15300.0,12.0,667.0,GA,10.0,2015-12-01,0.0,8.49,B,87000.0,OWN,0
32000.0,20.75,722.0,SD,1.0,2015-12-01,0.0,21.48,E,100000.0,MORTGAGE,0
16325.0,19.89,677.0,AL,10.0,2015-12-01,0.0,18.99,E,142000.0,MORTGAGE,0
24000.0,26.97,702.0,IN,3.0,2015-12-01,0.0,15.77,D,80000.0,MORTGAGE,0
15000.0,14.31,717.0,FL,10.0,2015-12-01,0.0,5.32,A,130000.0,MORTGAGE,0
21000.0,23.53,702.0,TX,10.0,2015-12-01,1.0,16.59,D,81000.0,MORTGAGE,0
7800.0,14.97,682.0,VA,3.0,2015-12-01,0.0,7.91,A,44013.0,MORTGAGE,0
9000.0,13.12,732.0,OR,3.0,2015-12-01,0.0,5.32,A,56000.0,MORTGAGE,0
15000.0,34.89,677.0,NY,2.0,2015-12-01,0.0,9.17,B,100000.0,RENT,0
35000.0,29.89,677.0,WA,3.0,2015-12-01,0.0,20.5,E,107000.0,RENT,0
20000.0,8.59,667.0,NJ,5.0,2015-12-01,0.0,8.49,B,175000.0,MORTGAGE,0
15000.0,15.87,707.0,CA,5.0,2015-12-01,0.0,6.49,A,74000.0,RENT,0
6000.0,15.06,732.0,OH,2.0,2015-12-01,0.0,7.91,A,41000.0,RENT,0
30000.0,8.52,737.0,NC,6.0,2015-12-01,1.0,13.99,C,150000.0,RENT,0
35000.0,8.87,707.0,HI,10.0,2015-12-01,0.0,13.44,C,105000.0,MORTGAGE,0
20000.0,14.06,697.0,TX,2.0,2015-12-01,0.0,6.99,A,153000.0,MORTGAGE,0
8000.0,16.93,672.0,OH,2.0,2015-12-01,1.0,10.78,B,45000.0,MORTGAGE,0
13000.0,30.7,722.0,SD,10.0,2015-12-01,0.0,6.99,A,75000.0,MORTGAGE,0
5000.0,28.62,667.0,AZ,4.0,2015-12-01,0.0,10.78,B,34600.0,OWN,0
3800.0,39.69,662.0,TN,3.0,2015-12-01,1.0,27.49,G,43000.0,RENT,0
10000.0,22.73,712.0,VA,10.0,2015-12-01,0.0,9.8,B,50000.0,RENT,0
3200.0,32.92,727.0,PA,,2015-12-01,0.0,10.78,B,18372.0,OWN,0
16000.0,5.98,667.0,MD,10.0,2015-12-01,0.0,11.99,C,128000.0,MORTGAGE,0
12000.0,27.36,727.0,LA,4.0,2015-12-01,1.0,7.49,A,58245.0,MORTGAGE,0
2650.0,28.79,687.0,IL,6.0,2015-12-01,0.0,12.88,C,23000.0,RENT,0
21600.0,33.25,672.0,PA,10.0,2015-12-01,1.0,18.49,D,48000.0,OWN,0
15000.0,16.85,662.0,CA,10.0,2015-12-01,1.0,11.99,C,56000.0,MORTGAGE,0
6000.0,4.51,702.0,NY,10.0,2015-12-01,0.0,11.99,C,95000.0,RENT,0
16000.0,19.06,667.0,NY,,2015-12-01,0.0,13.44,C,60000.0,MORTGAGE,0
4000.0,14.94,662.0,OR,10.0,2015-12-01,0.0,13.44,C,75000.0,MORTGAGE,0
20000.0,18.43,717.0,TX,10.0,2015-12-01,0.0,8.49,B,165000.0,MORTGAGE,0
25000.0,15.2,772.0,TX,10.0,2015-12-01,0.0,9.8,B,70000.0,MORTGAGE,0
35000.0,28.64,662.0,FL,1.0,2015-12-01,0.0,21.48,E,160000.0,MORTGAGE,0
35000.0,18.67,682.0,WA,10.0,2015-12-01,0.0,13.99,C,115000.0,RENT,0
23800.0,17.92,662.0,MI,10.0,2015-12-01,0.0,18.99,E,75000.0,RENT,0
10550.0,32.95,677.0,MD,2.0,2015-12-01,0.0,14.85,C,24000.0,RENT,0
10900.0,15.98,727.0,PA,1.0,2015-12-01,0.0,8.49,B,122000.0,MORTGAGE,0
15000.0,25.04,687.0,AZ,3.0,2015-12-01,0.0,16.59,D,75496.0,MORTGAGE,0
6400.0,23.24,677.0,MO,10.0,2015-12-01,0.0,12.88,C,30000.0,RENT,0
4000.0,12.26,702.0,IL,5.0,2015-12-01,0.0,6.49,A,87000.0,MORTGAGE,0
2500.0,16.45,687.0,OH,10.0,2015-12-01,0.0,9.8,B,75280.0,RENT,0
18000.0,31.66,692.0,GA,10.0,2015-12-01,0.0,13.99,C,53000.0,MORTGAGE,0
25000.0,34.56,707.0,LA,7.0,2015-12-01,1.0,17.97,D,75000.0,MORTGAGE,0
18000.0,23.25,712.0,AZ,1.0,2015-12-01,0.0,13.99,C,63000.0,MORTGAGE,0
22000.0,30.03,732.0,IN,10.0,2015-12-01,0.0,15.77,D,55000.0,MORTGAGE,0
12650.0,17.8,687.0,KY,10.0,2015-12-01,0.0,14.85,C,36400.0,RENT,0
9000.0,11.62,782.0,CT,,2015-12-01,0.0,5.32,A,34068.0,MORTGAGE,0
24000.0,17.44,677.0,TX,10.0,2015-12-01,0.0,9.17,B,80000.0,MORTGAGE,0
35000.0,20.45,702.0,MD,,2015-12-01,0.0,11.99,C,111500.0,MORTGAGE,0
5000.0,17.88,692.0,LA,10.0,2015-12-01,0.0,10.78,B,30000.0,OWN,0
35000.0,16.45,747.0,CA,9.0,2015-12-01,0.0,13.99,C,110000.0,MORTGAGE,0
28000.0,14.35,677.0,MI,10.0,2015-12-01,0.0,12.88,C,121000.0,MORTGAGE,0
2025.0,12.18,667.0,MO,10.0,2015-12-01,0.0,19.48,E,75000.0,RENT,0
15000.0,29.76,667.0,FL,3.0,2015-12-01,0.0,14.85,C,40000.0,RENT,0
10800.0,13.57,672.0,TX,3.0,2015-12-01,0.0,18.99,E,30000.0,RENT,0
28025.0,17.17,687.0,MA,10.0,2015-12-01,1.0,12.88,C,120000.0,MORTGAGE,0
18850.0,4.25,672.0,NE,1.0,2015-12-01,0.0,11.99,C,50000.0,RENT,0
18000.0,5.63,672.0,PA,8.0,2015-12-01,0.0,18.99,E,57100.0,MORTGAGE,0
30000.0,22.62,682.0,MA,1.0,2015-12-01,0.0,13.99,C,100000.0,RENT,0
20000.0,33.37,682.0,GA,5.0,2015-12-01,1.0,13.99,C,50000.0,RENT,0
24000.0,39.05,732.0,NY,10.0,2015-12-01,0.0,9.17,B,130000.0,MORTGAGE,0
12800.0,23.93,682.0,MI,1.0,2015-12-01,0.0,6.49,A,70000.0,OWN,0
23100.0,28.74,667.0,NY,10.0,2015-12-01,0.0,13.99,C,55000.0,RENT,0
18000.0,26.26,697.0,TN,9.0,2015-12-01,0.0,11.48,B,52000.0,MORTGAGE,0
7525.0,31.6,737.0,FL,3.0,2015-12-01,0.0,18.99,E,20930.0,OWN,0
25000.0,35.58,662.0,WA,5.0,2015-12-01,0.0,21.48,E,76000.0,RENT,0
23100.0,22.24,667.0,SC,10.0,2015-12-01,0.0,19.48,E,55000.0,MORTGAGE,0
20000.0,20.2,682.0,MN,10.0,2015-12-01,1.0,18.99,E,65000.0,MORTGAGE,0
21125.0,11.35,672.0,CA,10.0,2015-12-01,0.0,14.85,C,78000.0,RENT,0
3000.0,21.63,742.0,NY,10.0,2015-12-01,0.0,7.49,A,45000.0,RENT,0
27275.0,14.75,672.0,DE,6.0,2015-12-01,1.0,21.48,E,62000.0,RENT,0
2400.0,28.35,682.0,MO,10.0,2015-12-01,0.0,7.91,A,85000.0,MORTGAGE,0
18000.0,18.41,672.0,NC,6.0,2015-12-01,0.0,9.8,B,100000.0,MORTGAGE,0
3500.0,32.53,672.0,LA,4.0,2015-12-01,0.0,13.44,C,47000.0,RENT,0
13000.0,19.2,697.0,ME,1.0,2015-12-01,0.0,11.48,B,47000.0,RENT,0
12000.0,33.38,677.0,SC,3.0,2015-12-01,0.0,11.99,C,110000.0,OWN,0
15000.0,13.59,717.0,MN,1.0,2015-12-01,0.0,7.91,A,136000.0,MORTGAGE,0
1500.0,12.15,742.0,NY,10.0,2015-12-01,0.0,7.91,A,72000.0,RENT,0
17000.0,24.45,697.0,GA,1.0,2015-12-01,0.0,8.49,B,85000.0,MORTGAGE,0
13600.0,12.75,662.0,FL,1.0,2015-12-01,0.0,13.99,C,48000.0,RENT,0
5000.0,9.34,817.0,NC,,2015-12-01,0.0,5.32,A,25896.0,MORTGAGE,0
16000.0,29.71,702.0,NY,3.0,2015-12-01,1.0,17.97,D,65000.0,MORTGAGE,0
5400.0,24.94,687.0,FL,6.0,2015-12-01,1.0,13.99,C,46000.0,RENT,0
14650.0,26.4,712.0,IL,10.0,2015-12-01,0.0,19.48,E,49000.0,RENT,0
10525.0,8.11,672.0,NY,10.0,2015-12-01,0.0,17.97,D,88000.0,MORTGAGE,0
4475.0,3.22,687.0,FL,1.0,2015-12-01,1.0,15.77,D,35000.0,RENT,0
16800.0,16.78,672.0,OH,3.0,2015-12-01,0.0,13.99,C,97000.0,MORTGAGE,0
16500.0,34.36,692.0,CT,10.0,2015-12-01,0.0,19.48,E,57000.0,MORTGAGE,0
11000.0,11.66,797.0,NY,10.0,2015-12-01,0.0,5.32,A,80000.0,MORTGAGE,0
20000.0,25.44,712.0,LA,3.0,2015-12-01,1.0,9.8,B,60000.0,MORTGAGE,0
21000.0,21.88,717.0,PA,10.0,2015-12-01,0.0,10.78,B,89000.0,MORTGAGE,0
20000.0,26.17,722.0,TN,10.0,2015-12-01,1.0,10.78,B,110000.0,MORTGAGE,0
21000.0,14.44,732.0,NH,1.0,2015-12-01,0.0,7.49,A,120000.0,MORTGAGE,0
15000.0,20.54,697.0,WI,10.0,2015-12-01,0.0,6.99,A,42000.0,MORTGAGE,0
9800.0,13.03,692.0,ME,,2015-12-01,0.0,13.99,C,24504.0,RENT,0
15000.0,20.21,697.0,TX,1.0,2015-12-01,0.0,9.8,B,75000.0,RENT,0
18000.0,11.58,707.0,CO,10.0,2015-12-01,0.0,6.49,A,103000.0,MORTGAGE,0
1600.0,16.42,752.0,MD,10.0,2015-12-01,0.0,7.91,A,76500.0,MORTGAGE,0
20000.0,17.8,707.0,CO,10.0,2015-12-01,0.0,9.17,B,60000.0,RENT,0
27300.0,23.23,752.0,NY,1.0,2015-12-01,0.0,11.99,C,155000.0,MORTGAGE,0
10000.0,18.63,717.0,IL,5.0,2015-12-01,0.0,7.49,A,120000.0,MORTGAGE,0
35000.0,27.43,692.0,CA,10.0,2015-12-01,0.0,16.59,D,90000.0,RENT,0
10000.0,11.57,672.0,PA,10.0,2015-12-01,1.0,12.88,C,86000.0,OWN,0
6025.0,33.6,662.0,MA,,2015-12-01,0.0,17.27,D,54000.0,RENT,0
15000.0,15.76,707.0,OH,8.0,2015-12-01,0.0,12.88,C,77000.0,MORTGAGE,0
12000.0,32.34,732.0,KS,2.0,2015-12-01,0.0,11.99,C,75000.0,RENT,0
23000.0,17.31,682.0,TX,10.0,2015-12-01,0.0,10.78,B,62341.0,RENT,0
6000.0,12.7,707.0,FL,2.0,2015-12-01,0.0,7.49,A,67000.0,MORTGAGE,0
1500.0,7.68,672.0,CO,6.0,2015-12-01,0.0,9.8,B,63000.0,MORTGAGE,0
8000.0,5.46,667.0,CT,6.0,2015-12-01,1.0,12.88,C,60000.0,RENT,0
15000.0,25.81,672.0,RI,3.0,2015-12-01,0.0,17.27,D,55000.0,RENT,0
25000.0,16.93,707.0,MN,2.0,2015-12-01,0.0,7.49,A,150000.0,MORTGAGE,0
2000.0,24.77,682.0,WA,1.0,2015-12-01,0.0,14.85,C,42000.0,MORTGAGE,0
20000.0,15.43,692.0,NC,3.0,2015-12-01,0.0,8.49,B,122815.0,MORTGAGE,0
8400.0,6.42,757.0,NY,3.0,2015-12-01,0.0,7.91,A,80000.0,RENT,0
20000.0,11.32,692.0,CA,3.0,2015-12-01,0.0,7.91,A,78000.0,RENT,0
16025.0,25.54,687.0,NY,1.0,2015-12-01,0.0,19.48,E,70000.0,RENT,0
4250.0,15.59,667.0,MI,3.0,2015-12-01,0.0,12.88,C,55950.0,MORTGAGE,0
10000.0,12.96,667.0,IL,2.0,2015-12-01,0.0,9.17,B,27600.0,MORTGAGE,0
24000.0,12.97,712.0,CO,3.0,2015-12-01,0.0,10.78,B,120000.0,MORTGAGE,0
18000.0,24.29,692.0,MI,10.0,2015-12-01,0.0,9.8,B,70000.0,OWN,0
10000.0,23.9,672.0,CO,2.0,2015-12-01,0.0,12.88,C,60000.0,RENT,0
5800.0,17.49,667.0,FL,4.0,2015-12-01,0.0,21.48,E,90000.0,MORTGAGE,0
16000.0,6.05,772.0,CA,7.0,2015-12-01,0.0,5.32,A,100000.0,MORTGAGE,0
10000.0,21.49,667.0,WI,4.0,2015-12-01,0.0,13.44,C,55000.0,RENT,0
12000.0,18.0,677.0,VA,4.0,2015-12-01,0.0,13.44,C,95000.0,MORTGAGE,0
12000.0,31.68,707.0,NY,4.0,2015-12-01,0.0,13.99,C,40000.0,MORTGAGE,0
20000.0,14.86,712.0,MA,10.0,2015-12-01,0.0,13.99,C,130000.0,MORTGAGE,0
24000.0,12.46,662.0,MN,3.0,2015-12-01,0.0,16.59,D,55000.0,MORTGAGE,0
10000.0,30.29,692.0,GA,2.0,2015-12-01,1.0,18.49,D,55000.0,RENT,0
17000.0,18.36,667.0,KS,1.0,2015-12-01,0.0,13.99,C,90000.0,MORTGAGE,0
7000.0,18.12,687.0,WV,6.0,2015-12-01,0.0,9.17,B,90000.0,OWN,0
3500.0,33.95,757.0,MD,4.0,2015-12-01,1.0,16.59,D,48000.0,RENT,0
25000.0,8.51,787.0,MD,,2015-12-01,0.0,10.78,B,80000.0,RENT,0
9500.0,25.13,677.0,CA,5.0,2015-12-01,0.0,11.48,B,50000.0,RENT,0
20000.0,9.33,682.0,NH,3.0,2015-12-01,0.0,15.77,D,77730.0,OWN,0
4525.0,15.44,662.0,FL,3.0,2015-12-01,0.0,14.85,C,50300.0,MORTGAGE,0
20000.0,23.66,697.0,TX,2.0,2015-12-01,0.0,10.78,B,42000.0,RENT,0
6000.0,15.92,722.0,MI,,2015-12-01,0.0,13.99,C,30000.0,OWN,0
8000.0,25.55,692.0,WI,2.0,2015-12-01,1.0,11.99,C,80000.0,RENT,0
2000.0,29.01,812.0,CA,10.0,2015-12-01,0.0,9.17,B,36400.0,RENT,0
20000.0,28.84,697.0,CT,1.0,2015-12-01,0.0,7.91,A,125000.0,MORTGAGE,0
10000.0,23.19,762.0,KS,9.0,2015-12-01,0.0,7.49,A,44000.0,RENT,0
18000.0,19.24,697.0,TX,8.0,2015-12-01,0.0,11.48,B,134000.0,RENT,0
16800.0,33.66,677.0,PA,7.0,2015-12-01,0.0,17.97,D,76000.0,RENT,0
11700.0,33.99,682.0,GA,3.0,2015-12-01,0.0,14.85,C,38000.0,MORTGAGE,0
7000.0,34.35,692.0,TX,10.0,2015-12-01,0.0,6.49,A,93000.0,MORTGAGE,0
29000.0,1.83,732.0,GA,7.0,2015-12-01,1.0,18.99,E,90000.0,MORTGAGE,0
9600.0,17.07,717.0,FL,3.0,2015-12-01,0.0,10.78,B,70000.0,MORTGAGE,0
8600.0,11.84,757.0,TN,10.0,2015-12-01,0.0,7.91,A,126202.0,MORTGAGE,0
35000.0,7.08,697.0,NJ,10.0,2015-12-01,0.0,9.17,B,164000.0,MORTGAGE,0
16000.0,12.0,712.0,NY,10.0,2015-12-01,1.0,7.91,A,117000.0,RENT,0
35000.0,27.35,697.0,CO,6.0,2015-12-01,0.0,16.59,D,95800.0,RENT,0
9425.0,23.15,722.0,OR,10.0,2015-12-01,0.0,18.99,E,74796.8,RENT,0
10375.0,8.89,687.0,NC,10.0,2015-12-01,0.0,19.89,E,100000.0,OWN,0
25000.0,16.94,712.0,OH,10.0,2015-12-01,0.0,14.85,C,80000.0,RENT,0
16000.0,10.32,687.0,MN,2.0,2015-12-01,0.0,7.91,A,58000.0,RENT,0
15000.0,12.01,687.0,VA,3.0,2015-12-01,1.0,18.99,E,100000.0,OWN,0
20850.0,34.59,722.0,NY,4.0,2015-12-01,1.0,15.77,D,129500.0,MORTGAGE,0
8000.0,8.65,662.0,PA,1.0,2015-12-01,0.0,11.99,C,68000.0,RENT,0
35000.0,16.72,697.0,NC,1.0,2015-12-01,0.0,13.44,C,280000.0,MORTGAGE,0
4200.0,18.83,717.0,TX,10.0,2015-12-01,0.0,9.17,B,68000.0,RENT,0
20000.0,21.75,687.0,FL,10.0,2015-12-01,1.0,11.48,B,135000.0,MORTGAGE,0
5000.0,39.83,752.0,TX,10.0,2015-12-01,0.0,7.91,A,79000.0,MORTGAGE,0
20000.0,10.45,662.0,MN,5.0,2015-12-01,1.0,22.45,F,65000.0,MORTGAGE,0
34550.0,22.93,692.0,GA,10.0,2015-12-01,0.0,17.27,D,72000.0,MORTGAGE,0
15000.0,28.04,742.0,MN,5.0,2015-12-01,0.0,9.8,B,66000.0,RENT,0
14000.0,6.84,667.0,NV,6.0,2015-12-01,0.0,11.48,B,99000.0,MORTGAGE,0
7200.0,14.03,682.0,MD,9.0,2015-12-01,1.0,9.17,B,65000.0,RENT,0
28000.0,21.49,702.0,NY,10.0,2015-12-01,0.0,6.99,A,100000.0,MORTGAGE,0
20000.0,17.6,707.0,OH,10.0,2015-12-01,0.0,13.99,C,78000.0,MORTGAGE,0
22350.0,23.64,677.0,MD,10.0,2015-12-01,0.0,13.44,C,127000.0,MORTGAGE,0
7600.0,18.76,677.0,NY,3.0,2015-12-01,1.0,18.99,E,59500.0,RENT,0
30000.0,12.88,712.0,VA,1.0,2015-12-01,0.0,10.78,B,80000.0,RENT,0
2125.0,3.17,662.0,CA,1.0,2015-12-01,0.0,11.99,C,28800.0,MORTGAGE,0
11000.0,14.93,682.0,AZ,3.0,2015-12-01,0.0,13.99,C,54000.0,MORTGAGE,0
25500.0,7.65,722.0,NC,10.0,2015-12-01,0.0,18.99,E,51000.0,MORTGAGE,0
5000.0,27.47,662.0,GA,10.0,2015-12-01,0.0,15.77,D,26000.0,RENT,0
2400.0,17.02,682.0,MD,10.0,2015-12-01,0.0,13.99,C,114000.0,MORTGAGE,0
15000.0,15.54,797.0,CA,3.0,2015-12-01,0.0,5.32,A,103000.0,RENT,0
7200.0,18.4,662.0,WV,2.0,2015-12-01,0.0,14.85,C,25958.0,RENT,0
12000.0,9.94,692.0,AZ,6.0,2015-12-01,0.0,12.88,C,92000.0,MORTGAGE,0
35000.0,24.01,717.0,NY,10.0,2015-12-01,0.0,11.99,C,125000.0,OWN,0
28000.0,6.52,767.0,TX,3.0,2015-12-01,0.0,5.32,A,140000.0,OWN,0
14000.0,26.17,712.0,TX,10.0,2015-12-01,0.0,7.49,A,94000.0,MORTGAGE,0
5000.0,25.54,682.0,KS,10.0,2015-12-01,0.0,11.99,C,33600.0,MORTGAGE,0
11300.0,35.31,687.0,TN,1.0,2015-12-01,0.0,24.24,F,34320.0,MORTGAGE,0
28000.0,31.0,697.0,FL,5.0,2015-12-01,0.0,12.88,C,96000.0,MORTGAGE,0
13250.0,31.63,672.0,AL,9.0,2015-12-01,1.0,18.49,D,59000.0,MORTGAGE,0
16000.0,14.32,692.0,CA,1.0,2015-12-01,0.0,19.48,E,85000.0,RENT,0
14825.0,15.89,667.0,MI,3.0,2015-12-01,1.0,21.48,E,50000.0,MORTGAGE,0
11400.0,12.21,742.0,IL,10.0,2015-12-01,0.0,5.32,A,47000.0,RENT,0
20000.0,14.88,697.0,NY,1.0,2015-12-01,0.0,9.8,B,295000.0,RENT,0
3000.0,12.45,722.0,LA,1.0,2015-12-01,0.0,6.49,A,24000.0,RENT,0
18000.0,35.09,667.0,AZ,10.0,2015-12-01,0.0,11.99,C,45000.0,RENT,0
30000.0,13.79,687.0,FL,2.0,2015-12-01,0.0,15.77,D,180000.0,OWN,0
8500.0,27.99,702.0,KY,10.0,2015-12-01,0.0,14.85,C,80000.0,MORTGAGE,0
10500.0,18.62,672.0,VA,,2015-12-01,0.0,8.49,B,52000.0,MORTGAGE,0
10000.0,19.59,702.0,NY,10.0,2015-12-01,0.0,8.49,B,106000.0,MORTGAGE,0
3000.0,25.9,687.0,UT,1.0,2015-12-01,1.0,11.48,B,62000.0,MORTGAGE,0
12000.0,11.59,687.0,TX,1.0,2015-12-01,0.0,10.78,B,81900.0,RENT,0
19000.0,18.94,717.0,MO,1.0,2015-12-01,0.0,17.97,D,80000.0,MORTGAGE,0
7500.0,20.47,687.0,MD,10.0,2015-12-01,0.0,13.44,C,105000.0,MORTGAGE,0
24000.0,21.67,707.0,TX,2.0,2015-12-01,0.0,6.49,A,157000.0,RENT,0
35000.0,15.9,662.0,MA,4.0,2015-12-01,0.0,14.85,C,125000.0,MORTGAGE,0
10000.0,24.8,692.0,CA,2.0,2015-12-01,1.0,11.48,B,53000.0,RENT,0
3500.0,9.53,667.0,CO,3.0,2015-12-01,0.0,9.17,B,70000.0,MORTGAGE,0
24000.0,16.22,662.0,MA,5.0,2015-12-01,1.0,19.89,E,130000.0,MORTGAGE,0
11000.0,10.9,702.0,IN,1.0,2015-12-01,0.0,9.17,B,37000.0,MORTGAGE,0
5600.0,12.26,677.0,TX,,2015-12-01,0.0,10.78,B,75000.0,MORTGAGE,0
27000.0,10.71,702.0,MD,5.0,2015-12-01,1.0,19.89,E,54000.0,MORTGAGE,0
15000.0,18.15,792.0,WI,1.0,2015-12-01,0.0,6.49,A,82500.0,MORTGAGE,0
20000.0,7.42,792.0,FL,1.0,2015-12-01,0.0,5.32,A,125000.0,MORTGAGE,0
30000.0,20.9,737.0,TX,1.0,2015-12-01,0.0,9.17,B,129500.0,MORTGAGE,0
20000.0,27.32,712.0,NC,4.0,2015-12-01,0.0,12.88,C,47835.0,RENT,0
11425.0,25.84,717.0,PA,9.0,2015-12-01,0.0,9.8,B,69000.0,MORTGAGE,0
14400.0,2.24,792.0,CA,10.0,2015-12-01,0.0,7.49,A,88186.0,MORTGAGE,0
2000.0,16.73,662.0,NJ,7.0,2015-12-01,1.0,9.8,B,32000.0,RENT,0
11200.0,18.23,682.0,MO,10.0,2015-12-01,0.0,12.88,C,42000.0,MORTGAGE,0
12000.0,21.75,677.0,NJ,10.0,2015-12-01,0.0,18.99,E,100000.0,MORTGAGE,0
12675.0,20.83,677.0,PA,1.0,2015-12-01,0.0,25.09,F,48000.0,RENT,0
20000.0,9.04,692.0,WA,,2015-12-01,0.0,7.49,A,60000.0,MORTGAGE,0
15600.0,20.74,712.0,NY,1.0,2015-12-01,0.0,8.49,B,38600.0,OWN,0
34000.0,19.67,687.0,PA,1.0,2015-12-01,0.0,9.17,B,85000.0,RENT,0
9600.0,20.6,687.0,OH,4.0,2015-12-01,1.0,25.09,F,51000.0,RENT,0
12000.0,14.85,682.0,OK,10.0,2015-12-01,0.0,14.85,C,45000.0,RENT,0
29000.0,27.75,707.0,GA,10.0,2015-12-01,0.0,12.88,C,86075.0,MORTGAGE,0
17475.0,26.03,712.0,TX,7.0,2015-12-01,0.0,11.48,B,38000.0,MORTGAGE,0
10000.0,13.01,717.0,IN,5.0,2015-12-01,0.0,12.88,C,50000.0,MORTGAGE,0
25000.0,9.05,752.0,SC,9.0,2015-12-01,0.0,9.17,B,90000.0,MORTGAGE,0
11500.0,18.99,772.0,NJ,10.0,2015-12-01,0.0,5.32,A,151000.0,MORTGAGE,0
5000.0,27.94,687.0,WA,1.0,2015-12-01,0.0,9.8,B,37200.0,RENT,0
9100.0,19.31,727.0,KY,1.0,2015-12-01,0.0,7.49,A,68000.0,OWN,0
35000.0,16.24,727.0,MA,2.0,2015-12-01,0.0,7.49,A,296000.0,OWN,0
24000.0,21.67,747.0,NY,10.0,2015-12-01,0.0,6.49,A,51000.0,OWN,0
5500.0,32.29,712.0,TX,8.0,2015-12-01,0.0,8.49,B,41000.0,MORTGAGE,0
18000.0,13.69,742.0,TX,4.0,2015-12-01,0.0,5.32,A,100000.0,MORTGAGE,0
6000.0,10.29,692.0,OH,3.0,2015-12-01,0.0,14.85,C,42000.0,RENT,0
8000.0,12.75,712.0,MO,1.0,2015-12-01,0.0,7.91,A,50000.0,MORTGAGE,0
4650.0,26.82,662.0,CA,4.0,2015-12-01,1.0,13.99,C,45000.0,RENT,0
20000.0,31.78,662.0,FL,,2015-12-01,0.0,16.59,D,108000.0,MORTGAGE,0
2000.0,3.32,662.0,MD,2.0,2015-12-01,0.0,11.99,C,44000.0,RENT,0
15000.0,0.62,747.0,HI,10.0,2015-12-01,0.0,6.49,A,105000.0,MORTGAGE,0
3000.0,32.87,712.0,FL,2.0,2015-12-01,0.0,9.8,B,26000.0,RENT,0
1000.0,34.32,662.0,FL,7.0,2015-12-01,0.0,11.48,B,30000.0,MORTGAGE,0
24900.0,22.59,707.0,WI,10.0,2015-12-01,0.0,13.44,C,54139.0,MORTGAGE,0
15250.0,10.37,682.0,OH,10.0,2015-12-01,1.0,17.27,D,114000.0,MORTGAGE,0
6025.0,27.14,662.0,LA,10.0,2015-12-01,0.0,14.85,C,65000.0,MORTGAGE,0
15000.0,37.42,672.0,GA,9.0,2015-12-01,1.0,13.44,C,98000.0,MORTGAGE,0
20000.0,30.32,737.0,TX,4.0,2015-12-01,0.0,9.17,B,86000.0,RENT,0
12000.0,28.36,667.0,TX,9.0,2015-12-01,0.0,10.78,B,85000.0,MORTGAGE,0
14000.0,20.65,722.0,NC,10.0,2015-12-01,0.0,10.78,B,68000.0,MORTGAGE,0
6000.0,11.83,722.0,DE,10.0,2015-12-01,0.0,9.8,B,59245.0,MORTGAGE,0
33600.0,22.62,667.0,GA,4.0,2015-12-01,1.0,20.5,E,98000.0,MORTGAGE,0
20400.0,11.85,687.0,MN,3.0,2015-12-01,0.0,20.5,E,86000.0,MORTGAGE,0
2000.0,33.0,707.0,GA,9.0,2015-12-01,0.0,13.99,C,46000.0,RENT,0
8000.0,15.71,677.0,TX,3.0,2015-12-01,0.0,8.49,B,75000.0,RENT,0
10000.0,19.22,667.0,CA,2.0,2015-12-01,0.0,11.99,C,54000.0,RENT,0
13650.0,19.51,677.0,TX,9.0,2015-12-01,1.0,21.48,E,37000.0,OWN,0
2500.0,19.11,677.0,KY,10.0,2015-12-01,0.0,13.44,C,38000.0,RENT,0
5600.0,15.64,662.0,NJ,4.0,2015-12-01,0.0,9.17,B,41500.0,MORTGAGE,0
10000.0,4.62,667.0,TN,,2015-12-01,0.0,8.49,B,150000.0,MORTGAGE,0
10250.0,29.03,682.0,FL,,2015-12-01,0.0,16.59,D,57000.0,MORTGAGE,0
8000.0,24.14,692.0,AL,8.0,2015-12-01,0.0,7.91,A,42000.0,RENT,0
12000.0,19.33,717.0,TX,10.0,2015-12-01,0.0,6.99,A,130000.0,MORTGAGE,0
1400.0,10.11,677.0,TX,10.0,2015-12-01,0.0,12.88,C,93000.0,MORTGAGE,0
17125.0,20.54,662.0,NJ,5.0,2015-12-01,1.0,15.77,D,51000.0,RENT,0
1000.0,11.75,687.0,FL,1.0,2015-12-01,0.0,9.8,B,70000.0,RENT,0
10000.0,33.53,742.0,PA,10.0,2015-12-01,0.0,13.99,C,58800.0,OWN,0
7000.0,26.26,722.0,TX,3.0,2015-12-01,0.0,9.8,B,32000.0,RENT,0
16000.0,15.29,672.0,CA,8.0,2015-12-01,0.0,11.48,B,185000.0,RENT,0
10000.0,22.12,687.0,NV,1.0,2015-12-01,0.0,5.32,A,109000.0,MORTGAGE,0
30000.0,29.41,732.0,FL,10.0,2015-12-01,0.0,9.8,B,94000.0,MORTGAGE,0
18000.0,6.47,667.0,TX,10.0,2015-12-01,0.0,9.17,B,80000.0,MORTGAGE,0
5000.0,25.37,677.0,TX,5.0,2015-12-01,0.0,14.85,C,64000.0,RENT,0
2400.0,22.8,702.0,TX,4.0,2015-12-01,1.0,14.85,C,51000.0,RENT,0
9000.0,30.68,682.0,TX,9.0,2015-12-01,0.0,17.97,D,50000.0,MORTGAGE,0
21000.0,15.1,712.0,CA,1.0,2015-12-01,0.0,9.17,B,82000.0,RENT,0
8000.0,8.87,677.0,FL,3.0,2015-12-01,0.0,12.88,C,46000.0,RENT,0
9550.0,36.04,662.0,ME,,2015-12-01,1.0,17.97,D,64627.0,MORTGAGE,0
14400.0,30.24,707.0,ME,10.0,2015-12-01,1.0,9.17,B,60000.0,MORTGAGE,0
15000.0,33.81,677.0,FL,7.0,2015-12-01,0.0,11.48,B,45000.0,OWN,0
7000.0,5.66,712.0,FL,8.0,2015-12-01,0.0,5.32,A,75000.0,MORTGAGE,0
28500.0,33.94,662.0,KY,2.0,2015-12-01,0.0,18.49,D,75000.0,RENT,0
35000.0,17.73,677.0,MI,3.0,2015-12-01,1.0,13.99,C,139000.0,RENT,0
30000.0,22.57,697.0,PA,2.0,2015-12-01,1.0,22.45,F,170000.0,MORTGAGE,0
35000.0,22.97,707.0,MA,1.0,2015-12-01,1.0,18.99,E,90000.0,RENT,0
20250.0,32.48,692.0,GA,5.0,2015-12-01,0.0,13.99,C,45000.0,OWN,0
21000.0,10.05,757.0,MN,,2015-12-01,0.0,5.32,A,72000.0,MORTGAGE,0
18000.0,24.02,742.0,FL,10.0,2015-12-01,0.0,7.91,A,72000.0,MORTGAGE,0
7000.0,15.56,667.0,VA,10.0,2015-12-01,0.0,14.85,C,120000.0,RENT,0
10000.0,29.16,712.0,FL,,2015-12-01,0.0,9.17,B,24080.0,OWN,0
35000.0,24.78,692.0,FL,10.0,2015-12-01,0.0,7.91,A,239000.0,MORTGAGE,0
10000.0,11.95,717.0,OK,3.0,2015-12-01,0.0,6.49,A,77000.0,RENT,0
10000.0,12.29,687.0,NY,10.0,2015-12-01,0.0,8.49,B,70000.0,MORTGAGE,0
12000.0,3.97,762.0,SC,10.0,2015-12-01,0.0,5.32,A,84000.0,OWN,0
5600.0,7.59,677.0,OH,5.0,2015-12-01,0.0,9.8,B,38110.0,MORTGAGE,0
6000.0,10.24,662.0,NC,8.0,2015-12-01,0.0,13.44,C,29424.0,MORTGAGE,0
6000.0,20.18,697.0,VA,4.0,2015-12-01,0.0,7.49,A,99000.0,RENT,0
1800.0,37.52,677.0,TX,8.0,2015-12-01,0.0,14.85,C,38000.0,MORTGAGE,0
10500.0,29.83,662.0,FL,4.0,2015-12-01,1.0,18.49,D,28000.0,RENT,0
5450.0,20.92,677.0,AZ,1.0,2015-12-01,0.0,6.0,C,85000.0,RENT,0
14000.0,14.92,702.0,AL,3.0,2015-12-01,0.0,7.91,A,114000.0,MORTGAGE,0
15000.0,14.07,672.0,MA,3.0,2015-12-01,1.0,11.48,B,50000.0,RENT,0
8000.0,10.16,707.0,CO,6.0,2015-12-01,1.0,9.8,B,55000.0,RENT,0
25000.0,27.39,687.0,NJ,,2015-12-01,0.0,13.99,C,70000.0,MORTGAGE,0
30000.0,19.29,672.0,SC,1.0,2015-12-01,0.0,12.88,C,127000.0,MORTGAGE,0
25000.0,23.61,682.0,TN,10.0,2015-12-01,1.0,7.91,A,124000.0,MORTGAGE,0
10000.0,6.71,797.0,NJ,4.0,2015-12-01,0.0,5.32,A,98000.0,MORTGAGE,0
28000.0,16.82,727.0,IL,10.0,2015-12-01,0.0,5.32,A,350000.0,MORTGAGE,0
5600.0,13.3,662.0,CA,1.0,2015-12-01,0.0,11.48,B,95000.0,RENT,0
18000.0,25.75,707.0,TX,10.0,2015-12-01,1.0,7.91,A,200000.0,MORTGAGE,0
17000.0,32.42,732.0,NV,2.0,2015-12-01,1.0,15.77,D,39500.0,MORTGAGE,0
15000.0,23.72,682.0,OH,10.0,2015-12-01,0.0,6.49,A,100000.0,MORTGAGE,0
14000.0,10.44,662.0,CO,10.0,2015-12-01,1.0,19.89,E,52000.0,RENT,0
10500.0,11.45,662.0,CA,1.0,2015-12-01,0.0,10.78,B,115000.0,RENT,0
20800.0,23.7,697.0,MO,7.0,2015-12-01,0.0,6.99,A,100000.0,MORTGAGE,0
10000.0,4.81,762.0,CA,4.0,2015-12-01,0.0,5.32,A,82000.0,RENT,0
10000.0,13.0,707.0,FL,1.0,2015-12-01,0.0,9.17,B,42000.0,RENT,0
6000.0,26.4,772.0,TN,6.0,2015-12-01,0.0,6.49,A,65000.0,OWN,0
3600.0,11.67,672.0,TX,10.0,2015-12-01,1.0,13.99,C,50000.0,RENT,0
15000.0,23.6,672.0,IL,10.0,2015-12-01,0.0,9.8,B,62300.0,MORTGAGE,0
24000.0,19.12,702.0,CA,8.0,2015-12-01,0.0,14.85,C,120000.0,RENT,0
8000.0,9.7,697.0,LA,10.0,2015-12-01,0.0,13.44,C,100000.0,MORTGAGE,0
24000.0,6.39,707.0,MA,7.0,2015-12-01,0.0,14.85,C,125000.0,MORTGAGE,0
21000.0,22.6,682.0,LA,7.0,2015-12-01,1.0,18.49,D,90000.0,MORTGAGE,0
20000.0,6.99,692.0,MA,10.0,2015-12-01,0.0,12.88,C,75000.0,RENT,0
15500.0,25.54,667.0,GA,4.0,2015-12-01,0.0,14.85,C,50000.0,MORTGAGE,0
25000.0,12.89,742.0,MO,6.0,2015-12-01,0.0,7.91,A,205000.0,MORTGAGE,0
4200.0,5.91,707.0,CT,3.0,2015-12-01,0.0,11.99,C,40000.0,RENT,0
15000.0,15.64,662.0,NY,4.0,2015-12-01,0.0,19.89,E,180000.0,MORTGAGE,0
10525.0,35.4,672.0,TX,2.0,2015-12-01,0.0,19.48,E,50000.0,MORTGAGE,0
25000.0,29.93,752.0,NY,10.0,2015-12-01,0.0,7.49,A,61900.0,MORTGAGE,0
1975.0,26.35,742.0,FL,3.0,2015-12-01,0.0,13.99,C,19084.0,RENT,0
8875.0,15.24,672.0,MA,2.0,2015-12-01,0.0,15.77,D,50000.0,RENT,0
25625.0,25.39,662.0,CO,2.0,2015-12-01,0.0,25.09,F,91600.0,MORTGAGE,0
15000.0,3.21,662.0,NY,4.0,2015-12-01,1.0,9.17,B,95000.0,RENT,0
12000.0,12.67,722.0,CO,1.0,2015-12-01,0.0,9.8,B,65000.0,MORTGAGE,0
16100.0,31.1,702.0,FL,4.0,2015-12-01,0.0,17.97,D,36000.0,MORTGAGE,0
19300.0,13.27,682.0,TX,1.0,2015-12-01,1.0,10.78,B,50000.0,OWN,0
2800.0,8.66,682.0,NY,10.0,2015-12-01,0.0,10.78,B,150000.0,RENT,0
18000.0,16.19,697.0,OK,10.0,2015-12-01,0.0,12.88,C,100000.0,MORTGAGE,0
9000.0,32.6,717.0,NY,7.0,2015-12-01,0.0,9.17,B,38000.0,RENT,0
35000.0,18.77,742.0,TX,10.0,2015-12-01,0.0,12.88,C,135000.0,MORTGAGE,0
21600.0,19.34,697.0,SC,3.0,2015-12-01,0.0,7.49,A,150000.0,OWN,0
20525.0,27.99,667.0,LA,5.0,2015-12-01,1.0,18.99,E,90000.0,MORTGAGE,0
5000.0,16.17,702.0,TN,8.0,2015-12-01,0.0,12.88,C,85000.0,RENT,0
5600.0,20.43,772.0,CA,8.0,2015-12-01,0.0,6.49,A,81000.0,RENT,0
35000.0,2.78,767.0,LA,10.0,2015-12-01,1.0,9.8,B,105000.0,MORTGAGE,0
15000.0,20.88,682.0,IN,8.0,2015-12-01,0.0,15.77,D,73000.0,MORTGAGE,0
10000.0,13.49,707.0,OH,2.0,2015-12-01,0.0,13.99,C,49000.0,MORTGAGE,0
8000.0,14.9,717.0,TX,5.0,2015-12-01,0.0,7.91,A,65000.0,OWN,0
3500.0,19.69,682.0,TX,10.0,2015-12-01,0.0,10.78,B,130000.0,MORTGAGE,0
9800.0,12.81,672.0,IL,10.0,2015-12-01,0.0,9.8,B,108000.0,MORTGAGE,0
10000.0,28.69,737.0,FL,9.0,2015-12-01,0.0,6.49,A,76000.0,OWN,0
32300.0,13.55,662.0,CT,7.0,2015-12-01,0.0,22.45,F,72000.0,RENT,0
6000.0,28.2,667.0,OH,1.0,2015-12-01,1.0,17.27,D,27500.0,MORTGAGE,0
10000.0,1.83,667.0,CA,10.0,2015-12-01,1.0,9.17,B,80000.0,MORTGAGE,0
16075.0,38.25,677.0,FL,2.0,2015-12-01,0.0,21.48,E,36111.0,MORTGAGE,0
8000.0,14.18,682.0,GA,6.0,2015-12-01,0.0,6.99,A,32000.0,RENT,0
20000.0,37.95,682.0,WV,2.0,2015-12-01,0.0,22.45,F,75000.0,MORTGAGE,0
26400.0,8.55,682.0,MA,3.0,2015-12-01,0.0,11.99,C,60000.0,RENT,0
15000.0,26.88,662.0,CT,4.0,2015-12-01,1.0,11.99,C,45000.0,RENT,0
25000.0,4.64,672.0,NH,1.0,2015-12-01,1.0,14.85,C,91500.0,OWN,0
12000.0,13.81,662.0,NY,10.0,2015-12-01,0.0,17.97,D,78000.0,RENT,0
20000.0,15.2,732.0,VA,10.0,2015-12-01,0.0,7.49,A,107600.0,MORTGAGE,0
15000.0,30.85,682.0,ND,10.0,2015-12-01,1.0,11.99,C,68000.0,RENT,0
21900.0,20.22,672.0,FL,8.0,2015-12-01,0.0,14.85,C,100000.0,MORTGAGE,0
12500.0,26.65,722.0,WI,10.0,2015-12-01,0.0,7.91,A,76000.0,OWN,0
7000.0,7.61,687.0,NY,1.0,2015-12-01,0.0,12.88,C,65805.0,RENT,0
18000.0,6.72,662.0,PA,4.0,2015-12-01,0.0,13.99,C,85000.0,MORTGAGE,0
24000.0,13.46,762.0,CT,1.0,2015-12-01,0.0,11.99,C,70000.0,RENT,0
4000.0,19.06,707.0,CT,2.0,2015-12-01,0.0,10.78,B,69000.0,MORTGAGE,0
9400.0,20.7,692.0,TX,7.0,2015-12-01,0.0,23.13,F,35760.0,MORTGAGE,0
5050.0,31.36,712.0,MD,10.0,2015-12-01,0.0,11.99,C,130000.0,MORTGAGE,0
18750.0,23.06,682.0,TX,3.0,2015-12-01,1.0,24.24,F,70000.0,MORTGAGE,0
14400.0,20.86,682.0,AL,1.0,2015-12-01,0.0,13.99,C,91000.0,RENT,0
9000.0,21.6,727.0,TX,1.0,2015-12-01,0.0,7.49,A,80000.0,OWN,0
12000.0,5.5,672.0,MO,1.0,2015-12-01,0.0,8.49,B,45000.0,OWN,0
2000.0,29.26,687.0,CA,10.0,2015-12-01,1.0,12.88,C,52000.0,RENT,0
13000.0,18.57,782.0,NY,5.0,2015-12-01,0.0,11.99,C,91000.0,RENT,0
18000.0,34.07,712.0,AZ,9.0,2015-12-01,0.0,7.49,A,120000.0,MORTGAGE,0
24000.0,27.56,727.0,CT,1.0,2015-12-01,0.0,9.8,B,60000.0,MORTGAGE,0
18000.0,19.46,722.0,MA,5.0,2015-12-01,0.0,6.49,A,55000.0,RENT,0
5600.0,29.42,672.0,HI,5.0,2015-12-01,0.0,11.99,C,30000.0,RENT,0
16000.0,16.16,687.0,FL,10.0,2015-12-01,1.0,15.77,D,90000.0,RENT,0
15000.0,4.33,767.0,MD,3.0,2015-12-01,0.0,8.49,B,43500.0,MORTGAGE,0
21000.0,30.11,782.0,FL,2.0,2015-12-01,0.0,12.88,C,90000.0,MORTGAGE,0
28000.0,14.94,697.0,KS,8.0,2015-12-01,0.0,12.88,C,450000.0,MORTGAGE,0
24000.0,24.2,667.0,MA,4.0,2015-12-01,0.0,13.44,C,89000.0,MORTGAGE,0
15000.0,29.07,717.0,NY,,2015-12-01,0.0,11.48,B,70000.0,OWN,0
7200.0,13.24,672.0,TX,10.0,2015-12-01,0.0,9.8,B,86000.0,MORTGAGE,0
15000.0,12.91,662.0,MS,10.0,2015-12-01,0.0,11.48,B,76995.0,MORTGAGE,0
12000.0,31.83,667.0,CA,4.0,2015-12-01,1.0,13.44,C,53500.0,MORTGAGE,0
20000.0,21.21,722.0,FL,5.0,2015-12-01,0.0,7.91,A,85000.0,MORTGAGE,0
1500.0,29.0,692.0,AZ,10.0,2015-12-01,0.0,16.59,D,32000.0,MORTGAGE,0
10000.0,18.34,712.0,WA,,2015-12-01,0.0,18.99,E,50000.0,OWN,0
9600.0,5.4,737.0,FL,1.0,2015-12-01,0.0,20.5,E,30000.0,RENT,0
25000.0,11.29,787.0,VA,10.0,2015-12-01,0.0,7.91,A,90000.0,OWN,0
16100.0,16.19,712.0,MO,10.0,2015-12-01,0.0,23.13,F,35000.0,MORTGAGE,0
15000.0,17.47,692.0,NJ,10.0,2015-12-01,0.0,11.48,B,113000.0,MORTGAGE,0
33300.0,21.69,692.0,TX,10.0,2015-12-01,0.0,13.99,C,125000.0,RENT,0
7200.0,10.57,672.0,GA,1.0,2015-12-01,0.0,9.8,B,68000.0,MORTGAGE,0
15000.0,31.67,682.0,PA,6.0,2015-12-01,0.0,12.88,C,66248.0,MORTGAGE,0
14000.0,9.46,667.0,PA,8.0,2015-12-01,0.0,9.8,B,50000.0,MORTGAGE,0
17000.0,21.98,707.0,CA,3.0,2015-12-01,0.0,7.49,A,81000.0,MORTGAGE,0
15000.0,19.68,692.0,NY,3.0,2015-12-01,0.0,6.49,A,35000.0,MORTGAGE,0
18000.0,29.03,682.0,LA,8.0,2015-12-01,0.0,12.88,C,81000.0,OWN,0
4400.0,18.79,707.0,GA,4.0,2015-12-01,0.0,7.49,A,49000.0,MORTGAGE,0
24000.0,12.66,672.0,MI,10.0,2015-12-01,0.0,10.78,B,160000.0,MORTGAGE,0
7000.0,17.43,672.0,NV,5.0,2015-12-01,0.0,11.99,C,21000.0,RENT,0
15000.0,17.14,702.0,CO,4.0,2015-12-01,0.0,8.49,B,170000.0,MORTGAGE,0
20000.0,24.26,692.0,NC,2.0,2015-12-01,0.0,17.27,D,64000.0,OWN,0
15000.0,17.98,747.0,CO,4.0,2015-12-01,0.0,6.99,A,145000.0,MORTGAGE,0
35000.0,25.27,677.0,PA,3.0,2015-12-01,0.0,14.85,C,158000.0,OWN,0
10000.0,21.62,667.0,CT,3.0,2015-12-01,0.0,8.49,B,55000.0,RENT,0
12000.0,5.75,682.0,IL,8.0,2015-12-01,0.0,12.88,C,52000.0,MORTGAGE,0
2925.0,6.6,662.0,CO,2.0,2015-12-01,0.0,17.27,D,50000.0,RENT,0
3275.0,25.46,667.0,LA,,2015-12-01,1.0,14.85,C,22056.0,RENT,0
33600.0,28.85,692.0,FL,7.0,2015-12-01,0.0,22.45,F,103000.0,MORTGAGE,0
17000.0,33.95,717.0,TX,8.0,2015-12-01,1.0,10.78,B,48000.0,OWN,0
8975.0,21.53,757.0,TX,3.0,2015-12-01,0.0,21.48,E,67000.0,OWN,0
20000.0,13.49,772.0,CA,7.0,2015-12-01,0.0,7.49,A,58000.0,MORTGAGE,0
11000.0,23.88,717.0,NE,3.0,2015-12-01,0.0,7.91,A,40000.0,MORTGAGE,0
15000.0,10.74,687.0,NY,2.0,2015-12-01,1.0,10.78,B,60000.0,RENT,0
20000.0,17.48,662.0,CA,10.0,2015-12-01,0.0,9.17,B,80000.0,RENT,0
30000.0,24.64,682.0,CA,10.0,2015-12-01,0.0,18.49,D,79000.0,RENT,0
26075.0,27.59,692.0,CA,10.0,2015-12-01,0.0,18.99,E,72470.0,RENT,0
3000.0,24.76,677.0,CA,6.0,2015-12-01,1.0,13.99,C,70000.0,RENT,0
30000.0,30.16,667.0,TX,2.0,2015-12-01,0.0,14.85,C,103000.0,RENT,0
15000.0,6.43,662.0,OR,1.0,2015-12-01,0.0,15.77,D,65000.0,RENT,0
5475.0,29.71,682.0,NY,10.0,2015-12-01,0.0,18.49,D,21000.0,RENT,0
22075.0,26.83,662.0,NC,1.0,2015-12-01,1.0,22.45,F,69000.0,RENT,0
20000.0,5.54,667.0,PA,,2015-12-01,0.0,9.8,B,88894.8,RENT,0
22000.0,15.34,697.0,NY,6.0,2015-12-01,0.0,11.48,B,117000.0,RENT,0
15000.0,16.12,677.0,FL,1.0,2015-12-01,0.0,8.49,B,70000.0,RENT,0
20000.0,18.09,662.0,NJ,7.0,2015-12-01,0.0,13.44,C,72000.0,RENT,0
18000.0,17.18,722.0,FL,5.0,2015-12-01,0.0,9.17,B,58000.0,MORTGAGE,0
35000.0,13.3,672.0,CA,10.0,2015-12-01,1.0,14.85,C,110000.0,OWN,0
28000.0,15.2,662.0,TX,3.0,2015-12-01,0.0,19.48,E,91500.0,MORTGAGE,0
6000.0,6.29,727.0,PA,3.0,2015-12-01,0.0,5.32,A,109000.0,MORTGAGE,0
5000.0,9.8,707.0,CA,2.0,2015-12-01,0.0,5.32,A,370000.0,OWN,0
15000.0,31.17,722.0,WI,,2015-12-01,0.0,9.17,B,40500.0,MORTGAGE,0
4800.0,21.45,682.0,KS,10.0,2015-12-01,0.0,13.99,C,64000.0,OWN,0
15000.0,28.32,672.0,NY,3.0,2015-12-01,1.0,13.99,C,48100.0,RENT,0
5000.0,18.23,682.0,NC,10.0,2015-12-01,0.0,9.17,B,45000.0,MORTGAGE,0
30000.0,23.26,677.0,NY,10.0,2015-12-01,0.0,14.85,C,88000.0,RENT,0
25000.0,29.35,677.0,WA,5.0,2015-12-01,1.0,17.97,D,69000.0,MORTGAGE,0
7750.0,29.02,692.0,IN,10.0,2015-12-01,1.0,9.8,B,54500.0,MORTGAGE,0
21000.0,24.85,672.0,CA,2.0,2015-12-01,0.0,9.8,B,92700.0,RENT,0
28000.0,11.29,677.0,NJ,10.0,2015-12-01,0.0,16.59,D,91500.0,MORTGAGE,0
28000.0,5.77,722.0,IL,10.0,2015-12-01,0.0,5.32,A,97500.0,RENT,0
25000.0,11.82,802.0,AR,4.0,2015-12-01,0.0,5.32,A,150000.0,MORTGAGE,0
3500.0,22.82,747.0,AR,10.0,2015-12-01,0.0,9.8,B,53700.0,MORTGAGE,0
10000.0,25.12,667.0,AZ,1.0,2015-12-01,0.0,11.99,C,90000.0,RENT,0
25000.0,28.65,672.0,NJ,2.0,2015-12-01,0.0,9.8,B,80000.0,RENT,0
25300.0,25.35,697.0,GA,7.0,2015-12-01,0.0,11.99,C,55000.0,MORTGAGE,0
10000.0,20.28,702.0,PA,6.0,2015-12-01,1.0,10.78,B,70000.0,RENT,0
35000.0,35.02,722.0,NC,1.0,2015-12-01,1.0,17.97,D,75000.0,RENT,0
18000.0,9.55,662.0,MI,1.0,2015-12-01,0.0,13.99,C,112500.0,RENT,0
6000.0,12.4,727.0,CA,,2015-12-01,0.0,7.49,A,30000.0,RENT,0
28000.0,8.69,712.0,CA,10.0,2015-12-01,0.0,6.99,A,190000.0,MORTGAGE,0
17300.0,22.2,667.0,GA,3.0,2015-12-01,0.0,18.99,E,88000.0,MORTGAGE,0
23825.0,29.66,722.0,WA,10.0,2015-12-01,0.0,17.97,D,59598.0,MORTGAGE,0
29050.0,10.9,732.0,NY,9.0,2015-12-01,1.0,19.48,E,84000.0,OWN,0
10200.0,21.44,712.0,NC,1.0,2015-12-01,0.0,6.49,A,110000.0,MORTGAGE,0
5000.0,17.41,677.0,CA,10.0,2015-12-01,0.0,11.48,B,90000.0,RENT,0
32000.0,12.8,667.0,CA,10.0,2015-12-01,0.0,23.13,F,300000.0,OWN,0
9000.0,10.93,667.0,CA,8.0,2015-12-01,0.0,9.8,B,137000.0,RENT,0
15000.0,14.6,717.0,FL,4.0,2015-12-01,0.0,18.99,E,80000.0,OWN,0
2000.0,21.08,707.0,IL,5.0,2015-12-01,0.0,11.99,C,90000.0,RENT,0
7200.0,23.33,662.0,TX,10.0,2015-12-01,0.0,12.88,C,50000.0,MORTGAGE,0
5000.0,14.4,722.0,MO,3.0,2015-12-01,1.0,7.49,A,25000.0,RENT,0
15550.0,20.19,677.0,FL,5.0,2015-12-01,0.0,17.27,D,85000.0,RENT,0
16000.0,18.62,727.0,NY,8.0,2015-12-01,0.0,8.49,B,65800.0,RENT,0
10000.0,15.74,737.0,TN,10.0,2015-12-01,1.0,13.99,C,67000.0,OWN,0
20000.0,13.28,707.0,VA,3.0,2015-12-01,0.0,13.44,C,93851.0,OWN,0
16000.0,26.48,667.0,CT,6.0,2015-12-01,0.0,16.59,D,40000.0,MORTGAGE,0
10000.0,12.33,697.0,WA,7.0,2015-12-01,0.0,7.49,A,60000.0,MORTGAGE,0
11850.0,4.8,667.0,NY,3.0,2015-12-01,0.0,10.78,B,70000.0,MORTGAGE,0
8400.0,10.51,677.0,FL,10.0,2015-12-01,0.0,12.88,C,130000.0,OWN,0
2000.0,5.67,662.0,OR,10.0,2015-12-01,0.0,13.44,C,47000.0,MORTGAGE,0
7200.0,33.56,662.0,NC,4.0,2015-12-01,0.0,15.77,D,54000.0,MORTGAGE,0
7000.0,33.02,672.0,MD,10.0,2015-12-01,0.0,9.17,B,109000.0,MORTGAGE,0
4350.0,24.03,672.0,CA,10.0,2015-12-01,0.0,15.77,D,42000.0,RENT,0
9650.0,28.52,667.0,TX,10.0,2015-12-01,0.0,11.99,C,30000.0,RENT,0
35000.0,24.06,677.0,CA,1.0,2015-12-01,0.0,22.45,F,100000.0,RENT,0
20800.0,32.55,707.0,TX,6.0,2015-12-01,0.0,7.91,A,109000.0,MORTGAGE,0
18025.0,38.29,707.0,CO,4.0,2015-12-01,1.0,21.48,E,41000.0,RENT,0
10000.0,3.75,682.0,CO,1.0,2015-12-01,1.0,17.97,D,24000.0,RENT,0
11000.0,15.43,667.0,VT,1.0,2015-12-01,0.0,9.8,B,28000.0,RENT,0
20000.0,10.17,677.0,NJ,10.0,2015-12-01,0.0,9.8,B,250000.0,MORTGAGE,0
7000.0,32.12,702.0,NJ,4.0,2015-12-01,0.0,11.99,C,39500.0,RENT,0
30000.0,8.54,727.0,OR,2.0,2015-12-01,0.0,9.17,B,400000.0,RENT,0
28000.0,4.07,662.0,CA,1.0,2015-12-01,0.0,12.88,C,143500.0,MORTGAGE,0
15000.0,6.81,682.0,CO,1.0,2015-12-01,0.0,13.44,C,31000.0,RENT,0
19475.0,23.55,732.0,TX,1.0,2015-12-01,0.0,11.48,B,106000.0,MORTGAGE,0
17550.0,33.78,732.0,CO,,2015-12-01,1.0,13.99,C,39000.0,MORTGAGE,0
8750.0,29.81,682.0,FL,10.0,2015-12-01,0.0,13.44,C,25000.0,MORTGAGE,0
21000.0,15.79,687.0,AZ,6.0,2015-12-01,0.0,11.99,C,52000.0,MORTGAGE,0
16000.0,22.09,692.0,IN,10.0,2015-12-01,0.0,18.99,E,90000.0,MORTGAGE,0
16000.0,20.92,722.0,VA,3.0,2015-12-01,0.0,9.17,B,56000.0,MORTGAGE,0
12000.0,34.29,697.0,PA,3.0,2015-12-01,0.0,11.48,B,35000.0,RENT,0
6000.0,16.42,687.0,MI,2.0,2015-12-01,1.0,11.48,B,59500.0,MORTGAGE,0
6700.0,24.31,707.0,DE,10.0,2015-12-01,0.0,7.49,A,75000.0,MORTGAGE,0
21000.0,24.36,662.0,DE,3.0,2015-12-01,0.0,15.77,D,120000.0,MORTGAGE,0
15000.0,28.88,672.0,TX,5.0,2015-12-01,0.0,13.44,C,60000.0,MORTGAGE,0
35000.0,25.59,707.0,TN,10.0,2015-12-01,0.0,19.48,E,75000.0,MORTGAGE,0
24000.0,9.0,692.0,SC,10.0,2015-12-01,0.0,17.97,D,60000.0,MORTGAGE,0
8450.0,30.32,697.0,AL,4.0,2015-12-01,1.0,16.59,D,50000.0,MORTGAGE,0
12000.0,11.77,692.0,SC,10.0,2015-12-01,0.0,11.48,B,53000.0,MORTGAGE,0
24000.0,3.49,707.0,IL,4.0,2015-12-01,0.0,11.48,B,53000.0,MORTGAGE,0
21000.0,38.98,702.0,PA,10.0,2015-12-01,0.0,7.91,A,75000.0,MORTGAGE,0
10000.0,13.97,717.0,MA,10.0,2015-12-01,1.0,9.17,B,81000.0,MORTGAGE,0
15000.0,20.72,667.0,NC,2.0,2015-12-01,0.0,13.44,C,52000.0,RENT,0
15000.0,29.06,722.0,OH,1.0,2015-12-01,0.0,13.99,C,80000.0,RENT,0
15000.0,28.29,667.0,CA,4.0,2015-12-01,0.0,13.99,C,68000.0,RENT,0
35000.0,21.05,662.0,CA,8.0,2015-12-01,1.0,13.99,C,135000.0,MORTGAGE,0
8400.0,29.04,697.0,AR,7.0,2015-12-01,0.0,6.49,A,48500.0,MORTGAGE,0
11800.0,23.67,717.0,CT,3.0,2015-12-01,0.0,20.5,E,45000.0,MORTGAGE,0
24000.0,13.2,732.0,WI,2.0,2015-12-01,1.0,11.99,C,100000.0,MORTGAGE,0
5500.0,38.0,687.0,OH,10.0,2015-12-01,1.0,11.48,B,54000.0,OWN,0
35000.0,25.62,697.0,MS,10.0,2015-12-01,0.0,8.49,B,105000.0,MORTGAGE,0
5000.0,24.55,692.0,WA,9.0,2015-12-01,1.0,17.97,D,24500.0,RENT,0
17000.0,16.69,752.0,AZ,3.0,2015-12-01,0.0,8.49,B,75000.0,MORTGAGE,0
24000.0,9.96,692.0,CA,10.0,2015-12-01,0.0,9.17,B,145000.0,MORTGAGE,0
15000.0,5.93,682.0,OR,10.0,2015-12-01,1.0,7.49,A,72000.0,MORTGAGE,0
35000.0,15.63,662.0,NJ,1.0,2015-12-01,0.0,15.77,D,213100.0,MORTGAGE,0
28000.0,23.15,697.0,NY,10.0,2015-12-01,0.0,9.17,B,85000.0,RENT,0
10000.0,23.29,667.0,CA,2.0,2015-12-01,0.0,12.88,C,48500.0,RENT,0
11000.0,9.27,672.0,ME,1.0,2015-12-01,0.0,8.49,B,140000.0,MORTGAGE,0
5000.0,1.41,687.0,NJ,1.0,2015-12-01,0.0,9.8,B,60250.0,RENT,0
10000.0,26.76,672.0,IN,10.0,2015-12-01,0.0,14.85,C,45000.0,MORTGAGE,0
12000.0,14.9,682.0,CA,1.0,2015-12-01,0.0,9.8,B,101000.0,RENT,0
35000.0,33.52,692.0,CT,10.0,2015-12-01,0.0,21.48,E,100000.0,RENT,0
2400.0,22.3,672.0,IL,10.0,2015-12-01,0.0,11.48,B,94000.0,MORTGAGE,0
10000.0,19.25,722.0,WA,1.0,2015-12-01,1.0,8.49,B,49000.0,MORTGAGE,0
30000.0,30.78,712.0,TX,1.0,2015-12-01,0.0,13.44,C,114000.0,MORTGAGE,0
14000.0,31.11,662.0,GA,3.0,2015-12-01,1.0,16.59,D,50000.0,RENT,0
8000.0,19.88,697.0,FL,8.0,2015-12-01,0.0,11.48,B,100000.0,RENT,0
18000.0,20.7,742.0,NC,10.0,2015-12-01,0.0,6.99,A,98000.0,MORTGAGE,0
13500.0,11.8,692.0,GA,4.0,2015-12-01,0.0,10.78,B,42000.0,MORTGAGE,0
21000.0,28.36,742.0,VA,10.0,2015-12-01,1.0,11.48,B,127000.0,MORTGAGE,0
13000.0,11.21,712.0,WA,10.0,2015-12-01,0.0,6.49,A,50000.0,RENT,0
16800.0,26.23,677.0,CA,10.0,2015-12-01,1.0,15.77,D,55555.0,RENT,0
5000.0,30.15,687.0,GA,5.0,2015-12-01,0.0,15.77,D,55000.0,MORTGAGE,0
8000.0,34.98,662.0,KY,5.0,2015-12-01,1.0,9.8,B,65000.0,OWN,0
24800.0,37.29,722.0,AZ,1.0,2015-12-01,1.0,15.77,D,70000.0,OWN,0
30000.0,12.39,677.0,NY,2.0,2015-12-01,0.0,13.99,C,95000.0,RENT,0
18000.0,6.5,707.0,WA,4.0,2015-12-01,1.0,5.32,A,111000.0,RENT,0
30000.0,9.73,752.0,VA,6.0,2015-12-01,0.0,7.49,A,130000.0,OWN,0
25000.0,21.0,707.0,MD,5.0,2015-12-01,0.0,5.32,A,80000.0,MORTGAGE,0
10000.0,29.28,672.0,OR,5.0,2015-12-01,1.0,13.44,C,80000.0,RENT,0
24000.0,8.65,762.0,NJ,8.0,2015-12-01,0.0,5.32,A,158000.0,MORTGAGE,0
2325.0,13.55,677.0,MD,10.0,2015-12-01,1.0,16.59,D,72000.0,MORTGAGE,0
15000.0,30.99,662.0,MA,1.0,2015-12-01,1.0,17.27,D,45000.0,MORTGAGE,0
4800.0,17.85,667.0,WI,8.0,2015-12-01,0.0,9.17,B,66000.0,MORTGAGE,0
8400.0,16.06,667.0,CA,6.0,2015-12-01,0.0,13.44,C,40000.0,RENT,0
27000.0,25.86,672.0,TX,10.0,2015-12-01,0.0,15.77,D,80000.0,MORTGAGE,0
10900.0,36.71,697.0,OK,2.0,2015-12-01,1.0,18.49,D,39000.0,MORTGAGE,0
10000.0,26.07,687.0,FL,1.0,2015-12-01,0.0,11.48,B,50000.0,RENT,0
16000.0,12.95,702.0,TX,10.0,2015-12-01,0.0,8.49,B,85000.0,RENT,0
15000.0,13.47,732.0,MA,10.0,2015-12-01,0.0,5.32,A,85000.0,MORTGAGE,0
10000.0,30.63,672.0,WA,8.0,2015-12-01,0.0,12.88,C,56000.0,RENT,0
23000.0,29.5,692.0,MI,1.0,2015-12-01,0.0,10.78,B,50000.0,MORTGAGE,0
21125.0,1.55,772.0,IL,3.0,2015-12-01,1.0,17.97,D,120000.0,RENT,0
20000.0,17.79,687.0,NM,5.0,2015-12-01,1.0,7.91,A,98000.0,MORTGAGE,0
10250.0,29.15,702.0,CA,10.0,2015-12-01,0.0,10.78,B,68000.0,MORTGAGE,0
15450.0,27.43,702.0,CA,2.0,2015-12-01,0.0,14.85,C,47471.06,RENT,0
19200.0,13.49,672.0,CA,1.0,2015-12-01,0.0,8.49,B,168000.0,RENT,0
15200.0,10.83,667.0,MA,10.0,2015-12-01,0.0,17.97,D,132000.0,MORTGAGE,0
28625.0,22.86,737.0,OH,,2015-12-01,0.0,14.85,C,57286.8,MORTGAGE,0
8400.0,17.4,662.0,WA,3.0,2015-12-01,0.0,10.78,B,70000.0,MORTGAGE,0
13000.0,13.68,667.0,TX,9.0,2015-12-01,0.0,8.49,B,63000.0,MORTGAGE,0
26000.0,12.1,707.0,WI,10.0,2015-12-01,0.0,6.99,A,86000.0,MORTGAGE,0
11000.0,15.41,692.0,SC,6.0,2015-12-01,0.0,16.59,D,25000.0,RENT,0
13150.0,16.26,677.0,FL,9.0,2015-12-01,0.0,14.85,C,63700.0,RENT,0
12000.0,17.72,707.0,DE,2.0,2015-12-01,1.0,13.44,C,42200.0,RENT,0
8000.0,17.18,677.0,NY,10.0,2015-12-01,0.0,11.48,B,48000.0,RENT,0
5000.0,18.93,682.0,ND,1.0,2015-12-01,0.0,17.27,D,45000.0,RENT,0
20000.0,15.35,702.0,CA,1.0,2015-12-01,0.0,11.48,B,210000.0,RENT,0
18700.0,9.89,742.0,VA,6.0,2015-12-01,1.0,18.49,D,61259.0,RENT,0
8000.0,22.14,692.0,TX,10.0,2015-12-01,0.0,13.44,C,80000.0,MORTGAGE,0
30000.0,33.15,682.0,VA,5.0,2015-12-01,1.0,11.99,C,120000.0,RENT,0
10000.0,22.62,707.0,NY,9.0,2015-12-01,0.0,8.49,B,72000.0,MORTGAGE,0
27000.0,11.28,692.0,NY,10.0,2015-12-01,0.0,7.49,A,120000.0,MORTGAGE,0
18175.0,15.6,687.0,IL,,2015-12-01,0.0,9.8,B,38000.0,OWN,0
1050.0,25.43,697.0,CT,9.0,2015-12-01,0.0,12.88,C,130000.0,MORTGAGE,0
12000.0,3.06,692.0,NY,1.0,2015-12-01,0.0,9.17,B,125000.0,MORTGAGE,0
18500.0,24.27,727.0,KS,6.0,2015-12-01,0.0,14.85,C,75000.0,MORTGAGE,0
26875.0,26.21,667.0,CA,2.0,2015-12-01,0.0,17.97,D,160000.0,RENT,0
7000.0,7.28,672.0,OR,10.0,2015-12-01,0.0,15.77,D,60000.0,MORTGAGE,0
15200.0,19.4,717.0,TX,10.0,2015-12-01,0.0,13.44,C,78000.0,MORTGAGE,0
4500.0,30.36,662.0,TX,2.0,2015-12-01,0.0,13.44,C,44900.0,OWN,0
7200.0,14.57,757.0,NY,3.0,2015-12-01,0.0,9.17,B,85000.0,OWN,0
7200.0,25.43,687.0,IL,6.0,2015-12-01,0.0,9.17,B,32000.0,RENT,0
12000.0,13.49,672.0,MT,4.0,2015-12-01,0.0,13.99,C,90000.0,MORTGAGE,0
7375.0,16.08,662.0,MA,2.0,2015-12-01,0.0,19.48,E,60000.0,RENT,0
4000.0,18.99,672.0,NY,8.0,2015-12-01,0.0,16.59,D,20100.0,RENT,0
6000.0,23.06,707.0,FL,10.0,2015-12-01,0.0,7.91,A,65000.0,MORTGAGE,0
6000.0,13.82,662.0,CA,10.0,2015-12-01,0.0,11.99,C,100000.0,RENT,0
3700.0,13.56,667.0,CT,4.0,2015-12-01,0.0,10.78,B,60000.0,RENT,0
20525.0,23.16,672.0,IL,5.0,2015-12-01,1.0,11.99,C,54600.0,MORTGAGE,0
8000.0,32.73,677.0,NY,5.0,2015-12-01,0.0,15.77,D,52000.0,RENT,0
5925.0,17.9,672.0,CA,10.0,2015-12-01,0.0,8.49,B,47000.0,OWN,0
3600.0,12.55,662.0,IL,10.0,2015-12-01,0.0,11.99,C,57000.0,MORTGAGE,0
20000.0,27.57,667.0,WA,1.0,2015-12-01,0.0,16.59,D,64500.0,MORTGAGE,0
12000.0,17.31,682.0,MI,10.0,2015-12-01,0.0,9.8,B,80000.0,MORTGAGE,0
12000.0,9.79,662.0,NC,10.0,2015-12-01,1.0,13.44,C,70000.0,MORTGAGE,0
16000.0,25.22,732.0,PA,3.0,2015-12-01,0.0,6.49,A,70000.0,RENT,0
30000.0,20.54,717.0,AL,10.0,2015-12-01,0.0,11.48,B,103000.0,MORTGAGE,0
8675.0,26.49,662.0,CA,1.0,2015-12-01,0.0,14.85,C,44000.0,RENT,0
12000.0,18.99,772.0,WA,2.0,2015-12-01,0.0,6.99,A,114000.0,MORTGAGE,0
10725.0,32.33,672.0,MA,2.0,2015-12-01,1.0,26.06,F,33000.0,MORTGAGE,0
30000.0,22.22,747.0,TN,1.0,2015-12-01,0.0,11.48,B,70000.0,MORTGAGE,0
5000.0,10.45,767.0,NY,10.0,2015-12-01,0.0,6.49,A,96000.0,RENT,0
16000.0,31.84,667.0,IL,4.0,2015-12-01,1.0,17.27,D,60000.0,MORTGAGE,0
6000.0,27.88,817.0,SC,4.0,2015-12-01,0.0,6.99,A,43000.0,OWN,0
12000.0,13.37,717.0,NJ,10.0,2015-12-01,1.0,9.17,B,86000.0,RENT,0
15000.0,31.23,667.0,TX,2.0,2015-12-01,0.0,11.99,C,46000.0,RENT,0
35000.0,29.19,717.0,CA,3.0,2015-12-01,0.0,13.44,C,104000.0,RENT,0
10825.0,15.9,692.0,CA,10.0,2015-12-01,1.0,18.99,E,36000.0,RENT,0
3500.0,7.92,707.0,NV,5.0,2015-12-01,0.0,7.91,A,80000.0,RENT,0
5000.0,3.89,697.0,NY,5.0,2015-12-01,0.0,5.32,A,80000.0,MORTGAGE,0
5600.0,14.78,677.0,WA,3.0,2015-12-01,0.0,9.8,B,80000.0,RENT,0
25000.0,38.69,677.0,CA,10.0,2015-12-01,0.0,19.89,E,100000.0,RENT,0
15000.0,0.25,667.0,IL,7.0,2015-12-01,0.0,11.99,C,97000.0,OWN,0
25000.0,23.17,672.0,WA,10.0,2015-12-01,0.0,18.99,E,37856.0,MORTGAGE,0
15000.0,22.51,667.0,CA,1.0,2015-12-01,0.0,13.99,C,30000.0,RENT,0
24000.0,39.37,762.0,TN,6.0,2015-12-01,0.0,9.8,B,85000.0,MORTGAGE,0
15000.0,6.97,687.0,CA,5.0,2015-12-01,0.0,9.17,B,56000.0,RENT,0
24000.0,19.67,697.0,TX,6.0,2015-12-01,0.0,9.8,B,67000.0,MORTGAGE,0
9450.0,36.85,677.0,VA,10.0,2015-12-01,0.0,13.44,C,22500.0,OWN,0
15000.0,34.23,707.0,NY,10.0,2015-12-01,0.0,9.8,B,79500.0,RENT,0
27500.0,17.41,717.0,KY,10.0,2015-12-01,0.0,13.44,C,187000.0,MORTGAGE,0
10000.0,18.01,687.0,PA,10.0,2015-12-01,0.0,5.32,A,92000.0,OWN,0
7975.0,23.39,662.0,NC,1.0,2015-12-01,0.0,12.88,C,55000.0,MORTGAGE,0
12000.0,9.92,682.0,CA,10.0,2015-12-01,0.0,7.49,A,67000.0,RENT,0
35000.0,23.34,722.0,TX,1.0,2015-12-01,0.0,7.49,A,150000.0,MORTGAGE,0
7200.0,37.97,707.0,CA,5.0,2015-12-01,0.0,11.99,C,19000.0,RENT,0
29000.0,17.06,712.0,WI,10.0,2015-12-01,0.0,21.48,E,92500.0,MORTGAGE,0
18000.0,29.81,697.0,FL,8.0,2015-12-01,0.0,12.88,C,61000.0,MORTGAGE,0
5175.0,21.16,702.0,AZ,1.0,2015-12-01,0.0,13.99,C,46000.0,RENT,0
15000.0,12.04,662.0,NC,10.0,2015-12-01,0.0,9.8,B,85000.0,OWN,0
14400.0,18.7,692.0,KS,2.0,2015-12-01,0.0,7.91,A,70000.0,MORTGAGE,0
24150.0,22.6,677.0,TX,6.0,2015-12-01,1.0,21.48,E,57500.0,RENT,0
12000.0,10.18,672.0,MD,10.0,2015-12-01,0.0,13.44,C,106000.0,OWN,0
15000.0,10.79,702.0,PA,10.0,2015-12-01,0.0,6.49,A,97000.0,MORTGAGE,0
15000.0,27.43,672.0,NY,7.0,2015-12-01,0.0,14.85,C,130000.0,MORTGAGE,0
28000.0,13.52,767.0,TN,10.0,2015-12-01,0.0,5.32,A,162000.0,MORTGAGE,0
25000.0,7.39,697.0,MA,6.0,2015-12-01,0.0,13.99,C,64000.0,MORTGAGE,0
10000.0,9.83,687.0,NJ,10.0,2015-12-01,0.0,11.99,C,149000.0,MORTGAGE,0
7350.0,31.17,667.0,VA,10.0,2015-12-01,1.0,25.09,F,41500.0,RENT,0
14000.0,7.86,672.0,CA,1.0,2015-12-01,1.0,15.77,D,67200.0,RENT,0
9000.0,24.83,712.0,VA,9.0,2015-12-01,0.0,13.44,C,68000.0,MORTGAGE,0
35000.0,18.93,742.0,KY,10.0,2015-12-01,0.0,19.48,E,80500.0,MORTGAGE,0
17500.0,23.0,682.0,HI,6.0,2015-12-01,0.0,11.48,B,48720.0,RENT,0
15000.0,19.44,667.0,VA,6.0,2015-12-01,0.0,9.8,B,45000.0,OWN,0
10000.0,26.93,677.0,OR,7.0,2015-12-01,0.0,12.88,C,64000.0,MORTGAGE,0
18450.0,22.07,687.0,IL,8.0,2015-12-01,0.0,11.99,C,41000.0,RENT,0
12000.0,24.37,677.0,TX,1.0,2015-12-01,1.0,12.88,C,76000.0,MORTGAGE,0
5000.0,14.3,837.0,CA,10.0,2015-12-01,0.0,6.99,A,80000.0,MORTGAGE,0
28800.0,10.57,662.0,TX,,2015-12-01,0.0,19.89,E,72746.64,MORTGAGE,0
32000.0,10.26,697.0,NY,2.0,2015-12-01,1.0,17.27,D,146000.0,RENT,0
13500.0,35.95,712.0,CO,5.0,2015-12-01,0.0,17.97,D,73000.0,RENT,0
12000.0,4.6,697.0,CA,1.0,2015-12-01,0.0,10.78,B,35000.0,RENT,0
10800.0,8.58,672.0,AZ,3.0,2015-12-01,0.0,12.88,C,27000.0,OWN,0
6000.0,19.22,742.0,CA,10.0,2015-12-01,0.0,7.49,A,242000.0,RENT,0
30000.0,10.98,722.0,OH,10.0,2015-12-01,0.0,9.17,B,116000.0,RENT,0
8000.0,24.73,802.0,PA,10.0,2015-12-01,0.0,6.49,A,128000.0,MORTGAGE,0
35000.0,38.07,732.0,VA,10.0,2015-12-01,0.0,11.99,C,105000.0,MORTGAGE,0
15000.0,16.48,682.0,IL,10.0,2015-12-01,0.0,7.91,A,78000.0,MORTGAGE,0
8000.0,28.96,712.0,FL,10.0,2015-12-01,0.0,9.8,B,46000.0,RENT,0
35000.0,31.82,702.0,MI,9.0,2015-12-01,0.0,7.91,A,99400.0,MORTGAGE,0
24000.0,9.62,692.0,NJ,10.0,2015-12-01,0.0,9.17,B,79000.0,MORTGAGE,0
15000.0,5.01,697.0,NY,3.0,2015-12-01,1.0,7.49,A,105000.0,MORTGAGE,0
30000.0,17.12,777.0,CA,5.0,2015-12-01,0.0,7.49,A,160000.0,MORTGAGE,0
6000.0,28.49,707.0,OR,5.0,2015-12-01,1.0,11.48,B,61000.0,MORTGAGE,0
1000.0,9.84,667.0,NY,10.0,2015-12-01,0.0,17.97,D,80000.0,RENT,0
28000.0,14.64,697.0,NC,6.0,2015-12-01,0.0,7.49,A,135000.0,MORTGAGE,0
22000.0,21.22,712.0,CA,1.0,2015-12-01,0.0,7.49,A,50000.0,RENT,0
16000.0,12.71,717.0,MN,10.0,2015-12-01,0.0,7.91,A,260000.0,MORTGAGE,0
16800.0,23.85,677.0,OR,6.0,2015-12-01,0.0,20.5,E,57000.0,RENT,0
20000.0,16.3,692.0,MD,5.0,2015-12-01,0.0,13.99,C,67000.0,RENT,0
11475.0,36.98,662.0,TX,10.0,2015-12-01,0.0,21.48,E,35000.0,OWN,0
15675.0,29.48,662.0,IN,2.0,2015-12-01,0.0,17.97,D,48000.0,MORTGAGE,0
18450.0,27.66,662.0,CA,1.0,2015-12-01,1.0,11.48,B,41000.0,RENT,0
25200.0,16.31,727.0,WI,1.0,2015-12-01,0.0,7.49,A,108000.0,RENT,0
7200.0,28.05,687.0,NJ,6.0,2015-12-01,0.0,15.77,D,50000.0,MORTGAGE,0
10500.0,21.49,667.0,AZ,1.0,2015-12-01,0.0,9.8,B,65000.0,MORTGAGE,0
35000.0,15.26,677.0,CA,5.0,2015-12-01,0.0,20.5,E,240000.0,MORTGAGE,0
15000.0,26.79,667.0,CA,6.0,2015-12-01,0.0,11.48,B,50000.0,RENT,0
32000.0,13.84,667.0,KS,10.0,2015-12-01,0.0,12.88,C,110000.0,MORTGAGE,0
35000.0,11.27,662.0,MO,2.0,2015-12-01,0.0,14.85,C,100000.0,RENT,0
2975.0,6.9,662.0,CA,1.0,2015-12-01,1.0,21.48,E,40000.0,RENT,0
6000.0,11.2,662.0,CA,6.0,2015-12-01,0.0,8.49,B,90000.0,RENT,0
16450.0,28.39,757.0,MD,10.0,2015-12-01,0.0,9.17,B,63000.0,MORTGAGE,0
30600.0,39.98,687.0,CA,5.0,2015-12-01,1.0,17.97,D,88500.0,RENT,0
35000.0,18.49,692.0,CA,7.0,2015-12-01,1.0,17.97,D,79000.0,MORTGAGE,0
15000.0,21.52,682.0,MI,2.0,2015-12-01,0.0,9.8,B,77000.0,RENT,0
35000.0,18.33,697.0,CT,1.0,2015-12-01,0.0,17.27,D,126000.0,MORTGAGE,0
18000.0,12.62,712.0,CA,9.0,2015-12-01,0.0,5.32,A,140000.0,MORTGAGE,0
20000.0,28.5,722.0,DE,10.0,2015-12-01,0.0,10.78,B,56000.0,MORTGAGE,0
19600.0,37.61,717.0,NY,10.0,2015-12-01,0.0,12.88,C,99901.0,MORTGAGE,0
10000.0,12.03,712.0,TX,8.0,2015-12-01,0.0,7.91,A,52387.0,MORTGAGE,0
20000.0,38.8,672.0,CO,4.0,2015-12-01,0.0,13.44,C,51000.0,RENT,0
10700.0,28.03,687.0,MA,1.0,2015-12-01,0.0,6.49,A,65000.0,MORTGAGE,0
28000.0,13.82,762.0,CO,2.0,2015-12-01,0.0,5.32,A,200000.0,MORTGAGE,0
35000.0,27.29,667.0,TX,3.0,2015-12-01,1.0,17.97,D,95000.0,MORTGAGE,0
10000.0,9.02,682.0,FL,10.0,2015-12-01,0.0,17.27,D,30200.0,RENT,0
21000.0,28.57,697.0,HI,10.0,2015-12-01,0.0,14.85,C,98000.0,RENT,0
10000.0,15.66,662.0,MO,10.0,2015-12-01,0.0,12.88,C,120000.0,MORTGAGE,0
25000.0,8.85,662.0,MI,,2015-12-01,0.0,13.44,C,79000.0,OWN,0
21000.0,22.95,692.0,CT,2.0,2015-12-01,0.0,11.99,C,140000.0,MORTGAGE,0
23825.0,20.54,677.0,FL,,2015-12-01,0.0,17.97,D,117132.0,MORTGAGE,0
12000.0,20.16,672.0,CA,,2015-12-01,0.0,8.49,B,105000.0,MORTGAGE,0
13650.0,28.04,702.0,FL,10.0,2015-12-01,0.0,14.85,C,60000.0,RENT,0
2000.0,29.35,667.0,WA,1.0,2015-12-01,0.0,13.44,C,42536.0,OWN,0
13300.0,15.8,692.0,IL,,2015-12-01,0.0,11.99,C,37000.0,OWN,0
15000.0,31.44,667.0,NY,8.0,2015-12-01,0.0,11.99,C,42400.0,RENT,0
12000.0,31.43,702.0,OH,10.0,2015-12-01,0.0,13.99,C,38000.0,OWN,0
11000.0,21.64,777.0,TX,1.0,2015-12-01,0.0,6.99,A,78000.0,MORTGAGE,0
21000.0,24.17,717.0,WA,10.0,2015-12-01,0.0,19.48,E,133308.0,MORTGAGE,0
18000.0,24.29,722.0,NJ,4.0,2015-12-01,0.0,13.99,C,70000.0,RENT,0
10800.0,13.48,677.0,CA,3.0,2015-12-01,0.0,10.78,B,100000.0,RENT,0
3900.0,20.31,672.0,NY,2.0,2015-12-01,0.0,21.48,E,50000.0,RENT,0
10000.0,8.2,662.0,NY,2.0,2015-12-01,0.0,14.85,C,56200.0,RENT,0
16100.0,32.67,697.0,AZ,5.0,2015-12-01,0.0,17.27,D,35000.0,RENT,0
15000.0,21.24,702.0,NY,8.0,2015-12-01,0.0,8.49,B,50000.0,RENT,0
20000.0,34.54,662.0,WI,10.0,2015-12-01,0.0,13.99,C,70000.0,MORTGAGE,0
24000.0,19.13,692.0,CA,7.0,2015-12-01,1.0,13.44,C,80000.0,MORTGAGE,0
28000.0,11.14,697.0,IL,1.0,2015-12-01,0.0,12.88,C,140000.0,MORTGAGE,0
15000.0,26.04,687.0,CA,1.0,2015-12-01,1.0,17.97,D,50000.0,MORTGAGE,0
35000.0,19.27,702.0,NJ,3.0,2015-12-01,0.0,13.44,C,121000.0,MORTGAGE,0
3200.0,24.69,667.0,CO,5.0,2015-12-01,0.0,14.85,C,87000.0,RENT,0
12000.0,21.49,667.0,NY,2.0,2015-12-01,0.0,14.85,C,32000.0,RENT,0
12800.0,9.28,672.0,NY,1.0,2015-12-01,0.0,11.99,C,42000.0,RENT,0
9000.0,19.91,742.0,TN,10.0,2015-12-01,0.0,9.17,B,55000.0,MORTGAGE,0
25600.0,12.39,732.0,CA,1.0,2015-12-01,0.0,9.17,B,84000.0,RENT,0
9800.0,4.08,727.0,TX,10.0,2015-12-01,0.0,5.32,A,68000.0,RENT,0
5600.0,19.95,662.0,MA,1.0,2015-12-01,0.0,9.17,B,56000.0,MORTGAGE,0
23700.0,33.64,692.0,IN,3.0,2015-12-01,1.0,15.77,D,62000.0,RENT,0
32750.0,25.43,672.0,GA,4.0,2015-12-01,0.0,20.5,E,78000.0,RENT,0
5000.0,27.07,797.0,NV,7.0,2015-12-01,0.0,7.49,A,45000.0,MORTGAGE,0
18000.0,12.2,687.0,CA,5.0,2015-12-01,0.0,6.49,A,95000.0,MORTGAGE,0
15000.0,18.95,692.0,AL,1.0,2015-12-01,0.0,13.44,C,129000.0,OWN,0
27000.0,21.4,677.0,CA,2.0,2015-12-01,1.0,18.99,E,60000.0,MORTGAGE,0
11500.0,23.4,677.0,NY,8.0,2015-12-01,0.0,11.99,C,40000.0,OWN,0
20250.0,20.56,707.0,NC,1.0,2015-12-01,0.0,9.8,B,75000.0,RENT,0
8000.0,11.83,682.0,OH,3.0,2015-12-01,0.0,10.78,B,35000.0,MORTGAGE,0
35000.0,16.97,702.0,TX,10.0,2015-12-01,0.0,18.49,D,150000.0,MORTGAGE,0
10125.0,25.43,682.0,AL,10.0,2015-12-01,0.0,13.44,C,90000.0,MORTGAGE,0
35000.0,14.78,717.0,AR,10.0,2015-12-01,0.0,9.8,B,100000.0,MORTGAGE,0
18000.0,10.17,722.0,CA,10.0,2015-12-01,0.0,8.49,B,117208.0,MORTGAGE,0
5575.0,27.89,672.0,TX,1.0,2015-12-01,0.0,8.49,B,25000.0,OWN,0
4800.0,6.0,797.0,CA,1.0,2015-12-01,0.0,14.85,C,15000.0,RENT,0
20000.0,33.92,682.0,TX,10.0,2015-12-01,0.0,13.99,C,84240.0,MORTGAGE,0
18000.0,18.4,662.0,TX,1.0,2015-12-01,0.0,13.44,C,57000.0,RENT,0
19575.0,34.95,662.0,TX,4.0,2015-12-01,1.0,19.48,E,68000.0,RENT,0
26000.0,28.14,707.0,MA,3.0,2015-12-01,1.0,13.44,C,85000.0,MORTGAGE,0
11525.0,16.68,667.0,TX,1.0,2015-12-01,0.0,14.85,C,40000.0,MORTGAGE,0
20000.0,22.85,707.0,MI,5.0,2015-12-01,0.0,13.44,C,48000.0,MORTGAGE,0
1200.0,19.41,702.0,CA,4.0,2015-12-01,0.0,9.8,B,35000.0,RENT,0
35000.0,20.31,677.0,NY,10.0,2015-12-01,0.0,20.5,E,103000.0,RENT,0
4175.0,15.19,667.0,AL,,2015-12-01,1.0,24.24,F,20000.0,OWN,0
26975.0,27.16,667.0,NY,10.0,2015-12-01,0.0,12.88,C,120000.0,MORTGAGE,0
16000.0,18.95,727.0,RI,10.0,2015-12-01,1.0,11.99,C,38000.0,RENT,0
2750.0,24.65,672.0,NY,10.0,2015-12-01,0.0,11.48,B,104000.0,MORTGAGE,0
10000.0,19.08,702.0,VA,10.0,2015-12-01,1.0,6.99,A,47000.0,MORTGAGE,0
2400.0,25.92,727.0,MA,8.0,2015-12-01,0.0,7.91,A,26000.0,RENT,0
12000.0,14.76,772.0,MD,10.0,2015-12-01,0.0,5.32,A,130000.0,MORTGAGE,0
4800.0,19.79,667.0,IL,3.0,2015-12-01,0.0,9.17,B,55000.0,RENT,0
20000.0,24.89,692.0,NY,1.0,2015-12-01,0.0,10.78,B,75000.0,RENT,0
7200.0,11.55,697.0,VA,1.0,2015-12-01,0.0,12.88,C,64000.0,MORTGAGE,0
10000.0,18.14,682.0,MI,10.0,2015-12-01,0.0,12.88,C,68000.0,MORTGAGE,0
11000.0,14.45,662.0,FL,1.0,2015-12-01,0.0,15.77,D,110000.0,MORTGAGE,0
23250.0,17.28,692.0,FL,3.0,2015-12-01,0.0,18.99,E,46500.0,RENT,0
12000.0,25.68,662.0,NH,10.0,2015-12-01,0.0,11.99,C,45000.0,RENT,0
24375.0,8.7,697.0,MD,8.0,2015-12-01,0.0,18.99,E,53000.0,RENT,0
5600.0,11.94,667.0,RI,2.0,2015-12-01,0.0,13.44,C,57000.0,RENT,0
7000.0,36.2,677.0,CA,1.0,2015-12-01,0.0,12.88,C,24000.0,OWN,0
12000.0,12.2,662.0,SC,8.0,2015-12-01,1.0,17.27,D,30000.0,MORTGAGE,0
20000.0,6.39,727.0,NJ,10.0,2015-12-01,0.0,7.49,A,89600.0,MORTGAGE,0
25000.0,33.92,687.0,NY,10.0,2015-12-01,0.0,19.89,E,93000.0,MORTGAGE,0
15000.0,16.17,672.0,CA,9.0,2015-12-01,1.0,17.97,D,55000.0,RENT,0
20550.0,29.21,662.0,MN,6.0,2015-12-01,0.0,17.27,D,70000.0,RENT,0
10000.0,25.27,727.0,MA,10.0,2015-12-01,0.0,8.49,B,68000.0,OWN,0
5000.0,21.62,682.0,TX,3.0,2015-12-01,0.0,6.99,A,51782.0,MORTGAGE,0
6400.0,17.29,707.0,VT,10.0,2015-12-01,0.0,6.99,A,42000.0,MORTGAGE,0
10150.0,16.55,692.0,NY,10.0,2015-12-01,0.0,18.99,E,80000.0,RENT,0
35000.0,17.04,662.0,AL,10.0,2015-12-01,0.0,20.5,E,87250.0,MORTGAGE,0
17500.0,18.96,717.0,LA,1.0,2015-12-01,0.0,8.49,B,59000.0,MORTGAGE,0
13000.0,12.5,682.0,CA,5.0,2015-12-01,1.0,8.49,B,72000.0,RENT,0
19625.0,18.9,677.0,CA,5.0,2015-12-01,0.0,18.49,D,79500.0,MORTGAGE,0
12050.0,29.6,677.0,MA,10.0,2015-12-01,0.0,11.48,B,63000.0,MORTGAGE,0
24000.0,16.23,752.0,FL,1.0,2015-12-01,0.0,8.49,B,107000.0,OWN,0
19300.0,17.11,662.0,WI,,2015-12-01,1.0,13.44,C,48261.96,MORTGAGE,0
21200.0,25.26,672.0,NY,7.0,2015-12-01,1.0,21.48,E,53000.0,MORTGAGE,0
13000.0,21.45,742.0,CA,7.0,2015-12-01,0.0,8.49,B,80000.0,OWN,0
25000.0,21.96,717.0,MA,7.0,2015-12-01,0.0,10.78,B,60000.0,OWN,0
19800.0,22.56,667.0,IN,7.0,2015-12-01,0.0,11.48,B,81400.0,MORTGAGE,0
22000.0,13.6,692.0,VA,10.0,2015-12-01,0.0,6.99,A,230000.0,MORTGAGE,0
9600.0,31.52,667.0,TX,1.0,2015-12-01,0.0,9.17,B,92000.0,MORTGAGE,0
12000.0,12.77,677.0,SC,5.0,2015-12-01,0.0,13.44,C,58000.0,MORTGAGE,0
14400.0,17.29,662.0,NY,10.0,2015-12-01,1.0,16.59,D,93000.0,OWN,0
5900.0,11.71,697.0,NC,10.0,2015-12-01,0.0,9.17,B,37000.0,OWN,0
10925.0,17.44,697.0,NY,8.0,2015-12-01,0.0,14.85,C,60000.0,RENT,0
14600.0,29.35,702.0,MO,1.0,2015-12-01,0.0,10.78,B,30458.0,RENT,0
10000.0,6.58,702.0,WA,8.0,2015-12-01,0.0,10.78,B,50000.0,RENT,0
8400.0,34.4,682.0,TN,9.0,2015-12-01,0.0,12.88,C,39000.0,RENT,0
25000.0,6.92,697.0,TX,8.0,2015-12-01,0.0,9.8,B,75900.0,MORTGAGE,0
1400.0,38.71,682.0,NC,10.0,2015-12-01,0.0,9.8,B,42000.0,MORTGAGE,0
6000.0,13.61,662.0,CA,10.0,2015-12-01,1.0,11.48,B,38000.0,RENT,0
9450.0,36.76,672.0,TX,1.0,2015-12-01,1.0,21.48,E,60000.0,RENT,0
3000.0,14.4,667.0,MI,10.0,2015-12-01,0.0,11.48,B,26000.0,MORTGAGE,0
20000.0,16.91,732.0,NH,10.0,2015-12-01,0.0,13.44,C,65000.0,OWN,0
1000.0,6.1,682.0,NV,10.0,2015-12-01,0.0,12.88,C,70000.0,RENT,0
10000.0,10.88,692.0,IL,10.0,2015-12-01,0.0,18.49,D,77000.0,RENT,0
7800.0,26.71,697.0,IL,2.0,2015-12-01,0.0,6.49,A,70000.0,RENT,0
15000.0,27.15,682.0,NY,10.0,2015-12-01,0.0,12.88,C,43000.0,OWN,0
16000.0,17.19,687.0,IL,3.0,2015-12-01,0.0,11.48,B,75000.0,RENT,0
16000.0,15.24,777.0,CA,5.0,2015-12-01,0.0,5.32,A,120000.0,OWN,0
5600.0,25.24,742.0,NV,1.0,2015-12-01,0.0,8.49,B,30000.0,MORTGAGE,0
25600.0,33.27,677.0,CA,10.0,2015-12-01,0.0,13.99,C,108000.0,RENT,0
21000.0,18.72,697.0,NC,2.0,2015-12-01,0.0,13.44,C,115000.0,MORTGAGE,0
24000.0,20.62,707.0,MN,1.0,2015-12-01,0.0,14.85,C,48000.0,MORTGAGE,0
13750.0,13.87,677.0,NV,10.0,2015-12-01,1.0,23.13,F,81600.0,MORTGAGE,0
6000.0,7.23,672.0,OH,8.0,2015-12-01,1.0,16.59,D,48000.0,MORTGAGE,0
10000.0,9.8,762.0,WA,4.0,2015-12-01,0.0,5.32,A,67000.0,MORTGAGE,0
20000.0,9.81,677.0,GA,2.0,2015-12-01,0.0,11.48,B,96000.0,MORTGAGE,0
18000.0,17.03,752.0,CA,10.0,2015-12-01,0.0,6.49,A,174000.0,MORTGAGE,0
11825.0,21.4,662.0,TN,8.0,2015-12-01,0.0,24.24,F,85000.0,RENT,0
18225.0,20.91,672.0,NC,3.0,2015-12-01,1.0,28.99,G,50000.0,RENT,0
9275.0,14.34,692.0,MD,1.0,2015-12-01,0.0,19.89,E,62000.0,MORTGAGE,0
7000.0,1.54,712.0,MI,,2015-12-01,0.0,8.49,B,46000.0,RENT,0
20000.0,28.6,697.0,MI,4.0,2015-12-01,0.0,5.32,A,51685.22,MORTGAGE,0
6000.0,39.84,727.0,GA,1.0,2015-12-01,0.0,9.8,B,60000.0,MORTGAGE,0
12000.0,15.07,662.0,FL,1.0,2015-12-01,0.0,10.78,B,54000.0,RENT,0
19200.0,16.38,667.0,CO,10.0,2015-12-01,0.0,15.77,D,113500.0,MORTGAGE,0
32625.0,16.63,687.0,CA,1.0,2015-12-01,1.0,17.97,D,68000.0,RENT,0
28000.0,10.15,712.0,MD,8.0,2015-12-01,0.0,7.91,A,115000.0,MORTGAGE,0
35000.0,11.89,667.0,CA,10.0,2015-12-01,0.0,20.5,E,90000.0,RENT,0
7275.0,23.27,667.0,LA,8.0,2015-12-01,0.0,16.59,D,80000.0,MORTGAGE,0
10000.0,8.91,677.0,CA,9.0,2015-12-01,0.0,9.8,B,40000.0,MORTGAGE,0
25000.0,11.41,667.0,TX,2.0,2015-12-01,0.0,13.99,C,150000.0,RENT,0
5000.0,4.38,797.0,GA,10.0,2015-12-01,0.0,5.32,A,90000.0,MORTGAGE,0
20000.0,34.56,692.0,CA,6.0,2015-12-01,0.0,8.49,B,60000.0,MORTGAGE,0
35000.0,13.68,672.0,FL,2.0,2015-12-01,0.0,17.27,D,255000.0,MORTGAGE,0
2500.0,8.56,677.0,VA,10.0,2015-12-01,0.0,9.17,B,165000.0,MORTGAGE,0
5725.0,22.96,717.0,CA,,2015-12-01,0.0,12.88,C,12468.0,OWN,0
12000.0,36.66,707.0,CA,10.0,2015-12-01,0.0,10.78,B,42000.0,OWN,0
14150.0,9.28,682.0,OH,10.0,2015-12-01,1.0,16.59,D,30798.0,RENT,0
22500.0,24.22,742.0,FL,9.0,2015-12-01,0.0,13.99,C,45000.0,RENT,0
20000.0,14.34,827.0,MA,10.0,2015-12-01,0.0,6.49,A,58000.0,OWN,0
10000.0,23.64,672.0,AR,1.0,2015-12-01,0.0,14.85,C,40000.0,RENT,0
5000.0,25.46,667.0,AR,10.0,2015-12-01,0.0,11.48,B,28000.0,MORTGAGE,0
10000.0,17.85,667.0,MA,7.0,2015-12-01,0.0,11.48,B,30048.0,RENT,0
5000.0,39.37,677.0,AR,6.0,2015-12-01,1.0,13.44,C,35000.0,MORTGAGE,0
6000.0,16.99,672.0,CO,5.0,2015-12-01,0.0,9.8,B,151000.0,MORTGAGE,0
15000.0,28.2,692.0,NY,,2015-12-01,1.0,9.17,B,60000.0,RENT,0
28000.0,28.01,702.0,KS,3.0,2015-12-01,1.0,7.91,A,100000.0,RENT,0
8525.0,30.44,677.0,DE,4.0,2015-12-01,1.0,13.44,C,60000.0,MORTGAGE,0
20000.0,31.88,707.0,CA,3.0,2015-12-01,1.0,16.59,D,60000.0,RENT,0
9000.0,12.39,677.0,WV,10.0,2015-12-01,0.0,15.77,D,28000.0,MORTGAGE,0
20000.0,36.12,697.0,VA,10.0,2015-12-01,1.0,18.99,E,92000.0,MORTGAGE,0
12000.0,28.56,747.0,NJ,4.0,2015-12-01,0.0,19.48,E,45000.0,OWN,0
4425.0,24.74,702.0,NV,10.0,2015-12-01,1.0,14.85,C,48000.0,MORTGAGE,0
8000.0,19.36,682.0,WA,1.0,2015-12-01,0.0,8.49,B,60000.0,MORTGAGE,0
28000.0,18.1,712.0,MO,10.0,2015-12-01,0.0,8.49,B,82000.0,MORTGAGE,0
16000.0,23.89,697.0,MA,2.0,2015-12-01,0.0,13.99,C,83000.0,MORTGAGE,0
26600.0,51.2,687.0,NY,9.0,2015-12-01,0.0,19.48,E,65000.0,MORTGAGE,0
9600.0,13.84,662.0,AZ,4.0,2015-12-01,0.0,11.48,B,60000.0,RENT,0
10800.0,10.57,692.0,OR,3.0,2015-12-01,0.0,11.48,B,79000.0,RENT,0
5500.0,23.02,777.0,FL,9.0,2015-12-01,0.0,6.99,A,100000.0,MORTGAGE,0
7200.0,8.4,662.0,CA,4.0,2015-12-01,0.0,13.99,C,34000.0,RENT,0
15000.0,8.44,697.0,NY,2.0,2015-12-01,0.0,11.48,B,65000.0,RENT,0
21000.0,26.76,687.0,CA,3.0,2015-12-01,1.0,19.89,E,66500.0,RENT,0
22450.0,27.88,757.0,AR,8.0,2015-12-01,0.0,11.48,B,56160.0,MORTGAGE,0
30000.0,20.3,702.0,TX,5.0,2015-12-01,0.0,9.8,B,90000.0,MORTGAGE,0
3000.0,22.01,697.0,UT,2.0,2015-12-01,1.0,12.88,C,41000.0,RENT,0
17750.0,28.12,732.0,FL,5.0,2015-12-01,0.0,9.17,B,47000.0,MORTGAGE,0
14075.0,26.27,717.0,FL,,2015-12-01,1.0,14.85,C,30600.0,MORTGAGE,0
11200.0,8.44,702.0,CA,,2015-12-01,0.0,13.44,C,28026.0,MORTGAGE,0
11675.0,33.29,692.0,AZ,10.0,2015-12-01,0.0,17.97,D,50000.0,RENT,0
16050.0,28.36,677.0,FL,1.0,2015-12-01,0.0,8.49,B,43000.0,OWN,0
6000.0,8.95,722.0,CA,8.0,2015-12-01,0.0,6.99,A,77000.0,OWN,0
7025.0,20.65,672.0,AZ,10.0,2015-12-01,0.0,14.85,C,23427.0,OWN,0
15000.0,5.41,662.0,MA,4.0,2015-12-01,0.0,9.17,B,110000.0,MORTGAGE,0
30000.0,23.74,697.0,CA,10.0,2015-12-01,0.0,11.99,C,77000.0,RENT,0
9200.0,23.16,667.0,LA,3.0,2015-12-01,0.0,12.88,C,50000.0,MORTGAGE,0
15000.0,11.29,697.0,NV,,2015-12-01,0.0,16.59,D,34880.0,OWN,0
10000.0,30.68,717.0,WI,8.0,2015-12-01,0.0,14.85,C,39000.0,MORTGAGE,0
10000.0,31.89,672.0,FL,,2015-12-01,0.0,15.77,D,36048.0,RENT,0
10000.0,35.56,722.0,CT,10.0,2015-12-01,0.0,8.49,B,120000.0,MORTGAGE,0
15000.0,2.01,672.0,MT,10.0,2015-12-01,0.0,11.48,B,65000.0,MORTGAGE,0
30375.0,19.82,667.0,NJ,7.0,2015-12-01,0.0,16.59,D,120000.0,MORTGAGE,0
18000.0,10.05,702.0,NJ,10.0,2015-12-01,0.0,9.17,B,140000.0,MORTGAGE,0
10000.0,12.32,727.0,CA,9.0,2015-12-01,0.0,6.99,A,90000.0,RENT,0
35000.0,15.66,692.0,CO,3.0,2015-12-01,0.0,11.48,B,112000.0,MORTGAGE,0
21000.0,23.94,692.0,CA,5.0,2015-12-01,0.0,9.8,B,127000.0,MORTGAGE,0
5000.0,20.36,682.0,NJ,,2015-12-01,0.0,11.99,C,44268.0,MORTGAGE,0
21000.0,36.24,692.0,OH,1.0,2015-12-01,0.0,14.85,C,67000.0,OWN,0
7000.0,18.04,677.0,OH,2.0,2015-12-01,1.0,8.49,B,70000.0,MORTGAGE,0
20000.0,26.98,662.0,AK,10.0,2015-12-01,0.0,9.8,B,58000.0,RENT,0
28000.0,21.82,687.0,OR,10.0,2015-12-01,0.0,17.97,D,120000.0,MORTGAGE,0
25000.0,34.59,712.0,MD,3.0,2015-12-01,0.0,16.59,D,62000.0,RENT,0
3600.0,11.46,672.0,TX,10.0,2015-12-01,0.0,9.17,B,65986.0,OWN,0
13925.0,21.77,682.0,MO,10.0,2015-12-01,0.0,19.89,E,80000.0,MORTGAGE,0
20000.0,14.71,692.0,CA,1.0,2015-12-01,0.0,21.48,E,120000.0,RENT,0
24925.0,25.85,662.0,CA,10.0,2015-12-01,0.0,24.24,F,78000.0,RENT,0
30225.0,21.56,697.0,NY,10.0,2015-12-01,0.0,28.99,G,83400.0,RENT,0
9600.0,15.88,767.0,AL,10.0,2015-12-01,0.0,6.49,A,130000.0,MORTGAGE,0
12000.0,14.53,727.0,CA,6.0,2015-12-01,0.0,8.49,B,100000.0,MORTGAGE,0
30000.0,28.06,672.0,TX,1.0,2015-12-01,0.0,17.27,D,88000.0,MORTGAGE,0
16000.0,33.82,677.0,CA,7.0,2015-12-01,0.0,12.88,C,75000.0,MORTGAGE,0
10000.0,23.71,717.0,VA,5.0,2015-12-01,1.0,9.8,B,38480.0,RENT,0
8000.0,8.37,662.0,NY,2.0,2015-12-01,0.0,9.17,B,90000.0,RENT,0
5400.0,28.83,712.0,OR,3.0,2015-12-01,0.0,14.85,C,53000.0,RENT,0
21000.0,20.74,707.0,IL,3.0,2015-12-01,1.0,21.48,E,78000.0,MORTGAGE,0
4800.0,6.91,697.0,NY,8.0,2015-12-01,0.0,9.8,B,33000.0,RENT,0
10000.0,28.27,667.0,WI,10.0,2015-12-01,0.0,11.48,B,70000.0,MORTGAGE,0
13700.0,21.13,667.0,AZ,,2015-12-01,1.0,17.97,D,38500.0,RENT,0
15000.0,27.75,662.0,AK,8.0,2015-12-01,1.0,13.99,C,62000.0,RENT,0
12000.0,34.9,662.0,NY,10.0,2015-12-01,0.0,18.49,D,25000.0,RENT,0
12000.0,15.85,702.0,VA,,2015-12-01,0.0,7.91,A,46105.0,MORTGAGE,0
8500.0,14.61,692.0,SC,1.0,2015-12-01,0.0,6.99,A,45000.0,RENT,0
18000.0,14.41,692.0,NY,10.0,2015-12-01,0.0,11.99,C,80000.0,MORTGAGE,0
12500.0,7.44,697.0,GA,,2015-12-01,0.0,15.77,D,25000.0,MORTGAGE,0
15000.0,10.91,682.0,NY,4.0,2015-12-01,1.0,10.78,B,35000.0,RENT,0
35000.0,15.71,707.0,TX,10.0,2015-12-01,0.0,8.49,B,90000.0,OWN,0
8000.0,7.48,687.0,NY,3.0,2015-12-01,0.0,6.99,A,119000.0,RENT,0
18000.0,37.49,717.0,MO,8.0,2015-12-01,0.0,13.99,C,90000.0,MORTGAGE,0
11425.0,15.8,682.0,PA,2.0,2015-12-01,1.0,17.97,D,38500.0,RENT,0
10000.0,21.04,702.0,IL,1.0,2015-12-01,0.0,7.49,A,115000.0,MORTGAGE,0
16000.0,13.77,752.0,OH,9.0,2015-12-01,0.0,15.77,D,65000.0,OWN,0
20000.0,2.11,682.0,CT,2.0,2015-12-01,0.0,12.88,C,61339.0,MORTGAGE,0
12000.0,25.05,687.0,AZ,,2015-12-01,0.0,7.49,A,48000.0,MORTGAGE,0
23450.0,30.92,742.0,FL,10.0,2015-12-01,0.0,15.77,D,65440.0,MORTGAGE,0
19300.0,34.4,682.0,TX,7.0,2015-12-01,0.0,15.77,D,42000.0,MORTGAGE,0
4500.0,8.35,682.0,OH,1.0,2015-12-01,1.0,16.59,D,50000.0,RENT,0
23850.0,26.02,662.0,FL,6.0,2015-12-01,0.0,19.48,E,53000.0,MORTGAGE,0
19525.0,20.42,757.0,FL,,2015-12-01,0.0,13.44,C,39072.0,MORTGAGE,0
28000.0,17.67,672.0,CO,6.0,2015-12-01,0.0,19.89,E,125000.0,MORTGAGE,0
24000.0,11.36,667.0,SC,1.0,2015-12-01,0.0,13.99,C,78600.0,MORTGAGE,0
35000.0,18.08,692.0,IL,8.0,2015-12-01,0.0,17.97,D,116000.0,MORTGAGE,0
19000.0,31.72,667.0,AZ,10.0,2015-12-01,0.0,16.59,D,55000.0,MORTGAGE,0
16800.0,13.8,682.0,CA,9.0,2015-12-01,0.0,7.91,A,78000.0,MORTGAGE,0
10000.0,26.19,697.0,ME,10.0,2015-12-01,0.0,7.91,A,75000.0,MORTGAGE,0
12000.0,23.1,682.0,MI,8.0,2015-12-01,1.0,8.49,B,52000.0,MORTGAGE,0
28000.0,15.89,702.0,MI,10.0,2015-12-01,0.0,6.49,A,130000.0,MORTGAGE,0
8000.0,8.78,677.0,AR,8.0,2015-12-01,0.0,11.99,C,48000.0,MORTGAGE,0
35000.0,13.38,712.0,MI,3.0,2015-12-01,0.0,16.59,D,190000.0,OWN,0
10200.0,17.92,682.0,AL,6.0,2015-12-01,1.0,14.85,C,37500.0,MORTGAGE,0
11000.0,16.59,702.0,NY,3.0,2015-12-01,0.0,6.49,A,62000.0,RENT,0
34300.0,20.63,682.0,AZ,5.0,2015-12-01,0.0,18.49,D,78000.0,RENT,0
25000.0,15.91,707.0,MD,1.0,2015-12-01,0.0,13.44,C,176000.0,MORTGAGE,0
8000.0,38.42,682.0,FL,4.0,2015-12-01,0.0,13.44,C,95000.0,RENT,0
8000.0,38.65,677.0,GA,5.0,2015-12-01,0.0,11.48,B,125000.0,MORTGAGE,0
11500.0,38.45,662.0,TX,3.0,2015-12-01,0.0,18.49,D,32000.0,MORTGAGE,0
18025.0,24.95,662.0,IN,1.0,2015-12-01,0.0,13.44,C,48000.0,MORTGAGE,0
9400.0,14.77,712.0,TX,10.0,2015-12-01,0.0,11.48,B,100000.0,RENT,0
9000.0,11.82,792.0,CO,10.0,2015-12-01,0.0,6.99,A,75000.0,MORTGAGE,0
18000.0,38.45,677.0,WA,10.0,2015-12-01,0.0,12.88,C,49583.0,OWN,0
7700.0,12.02,662.0,CA,5.0,2015-12-01,0.0,11.48,B,90000.0,RENT,0
5000.0,16.47,702.0,FL,2.0,2015-12-01,0.0,9.8,B,47000.0,MORTGAGE,0
15000.0,14.97,672.0,VA,8.0,2015-12-01,1.0,21.48,E,75000.0,MORTGAGE,0
8000.0,2.55,662.0,GA,7.0,2015-12-01,0.0,13.99,C,90000.0,OWN,0
8000.0,9.23,667.0,NY,10.0,2015-12-01,0.0,13.44,C,98500.0,RENT,0
10000.0,9.62,662.0,MI,1.0,2015-12-01,0.0,17.97,D,80000.0,RENT,0
10000.0,5.27,672.0,CA,10.0,2015-12-01,0.0,8.49,B,100000.0,RENT,0
15000.0,32.05,667.0,PA,10.0,2015-12-01,1.0,12.88,C,55000.0,MORTGAGE,0
16000.0,9.96,702.0,NY,5.0,2015-12-01,0.0,11.48,B,36400.0,RENT,0
28050.0,11.62,672.0,GA,1.0,2015-12-01,0.0,18.99,E,159500.0,RENT,0
19200.0,25.47,727.0,WI,5.0,2015-12-01,1.0,14.85,C,48961.0,MORTGAGE,0
12000.0,29.8,662.0,OK,2.0,2015-12-01,0.0,13.44,C,35000.0,RENT,0
15000.0,18.44,732.0,KY,8.0,2015-12-01,0.0,9.17,B,50000.0,MORTGAGE,0
6000.0,6.55,682.0,UT,10.0,2015-12-01,0.0,6.49,A,90000.0,RENT,0
20000.0,20.09,692.0,ME,10.0,2015-12-01,0.0,10.78,B,231000.0,MORTGAGE,0
10400.0,11.35,697.0,OH,2.0,2015-12-01,1.0,15.77,D,55000.0,RENT,0
15000.0,6.17,662.0,CA,4.0,2015-12-01,0.0,9.8,B,92000.0,RENT,0
13200.0,16.98,682.0,NJ,8.0,2015-12-01,0.0,13.99,C,60000.0,RENT,0
15000.0,10.11,692.0,MD,2.0,2015-12-01,0.0,11.99,C,47000.0,RENT,0
25000.0,22.15,757.0,OK,3.0,2015-12-01,1.0,13.44,C,70000.0,RENT,0
2950.0,20.47,672.0,TX,10.0,2015-12-01,0.0,13.99,C,70000.0,RENT,0
12500.0,12.9,712.0,IN,5.0,2015-12-01,0.0,9.17,B,34000.0,RENT,0
12000.0,18.95,667.0,GA,2.0,2015-12-01,1.0,12.88,C,160000.0,MORTGAGE,0
35000.0,15.49,717.0,MA,4.0,2015-12-01,0.0,13.99,C,83000.0,MORTGAGE,0
11000.0,27.3,667.0,NC,5.0,2015-12-01,0.0,19.89,E,40000.0,RENT,0
8800.0,12.43,717.0,MN,8.0,2015-12-01,0.0,7.49,A,64000.0,MORTGAGE,0
30150.0,22.01,677.0,FL,10.0,2015-12-01,0.0,21.48,E,67000.0,MORTGAGE,0
24000.0,27.15,697.0,MN,10.0,2015-12-01,0.0,6.49,A,155000.0,MORTGAGE,0
15000.0,15.86,697.0,AZ,10.0,2015-12-01,0.0,6.49,A,60000.0,MORTGAGE,0
12000.0,7.37,672.0,FL,5.0,2015-12-01,0.0,9.8,B,65000.0,MORTGAGE,0
24000.0,12.54,677.0,TX,10.0,2015-12-01,1.0,9.17,B,195000.0,RENT,0
7000.0,21.67,712.0,CO,1.0,2015-12-01,0.0,6.99,A,79000.0,MORTGAGE,0
12000.0,5.71,682.0,UT,,2015-12-01,0.0,7.49,A,41000.0,MORTGAGE,0
10100.0,9.47,707.0,NY,10.0,2015-12-01,0.0,5.32,A,45000.0,MORTGAGE,0
10000.0,4.84,667.0,TX,1.0,2015-12-01,1.0,9.8,B,100000.0,RENT,0
6500.0,33.99,662.0,NV,1.0,2015-12-01,0.0,10.78,B,22000.0,OWN,0
10000.0,19.23,697.0,TX,4.0,2015-12-01,0.0,14.85,C,42000.0,MORTGAGE,0
24000.0,20.93,677.0,VA,1.0,2015-12-01,0.0,11.48,B,200000.0,MORTGAGE,0
15300.0,27.44,687.0,WV,2.0,2015-12-01,1.0,22.45,F,45000.0,OWN,0
12000.0,37.81,677.0,CA,2.0,2015-12-01,0.0,13.99,C,45000.0,RENT,0
20000.0,24.31,742.0,NY,10.0,2015-12-01,0.0,10.78,B,65000.0,MORTGAGE,0
15000.0,24.1,677.0,NM,2.0,2015-12-01,0.0,10.78,B,65000.0,MORTGAGE,0
14225.0,24.24,672.0,IL,1.0,2015-12-01,1.0,17.97,D,35600.0,OWN,0
12000.0,11.74,752.0,NY,3.0,2015-12-01,0.0,9.17,B,69824.0,RENT,0
11000.0,18.88,712.0,MD,10.0,2015-12-01,1.0,9.17,B,87000.0,RENT,0
18000.0,8.48,757.0,VA,1.0,2015-12-01,0.0,5.32,A,135000.0,RENT,0
12000.0,10.36,682.0,RI,5.0,2015-12-01,0.0,11.99,C,98000.0,RENT,0
6775.0,2.49,682.0,MI,10.0,2015-12-01,0.0,11.99,C,170000.0,MORTGAGE,0
33500.0,25.96,707.0,GA,5.0,2015-12-01,1.0,13.99,C,265000.0,MORTGAGE,0
12000.0,13.93,717.0,MA,1.0,2015-12-01,0.0,11.99,C,46000.0,RENT,0
15000.0,16.92,667.0,OH,6.0,2015-12-01,0.0,17.97,D,69000.0,RENT,0
10000.0,4.69,662.0,MO,10.0,2015-12-01,0.0,11.99,C,65000.0,MORTGAGE,0
28000.0,13.66,697.0,AZ,10.0,2015-12-01,0.0,18.49,D,76000.0,OWN,0
1500.0,24.33,687.0,AL,10.0,2015-12-01,0.0,13.99,C,48000.0,RENT,0
11825.0,28.87,697.0,CA,4.0,2015-12-01,0.0,13.44,C,26900.0,RENT,0
2000.0,38.33,692.0,TX,1.0,2015-12-01,0.0,13.44,C,33000.0,OWN,0
10000.0,38.86,692.0,CT,10.0,2015-12-01,0.0,7.91,A,162000.0,MORTGAGE,0
16700.0,19.66,692.0,CA,1.0,2015-12-01,1.0,8.49,B,42000.0,MORTGAGE,0
10000.0,13.01,672.0,IN,7.0,2015-12-01,0.0,19.48,E,67900.0,MORTGAGE,0
12000.0,18.03,687.0,MO,6.0,2015-12-01,1.0,9.8,B,85000.0,MORTGAGE,0
5000.0,22.96,667.0,MI,10.0,2015-12-01,1.0,18.49,D,38000.0,OWN,0
5000.0,15.5,672.0,TX,10.0,2015-12-01,0.0,10.78,B,56000.0,RENT,0
12000.0,24.94,772.0,MT,10.0,2015-12-01,0.0,7.49,A,75000.0,RENT,0
8000.0,13.0,662.0,TX,10.0,2015-12-01,0.0,11.48,B,65000.0,MORTGAGE,0
14400.0,9.17,677.0,CA,10.0,2015-12-01,0.0,11.99,C,80000.0,MORTGAGE,0
35000.0,11.39,697.0,WI,2.0,2015-12-01,0.0,11.99,C,116000.0,MORTGAGE,0
10000.0,16.43,667.0,MD,1.0,2015-12-01,0.0,17.27,D,110000.0,RENT,0
15000.0,10.32,677.0,NJ,10.0,2015-12-01,1.0,13.44,C,60000.0,MORTGAGE,0
20000.0,12.38,692.0,CA,10.0,2015-12-01,1.0,16.59,D,100000.0,MORTGAGE,0
30000.0,25.38,762.0,OH,10.0,2015-12-01,1.0,15.77,D,85000.0,MORTGAGE,0
25000.0,16.79,677.0,CA,8.0,2015-12-01,0.0,14.85,C,81000.0,MORTGAGE,0
25000.0,10.19,667.0,GA,7.0,2015-12-01,1.0,15.77,D,105000.0,MORTGAGE,0
12000.0,19.0,742.0,TX,10.0,2015-12-01,0.0,11.99,C,70000.0,RENT,0
12000.0,6.65,812.0,NY,9.0,2015-12-01,0.0,5.32,A,134000.0,MORTGAGE,0
15000.0,28.43,732.0,OK,10.0,2015-12-01,0.0,8.49,B,36000.0,MORTGAGE,0
20000.0,21.62,692.0,MO,2.0,2015-12-01,0.0,6.49,A,75000.0,OWN,0
8400.0,10.88,752.0,MI,10.0,2015-12-01,0.0,9.17,B,62000.0,MORTGAGE,0
6000.0,18.15,667.0,CA,1.0,2015-12-01,0.0,9.8,B,24000.0,RENT,0
20000.0,1.14,772.0,CA,6.0,2015-12-01,0.0,6.49,A,150000.0,MORTGAGE,0
8000.0,19.7,697.0,CA,3.0,2015-12-01,0.0,7.49,A,46000.0,RENT,0
19675.0,17.77,672.0,OH,3.0,2015-12-01,0.0,16.59,D,82000.0,MORTGAGE,0
15200.0,16.07,732.0,TX,5.0,2015-12-01,0.0,9.8,B,55000.0,RENT,0
22000.0,17.59,712.0,CT,1.0,2015-12-01,0.0,7.91,A,90000.0,RENT,0
12000.0,33.48,677.0,IN,5.0,2015-12-01,0.0,17.97,D,40000.0,MORTGAGE,0
12000.0,28.18,752.0,NC,10.0,2015-12-01,0.0,6.49,A,50000.0,RENT,0
15600.0,18.76,697.0,VA,1.0,2015-12-01,0.0,13.99,C,60000.0,RENT,0
10000.0,21.31,672.0,LA,3.0,2015-12-01,0.0,16.59,D,75000.0,MORTGAGE,0
33600.0,16.32,687.0,NC,8.0,2015-12-01,0.0,19.48,E,110000.0,MORTGAGE,0
15000.0,18.48,737.0,NJ,10.0,2015-12-01,0.0,5.32,A,85000.0,RENT,0
21675.0,23.23,662.0,CA,10.0,2015-12-01,0.0,17.27,D,61000.0,RENT,0
10000.0,9.33,677.0,FL,2.0,2015-12-01,1.0,14.85,C,125000.0,MORTGAGE,0
24000.0,16.97,802.0,TX,3.0,2015-12-01,0.0,6.49,A,65000.0,MORTGAGE,0
13600.0,11.44,707.0,MO,6.0,2015-12-01,0.0,19.48,E,247000.0,MORTGAGE,0
2400.0,7.46,667.0,CA,1.0,2015-12-01,0.0,9.17,B,250000.0,RENT,0
15000.0,4.32,702.0,CA,10.0,2015-12-01,0.0,13.99,C,70000.0,OWN,0
3425.0,21.57,677.0,PA,,2015-12-01,0.0,15.77,D,40000.0,RENT,0
15000.0,18.6,697.0,MO,2.0,2015-12-01,0.0,15.77,D,42000.0,RENT,0
5000.0,12.24,702.0,NM,5.0,2015-12-01,0.0,6.99,A,45000.0,OWN,0
3500.0,6.0,707.0,OR,1.0,2015-12-01,0.0,11.48,B,17000.0,RENT,0
15000.0,31.76,682.0,TX,1.0,2015-12-01,0.0,14.85,C,60000.0,OWN,0
15000.0,17.28,722.0,FL,,2015-12-01,0.0,10.78,B,45000.0,MORTGAGE,0
18000.0,19.46,682.0,AZ,2.0,2015-12-01,0.0,11.99,C,120000.0,MORTGAGE,0
12875.0,19.66,662.0,HI,2.0,2015-12-01,0.0,15.77,D,70000.0,RENT,0
22000.0,6.82,712.0,MN,10.0,2015-12-01,0.0,10.78,B,100000.0,MORTGAGE,0
16000.0,35.3,677.0,MO,4.0,2015-12-01,0.0,17.27,D,32000.0,MORTGAGE,0
21000.0,35.08,702.0,ME,2.0,2015-12-01,0.0,17.27,D,83700.0,RENT,0
24000.0,23.81,712.0,TX,10.0,2015-12-01,0.0,7.49,A,147000.0,OWN,0
5500.0,16.32,737.0,PA,1.0,2015-12-01,0.0,6.49,A,47000.0,RENT,0
20000.0,13.01,707.0,VA,3.0,2015-12-01,0.0,10.78,B,82988.0,RENT,0
25000.0,27.96,712.0,CA,1.0,2015-12-01,0.0,19.48,E,50000.0,RENT,0
5000.0,8.62,697.0,NJ,2.0,2015-12-01,0.0,7.49,A,84000.0,RENT,0
24000.0,4.37,707.0,NY,2.0,2015-12-01,0.0,9.17,B,145000.0,RENT,0
32000.0,6.36,667.0,MI,10.0,2015-12-01,0.0,12.88,C,180000.0,MORTGAGE,0
12000.0,4.82,692.0,MN,10.0,2015-12-01,0.0,8.49,B,130000.0,RENT,0
3400.0,15.09,702.0,NV,10.0,2015-12-01,0.0,9.8,B,45000.0,MORTGAGE,0
20000.0,11.28,682.0,NY,7.0,2015-12-01,0.0,10.78,B,50000.0,RENT,0
12000.0,24.57,702.0,NE,10.0,2015-12-01,0.0,13.44,C,50000.0,RENT,0
16500.0,15.54,707.0,TX,1.0,2015-12-01,0.0,8.49,B,55000.0,RENT,0
14000.0,31.13,672.0,TX,4.0,2015-12-01,0.0,11.48,B,52000.0,RENT,0
22000.0,12.08,687.0,NY,7.0,2015-12-01,0.0,9.8,B,80000.0,RENT,0
13800.0,19.49,737.0,FL,10.0,2015-12-01,0.0,11.99,C,50000.0,MORTGAGE,0
6000.0,10.59,757.0,NH,7.0,2015-12-01,0.0,5.32,A,59000.0,MORTGAGE,0
13000.0,7.9,712.0,PA,10.0,2015-12-01,0.0,7.91,A,60000.0,RENT,0
12500.0,13.71,687.0,OR,10.0,2015-12-01,0.0,11.99,C,45000.0,MORTGAGE,0
15000.0,2.08,827.0,CA,10.0,2015-12-01,0.0,5.32,A,99000.0,OWN,0
12000.0,18.09,692.0,NY,1.0,2015-12-01,1.0,21.48,E,160000.0,MORTGAGE,0
8000.0,7.39,682.0,NY,10.0,2015-12-01,0.0,8.49,B,75000.0,RENT,0
9425.0,27.52,672.0,MA,2.0,2015-12-01,0.0,11.99,C,31000.0,RENT,0
20000.0,20.54,692.0,NJ,10.0,2015-12-01,0.0,13.99,C,53000.0,RENT,0
24000.0,5.14,667.0,FL,4.0,2015-12-01,0.0,8.49,B,525000.0,MORTGAGE,0
23050.0,33.78,682.0,CA,3.0,2015-12-01,1.0,12.88,C,60000.0,RENT,0
15000.0,14.56,707.0,CA,5.0,2015-12-01,0.0,9.8,B,60000.0,RENT,0
9000.0,26.0,752.0,GA,5.0,2015-12-01,0.0,9.17,B,47000.0,MORTGAGE,0
15000.0,30.98,692.0,KY,,2015-12-01,0.0,10.78,B,35000.0,MORTGAGE,0
10000.0,36.21,737.0,FL,8.0,2015-12-01,0.0,11.99,C,35000.0,RENT,0
7200.0,18.5,677.0,KY,1.0,2015-12-01,0.0,12.88,C,55000.0,RENT,0
7200.0,17.08,697.0,WA,4.0,2015-12-01,0.0,10.78,B,102000.0,MORTGAGE,0
8000.0,15.19,687.0,CA,8.0,2015-12-01,0.0,11.99,C,50000.0,RENT,0
21000.0,19.89,767.0,HI,10.0,2015-12-01,0.0,8.49,B,92000.0,MORTGAGE,0
6000.0,24.34,687.0,NY,10.0,2015-12-01,0.0,10.78,B,100000.0,RENT,0
20000.0,12.87,712.0,MI,10.0,2015-12-01,0.0,11.99,C,65000.0,MORTGAGE,0
24000.0,27.06,732.0,FL,10.0,2015-12-01,0.0,5.32,A,120000.0,MORTGAGE,0
14000.0,15.54,692.0,VA,5.0,2015-12-01,0.0,13.44,C,40000.0,RENT,0
18675.0,26.74,677.0,MD,7.0,2015-12-01,0.0,18.49,D,65000.0,RENT,0
24000.0,23.43,712.0,CA,10.0,2015-12-01,0.0,11.48,B,95000.0,MORTGAGE,0
2500.0,26.55,727.0,NC,2.0,2015-12-01,0.0,13.99,C,40000.0,RENT,0
10000.0,35.9,677.0,IL,,2015-12-01,0.0,17.27,D,33500.0,MORTGAGE,0
15000.0,13.76,692.0,CA,2.0,2015-12-01,0.0,11.48,B,155000.0,RENT,0
24000.0,7.87,712.0,CA,10.0,2015-12-01,0.0,6.49,A,110000.0,OWN,0
16800.0,10.58,712.0,MI,4.0,2015-12-01,0.0,11.99,C,80000.0,OWN,0
16225.0,17.94,692.0,TX,3.0,2015-12-01,0.0,15.77,D,55000.0,MORTGAGE,0
31200.0,8.34,697.0,PA,4.0,2015-12-01,0.0,11.99,C,100000.0,RENT,0
10000.0,11.08,697.0,TX,10.0,2015-12-01,0.0,8.49,B,55000.0,MORTGAGE,0
24000.0,27.58,667.0,VA,10.0,2015-12-01,1.0,15.77,D,65000.0,MORTGAGE,0
35000.0,31.65,712.0,VA,10.0,2015-12-01,1.0,14.85,C,150000.0,MORTGAGE,0
35000.0,21.79,682.0,IL,1.0,2015-12-01,0.0,14.85,C,80365.0,RENT,0
16400.0,11.84,742.0,WI,10.0,2015-12-01,0.0,7.49,A,80000.0,MORTGAGE,0
20000.0,30.27,677.0,GA,10.0,2015-12-01,1.0,18.49,D,54000.0,MORTGAGE,0
30000.0,18.91,752.0,KS,2.0,2015-12-01,0.0,6.99,A,75000.0,RENT,0
24000.0,18.4,697.0,TX,4.0,2015-12-01,0.0,6.49,A,145000.0,MORTGAGE,0
6000.0,4.38,682.0,OH,2.0,2015-12-01,0.0,7.91,A,46000.0,MORTGAGE,0
15600.0,19.33,682.0,NV,10.0,2015-12-01,0.0,9.8,B,54000.0,MORTGAGE,0
4000.0,4.79,667.0,NY,9.0,2015-12-01,0.0,9.8,B,80000.0,RENT,0
8000.0,20.18,667.0,TN,1.0,2015-12-01,1.0,8.49,B,55000.0,RENT,0
24000.0,18.6,707.0,NJ,1.0,2015-12-01,0.0,9.17,B,100000.0,RENT,0
35000.0,7.28,672.0,GA,2.0,2015-12-01,1.0,21.48,E,180000.0,MORTGAGE,0
22025.0,18.56,692.0,TX,1.0,2015-12-01,0.0,18.99,E,145000.0,RENT,0
10000.0,22.17,697.0,PA,10.0,2015-12-01,0.0,6.49,A,80000.0,MORTGAGE,0
14000.0,20.73,762.0,NC,2.0,2015-12-01,0.0,13.44,C,80000.0,MORTGAGE,0
35000.0,6.34,697.0,CA,10.0,2015-12-01,0.0,11.48,B,200000.0,MORTGAGE,0
17500.0,23.9,682.0,MD,,2015-12-01,0.0,14.85,C,93288.0,RENT,0
6500.0,3.97,707.0,NY,10.0,2015-12-01,0.0,7.91,A,85000.0,MORTGAGE,0
5000.0,24.26,692.0,WA,2.0,2015-12-01,1.0,13.99,C,70000.0,RENT,0
10000.0,27.65,692.0,MT,8.0,2015-12-01,0.0,7.91,A,52000.0,RENT,0
9000.0,17.72,672.0,NY,10.0,2015-12-01,1.0,11.48,B,128000.0,OWN,0
5500.0,17.11,662.0,KY,9.0,2015-12-01,0.0,9.17,B,39000.0,MORTGAGE,0
9000.0,23.11,672.0,NJ,1.0,2015-12-01,0.0,9.8,B,70000.0,RENT,0
3500.0,14.57,667.0,IN,7.0,2015-12-01,0.0,18.49,D,56000.0,RENT,0
12000.0,13.58,697.0,IL,1.0,2015-12-01,0.0,5.32,A,110000.0,RENT,0
25000.0,17.91,767.0,NJ,2.0,2015-12-01,0.0,9.17,B,140000.0,MORTGAGE,0
35000.0,24.98,672.0,VA,10.0,2015-12-01,0.0,11.48,B,110000.0,OWN,0
30000.0,32.13,677.0,FL,10.0,2015-12-01,0.0,16.59,D,125000.0,MORTGAGE,0
6275.0,2.78,762.0,NV,1.0,2015-12-01,0.0,5.32,A,60000.0,OWN,0
28000.0,2.49,727.0,WA,7.0,2015-12-01,1.0,6.99,A,425000.0,MORTGAGE,0
20000.0,16.7,697.0,NY,3.0,2015-12-01,0.0,13.44,C,80000.0,RENT,0
20000.0,20.78,677.0,TX,8.0,2015-12-01,1.0,9.17,B,48000.0,MORTGAGE,0
5000.0,23.01,682.0,TX,8.0,2015-12-01,0.0,14.85,C,90000.0,MORTGAGE,0
8325.0,27.69,662.0,FL,6.0,2015-12-01,1.0,12.88,C,27000.0,RENT,0
17000.0,30.46,667.0,CA,4.0,2015-12-01,0.0,10.78,B,139000.0,MORTGAGE,0
16000.0,15.3,697.0,GA,8.0,2015-12-01,0.0,9.8,B,60000.0,RENT,0
8950.0,8.06,662.0,NY,10.0,2015-12-01,0.0,8.49,B,48000.0,MORTGAGE,0
11200.0,18.94,662.0,FL,4.0,2015-12-01,0.0,11.48,B,60000.0,MORTGAGE,0
14400.0,7.59,677.0,SD,5.0,2015-12-01,1.0,17.97,D,40000.0,MORTGAGE,0
10000.0,27.44,717.0,CA,10.0,2015-12-01,0.0,9.8,B,50000.0,RENT,0
18000.0,25.67,667.0,IN,10.0,2015-12-01,0.0,15.77,D,54000.0,RENT,0
15100.0,26.31,682.0,KY,3.0,2015-12-01,0.0,16.59,D,42000.0,MORTGAGE,0
24000.0,23.65,717.0,MA,3.0,2015-12-01,0.0,11.99,C,200000.0,MORTGAGE,0
8800.0,15.92,692.0,NY,3.0,2015-12-01,1.0,15.77,D,60000.0,OWN,0
20000.0,13.2,667.0,KS,10.0,2015-12-01,0.0,14.85,C,91255.0,RENT,0
15525.0,31.43,702.0,WI,10.0,2015-12-01,0.0,18.99,E,37000.0,RENT,0
12975.0,27.8,707.0,TX,2.0,2015-12-01,0.0,17.97,D,116000.0,MORTGAGE,0
10800.0,7.89,672.0,CA,2.0,2015-12-01,0.0,15.77,D,87261.0,RENT,0
10000.0,33.39,702.0,KS,7.0,2015-12-01,0.0,9.8,B,46000.0,MORTGAGE,0
24000.0,15.82,742.0,NY,10.0,2015-12-01,0.0,7.91,A,250000.0,MORTGAGE,0
30000.0,17.27,717.0,NJ,1.0,2015-12-01,1.0,9.17,B,150000.0,RENT,0
4500.0,27.45,667.0,MN,3.0,2015-12-01,0.0,11.99,C,64000.0,OWN,0
6475.0,12.26,707.0,GA,10.0,2015-12-01,0.0,15.77,D,80000.0,MORTGAGE,0
9475.0,19.49,662.0,PA,5.0,2015-12-01,1.0,19.48,E,50000.0,OWN,0
6000.0,10.28,697.0,MS,6.0,2015-12-01,0.0,13.44,C,60000.0,RENT,0
8000.0,27.94,677.0,FL,10.0,2015-12-01,0.0,9.17,B,53000.0,MORTGAGE,0
28000.0,18.63,697.0,NJ,10.0,2015-12-01,0.0,6.49,A,125000.0,MORTGAGE,0
6525.0,27.02,662.0,NJ,,2015-12-01,1.0,17.97,D,65000.0,RENT,0
6000.0,16.74,677.0,CA,6.0,2015-12-01,0.0,13.44,C,35000.0,RENT,0
12000.0,21.78,702.0,HI,8.0,2015-12-01,0.0,11.48,B,60000.0,RENT,0
4000.0,14.01,687.0,FL,10.0,2015-12-01,0.0,12.88,C,130000.0,MORTGAGE,0
28000.0,32.71,677.0,MO,10.0,2015-12-01,1.0,16.59,D,95660.0,MORTGAGE,0
20000.0,33.48,662.0,CA,2.0,2015-12-01,1.0,13.99,C,70000.0,RENT,0
4000.0,6.45,667.0,FL,10.0,2015-12-01,0.0,12.88,C,80000.0,RENT,0
28000.0,36.36,707.0,AK,5.0,2015-12-01,1.0,15.77,D,90000.0,MORTGAGE,0
8000.0,24.5,682.0,FL,,2015-12-01,0.0,7.91,A,65000.0,MORTGAGE,0
16000.0,26.76,742.0,CA,10.0,2015-12-01,0.0,11.48,B,101000.0,RENT,0
20800.0,22.73,727.0,TN,2.0,2015-12-01,0.0,9.8,B,81000.0,MORTGAGE,0
20000.0,17.08,687.0,MA,10.0,2015-12-01,0.0,11.48,B,250000.0,OWN,0
30400.0,13.27,662.0,MA,10.0,2015-12-01,0.0,10.78,B,90000.0,RENT,0
15000.0,22.14,697.0,NC,2.0,2015-12-01,0.0,11.99,C,80000.0,RENT,0
12000.0,7.4,752.0,NY,5.0,2015-12-01,0.0,5.32,A,65000.0,MORTGAGE,0
15000.0,11.11,707.0,FL,8.0,2015-12-01,0.0,9.8,B,125000.0,MORTGAGE,0
23500.0,21.15,692.0,CT,3.0,2015-12-01,0.0,9.17,B,60000.0,RENT,0
30000.0,22.57,727.0,MO,1.0,2015-12-01,0.0,9.8,B,104000.0,MORTGAGE,0
21000.0,13.72,732.0,VA,10.0,2015-12-01,0.0,10.78,B,130000.0,MORTGAGE,0
16000.0,27.15,687.0,NY,10.0,2015-12-01,0.0,18.49,D,57000.0,RENT,0
24000.0,23.91,717.0,FL,4.0,2015-12-01,0.0,12.88,C,68000.0,RENT,0
12000.0,14.58,742.0,CO,1.0,2015-12-01,0.0,6.49,A,100000.0,RENT,0
6475.0,32.12,677.0,FL,10.0,2015-12-01,0.0,19.89,E,30000.0,RENT,0
20000.0,9.6,737.0,CO,3.0,2015-12-01,0.0,13.44,C,120000.0,MORTGAGE,0
14400.0,17.03,737.0,NY,10.0,2015-12-01,0.0,9.8,B,62000.0,RENT,0
15000.0,15.22,682.0,TX,1.0,2015-12-01,0.0,16.59,D,67000.0,OWN,0
24500.0,7.98,687.0,CO,4.0,2015-12-01,0.0,7.49,A,79000.0,RENT,0
8000.0,13.15,672.0,TX,2.0,2015-12-01,0.0,12.88,C,78000.0,MORTGAGE,0
1675.0,7.63,662.0,CA,2.0,2015-12-01,0.0,14.85,C,25000.0,MORTGAGE,0
11675.0,18.1,677.0,VA,4.0,2015-12-01,0.0,10.78,B,100000.0,MORTGAGE,0
8000.0,12.56,747.0,AK,6.0,2015-12-01,0.0,9.17,B,60768.0,RENT,0
18000.0,14.24,672.0,GA,10.0,2015-12-01,0.0,9.8,B,250000.0,MORTGAGE,0
15000.0,6.64,677.0,CT,10.0,2015-12-01,0.0,11.99,C,135000.0,OWN,0
20000.0,25.17,687.0,TX,8.0,2015-12-01,1.0,14.85,C,80000.0,MORTGAGE,0
8000.0,20.54,677.0,OR,1.0,2015-12-01,1.0,17.27,D,35000.0,RENT,0
12000.0,21.06,742.0,AZ,10.0,2015-12-01,0.0,12.88,C,62000.0,MORTGAGE,0
25000.0,36.83,717.0,WA,6.0,2015-12-01,0.0,15.77,D,65000.0,OWN,0
15000.0,13.61,672.0,CA,10.0,2015-12-01,0.0,11.99,C,68000.0,RENT,0
12000.0,15.52,742.0,PA,1.0,2015-12-01,0.0,6.99,A,45000.0,MORTGAGE,0
20000.0,27.9,727.0,CO,2.0,2015-12-01,0.0,7.91,A,117000.0,MORTGAGE,0
1500.0,22.51,702.0,VA,1.0,2015-12-01,0.0,13.44,C,39600.0,RENT,0
12000.0,11.76,667.0,IL,1.0,2015-12-01,1.0,9.17,B,90000.0,RENT,0
12000.0,16.0,667.0,NV,10.0,2015-12-01,0.0,12.88,C,54000.0,RENT,0
11000.0,30.67,762.0,MD,2.0,2015-12-01,1.0,13.99,C,30600.0,RENT,0
22925.0,24.62,722.0,MN,6.0,2015-12-01,1.0,16.55,D,49872.95,MORTGAGE,0
18000.0,19.56,702.0,TX,10.0,2015-12-01,0.0,11.48,B,220000.0,MORTGAGE,0
24000.0,14.77,757.0,PA,1.0,2015-12-01,0.0,5.32,A,74000.0,RENT,0
20000.0,27.78,762.0,CT,10.0,2015-12-01,0.0,17.27,D,81360.0,MORTGAGE,0
16800.0,28.61,677.0,KY,1.0,2015-12-01,1.0,23.13,F,50000.0,RENT,0
12000.0,19.9,687.0,MD,1.0,2015-12-01,0.0,10.78,B,58000.0,RENT,0
35000.0,23.98,752.0,KY,1.0,2015-12-01,0.0,9.17,B,123000.0,MORTGAGE,0
16200.0,25.5,737.0,NJ,10.0,2015-12-01,0.0,10.78,B,60000.0,MORTGAGE,0
3600.0,18.41,712.0,OH,10.0,2015-12-01,1.0,13.99,C,65000.0,OWN,0
12000.0,30.34,727.0,MD,,2015-12-01,0.0,9.8,B,34180.0,RENT,0
5000.0,18.12,682.0,CA,10.0,2015-12-01,0.0,10.78,B,65631.9,MORTGAGE,0
13000.0,21.02,782.0,FL,1.0,2015-12-01,0.0,5.32,A,72000.0,MORTGAGE,0
20000.0,18.65,682.0,IL,1.0,2015-12-01,0.0,13.99,C,62000.0,OWN,0
5000.0,11.5,707.0,CA,10.0,2015-12-01,0.0,7.91,A,53000.0,RENT,0
10550.0,25.75,722.0,CA,6.0,2015-12-01,0.0,17.97,D,24000.0,RENT,0
13000.0,24.7,717.0,TX,8.0,2015-12-01,0.0,11.99,C,63000.0,MORTGAGE,0
5000.0,15.39,662.0,CA,5.0,2015-12-01,0.0,9.17,B,65000.0,MORTGAGE,0
4000.0,17.01,662.0,FL,10.0,2015-12-01,0.0,9.8,B,104000.0,MORTGAGE,0
35000.0,4.29,732.0,VA,4.0,2015-12-01,0.0,14.85,C,333600.0,OWN,0
5600.0,7.99,672.0,NY,8.0,2015-12-01,0.0,13.44,C,46000.0,RENT,0
9600.0,11.61,692.0,VA,10.0,2015-12-01,0.0,9.8,B,54000.0,MORTGAGE,0
5000.0,31.1,692.0,CA,7.0,2015-12-01,0.0,17.27,D,100000.0,MORTGAGE,0
30000.0,28.82,727.0,CA,4.0,2015-12-01,1.0,11.99,C,110723.0,RENT,0
7675.0,10.12,767.0,OR,2.0,2015-12-01,1.0,11.48,B,35000.0,OWN,0
26025.0,11.8,662.0,CA,10.0,2015-12-01,0.0,21.48,E,101000.0,MORTGAGE,0
5000.0,12.25,672.0,WA,,2015-12-01,1.0,10.78,B,14400.0,OWN,0
20000.0,20.16,687.0,LA,10.0,2015-12-01,0.0,7.49,A,80000.0,MORTGAGE,0
5000.0,29.91,662.0,IN,1.0,2015-12-01,0.0,13.44,C,25000.0,OWN,0
26000.0,29.88,712.0,WA,10.0,2015-12-01,0.0,14.85,C,108000.0,MORTGAGE,0
12000.0,19.99,722.0,PA,3.0,2015-12-01,0.0,9.8,B,55000.0,RENT,0
30000.0,26.66,667.0,NC,,2015-12-01,1.0,23.13,F,100000.0,MORTGAGE,0
10000.0,17.31,677.0,NY,8.0,2015-12-01,0.0,11.99,C,47000.0,MORTGAGE,0
7850.0,28.96,662.0,TX,1.0,2015-12-01,0.0,17.27,D,45000.0,RENT,0
24000.0,20.6,692.0,TX,2.0,2015-12-01,0.0,12.88,C,67600.0,RENT,0
35000.0,5.99,662.0,MD,3.0,2015-12-01,1.0,19.89,E,166400.0,MORTGAGE,0
30000.0,16.97,687.0,WA,4.0,2015-12-01,0.0,15.77,D,80000.0,RENT,0
11900.0,34.7,672.0,MI,,2015-12-01,1.0,13.44,C,34000.0,MORTGAGE,0
15375.0,8.21,717.0,NY,10.0,2015-12-01,0.0,18.49,D,89450.55,RENT,0
9400.0,11.11,677.0,FL,7.0,2015-12-01,0.0,8.49,B,31000.0,RENT,0
24000.0,19.83,742.0,KS,10.0,2015-12-01,0.0,6.99,A,92000.0,MORTGAGE,0
21000.0,24.44,697.0,CA,1.0,2015-12-01,1.0,19.48,E,120000.0,RENT,0
8950.0,1.27,702.0,CA,6.0,2015-12-01,0.0,6.49,A,72576.0,MORTGAGE,0
12000.0,7.7,752.0,CA,8.0,2015-12-01,0.0,15.77,D,120000.0,MORTGAGE,0
10850.0,13.42,697.0,MA,2.0,2015-12-01,0.0,15.77,D,65000.0,RENT,0
10850.0,16.77,707.0,AL,10.0,2015-12-01,0.0,12.88,C,50000.0,MORTGAGE,0
14000.0,29.2,682.0,NY,10.0,2015-12-01,0.0,9.8,B,120000.0,MORTGAGE,0
10000.0,18.23,667.0,MN,1.0,2015-12-01,0.0,13.99,C,41200.0,RENT,0
22000.0,29.12,682.0,OH,10.0,2015-12-01,0.0,17.97,D,57000.0,MORTGAGE,0
10000.0,12.13,687.0,NY,1.0,2015-12-01,0.0,20.5,E,75000.0,RENT,0
10000.0,27.92,717.0,MA,2.0,2015-12-01,0.0,11.48,B,58196.4,RENT,0
12450.0,21.72,677.0,MD,6.0,2015-12-01,1.0,21.48,E,41558.0,MORTGAGE,0
2525.0,37.91,677.0,WI,1.0,2015-12-01,1.0,19.89,E,28750.0,MORTGAGE,0
12000.0,19.22,737.0,CA,1.0,2015-12-01,0.0,9.8,B,125000.0,RENT,0
25000.0,32.27,667.0,NY,2.0,2015-12-01,0.0,19.48,E,82000.0,RENT,0
25000.0,25.97,717.0,KS,8.0,2015-12-01,0.0,6.0,C,110000.0,RENT,0
28000.0,29.45,697.0,CO,3.0,2015-12-01,1.0,5.32,A,116000.0,MORTGAGE,0
24000.0,8.29,697.0,NY,6.0,2015-12-01,0.0,7.91,A,165000.0,MORTGAGE,0
35000.0,24.62,707.0,CA,10.0,2015-12-01,0.0,9.17,B,215099.0,MORTGAGE,0
20000.0,28.97,682.0,FL,10.0,2015-12-01,0.0,7.91,A,62000.0,MORTGAGE,0
6000.0,29.96,692.0,MI,1.0,2015-12-01,0.0,8.49,B,100000.0,MORTGAGE,0
18475.0,18.21,682.0,FL,3.0,2015-12-01,0.0,9.8,B,42000.0,MORTGAGE,0
24000.0,20.57,752.0,NJ,1.0,2015-12-01,0.0,5.32,A,93750.0,RENT,0
15000.0,11.03,772.0,NY,9.0,2015-12-01,0.0,9.17,B,42000.0,OWN,0
2850.0,6.16,702.0,CA,4.0,2015-12-01,1.0,9.8,B,103000.0,RENT,0
15000.0,23.61,667.0,FL,3.0,2015-12-01,1.0,18.49,D,55000.0,RENT,0
10000.0,22.9,682.0,TX,6.0,2015-12-01,0.0,9.8,B,50000.0,MORTGAGE,0
20000.0,21.03,717.0,MO,10.0,2015-12-01,0.0,9.17,B,82000.0,MORTGAGE,0
12500.0,23.33,672.0,MD,1.0,2015-12-01,0.0,9.17,B,45000.0,OWN,0
15000.0,22.01,697.0,IL,2.0,2015-12-01,0.0,6.99,A,100000.0,MORTGAGE,0
18000.0,20.48,707.0,FL,5.0,2015-12-01,1.0,11.48,B,45000.0,MORTGAGE,0
7000.0,25.7,747.0,CA,6.0,2015-12-01,0.0,11.99,C,30000.0,RENT,0
6000.0,31.42,662.0,NC,7.0,2015-12-01,0.0,11.99,C,35000.0,RENT,0
20000.0,15.74,697.0,VA,1.0,2015-12-01,0.0,13.44,C,52000.0,RENT,0
20000.0,19.67,732.0,CA,5.0,2015-12-01,0.0,11.99,C,80000.0,RENT,0
6000.0,9.01,697.0,CA,10.0,2015-12-01,0.0,9.17,B,89000.0,MORTGAGE,0
1500.0,0.96,692.0,IL,10.0,2015-12-01,0.0,7.91,A,70000.0,MORTGAGE,0
7525.0,33.91,707.0,NV,10.0,2015-12-01,1.0,17.27,D,32000.0,RENT,0
25000.0,16.84,702.0,HI,4.0,2015-12-01,1.0,21.48,E,65000.0,RENT,0
13550.0,17.1,747.0,NC,10.0,2015-12-01,0.0,9.8,B,52500.0,MORTGAGE,0
6000.0,20.9,727.0,NC,1.0,2015-12-01,0.0,9.17,B,65000.0,RENT,0
20425.0,4.8,667.0,NY,10.0,2015-12-01,0.0,16.59,D,80000.0,RENT,0
18000.0,16.44,677.0,VT,4.0,2015-12-01,1.0,15.77,D,90000.0,MORTGAGE,0
3975.0,9.91,677.0,MD,2.0,2015-12-01,0.0,12.88,C,62000.0,MORTGAGE,0
20000.0,30.5,717.0,FL,4.0,2015-12-01,0.0,7.49,A,47000.0,OWN,0
19200.0,31.14,692.0,MD,10.0,2015-12-01,0.0,18.99,E,58460.0,RENT,0
11800.0,21.86,672.0,AL,10.0,2015-12-01,0.0,15.77,D,75000.0,MORTGAGE,0
24000.0,25.55,662.0,LA,2.0,2015-12-01,0.0,9.8,B,100000.0,RENT,0
24000.0,17.0,732.0,PA,7.0,2015-12-01,0.0,7.91,A,123000.0,MORTGAGE,0
14000.0,21.38,692.0,CA,10.0,2015-12-01,0.0,5.32,A,100000.0,MORTGAGE,0
18000.0,30.92,707.0,TX,10.0,2015-12-01,0.0,9.17,B,55000.0,RENT,0
25000.0,11.73,672.0,CA,2.0,2015-12-01,0.0,9.8,B,130000.0,MORTGAGE,0
25775.0,26.69,702.0,CO,3.0,2015-12-01,0.0,16.59,D,108000.0,MORTGAGE,0
27500.0,22.58,692.0,TX,10.0,2015-12-01,0.0,18.99,E,55000.0,RENT,0
15000.0,21.42,672.0,FL,1.0,2015-12-01,0.0,8.49,B,140000.0,MORTGAGE,0
26575.0,19.88,687.0,NC,10.0,2015-12-01,0.0,23.13,F,76000.0,MORTGAGE,0
17600.0,26.35,667.0,GA,3.0,2015-12-01,0.0,17.27,D,40000.0,OWN,0
5000.0,21.67,687.0,SD,3.0,2015-12-01,0.0,8.49,B,37000.0,MORTGAGE,0
28000.0,16.95,757.0,MT,8.0,2015-12-01,1.0,9.17,B,125000.0,MORTGAGE,0
25000.0,19.4,767.0,NH,1.0,2015-12-01,0.0,5.32,A,80000.0,MORTGAGE,0
9000.0,8.67,787.0,PA,1.0,2015-12-01,0.0,6.49,A,59000.0,MORTGAGE,0
19200.0,21.59,737.0,CA,10.0,2015-12-01,0.0,6.99,A,96000.0,MORTGAGE,0
21000.0,32.88,702.0,MI,10.0,2015-12-01,0.0,10.78,B,130000.0,MORTGAGE,0
15000.0,14.95,677.0,IL,10.0,2015-12-01,0.0,11.48,B,96000.0,RENT,0
8000.0,22.08,702.0,TX,1.0,2015-12-01,1.0,9.8,B,80000.0,OWN,0
14400.0,25.32,717.0,OH,2.0,2015-12-01,0.0,11.99,C,50000.0,MORTGAGE,0
10000.0,3.65,677.0,CA,7.0,2015-12-01,0.0,9.8,B,80000.0,MORTGAGE,0
12000.0,3.89,677.0,TX,10.0,2015-12-01,0.0,13.99,C,70000.0,MORTGAGE,0
13000.0,8.2,687.0,FL,5.0,2015-12-01,0.0,7.89,A,57660.0,RENT,0
28000.0,22.83,672.0,FL,5.0,2015-12-01,1.0,19.48,E,88000.0,MORTGAGE,0
9000.0,6.91,677.0,PA,10.0,2015-12-01,0.0,9.8,B,74000.0,MORTGAGE,0
15000.0,17.7,677.0,NY,9.0,2015-12-01,0.0,14.85,C,115000.0,MORTGAGE,0
32000.0,14.07,702.0,MD,9.0,2015-12-01,0.0,17.27,D,88000.0,MORTGAGE,0
6025.0,27.99,707.0,MA,,2015-12-01,0.0,12.59,C,38000.0,OWN,0
24000.0,7.02,802.0,AZ,4.0,2015-12-01,0.0,9.8,B,75000.0,OWN,0
10400.0,8.7,807.0,NY,5.0,2015-12-01,1.0,12.88,C,52000.0,RENT,0
2700.0,2.48,672.0,OH,,2015-12-01,0.0,10.78,B,29000.0,OWN,0
4000.0,12.93,697.0,MO,10.0,2015-12-01,0.0,9.17,B,49000.0,MORTGAGE,0
6375.0,8.24,677.0,AK,3.0,2015-12-01,1.0,17.97,D,107000.0,RENT,0
21300.0,8.08,757.0,MD,8.0,2015-12-01,0.0,18.49,D,70095.0,MORTGAGE,0
2000.0,34.02,662.0,KY,10.0,2015-12-01,0.0,13.99,C,26700.0,MORTGAGE,0
20000.0,8.41,677.0,CA,10.0,2015-12-01,0.0,12.88,C,100000.0,RENT,0
35000.0,16.51,692.0,MN,,2015-12-01,0.0,13.99,C,104640.0,MORTGAGE,0
12000.0,15.01,692.0,NY,1.0,2015-12-01,0.0,11.99,C,110000.0,MORTGAGE,0
15000.0,7.35,687.0,TX,3.0,2015-12-01,0.0,9.17,B,55000.0,MORTGAGE,0
8000.0,39.09,712.0,OH,3.0,2015-12-01,0.0,9.8,B,37000.0,MORTGAGE,0
6600.0,10.6,667.0,FL,10.0,2015-12-01,0.0,10.78,B,71000.0,RENT,0
19300.0,23.2,712.0,CA,10.0,2015-12-01,0.0,13.99,C,42000.0,RENT,0
35000.0,25.67,702.0,NC,1.0,2015-12-01,1.0,11.48,B,90000.0,MORTGAGE,0
35000.0,14.56,667.0,CA,8.0,2015-12-01,0.0,16.59,D,150000.0,MORTGAGE,0
13000.0,18.53,807.0,NY,4.0,2015-12-01,0.0,5.32,A,86000.0,RENT,0
16000.0,22.61,692.0,NJ,1.0,2015-12-01,0.0,9.17,B,120000.0,RENT,0
24000.0,37.63,707.0,MD,,2015-12-01,0.0,13.44,C,89000.0,MORTGAGE,0
15000.0,8.66,717.0,CA,1.0,2015-12-01,0.0,5.32,A,155000.0,RENT,0
20000.0,11.4,692.0,IN,10.0,2015-12-01,0.0,7.91,A,124000.0,MORTGAGE,0
22725.0,8.59,672.0,FL,5.0,2015-12-01,1.0,16.59,D,160000.0,MORTGAGE,0
16000.0,38.48,682.0,MI,10.0,2015-12-01,0.0,18.99,E,75000.0,OWN,0
15000.0,35.43,667.0,TX,2.0,2015-12-01,1.0,17.27,D,60000.0,MORTGAGE,0
20000.0,27.14,707.0,CO,3.0,2015-12-01,0.0,8.49,B,61097.0,RENT,0
18000.0,20.13,662.0,CA,8.0,2015-12-01,0.0,9.17,B,120000.0,RENT,0
12000.0,7.39,662.0,NJ,10.0,2015-12-01,0.0,9.17,B,105000.0,RENT,0
4800.0,19.31,682.0,CO,10.0,2015-12-01,0.0,9.17,B,96400.0,RENT,0
25000.0,36.53,717.0,TX,10.0,2015-12-01,0.0,11.99,C,82300.0,OWN,0
8800.0,12.87,727.0,WA,10.0,2015-12-01,0.0,6.49,A,87100.0,MORTGAGE,0
1000.0,26.82,662.0,MS,2.0,2015-12-01,0.0,13.99,C,35000.0,RENT,0
27975.0,1.75,782.0,CA,1.0,2015-12-01,0.0,7.91,A,192000.0,RENT,0
18700.0,31.94,722.0,VA,10.0,2015-12-01,0.0,7.49,A,105000.0,MORTGAGE,0
30000.0,20.18,682.0,NY,10.0,2015-12-01,0.0,17.97,D,70000.0,OWN,0
6400.0,27.39,712.0,LA,1.0,2015-12-01,0.0,9.8,B,46000.0,RENT,0
30950.0,25.83,697.0,AR,5.0,2015-12-01,1.0,23.13,F,90000.0,MORTGAGE,0
3000.0,21.23,672.0,OR,,2015-12-01,0.0,9.17,B,25255.0,RENT,0
18000.0,14.28,662.0,OR,10.0,2015-12-01,0.0,9.17,B,90000.0,MORTGAGE,0
35000.0,16.12,727.0,NC,3.0,2015-12-01,0.0,9.8,B,145000.0,MORTGAGE,0
4800.0,25.36,707.0,CA,5.0,2015-12-01,0.0,13.99,C,45000.0,MORTGAGE,0
16000.0,29.24,692.0,CO,4.0,2015-12-01,0.0,14.85,C,81500.0,MORTGAGE,0
16000.0,13.23,702.0,CA,10.0,2015-12-01,0.0,5.32,A,75000.0,MORTGAGE,0
21000.0,20.24,672.0,CA,4.0,2015-12-01,0.0,8.49,B,144000.0,MORTGAGE,0
15000.0,20.74,697.0,CA,2.0,2015-12-01,0.0,12.88,C,125000.0,MORTGAGE,0
9000.0,15.6,767.0,NH,,2015-12-01,0.0,5.32,A,25000.0,OWN,0
14600.0,19.63,697.0,RI,4.0,2015-12-01,0.0,8.49,B,67000.0,MORTGAGE,0
18000.0,28.4,672.0,CA,3.0,2015-12-01,1.0,14.85,C,35000.0,RENT,0
15000.0,38.25,662.0,CA,1.0,2015-12-01,1.0,13.99,C,34980.0,OWN,0
16650.0,21.4,717.0,CA,10.0,2015-12-01,1.0,10.78,B,70000.0,OWN,0
20000.0,15.9,672.0,NY,10.0,2015-12-01,0.0,11.99,C,170000.0,MORTGAGE,0
16100.0,21.94,747.0,OH,9.0,2015-12-01,0.0,15.77,D,65000.0,MORTGAGE,0
6500.0,24.35,712.0,GA,,2015-12-01,0.0,11.48,B,38000.0,MORTGAGE,0
8000.0,6.88,667.0,NJ,,2015-12-01,0.0,13.44,C,74000.0,MORTGAGE,0
27000.0,18.39,697.0,NJ,10.0,2015-12-01,0.0,14.85,C,96000.0,MORTGAGE,0
7000.0,20.07,712.0,MO,1.0,2015-12-01,0.0,9.8,B,32000.0,MORTGAGE,0
5000.0,8.5,672.0,NJ,1.0,2015-12-01,0.0,9.8,B,150000.0,MORTGAGE,0
30000.0,23.25,662.0,CA,2.0,2015-12-01,1.0,26.06,F,125000.0,RENT,0
25000.0,38.37,687.0,VA,4.0,2015-12-01,0.0,18.99,E,75000.0,MORTGAGE,0
9200.0,5.63,667.0,CA,3.0,2015-12-01,0.0,11.48,B,55000.0,RENT,0
35000.0,34.84,667.0,WA,1.0,2015-12-01,0.0,17.97,D,100000.0,MORTGAGE,0
20400.0,23.76,662.0,FL,1.0,2015-12-01,0.0,16.59,D,60000.0,MORTGAGE,0
5000.0,17.15,662.0,CA,1.0,2015-12-01,0.0,9.17,B,86000.0,RENT,0
24000.0,17.27,722.0,CA,1.0,2015-12-01,1.0,9.17,B,110000.0,RENT,0
9600.0,13.52,717.0,NJ,1.0,2015-12-01,0.0,5.32,A,250000.0,MORTGAGE,0
10000.0,7.41,687.0,TX,10.0,2015-12-01,0.0,16.59,D,80000.0,RENT,0
34550.0,15.61,782.0,FL,1.0,2015-12-01,0.0,14.85,C,72000.0,RENT,0
7500.0,26.26,667.0,FL,3.0,2015-12-01,0.0,12.88,C,50000.0,RENT,0
6000.0,2.83,662.0,CA,1.0,2015-12-01,0.0,11.48,B,48000.0,OWN,0
16000.0,23.64,677.0,TX,6.0,2015-12-01,0.0,14.85,C,46000.0,MORTGAGE,0
6000.0,4.19,707.0,NC,2.0,2015-12-01,0.0,6.49,A,101000.0,MORTGAGE,0
6000.0,32.66,687.0,CA,,2015-12-01,1.0,11.48,B,31452.0,RENT,0
35000.0,19.39,757.0,TX,10.0,2015-12-01,0.0,7.91,A,105000.0,MORTGAGE,0
1000.0,24.83,672.0,GA,1.0,2015-12-01,0.0,15.77,D,31999.0,RENT,0
20000.0,9.25,717.0,KS,6.0,2015-12-01,0.0,11.48,B,55000.0,MORTGAGE,0
16000.0,31.42,717.0,MD,10.0,2015-12-01,0.0,15.77,D,124000.0,OWN,0
35000.0,35.9,757.0,CA,6.0,2015-12-01,0.0,13.99,C,108000.0,MORTGAGE,0
23650.0,15.68,662.0,NC,10.0,2015-12-01,1.0,16.59,D,87000.0,RENT,0
21000.0,10.97,682.0,CA,1.0,2015-12-01,0.0,7.91,A,145000.0,MORTGAGE,0
4000.0,31.02,672.0,CA,3.0,2015-12-01,0.0,9.8,B,100000.0,RENT,0
25000.0,30.39,737.0,PA,,2015-12-01,0.0,14.85,C,60000.0,MORTGAGE,0
21000.0,30.78,662.0,CO,3.0,2015-12-01,1.0,14.85,C,100000.0,RENT,0
4800.0,9.1,662.0,VA,1.0,2015-12-01,0.0,11.48,B,57500.0,MORTGAGE,0
7200.0,10.84,697.0,CA,2.0,2015-12-01,0.0,14.85,C,55000.0,RENT,0
16000.0,27.23,677.0,TN,2.0,2015-12-01,1.0,18.99,E,38168.0,MORTGAGE,0
21600.0,10.05,682.0,FL,,2015-12-01,0.0,11.99,C,45000.0,MORTGAGE,0
10000.0,23.56,732.0,NY,10.0,2015-12-01,0.0,5.32,A,49000.0,OWN,0
5900.0,16.99,662.0,FL,10.0,2015-12-01,0.0,11.48,B,130000.0,RENT,0
18500.0,17.23,737.0,MN,10.0,2015-12-01,0.0,6.49,A,72450.0,MORTGAGE,0
6000.0,8.13,677.0,PA,10.0,2015-12-01,0.0,9.17,B,101947.0,MORTGAGE,0
15000.0,13.6,757.0,NY,,2015-12-01,0.0,5.32,A,72000.0,MORTGAGE,0
16000.0,32.18,667.0,TX,1.0,2015-12-01,0.0,10.78,B,91000.0,RENT,0
10000.0,35.01,707.0,VA,10.0,2015-12-01,0.0,12.88,C,52000.0,MORTGAGE,0
10000.0,18.37,732.0,NY,,2015-12-01,0.0,7.91,A,55500.0,MORTGAGE,0
15000.0,26.22,687.0,TN,1.0,2015-12-01,1.0,13.44,C,65000.0,RENT,0
16000.0,24.9,677.0,OR,4.0,2015-12-01,0.0,19.89,E,90000.0,RENT,0
16000.0,10.87,682.0,MA,10.0,2015-12-01,0.0,7.49,A,90000.0,MORTGAGE,0
8000.0,12.54,667.0,FL,9.0,2015-12-01,1.0,13.99,C,31000.0,RENT,0
15000.0,22.69,677.0,CA,10.0,2015-12-01,1.0,9.17,B,55000.0,RENT,0
10000.0,10.95,692.0,GA,2.0,2015-12-01,0.0,11.48,B,32000.0,MORTGAGE,0
12000.0,7.22,747.0,IL,1.0,2015-12-01,0.0,8.49,B,42500.0,RENT,0
8500.0,9.18,662.0,AZ,8.0,2015-12-01,0.0,10.78,B,55040.0,MORTGAGE,0
10000.0,3.4,717.0,CA,1.0,2015-12-01,0.0,9.8,B,60000.0,RENT,0
24150.0,22.7,662.0,KY,2.0,2015-12-01,1.0,19.48,E,56000.0,MORTGAGE,0
35000.0,15.72,702.0,VA,1.0,2015-12-01,0.0,13.67,C,256000.0,MORTGAGE,0
8000.0,19.16,702.0,MA,10.0,2015-12-01,1.0,12.88,C,54000.0,MORTGAGE,0
5000.0,18.65,667.0,UT,1.0,2015-12-01,0.0,11.48,B,60000.0,RENT,0
12000.0,28.13,742.0,LA,1.0,2015-12-01,0.0,9.17,B,72000.0,MORTGAGE,0
10000.0,27.24,722.0,NC,10.0,2015-12-01,0.0,10.78,B,39000.0,RENT,0
16000.0,26.11,687.0,FL,3.0,2015-12-01,1.0,11.48,B,70000.0,RENT,0
20000.0,18.72,697.0,CA,3.0,2015-12-01,0.0,14.85,C,110000.0,RENT,0
11000.0,22.37,667.0,IN,10.0,2015-12-01,1.0,16.59,D,55000.0,RENT,0
13600.0,30.64,662.0,KY,9.0,2015-12-01,0.0,16.59,D,62000.0,RENT,0
26475.0,20.14,712.0,OH,,2015-12-01,1.0,21.48,E,84000.0,RENT,0
5000.0,17.29,687.0,KS,3.0,2015-12-01,0.0,10.78,B,45036.0,OWN,0
17475.0,23.9,747.0,VA,10.0,2015-12-01,0.0,8.49,B,65000.0,MORTGAGE,0
2500.0,15.08,702.0,NY,2.0,2015-12-01,0.0,8.49,B,51500.0,MORTGAGE,0
20000.0,23.31,692.0,NH,1.0,2015-12-01,0.0,19.48,E,50000.0,OWN,0
8000.0,16.16,697.0,CA,10.0,2015-12-01,0.0,8.49,B,65000.0,RENT,0
23825.0,25.14,707.0,CA,10.0,2015-12-01,1.0,10.78,B,125000.0,MORTGAGE,0
12675.0,26.7,697.0,FL,1.0,2015-12-01,1.0,22.45,F,27600.0,RENT,0
1000.0,37.44,677.0,CA,6.0,2015-12-01,0.0,16.59,D,21600.0,RENT,0
5000.0,5.24,662.0,CA,,2015-12-01,1.0,13.99,C,35050.0,RENT,0
20000.0,11.73,722.0,GA,3.0,2015-12-01,0.0,6.49,A,99750.0,MORTGAGE,0
30000.0,34.7,697.0,OH,9.0,2015-12-01,0.0,12.88,C,95000.0,MORTGAGE,0
7850.0,26.98,677.0,CA,7.0,2015-12-01,0.0,13.44,C,50441.0,RENT,0
10325.0,31.85,672.0,VA,10.0,2015-12-01,1.0,22.45,F,90000.0,MORTGAGE,0
18500.0,25.33,792.0,MI,3.0,2015-12-01,1.0,5.32,A,48700.0,OWN,0
20000.0,18.41,717.0,MI,1.0,2015-12-01,0.0,11.99,C,75000.0,MORTGAGE,0
8375.0,25.5,717.0,GA,10.0,2015-12-01,1.0,10.78,B,68000.0,MORTGAGE,0
10000.0,17.05,667.0,MA,4.0,2015-12-01,0.0,17.27,D,40000.0,OWN,0
9000.0,15.36,667.0,IN,1.0,2015-12-01,0.0,9.17,B,84000.0,MORTGAGE,0
10000.0,26.48,682.0,MO,10.0,2015-12-01,0.0,18.99,E,65000.0,OWN,0
11000.0,26.21,677.0,OR,2.0,2015-12-01,0.0,13.99,C,40000.0,RENT,0
10500.0,9.24,682.0,NY,1.0,2015-12-01,0.0,11.48,B,50000.0,RENT,0
28000.0,26.35,682.0,TX,10.0,2015-12-01,1.0,21.48,E,78000.0,MORTGAGE,0
7000.0,13.28,677.0,NC,6.0,2015-12-01,0.0,15.77,D,80000.0,MORTGAGE,0
5000.0,19.76,712.0,TN,10.0,2015-12-01,0.0,17.27,D,45000.0,MORTGAGE,0
7200.0,24.15,662.0,GA,10.0,2015-12-01,0.0,10.78,B,65000.0,OWN,0
2500.0,17.13,672.0,PA,2.0,2015-12-01,0.0,15.77,D,48000.0,OWN,0
7000.0,24.05,697.0,WA,6.0,2015-12-01,1.0,9.17,B,100143.0,RENT,0
15000.0,31.55,662.0,TX,7.0,2015-12-01,1.0,17.97,D,55000.0,RENT,0
16000.0,17.17,737.0,NY,10.0,2015-12-01,0.0,7.91,A,97000.0,MORTGAGE,0
16500.0,33.69,717.0,MA,8.0,2015-12-01,0.0,13.99,C,52000.0,RENT,0
6000.0,8.16,707.0,NY,5.0,2015-12-01,0.0,10.78,B,30000.0,RENT,0
17500.0,16.55,757.0,AR,10.0,2015-12-01,0.0,5.32,A,100000.0,OWN,0
2000.0,25.18,672.0,VA,1.0,2015-12-01,0.0,13.99,C,46000.0,RENT,0
23000.0,12.35,677.0,AL,3.0,2015-12-01,0.0,8.49,B,100000.0,OWN,0
26000.0,23.19,697.0,GA,8.0,2015-12-01,1.0,22.45,F,52000.0,MORTGAGE,0
10000.0,38.3,667.0,NV,10.0,2015-12-01,0.0,15.77,D,32000.0,RENT,0
13725.0,6.05,667.0,VA,3.0,2015-12-01,1.0,12.88,C,105000.0,RENT,0
9675.0,30.71,677.0,NY,10.0,2015-12-01,0.0,11.48,B,70000.0,MORTGAGE,0
35000.0,20.02,672.0,FL,10.0,2015-12-01,0.0,14.85,C,155000.0,MORTGAGE,0
12000.0,21.76,707.0,MI,10.0,2015-12-01,0.0,14.85,C,39500.0,OWN,0
28800.0,16.53,672.0,FL,9.0,2015-12-01,0.0,17.97,D,103000.0,MORTGAGE,0
16000.0,7.26,672.0,RI,4.0,2015-12-01,0.0,13.44,C,80000.0,MORTGAGE,0
22500.0,34.59,732.0,TX,3.0,2015-12-01,0.0,18.49,D,45000.0,MORTGAGE,0
20000.0,30.1,662.0,IL,3.0,2015-12-01,0.0,16.59,D,75000.0,MORTGAGE,0
10000.0,20.37,667.0,PA,8.0,2015-12-01,0.0,10.78,B,45000.0,RENT,0
4200.0,13.2,672.0,DC,10.0,2015-12-01,0.0,9.17,B,100000.0,MORTGAGE,0
20000.0,36.23,757.0,TX,10.0,2015-12-01,0.0,9.17,B,101000.0,OWN,0
10000.0,21.84,707.0,WA,10.0,2015-12-01,0.0,9.17,B,81000.0,MORTGAGE,0
12000.0,21.86,747.0,MN,7.0,2015-12-01,0.0,10.78,B,60000.0,MORTGAGE,0
12000.0,11.79,697.0,CT,4.0,2015-12-01,0.0,9.8,B,110000.0,MORTGAGE,0
10000.0,39.7,732.0,TX,5.0,2015-12-01,0.0,7.49,A,85000.0,MORTGAGE,0
8000.0,15.01,697.0,FL,10.0,2015-12-01,0.0,10.78,B,108000.0,MORTGAGE,0
7500.0,36.23,667.0,TX,10.0,2015-12-01,0.0,14.85,C,111800.0,OWN,0
35000.0,18.15,662.0,FL,2.0,2015-12-01,1.0,18.49,D,125000.0,RENT,0
20000.0,21.86,697.0,WA,9.0,2015-12-01,0.0,9.17,B,113544.0,MORTGAGE,0
15000.0,12.17,742.0,FL,4.0,2015-12-01,0.0,7.49,A,99000.0,MORTGAGE,0
19750.0,20.65,682.0,VA,,2015-12-01,0.0,14.85,C,210000.0,MORTGAGE,0
20000.0,28.25,712.0,ND,4.0,2015-12-01,0.0,9.17,B,94000.0,MORTGAGE,0
25000.0,37.0,727.0,IL,2.0,2015-12-01,1.0,11.99,C,90000.0,RENT,0
10000.0,21.59,662.0,SC,5.0,2015-12-01,0.0,9.17,B,49000.0,RENT,0
15000.0,22.06,757.0,VA,8.0,2015-12-01,0.0,5.32,A,47000.0,RENT,0
4125.0,15.13,662.0,PA,6.0,2015-12-01,0.0,26.06,F,69000.0,MORTGAGE,0
23000.0,19.65,737.0,TX,3.0,2015-12-01,1.0,11.48,B,66000.0,MORTGAGE,0
21000.0,12.04,677.0,CA,10.0,2015-12-01,0.0,10.78,B,80000.0,RENT,0
20000.0,26.81,687.0,MA,,2015-12-01,0.0,8.49,B,50000.0,OWN,0
27600.0,20.32,682.0,AR,1.0,2015-12-01,0.0,9.17,B,127421.0,MORTGAGE,0
26000.0,24.88,687.0,ME,10.0,2015-12-01,0.0,7.91,A,85000.0,MORTGAGE,0
6000.0,25.94,677.0,FL,8.0,2015-12-01,0.0,13.99,C,100000.0,MORTGAGE,0
5600.0,15.1,667.0,FL,7.0,2015-12-01,0.0,9.8,B,100000.0,MORTGAGE,0
20000.0,17.49,662.0,TX,5.0,2015-12-01,0.0,9.17,B,71500.0,MORTGAGE,0
6000.0,22.62,702.0,OH,10.0,2015-12-01,0.0,10.78,B,79000.0,MORTGAGE,0
7200.0,7.44,682.0,VA,2.0,2015-12-01,0.0,13.44,C,276000.0,MORTGAGE,0
24000.0,24.3,687.0,AZ,1.0,2015-12-01,1.0,14.85,C,80000.0,MORTGAGE,0
17000.0,11.05,672.0,AZ,3.0,2015-12-01,0.0,13.99,C,48000.0,MORTGAGE,0
16800.0,16.34,697.0,WA,4.0,2015-12-01,0.0,10.78,B,55000.0,MORTGAGE,0
28000.0,14.26,727.0,OR,8.0,2015-12-01,0.0,8.49,B,95000.0,MORTGAGE,0
30000.0,14.71,737.0,GA,3.0,2015-12-01,1.0,20.5,E,90000.0,RENT,0
20000.0,10.23,662.0,SC,10.0,2015-12-01,0.0,13.99,C,80000.0,OWN,0
20000.0,22.71,692.0,VA,2.0,2015-12-01,0.0,19.48,E,68400.0,RENT,0
9100.0,15.51,702.0,NJ,10.0,2015-12-01,0.0,8.49,B,54000.0,RENT,0
20800.0,18.72,682.0,VA,8.0,2015-12-01,1.0,12.88,C,60000.0,RENT,0
28000.0,20.29,662.0,IN,10.0,2015-12-01,0.0,23.13,F,78000.0,MORTGAGE,0
8000.0,37.44,677.0,FL,,2015-12-01,1.0,15.77,D,93000.0,MORTGAGE,0
7000.0,14.49,792.0,NY,10.0,2015-12-01,0.0,9.8,B,106500.0,RENT,0
6000.0,11.14,662.0,TX,7.0,2015-12-01,0.0,11.48,B,270000.0,OWN,0
9000.0,18.5,687.0,WI,2.0,2015-12-01,0.0,8.49,B,46000.0,RENT,0
10800.0,29.86,662.0,NJ,1.0,2015-12-01,0.0,9.8,B,50000.0,RENT,0
35000.0,10.77,682.0,NY,10.0,2015-12-01,0.0,24.24,F,140000.0,RENT,0
5000.0,29.85,707.0,CO,2.0,2015-12-01,0.0,11.99,C,108250.0,RENT,0
18000.0,29.35,662.0,OH,8.0,2015-12-01,0.0,13.99,C,90500.0,MORTGAGE,0
35000.0,10.9,742.0,CT,10.0,2015-12-01,0.0,13.44,C,120000.0,MORTGAGE,0
13200.0,32.4,717.0,FL,7.0,2015-12-01,0.0,17.27,D,30000.0,RENT,0
10000.0,20.33,682.0,NJ,10.0,2015-12-01,0.0,11.99,C,110000.0,MORTGAGE,0
11000.0,27.47,672.0,TX,1.0,2015-12-01,0.0,17.27,D,54000.0,RENT,0
20800.0,23.13,672.0,MD,1.0,2015-12-01,0.0,11.99,C,115000.0,RENT,0
15000.0,21.68,677.0,CA,4.0,2015-12-01,0.0,17.97,D,220000.0,MORTGAGE,0
26875.0,19.1,722.0,WI,6.0,2015-12-01,1.0,21.48,E,70000.0,OWN,0
4000.0,30.39,687.0,KY,6.0,2015-12-01,0.0,15.77,D,47000.0,MORTGAGE,0
15000.0,13.22,707.0,CA,1.0,2015-12-01,0.0,9.8,B,45760.0,RENT,0
5000.0,22.78,692.0,KY,10.0,2015-12-01,0.0,6.99,A,41000.0,RENT,0
8500.0,15.76,667.0,IL,10.0,2015-12-01,0.0,17.27,D,85000.0,MORTGAGE,0
18000.0,22.22,707.0,TN,2.0,2015-12-01,0.0,10.78,B,140000.0,RENT,0
20000.0,2.64,707.0,WA,1.0,2015-12-01,0.0,14.85,C,90000.0,MORTGAGE,0
12000.0,13.35,782.0,WA,1.0,2015-12-01,0.0,5.32,A,135000.0,RENT,0
9800.0,17.29,697.0,AR,1.0,2015-12-01,0.0,9.17,B,52000.0,RENT,0
5000.0,24.15,707.0,FL,1.0,2015-12-01,0.0,7.49,A,80000.0,RENT,0
27025.0,13.44,702.0,GA,10.0,2015-12-01,0.0,7.49,A,675000.0,MORTGAGE,0
12000.0,13.39,752.0,NY,5.0,2015-12-01,0.0,7.91,A,150000.0,RENT,0
28000.0,7.18,662.0,NY,5.0,2015-12-01,0.0,17.97,D,80000.0,RENT,0
20000.0,12.84,712.0,PA,1.0,2015-12-01,0.0,11.48,B,40000.0,MORTGAGE,0
24000.0,11.38,682.0,FL,1.0,2015-12-01,1.0,14.85,C,175000.0,MORTGAGE,0
7050.0,20.55,707.0,NY,8.0,2015-12-01,0.0,7.91,A,40000.0,RENT,0
9000.0,20.22,717.0,CA,8.0,2015-12-01,0.0,5.32,A,105000.0,MORTGAGE,0
6000.0,7.11,692.0,AZ,4.0,2015-12-01,1.0,11.99,C,27000.0,RENT,0
12600.0,29.48,667.0,IL,2.0,2015-12-01,1.0,17.97,D,30000.0,RENT,0
7000.0,28.59,727.0,NC,10.0,2015-12-01,0.0,5.32,A,87600.0,MORTGAGE,0
15000.0,38.21,697.0,NY,7.0,2015-12-01,1.0,18.49,D,36500.0,RENT,0
12000.0,8.3,707.0,CA,2.0,2015-12-01,0.0,9.17,B,200000.0,OWN,0
35000.0,21.26,717.0,CA,9.0,2015-12-01,0.0,7.91,A,150000.0,RENT,0
32000.0,16.73,707.0,CA,3.0,2015-12-01,1.0,10.78,B,112000.0,MORTGAGE,0
24000.0,13.14,747.0,SC,4.0,2015-12-01,0.0,9.8,B,80000.0,MORTGAGE,0
7000.0,13.62,677.0,NJ,1.0,2015-12-01,0.0,7.91,A,105000.0,MORTGAGE,0
9800.0,16.91,682.0,CO,3.0,2015-12-01,0.0,12.88,C,103000.0,RENT,0
15400.0,8.92,742.0,CO,1.0,2015-12-01,0.0,5.32,A,85000.0,MORTGAGE,0
3000.0,17.48,667.0,MN,10.0,2015-12-01,0.0,13.99,C,115000.0,MORTGAGE,0
12000.0,33.53,687.0,NJ,8.0,2015-12-01,0.0,12.88,C,75000.0,OWN,0
18000.0,30.35,677.0,ME,,2015-12-01,0.0,12.88,C,48000.0,MORTGAGE,0
21000.0,29.21,687.0,FL,10.0,2015-12-01,0.0,21.48,E,72144.0,RENT,0
4000.0,12.35,682.0,PA,1.0,2015-12-01,0.0,10.78,B,68000.0,RENT,0
20000.0,19.65,787.0,CA,1.0,2015-12-01,0.0,6.49,A,121900.0,RENT,0
6000.0,7.97,707.0,CT,3.0,2015-12-01,0.0,5.32,A,185000.0,MORTGAGE,0
10400.0,16.85,702.0,CT,10.0,2015-12-01,0.0,12.88,C,90000.0,MORTGAGE,0
8000.0,19.1,777.0,NC,5.0,2015-12-01,0.0,9.8,B,47500.0,MORTGAGE,0
20000.0,15.15,687.0,VA,2.0,2015-12-01,0.0,11.99,C,110000.0,MORTGAGE,0
15000.0,5.91,732.0,TX,9.0,2015-12-01,0.0,10.78,B,107000.0,MORTGAGE,0
15200.0,33.5,712.0,WA,10.0,2015-12-01,0.0,12.88,C,75000.0,MORTGAGE,0
8000.0,25.59,692.0,GA,1.0,2015-12-01,0.0,12.88,C,58000.0,MORTGAGE,0
35000.0,13.9,697.0,WY,10.0,2015-12-01,0.0,19.89,E,84240.0,MORTGAGE,0
4000.0,0.0,732.0,CT,2.0,2015-12-01,0.0,10.78,B,36000.0,OWN,0
28000.0,14.96,752.0,RI,10.0,2015-12-01,0.0,5.32,A,90000.0,MORTGAGE,0
32000.0,23.08,692.0,PA,10.0,2015-12-01,0.0,12.88,C,100000.0,MORTGAGE,0
5000.0,5.24,687.0,MI,2.0,2015-12-01,0.0,7.49,A,109000.0,MORTGAGE,0
10375.0,10.5,662.0,NJ,3.0,2015-12-01,0.0,14.85,C,45000.0,RENT,0
12000.0,21.17,682.0,OH,5.0,2015-12-01,0.0,7.49,A,53000.0,RENT,0
5000.0,22.72,672.0,NJ,10.0,2015-12-01,0.0,8.49,B,56000.0,RENT,0
16000.0,25.94,662.0,TX,10.0,2015-12-01,0.0,13.44,C,60000.0,RENT,0
20000.0,8.94,712.0,FL,3.0,2015-12-01,0.0,8.49,B,65000.0,MORTGAGE,0
35000.0,29.88,682.0,GA,10.0,2015-12-01,1.0,18.49,D,109000.0,MORTGAGE,0
25000.0,12.49,717.0,LA,10.0,2015-12-01,0.0,7.91,A,151000.0,MORTGAGE,0
16000.0,32.09,662.0,CA,2.0,2015-12-01,1.0,9.8,B,145000.0,RENT,0
20000.0,25.76,707.0,TX,10.0,2015-12-01,0.0,11.99,C,118000.0,MORTGAGE,0
15000.0,35.23,762.0,OH,2.0,2015-12-01,0.0,9.8,B,55000.0,RENT,0
10000.0,16.04,672.0,NY,10.0,2015-12-01,0.0,9.8,B,115000.0,RENT,0
6200.0,22.36,762.0,MA,,2015-12-01,0.0,13.44,C,12406.8,OWN,0
16000.0,28.08,707.0,SC,1.0,2015-12-01,0.0,9.17,B,135000.0,RENT,0
28000.0,14.85,722.0,OH,2.0,2015-12-01,0.0,7.91,A,230000.0,MORTGAGE,0
15000.0,29.83,667.0,CA,10.0,2015-12-01,0.0,9.8,B,35880.0,MORTGAGE,0
12000.0,4.36,702.0,GA,2.0,2015-12-01,0.0,10.78,B,60000.0,MORTGAGE,0
7075.0,28.06,662.0,CA,10.0,2015-12-01,0.0,11.48,B,34980.0,RENT,0
10000.0,13.53,672.0,NY,10.0,2015-12-01,0.0,16.59,D,75000.0,MORTGAGE,0
7000.0,8.04,667.0,FL,,2015-12-01,0.0,8.49,B,50000.0,MORTGAGE,0
5000.0,31.35,677.0,PA,4.0,2015-12-01,0.0,14.85,C,40000.0,RENT,0
6000.0,16.73,682.0,TX,1.0,2015-12-01,0.0,11.48,B,50000.0,MORTGAGE,0
17000.0,27.51,692.0,AL,,2015-12-01,1.0,15.77,D,74000.0,MORTGAGE,0
7000.0,24.29,717.0,FL,,2015-12-01,1.0,8.49,B,25000.0,OWN,0
30000.0,17.66,697.0,MA,2.0,2015-12-01,0.0,7.91,A,100000.0,MORTGAGE,0
20000.0,19.7,677.0,OH,1.0,2015-12-01,0.0,12.88,C,55000.0,OWN,0
7000.0,8.47,722.0,GA,10.0,2015-12-01,0.0,7.91,A,52000.0,MORTGAGE,0
15600.0,7.73,682.0,MN,4.0,2015-12-01,0.0,13.99,C,220000.0,MORTGAGE,0
9000.0,15.18,767.0,NC,1.0,2015-12-01,0.0,5.32,A,45000.0,MORTGAGE,0
21000.0,13.04,677.0,PA,1.0,2015-12-01,0.0,18.99,E,215000.0,MORTGAGE,0
10000.0,8.94,667.0,MO,1.0,2015-12-01,0.0,9.8,B,80000.0,MORTGAGE,0
26000.0,24.04,702.0,MO,4.0,2015-12-01,0.0,10.78,B,88000.0,MORTGAGE,0
19675.0,22.34,692.0,NY,,2015-12-01,1.0,12.88,C,41000.0,OWN,0
10000.0,27.97,692.0,MA,4.0,2015-12-01,0.0,9.8,B,45000.0,RENT,0
11500.0,21.94,717.0,CT,7.0,2015-12-01,0.0,7.91,A,65000.0,RENT,0
21000.0,18.79,682.0,TX,7.0,2015-12-01,0.0,14.85,C,120000.0,MORTGAGE,0
3500.0,11.33,707.0,MA,1.0,2015-12-01,1.0,8.49,B,54000.0,RENT,0
13500.0,12.83,702.0,IN,10.0,2015-12-01,0.0,6.99,A,42000.0,MORTGAGE,0
15200.0,9.35,707.0,TX,10.0,2015-12-01,0.0,9.17,B,136000.0,RENT,0
4900.0,5.92,707.0,NJ,1.0,2015-12-01,0.0,8.49,B,43000.0,RENT,0
1000.0,28.46,672.0,MD,,2015-12-01,0.0,14.85,C,9000.0,RENT,0
8000.0,13.59,662.0,FL,7.0,2015-12-01,0.0,10.78,B,60000.0,MORTGAGE,0
10000.0,10.08,692.0,FL,8.0,2015-12-01,0.0,9.8,B,68000.0,MORTGAGE,0
15000.0,11.06,742.0,KS,1.0,2015-12-01,0.0,12.88,C,105000.0,MORTGAGE,0
10000.0,19.92,687.0,CA,1.0,2015-12-01,1.0,23.13,F,30000.0,RENT,0
26900.0,21.6,712.0,WI,1.0,2015-12-01,1.0,11.99,C,125000.0,MORTGAGE,0
35000.0,16.1,772.0,FL,4.0,2015-12-01,0.0,17.97,D,115000.0,RENT,0
18000.0,24.79,672.0,CT,10.0,2015-12-01,0.0,13.44,C,58000.0,MORTGAGE,0
8000.0,10.23,672.0,TX,7.0,2015-12-01,0.0,12.88,C,42000.0,MORTGAGE,0
10800.0,11.94,672.0,GA,4.0,2015-12-01,1.0,10.78,B,58000.0,RENT,0
25000.0,14.3,712.0,MO,10.0,2015-12-01,0.0,11.48,B,110000.0,MORTGAGE,0
15000.0,20.94,692.0,NY,1.0,2015-12-01,0.0,13.99,C,65000.0,RENT,0
10000.0,23.45,737.0,NY,4.0,2015-12-01,0.0,9.8,B,52500.0,RENT,0
18000.0,28.14,702.0,VA,8.0,2015-12-01,1.0,10.78,B,84000.0,MORTGAGE,0
9000.0,12.32,702.0,NJ,9.0,2015-12-01,0.0,7.49,A,64000.0,MORTGAGE,0
16000.0,17.11,712.0,KS,10.0,2015-12-01,0.0,9.17,B,55000.0,MORTGAGE,0
13625.0,17.58,707.0,RI,3.0,2015-12-01,1.0,13.44,C,31000.0,OWN,0
5000.0,18.23,722.0,TN,5.0,2015-12-01,0.0,11.48,B,52000.0,MORTGAGE,0
29325.0,26.43,747.0,VA,,2015-12-01,0.0,9.17,B,58656.0,MORTGAGE,0
19200.0,16.94,707.0,MD,9.0,2015-12-01,0.0,7.49,A,95000.0,MORTGAGE,0
16000.0,30.81,732.0,NY,5.0,2015-12-01,0.0,13.99,C,40000.0,MORTGAGE,0
30000.0,21.89,667.0,NY,10.0,2015-12-01,0.0,17.97,D,79000.0,MORTGAGE,0
4500.0,18.13,692.0,KS,4.0,2015-12-01,1.0,15.77,D,68200.0,RENT,0
10000.0,14.96,707.0,FL,10.0,2015-12-01,0.0,6.99,A,54000.0,RENT,0
10000.0,2.64,697.0,OK,5.0,2015-12-01,0.0,13.44,C,102000.0,MORTGAGE,0
12000.0,12.35,672.0,SC,10.0,2015-12-01,0.0,8.49,B,95000.0,OWN,0
7000.0,13.37,817.0,CO,10.0,2015-12-01,0.0,6.49,A,78000.0,RENT,0
8000.0,12.92,662.0,TX,10.0,2015-12-01,1.0,12.88,C,125400.0,MORTGAGE,0
9000.0,24.74,672.0,KY,9.0,2015-12-01,0.0,10.78,B,50000.0,MORTGAGE,0
11200.0,28.35,717.0,NY,4.0,2015-12-01,0.0,6.49,A,58000.0,RENT,0
12000.0,14.01,687.0,IN,10.0,2015-12-01,0.0,7.49,A,88000.0,MORTGAGE,0
9000.0,38.68,702.0,MA,10.0,2015-12-01,1.0,17.27,D,48000.0,RENT,0
12225.0,10.62,672.0,KY,,2015-12-01,0.0,16.59,D,94000.0,MORTGAGE,0
21000.0,34.71,697.0,KY,,2015-12-01,1.0,16.59,D,65000.0,MORTGAGE,0
10000.0,15.17,677.0,FL,10.0,2015-12-01,0.0,13.44,C,83000.0,MORTGAGE,0
22675.0,20.06,682.0,MI,1.0,2015-12-01,0.0,21.48,E,72000.0,MORTGAGE,0
15125.0,27.02,707.0,CA,1.0,2015-12-01,0.0,23.13,F,45000.0,RENT,0
6000.0,19.72,697.0,IL,9.0,2015-12-01,0.0,11.48,B,28000.0,RENT,0
9000.0,31.46,687.0,PA,4.0,2015-12-01,0.0,11.48,B,42000.0,MORTGAGE,0
12900.0,23.26,712.0,KY,10.0,2015-12-01,0.0,18.99,E,38000.0,MORTGAGE,0
20950.0,10.81,737.0,NJ,5.0,2015-12-01,0.0,17.97,D,87500.0,MORTGAGE,0
12000.0,7.22,742.0,NY,3.0,2015-12-01,0.0,6.49,A,223000.0,OWN,0
2500.0,22.39,727.0,FL,10.0,2015-12-01,0.0,13.99,C,130000.0,RENT,0
14000.0,32.63,702.0,NJ,7.0,2015-12-01,0.0,6.99,A,73000.0,MORTGAGE,0
16100.0,20.27,752.0,GA,6.0,2015-12-01,1.0,13.99,C,35000.0,OWN,0
24000.0,32.1,712.0,NY,2.0,2015-12-01,0.0,11.99,C,56000.0,MORTGAGE,0
8000.0,19.06,672.0,MI,1.0,2015-12-01,0.0,8.49,B,75000.0,OWN,0
2400.0,35.59,712.0,PA,7.0,2015-12-01,0.0,13.99,C,47000.0,MORTGAGE,0
16000.0,19.06,757.0,FL,10.0,2015-12-01,0.0,8.49,B,84000.0,MORTGAGE,0
8000.0,13.49,732.0,CA,10.0,2015-12-01,0.0,6.99,A,78000.0,MORTGAGE,0
22000.0,14.73,712.0,GA,1.0,2015-12-01,0.0,11.99,C,62000.0,MORTGAGE,0
3600.0,32.83,662.0,NY,10.0,2015-12-01,0.0,12.88,C,98000.0,RENT,0
7000.0,21.4,712.0,NY,10.0,2015-12-01,1.0,9.8,B,36000.0,RENT,0
18000.0,16.26,662.0,FL,10.0,2015-12-01,0.0,13.44,C,108000.0,RENT,0
13700.0,28.65,712.0,TN,,2015-12-01,0.0,8.49,B,29826.0,RENT,0
11150.0,34.95,687.0,CO,10.0,2015-12-01,0.0,17.97,D,78000.0,MORTGAGE,0
26000.0,19.71,687.0,CT,10.0,2015-12-01,0.0,10.78,B,89000.0,MORTGAGE,0
35000.0,16.8,692.0,NY,10.0,2015-12-01,0.0,11.48,B,220000.0,MORTGAGE,0
20000.0,26.79,677.0,FL,4.0,2015-12-01,0.0,13.44,C,80000.0,RENT,0
29200.0,7.59,687.0,TX,10.0,2015-12-01,0.0,12.88,C,90000.0,MORTGAGE,0
32000.0,13.46,697.0,TX,10.0,2015-12-01,0.0,11.99,C,150000.0,MORTGAGE,0
7500.0,4.62,702.0,FL,10.0,2015-12-01,0.0,5.32,A,100000.0,MORTGAGE,0
12000.0,6.07,692.0,FL,10.0,2015-12-01,1.0,13.44,C,54000.0,MORTGAGE,0
7500.0,12.35,692.0,OK,10.0,2015-12-01,1.0,13.99,C,43033.0,RENT,0
15000.0,33.26,687.0,LA,5.0,2015-12-01,1.0,17.97,D,88915.0,MORTGAGE,0
5000.0,31.89,692.0,GA,3.0,2015-12-01,0.0,20.5,E,18406.0,RENT,0
12000.0,17.39,677.0,AZ,5.0,2015-12-01,1.0,9.8,B,41000.0,MORTGAGE,0
4900.0,11.85,732.0,IN,10.0,2015-12-01,0.0,6.49,A,48500.0,MORTGAGE,0
20000.0,20.11,662.0,FL,2.0,2015-12-01,0.0,12.88,C,65000.0,RENT,0
8000.0,15.83,662.0,AZ,1.0,2015-12-01,1.0,14.85,C,72000.0,RENT,0
34000.0,19.35,697.0,UT,10.0,2015-12-01,0.0,11.99,C,106000.0,MORTGAGE,0
24000.0,8.0,712.0,MA,10.0,2015-12-01,0.0,6.99,A,100000.0,MORTGAGE,0
3000.0,21.01,662.0,MO,,2015-12-01,0.0,11.48,B,10000.0,RENT,0
6000.0,31.56,692.0,CA,1.0,2015-12-01,0.0,10.78,B,54000.0,OWN,0
12500.0,14.16,672.0,SC,,2015-12-01,0.0,12.88,C,53220.0,MORTGAGE,0
15800.0,8.43,762.0,IL,1.0,2015-12-01,0.0,10.78,B,55000.0,MORTGAGE,0
10000.0,10.42,677.0,RI,10.0,2015-12-01,0.0,7.91,A,105000.0,RENT,0
10000.0,15.27,707.0,OH,7.0,2015-12-01,0.0,11.99,C,80000.0,MORTGAGE,0
6025.0,13.28,687.0,MA,8.0,2015-12-01,0.0,13.99,C,100000.0,OWN,0
19925.0,19.41,667.0,MD,3.0,2015-12-01,0.0,26.99,G,55400.0,RENT,0
15000.0,13.61,662.0,NY,5.0,2015-12-01,1.0,19.48,E,128000.0,MORTGAGE,0
8000.0,11.9,667.0,AL,6.0,2015-12-01,0.0,12.88,C,104986.0,OWN,0
10000.0,20.96,717.0,NY,10.0,2015-12-01,0.0,10.78,B,43747.0,RENT,0
21000.0,18.15,712.0,CO,7.0,2015-12-01,0.0,12.88,C,66000.0,MORTGAGE,0
26400.0,33.47,712.0,VA,9.0,2015-12-01,0.0,15.77,D,72000.0,OWN,0
12000.0,12.42,662.0,NJ,10.0,2015-12-01,1.0,13.99,C,60000.0,RENT,0
25000.0,10.54,717.0,KY,1.0,2015-12-01,0.0,7.91,A,55000.0,MORTGAGE,0
4800.0,23.3,667.0,VA,10.0,2015-12-01,0.0,10.78,B,160000.0,MORTGAGE,0
5000.0,9.58,662.0,OH,10.0,2015-12-01,1.0,9.17,B,50000.0,OWN,0
4200.0,22.1,707.0,MT,10.0,2015-12-01,0.0,13.44,C,24000.0,MORTGAGE,0
5000.0,12.24,672.0,NY,5.0,2015-12-01,0.0,8.49,B,157000.0,MORTGAGE,0
28000.0,29.81,777.0,TX,3.0,2015-12-01,0.0,11.99,C,101000.0,MORTGAGE,0
20000.0,28.18,662.0,IL,10.0,2015-12-01,0.0,16.59,D,50000.0,RENT,0
15000.0,18.47,662.0,AL,2.0,2015-12-01,0.0,10.78,B,90000.0,RENT,0
20000.0,28.34,682.0,OK,1.0,2015-12-01,0.0,18.49,D,70000.0,MORTGAGE,0
27000.0,36.18,682.0,AL,7.0,2015-12-01,1.0,18.49,D,55000.0,RENT,0
24000.0,23.26,702.0,FL,4.0,2015-12-01,0.0,11.48,B,78000.0,MORTGAGE,0
28800.0,12.41,737.0,TX,3.0,2015-12-01,0.0,8.49,B,105000.0,MORTGAGE,0
2000.0,13.94,682.0,NJ,,2015-12-01,0.0,10.78,B,34000.0,OWN,0
2200.0,31.53,682.0,NV,3.0,2015-12-01,0.0,11.99,C,26000.0,RENT,0
28000.0,5.0,737.0,CA,4.0,2015-12-01,0.0,6.99,A,300000.0,MORTGAGE,0
9025.0,24.85,662.0,NY,10.0,2015-12-01,0.0,13.99,C,58000.0,RENT,0
4200.0,15.87,667.0,AL,6.0,2015-12-01,0.0,12.88,C,45000.0,MORTGAGE,0
5000.0,26.85,702.0,MI,10.0,2015-12-01,0.0,11.48,B,50000.0,MORTGAGE,0
5000.0,27.29,682.0,AZ,3.0,2015-12-01,0.0,8.49,B,100000.0,MORTGAGE,0
13000.0,14.98,687.0,MO,6.0,2015-12-01,0.0,13.44,C,85000.0,MORTGAGE,0
20000.0,17.82,672.0,NY,10.0,2015-12-01,1.0,11.48,B,120000.0,MORTGAGE,0
18750.0,30.45,682.0,AK,10.0,2015-12-01,0.0,16.59,D,65000.0,RENT,0
11200.0,19.6,697.0,FL,10.0,2015-12-01,0.0,9.8,B,69500.0,OWN,0
24000.0,9.3,662.0,CA,5.0,2015-12-01,0.0,16.59,D,134000.0,MORTGAGE,0
12000.0,26.84,662.0,OR,2.0,2015-12-01,0.0,12.88,C,50000.0,RENT,0
15000.0,19.05,722.0,CO,10.0,2015-12-01,0.0,7.91,A,39000.0,MORTGAGE,0
12000.0,18.91,672.0,CT,10.0,2015-12-01,1.0,18.99,E,65000.0,RENT,0
4000.0,19.51,687.0,AL,4.0,2015-12-01,0.0,10.78,B,100000.0,MORTGAGE,0
29750.0,21.54,687.0,NJ,6.0,2015-12-01,1.0,15.77,D,62000.0,MORTGAGE,0
10000.0,17.33,702.0,AZ,10.0,2015-12-01,0.0,11.48,B,25000.0,RENT,0
20000.0,7.09,722.0,PA,10.0,2015-12-01,0.0,11.48,B,370000.0,MORTGAGE,0
8000.0,18.15,737.0,TX,10.0,2015-12-01,0.0,5.32,A,40000.0,MORTGAGE,0
35000.0,26.1,707.0,TX,4.0,2015-12-01,0.0,11.99,C,154000.0,MORTGAGE,0
11200.0,22.76,672.0,IN,2.0,2015-12-01,1.0,21.48,E,38500.0,RENT,0
3200.0,15.99,697.0,OH,4.0,2015-12-01,0.0,12.88,C,43000.0,MORTGAGE,0
2000.0,29.88,712.0,VA,10.0,2015-12-01,0.0,8.49,B,58000.0,MORTGAGE,0
29900.0,34.42,662.0,FL,3.0,2015-12-01,1.0,19.48,E,65000.0,MORTGAGE,0
10000.0,12.13,752.0,LA,2.0,2015-12-01,0.0,9.17,B,120000.0,MORTGAGE,0
12000.0,7.57,747.0,TX,3.0,2015-12-01,0.0,10.78,B,32500.0,RENT,0
24000.0,8.96,752.0,NY,10.0,2015-12-01,0.0,8.49,B,94384.0,MORTGAGE,0
15000.0,20.58,667.0,PA,3.0,2015-12-01,0.0,15.77,D,65500.0,MORTGAGE,0
35000.0,34.26,687.0,FL,2.0,2015-12-01,1.0,16.59,D,137500.0,MORTGAGE,0
2525.0,3.22,662.0,OH,10.0,2015-12-01,0.0,9.8,B,41000.0,OWN,0
30800.0,16.38,667.0,TX,2.0,2015-12-01,0.0,12.88,C,153000.0,MORTGAGE,0
9000.0,11.7,692.0,CA,2.0,2015-12-01,0.0,8.49,B,163000.0,RENT,0
4000.0,31.28,667.0,CA,7.0,2015-12-01,0.0,11.99,C,30000.0,RENT,0
27650.0,28.44,697.0,GA,10.0,2015-12-01,0.0,13.44,C,115000.0,MORTGAGE,0
9000.0,28.22,732.0,GA,10.0,2015-12-01,0.0,6.49,A,54000.0,MORTGAGE,0
6000.0,21.5,687.0,NY,1.0,2015-12-01,0.0,16.59,D,85000.0,RENT,0
8000.0,16.08,702.0,AZ,10.0,2015-12-01,0.0,8.49,B,40000.0,MORTGAGE,0
5000.0,19.62,662.0,NC,3.0,2015-12-01,1.0,11.48,B,55000.0,RENT,0
35000.0,16.05,787.0,WI,10.0,2015-12-01,0.0,16.59,D,175350.0,MORTGAGE,0
10500.0,17.52,702.0,NY,3.0,2015-12-01,0.0,17.97,D,50000.0,MORTGAGE,0
20000.0,6.46,682.0,NJ,10.0,2015-12-01,1.0,17.27,D,60000.0,MORTGAGE,0
3500.0,32.02,677.0,NJ,3.0,2015-12-01,1.0,16.59,D,60000.0,RENT,0
17000.0,22.23,672.0,MN,10.0,2015-12-01,0.0,9.17,B,80470.0,MORTGAGE,0
22950.0,28.68,727.0,VA,9.0,2015-12-01,0.0,12.88,C,65500.0,MORTGAGE,0
20000.0,15.57,772.0,IN,9.0,2015-12-01,0.0,5.32,A,82000.0,MORTGAGE,0
4500.0,13.47,692.0,OR,10.0,2015-12-01,0.0,10.78,B,124000.0,MORTGAGE,0
2075.0,5.03,692.0,MS,1.0,2015-12-01,1.0,18.49,D,41545.0,RENT,0
14350.0,22.52,742.0,NJ,8.0,2015-12-01,0.0,8.49,B,84000.0,OWN,0
26400.0,24.55,672.0,MI,6.0,2015-12-01,0.0,11.99,C,70000.0,MORTGAGE,0
25000.0,6.49,712.0,CO,2.0,2015-12-01,0.0,6.99,A,175000.0,MORTGAGE,0
6000.0,1.34,772.0,RI,9.0,2015-12-01,0.0,7.49,A,34000.0,RENT,0
8000.0,24.61,702.0,NY,,2015-12-01,0.0,8.49,B,35000.0,RENT,0
14400.0,5.29,707.0,CO,1.0,2015-12-01,0.0,12.88,C,84000.0,RENT,0
11450.0,12.28,687.0,CA,10.0,2015-12-01,0.0,19.89,E,54000.0,MORTGAGE,0
20000.0,33.03,662.0,PA,10.0,2015-12-01,1.0,11.48,B,63000.0,OWN,0
15000.0,14.26,672.0,CA,10.0,2015-12-01,0.0,10.78,B,124000.0,MORTGAGE,0
13000.0,6.71,672.0,CO,1.0,2015-12-01,0.0,10.78,B,61500.0,RENT,0
13000.0,29.58,672.0,MN,4.0,2015-12-01,0.0,8.49,B,125000.0,OWN,0
8000.0,27.26,662.0,PA,4.0,2015-12-01,1.0,13.44,C,70000.0,MORTGAGE,0
14075.0,38.36,672.0,NJ,6.0,2015-12-01,1.0,24.24,F,52000.0,RENT,0
20000.0,17.33,742.0,NC,,2015-12-01,0.0,11.99,C,72000.0,OWN,0
15600.0,9.95,667.0,TN,10.0,2015-12-01,0.0,13.99,C,55000.0,RENT,0
2000.0,6.35,752.0,FL,6.0,2015-12-01,0.0,9.17,B,62000.0,MORTGAGE,0
15000.0,26.19,727.0,FL,10.0,2015-12-01,0.0,5.32,A,71000.0,RENT,0
6000.0,12.24,742.0,LA,4.0,2015-12-01,0.0,11.99,C,70000.0,MORTGAGE,0
35000.0,18.75,692.0,CA,8.0,2015-12-01,1.0,11.99,C,115000.0,RENT,0
12000.0,12.92,762.0,CA,10.0,2015-12-01,0.0,7.49,A,62000.0,RENT,0
7200.0,9.85,682.0,GA,4.0,2015-12-01,0.0,10.78,B,160000.0,MORTGAGE,0
2400.0,19.87,687.0,NY,8.0,2015-12-01,0.0,17.27,D,30296.0,RENT,0
20000.0,25.03,742.0,PA,2.0,2015-12-01,0.0,6.99,A,130000.0,MORTGAGE,0
14400.0,23.46,662.0,NC,10.0,2015-12-01,1.0,19.89,E,51000.0,MORTGAGE,0
24000.0,22.85,702.0,MD,1.0,2015-12-01,0.0,9.17,B,123000.0,MORTGAGE,0
20000.0,20.5,672.0,TX,4.0,2015-12-01,0.0,9.8,B,62000.0,MORTGAGE,0
18175.0,21.03,672.0,OK,10.0,2015-12-01,1.0,17.97,D,50500.0,OWN,0
7200.0,13.06,727.0,SC,10.0,2015-12-01,0.0,11.99,C,25000.0,OWN,0
35000.0,25.29,672.0,FL,7.0,2015-12-01,1.0,18.99,E,96437.0,OWN,0
5000.0,17.75,707.0,IN,3.0,2015-12-01,0.0,6.99,A,32000.0,RENT,0
20000.0,21.18,702.0,NY,3.0,2015-12-01,0.0,11.99,C,65000.0,MORTGAGE,0
24000.0,13.07,692.0,NJ,10.0,2015-12-01,0.0,7.91,A,125000.0,MORTGAGE,0
24000.0,9.27,762.0,NY,2.0,2015-12-01,0.0,5.32,A,280000.0,MORTGAGE,0
23500.0,23.83,677.0,TX,,2015-12-01,0.0,9.8,B,84700.0,MORTGAGE,0
15000.0,13.26,717.0,IL,9.0,2015-12-01,0.0,7.91,A,106000.0,MORTGAGE,0
28000.0,8.53,767.0,TX,6.0,2015-12-01,1.0,7.49,A,110000.0,MORTGAGE,0
18000.0,14.77,672.0,MA,10.0,2015-12-01,1.0,13.44,C,72000.0,RENT,0
24000.0,24.04,682.0,CA,1.0,2015-12-01,0.0,17.97,D,65000.0,RENT,0
3200.0,26.22,667.0,AL,10.0,2015-12-01,0.0,12.88,C,158000.0,MORTGAGE,0
10000.0,38.23,712.0,CA,7.0,2015-12-01,0.0,10.78,B,60000.0,MORTGAGE,0
6000.0,20.9,672.0,GA,5.0,2015-12-01,0.0,27.49,G,82500.0,MORTGAGE,0
28000.0,24.91,732.0,MO,4.0,2015-12-01,0.0,10.78,B,120000.0,MORTGAGE,0
4225.0,17.18,662.0,PA,3.0,2015-12-01,0.0,18.49,D,100000.0,RENT,0
12000.0,26.05,717.0,AR,6.0,2015-12-01,0.0,11.48,B,65000.0,MORTGAGE,0
5950.0,17.0,677.0,AZ,10.0,2015-12-01,0.0,20.5,E,71000.0,MORTGAGE,0
1400.0,20.01,672.0,AZ,1.0,2015-12-01,1.0,9.8,B,52000.0,MORTGAGE,0
12000.0,17.9,792.0,NY,8.0,2015-12-01,0.0,5.32,A,110000.0,MORTGAGE,0
4775.0,33.62,662.0,TN,,2015-12-01,1.0,18.99,E,14072.0,RENT,0
8675.0,39.59,662.0,CT,9.0,2015-12-01,1.0,20.5,E,33200.0,OWN,0
5600.0,12.52,672.0,FL,1.0,2015-12-01,0.0,10.78,B,39600.0,MORTGAGE,0
5000.0,22.21,702.0,FL,,2015-12-01,0.0,9.8,B,32000.0,RENT,0
2800.0,9.67,722.0,GA,,2015-12-01,0.0,9.17,B,36000.0,MORTGAGE,0
30000.0,26.26,662.0,NY,8.0,2015-12-01,0.0,16.59,D,124000.0,RENT,0
25000.0,11.89,687.0,ME,6.0,2015-12-01,0.0,13.99,C,78000.0,RENT,0
20000.0,15.74,772.0,NC,10.0,2015-12-01,0.0,5.32,A,165000.0,MORTGAGE,0
8000.0,14.66,717.0,TX,3.0,2015-12-01,0.0,5.32,A,80000.0,RENT,0
9000.0,29.1,717.0,AZ,1.0,2015-12-01,1.0,14.85,C,40000.0,RENT,0
22800.0,8.5,712.0,TN,10.0,2015-12-01,1.0,23.13,F,60000.0,OWN,0
10000.0,22.07,712.0,WI,3.0,2015-12-01,0.0,5.32,A,175000.0,MORTGAGE,0
25000.0,15.71,737.0,TX,10.0,2015-12-01,0.0,8.49,B,85000.0,RENT,0
12000.0,11.97,662.0,FL,10.0,2015-12-01,0.0,9.17,B,45000.0,MORTGAGE,0
5000.0,14.03,662.0,TX,10.0,2015-12-01,0.0,17.27,D,65000.0,MORTGAGE,0
33050.0,31.99,722.0,OH,10.0,2015-12-01,1.0,13.67,C,67000.0,MORTGAGE,0
9000.0,18.57,747.0,CA,10.0,2015-12-01,0.0,6.99,A,85000.0,RENT,0
6000.0,20.56,662.0,NV,10.0,2015-12-01,0.0,10.78,B,60000.0,MORTGAGE,0
27000.0,14.88,662.0,WI,5.0,2015-12-01,0.0,19.89,E,125000.0,MORTGAGE,0
10000.0,26.62,752.0,GA,10.0,2015-12-01,0.0,5.32,A,52800.0,MORTGAGE,0
1000.0,25.87,677.0,KS,3.0,2015-12-01,0.0,10.78,B,27000.0,RENT,0
13600.0,28.35,677.0,AL,3.0,2015-12-01,1.0,25.09,F,40000.0,RENT,0
20000.0,29.12,707.0,FL,10.0,2015-12-01,0.0,11.99,C,47800.0,MORTGAGE,0
35000.0,27.26,682.0,CA,1.0,2015-12-01,1.0,15.77,D,104000.0,RENT,0
10000.0,17.46,677.0,NY,10.0,2015-12-01,0.0,14.85,C,290000.0,MORTGAGE,0
9000.0,14.0,682.0,GA,5.0,2015-12-01,0.0,8.49,B,85000.0,MORTGAGE,0
5000.0,11.71,677.0,KY,6.0,2015-12-01,0.0,10.78,B,25000.0,MORTGAGE,0
20000.0,6.53,807.0,TN,8.0,2015-12-01,0.0,5.32,A,150000.0,MORTGAGE,0
20000.0,27.31,662.0,NJ,2.0,2015-12-01,0.0,19.48,E,63000.0,RENT,0
18000.0,18.04,732.0,HI,2.0,2015-12-01,0.0,7.91,A,63000.0,MORTGAGE,0
6000.0,29.14,662.0,IN,1.0,2015-12-01,0.0,12.88,C,21000.0,MORTGAGE,0
12000.0,10.47,717.0,SC,10.0,2015-12-01,0.0,9.8,B,95000.0,MORTGAGE,0
8000.0,23.94,687.0,NY,1.0,2015-12-01,0.0,6.49,A,135000.0,RENT,0
12000.0,8.12,682.0,TX,9.0,2015-12-01,0.0,9.17,B,60000.0,RENT,0
20000.0,18.81,697.0,MI,10.0,2015-12-01,0.0,10.78,B,63000.0,RENT,0
17600.0,15.45,697.0,CO,1.0,2015-12-01,0.0,7.91,A,40000.0,RENT,0
7800.0,11.61,702.0,IL,3.0,2015-12-01,0.0,9.17,B,68012.0,RENT,0
10600.0,19.03,707.0,CA,1.0,2015-12-01,0.0,7.91,A,61100.0,RENT,0
18000.0,39.3,692.0,TX,2.0,2015-12-01,1.0,18.99,E,40000.0,OWN,0
35000.0,23.33,677.0,NE,8.0,2015-12-01,0.0,13.44,C,180000.0,MORTGAGE,0
6400.0,11.97,662.0,MO,8.0,2015-12-01,0.0,14.85,C,74000.0,MORTGAGE,0
7000.0,26.15,782.0,CA,2.0,2015-12-01,0.0,6.49,A,86000.0,MORTGAGE,0
30000.0,19.32,697.0,MD,7.0,2015-12-01,0.0,11.48,B,145000.0,OWN,0
4000.0,3.15,697.0,IL,10.0,2015-12-01,0.0,13.99,C,27788.8,RENT,0
10000.0,18.88,707.0,CA,1.0,2015-12-01,0.0,12.88,C,30000.0,RENT,0
4000.0,31.58,682.0,OH,3.0,2015-12-01,0.0,15.77,D,48000.0,RENT,0
18000.0,2.04,782.0,CA,10.0,2015-12-01,0.0,7.91,A,128000.0,RENT,0
35000.0,4.8,747.0,NY,7.0,2015-12-01,0.0,9.8,B,95000.0,MORTGAGE,0
18575.0,17.31,727.0,TX,2.0,2015-12-01,0.0,7.91,A,113000.0,MORTGAGE,0
6400.0,19.66,662.0,CA,9.0,2015-12-01,0.0,10.78,B,120000.0,MORTGAGE,0
15825.0,35.16,712.0,FL,10.0,2015-12-01,0.0,19.48,E,40000.0,RENT,0
18000.0,20.68,672.0,NH,3.0,2015-12-01,1.0,11.99,C,48000.0,RENT,0
20000.0,8.37,772.0,TX,9.0,2015-12-01,0.0,5.32,A,145000.0,OWN,0
20000.0,11.63,677.0,OK,10.0,2015-12-01,0.0,9.8,B,88000.0,MORTGAGE,0
28000.0,5.12,682.0,TX,10.0,2015-12-01,0.0,13.99,C,230000.0,OWN,0
35000.0,18.53,712.0,RI,2.0,2015-12-01,0.0,11.48,B,520000.0,RENT,0
24150.0,14.94,682.0,TX,10.0,2015-12-01,0.0,13.99,C,134641.49,MORTGAGE,0
15600.0,15.45,692.0,NY,10.0,2015-12-01,0.0,13.44,C,99000.0,RENT,0
15000.0,21.26,707.0,KS,10.0,2015-12-01,0.0,18.49,D,65000.0,MORTGAGE,0
6000.0,5.96,762.0,AZ,1.0,2015-12-01,0.0,8.49,B,35000.0,MORTGAGE,0
2000.0,24.37,692.0,SC,1.0,2015-12-01,0.0,11.99,C,65000.0,RENT,0
10000.0,28.43,717.0,IL,4.0,2015-12-01,0.0,13.44,C,108000.0,OWN,0
24000.0,12.03,772.0,UT,,2015-12-01,0.0,5.32,A,58872.0,MORTGAGE,0
15600.0,6.91,682.0,PA,10.0,2015-12-01,1.0,10.78,B,79500.0,MORTGAGE,0
15000.0,9.09,712.0,MA,5.0,2015-12-01,0.0,11.48,B,350000.0,MORTGAGE,0
30000.0,15.16,707.0,LA,10.0,2015-12-01,0.0,7.49,A,140000.0,MORTGAGE,0
15600.0,3.52,662.0,MD,5.0,2015-12-01,0.0,9.8,B,47000.0,RENT,0
15000.0,5.09,697.0,WA,10.0,2015-12-01,0.0,5.32,A,120000.0,MORTGAGE,0
35000.0,0.13,782.0,CA,1.0,2015-12-01,0.0,9.17,B,200000.0,MORTGAGE,0
25600.0,13.43,667.0,CA,6.0,2015-12-01,0.0,10.78,B,67000.0,RENT,0
20000.0,18.01,667.0,NJ,8.0,2015-12-01,0.0,14.85,C,90000.0,RENT,0
9000.0,20.21,697.0,TN,1.0,2015-12-01,0.0,18.99,E,25000.0,RENT,0
24000.0,0.36,792.0,OR,2.0,2015-12-01,0.0,8.49,B,98000.0,RENT,0
17000.0,34.36,747.0,NJ,10.0,2015-12-01,0.0,6.49,A,73000.0,RENT,0
24000.0,20.51,687.0,LA,1.0,2015-12-01,1.0,9.8,B,84000.0,RENT,0
10800.0,17.54,672.0,CA,10.0,2015-12-01,0.0,8.49,B,75400.0,RENT,0
15000.0,17.7,662.0,WA,4.0,2015-12-01,0.0,13.99,C,55000.0,OWN,0
25000.0,19.53,682.0,OR,4.0,2015-12-01,0.0,9.8,B,64080.0,MORTGAGE,0
8400.0,9.79,662.0,CA,8.0,2015-12-01,0.0,11.48,B,70000.0,RENT,0
10000.0,11.2,702.0,TN,7.0,2015-12-01,0.0,9.17,B,30000.0,RENT,0
16000.0,16.36,732.0,MI,3.0,2015-12-01,0.0,11.99,C,81000.0,MORTGAGE,0
15000.0,16.36,707.0,NH,10.0,2015-12-01,0.0,9.8,B,86000.0,MORTGAGE,0
9000.0,16.99,762.0,OH,,2015-12-01,0.0,7.91,A,75000.0,OWN,0
9500.0,18.13,692.0,OK,1.0,2015-12-01,0.0,8.49,B,65000.0,RENT,0
2000.0,9.27,687.0,VA,5.0,2015-12-01,0.0,16.59,D,34435.0,OWN,0
16000.0,9.94,682.0,VA,9.0,2015-12-01,0.0,13.44,C,106000.0,RENT,0
7800.0,34.01,707.0,CT,10.0,2015-12-01,1.0,11.99,C,31722.0,RENT,0
25000.0,32.5,667.0,GA,1.0,2015-12-01,0.0,17.27,D,75000.0,MORTGAGE,0
12000.0,8.75,717.0,MA,10.0,2015-12-01,0.0,6.49,A,80000.0,MORTGAGE,0
10500.0,14.88,732.0,NJ,10.0,2015-12-01,0.0,11.99,C,79000.0,MORTGAGE,0
14000.0,33.58,732.0,LA,5.0,2015-12-01,0.0,16.59,D,50000.0,MORTGAGE,0
12000.0,4.13,677.0,MD,8.0,2015-12-01,0.0,10.78,B,110000.0,OWN,0
29475.0,15.43,667.0,CA,10.0,2015-12-01,0.0,19.48,E,150000.0,RENT,0
10000.0,29.11,662.0,TX,9.0,2015-12-01,0.0,12.88,C,32000.0,RENT,0
6000.0,6.33,737.0,TX,5.0,2015-12-01,0.0,10.78,B,120000.0,MORTGAGE,0
8000.0,33.18,702.0,MD,5.0,2015-12-01,0.0,15.77,D,86300.0,OWN,0
18000.0,5.6,707.0,CA,2.0,2015-12-01,1.0,11.48,B,249000.0,RENT,0
16000.0,34.26,677.0,TX,2.0,2015-12-01,0.0,9.17,B,40000.0,MORTGAGE,0
7000.0,13.92,682.0,WV,10.0,2015-12-01,0.0,10.78,B,43000.0,RENT,0
24000.0,28.65,687.0,VA,1.0,2015-12-01,1.0,13.99,C,80000.0,RENT,0
14250.0,37.62,707.0,OH,10.0,2015-12-01,0.0,9.8,B,40000.0,MORTGAGE,0
12000.0,6.77,662.0,ND,2.0,2015-12-01,0.0,8.49,B,75000.0,RENT,0
5000.0,27.84,752.0,OH,1.0,2015-12-01,0.0,6.99,A,30000.0,RENT,0
7200.0,29.04,707.0,CA,5.0,2015-12-01,0.0,11.48,B,50000.0,RENT,0
28000.0,4.43,722.0,CA,10.0,2015-12-01,0.0,6.99,A,235000.0,MORTGAGE,0
20000.0,24.48,667.0,GA,4.0,2015-12-01,0.0,16.59,D,110000.0,MORTGAGE,0
18000.0,13.74,677.0,CA,10.0,2015-12-01,1.0,11.48,B,75000.0,MORTGAGE,0
6000.0,3.83,662.0,FL,2.0,2015-12-01,0.0,9.17,B,63000.0,OWN,0
18000.0,13.92,757.0,VA,1.0,2015-12-01,0.0,9.8,B,110000.0,RENT,0
8800.0,30.15,812.0,SC,1.0,2015-12-01,0.0,6.99,A,55000.0,MORTGAGE,0
28000.0,14.79,727.0,OH,10.0,2015-12-01,0.0,5.32,A,450000.0,MORTGAGE,0
2975.0,28.4,677.0,NY,,2015-12-01,0.0,19.48,E,17590.0,RENT,0
22400.0,34.84,697.0,NY,10.0,2015-12-01,1.0,16.59,D,66000.0,RENT,0
6600.0,7.1,672.0,OH,10.0,2015-12-01,0.0,15.77,D,82000.0,MORTGAGE,0
10000.0,15.75,692.0,CA,9.0,2015-12-01,0.0,11.99,C,135000.0,RENT,0
16000.0,25.2,682.0,PA,1.0,2015-12-01,0.0,13.44,C,80000.0,MORTGAGE,0
30000.0,22.76,662.0,FL,8.0,2015-12-01,0.0,13.99,C,120000.0,MORTGAGE,0
10000.0,23.33,757.0,FL,,2015-12-01,0.0,7.91,A,25000.0,OWN,0
12000.0,28.75,687.0,FL,10.0,2015-12-01,0.0,10.78,B,62000.0,MORTGAGE,0
15750.0,48.56,672.0,NC,2.0,2015-12-01,0.0,17.97,D,35000.0,MORTGAGE,0
35000.0,30.51,722.0,TN,3.0,2015-12-01,0.0,13.99,C,85000.0,MORTGAGE,0
20900.0,21.82,697.0,GA,1.0,2015-12-01,0.0,17.97,D,69000.0,OWN,0
35000.0,21.89,702.0,GA,6.0,2015-12-01,0.0,12.88,C,200000.0,MORTGAGE,0
14000.0,9.66,802.0,MA,7.0,2015-12-01,0.0,5.32,A,125000.0,RENT,0
20000.0,32.94,752.0,NJ,10.0,2015-12-01,0.0,6.99,A,130000.0,MORTGAGE,0
30000.0,16.0,722.0,LA,10.0,2015-12-01,0.0,9.17,B,75000.0,OWN,0
11000.0,10.64,672.0,NV,8.0,2015-12-01,0.0,11.48,B,54000.0,RENT,0
20000.0,38.43,662.0,PA,3.0,2015-12-01,0.0,18.49,D,73000.0,RENT,0
12000.0,10.24,667.0,NV,10.0,2015-12-01,0.0,11.99,C,69010.0,RENT,0
12000.0,33.07,702.0,MA,10.0,2015-12-01,0.0,9.8,B,120000.0,RENT,0
20000.0,6.68,687.0,CA,1.0,2015-12-01,0.0,13.99,C,75000.0,RENT,0
15000.0,10.34,692.0,NY,3.0,2015-12-01,0.0,6.99,A,152800.0,MORTGAGE,0
20000.0,21.08,732.0,TX,10.0,2015-12-01,0.0,5.32,A,240000.0,MORTGAGE,0
18375.0,7.41,722.0,CA,3.0,2015-12-01,1.0,11.99,C,170000.0,MORTGAGE,0
6000.0,31.05,717.0,CT,10.0,2015-12-01,1.0,13.99,C,55000.0,MORTGAGE,0
22900.0,17.57,667.0,GA,1.0,2015-12-01,0.0,15.77,D,60000.0,OWN,0
5000.0,21.05,672.0,OH,5.0,2015-12-01,0.0,12.88,C,69800.0,MORTGAGE,0
5000.0,14.17,687.0,WV,1.0,2015-12-01,0.0,9.17,B,100000.0,MORTGAGE,0
16000.0,8.98,687.0,NJ,10.0,2015-12-01,0.0,7.49,A,70000.0,MORTGAGE,0
25000.0,25.07,752.0,WI,1.0,2015-12-01,0.0,10.78,B,75000.0,RENT,0
35000.0,13.41,697.0,NY,3.0,2015-12-01,0.0,9.8,B,110000.0,MORTGAGE,0
28000.0,15.31,697.0,TX,1.0,2015-12-01,0.0,10.78,B,150000.0,RENT,0
6000.0,10.53,777.0,CO,1.0,2015-12-01,0.0,7.91,A,180000.0,RENT,0
15000.0,15.27,672.0,MD,1.0,2015-12-01,0.0,10.78,B,55000.0,OWN,0
4000.0,33.6,727.0,NY,2.0,2015-12-01,0.0,11.99,C,77500.0,MORTGAGE,0
3000.0,30.31,737.0,DE,1.0,2015-12-01,1.0,11.48,B,20000.0,OWN,0
18000.0,23.07,662.0,CA,5.0,2015-12-01,0.0,11.48,B,49200.0,OWN,0
12000.0,26.37,682.0,WI,,2015-12-01,0.0,13.99,C,72500.0,MORTGAGE,0
17500.0,19.48,687.0,AL,10.0,2015-12-01,0.0,8.49,B,35000.0,OWN,0
10000.0,16.63,707.0,NJ,10.0,2015-12-01,0.0,11.99,C,130000.0,RENT,0
16000.0,16.01,707.0,KS,10.0,2015-12-01,0.0,11.99,C,80000.0,OWN,0
27000.0,18.85,667.0,TX,6.0,2015-12-01,0.0,14.85,C,127000.0,MORTGAGE,0
5000.0,8.59,777.0,MA,10.0,2015-12-01,0.0,6.99,A,90000.0,RENT,0
16800.0,5.07,692.0,TX,1.0,2015-12-01,0.0,8.49,B,59000.0,MORTGAGE,0
3600.0,33.05,667.0,WV,10.0,2015-12-01,0.0,13.44,C,61700.0,RENT,0
20000.0,25.92,677.0,CA,10.0,2015-12-01,0.0,9.8,B,80000.0,OWN,0
15000.0,5.45,737.0,MI,10.0,2015-12-01,0.0,7.91,A,180000.0,MORTGAGE,0
14000.0,11.76,707.0,KY,8.0,2015-12-01,0.0,7.91,A,85000.0,MORTGAGE,0
2500.0,8.9,662.0,MI,1.0,2015-12-01,0.0,9.17,B,100000.0,MORTGAGE,0
3000.0,7.9,752.0,TN,3.0,2015-12-01,0.0,6.99,A,80000.0,RENT,0
10000.0,21.49,687.0,NC,8.0,2015-12-01,0.0,9.8,B,32000.0,RENT,0
7000.0,29.15,662.0,FL,1.0,2015-12-01,0.0,10.78,B,112688.0,MORTGAGE,0
22000.0,7.66,692.0,CA,2.0,2015-12-01,0.0,8.49,B,94000.0,RENT,0
2000.0,31.3,687.0,VA,8.0,2015-12-01,0.0,13.44,C,38000.0,MORTGAGE,0
22400.0,3.15,722.0,GA,10.0,2015-12-01,0.0,19.48,E,70000.0,MORTGAGE,0
18000.0,18.37,697.0,UT,1.0,2015-12-01,0.0,8.49,B,117000.0,MORTGAGE,0
5650.0,16.08,747.0,WA,7.0,2015-12-01,1.0,16.59,D,30000.0,RENT,0
16800.0,21.75,687.0,OR,2.0,2015-12-01,1.0,14.85,C,38300.0,RENT,0
2500.0,18.64,672.0,NC,3.0,2015-12-01,0.0,13.99,C,68000.0,MORTGAGE,0
30000.0,18.72,692.0,NC,2.0,2015-12-01,0.0,12.88,C,120000.0,RENT,0
9600.0,17.15,662.0,NJ,10.0,2015-12-01,0.0,11.48,B,160000.0,MORTGAGE,0
25075.0,23.36,682.0,TX,1.0,2015-12-01,0.0,21.48,E,57000.0,RENT,0
8000.0,11.9,662.0,MD,10.0,2015-12-01,0.0,9.8,B,59000.0,MORTGAGE,0
15000.0,31.08,672.0,CA,8.0,2015-12-01,0.0,11.48,B,70000.0,RENT,0
20000.0,22.55,722.0,KY,,2015-12-01,1.0,13.44,C,58000.0,MORTGAGE,0
7900.0,10.73,727.0,MO,8.0,2015-12-01,0.0,11.99,C,30000.0,MORTGAGE,0
29500.0,17.98,707.0,TX,10.0,2015-12-01,0.0,9.8,B,120000.0,MORTGAGE,0
12000.0,4.38,667.0,TX,10.0,2015-12-01,0.0,11.48,B,76000.0,RENT,0
12000.0,26.75,697.0,TX,3.0,2015-12-01,0.0,6.49,A,80000.0,RENT,0
4500.0,14.05,687.0,VA,1.0,2015-12-01,0.0,11.99,C,24000.0,RENT,0
21000.0,19.03,677.0,MI,10.0,2015-12-01,0.0,19.48,E,83100.0,RENT,0
19400.0,23.5,677.0,MS,8.0,2015-12-01,1.0,18.99,E,48500.0,RENT,0
4000.0,39.89,697.0,CA,9.0,2015-12-01,0.0,14.85,C,55000.0,RENT,0
25000.0,15.82,717.0,CA,9.0,2015-12-01,0.0,8.49,B,75000.0,RENT,0
28000.0,34.22,757.0,DE,10.0,2015-12-01,0.0,6.99,A,93000.0,MORTGAGE,0
16800.0,37.94,667.0,KS,10.0,2015-12-01,1.0,16.59,D,67500.0,RENT,0
12225.0,31.31,667.0,MA,8.0,2015-12-01,1.0,19.48,E,34000.0,OWN,0
15000.0,28.41,732.0,MN,1.0,2015-12-01,1.0,12.88,C,70000.0,MORTGAGE,0
6050.0,35.32,702.0,TX,8.0,2015-12-01,1.0,19.48,E,65000.0,MORTGAGE,0
28200.0,25.78,672.0,NE,4.0,2015-12-01,0.0,11.99,C,93000.0,MORTGAGE,0
8000.0,24.87,677.0,WI,10.0,2015-12-01,1.0,14.85,C,65000.0,MORTGAGE,0
28800.0,30.79,662.0,MA,10.0,2015-12-01,1.0,17.97,D,64000.0,RENT,0
15000.0,14.19,722.0,WY,3.0,2015-12-01,0.0,7.49,A,130600.0,MORTGAGE,0
10900.0,15.85,692.0,MD,1.0,2015-12-01,0.0,11.99,C,56640.0,RENT,0
9600.0,36.02,687.0,CA,10.0,2015-12-01,0.0,11.99,C,33000.0,RENT,0
15000.0,28.43,677.0,PA,2.0,2015-12-01,0.0,11.99,C,95000.0,MORTGAGE,0
4725.0,16.84,667.0,MD,1.0,2015-12-01,1.0,18.49,D,109000.0,RENT,0
15000.0,17.5,677.0,NV,3.0,2015-12-01,0.0,13.99,C,75000.0,MORTGAGE,0
8000.0,18.16,802.0,IL,1.0,2015-12-01,0.0,5.32,A,45000.0,RENT,0
28000.0,10.31,692.0,NJ,3.0,2015-12-01,0.0,18.49,D,131000.0,RENT,0
25000.0,26.64,682.0,TX,10.0,2015-12-01,0.0,7.49,A,92000.0,MORTGAGE,0
9600.0,8.62,672.0,NC,3.0,2015-12-01,0.0,8.49,B,75000.0,MORTGAGE,0
23200.0,19.75,707.0,VA,9.0,2015-12-01,0.0,13.44,C,85000.0,RENT,0
20000.0,15.68,717.0,AR,10.0,2015-12-01,0.0,5.32,A,118000.0,RENT,0
25000.0,8.29,797.0,OH,9.0,2015-12-01,0.0,5.32,A,99000.0,RENT,0
29800.0,23.28,712.0,IL,10.0,2015-12-01,0.0,13.44,C,99000.0,RENT,0
25000.0,22.78,667.0,WA,8.0,2015-12-01,0.0,20.5,E,85000.0,RENT,0
16800.0,22.81,672.0,TX,7.0,2015-12-01,0.0,19.48,E,56500.0,RENT,0
8400.0,16.57,687.0,NY,8.0,2015-12-01,0.0,7.91,A,46000.0,RENT,0
35000.0,14.42,712.0,WA,1.0,2015-12-01,0.0,13.44,C,150000.0,RENT,0
3000.0,24.8,702.0,GA,10.0,2015-12-01,0.0,8.49,B,68000.0,MORTGAGE,0
10000.0,7.64,697.0,CA,1.0,2015-12-01,0.0,13.44,C,30000.0,RENT,0
7200.0,19.14,712.0,CA,6.0,2015-12-01,0.0,13.99,C,77000.0,RENT,0
21000.0,30.18,727.0,PA,10.0,2015-12-01,1.0,11.48,B,60000.0,MORTGAGE,0
7000.0,15.74,712.0,CA,8.0,2015-12-01,0.0,6.49,A,42000.0,RENT,0
22400.0,39.04,672.0,CA,2.0,2015-12-01,1.0,17.97,D,70000.0,RENT,0
11000.0,10.74,732.0,CO,2.0,2015-12-01,0.0,10.78,B,40000.0,RENT,0
10000.0,9.82,727.0,NY,10.0,2015-12-01,0.0,7.49,A,175000.0,RENT,0
21000.0,17.69,667.0,IL,2.0,2015-12-01,0.0,8.49,B,100000.0,MORTGAGE,0
15000.0,12.75,662.0,NJ,2.0,2015-12-01,0.0,14.85,C,130000.0,RENT,0
6500.0,17.49,682.0,FL,10.0,2015-12-01,0.0,7.91,A,42000.0,MORTGAGE,0
28000.0,12.41,727.0,AR,9.0,2015-12-01,0.0,5.32,A,100000.0,RENT,0
14500.0,16.23,712.0,MI,,2015-12-01,0.0,21.48,E,33000.0,OWN,0
8400.0,22.92,667.0,CA,1.0,2015-12-01,0.0,9.8,B,70000.0,RENT,0
10800.0,26.89,722.0,AZ,3.0,2015-12-01,1.0,13.44,C,35000.0,RENT,0
2000.0,16.88,722.0,CA,,2015-12-01,0.0,7.49,A,58000.0,RENT,0
20000.0,19.0,667.0,TX,2.0,2015-12-01,0.0,11.48,B,115000.0,RENT,0
12000.0,24.24,662.0,WA,6.0,2015-12-01,0.0,13.44,C,53760.0,RENT,0
22950.0,21.02,702.0,CA,10.0,2015-12-01,0.0,17.27,D,52188.0,OWN,0
21425.0,6.66,672.0,MA,10.0,2015-12-01,0.0,18.99,E,67000.0,OWN,0
24975.0,11.54,662.0,NC,5.0,2015-12-01,1.0,23.13,F,59500.0,MORTGAGE,0
2000.0,24.64,667.0,PA,10.0,2015-12-01,1.0,11.48,B,115000.0,RENT,0
22000.0,35.92,692.0,TX,9.0,2015-12-01,0.0,15.77,D,60000.0,RENT,0
6000.0,19.18,687.0,OH,1.0,2015-12-01,0.0,7.91,A,55000.0,RENT,0
20000.0,17.53,687.0,CA,1.0,2015-12-01,1.0,18.49,D,80000.0,MORTGAGE,0
18800.0,19.7,662.0,AL,10.0,2015-12-01,0.0,13.44,C,56000.0,MORTGAGE,0
25000.0,26.62,707.0,IL,3.0,2015-12-01,0.0,9.8,B,60000.0,MORTGAGE,0
2500.0,8.84,747.0,NY,8.0,2015-12-01,0.0,6.49,A,65000.0,MORTGAGE,0
10500.0,10.39,702.0,OR,10.0,2015-12-01,0.0,7.49,A,47688.0,RENT,0
14000.0,17.45,677.0,NY,5.0,2015-12-01,0.0,8.49,B,101000.0,MORTGAGE,0
23000.0,10.49,737.0,HI,10.0,2015-12-01,0.0,7.91,A,100000.0,MORTGAGE,0
5450.0,21.01,682.0,KS,1.0,2015-12-01,0.0,17.27,D,51000.0,RENT,0
8500.0,9.26,672.0,OK,1.0,2015-12-01,0.0,11.99,C,39000.0,RENT,0
6000.0,32.41,697.0,MO,3.0,2015-12-01,0.0,7.49,A,26000.0,OWN,0
2000.0,37.62,667.0,IL,5.0,2015-12-01,0.0,11.48,B,38000.0,RENT,0
10000.0,13.06,682.0,FL,3.0,2015-12-01,0.0,8.49,B,51000.0,MORTGAGE,0
10000.0,39.6,692.0,MT,10.0,2015-12-01,0.0,17.27,D,55000.0,MORTGAGE,0
28000.0,8.48,697.0,TX,10.0,2015-12-01,1.0,7.49,A,124000.0,OWN,0
20250.0,19.99,747.0,IL,3.0,2015-12-01,1.0,19.48,E,55000.0,MORTGAGE,0
11200.0,11.18,707.0,PA,7.0,2015-12-01,0.0,11.99,C,47444.0,RENT,0
22450.0,28.1,672.0,IN,1.0,2015-12-01,0.0,21.48,E,24000.0,MORTGAGE,0
16000.0,11.87,717.0,NY,10.0,2015-12-01,0.0,5.32,A,85000.0,RENT,0
16000.0,12.97,667.0,NY,10.0,2015-12-01,1.0,10.78,B,85000.0,RENT,0
14000.0,11.98,662.0,CA,3.0,2015-12-01,0.0,10.78,B,135000.0,RENT,0
10100.0,26.77,667.0,CA,4.0,2015-12-01,0.0,7.91,A,41000.0,RENT,0
33850.0,33.32,697.0,OK,4.0,2015-12-01,0.0,19.89,E,68000.0,MORTGAGE,0
4800.0,2.3,667.0,IN,2.0,2015-12-01,1.0,15.77,D,47000.0,RENT,0
29000.0,7.69,717.0,MN,10.0,2015-12-01,0.0,8.49,B,101000.0,MORTGAGE,0
7700.0,27.5,672.0,TX,1.0,2015-12-01,1.0,14.85,C,24000.0,RENT,0
30000.0,25.43,687.0,AK,10.0,2015-12-01,0.0,16.59,D,120000.0,MORTGAGE,0
11200.0,36.22,687.0,CA,5.0,2015-12-01,0.0,14.85,C,50000.0,MORTGAGE,0
15000.0,30.48,662.0,VA,10.0,2015-12-01,0.0,11.48,B,60000.0,MORTGAGE,0
6000.0,13.67,677.0,IN,2.0,2015-12-01,0.0,8.49,B,46000.0,RENT,0
9600.0,12.18,712.0,TX,10.0,2015-12-01,0.0,6.99,A,130000.0,MORTGAGE,0
4000.0,14.43,697.0,VT,1.0,2015-12-01,0.0,12.88,C,40000.0,MORTGAGE,0
16000.0,32.69,702.0,NC,10.0,2015-12-01,1.0,16.59,D,50000.0,RENT,0
10000.0,7.5,667.0,FL,10.0,2015-12-01,1.0,8.49,B,99000.0,MORTGAGE,0
6000.0,8.12,662.0,VA,9.0,2015-12-01,0.0,8.49,B,60000.0,RENT,0
12000.0,31.25,662.0,VA,6.0,2015-12-01,1.0,14.85,C,52500.0,RENT,0
10000.0,17.05,692.0,MN,1.0,2015-12-01,0.0,14.85,C,43000.0,RENT,0
7000.0,4.28,667.0,OR,10.0,2015-12-01,0.0,8.49,B,48000.0,RENT,0
24000.0,23.67,662.0,NY,10.0,2015-12-01,0.0,14.85,C,120000.0,MORTGAGE,0
30000.0,20.74,727.0,CO,5.0,2015-12-01,0.0,9.17,B,110000.0,MORTGAGE,0
6000.0,18.5,677.0,MN,7.0,2015-12-01,1.0,15.77,D,36000.0,MORTGAGE,0
28000.0,18.31,662.0,RI,8.0,2015-12-01,0.0,10.78,B,111000.0,RENT,0
15000.0,12.7,667.0,GA,10.0,2015-12-01,0.0,17.27,D,50000.0,MORTGAGE,0
12000.0,9.46,682.0,MD,2.0,2015-12-01,0.0,9.8,B,55000.0,RENT,0
12000.0,30.96,697.0,IN,5.0,2015-12-01,1.0,9.17,B,52000.0,MORTGAGE,0
4000.0,22.4,737.0,IL,10.0,2015-12-01,0.0,7.91,A,70000.0,MORTGAGE,0
14000.0,17.44,667.0,PA,5.0,2015-12-01,0.0,18.49,D,45000.0,RENT,0
20000.0,37.69,707.0,CA,2.0,2015-12-01,0.0,11.48,B,120000.0,RENT,0
10000.0,12.07,727.0,MI,1.0,2015-12-01,0.0,6.49,A,90000.0,RENT,0
16000.0,20.77,732.0,WI,10.0,2015-12-01,0.0,8.49,B,45000.0,OWN,0
10000.0,20.92,707.0,CA,,2015-12-01,0.0,11.99,C,30000.0,RENT,0
16000.0,9.12,802.0,NY,1.0,2015-12-01,0.0,7.91,A,65000.0,OWN,0
15000.0,25.04,692.0,TX,4.0,2015-12-01,0.0,8.49,B,135000.0,MORTGAGE,0
9000.0,28.98,712.0,MI,2.0,2015-12-01,0.0,11.99,C,75000.0,OWN,0
19725.0,29.44,667.0,DC,6.0,2015-12-01,0.0,19.89,E,62000.0,RENT,0
33750.0,38.05,717.0,IL,4.0,2015-12-01,0.0,15.77,D,67500.0,MORTGAGE,0
4500.0,27.35,707.0,NY,1.0,2015-12-01,0.0,13.44,C,34150.0,RENT,0
15000.0,27.83,687.0,NC,1.0,2015-12-01,0.0,11.99,C,58000.0,RENT,0
35000.0,11.64,667.0,MD,2.0,2015-12-01,1.0,18.49,D,120000.0,MORTGAGE,0
28000.0,21.86,772.0,TX,10.0,2015-12-01,0.0,14.85,C,96000.0,MORTGAGE,0
5000.0,0.75,707.0,FL,1.0,2015-12-01,0.0,5.32,A,80000.0,RENT,0
32000.0,11.34,687.0,SC,10.0,2015-12-01,0.0,7.91,A,100000.0,MORTGAGE,0
5000.0,4.69,712.0,NC,1.0,2015-12-01,0.0,10.78,B,38200.0,RENT,0
1050.0,27.38,682.0,VA,4.0,2015-12-01,0.0,15.77,D,21700.0,RENT,0
12000.0,24.03,667.0,NY,2.0,2015-12-01,0.0,13.44,C,40000.0,RENT,0
10000.0,17.69,662.0,NJ,1.0,2015-12-01,0.0,9.8,B,54000.0,RENT,0
16000.0,20.93,667.0,IN,10.0,2015-12-01,1.0,11.99,C,72000.0,OWN,0
28075.0,26.35,707.0,CA,9.0,2015-12-01,0.0,13.99,C,110000.0,RENT,0
18000.0,29.13,667.0,NY,10.0,2015-12-01,0.0,12.88,C,120000.0,MORTGAGE,0
12000.0,19.74,722.0,CA,2.0,2015-12-01,0.0,12.88,C,38000.0,OWN,0
12000.0,23.76,672.0,CA,10.0,2015-12-01,0.0,11.48,B,45000.0,RENT,0
5600.0,34.74,692.0,MI,9.0,2015-12-01,0.0,14.85,C,110000.0,MORTGAGE,0
3600.0,27.72,707.0,CA,5.0,2015-12-01,0.0,12.88,C,30000.0,OWN,0
25000.0,7.66,702.0,CA,8.0,2015-12-01,0.0,8.49,B,102000.0,MORTGAGE,0
11500.0,21.56,712.0,OR,10.0,2015-12-01,0.0,7.91,A,130200.0,MORTGAGE,0
25000.0,14.56,727.0,CA,7.0,2015-12-01,0.0,5.32,A,195000.0,MORTGAGE,0
12000.0,12.43,667.0,TN,1.0,2015-12-01,0.0,12.88,C,48000.0,RENT,0
12000.0,39.66,707.0,FL,7.0,2015-12-01,0.0,11.48,B,40000.0,MORTGAGE,0
6000.0,19.14,677.0,VA,6.0,2015-12-01,0.0,10.78,B,36500.0,MORTGAGE,0
15850.0,21.08,732.0,CA,10.0,2015-12-01,0.0,11.99,C,50000.0,RENT,0
27125.0,37.65,687.0,KY,8.0,2015-12-01,1.0,13.44,C,65000.0,MORTGAGE,0
20000.0,16.45,707.0,CA,10.0,2015-12-01,0.0,11.48,B,67400.0,RENT,0
6600.0,32.56,667.0,MN,2.0,2015-12-01,0.0,17.97,D,45000.0,RENT,0
15000.0,13.66,672.0,NY,3.0,2015-12-01,1.0,11.48,B,50000.0,RENT,0
15000.0,18.95,722.0,UT,3.0,2015-12-01,0.0,11.99,C,75000.0,MORTGAGE,0
23650.0,36.64,667.0,MA,10.0,2015-12-01,1.0,20.5,E,52560.0,RENT,0
35000.0,9.81,787.0,OR,10.0,2015-12-01,0.0,11.48,B,118000.0,MORTGAGE,0
18475.0,12.75,692.0,GA,8.0,2015-12-01,0.0,16.59,D,110000.0,RENT,0
10000.0,27.0,672.0,MO,10.0,2015-12-01,1.0,14.85,C,78000.0,RENT,0
16000.0,8.51,672.0,NJ,10.0,2015-12-01,0.0,14.85,C,120000.0,MORTGAGE,0
9375.0,9.74,712.0,NY,3.0,2015-12-01,0.0,14.85,C,80000.0,RENT,0
18675.0,30.98,802.0,GA,10.0,2015-12-01,0.0,8.49,B,55000.0,MORTGAGE,0
5000.0,13.81,682.0,TX,10.0,2015-12-01,0.0,12.88,C,49500.0,OWN,0
5000.0,13.74,747.0,TX,6.0,2015-12-01,1.0,11.48,B,65000.0,RENT,0
5000.0,5.52,672.0,TN,5.0,2015-12-01,0.0,12.88,C,30000.0,RENT,0
14000.0,17.43,667.0,NY,5.0,2015-12-01,0.0,13.99,C,36000.0,MORTGAGE,0
14400.0,11.67,697.0,UT,10.0,2015-12-01,0.0,8.49,B,82000.0,RENT,0
5000.0,23.23,762.0,NY,4.0,2015-12-01,0.0,5.32,A,250000.0,MORTGAGE,0
3000.0,16.6,697.0,NY,8.0,2015-12-01,1.0,10.78,B,17000.0,RENT,0
8500.0,12.81,747.0,MS,10.0,2015-12-01,0.0,8.49,B,40000.0,MORTGAGE,0
16000.0,11.69,797.0,CT,10.0,2015-12-01,0.0,5.32,A,75000.0,MORTGAGE,0
4300.0,1.97,682.0,CA,4.0,2015-12-01,0.0,10.78,B,45000.0,RENT,0
14050.0,13.34,677.0,MN,4.0,2015-12-01,0.0,10.78,B,44000.0,RENT,0
32000.0,20.5,692.0,CA,10.0,2015-12-01,0.0,6.99,A,144542.0,MORTGAGE,0
15000.0,7.4,702.0,CA,3.0,2015-12-01,0.0,11.48,B,61000.0,RENT,0
5000.0,19.9,727.0,CA,10.0,2015-12-01,0.0,6.49,A,72000.0,MORTGAGE,0
15000.0,25.0,702.0,CA,10.0,2015-12-01,1.0,18.99,E,42000.0,RENT,0
11200.0,17.67,697.0,WA,5.0,2015-12-01,0.0,7.49,A,65000.0,RENT,0
21000.0,16.64,702.0,GA,4.0,2015-12-01,0.0,5.32,A,218000.0,MORTGAGE,0
13225.0,22.21,667.0,KS,4.0,2015-12-01,1.0,25.09,F,45000.0,RENT,0
21000.0,13.72,677.0,TX,10.0,2015-12-01,0.0,15.77,D,200000.0,MORTGAGE,0
12000.0,8.92,677.0,AZ,8.0,2015-12-01,0.0,13.99,C,52200.0,RENT,0
24000.0,15.42,667.0,MS,10.0,2015-12-01,1.0,12.88,C,105000.0,OWN,0
15000.0,29.71,707.0,NC,2.0,2015-12-01,0.0,14.85,C,44000.0,MORTGAGE,0
8500.0,12.38,692.0,NC,10.0,2015-12-01,0.0,6.99,A,60000.0,OWN,0
10000.0,30.85,697.0,PA,10.0,2015-12-01,1.0,17.97,D,140000.0,RENT,0
6500.0,22.12,672.0,OH,2.0,2015-12-01,0.0,9.8,B,90000.0,MORTGAGE,0
10000.0,2.91,697.0,PA,6.0,2015-12-01,0.0,6.99,A,70000.0,RENT,0
24000.0,21.73,707.0,TX,10.0,2015-12-01,0.0,14.85,C,100000.0,MORTGAGE,0
20000.0,21.01,682.0,NV,5.0,2015-12-01,0.0,7.91,A,45000.0,OWN,0
15000.0,15.25,727.0,FL,8.0,2015-12-01,1.0,6.49,A,45000.0,OWN,0
18000.0,14.26,687.0,VA,1.0,2015-12-01,0.0,12.88,C,85000.0,RENT,0
14400.0,9.29,667.0,NJ,3.0,2015-12-01,1.0,11.99,C,65000.0,RENT,0
35000.0,20.64,712.0,NJ,1.0,2015-12-01,0.0,13.44,C,130000.0,RENT,0
3325.0,27.6,697.0,KY,2.0,2015-12-01,0.0,17.97,D,57000.0,RENT,0
24000.0,15.92,662.0,OH,10.0,2015-12-01,0.0,14.85,C,65000.0,MORTGAGE,0
2500.0,10.96,677.0,OH,3.0,2015-12-01,0.0,16.59,D,30000.0,RENT,0
17800.0,14.01,662.0,FL,4.0,2015-12-01,0.0,15.77,D,71000.0,MORTGAGE,0
35000.0,11.19,687.0,TX,1.0,2015-12-01,0.0,13.44,C,160000.0,MORTGAGE,0
16975.0,7.74,732.0,WA,3.0,2015-12-01,0.0,22.45,F,47160.0,RENT,0
15000.0,31.57,692.0,MA,10.0,2015-12-01,1.0,13.99,C,72100.0,RENT,0
16000.0,28.48,707.0,TX,1.0,2015-12-01,0.0,7.49,A,82500.0,MORTGAGE,0
11000.0,15.68,662.0,NY,10.0,2015-12-01,0.0,9.17,B,106000.0,RENT,0
4500.0,17.6,677.0,HI,10.0,2015-12-01,0.0,9.17,B,30000.0,RENT,0
20000.0,30.59,697.0,ME,10.0,2015-12-01,0.0,9.8,B,59120.0,MORTGAGE,0
8000.0,34.47,677.0,TN,10.0,2015-12-01,1.0,9.8,B,45000.0,MORTGAGE,0
7000.0,3.39,662.0,SC,8.0,2015-12-01,0.0,11.99,C,51000.0,RENT,0
5000.0,6.14,762.0,CA,4.0,2015-12-01,0.0,7.49,A,52000.0,MORTGAGE,0
14000.0,10.8,767.0,AK,10.0,2015-12-01,0.0,6.99,A,125000.0,MORTGAGE,0
20000.0,21.39,707.0,RI,,2015-12-01,0.0,11.48,B,50000.0,OWN,0
26400.0,27.58,667.0,CA,1.0,2015-12-01,0.0,16.59,D,60000.0,RENT,0
10000.0,15.46,687.0,MA,10.0,2015-12-01,0.0,11.48,B,52000.0,MORTGAGE,0
32725.0,18.03,662.0,GA,1.0,2015-12-01,0.0,28.49,G,86000.0,MORTGAGE,0
10000.0,6.03,702.0,VA,2.0,2015-12-01,0.0,9.8,B,40000.0,OWN,0
20000.0,23.22,677.0,NC,,2015-12-01,0.0,7.91,A,80000.0,MORTGAGE,0
7000.0,3.62,767.0,TX,8.0,2015-12-01,0.0,6.99,A,55000.0,MORTGAGE,0
22000.0,15.77,732.0,CA,10.0,2015-12-01,0.0,11.48,B,65000.0,MORTGAGE,0
16000.0,19.08,757.0,NV,10.0,2015-12-01,0.0,5.32,A,51000.0,MORTGAGE,0
6000.0,10.64,667.0,AZ,1.0,2015-12-01,0.0,17.97,D,75000.0,MORTGAGE,0
12000.0,34.22,672.0,OH,10.0,2015-12-01,0.0,11.99,C,83600.0,MORTGAGE,0
2700.0,9.58,697.0,NY,2.0,2015-12-01,0.0,11.99,C,52000.0,RENT,0
7000.0,11.69,662.0,TX,1.0,2015-12-01,0.0,11.48,B,66000.0,RENT,0
10775.0,27.43,707.0,NY,10.0,2015-12-01,0.0,11.99,C,28000.0,OWN,0
10000.0,11.69,707.0,NV,10.0,2015-12-01,0.0,6.49,A,160000.0,MORTGAGE,0
10000.0,6.54,737.0,CA,7.0,2015-12-01,0.0,6.99,A,150000.0,MORTGAGE,0
35000.0,24.77,662.0,AZ,3.0,2015-12-01,0.0,18.49,D,100000.0,RENT,0
11000.0,16.95,662.0,CA,1.0,2015-12-01,0.0,14.85,C,48000.0,RENT,0
12000.0,22.81,727.0,AL,7.0,2015-12-01,0.0,6.49,A,61500.0,MORTGAGE,0
2000.0,8.55,677.0,HI,10.0,2015-12-01,0.0,10.78,B,66000.0,RENT,0
10000.0,14.61,707.0,MA,8.0,2015-12-01,0.0,9.17,B,70000.0,MORTGAGE,0
16000.0,26.94,757.0,TN,10.0,2015-12-01,0.0,6.99,A,60000.0,MORTGAGE,0
6000.0,13.1,667.0,GA,,2015-12-01,0.0,14.85,C,35000.0,MORTGAGE,0
12000.0,5.55,692.0,TN,10.0,2015-12-01,0.0,7.91,A,104000.0,MORTGAGE,0
30000.0,9.15,722.0,IN,10.0,2015-12-01,1.0,13.44,C,125000.0,MORTGAGE,0
16000.0,6.97,707.0,CA,,2015-12-01,0.0,10.78,B,98000.0,RENT,0
19000.0,20.13,702.0,CA,10.0,2015-12-01,0.0,16.59,D,38000.0,RENT,0
21000.0,16.05,667.0,CA,10.0,2015-12-01,0.0,12.88,C,83000.0,RENT,0
28000.0,32.37,707.0,MN,10.0,2015-12-01,1.0,6.99,A,131000.0,MORTGAGE,0
5500.0,16.63,667.0,WY,1.0,2015-12-01,0.0,8.49,B,72800.0,RENT,0
7450.0,22.61,662.0,GA,5.0,2015-12-01,1.0,19.48,E,20000.0,MORTGAGE,0
18000.0,15.36,687.0,MA,5.0,2015-12-01,0.0,19.48,E,45000.0,MORTGAGE,0
16000.0,34.57,677.0,CO,4.0,2015-12-01,0.0,11.99,C,44096.0,OWN,0
20000.0,13.44,727.0,NY,10.0,2015-12-01,0.0,11.99,C,67500.0,RENT,0
31325.0,25.86,662.0,FL,3.0,2015-12-01,0.0,14.85,C,190000.0,MORTGAGE,0
22425.0,22.61,727.0,FL,3.0,2015-12-01,1.0,13.99,C,51000.0,RENT,0
20000.0,11.13,667.0,MI,4.0,2015-12-01,0.0,15.77,D,109000.0,MORTGAGE,0
20000.0,35.25,667.0,NC,1.0,2015-12-01,0.0,18.49,D,64000.0,RENT,0
12000.0,14.97,692.0,CO,1.0,2015-12-01,0.0,9.17,B,55000.0,MORTGAGE,0
8500.0,30.03,702.0,FL,10.0,2015-12-01,0.0,7.49,A,36000.0,MORTGAGE,0
16800.0,30.9,707.0,TN,5.0,2015-12-01,0.0,8.49,B,40000.0,OWN,0
10800.0,29.96,672.0,FL,1.0,2015-12-01,1.0,19.48,E,30000.0,OWN,0
12000.0,26.19,707.0,ND,5.0,2015-12-01,0.0,7.91,A,55000.0,RENT,0
21225.0,21.94,667.0,WA,1.0,2015-12-01,0.0,26.99,G,53000.0,MORTGAGE,0
2100.0,21.13,672.0,MD,10.0,2015-12-01,0.0,10.78,B,28000.0,MORTGAGE,0
5700.0,24.28,707.0,TN,,2015-12-01,0.0,9.17,B,13000.0,RENT,0
6025.0,34.89,672.0,MA,3.0,2015-12-01,0.0,12.88,C,29000.0,RENT,0
12000.0,12.26,662.0,VA,4.0,2015-12-01,0.0,13.99,C,92043.0,MORTGAGE,0
14000.0,9.06,762.0,OR,2.0,2015-12-01,0.0,7.91,A,126500.0,MORTGAGE,0
25000.0,14.86,722.0,MI,2.0,2015-12-01,0.0,7.91,A,120000.0,MORTGAGE,0
30000.0,10.75,777.0,FL,1.0,2015-12-01,1.0,13.99,C,100000.0,OWN,0
12000.0,12.7,662.0,CA,10.0,2015-12-01,0.0,12.88,C,75000.0,RENT,0
28000.0,23.58,722.0,MI,3.0,2015-12-01,0.0,14.85,C,75000.0,MORTGAGE,0
15000.0,29.82,662.0,VA,1.0,2015-12-01,1.0,17.27,D,33280.0,RENT,0
10000.0,19.32,677.0,NV,10.0,2015-12-01,1.0,11.99,C,30000.0,MORTGAGE,0
16000.0,27.87,712.0,NJ,1.0,2015-12-01,0.0,7.49,A,49000.0,RENT,0
3825.0,7.08,672.0,FL,3.0,2015-12-01,1.0,14.85,C,30000.0,MORTGAGE,0
29000.0,7.79,807.0,NJ,1.0,2015-12-01,0.0,6.49,A,110000.0,RENT,0
21600.0,18.5,702.0,PA,5.0,2015-12-01,0.0,10.78,B,48000.0,MORTGAGE,0
9050.0,21.25,702.0,GA,3.0,2015-12-01,0.0,9.17,B,42000.0,MORTGAGE,0
6600.0,9.66,697.0,NY,10.0,2015-12-01,0.0,7.91,A,150000.0,MORTGAGE,0
12000.0,5.73,677.0,MD,4.0,2015-12-01,0.0,15.77,D,52000.0,OWN,0
15000.0,13.05,737.0,TX,10.0,2015-12-01,0.0,9.17,B,40000.0,RENT,0
8000.0,8.85,702.0,NV,1.0,2015-12-01,0.0,7.91,A,45960.0,RENT,0
35000.0,21.25,672.0,FL,4.0,2015-12-01,1.0,26.99,G,125000.0,MORTGAGE,0
5000.0,29.22,667.0,FL,10.0,2015-12-01,0.0,13.99,C,52000.0,RENT,0
28000.0,16.3,682.0,CA,2.0,2015-12-01,0.0,16.59,D,105000.0,OWN,0
12000.0,25.88,702.0,MO,4.0,2015-12-01,0.0,7.49,A,55000.0,MORTGAGE,0
25000.0,14.88,742.0,FL,10.0,2015-12-01,0.0,5.32,A,90000.0,MORTGAGE,0
30000.0,10.79,672.0,NJ,3.0,2015-12-01,0.0,14.85,C,100000.0,RENT,0
3600.0,11.08,662.0,SC,1.0,2015-12-01,0.0,9.8,B,30000.0,RENT,0
6525.0,8.44,677.0,NH,1.0,2015-12-01,0.0,15.77,D,30000.0,RENT,0
18000.0,22.29,662.0,LA,2.0,2015-12-01,1.0,20.5,E,52000.0,RENT,0
2000.0,16.15,672.0,FL,8.0,2015-12-01,0.0,10.78,B,55000.0,MORTGAGE,0
27425.0,29.71,682.0,CA,1.0,2015-12-01,0.0,16.59,D,79500.0,RENT,0
32000.0,22.48,697.0,CA,2.0,2015-12-01,0.0,11.99,C,88000.0,RENT,0
24000.0,27.33,672.0,AZ,10.0,2015-12-01,0.0,19.48,E,105000.0,MORTGAGE,0
10000.0,9.44,697.0,AZ,1.0,2015-12-01,0.0,8.49,B,120000.0,RENT,0
16800.0,27.27,722.0,CA,6.0,2015-12-01,0.0,9.17,B,50000.0,RENT,0
4000.0,9.48,707.0,FL,10.0,2015-12-01,0.0,14.85,C,90000.0,MORTGAGE,0
25950.0,20.93,702.0,TX,10.0,2015-12-01,0.0,18.99,E,59000.0,MORTGAGE,0
9600.0,30.27,692.0,FL,10.0,2015-12-01,0.0,17.27,D,53000.0,OWN,0
14000.0,21.92,692.0,CO,5.0,2015-12-01,0.0,18.49,D,34000.0,RENT,0
17500.0,10.09,667.0,CA,10.0,2015-12-01,0.0,12.88,C,95700.0,OWN,0
10000.0,19.62,662.0,OR,9.0,2015-12-01,0.0,9.17,B,40000.0,OWN,0
25000.0,34.58,752.0,MA,4.0,2015-12-01,0.0,6.99,A,95200.0,MORTGAGE,0
25000.0,14.47,677.0,TX,4.0,2015-12-01,0.0,13.44,C,88000.0,MORTGAGE,0
27600.0,21.38,697.0,PA,,2015-12-01,0.0,9.17,B,70000.0,MORTGAGE,0
18000.0,10.04,672.0,TX,2.0,2015-12-01,0.0,9.8,B,89400.0,RENT,0
19875.0,23.19,712.0,MA,1.0,2015-12-01,0.0,15.77,D,58000.0,MORTGAGE,0
22500.0,9.83,667.0,GA,10.0,2015-12-01,0.0,14.85,C,114000.0,OWN,0
10075.0,24.47,672.0,MI,,2015-12-01,0.0,17.97,D,28000.0,OWN,0
12000.0,15.36,717.0,TX,10.0,2015-12-01,0.0,9.8,B,80000.0,MORTGAGE,0
7500.0,23.55,682.0,MI,,2015-12-01,0.0,7.91,A,29000.0,RENT,0
3000.0,12.35,697.0,FL,1.0,2015-12-01,0.0,6.49,A,35000.0,MORTGAGE,0
12000.0,5.96,672.0,NY,2.0,2015-12-01,0.0,11.99,C,115000.0,OWN,0
4100.0,6.0,812.0,OR,10.0,2015-12-01,0.0,5.32,A,36000.0,MORTGAGE,0
11900.0,14.93,732.0,TN,3.0,2015-12-01,0.0,5.32,A,150000.0,MORTGAGE,0
32000.0,8.75,757.0,CT,1.0,2015-12-01,0.0,7.91,A,180000.0,OWN,0
22800.0,17.17,717.0,MA,1.0,2015-12-01,0.0,10.78,B,132000.0,MORTGAGE,0
7200.0,29.32,687.0,MS,2.0,2015-12-01,0.0,15.77,D,60000.0,OWN,0
16000.0,11.09,672.0,NH,10.0,2015-12-01,0.0,16.59,D,63000.0,MORTGAGE,0
15000.0,4.35,707.0,CA,1.0,2015-12-01,0.0,5.32,A,70000.0,MORTGAGE,0
12000.0,15.09,672.0,CA,2.0,2015-12-01,0.0,13.44,C,75000.0,RENT,0
8000.0,13.09,712.0,FL,3.0,2015-12-01,0.0,7.91,A,60000.0,MORTGAGE,0
21000.0,33.84,712.0,CA,9.0,2015-12-01,1.0,11.99,C,54603.0,RENT,0
4800.0,10.42,677.0,CA,2.0,2015-12-01,0.0,13.44,C,70000.0,RENT,0
18000.0,23.18,722.0,NC,8.0,2015-12-01,0.0,9.8,B,57000.0,MORTGAGE,0
4000.0,11.73,677.0,MI,,2015-12-01,0.0,12.88,C,40000.0,OWN,0
24000.0,23.17,722.0,IL,10.0,2015-12-01,0.0,9.8,B,85000.0,MORTGAGE,0
10800.0,11.0,692.0,TX,3.0,2015-12-01,0.0,16.59,D,30000.0,RENT,0
10000.0,8.45,662.0,MD,10.0,2015-12-01,0.0,9.17,B,96000.0,OWN,0
7000.0,11.8,777.0,FL,2.0,2015-12-01,0.0,5.32,A,45000.0,OWN,0
23000.0,19.35,682.0,LA,1.0,2015-12-01,0.0,11.99,C,50000.0,MORTGAGE,0
8000.0,7.75,687.0,NY,2.0,2015-12-01,0.0,7.91,A,48500.0,RENT,0
12000.0,13.39,677.0,NC,10.0,2015-12-01,0.0,8.49,B,70000.0,RENT,0
8000.0,28.92,697.0,CT,6.0,2015-12-01,0.0,11.99,C,22000.0,OWN,0
4800.0,11.37,692.0,CA,9.0,2015-12-01,0.0,7.49,A,82000.0,MORTGAGE,0
15000.0,33.38,702.0,MI,10.0,2015-12-01,0.0,9.8,B,125000.0,MORTGAGE,0
2000.0,10.2,717.0,CA,5.0,2015-12-01,0.0,16.59,D,96000.0,OWN,0
6000.0,21.84,687.0,OR,1.0,2015-12-01,0.0,6.49,A,26000.0,RENT,0
10800.0,18.37,662.0,WI,10.0,2015-12-01,0.0,12.88,C,69000.0,MORTGAGE,0
12000.0,7.71,667.0,CO,3.0,2015-12-01,0.0,13.99,C,72500.0,RENT,0
7325.0,10.95,687.0,CO,5.0,2015-12-01,0.0,10.78,B,40000.0,RENT,0
15000.0,15.3,692.0,DC,,2015-12-01,1.0,12.88,C,60000.0,OWN,0
6300.0,16.99,692.0,NJ,10.0,2015-12-01,0.0,9.8,B,45000.0,RENT,0
6000.0,13.78,662.0,FL,1.0,2015-12-01,0.0,11.48,B,100000.0,RENT,0
15075.0,25.54,717.0,NJ,10.0,2015-12-01,0.0,17.27,D,32806.0,OWN,0
16000.0,4.31,722.0,MA,10.0,2015-12-01,0.0,7.91,A,83000.0,MORTGAGE,0
9600.0,28.07,682.0,NY,,2015-12-01,0.0,13.44,C,90000.0,MORTGAGE,0
16000.0,12.09,697.0,NJ,10.0,2015-12-01,0.0,7.49,A,70000.0,RENT,0
6000.0,10.28,742.0,MN,10.0,2015-12-01,0.0,6.49,A,85000.0,MORTGAGE,0
2000.0,26.75,677.0,GA,9.0,2015-12-01,0.0,9.17,B,75000.0,RENT,0
9600.0,32.21,692.0,FL,10.0,2015-12-01,0.0,7.49,A,56000.0,MORTGAGE,0
9600.0,22.95,757.0,NY,10.0,2015-12-01,0.0,5.32,A,65000.0,MORTGAGE,0
5000.0,28.26,717.0,FL,10.0,2015-12-01,0.0,7.91,A,40000.0,OWN,0
21000.0,3.3,672.0,NV,10.0,2015-12-01,0.0,8.49,B,120000.0,MORTGAGE,0
30000.0,29.89,692.0,NJ,8.0,2015-12-01,0.0,11.48,B,87000.0,MORTGAGE,0
6000.0,4.14,752.0,VA,10.0,2015-12-01,0.0,5.32,A,41175.0,MORTGAGE,0
11500.0,20.4,732.0,OH,4.0,2015-12-01,0.0,11.48,B,25000.0,RENT,0
15000.0,14.17,697.0,AL,2.0,2015-12-01,0.0,11.99,C,41000.0,MORTGAGE,0
3175.0,34.18,677.0,WI,6.0,2015-12-01,0.0,9.8,B,45000.0,RENT,0
8000.0,5.72,682.0,LA,1.0,2015-12-01,0.0,9.8,B,72000.0,OWN,0
27000.0,20.52,672.0,NY,10.0,2015-12-01,0.0,24.24,F,120000.0,MORTGAGE,0
6400.0,19.71,722.0,KS,8.0,2015-12-01,1.0,11.48,B,35000.0,RENT,0
21000.0,18.12,682.0,CA,10.0,2015-12-01,0.0,15.77,D,115000.0,RENT,0
3900.0,34.31,687.0,WY,1.0,2015-12-01,0.0,9.8,B,105000.0,OWN,0
32000.0,22.83,667.0,IL,5.0,2015-12-01,0.0,12.88,C,160000.0,OWN,0
20000.0,21.69,672.0,FL,1.0,2015-12-01,0.0,9.17,B,86000.0,RENT,0
32000.0,23.19,682.0,IL,3.0,2015-12-01,0.0,11.48,B,93000.0,RENT,0
3600.0,24.3,722.0,NY,10.0,2015-12-01,0.0,13.99,C,41000.0,MORTGAGE,0
13825.0,19.2,672.0,NY,3.0,2015-12-01,0.0,11.48,B,61000.0,OWN,0
19300.0,38.94,677.0,HI,10.0,2015-12-01,0.0,22.45,F,46000.0,RENT,0
12000.0,13.11,687.0,VA,4.0,2015-12-01,0.0,8.49,B,160000.0,RENT,0
12000.0,7.98,697.0,FL,10.0,2015-12-01,0.0,6.99,A,172000.0,MORTGAGE,0
24000.0,28.74,682.0,VA,10.0,2015-12-01,0.0,14.85,C,72000.0,MORTGAGE,0
10000.0,3.4,712.0,LA,3.0,2015-12-01,0.0,10.78,B,52000.0,RENT,0
10000.0,9.13,692.0,WV,10.0,2015-12-01,1.0,9.17,B,100000.0,MORTGAGE,0
15000.0,31.92,682.0,WA,10.0,2015-12-01,0.0,11.99,C,41500.0,RENT,0
30000.0,6.21,687.0,NY,2.0,2015-12-01,0.0,16.59,D,300000.0,OWN,0
11400.0,28.26,667.0,CO,10.0,2015-12-01,1.0,19.48,E,69000.0,MORTGAGE,0
13400.0,21.75,737.0,VA,10.0,2015-12-01,0.0,9.17,B,53737.0,MORTGAGE,0
20000.0,15.06,662.0,NJ,10.0,2015-12-01,0.0,13.99,C,80000.0,MORTGAGE,0
4800.0,4.77,662.0,FL,9.0,2015-12-01,0.0,13.44,C,46000.0,MORTGAGE,0
33000.0,21.33,707.0,CO,1.0,2015-12-01,0.0,12.88,C,88000.0,RENT,0
11025.0,25.55,772.0,MA,2.0,2015-12-01,0.0,16.59,D,24000.0,OWN,0
15000.0,27.53,667.0,NY,10.0,2015-12-01,1.0,16.59,D,50000.0,OWN,0
25000.0,13.13,762.0,NY,,2015-12-01,0.0,17.27,D,72000.0,MORTGAGE,0
24500.0,21.82,732.0,NJ,,2015-12-01,1.0,8.49,B,83700.0,MORTGAGE,0
3500.0,8.84,667.0,OH,3.0,2015-12-01,0.0,14.85,C,30000.0,MORTGAGE,0
35000.0,13.03,677.0,UT,5.0,2015-12-01,0.0,12.88,C,101000.0,MORTGAGE,0
4000.0,18.44,717.0,MS,10.0,2015-12-01,0.0,7.91,A,48000.0,OWN,0
8000.0,14.06,692.0,OH,9.0,2015-12-01,0.0,11.99,C,35000.0,MORTGAGE,0
13500.0,20.54,667.0,MD,10.0,2015-12-01,0.0,11.48,B,55802.0,MORTGAGE,0
25000.0,20.92,672.0,NY,2.0,2015-12-01,1.0,15.77,D,60000.0,RENT,0
7100.0,12.87,677.0,WA,1.0,2015-12-01,0.0,15.77,D,33000.0,OWN,0
5875.0,18.87,687.0,NC,7.0,2015-12-01,0.0,13.99,C,14000.0,RENT,0
19275.0,20.72,697.0,FL,1.0,2015-12-01,0.0,14.85,C,50000.0,RENT,0
5600.0,11.76,672.0,CT,,2015-12-01,0.0,12.88,C,38000.0,RENT,0
10000.0,32.56,692.0,NY,3.0,2015-12-01,0.0,11.99,C,29600.0,RENT,0
18000.0,27.76,677.0,AZ,8.0,2015-12-01,0.0,19.89,E,60000.0,RENT,0
2775.0,24.71,677.0,WA,2.0,2015-12-01,0.0,19.48,E,34000.0,RENT,0
7500.0,5.15,677.0,PA,10.0,2015-12-01,0.0,8.49,B,95000.0,MORTGAGE,0
26850.0,32.24,707.0,GA,10.0,2015-12-01,0.0,17.27,D,58400.45,MORTGAGE,0
20000.0,27.48,667.0,DE,4.0,2015-12-01,1.0,12.88,C,50000.0,RENT,0
15000.0,26.85,742.0,CA,7.0,2015-12-01,0.0,8.49,B,120000.0,RENT,0
10875.0,24.3,667.0,PA,2.0,2015-12-01,0.0,8.49,B,85000.0,MORTGAGE,0
35000.0,16.66,702.0,CA,10.0,2015-12-01,1.0,12.88,C,85000.0,RENT,0
33000.0,18.19,662.0,MA,9.0,2015-12-01,0.0,13.99,C,72500.0,RENT,0
22000.0,12.35,727.0,CA,10.0,2015-12-01,0.0,10.78,B,58000.0,RENT,0
20000.0,27.92,682.0,WV,3.0,2015-12-01,0.0,10.78,B,60000.0,MORTGAGE,0
20000.0,19.82,677.0,NY,,2015-12-01,0.0,12.88,C,85000.0,RENT,0
10000.0,13.28,702.0,TX,10.0,2015-12-01,0.0,7.49,A,63000.0,MORTGAGE,0
6000.0,20.52,682.0,FL,1.0,2015-12-01,0.0,6.99,A,53000.0,RENT,0
13000.0,33.43,737.0,NY,10.0,2015-12-01,0.0,9.8,B,26000.0,RENT,0
3000.0,1.06,727.0,CO,10.0,2015-12-01,0.0,12.88,C,52000.0,MORTGAGE,0
35000.0,20.25,672.0,TX,7.0,2015-12-01,0.0,19.89,E,165000.0,RENT,0
5000.0,9.72,662.0,LA,10.0,2015-12-01,0.0,14.85,C,72000.0,MORTGAGE,0
25000.0,22.38,782.0,MN,10.0,2015-12-01,0.0,7.91,A,145000.0,MORTGAGE,0
3600.0,11.22,742.0,FL,10.0,2015-12-01,1.0,6.49,A,34000.0,MORTGAGE,0
24000.0,12.61,827.0,TX,5.0,2015-12-01,0.0,5.32,A,125000.0,MORTGAGE,0
15000.0,18.3,677.0,NY,4.0,2015-12-01,0.0,15.77,D,52000.0,MORTGAGE,0
10000.0,13.73,772.0,NC,10.0,2015-12-01,0.0,6.99,A,120000.0,MORTGAGE,0
14400.0,24.67,682.0,TX,10.0,2015-12-01,1.0,20.5,E,56000.0,MORTGAGE,0
21000.0,7.69,807.0,FL,10.0,2015-12-01,0.0,5.32,A,90000.0,MORTGAGE,0
5900.0,25.83,712.0,PA,3.0,2015-12-01,0.0,9.17,B,25000.0,RENT,0
9225.0,23.79,682.0,MD,3.0,2015-12-01,0.0,16.59,D,50000.0,RENT,0
12000.0,24.57,677.0,PA,,2015-12-01,1.0,8.49,B,36000.0,RENT,0
30000.0,23.03,712.0,TX,6.0,2015-12-01,0.0,7.91,A,72000.0,MORTGAGE,0
15725.0,21.3,702.0,MI,1.0,2015-12-01,0.0,15.77,D,75000.0,MORTGAGE,0
16800.0,32.55,702.0,GA,1.0,2015-12-01,0.0,12.88,C,80000.0,OWN,0
10000.0,5.72,762.0,NY,10.0,2015-12-01,0.0,6.49,A,108000.0,MORTGAGE,0
24000.0,31.83,667.0,OH,10.0,2015-12-01,0.0,13.99,C,52000.0,RENT,0
12000.0,17.37,692.0,CA,3.0,2015-12-01,0.0,9.17,B,95000.0,MORTGAGE,0
12000.0,24.83,662.0,FL,4.0,2015-12-01,0.0,18.49,D,36254.0,RENT,0
9000.0,17.66,707.0,NY,7.0,2015-12-01,0.0,11.99,C,80000.0,MORTGAGE,0
14500.0,24.89,717.0,WV,10.0,2015-12-01,0.0,13.99,C,50000.0,MORTGAGE,0
17750.0,13.49,682.0,FL,1.0,2015-12-01,0.0,13.99,C,76780.0,MORTGAGE,0
7000.0,21.46,692.0,CA,2.0,2015-12-01,0.0,11.99,C,50000.0,RENT,0
9075.0,37.02,667.0,IL,10.0,2015-12-01,0.0,18.49,D,40000.0,MORTGAGE,0
10000.0,36.0,707.0,CA,10.0,2015-12-01,0.0,14.85,C,65000.0,RENT,0
17000.0,15.55,702.0,MI,8.0,2015-12-01,0.0,7.91,A,70000.0,RENT,0
17000.0,7.43,667.0,MD,10.0,2015-12-01,0.0,13.44,C,120000.0,MORTGAGE,0
35000.0,28.96,682.0,VA,10.0,2015-12-01,0.0,6.0,F,140000.0,MORTGAGE,0
6000.0,7.76,717.0,NC,,2015-12-01,1.0,6.99,A,55500.0,OWN,0
19200.0,13.82,712.0,MN,10.0,2015-12-01,0.0,6.49,A,105000.0,MORTGAGE,0
1000.0,8.34,672.0,DE,5.0,2015-12-01,1.0,9.17,B,55000.0,MORTGAGE,0
14400.0,7.04,712.0,AL,10.0,2015-12-01,0.0,7.91,A,120000.0,MORTGAGE,0
35000.0,28.6,692.0,TX,1.0,2015-12-01,0.0,13.44,C,96000.0,RENT,0
35000.0,23.47,722.0,IL,10.0,2015-12-01,0.0,24.24,F,100000.0,MORTGAGE,0
7725.0,13.15,682.0,AL,6.0,2015-12-01,0.0,5.32,A,100000.0,MORTGAGE,0
21000.0,19.66,732.0,VA,9.0,2015-12-01,0.0,9.8,B,60000.0,MORTGAGE,0
9600.0,21.03,662.0,MD,10.0,2015-12-01,0.0,11.99,C,54375.0,MORTGAGE,0
22000.0,15.4,662.0,OH,2.0,2015-12-01,0.0,9.17,B,53000.0,OWN,0
10200.0,27.16,682.0,FL,1.0,2015-12-01,0.0,19.89,E,30000.0,RENT,0
19600.0,37.93,672.0,GA,2.0,2015-12-01,1.0,17.27,D,54000.0,OWN,0
24775.0,21.86,687.0,TX,2.0,2015-12-01,0.0,18.99,E,150000.0,RENT,0
8000.0,28.48,687.0,KS,2.0,2015-12-01,0.0,9.17,B,57600.0,RENT,0
25000.0,7.29,682.0,CA,10.0,2015-12-01,0.0,7.49,A,85000.0,RENT,0
35000.0,19.94,732.0,OK,10.0,2015-12-01,1.0,11.99,C,98000.0,MORTGAGE,0
5000.0,9.39,672.0,CT,3.0,2015-12-01,0.0,11.99,C,104000.0,RENT,0
14000.0,23.42,702.0,MA,10.0,2015-12-01,0.0,10.78,B,80000.0,OWN,0
16000.0,10.08,662.0,NY,10.0,2015-12-01,1.0,16.59,D,115000.0,OWN,0
5300.0,16.34,672.0,CA,3.0,2015-12-01,0.0,11.99,C,62000.0,MORTGAGE,0
9400.0,7.55,667.0,CA,8.0,2015-12-01,0.0,11.99,C,52000.0,RENT,0
1000.0,20.84,692.0,WA,9.0,2015-12-01,0.0,13.99,C,120000.0,OWN,0
21075.0,32.37,682.0,CA,1.0,2015-12-01,0.0,14.85,C,47900.0,RENT,0
18200.0,19.51,712.0,GA,10.0,2015-12-01,0.0,11.99,C,82000.0,MORTGAGE,0
28000.0,11.56,682.0,SC,10.0,2015-12-01,0.0,15.77,D,102000.0,MORTGAGE,0
12000.0,14.9,717.0,NY,5.0,2015-12-01,0.0,5.32,A,80000.0,RENT,0
15600.0,34.18,742.0,GA,10.0,2015-12-01,1.0,14.85,C,99000.0,MORTGAGE,0
22775.0,12.76,742.0,NC,2.0,2015-12-01,0.0,15.77,D,65000.0,MORTGAGE,0
12000.0,18.59,662.0,IL,1.0,2015-12-01,0.0,19.89,E,74000.0,MORTGAGE,0
16500.0,7.15,717.0,CA,10.0,2015-12-01,0.0,7.49,A,57225.0,RENT,0
7000.0,1.23,762.0,TX,10.0,2015-12-01,0.0,6.99,A,70000.0,OWN,0
16000.0,25.34,697.0,GA,1.0,2015-12-01,0.0,10.78,B,120000.0,RENT,0
27000.0,26.32,682.0,TX,1.0,2015-12-01,0.0,17.27,D,85000.0,RENT,0
20000.0,20.97,662.0,NY,3.0,2015-12-01,0.0,13.44,C,47000.0,RENT,0
8500.0,7.99,662.0,CA,10.0,2015-12-01,0.0,9.17,B,120000.0,RENT,0
15000.0,27.18,672.0,MS,3.0,2015-12-01,0.0,11.48,B,52000.0,OWN,0
4000.0,22.27,677.0,WI,,2015-12-01,0.0,9.17,B,20000.0,RENT,0
4600.0,12.87,697.0,FL,,2015-12-01,0.0,17.27,D,76000.0,MORTGAGE,0
15000.0,34.4,687.0,NY,3.0,2015-12-01,1.0,13.44,C,53000.0,OWN,0
15000.0,36.95,712.0,VA,1.0,2015-12-01,1.0,9.8,B,50000.0,RENT,0
35000.0,15.4,712.0,TX,,2015-12-01,0.0,18.49,D,73309.8,RENT,0
10000.0,26.14,687.0,GA,2.0,2015-12-01,0.0,9.17,B,46000.0,MORTGAGE,0
5000.0,23.46,702.0,CA,2.0,2015-12-01,0.0,13.44,C,47418.0,RENT,0
16000.0,18.4,662.0,NY,7.0,2015-12-01,0.0,10.78,B,130000.0,MORTGAGE,0
9375.0,19.27,677.0,AL,10.0,2015-12-01,1.0,18.49,D,83000.0,MORTGAGE,0
6000.0,11.72,697.0,TX,1.0,2015-12-01,0.0,11.48,B,51000.0,RENT,0
19800.0,22.72,672.0,TN,10.0,2015-12-01,0.0,16.59,D,45000.0,MORTGAGE,0
30000.0,20.45,712.0,CA,10.0,2015-12-01,0.0,10.78,B,125000.0,MORTGAGE,0
7050.0,21.23,747.0,MS,5.0,2015-12-01,1.0,13.44,C,18600.0,RENT,0
20000.0,24.73,677.0,RI,1.0,2015-12-01,1.0,13.99,C,64000.0,RENT,0
18575.0,8.27,662.0,SC,,2015-12-01,0.0,17.27,D,46000.0,MORTGAGE,0
9350.0,14.74,662.0,CO,1.0,2015-12-01,1.0,15.77,D,50000.0,RENT,0
8800.0,12.0,737.0,AK,1.0,2015-12-01,0.0,9.8,B,32000.0,MORTGAGE,0
31750.0,24.69,707.0,AZ,6.0,2015-12-01,0.0,15.77,D,80000.0,OWN,0
7200.0,20.76,667.0,NY,,2015-12-01,1.0,12.88,C,22140.0,RENT,0
20000.0,11.97,662.0,NJ,10.0,2015-12-01,0.0,10.78,B,89000.0,RENT,0
15000.0,20.09,672.0,CA,8.0,2015-12-01,1.0,10.78,B,143000.0,OWN,0
35000.0,15.09,702.0,WA,2.0,2015-12-01,0.0,17.27,D,110000.0,RENT,0
15000.0,21.63,682.0,GA,10.0,2015-12-01,0.0,11.99,C,65350.0,MORTGAGE,0
21150.0,20.22,687.0,WA,10.0,2015-12-01,0.0,11.99,C,47000.0,MORTGAGE,0
6000.0,19.8,662.0,MS,1.0,2015-12-01,0.0,14.85,C,90000.0,MORTGAGE,0
15000.0,15.23,672.0,CA,7.0,2015-12-01,0.0,10.78,B,35000.0,RENT,0
24000.0,24.58,727.0,GA,10.0,2015-12-01,0.0,10.78,B,105000.0,MORTGAGE,0
4475.0,9.23,677.0,MD,,2015-12-01,1.0,16.59,D,15732.0,RENT,0
11400.0,29.59,672.0,CA,3.0,2015-12-01,0.0,13.44,C,29000.0,RENT,0
9000.0,18.34,717.0,IL,4.0,2015-12-01,0.0,11.48,B,50000.0,MORTGAGE,0
10000.0,27.43,662.0,FL,7.0,2015-12-01,1.0,9.8,B,42000.0,RENT,0
14000.0,10.6,727.0,CA,2.0,2015-12-01,0.0,9.17,B,88000.0,MORTGAGE,0
15000.0,33.75,662.0,NJ,10.0,2015-12-01,0.0,9.8,B,90000.0,RENT,0
35000.0,12.37,687.0,FL,9.0,2015-12-01,0.0,12.88,C,150000.0,MORTGAGE,0
5000.0,9.27,722.0,CA,10.0,2015-12-01,0.0,15.77,D,47500.0,RENT,0
11700.0,6.08,742.0,LA,2.0,2015-12-01,0.0,5.32,A,120000.0,OWN,0
18000.0,8.0,672.0,TN,1.0,2015-12-01,1.0,13.99,C,60000.0,MORTGAGE,0
35000.0,25.07,742.0,OK,6.0,2015-12-01,1.0,19.89,E,103000.0,MORTGAGE,0
12000.0,12.94,662.0,IL,2.0,2015-12-01,0.0,17.97,D,140000.0,RENT,0
23000.0,20.92,737.0,TN,10.0,2015-12-01,0.0,5.32,A,90000.0,MORTGAGE,0
6000.0,23.57,707.0,CA,5.0,2015-12-01,0.0,9.17,B,45000.0,RENT,0
18000.0,32.92,702.0,FL,7.0,2015-12-01,1.0,11.99,C,67500.0,RENT,0
20000.0,28.07,722.0,CT,1.0,2015-12-01,0.0,10.78,B,48000.0,RENT,0
10400.0,12.96,712.0,NC,3.0,2015-12-01,0.0,7.91,A,55000.0,MORTGAGE,0
1000.0,12.76,667.0,CA,1.0,2015-12-01,1.0,9.17,B,65000.0,RENT,0
16000.0,16.16,712.0,MI,10.0,2015-12-01,0.0,9.8,B,50000.0,MORTGAGE,0
15000.0,9.79,742.0,TX,5.0,2015-12-01,0.0,6.49,A,150000.0,OWN,0
5600.0,14.4,672.0,MD,5.0,2015-12-01,0.0,14.85,C,26000.0,RENT,0
35000.0,33.07,677.0,TX,4.0,2015-12-01,0.0,20.5,E,52000.0,MORTGAGE,0
21600.0,28.18,722.0,MA,10.0,2015-12-01,0.0,14.85,C,78000.0,MORTGAGE,0
4000.0,25.24,732.0,AR,1.0,2015-12-01,1.0,11.48,B,35000.0,RENT,0
15400.0,10.53,662.0,CA,10.0,2015-12-01,0.0,18.99,E,94500.0,MORTGAGE,0
6025.0,3.92,667.0,MA,4.0,2015-12-01,0.0,12.88,C,38000.0,RENT,0
15000.0,24.92,682.0,FL,6.0,2015-12-01,0.0,9.8,B,56000.0,MORTGAGE,0
10000.0,30.71,727.0,MD,4.0,2015-12-01,0.0,9.17,B,50000.0,RENT,0
13500.0,7.37,707.0,CA,10.0,2015-12-01,0.0,7.49,A,90000.0,MORTGAGE,0
26000.0,13.22,727.0,WA,4.0,2015-12-01,0.0,11.99,C,100000.0,MORTGAGE,0
13600.0,8.33,702.0,MA,10.0,2015-12-01,0.0,15.77,D,123000.0,RENT,0
28000.0,10.94,677.0,GA,8.0,2015-12-01,0.0,12.88,C,140000.0,MORTGAGE,0
25000.0,20.48,727.0,SC,10.0,2015-12-01,0.0,14.85,C,60000.0,MORTGAGE,0
4975.0,11.17,662.0,CA,10.0,2015-12-01,1.0,11.99,C,55000.0,MORTGAGE,0
9925.0,35.77,692.0,NY,3.0,2015-12-01,0.0,11.48,B,90000.0,OWN,0
11000.0,3.97,752.0,NV,9.0,2015-12-01,0.0,5.32,A,85000.0,MORTGAGE,0
20150.0,34.29,717.0,OH,,2015-12-01,1.0,21.48,E,48000.0,MORTGAGE,0
12000.0,0.0,782.0,FL,,2015-12-01,0.0,18.49,D,48000.0,OWN,0
11750.0,18.28,667.0,FL,2.0,2015-12-01,0.0,12.88,C,28000.0,RENT,0
6175.0,21.57,672.0,CA,1.0,2015-12-01,0.0,16.59,D,35000.0,RENT,0
32000.0,15.38,687.0,OR,10.0,2015-12-01,0.0,13.44,C,126000.0,MORTGAGE,0
10000.0,14.71,662.0,CA,10.0,2015-12-01,0.0,9.8,B,98000.0,MORTGAGE,0
3750.0,8.96,662.0,NE,1.0,2015-12-01,0.0,10.78,B,30000.0,RENT,0
9000.0,15.85,662.0,TX,10.0,2015-12-01,0.0,11.48,B,88400.0,MORTGAGE,0
5600.0,28.04,717.0,CA,5.0,2015-12-01,0.0,9.8,B,50000.0,RENT,0
9525.0,25.5,682.0,FL,10.0,2015-12-01,0.0,15.77,D,68000.0,MORTGAGE,0
28000.0,11.85,662.0,CA,10.0,2015-12-01,1.0,13.99,C,98448.0,RENT,0
28000.0,18.59,722.0,AL,1.0,2015-12-01,0.0,8.49,B,60000.0,MORTGAGE,0
7000.0,15.14,687.0,MI,3.0,2015-12-01,0.0,6.99,A,68000.0,OWN,0
10000.0,19.13,687.0,TX,7.0,2015-12-01,0.0,10.78,B,34000.0,RENT,0
24000.0,19.55,757.0,HI,10.0,2015-12-01,0.0,5.32,A,110000.0,RENT,0
30000.0,27.28,672.0,PA,10.0,2015-12-01,0.0,25.09,F,120000.0,MORTGAGE,0
6000.0,5.57,717.0,NY,10.0,2015-12-01,0.0,9.17,B,44359.0,RENT,0
14000.0,30.43,682.0,MA,2.0,2015-12-01,0.0,15.77,D,45000.0,RENT,0
35000.0,14.62,692.0,TX,6.0,2015-12-01,0.0,13.44,C,108000.0,MORTGAGE,0
10750.0,38.57,662.0,AZ,10.0,2015-12-01,0.0,20.5,E,45000.0,MORTGAGE,0
20925.0,20.66,662.0,FL,10.0,2015-12-01,1.0,18.49,D,65000.0,MORTGAGE,0
5500.0,28.32,712.0,UT,10.0,2015-12-01,0.0,6.49,A,30000.0,MORTGAGE,0
6650.0,22.21,667.0,MA,,2015-12-01,1.0,17.27,D,18480.0,RENT,0
9600.0,9.65,677.0,NY,9.0,2015-12-01,0.0,9.17,B,50000.0,RENT,0
4800.0,28.6,702.0,NJ,,2015-12-01,0.0,6.49,A,65000.0,MORTGAGE,0
12000.0,24.98,672.0,CA,1.0,2015-12-01,1.0,18.49,D,48000.0,RENT,0
20000.0,23.46,727.0,AR,10.0,2015-12-01,1.0,15.77,D,110000.0,RENT,0
9500.0,15.03,737.0,LA,4.0,2015-12-01,0.0,17.27,D,36000.0,MORTGAGE,0
6000.0,12.05,682.0,LA,5.0,2015-12-01,0.0,14.85,C,22200.0,RENT,0
6500.0,9.94,692.0,CA,,2015-12-01,0.0,7.91,A,40000.0,RENT,0
7000.0,11.43,692.0,WA,10.0,2015-12-01,0.0,11.99,C,52000.0,RENT,0
11500.0,27.26,662.0,AZ,4.0,2015-12-01,1.0,13.44,C,56000.0,MORTGAGE,0
18000.0,17.48,697.0,NE,3.0,2015-12-01,0.0,13.44,C,55000.0,RENT,0
13500.0,12.85,692.0,CA,,2015-12-01,0.0,6.99,A,96000.0,MORTGAGE,0
16000.0,25.59,667.0,NV,6.0,2015-12-01,1.0,11.48,B,150000.0,MORTGAGE,0
28000.0,16.91,702.0,WI,10.0,2015-12-01,0.0,10.78,B,129000.0,MORTGAGE,0
3150.0,25.45,687.0,PA,8.0,2015-12-01,0.0,18.49,D,92000.0,OWN,0
21000.0,20.33,672.0,AL,5.0,2015-12-01,0.0,16.59,D,52000.0,MORTGAGE,0
19200.0,35.5,712.0,IL,10.0,2015-12-01,0.0,11.99,C,55000.0,RENT,0
5000.0,23.09,677.0,GA,1.0,2015-12-01,0.0,12.88,C,42000.0,OWN,0
18000.0,27.58,717.0,CT,1.0,2015-12-01,0.0,14.85,C,60000.0,OWN,0
3000.0,32.6,672.0,NY,10.0,2015-12-01,0.0,14.85,C,42000.0,MORTGAGE,0
28000.0,13.88,687.0,CT,8.0,2015-12-01,0.0,18.99,E,85000.0,MORTGAGE,0
35000.0,33.32,707.0,CT,10.0,2015-12-01,1.0,17.97,D,74600.0,RENT,0
20450.0,23.81,667.0,TX,3.0,2015-12-01,0.0,22.45,F,44500.0,RENT,0
10000.0,22.67,667.0,FL,,2015-12-01,1.0,8.49,B,35000.0,RENT,0
8000.0,16.71,692.0,TX,1.0,2015-12-01,0.0,6.49,A,62000.0,MORTGAGE,0
7200.0,39.74,672.0,NY,1.0,2015-12-01,0.0,16.59,D,20000.0,RENT,0
12000.0,16.45,727.0,LA,10.0,2015-12-01,0.0,6.49,A,54700.0,RENT,0
4000.0,38.95,662.0,NM,4.0,2015-12-01,1.0,12.88,C,70000.0,MORTGAGE,0
22400.0,35.4,682.0,FL,5.0,2015-12-01,1.0,25.09,F,98000.0,RENT,0
6000.0,31.03,677.0,CA,10.0,2015-12-01,0.0,13.44,C,20000.0,RENT,0
3725.0,25.51,697.0,CA,,2015-12-01,0.0,11.48,B,12420.0,RENT,0
16000.0,17.64,742.0,NY,10.0,2015-12-01,0.0,9.8,B,104000.0,RENT,0
14400.0,15.62,702.0,WA,10.0,2015-12-01,0.0,5.32,A,100000.0,OWN,0
32000.0,24.82,677.0,LA,4.0,2015-12-01,0.0,15.77,D,124000.0,RENT,0
35000.0,27.68,677.0,NY,10.0,2015-12-01,0.0,20.5,E,150000.0,MORTGAGE,0
8000.0,18.6,682.0,CT,1.0,2015-12-01,1.0,7.49,A,75000.0,RENT,0
13900.0,24.95,687.0,MI,5.0,2015-12-01,1.0,17.97,D,91000.0,MORTGAGE,0
16800.0,29.55,682.0,KS,10.0,2015-12-01,0.0,18.99,E,50000.0,MORTGAGE,0
20000.0,26.23,707.0,GA,,2015-12-01,0.0,5.32,A,60000.0,MORTGAGE,0
9475.0,19.24,677.0,MD,9.0,2015-12-01,1.0,12.88,C,90000.0,MORTGAGE,0
16000.0,2.0,752.0,CA,10.0,2015-12-01,0.0,15.77,D,80000.0,OWN,0
5000.0,6.1,692.0,MI,1.0,2015-12-01,0.0,7.91,A,60000.0,OWN,0
9500.0,32.22,667.0,CA,,2015-12-01,0.0,9.17,B,40000.0,OWN,0
11000.0,22.32,672.0,MI,5.0,2015-12-01,0.0,8.49,B,40000.0,MORTGAGE,0
28000.0,11.14,787.0,TX,10.0,2015-12-01,0.0,5.32,A,110000.0,MORTGAGE,0
2800.0,18.76,687.0,CA,10.0,2015-12-01,0.0,14.85,C,30639.0,MORTGAGE,0
17000.0,8.35,677.0,CA,10.0,2015-12-01,0.0,14.85,C,75000.0,RENT,0
20000.0,25.83,767.0,WI,10.0,2015-12-01,0.0,7.91,A,100000.0,MORTGAGE,0
16800.0,16.18,677.0,TN,4.0,2015-12-01,1.0,10.78,B,75000.0,RENT,0
15500.0,26.6,702.0,NC,3.0,2015-12-01,0.0,19.89,E,73000.0,MORTGAGE,0
12500.0,15.42,672.0,NV,1.0,2015-12-01,0.0,11.99,C,65000.0,MORTGAGE,0
30000.0,7.76,687.0,NY,1.0,2015-12-01,0.0,14.85,C,90000.0,OWN,0
10800.0,23.18,707.0,MN,10.0,2015-12-01,1.0,11.99,C,75000.0,MORTGAGE,0
24000.0,19.56,702.0,WA,1.0,2015-12-01,0.0,9.17,B,112000.0,RENT,0
18000.0,9.75,662.0,FL,3.0,2015-12-01,0.0,10.78,B,68000.0,MORTGAGE,0
28000.0,10.81,732.0,DC,7.0,2015-12-01,0.0,6.99,A,95000.0,RENT,0
14000.0,15.6,727.0,OH,8.0,2015-12-01,1.0,13.44,C,52000.0,MORTGAGE,0
6050.0,36.0,682.0,GA,10.0,2015-12-01,0.0,17.97,D,48000.0,RENT,0
28000.0,17.44,772.0,TX,10.0,2015-12-01,0.0,7.91,A,250000.0,MORTGAGE,0
12000.0,3.17,667.0,NY,10.0,2015-12-01,1.0,9.17,B,87000.0,RENT,0
12000.0,4.65,707.0,FL,1.0,2015-12-01,0.0,11.48,B,80000.0,MORTGAGE,0
14000.0,22.56,767.0,NY,10.0,2015-12-01,0.0,6.99,A,51914.0,MORTGAGE,0
16000.0,17.95,662.0,MO,1.0,2015-12-01,0.0,15.77,D,65000.0,MORTGAGE,0
18700.0,36.07,662.0,NC,1.0,2015-12-01,1.0,17.27,D,52000.0,RENT,0
24000.0,14.97,742.0,TX,3.0,2015-12-01,0.0,6.49,A,90000.0,MORTGAGE,0
8000.0,13.55,787.0,CA,8.0,2015-12-01,0.0,5.32,A,85000.0,MORTGAGE,0
12000.0,31.86,672.0,IN,4.0,2015-12-01,0.0,9.17,B,55000.0,MORTGAGE,0
12000.0,20.93,682.0,IN,7.0,2015-12-01,0.0,11.48,B,75000.0,MORTGAGE,0
35000.0,9.0,732.0,MI,4.0,2015-12-01,0.0,11.48,B,200000.0,RENT,0
18900.0,27.16,717.0,TX,2.0,2015-12-01,0.0,13.44,C,73600.0,RENT,0
19200.0,21.15,712.0,NJ,6.0,2015-12-01,1.0,15.77,D,40000.0,RENT,0
10000.0,6.0,707.0,FL,3.0,2015-12-01,0.0,6.49,A,51000.0,RENT,0
20000.0,16.08,707.0,VT,4.0,2015-12-01,0.0,11.48,B,90000.0,RENT,0
1400.0,14.52,682.0,VA,1.0,2015-12-01,0.0,17.27,D,39000.0,RENT,0
5000.0,12.85,677.0,CA,4.0,2015-12-01,0.0,11.99,C,48000.0,RENT,0
24000.0,11.63,672.0,NY,10.0,2015-12-01,0.0,9.17,B,62000.0,RENT,0
10000.0,7.05,687.0,OR,10.0,2015-12-01,0.0,10.78,B,48000.0,MORTGAGE,0
10000.0,2.23,677.0,TX,10.0,2015-12-01,1.0,13.44,C,55000.0,MORTGAGE,0
28750.0,18.38,692.0,CA,7.0,2015-12-01,0.0,15.77,D,79634.0,RENT,0
10000.0,21.67,717.0,CA,,2015-12-01,0.0,9.8,B,20000.0,OWN,0
10000.0,27.93,662.0,CA,10.0,2015-12-01,0.0,12.88,C,40000.0,RENT,0
35000.0,23.63,677.0,WI,,2015-12-01,0.0,12.88,C,85000.0,MORTGAGE,0
10000.0,17.71,672.0,CA,1.0,2015-12-01,0.0,9.17,B,75000.0,MORTGAGE,0
35000.0,18.88,717.0,MD,4.0,2015-12-01,0.0,8.49,B,150000.0,MORTGAGE,0
24475.0,26.36,742.0,NJ,,2015-12-01,0.0,11.99,C,68000.0,OWN,0
13000.0,8.71,747.0,NM,10.0,2015-12-01,0.0,5.32,A,104000.0,MORTGAGE,0
5000.0,22.58,752.0,TX,10.0,2015-12-01,0.0,6.49,A,32000.0,OWN,0
3200.0,13.57,687.0,FL,4.0,2015-12-01,0.0,11.99,C,39000.0,RENT,0
11300.0,21.11,732.0,CA,2.0,2015-12-01,0.0,6.49,A,74000.0,MORTGAGE,0
15000.0,25.09,667.0,CT,1.0,2015-12-01,0.0,16.59,D,110000.0,MORTGAGE,0
28000.0,6.3,697.0,CA,7.0,2015-12-01,0.0,13.99,C,110400.0,MORTGAGE,0
6400.0,24.07,692.0,CA,2.0,2015-12-01,0.0,13.99,C,20000.0,RENT,0
25000.0,16.41,667.0,TN,2.0,2015-12-01,1.0,11.99,C,84000.0,RENT,0
6000.0,9.0,717.0,NY,10.0,2015-12-01,0.0,9.17,B,74000.0,RENT,0
20000.0,9.92,677.0,AK,1.0,2015-12-01,0.0,15.77,D,60000.0,RENT,0
4200.0,8.96,667.0,NY,2.0,2015-12-01,0.0,19.48,E,60000.0,RENT,0
20000.0,12.24,672.0,CA,1.0,2015-12-01,0.0,13.99,C,60000.0,RENT,0
10000.0,12.83,712.0,NY,,2015-12-01,0.0,7.49,A,27788.0,RENT,0
10000.0,5.8,672.0,NY,3.0,2015-12-01,0.0,9.8,B,55000.0,RENT,0
7500.0,12.27,722.0,FL,10.0,2015-12-01,0.0,6.99,A,68000.0,MORTGAGE,0
18000.0,18.21,727.0,TX,8.0,2015-12-01,0.0,13.44,C,80000.0,MORTGAGE,0
15000.0,18.44,712.0,NY,1.0,2015-12-01,0.0,13.44,C,60000.0,RENT,0
15000.0,19.95,712.0,CA,1.0,2015-12-01,0.0,9.8,B,60000.0,RENT,0
4575.0,36.33,677.0,TX,10.0,2015-12-01,0.0,17.27,D,40000.0,MORTGAGE,0
10000.0,17.63,692.0,IL,10.0,2015-12-01,0.0,10.64,B,45000.0,MORTGAGE,0
17750.0,21.01,682.0,IN,1.0,2015-12-01,1.0,19.48,E,66600.0,MORTGAGE,0
15000.0,9.35,677.0,CA,,2015-12-01,0.0,8.49,B,58000.0,MORTGAGE,0
20000.0,20.67,712.0,TX,5.0,2015-12-01,0.0,7.91,A,75000.0,MORTGAGE,0
21000.0,7.98,667.0,CA,8.0,2015-12-01,0.0,8.49,B,130000.0,MORTGAGE,0
13000.0,9.42,727.0,FL,7.0,2015-12-01,0.0,7.91,A,52000.0,MORTGAGE,0
16400.0,4.51,667.0,WI,3.0,2015-12-01,0.0,15.77,D,41000.0,MORTGAGE,0
14000.0,23.56,707.0,IN,10.0,2015-12-01,0.0,8.49,B,38000.0,OWN,0
5500.0,22.78,677.0,CA,5.0,2015-12-01,0.0,16.59,D,95000.0,RENT,0
15500.0,5.94,662.0,KS,9.0,2015-12-01,0.0,9.17,B,80000.0,RENT,0
28000.0,19.65,702.0,WI,10.0,2015-12-01,0.0,22.45,F,65000.0,OWN,0
35000.0,5.49,772.0,NY,1.0,2015-12-01,0.0,8.49,B,100000.0,MORTGAGE,0
18000.0,15.02,697.0,FL,7.0,2015-12-01,0.0,9.17,B,75000.0,MORTGAGE,0
3000.0,3.53,702.0,CA,3.0,2015-12-01,0.0,11.48,B,55000.0,MORTGAGE,0
8450.0,7.38,702.0,TX,10.0,2015-12-01,0.0,6.99,A,67000.0,MORTGAGE,0
15000.0,18.84,677.0,AL,8.0,2015-12-01,0.0,15.77,D,30000.0,OWN,0
10000.0,8.41,682.0,WA,1.0,2015-12-01,0.0,9.8,B,100000.0,MORTGAGE,0
10925.0,18.6,662.0,CA,10.0,2015-12-01,1.0,23.13,F,58000.0,RENT,0
12000.0,39.42,677.0,AL,2.0,2015-12-01,1.0,17.97,D,38000.0,RENT,0
30000.0,15.21,692.0,TX,3.0,2015-12-01,0.0,19.89,E,95000.0,MORTGAGE,0
13800.0,26.02,677.0,FL,10.0,2015-12-01,0.0,18.99,E,70000.0,RENT,0
13000.0,7.17,772.0,NC,6.0,2015-12-01,0.0,6.49,A,94000.0,MORTGAGE,0
6400.0,30.91,692.0,NY,1.0,2015-12-01,0.0,24.24,F,20000.0,RENT,0
17000.0,8.04,667.0,CA,2.0,2015-12-01,0.0,15.77,D,81000.0,MORTGAGE,0
17750.0,29.52,682.0,CA,8.0,2015-12-01,0.0,8.49,B,65000.0,MORTGAGE,0
15000.0,14.35,667.0,NJ,4.0,2015-12-01,0.0,11.48,B,65000.0,MORTGAGE,0
35000.0,5.54,752.0,CA,10.0,2015-12-01,0.0,8.49,B,86000.0,MORTGAGE,0
2000.0,16.53,662.0,WV,,2015-12-01,0.0,19.89,E,35000.0,MORTGAGE,0
13650.0,5.73,672.0,CA,1.0,2015-12-01,1.0,18.49,D,144000.0,MORTGAGE,0
2425.0,17.11,677.0,NV,9.0,2015-12-01,0.0,18.99,E,20000.0,RENT,0
24000.0,28.7,717.0,NV,10.0,2015-12-01,0.0,7.49,A,100000.0,RENT,0
12000.0,16.99,692.0,MS,10.0,2015-12-01,0.0,13.44,C,50000.0,MORTGAGE,0
30000.0,13.07,672.0,NJ,4.0,2015-12-01,0.0,10.78,B,105000.0,MORTGAGE,0
5400.0,9.35,682.0,KS,10.0,2015-12-01,0.0,13.99,C,102000.0,MORTGAGE,0
6000.0,18.96,697.0,NC,1.0,2015-12-01,0.0,11.99,C,50000.0,OWN,0
3000.0,9.47,702.0,CA,10.0,2015-12-01,0.0,12.88,C,45000.0,RENT,0
22225.0,19.04,702.0,PA,5.0,2015-12-01,1.0,22.45,F,58000.0,RENT,0
6300.0,7.84,772.0,NY,,2015-12-01,0.0,6.99,A,15612.0,RENT,0
15000.0,28.31,672.0,WV,10.0,2015-12-01,0.0,11.99,C,58000.0,RENT,0
19375.0,16.88,677.0,MS,10.0,2015-12-01,0.0,23.13,F,145000.0,MORTGAGE,0
35000.0,36.91,722.0,NJ,10.0,2015-12-01,1.0,13.99,C,91000.0,RENT,0
12000.0,22.4,717.0,MT,10.0,2015-12-01,0.0,6.99,A,24000.0,OWN,0
12000.0,15.68,707.0,ND,10.0,2015-12-01,0.0,8.49,B,80000.0,MORTGAGE,0
5000.0,17.23,717.0,CT,10.0,2015-12-01,0.0,6.99,A,75000.0,MORTGAGE,0
10000.0,18.75,692.0,DC,10.0,2015-12-01,0.0,13.99,C,250000.0,MORTGAGE,0
35000.0,11.55,742.0,CA,8.0,2015-12-01,0.0,14.85,C,105000.0,RENT,0
7000.0,15.52,682.0,WI,1.0,2015-12-01,0.0,11.48,B,41000.0,MORTGAGE,0
6000.0,9.08,732.0,CA,8.0,2015-12-01,0.0,6.99,A,51000.0,MORTGAGE,0
13000.0,25.54,762.0,GA,,2015-12-01,0.0,7.49,A,65000.0,MORTGAGE,0
28975.0,36.79,702.0,NJ,10.0,2015-12-01,1.0,13.44,C,95000.0,MORTGAGE,0
15000.0,11.19,687.0,NV,4.0,2015-12-01,1.0,11.99,C,80000.0,MORTGAGE,0
25000.0,83.64,682.0,AL,2.0,2015-12-01,0.0,20.5,E,19800.0,MORTGAGE,0
12000.0,27.21,777.0,MN,8.0,2015-12-01,0.0,5.32,A,80000.0,MORTGAGE,0
18400.0,31.32,672.0,SC,2.0,2015-12-01,1.0,24.24,F,40000.0,RENT,0
20000.0,14.69,672.0,NY,10.0,2015-12-01,0.0,8.49,B,75000.0,RENT,0
19400.0,17.17,672.0,OH,10.0,2015-12-01,0.0,17.97,D,78000.0,MORTGAGE,0
6000.0,22.73,687.0,NJ,2.0,2015-12-01,0.0,7.49,A,50000.0,RENT,0
23800.0,31.62,677.0,TX,4.0,2015-12-01,1.0,15.77,D,62500.0,RENT,0
14275.0,17.58,667.0,CA,10.0,2015-12-01,1.0,16.59,D,60292.3,MORTGAGE,0
4000.0,12.6,667.0,FL,6.0,2015-12-01,0.0,11.48,B,42000.0,MORTGAGE,0
21000.0,18.88,722.0,GA,2.0,2015-12-01,0.0,5.32,A,124000.0,MORTGAGE,0
10925.0,17.59,667.0,FL,10.0,2015-12-01,0.0,19.48,E,84000.0,RENT,0
3000.0,26.27,722.0,NY,10.0,2015-12-01,0.0,15.77,D,36000.0,RENT,0
27275.0,15.87,687.0,NV,10.0,2015-12-01,0.0,14.85,C,62000.0,RENT,0
7675.0,18.7,682.0,NC,8.0,2015-12-01,1.0,18.49,D,50000.0,MORTGAGE,0
22000.0,21.61,682.0,MT,10.0,2015-12-01,0.0,13.99,C,63000.0,MORTGAGE,0
6000.0,13.27,672.0,MI,3.0,2015-12-01,0.0,8.49,B,90000.0,MORTGAGE,0
15200.0,30.8,767.0,MO,6.0,2015-12-01,0.0,7.91,A,38000.0,MORTGAGE,0
20000.0,13.81,662.0,FL,10.0,2015-12-01,0.0,13.99,C,65000.0,MORTGAGE,0
14400.0,17.7,782.0,AL,10.0,2015-12-01,0.0,6.49,A,40000.0,OWN,0
14400.0,26.38,682.0,KY,4.0,2015-12-01,1.0,9.8,B,200000.0,MORTGAGE,0
6400.0,5.01,687.0,OK,1.0,2015-12-01,1.0,11.99,C,40000.0,RENT,0
26400.0,9.45,697.0,NY,10.0,2015-12-01,0.0,10.78,B,146000.0,MORTGAGE,0
15000.0,29.84,712.0,IN,5.0,2015-12-01,0.0,8.49,B,50000.0,MORTGAGE,0
24000.0,6.76,807.0,FL,10.0,2015-12-01,0.0,13.44,C,90000.0,MORTGAGE,0
3600.0,23.89,732.0,TX,4.0,2015-12-01,0.0,9.17,B,140000.0,MORTGAGE,0
28000.0,20.51,672.0,CA,1.0,2015-12-01,0.0,13.44,C,125000.0,RENT,0
35000.0,25.46,682.0,WA,10.0,2015-12-01,0.0,13.44,C,120000.0,MORTGAGE,0
30000.0,20.18,732.0,AZ,10.0,2015-12-01,0.0,7.91,A,110000.0,OWN,0
12000.0,9.55,777.0,NY,10.0,2015-12-01,0.0,5.32,A,112000.0,OWN,0
22000.0,9.32,702.0,FL,10.0,2015-12-01,1.0,8.49,B,110000.0,MORTGAGE,0
18000.0,15.05,702.0,FL,,2015-12-01,0.0,10.78,B,87000.0,OWN,0
12000.0,16.08,757.0,NC,10.0,2015-12-01,0.0,6.99,A,50148.0,MORTGAGE,0
6000.0,29.0,792.0,NC,8.0,2015-12-01,0.0,6.49,A,55000.0,MORTGAGE,0
6600.0,33.63,727.0,TX,2.0,2015-12-01,0.0,11.99,C,45000.0,OWN,0
20000.0,29.55,677.0,CA,1.0,2015-12-01,1.0,9.8,B,60000.0,RENT,0
6000.0,6.78,692.0,NY,4.0,2015-12-01,0.0,9.8,B,37000.0,MORTGAGE,0
28000.0,8.73,682.0,NY,10.0,2015-12-01,0.0,6.49,A,137000.0,OWN,0
13000.0,30.76,692.0,FL,10.0,2015-12-01,1.0,12.88,C,65000.0,MORTGAGE,0
12000.0,7.63,677.0,ME,1.0,2015-12-01,0.0,11.48,B,45000.0,RENT,0
1000.0,4.04,662.0,TN,2.0,2015-12-01,0.0,9.8,B,22880.0,MORTGAGE,0
3200.0,12.6,707.0,CA,10.0,2015-12-01,0.0,9.8,B,50000.0,RENT,0
24000.0,23.06,752.0,AZ,6.0,2015-12-01,0.0,7.91,A,91000.0,MORTGAGE,0
20000.0,14.97,722.0,CA,9.0,2015-12-01,1.0,13.99,C,63500.0,OWN,0
24000.0,26.14,702.0,CA,7.0,2015-12-01,1.0,18.49,D,105000.0,RENT,0
14500.0,20.98,682.0,NJ,8.0,2015-12-01,0.0,10.78,B,62000.0,RENT,0
16000.0,15.39,777.0,CO,7.0,2015-12-01,0.0,9.8,B,190000.0,MORTGAGE,0
25000.0,36.87,677.0,NY,6.0,2015-12-01,0.0,17.97,D,90000.0,OWN,0
12000.0,19.17,697.0,CA,9.0,2015-12-01,0.0,9.8,B,40000.0,RENT,0
8000.0,21.74,682.0,CA,3.0,2015-12-01,0.0,15.77,D,65899.0,RENT,0
18000.0,11.81,737.0,AR,7.0,2015-12-01,0.0,8.49,B,175000.0,MORTGAGE,0
2000.0,25.01,702.0,VA,10.0,2015-12-01,1.0,9.8,B,52500.0,MORTGAGE,0
5000.0,37.06,707.0,TX,10.0,2015-12-01,0.0,10.78,B,58000.0,MORTGAGE,0
5775.0,20.34,672.0,IL,6.0,2015-12-01,1.0,18.99,E,40000.0,MORTGAGE,0
9000.0,9.81,682.0,CA,4.0,2015-12-01,0.0,9.17,B,80000.0,RENT,0
10000.0,10.97,667.0,PA,1.0,2015-12-01,0.0,19.89,E,29000.0,MORTGAGE,0
15000.0,24.28,757.0,OR,10.0,2015-12-01,0.0,9.8,B,53000.0,MORTGAGE,0
4500.0,23.49,707.0,CA,10.0,2015-12-01,0.0,13.44,C,42000.0,OWN,0
1000.0,13.17,667.0,MD,5.0,2015-12-01,0.0,9.8,B,40000.0,MORTGAGE,0
28000.0,5.4,752.0,TX,2.0,2015-12-01,0.0,7.91,A,165000.0,MORTGAGE,0
11200.0,22.59,682.0,AZ,10.0,2015-12-01,0.0,13.99,C,75000.0,RENT,0
33000.0,11.04,677.0,NY,10.0,2015-12-01,0.0,17.97,D,75000.0,OWN,0
9600.0,10.24,692.0,NY,10.0,2015-12-01,0.0,13.99,C,60000.0,MORTGAGE,0
6000.0,17.06,697.0,FL,10.0,2015-12-01,0.0,12.88,C,38969.0,RENT,0
2000.0,20.16,692.0,WA,,2015-12-01,0.0,24.24,F,13692.0,RENT,0
5000.0,0.0,767.0,GA,4.0,2015-12-01,0.0,8.49,B,50000.0,MORTGAGE,0
20000.0,16.56,767.0,PA,10.0,2015-12-01,0.0,5.32,A,120000.0,MORTGAGE,0
4500.0,20.96,762.0,AZ,1.0,2015-12-01,0.0,6.49,A,50000.0,RENT,0
10000.0,24.08,732.0,UT,1.0,2015-12-01,0.0,11.48,B,45000.0,RENT,0
14000.0,26.97,692.0,TN,3.0,2015-12-01,1.0,16.59,D,57000.0,MORTGAGE,0
6025.0,9.39,742.0,MA,2.0,2015-12-01,0.0,10.78,B,62000.0,MORTGAGE,0
9600.0,8.29,677.0,CA,10.0,2015-12-01,0.0,8.49,B,115000.0,MORTGAGE,0
10000.0,16.25,727.0,TN,10.0,2015-12-01,0.0,6.99,A,39000.0,OWN,0
11200.0,3.71,687.0,CA,4.0,2015-12-01,0.0,13.99,C,110000.0,OWN,0
7000.0,15.79,682.0,FL,10.0,2015-12-01,0.0,11.48,B,120000.0,RENT,0
12000.0,17.81,662.0,CA,1.0,2015-12-01,0.0,9.17,B,72000.0,MORTGAGE,0
24000.0,8.24,672.0,NJ,8.0,2015-12-01,0.0,12.88,C,57000.0,RENT,0
12225.0,16.11,682.0,NJ,1.0,2015-12-01,1.0,18.49,D,120000.0,MORTGAGE,0
7000.0,12.24,677.0,CA,2.0,2015-12-01,0.0,14.85,C,85000.0,RENT,0
19725.0,37.22,667.0,MN,10.0,2015-12-01,1.0,21.48,E,47000.0,RENT,0
19175.0,20.1,682.0,NY,2.0,2015-12-01,0.0,16.59,D,74000.0,RENT,0
9600.0,27.66,662.0,CO,4.0,2015-12-01,0.0,16.59,D,155000.0,MORTGAGE,0
6000.0,18.81,762.0,CA,10.0,2015-12-01,0.0,7.49,A,74000.0,MORTGAGE,0
11200.0,38.02,672.0,TN,7.0,2015-12-01,1.0,18.49,D,29700.0,RENT,0
12000.0,28.74,672.0,CA,4.0,2015-12-01,1.0,20.5,E,35000.0,RENT,0
35000.0,18.18,717.0,FL,5.0,2015-12-01,0.0,17.27,D,95000.0,MORTGAGE,0
5000.0,20.83,662.0,KS,4.0,2015-12-01,1.0,13.99,C,65000.0,OWN,0
10800.0,4.85,707.0,TX,10.0,2015-12-01,0.0,12.88,C,46000.0,OWN,0
24000.0,17.98,712.0,AL,9.0,2015-12-01,0.0,11.48,B,97000.0,MORTGAGE,0
25000.0,29.26,747.0,IL,3.0,2015-12-01,0.0,7.91,A,70000.0,MORTGAGE,0
10000.0,18.8,682.0,NY,10.0,2015-12-01,0.0,13.99,C,35000.0,RENT,0
30000.0,11.29,752.0,VA,3.0,2015-12-01,0.0,11.99,C,84000.0,MORTGAGE,0
30000.0,13.54,677.0,AL,7.0,2015-12-01,0.0,12.88,C,160000.0,MORTGAGE,0
30000.0,8.25,662.0,NY,10.0,2015-12-01,1.0,14.85,C,110000.0,MORTGAGE,0
10000.0,24.37,662.0,NY,10.0,2015-12-01,0.0,10.78,B,61500.0,MORTGAGE,0
12000.0,17.44,762.0,NY,2.0,2015-12-01,0.0,5.32,A,75000.0,RENT,0
8000.0,6.94,762.0,MA,3.0,2015-12-01,0.0,9.8,B,100000.0,RENT,0
14400.0,38.28,717.0,CA,1.0,2015-12-01,0.0,14.85,C,40000.0,RENT,0
12000.0,18.94,702.0,MI,2.0,2015-12-01,0.0,6.99,A,46000.0,MORTGAGE,0
6000.0,30.19,687.0,TX,1.0,2015-12-01,0.0,10.78,B,20000.0,RENT,0
30000.0,22.51,712.0,TX,10.0,2015-12-01,0.0,11.99,C,175000.0,MORTGAGE,0
28000.0,16.61,672.0,PA,1.0,2015-12-01,0.0,14.85,C,96000.0,RENT,0
12000.0,12.94,677.0,IL,10.0,2015-12-01,0.0,9.17,B,70000.0,MORTGAGE,0
17500.0,14.64,672.0,SC,1.0,2015-12-01,0.0,13.44,C,51000.0,RENT,0
12000.0,26.09,727.0,NY,3.0,2015-12-01,1.0,13.99,C,38500.0,RENT,0
28000.0,12.62,662.0,GA,7.0,2015-12-01,0.0,17.27,D,125000.0,MORTGAGE,0
16000.0,18.42,682.0,KY,10.0,2015-12-01,0.0,9.8,B,54000.0,MORTGAGE,0
24000.0,17.92,702.0,GA,1.0,2015-12-01,1.0,13.99,C,125000.0,MORTGAGE,0
12000.0,10.08,707.0,VT,10.0,2015-12-01,0.0,10.78,B,63000.0,RENT,0
6000.0,10.14,737.0,NY,10.0,2015-12-01,0.0,6.99,A,42000.0,MORTGAGE,0
10000.0,18.98,667.0,FL,,2015-12-01,1.0,11.99,C,55952.0,OWN,0
18000.0,24.69,667.0,MD,10.0,2015-12-01,0.0,8.49,B,75000.0,OWN,0
18025.0,20.4,672.0,IL,3.0,2015-12-01,0.0,20.5,E,54000.0,RENT,0
6500.0,15.07,687.0,TX,1.0,2015-12-01,0.0,9.8,B,59500.0,RENT,0
1200.0,16.36,662.0,AZ,,2015-12-01,0.0,12.88,C,30000.0,RENT,0
22000.0,12.89,707.0,AZ,10.0,2015-12-01,0.0,9.17,B,108000.0,MORTGAGE,0
35000.0,25.67,687.0,IL,1.0,2015-12-01,0.0,13.44,C,80000.0,OWN,0
30000.0,24.5,667.0,CA,3.0,2015-12-01,0.0,23.13,F,140000.0,MORTGAGE,0
7500.0,10.26,687.0,NJ,10.0,2015-12-01,0.0,6.99,A,80000.0,MORTGAGE,0
5000.0,20.94,662.0,NJ,1.0,2015-12-01,0.0,13.44,C,40000.0,RENT,0
5000.0,30.1,697.0,NY,5.0,2015-12-01,1.0,14.85,C,53000.0,OWN,0
20000.0,33.77,672.0,SC,10.0,2015-12-01,1.0,23.13,F,65000.0,MORTGAGE,0
9600.0,36.49,712.0,MN,10.0,2015-12-01,0.0,11.99,C,103000.0,MORTGAGE,0
8000.0,10.27,662.0,TN,6.0,2015-12-01,0.0,9.17,B,65000.0,OWN,0
10000.0,29.55,662.0,WI,1.0,2015-12-01,0.0,19.48,E,62000.0,MORTGAGE,0
21000.0,18.62,687.0,OH,2.0,2015-12-01,0.0,10.78,B,74196.0,RENT,0
25000.0,9.36,662.0,NY,10.0,2015-12-01,0.0,14.85,C,240000.0,MORTGAGE,0
28000.0,11.71,717.0,MT,10.0,2015-12-01,0.0,5.32,A,150000.0,RENT,0
4000.0,13.51,702.0,NY,6.0,2015-12-01,0.0,11.48,B,51000.0,MORTGAGE,0
6225.0,16.06,662.0,TX,3.0,2015-12-01,1.0,27.49,G,42000.0,RENT,0
1200.0,22.53,682.0,CO,9.0,2015-12-01,0.0,15.77,D,40000.0,RENT,0
4550.0,29.42,662.0,NC,10.0,2015-12-01,0.0,14.85,C,39000.0,MORTGAGE,0
14400.0,13.41,667.0,MN,10.0,2015-12-01,0.0,11.48,B,45000.0,MORTGAGE,0
7800.0,14.96,707.0,NC,4.0,2015-12-01,0.0,9.8,B,60000.0,MORTGAGE,0
21625.0,29.84,687.0,NY,6.0,2015-12-01,0.0,24.24,F,80000.0,MORTGAGE,0
6000.0,6.78,662.0,CA,10.0,2015-12-01,0.0,14.85,C,80000.0,RENT,0
14000.0,17.7,662.0,CA,3.0,2015-12-01,0.0,11.48,B,55000.0,RENT,0
10000.0,8.82,677.0,OH,5.0,2015-12-01,0.0,13.44,C,66000.0,OWN,0
7200.0,20.79,687.0,WI,4.0,2015-12-01,0.0,9.8,B,53000.0,MORTGAGE,0
17275.0,34.27,727.0,PA,4.0,2015-12-01,1.0,19.48,E,56000.0,MORTGAGE,0
30000.0,13.46,667.0,CA,9.0,2015-12-01,1.0,13.99,C,83000.0,RENT,0
4525.0,21.31,682.0,TX,10.0,2015-12-01,0.0,12.88,C,70000.0,RENT,0
20000.0,25.99,707.0,SC,4.0,2015-12-01,0.0,13.44,C,65000.0,MORTGAGE,0
15000.0,25.49,662.0,ME,4.0,2015-12-01,1.0,17.27,D,60500.0,MORTGAGE,0
20000.0,8.84,717.0,MI,1.0,2015-12-01,0.0,22.45,F,110000.0,RENT,0
26400.0,38.14,712.0,KS,10.0,2015-12-01,1.0,11.48,B,127700.0,OWN,0
12000.0,18.1,702.0,OK,1.0,2015-12-01,1.0,8.49,B,60000.0,RENT,0
35000.0,7.48,667.0,MN,8.0,2015-12-01,1.0,11.99,C,400000.0,MORTGAGE,0
10000.0,12.7,727.0,AZ,1.0,2015-12-01,0.0,6.99,A,50000.0,MORTGAGE,0
8000.0,28.5,672.0,FL,8.0,2015-12-01,0.0,10.78,B,40000.0,RENT,0
21000.0,23.39,707.0,NC,3.0,2015-12-01,0.0,7.91,A,110000.0,MORTGAGE,0
10000.0,15.16,727.0,AL,10.0,2015-12-01,0.0,7.49,A,70200.0,MORTGAGE,0
10000.0,32.75,682.0,FL,1.0,2015-12-01,1.0,13.44,C,25500.0,RENT,0
17000.0,23.63,667.0,CA,10.0,2015-12-01,0.0,8.49,B,75000.0,RENT,0
15000.0,16.31,667.0,CA,1.0,2015-12-01,0.0,10.78,B,65000.0,RENT,0
10000.0,11.17,677.0,MD,3.0,2015-12-01,0.0,22.45,F,45000.0,RENT,0
4650.0,34.02,712.0,CA,10.0,2015-12-01,0.0,12.88,C,26248.0,MORTGAGE,0
12000.0,34.43,722.0,MD,10.0,2015-12-01,0.0,8.49,B,85567.0,MORTGAGE,0
35000.0,18.99,707.0,PA,9.0,2015-12-01,0.0,15.77,D,85000.0,MORTGAGE,0
5000.0,23.48,707.0,AZ,10.0,2015-12-01,0.0,8.49,B,49890.0,RENT,0
20000.0,35.51,662.0,NJ,10.0,2015-12-01,0.0,15.77,D,68000.0,MORTGAGE,0
7000.0,16.54,767.0,NY,10.0,2015-12-01,0.0,11.48,B,50000.0,MORTGAGE,0
5000.0,9.71,687.0,FL,10.0,2015-12-01,0.0,13.99,C,40000.0,RENT,0
9000.0,12.85,677.0,GA,4.0,2015-12-01,0.0,11.48,B,65000.0,MORTGAGE,0
20000.0,11.42,732.0,NJ,6.0,2015-12-01,1.0,11.99,C,125000.0,RENT,0
12000.0,30.1,707.0,MI,8.0,2015-12-01,0.0,8.49,B,50000.0,RENT,0
12000.0,23.2,687.0,NC,1.0,2015-12-01,0.0,25.09,F,104000.0,MORTGAGE,0
21600.0,11.89,697.0,TN,4.0,2015-12-01,0.0,13.44,C,200000.0,MORTGAGE,0
16800.0,28.97,702.0,TN,10.0,2015-12-01,0.0,9.8,B,63896.0,MORTGAGE,0
30000.0,14.87,727.0,TX,10.0,2015-12-01,1.0,10.78,B,130000.0,RENT,0
17625.0,12.77,662.0,LA,10.0,2015-12-01,0.0,16.59,D,42000.0,RENT,0
8400.0,20.8,697.0,FL,10.0,2015-12-01,0.0,6.99,A,90000.0,RENT,0
25000.0,9.41,722.0,NC,2.0,2015-12-01,0.0,6.49,A,120000.0,RENT,0
6000.0,17.08,677.0,CO,2.0,2015-12-01,1.0,14.85,C,65000.0,RENT,0
30000.0,13.09,767.0,MD,10.0,2015-12-01,0.0,7.49,A,107111.0,MORTGAGE,0
16000.0,37.41,722.0,AZ,,2015-12-01,0.0,7.91,A,60000.0,MORTGAGE,0
15000.0,26.62,677.0,NJ,10.0,2015-12-01,1.0,11.99,C,56000.0,RENT,0
15000.0,21.9,672.0,CO,3.0,2015-12-01,1.0,15.77,D,48000.0,RENT,0
25000.0,26.65,672.0,CA,6.0,2015-12-01,1.0,22.45,F,130000.0,MORTGAGE,0
11450.0,32.22,727.0,AL,10.0,2015-12-01,0.0,23.13,F,53000.0,RENT,0
10000.0,13.15,697.0,IN,1.0,2015-12-01,0.0,14.85,C,32600.0,MORTGAGE,0
3000.0,20.81,722.0,MN,10.0,2015-12-01,0.0,7.91,A,70000.0,OWN,0
20000.0,16.3,722.0,MO,10.0,2015-12-01,0.0,6.99,A,65000.0,MORTGAGE,0
7200.0,18.28,662.0,MO,5.0,2015-12-01,0.0,13.99,C,30000.0,RENT,0
24000.0,21.93,667.0,FL,8.0,2015-12-01,1.0,13.44,C,85000.0,RENT,0
11025.0,26.21,687.0,CO,5.0,2015-12-01,0.0,13.44,C,24000.0,RENT,0
9350.0,39.24,672.0,FL,5.0,2015-12-01,0.0,18.49,D,32500.0,RENT,0
18000.0,30.75,737.0,MO,10.0,2015-12-01,0.0,7.91,A,65400.0,MORTGAGE,0
33000.0,21.54,707.0,FL,2.0,2015-12-01,0.0,12.88,C,125000.0,MORTGAGE,0
16000.0,30.32,677.0,CT,5.0,2015-12-01,0.0,11.99,C,80000.0,RENT,0
23000.0,35.49,687.0,CO,2.0,2015-12-01,0.0,18.49,D,52700.0,RENT,0
10000.0,11.01,662.0,FL,10.0,2015-12-01,0.0,17.97,D,29000.0,OWN,0
9225.0,24.68,662.0,WA,2.0,2015-12-01,1.0,21.48,E,40500.0,RENT,0
21600.0,23.95,677.0,MN,4.0,2015-12-01,1.0,13.44,C,135000.0,MORTGAGE,0
8000.0,21.66,677.0,IN,10.0,2015-12-01,0.0,11.99,C,40000.0,OWN,0
15000.0,13.57,667.0,TN,10.0,2015-12-01,1.0,26.06,F,41000.0,MORTGAGE,0
35000.0,11.8,757.0,CA,5.0,2015-12-01,0.0,9.8,B,200000.0,RENT,0
18000.0,21.51,672.0,TX,8.0,2015-12-01,0.0,11.99,C,68953.29,MORTGAGE,0
16000.0,11.02,662.0,TX,2.0,2015-12-01,0.0,11.99,C,600000.0,MORTGAGE,0
5325.0,21.16,662.0,FL,10.0,2015-12-01,0.0,9.8,B,23400.0,OWN,0
3000.0,28.43,667.0,TX,10.0,2015-12-01,0.0,11.48,B,74000.0,RENT,0
14350.0,34.03,672.0,MI,8.0,2015-12-01,0.0,22.45,F,48000.0,RENT,0
2000.0,15.81,667.0,VA,5.0,2015-12-01,0.0,10.78,B,90000.0,RENT,0
21000.0,22.37,712.0,VA,10.0,2015-12-01,0.0,7.49,A,76000.0,OWN,0
15000.0,37.19,687.0,LA,10.0,2015-12-01,0.0,17.97,D,85000.0,MORTGAGE,0
10400.0,9.99,667.0,MO,8.0,2015-12-01,1.0,13.44,C,38792.0,MORTGAGE,0
2800.0,37.64,787.0,CA,10.0,2015-12-01,0.0,7.91,A,30000.0,RENT,0
8000.0,16.3,702.0,CA,1.0,2015-12-01,0.0,6.49,A,48000.0,RENT,0
10000.0,7.2,667.0,CA,10.0,2015-12-01,0.0,11.48,B,105000.0,RENT,0
14000.0,9.4,762.0,TX,10.0,2015-12-01,0.0,8.49,B,68000.0,MORTGAGE,0
5000.0,14.85,682.0,CA,10.0,2015-12-01,0.0,11.48,B,42500.0,MORTGAGE,0
9000.0,23.95,732.0,MO,10.0,2015-12-01,0.0,11.99,C,89000.0,MORTGAGE,0
8000.0,10.3,712.0,NY,3.0,2015-12-01,0.0,10.78,B,38000.0,RENT,0
10000.0,7.08,682.0,MD,10.0,2015-12-01,0.0,5.32,A,180000.0,MORTGAGE,0
12000.0,17.02,762.0,UT,2.0,2015-12-01,0.0,11.48,B,50000.0,RENT,0
35000.0,11.31,752.0,GA,3.0,2015-12-01,0.0,7.91,A,78000.0,MORTGAGE,0
35000.0,7.27,692.0,CA,10.0,2015-12-01,0.0,13.99,C,150000.0,RENT,0
25000.0,19.61,672.0,MI,2.0,2015-12-01,1.0,24.24,F,50000.0,MORTGAGE,0
15000.0,31.07,677.0,GA,8.0,2015-12-01,0.0,13.99,C,46000.0,MORTGAGE,0
20000.0,24.04,677.0,IL,9.0,2015-12-01,0.0,11.48,B,70000.0,MORTGAGE,0
14400.0,30.83,692.0,CA,10.0,2015-12-01,0.0,15.77,D,58000.0,RENT,0
6400.0,17.49,702.0,KY,5.0,2015-12-01,0.0,7.49,A,45000.0,MORTGAGE,0
16000.0,18.4,707.0,NY,10.0,2015-12-01,0.0,8.49,B,100000.0,MORTGAGE,0
8000.0,15.85,662.0,AZ,2.0,2015-12-01,1.0,14.85,C,24000.0,RENT,0
35000.0,16.84,717.0,TX,3.0,2015-12-01,1.0,13.99,C,100000.0,MORTGAGE,0
18000.0,12.63,712.0,AR,8.0,2015-12-01,0.0,7.91,A,77160.0,RENT,0
8000.0,22.25,667.0,NY,10.0,2015-12-01,0.0,11.99,C,50000.0,RENT,0
12000.0,7.87,772.0,PA,10.0,2015-12-01,0.0,8.49,B,65000.0,OWN,0
16000.0,19.39,702.0,GA,6.0,2015-12-01,1.0,12.88,C,50000.0,RENT,0
8000.0,12.77,682.0,IL,6.0,2015-12-01,0.0,12.88,C,50000.0,OWN,0
21000.0,28.14,812.0,CA,10.0,2015-12-01,0.0,11.48,B,52000.0,RENT,0
35000.0,26.28,702.0,CA,1.0,2015-12-01,0.0,17.97,D,70000.0,RENT,0
28800.0,21.6,732.0,LA,10.0,2015-12-01,0.0,11.99,C,60000.0,OWN,0
8000.0,15.54,707.0,DE,3.0,2015-12-01,0.0,9.17,B,37000.0,RENT,0
9600.0,11.06,662.0,GA,4.0,2015-12-01,0.0,10.78,B,46000.0,MORTGAGE,0
10000.0,13.46,662.0,CA,8.0,2015-12-01,0.0,9.17,B,70000.0,RENT,0
33000.0,19.55,707.0,WA,10.0,2015-12-01,0.0,14.85,C,95000.0,RENT,0
21000.0,15.88,667.0,CA,1.0,2015-12-01,0.0,12.88,C,52000.0,RENT,0
14000.0,28.14,682.0,IL,8.0,2015-12-01,0.0,11.99,C,60000.0,RENT,0
10000.0,12.91,667.0,TX,,2015-12-01,0.0,10.78,B,75000.0,MORTGAGE,0
10000.0,4.38,717.0,CA,1.0,2015-12-01,0.0,6.49,A,80000.0,OWN,0
13000.0,26.32,692.0,CA,2.0,2015-12-01,1.0,10.78,B,32736.0,RENT,0
10000.0,20.0,687.0,UT,3.0,2015-12-01,0.0,9.8,B,45000.0,RENT,0
15000.0,13.87,672.0,RI,3.0,2015-12-01,1.0,15.77,D,70600.0,RENT,0
13000.0,8.11,672.0,SC,2.0,2015-12-01,0.0,7.91,A,70000.0,MORTGAGE,0
23000.0,21.98,712.0,IN,8.0,2015-12-01,0.0,18.99,E,81900.0,MORTGAGE,0
16000.0,10.81,712.0,CA,5.0,2015-12-01,0.0,7.91,A,70000.0,RENT,0
19000.0,15.07,707.0,AZ,10.0,2015-12-01,0.0,7.26,A,50000.0,MORTGAGE,0
6000.0,13.58,677.0,CA,10.0,2015-12-01,0.0,9.8,B,80000.0,RENT,0
18000.0,9.05,682.0,IN,,2015-12-01,0.0,9.17,B,70000.0,MORTGAGE,0
5000.0,5.85,667.0,MN,10.0,2015-12-01,0.0,8.49,B,36500.0,RENT,0
4500.0,22.75,667.0,GA,1.0,2015-12-01,0.0,11.99,C,65000.0,RENT,0
10000.0,28.82,662.0,FL,5.0,2015-12-01,0.0,11.48,B,65000.0,MORTGAGE,0
10000.0,24.67,672.0,CA,6.0,2015-12-01,1.0,8.49,B,30000.0,RENT,0
4000.0,0.0,707.0,NY,3.0,2015-12-01,1.0,11.99,C,94000.0,RENT,0
22800.0,11.71,697.0,CA,3.0,2015-12-01,0.0,6.49,A,190000.0,RENT,0
15900.0,16.49,772.0,CA,3.0,2015-12-01,0.0,6.49,A,46217.0,RENT,0
12600.0,15.64,677.0,OH,1.0,2015-12-01,0.0,7.91,A,60000.0,MORTGAGE,0
15000.0,20.47,662.0,CA,10.0,2015-12-01,1.0,12.88,C,60000.0,RENT,0
1600.0,17.65,662.0,NV,1.0,2015-12-01,0.0,18.49,D,62000.0,RENT,0
4000.0,18.62,697.0,CA,1.0,2015-12-01,0.0,11.48,B,70000.0,MORTGAGE,0
12500.0,14.5,747.0,FL,5.0,2015-12-01,0.0,6.49,A,69500.0,MORTGAGE,0
10000.0,14.4,677.0,TX,1.0,2015-12-01,0.0,8.49,B,58000.0,MORTGAGE,0
5300.0,23.01,702.0,TX,1.0,2015-12-01,0.0,10.78,B,55000.0,RENT,0
12000.0,21.53,732.0,OH,,2015-12-01,0.0,7.49,A,24000.0,RENT,0
10000.0,14.22,677.0,NV,,2015-12-01,0.0,8.49,B,72000.0,MORTGAGE,0
15600.0,13.68,732.0,FL,2.0,2015-12-01,0.0,15.77,D,40000.0,RENT,0
7500.0,20.96,697.0,NY,10.0,2015-12-01,1.0,7.49,A,26000.0,OWN,0
18025.0,27.07,727.0,PA,2.0,2015-12-01,0.0,13.99,C,62500.0,RENT,0
28000.0,13.85,672.0,CA,10.0,2015-12-01,1.0,16.59,D,109000.0,RENT,0
35000.0,22.24,717.0,HI,6.0,2015-12-01,1.0,17.97,D,99000.0,MORTGAGE,0
35000.0,27.21,702.0,OH,10.0,2015-12-01,1.0,27.49,G,111216.0,RENT,0
35000.0,24.97,712.0,TX,3.0,2015-12-01,0.0,13.44,C,125000.0,MORTGAGE,0
3000.0,20.71,702.0,NC,10.0,2015-12-01,0.0,12.88,C,59000.0,MORTGAGE,0
2400.0,10.42,737.0,MN,4.0,2015-12-01,0.0,8.49,B,28000.0,MORTGAGE,0
3500.0,29.26,667.0,VA,10.0,2015-12-01,0.0,18.49,D,40000.0,RENT,0
12000.0,15.87,752.0,GA,8.0,2015-12-01,0.0,5.32,A,77000.0,MORTGAGE,0
3000.0,27.01,662.0,CA,4.0,2015-12-01,1.0,20.5,E,10000.0,RENT,0
24000.0,29.58,677.0,WA,10.0,2015-12-01,1.0,23.13,F,60000.0,RENT,0
17950.0,3.35,662.0,CA,7.0,2015-12-01,0.0,17.97,D,98000.0,MORTGAGE,0
19000.0,14.01,702.0,NC,9.0,2015-12-01,0.0,7.49,A,58000.0,MORTGAGE,0
16000.0,33.57,687.0,GA,10.0,2015-12-01,1.0,16.59,D,35000.0,RENT,0
17600.0,7.57,672.0,NY,4.0,2015-12-01,1.0,27.99,G,55000.0,RENT,0
16000.0,28.45,677.0,OH,4.0,2015-12-01,1.0,13.67,C,45000.0,RENT,0
25000.0,10.25,677.0,TN,1.0,2015-12-01,0.0,13.99,C,112000.0,RENT,0
5000.0,22.37,692.0,MI,10.0,2015-12-01,0.0,9.17,B,53000.0,OWN,0
21000.0,4.64,677.0,FL,5.0,2015-12-01,0.0,14.85,C,104000.0,MORTGAGE,0
25000.0,10.79,687.0,PA,7.0,2015-12-01,0.0,11.99,C,140000.0,OWN,0
35000.0,21.75,757.0,FL,1.0,2015-12-01,0.0,7.49,A,150000.0,MORTGAGE,0
20000.0,12.65,817.0,CA,10.0,2015-12-01,0.0,15.77,D,208000.0,MORTGAGE,0
24000.0,10.9,697.0,CA,9.0,2015-12-01,1.0,11.48,B,98000.0,OWN,0
20000.0,13.79,677.0,NY,10.0,2015-12-01,0.0,12.88,C,120000.0,RENT,0
8400.0,20.07,707.0,LA,10.0,2015-12-01,0.0,10.78,B,150000.0,MORTGAGE,0
2900.0,7.61,662.0,TX,10.0,2015-12-01,0.0,18.99,E,82000.0,RENT,0
21000.0,32.55,707.0,CA,6.0,2015-12-01,0.0,18.49,D,56000.0,RENT,0
20000.0,25.7,722.0,AZ,6.0,2015-12-01,1.0,10.78,B,65000.0,OWN,0
10000.0,2.35,667.0,FL,1.0,2015-12-01,0.0,11.48,B,118000.0,RENT,0
10950.0,4.0,707.0,KY,1.0,2015-12-01,0.0,17.97,D,36000.0,RENT,0
35000.0,12.22,797.0,CA,1.0,2015-12-01,0.0,9.8,B,140000.0,MORTGAGE,0
24000.0,39.81,677.0,LA,10.0,2015-12-01,1.0,17.97,D,75000.0,MORTGAGE,0
4000.0,29.29,677.0,KY,,2015-12-01,0.0,11.99,C,37000.0,RENT,0
4000.0,17.74,807.0,PA,1.0,2015-12-01,0.0,6.49,A,45000.0,MORTGAGE,0
14000.0,39.78,687.0,CA,9.0,2015-12-01,0.0,21.48,E,28000.0,MORTGAGE,0
10500.0,18.15,712.0,NY,1.0,2015-12-01,0.0,11.99,C,110000.0,RENT,0
8675.0,31.56,732.0,WV,,2015-12-01,0.0,9.17,B,18100.0,RENT,0
8000.0,21.57,792.0,FL,2.0,2015-12-01,1.0,5.32,A,65000.0,OWN,0
35000.0,12.41,737.0,IL,9.0,2015-12-01,0.0,11.48,B,200000.0,OWN,0
28000.0,15.42,687.0,NY,5.0,2015-12-01,1.0,7.49,A,83000.0,MORTGAGE,0
10000.0,23.47,697.0,CA,,2015-12-01,1.0,12.88,C,25200.0,RENT,0
5000.0,17.14,687.0,OK,10.0,2015-12-01,0.0,7.91,A,86000.0,MORTGAGE,0
7450.0,28.53,807.0,OH,,2015-12-01,0.0,8.49,B,26000.0,MORTGAGE,0
21000.0,4.08,712.0,GA,4.0,2015-12-01,0.0,10.78,B,102000.0,MORTGAGE,0
16000.0,24.76,662.0,TX,10.0,2015-12-01,1.0,9.17,B,60000.0,MORTGAGE,0
16000.0,29.57,697.0,CA,5.0,2015-12-01,1.0,5.32,A,185000.0,RENT,0
16000.0,26.63,742.0,CA,10.0,2015-12-01,0.0,13.44,C,38000.0,OWN,0
15000.0,9.39,667.0,NJ,1.0,2015-12-01,0.0,9.17,B,52000.0,MORTGAGE,0
10000.0,29.56,682.0,CA,1.0,2015-12-01,0.0,19.89,E,33000.0,RENT,0
16000.0,4.38,662.0,AZ,5.0,2015-12-01,0.0,9.8,B,80000.0,MORTGAGE,0
28000.0,20.25,682.0,WA,8.0,2015-12-01,0.0,7.49,A,100000.0,MORTGAGE,0
3200.0,9.27,672.0,MI,10.0,2015-12-01,0.0,11.99,C,62000.0,OWN,0
12000.0,9.02,672.0,CA,10.0,2015-12-01,0.0,11.99,C,150000.0,OWN,0
9600.0,15.64,672.0,MT,,2015-12-01,1.0,7.91,A,36144.0,MORTGAGE,0
16000.0,12.37,692.0,FL,10.0,2015-12-01,0.0,8.49,B,85000.0,MORTGAGE,0
6000.0,23.58,682.0,NY,10.0,2015-12-01,0.0,10.78,B,62000.0,MORTGAGE,0
17600.0,24.88,682.0,OR,5.0,2015-12-01,0.0,9.8,B,98000.0,MORTGAGE,0
35000.0,18.13,757.0,GA,10.0,2015-12-01,0.0,10.78,B,92000.0,MORTGAGE,0
1600.0,25.93,672.0,IN,,2015-12-01,0.0,11.48,B,82000.0,MORTGAGE,0
12000.0,20.12,667.0,TX,1.0,2015-12-01,1.0,8.49,B,30000.0,RENT,0
10575.0,24.58,757.0,OK,8.0,2015-12-01,0.0,13.44,C,44000.0,MORTGAGE,0
23000.0,30.16,712.0,NC,5.0,2015-12-01,0.0,12.88,C,70000.0,MORTGAGE,0
8000.0,15.69,667.0,PA,8.0,2015-12-01,1.0,12.88,C,115000.0,OWN,0
28000.0,17.82,712.0,NY,2.0,2015-12-01,0.0,7.91,A,117000.0,MORTGAGE,0
6000.0,7.05,662.0,TN,,2015-12-01,0.0,10.78,B,47630.0,RENT,0
8000.0,17.92,707.0,PA,4.0,2015-12-01,0.0,15.77,D,45000.0,RENT,0
8400.0,18.36,667.0,FL,1.0,2015-12-01,0.0,9.17,B,42000.0,RENT,0
3000.0,4.13,672.0,OK,10.0,2015-12-01,0.0,11.48,B,48000.0,MORTGAGE,0
12000.0,15.16,672.0,NV,3.0,2015-12-01,0.0,19.89,E,33000.0,RENT,0
6000.0,21.93,692.0,MD,1.0,2015-12-01,0.0,12.88,C,33280.0,RENT,0
8400.0,8.34,742.0,TX,7.0,2015-12-01,0.0,9.8,B,102000.0,RENT,0
2950.0,6.38,682.0,CA,5.0,2015-12-01,1.0,19.89,E,203000.0,MORTGAGE,0
12000.0,32.77,687.0,CT,10.0,2015-12-01,1.0,8.49,B,65000.0,RENT,0
15000.0,13.77,667.0,FL,10.0,2015-12-01,0.0,19.48,E,57000.0,RENT,0
3000.0,38.21,687.0,MN,1.0,2015-12-01,0.0,13.99,C,19600.0,RENT,0
16300.0,24.74,697.0,TX,2.0,2015-12-01,0.0,11.99,C,75000.0,RENT,0
8000.0,29.23,677.0,FL,1.0,2015-12-01,0.0,12.88,C,56000.0,RENT,0
9600.0,16.54,667.0,TX,1.0,2015-12-01,0.0,11.99,C,76899.0,MORTGAGE,0
32200.0,28.44,697.0,TX,1.0,2015-12-01,1.0,24.24,F,70000.0,MORTGAGE,0
2400.0,37.6,717.0,FL,,2015-12-01,1.0,15.77,D,24000.0,RENT,0
10000.0,16.44,692.0,TX,1.0,2015-12-01,0.0,13.99,C,80000.0,MORTGAGE,0
5000.0,11.12,697.0,TN,3.0,2015-12-01,0.0,5.32,A,45000.0,RENT,0
12000.0,18.11,662.0,IL,1.0,2015-12-01,1.0,13.44,C,72000.0,RENT,0
4500.0,25.92,697.0,MI,2.0,2015-12-01,0.0,12.88,C,30000.0,OWN,0
5000.0,17.7,722.0,TX,10.0,2015-12-01,0.0,13.44,C,40000.0,RENT,0
4000.0,18.26,682.0,OH,4.0,2015-12-01,0.0,11.99,C,42000.0,RENT,0
17700.0,13.78,672.0,OH,5.0,2015-12-01,1.0,13.44,C,70000.0,RENT,0
15000.0,24.9,742.0,MN,1.0,2015-12-01,0.0,7.49,A,55000.0,RENT,0
8000.0,13.73,687.0,FL,5.0,2015-12-01,0.0,9.17,B,70000.0,RENT,0
8175.0,19.9,677.0,IL,10.0,2015-12-01,1.0,16.59,D,63000.0,RENT,0
32000.0,17.5,797.0,NJ,10.0,2015-12-01,1.0,10.78,B,93000.0,RENT,0
30000.0,16.29,717.0,CA,10.0,2015-12-01,0.0,9.8,B,110000.0,MORTGAGE,0
16125.0,10.24,722.0,TX,2.0,2015-12-01,0.0,15.77,D,34800.0,RENT,0
15600.0,14.82,707.0,TX,1.0,2015-12-01,1.0,18.99,E,65000.0,RENT,0
14000.0,10.64,672.0,CO,10.0,2015-12-01,0.0,11.99,C,57400.0,RENT,0
6000.0,9.36,712.0,FL,6.0,2015-12-01,0.0,7.49,A,60000.0,RENT,0
13850.0,36.36,677.0,WI,1.0,2015-12-01,0.0,20.5,E,33000.0,RENT,0
28000.0,14.8,697.0,IL,1.0,2015-12-01,0.0,14.85,C,100000.0,RENT,0
9000.0,25.03,682.0,NC,10.0,2015-12-01,0.0,11.99,C,70000.0,MORTGAGE,0
15000.0,13.41,702.0,CA,5.0,2015-12-01,0.0,11.99,C,70000.0,RENT,0
11500.0,12.48,702.0,IL,1.0,2015-12-01,0.0,11.99,C,25000.0,RENT,0
7000.0,7.68,697.0,NY,5.0,2015-12-01,0.0,6.99,A,120000.0,MORTGAGE,0
10000.0,24.57,707.0,TX,1.0,2015-12-01,0.0,5.32,A,85000.0,RENT,0
34500.0,15.5,722.0,TN,3.0,2015-12-01,0.0,24.24,F,75000.0,MORTGAGE,0
23175.0,22.21,672.0,NY,1.0,2015-12-01,0.0,18.49,D,61000.0,RENT,0
6000.0,5.69,672.0,GA,2.0,2015-12-01,0.0,8.49,B,124000.0,MORTGAGE,0
10000.0,3.33,692.0,NH,10.0,2015-12-01,0.0,13.99,C,300000.0,MORTGAGE,0
10000.0,25.29,667.0,TN,8.0,2015-12-01,0.0,11.48,B,40000.0,MORTGAGE,0
15000.0,22.02,687.0,FL,7.0,2015-12-01,0.0,15.77,D,57000.0,MORTGAGE,0
20000.0,7.04,717.0,NY,1.0,2015-12-01,0.0,11.99,C,63000.0,RENT,0
15000.0,25.46,767.0,TX,10.0,2015-12-01,0.0,6.99,A,76650.0,MORTGAGE,0
12000.0,17.79,792.0,CA,1.0,2015-12-01,0.0,5.32,A,80000.0,MORTGAGE,0
13500.0,14.75,692.0,UT,3.0,2015-12-01,0.0,13.44,C,73000.0,MORTGAGE,0
9425.0,27.48,687.0,WA,8.0,2015-12-01,1.0,15.77,D,30000.0,MORTGAGE,0
12000.0,33.05,682.0,MN,1.0,2015-12-01,0.0,9.17,B,35000.0,OWN,0
19500.0,20.64,687.0,NV,10.0,2015-12-01,0.0,14.85,C,46800.0,MORTGAGE,0
7500.0,24.14,677.0,NY,1.0,2015-12-01,0.0,7.91,A,35380.0,RENT,0
3200.0,19.66,697.0,FL,2.0,2015-12-01,0.0,7.91,A,30000.0,RENT,0
15000.0,22.03,707.0,OH,10.0,2015-12-01,0.0,13.44,C,95000.0,MORTGAGE,0
18000.0,21.49,662.0,NY,2.0,2015-12-01,0.0,9.8,B,85000.0,MORTGAGE,0
19200.0,20.54,722.0,TX,2.0,2015-12-01,0.0,13.44,C,70000.0,MORTGAGE,0
17600.0,17.64,697.0,CA,8.0,2015-12-01,0.0,14.85,C,40000.0,RENT,0
15000.0,11.63,667.0,PA,4.0,2015-12-01,0.0,12.88,C,180000.0,MORTGAGE,0
15000.0,33.44,682.0,CA,2.0,2015-12-01,0.0,13.44,C,70000.0,OWN,0
11500.0,9.19,697.0,CA,10.0,2015-12-01,0.0,5.32,A,115000.0,MORTGAGE,0
2400.0,34.09,707.0,WA,1.0,2015-12-01,1.0,13.44,C,120000.0,RENT,0
4800.0,16.11,682.0,NC,,2015-12-01,0.0,12.88,C,26000.0,RENT,0
11875.0,18.73,687.0,NC,1.0,2015-12-01,0.0,14.85,C,33000.0,RENT,0
17000.0,5.7,697.0,NY,5.0,2015-12-01,0.0,17.97,D,34000.0,MORTGAGE,0
10000.0,28.69,712.0,TX,10.0,2015-12-01,0.0,7.49,A,33000.0,RENT,0
22800.0,23.78,682.0,NC,10.0,2015-12-01,1.0,26.99,G,80000.0,OWN,0
12000.0,19.83,767.0,NY,1.0,2015-12-01,0.0,8.49,B,90000.0,RENT,0
35000.0,22.14,722.0,AK,10.0,2015-12-01,1.0,12.88,C,108000.0,MORTGAGE,0
6000.0,22.18,752.0,CT,4.0,2015-12-01,0.0,9.8,B,48000.0,MORTGAGE,0
28000.0,18.46,677.0,MI,6.0,2015-12-01,0.0,10.78,B,110000.0,MORTGAGE,0
2100.0,19.23,702.0,NJ,2.0,2015-12-01,0.0,13.44,C,121000.0,MORTGAGE,0
35000.0,13.21,707.0,NY,7.0,2015-12-01,0.0,13.99,C,80000.0,RENT,0
21600.0,21.1,692.0,IL,1.0,2015-12-01,0.0,9.17,B,70000.0,MORTGAGE,0
10000.0,14.49,677.0,NY,10.0,2015-12-01,0.0,8.49,B,42000.0,RENT,0
5000.0,27.08,672.0,ME,6.0,2015-12-01,0.0,16.59,D,25000.0,RENT,0
15000.0,12.89,702.0,MI,2.0,2015-12-01,0.0,7.49,A,50000.0,MORTGAGE,0
20000.0,10.97,682.0,PA,3.0,2015-12-01,0.0,9.8,B,85000.0,RENT,0
20000.0,20.88,687.0,MI,10.0,2015-12-01,0.0,6.99,A,83918.0,OWN,0
28000.0,16.64,712.0,IL,9.0,2015-12-01,0.0,7.91,A,75000.0,MORTGAGE,0
18000.0,22.83,692.0,CA,10.0,2015-12-01,0.0,11.48,B,75000.0,OWN,0
17000.0,16.75,742.0,OH,6.0,2015-12-01,0.0,6.99,A,58000.0,MORTGAGE,0
20000.0,6.62,737.0,RI,1.0,2015-12-01,0.0,7.49,A,69400.0,RENT,0
19200.0,28.0,697.0,RI,10.0,2015-12-01,0.0,18.49,D,56000.0,RENT,0
7200.0,35.04,792.0,FL,5.0,2015-12-01,0.0,7.49,A,55000.0,OWN,0
20000.0,33.72,747.0,TX,10.0,2015-12-01,0.0,9.8,B,79000.0,MORTGAGE,0
5775.0,22.52,737.0,NJ,10.0,2015-12-01,1.0,15.77,D,38000.0,MORTGAGE,0
18675.0,25.76,702.0,TX,,2015-12-01,0.0,12.88,C,50000.0,MORTGAGE,0
10000.0,12.6,662.0,IL,5.0,2015-12-01,0.0,12.88,C,40000.0,RENT,0
6500.0,10.19,662.0,NY,2.0,2015-12-01,0.0,13.44,C,67000.0,RENT,0
15000.0,5.6,672.0,NY,2.0,2015-12-01,0.0,11.99,C,175000.0,RENT,0
13700.0,13.48,677.0,FL,4.0,2015-12-01,1.0,21.48,E,27429.0,OWN,0
14000.0,19.92,702.0,MI,10.0,2015-12-01,0.0,9.8,B,79350.0,MORTGAGE,0
25000.0,14.04,732.0,VA,9.0,2015-12-01,0.0,10.78,B,60000.0,RENT,0
21000.0,23.51,712.0,NY,10.0,2015-12-01,0.0,13.44,C,88000.0,MORTGAGE,0
20000.0,10.38,717.0,SC,10.0,2015-12-01,0.0,5.32,A,200000.0,MORTGAGE,0
5200.0,6.31,672.0,NM,3.0,2015-12-01,0.0,9.8,B,51000.0,RENT,0
20000.0,17.78,682.0,KS,3.0,2015-12-01,0.0,7.91,A,75000.0,RENT,0
35000.0,35.08,702.0,CO,,2015-12-01,0.0,17.27,D,85000.0,MORTGAGE,0
20000.0,15.8,682.0,MA,7.0,2015-12-01,0.0,9.8,B,110000.0,MORTGAGE,0
4300.0,9.76,667.0,OR,5.0,2015-12-01,0.0,15.77,D,30000.0,RENT,0
12000.0,4.02,687.0,CA,10.0,2015-12-01,0.0,5.32,A,100000.0,MORTGAGE,0
12000.0,14.56,692.0,OH,10.0,2015-12-01,0.0,9.8,B,105600.0,OWN,0
3000.0,12.79,702.0,TX,1.0,2015-12-01,0.0,6.49,A,67000.0,MORTGAGE,0
35000.0,12.77,742.0,VA,5.0,2015-12-01,0.0,9.17,B,144000.0,OWN,0
12000.0,25.73,677.0,TX,10.0,2015-12-01,0.0,10.78,B,64500.0,RENT,0
20000.0,31.66,667.0,CA,10.0,2015-12-01,0.0,13.44,C,50000.0,MORTGAGE,0
3000.0,23.72,662.0,NJ,5.0,2015-12-01,0.0,10.78,B,90000.0,MORTGAGE,0
16000.0,21.05,692.0,GA,2.0,2015-12-01,0.0,10.78,B,90000.0,MORTGAGE,0
16775.0,35.26,672.0,GA,4.0,2015-12-01,0.0,19.89,E,60000.0,MORTGAGE,0
8000.0,19.7,667.0,CT,10.0,2015-12-01,0.0,9.8,B,65000.0,OWN,0
35000.0,5.36,712.0,FL,6.0,2015-12-01,0.0,21.48,E,130000.0,OWN,0
13950.0,15.78,677.0,NJ,2.0,2015-12-01,1.0,26.99,G,110000.0,MORTGAGE,0
22525.0,17.93,717.0,KY,1.0,2015-12-01,0.0,15.77,D,49000.0,OWN,0
18000.0,21.21,697.0,NC,3.0,2015-12-01,0.0,11.99,C,45000.0,MORTGAGE,0
25000.0,19.84,662.0,TN,3.0,2015-12-01,0.0,17.27,D,88500.0,MORTGAGE,0
20000.0,20.8,687.0,CT,10.0,2015-12-01,0.0,11.99,C,75000.0,OWN,0
25000.0,11.57,687.0,MI,10.0,2015-12-01,1.0,17.27,D,150000.0,MORTGAGE,0
25000.0,17.69,767.0,CA,5.0,2015-12-01,1.0,19.48,E,50000.0,RENT,0
4800.0,14.71,672.0,OK,2.0,2015-12-01,0.0,8.49,B,42000.0,RENT,0
11000.0,15.04,677.0,GA,4.0,2015-12-01,0.0,13.99,C,57200.0,MORTGAGE,0
25000.0,22.23,757.0,CA,1.0,2015-12-01,0.0,17.27,D,50000.0,MORTGAGE,0
12000.0,18.06,777.0,NM,10.0,2015-12-01,0.0,5.32,A,77000.0,MORTGAGE,0
23500.0,14.73,697.0,CA,8.0,2015-12-01,1.0,11.48,B,55000.0,RENT,0
6000.0,11.54,707.0,VA,10.0,2015-12-01,0.0,11.99,C,60000.0,MORTGAGE,0
26400.0,23.97,707.0,MI,8.0,2015-12-01,0.0,7.49,A,65000.0,MORTGAGE,0
12000.0,17.01,722.0,NY,5.0,2015-12-01,1.0,12.88,C,75000.0,RENT,0
15000.0,13.47,757.0,NY,5.0,2015-12-01,0.0,5.32,A,200000.0,MORTGAGE,0
25000.0,10.61,717.0,OH,4.0,2015-12-01,0.0,11.99,C,101000.0,RENT,0
21000.0,5.01,752.0,CA,10.0,2015-12-01,0.0,13.99,C,75000.0,MORTGAGE,0
5000.0,34.35,672.0,MN,5.0,2015-12-01,0.0,11.99,C,37000.0,MORTGAGE,0
9150.0,1.44,682.0,NC,2.0,2015-12-01,1.0,17.97,D,50000.0,OWN,0
8000.0,13.93,667.0,CA,3.0,2015-12-01,0.0,13.99,C,117000.0,RENT,0
16000.0,15.69,727.0,CA,10.0,2015-12-01,1.0,10.78,B,40000.0,OWN,0
24000.0,10.68,692.0,NY,8.0,2015-12-01,1.0,16.59,D,70000.0,RENT,0
12000.0,20.98,662.0,CA,10.0,2015-12-01,1.0,13.99,C,50000.0,RENT,0
18000.0,14.41,687.0,FL,1.0,2015-12-01,0.0,18.99,E,50000.0,MORTGAGE,0
11400.0,7.53,697.0,IL,4.0,2015-12-01,0.0,13.44,C,44000.0,MORTGAGE,0
6000.0,31.88,662.0,SD,,2015-12-01,1.0,22.45,F,25000.0,RENT,0
21600.0,17.63,667.0,OK,3.0,2015-12-01,1.0,17.27,D,85000.0,MORTGAGE,0
4800.0,35.01,687.0,NY,2.0,2015-12-01,0.0,17.97,D,65000.0,RENT,0
16275.0,23.13,707.0,NV,4.0,2015-12-01,1.0,14.85,C,37000.0,RENT,0
10000.0,24.5,712.0,MI,2.0,2015-12-01,0.0,8.49,B,55000.0,MORTGAGE,0
1000.0,10.0,693.0,NM,4 years,,,,,,,1
1000.0,10.0,703.0,MA,< 1 year,,,,,,,1
11000.0,10.0,715.0,MD,1 year,,,,,,,1
6000.0,38.64,698.0,MA,< 1 year,,,,,,,1
1500.0,9.43,509.0,MD,< 1 year,,,,,,,1
15000.0,0.0,645.0,NY,3 years,,,,,,,1
10000.0,10.0,693.0,MD,< 1 year,,,,,,,1
3900.0,10.0,700.0,IN,2 years,,,,,,,1
3000.0,10.0,694.0,CO,4 years,,,,,,,1
2500.0,11.76,573.0,KY,4 years,,,,,,,1
3900.0,10.0,710.0,LA,10+ years,,,,,,,1
1000.0,10.0,680.0,KY,1 year,,,,,,,1
3000.0,10.0,688.0,PA,< 1 year,,,,,,,1
1500.0,10.0,704.0,PA,3 years,,,,,,,1
1000.0,10.0,694.0,AL,< 1 year,,,,,,,1
8000.0,10.0,708.0,TN,< 1 year,,,,,,,1
12000.0,10.0,685.0,TX,3 years,,,,,,,1
1000.0,10.0,698.0,MD,3 years,,,,,,,1
15000.0,10.0,680.0,OH,< 1 year,,,,,,,1
5000.0,10.0,680.0,MA,< 1 year,,,,,,,1
15000.0,10.0,712.0,TX,< 1 year,,,,,,,1
5000.0,10.0,704.0,MD,1 year,,,,,,,1
4950.0,10.0,693.0,VA,2 years,,,,,,,1
6100.0,24.69,684.0,OH,2 years,,,,,,,1
12000.0,10.0,704.0,IN,2 years,,,,,,,1
25000.0,10.0,686.0,MO,< 1 year,,,,,,,1
15000.0,15.56,698.0,MN,< 1 year,,,,,,,1
5000.0,10.0,719.0,OH,< 1 year,,,,,,,1
10000.0,2.25,602.0,VA,< 1 year,,,,,,,1
10000.0,21.77,475.0,CT,< 1 year,,,,,,,1
1000.0,0.0,695.0,OH,< 1 year,,,,,,,1
4000.0,36.8,671.0,MO,< 1 year,,,,,,,1
7000.0,17.73,638.0,CA,< 1 year,,,,,,,1
25000.0,4.5,671.0,FL,2 years,,,,,,,1
1000.0,15.92,429.0,IN,2 years,,,,,,,1
6500.0,12.98,632.0,TX,< 1 year,,,,,,,1
2000.0,32.64,579.0,MO,< 1 year,,,,,,,1
15000.0,1.55,474.0,OH,4 years,,,,,,,1
6000.0,12.34,463.0,CA,1 year,,,,,,,1
2500.0,18.43,593.0,TX,1 year,,,,,,,1
12500.0,31.82,578.0,TX,9 years,,,,,,,1
3000.0,0.0,536.0,MN,< 1 year,,,,,,,1
7500.0,61.47,524.0,GA,5 years,,,,,,,1
5000.0,8.93,520.0,MA,1 year,,,,,,,1
5000.0,6.0,0.0,OH,< 1 year,,,,,,,1
4000.0,43.8,658.0,MN,< 1 year,,,,,,,1
1000.0,4.61,0.0,TN,< 1 year,,,,,,,1
5000.0,15.73,492.0,IN,4 years,,,,,,,1
1000.0,28.04,581.0,NE,2 years,,,,,,,1
1000.0,41.35,543.0,FL,2 years,,,,,,,1
6025.0,69.84,660.0,GA,2 years,,,,,,,1
10000.0,61.07,503.0,KS,1 year,,,,,,,1
3000.0,20.91,556.0,TX,1 year,,,,,,,1
10000.0,8.7,480.0,OH,1 year,,,,,,,1
2100.0,10.0,684.0,MD,1 year,,,,,,,1
5000.0,53.76,592.0,IN,< 1 year,,,,,,,1
10000.0,3.84,600.0,MA,< 1 year,,,,,,,1
1200.0,0.0,524.0,AR,4 years,,,,,,,1
4000.0,0.0,460.0,GA,< 1 year,,,,,,,1
15000.0,27.48,654.0,FL,2 years,,,,,,,1
1000.0,12.4,486.0,AL,< 1 year,,,,,,,1
2500.0,13.1,520.0,IN,1 year,,,,,,,1
5000.0,0.0,0.0,KY,5 years,,,,,,,1
2500.0,29.16,547.0,FL,< 1 year,,,,,,,1
1000.0,7.68,454.0,OH,< 1 year,,,,,,,1
5000.0,20.0,509.0,OH,1 year,,,,,,,1
5000.0,0.0,0.0,WI,1 year,,,,,,,1
1500.0,0.0,665.0,PA,< 1 year,,,,,,,1
1000.0,11.12,454.0,NY,2 years,,,,,,,1
1000.0,1.07,561.0,NY,< 1 year,,,,,,,1
8000.0,11.67,565.0,AZ,1 year,,,,,,,1
3500.0,1.73,479.0,CO,< 1 year,,,,,,,1
2500.0,0.0,444.0,KS,< 1 year,,,,,,,1
25000.0,20.06,549.0,AZ,4 years,,,,,,,1
4500.0,16.8,599.0,MD,< 1 year,,,,,,,1
2000.0,0.0,650.0,WA,< 1 year,,,,,,,1
10000.0,23.1,607.0,PA,1 year,,,,,,,1
3500.0,0.0,0.0,PA,< 1 year,,,,,,,1
5000.0,3.48,419.0,TX,1 year,,,,,,,1
11000.0,37.3,758.0,OR,1 year,,,,,,,1
1500.0,27.45,504.0,KS,< 1 year,,,,,,,1
1500.0,58.8,711.0,GA,1 year,,,,,,,1
1000.0,8.51,530.0,AR,< 1 year,,,,,,,1
7000.0,23.96,473.0,GA,< 1 year,,,,,,,1
25000.0,4.9,606.0,PA,< 1 year,,,,,,,1
10000.0,0.0,502.0,NC,< 1 year,,,,,,,1
4000.0,9.87,497.0,WV,1 year,,,,,,,1
2500.0,10.0,709.0,NY,< 1 year,,,,,,,1
3000.0,20.01,412.0,WI,1 year,,,,,,,1
1000.0,13.01,506.0,TN,3 years,,,,,,,1
7500.0,14.36,472.0,MA,7 years,,,,,,,1
2000.0,0.0,507.0,NY,< 1 year,,,,,,,1
1000.0,16.58,567.0,CO,< 1 year,,,,,,,1
1100.0,0.72,551.0,FL,4 years,,,,,,,1
3000.0,4.05,0.0,CO,< 1 year,,,,,,,1
1000.0,0.86,0.0,UT,< 1 year,,,,,,,1
7000.0,39.79,607.0,NC,2 years,,,,,,,1
1000.0,6.55,0.0,CO,4 years,,,,,,,1
5000.0,1.6,552.0,OH,2 years,,,,,,,1
1300.0,22.5,643.0,NJ,2 years,,,,,,,1
500.0,18.52,547.0,MD,4 years,,,,,,,1
1000.0,7.21,647.0,WA,7 years,,,,,,,1
1000.0,493.6,531.0,AL,1 year,,,,,,,1
3000.0,6.72,612.0,NJ,< 1 year,,,,,,,1
2000.0,5.51,656.0,MD,1 year,,,,,,,1
5000.0,18.4,528.0,VA,2 years,,,,,,,1
2000.0,10.85,558.0,NJ,5 years,,,,,,,1
10000.0,14.76,461.0,NC,3 years,,,,,,,1
6700.0,4.17,522.0,GA,2 years,,,,,,,1
20000.0,0.4,690.0,NJ,< 1 year,,,,,,,1
3400.0,24.36,559.0,NY,9 years,,,,,,,1
5000.0,13.03,633.0,WI,< 1 year,,,,,,,1
8000.0,12.21,481.0,OH,< 1 year,,,,,,,1
6000.0,26.07,679.0,VA,< 1 year,,,,,,,1
5000.0,5.86,494.0,NY,< 1 year,,,,,,,1
9500.0,1.47,582.0,AK,1 year,,,,,,,1
3500.0,3.12,583.0,NY,< 1 year,,,,,,,1
1500.0,3.98,468.0,OH,< 1 year,,,,,,,1
10000.0,6.48,565.0,FL,< 1 year,,,,,,,1
10000.0,46.15,576.0,VA,< 1 year,,,,,,,1
800.0,24.0,696.0,NY,< 1 year,,,,,,,1
10000.0,0.0,559.0,NY,< 1 year,,,,,,,1
5000.0,10.18,545.0,TN,< 1 year,,,,,,,1
6000.0,2.36,602.0,AL,< 1 year,,,,,,,1
1000.0,3.0,626.0,SC,< 1 year,,,,,,,1
1000.0,5.51,640.0,OH,1 year,,,,,,,1
15000.0,34.27,528.0,NY,< 1 year,,,,,,,1
2500.0,14.16,509.0,PA,< 1 year,,,,,,,1
16000.0,22.98,667.0,VT,1 year,,,,,,,1
2000.0,6.91,607.0,VA,1 year,,,,,,,1
4000.0,14.5,609.0,FL,< 1 year,,,,,,,1
2000.0,14.34,450.0,MN,< 1 year,,,,,,,1
3000.0,9.26,,CO,< 1 year,,,,,,,1
6000.0,12.0,492.0,MO,< 1 year,,,,,,,1
2500.0,21.94,549.0,MS,7 years,,,,,,,1
3000.0,60.11,481.0,IN,3 years,,,,,,,1
6000.0,4042.11,716.0,TX,< 1 year,,,,,,,1
17000.0,5.96,653.0,MD,4 years,,,,,,,1
5000.0,2.6,621.0,VA,< 1 year,,,,,,,1
7500.0,45.95,629.0,FL,6 years,,,,,,,1
15000.0,15.0,615.0,MA,8 years,,,,,,,1
4000.0,0.0,608.0,MN,< 1 year,,,,,,,1
4000.0,6.36,628.0,KY,< 1 year,,,,,,,1
1000.0,24.0,585.0,CO,< 1 year,,,,,,,1
1500.0,6.4,493.0,OH,1 year,,,,,,,1
6500.0,1.84,512.0,MA,9 years,,,,,,,1
5000.0,24.7,598.0,GA,1 year,,,,,,,1
4000.0,36.92,490.0,VA,4 years,,,,,,,1
1500.0,9.23,588.0,MS,< 1 year,,,,,,,1
1000.0,36.7,612.0,MO,1 year,,,,,,,1
10000.0,17.3,503.0,FL,2 years,,,,,,,1
6000.0,21.6,454.0,VA,< 1 year,,,,,,,1
25000.0,0.77,512.0,NC,< 1 year,,,,,,,1
10000.0,0.0,0.0,MO,1 year,,,,,,,1
4975.0,1.84,523.0,GA,8 years,,,,,,,1
25000.0,18.83,557.0,IN,1 year,,,,,,,1
5000.0,0.0,530.0,PA,< 1 year,,,,,,,1
15000.0,17.06,576.0,MA,2 years,,,,,,,1
3000.0,17.74,548.0,SC,4 years,,,,,,,1
3000.0,10.59,497.0,SC,3 years,,,,,,,1
12000.0,100.0,,CO,< 1 year,,,,,,,1
14000.0,27.98,693.0,NY,3 years,,,,,,,1
25000.0,0.0,0.0,TX,4 years,,,,,,,1
1000.0,0.0,489.0,NC,< 1 year,,,,,,,1
11000.0,0.75,0.0,KS,1 year,,,,,,,1
1000.0,4.68,535.0,MO,2 years,,,,,,,1
5000.0,9.6,557.0,NY,< 1 year,,,,,,,1
5000.0,1.32,639.0,WA,4 years,,,,,,,1
3000.0,48.24,478.0,WA,1 year,,,,,,,1
1000.0,25.64,736.0,IN,2 years,,,,,,,1
4000.0,48.6,640.0,IN,4 years,,,,,,,1
12000.0,10.15,536.0,TX,< 1 year,,,,,,,1
2000.0,27.94,549.0,TN,< 1 year,,,,,,,1
2500.0,15.07,454.0,MD,< 1 year,,,,,,,1
2000.0,0.0,522.0,NC,< 1 year,,,,,,,1
7000.0,136.56,533.0,GA,2 years,,,,,,,1
15000.0,18.91,635.0,TX,1 year,,,,,,,1
5000.0,20.64,631.0,OH,1 year,,,,,,,1
2500.0,42.55,475.0,MN,1 year,,,,,,,1
2000.0,0.0,445.0,WI,< 1 year,,,,,,,1
5000.0,16.05,700.0,TX,< 1 year,,,,,,,1
3000.0,12.6,590.0,WV,2 years,,,,,,,1
2500.0,8.67,0.0,MO,1 year,,,,,,,1
25000.0,0.0,494.0,FL,7 years,,,,,,,1
22000.0,37.09,645.0,DE,2 years,,,,,,,1
2500.0,3.0,619.0,TN,< 1 year,,,,,,,1
2000.0,10.45,628.0,OH,1 year,,,,,,,1
15000.0,20.57,512.0,FL,10+ years,,,,,,,1
5000.0,14.28,611.0,MO,< 1 year,,,,,,,1
15000.0,28.33,652.0,FL,3 years,,,,,,,1
5000.0,1.8,585.0,NY,< 1 year,,,,,,,1
9000.0,37.4,537.0,WA,3 years,,,,,,,1
1000.0,8.36,525.0,LA,< 1 year,,,,,,,1
3000.0,4.8,560.0,MO,1 year,,,,,,,1
1000.0,13.5,590.0,CT,< 1 year,,,,,,,1
1500.0,4.44,470.0,WA,4 years,,,,,,,1
10000.0,4.02,490.0,WI,2 years,,,,,,,1
10000.0,31.65,693.0,FL,3 years,,,,,,,1
3000.0,17.93,634.0,AL,10+ years,,,,,,,1
17000.0,22.76,628.0,MI,< 1 year,,,,,,,1
1000.0,9.95,603.0,TX,< 1 year,,,,,,,1
7000.0,4.02,532.0,IA,7 years,,,,,,,1
3000.0,10.04,569.0,LA,1 year,,,,,,,1
1000.0,7.8,628.0,MA,< 1 year,,,,,,,1
10000.0,28.46,605.0,VA,1 year,,,,,,,1
4000.0,100.0,,TX,< 1 year,,,,,,,1
5000.0,32.64,544.0,GA,2 years,,,,,,,1
1800.0,9.33,516.0,NY,< 1 year,,,,,,,1
10000.0,11.06,633.0,FL,3 years,,,,,,,1
25000.0,9.26,483.0,NC,< 1 year,,,,,,,1
5200.0,27.04,651.0,IL,< 1 year,,,,,,,1
5000.0,26.5,604.0,NY,1 year,,,,,,,1
2150.0,13.52,455.0,WI,1 year,,,,,,,1
5000.0,0.0,594.0,NY,1 year,,,,,,,1
23000.0,11.27,651.0,WA,1 year,,,,,,,1
25000.0,41.64,642.0,AK,1 year,,,,,,,1
2000.0,27.01,529.0,CA,1 year,,,,,,,1
5000.0,6.17,617.0,UT,< 1 year,,,,,,,1
5000.0,19.75,647.0,MI,8 years,,,,,,,1
25000.0,5.74,589.0,MN,2 years,,,,,,,1
3000.0,4.69,683.0,OH,2 years,,,,,,,1
5000.0,11.1,508.0,NY,3 years,,,,,,,1
5000.0,24.6,564.0,MD,10+ years,,,,,,,1
1000.0,67.14,561.0,WV,2 years,,,,,,,1
3500.0,0.0,572.0,AL,< 1 year,,,,,,,1
7500.0,24.0,525.0,MO,3 years,,,,,,,1
1000.0,21.43,482.0,TX,< 1 year,,,,,,,1
1500.0,2.52,581.0,KS,1 year,,,,,,,1
10000.0,13.35,635.0,CA,1 year,,,,,,,1
4000.0,12.29,515.0,NY,< 1 year,,,,,,,1
12000.0,22.72,789.0,MA,5 years,,,,,,,1
8000.0,15.67,595.0,KS,< 1 year,,,,,,,1
1300.0,11.53,468.0,NC,1 year,,,,,,,1
3000.0,7.3,543.0,NY,5 years,,,,,,,1
2200.0,0.5,596.0,OH,2 years,,,,,,,1
25000.0,10.29,619.0,MA,2 years,,,,,,,1
10000.0,12.93,474.0,WI,< 1 year,,,,,,,1
1000.0,0.0,0.0,GA,< 1 year,,,,,,,1
7500.0,0.0,528.0,MA,5 years,,,,,,,1
1000.0,109.2,646.0,TX,< 1 year,,,,,,,1
5000.0,10.12,600.0,MA,1 year,,,,,,,1
10000.0,0.0,0.0,NY,2 years,,,,,,,1
3000.0,9.07,594.0,NY,< 1 year,,,,,,,1
20000.0,9.87,635.0,FL,3 years,,,,,,,1
8500.0,30.19,702.0,OK,1 year,,,,,,,1
1000.0,21.7,561.0,TX,3 years,,,,,,,1
20000.0,0.69,530.0,WA,4 years,,,,,,,1
3500.0,13.55,538.0,NY,7 years,,,,,,,1
8000.0,12.38,462.0,FL,< 1 year,,,,,,,1
9000.0,2.81,625.0,ME,< 1 year,,,,,,,1
4500.0,15.79,628.0,CO,10+ years,,,,,,,1
1000.0,18.8,710.0,AR,< 1 year,,,,,,,1
25000.0,43.25,565.0,OH,10+ years,,,,,,,1
4000.0,6.12,666.0,OH,< 1 year,,,,,,,1
20000.0,5.2,549.0,VA,10+ years,,,,,,,1
5000.0,11.0,650.0,VT,2 years,,,,,,,1
25000.0,22.56,570.0,FL,2 years,,,,,,,1
4000.0,39.55,657.0,TX,2 years,,,,,,,1
11000.0,2.09,655.0,NY,10+ years,,,,,,,1
7000.0,30.79,647.0,MD,10+ years,,,,,,,1
4000.0,0.0,495.0,NY,7 years,,,,,,,1
1400.0,8.94,488.0,NY,9 years,,,,,,,1
15000.0,40.78,695.0,SC,2 years,,,,,,,1
5000.0,6.63,484.0,AR,8 years,,,,,,,1
7500.0,3.94,510.0,MD,6 years,,,,,,,1
2000.0,1.82,505.0,NC,10+ years,,,,,,,1
20000.0,0.0,543.0,NY,< 1 year,,,,,,,1
9000.0,38.42,566.0,MA,< 1 year,,,,,,,1
10000.0,50.76,535.0,MN,5 years,,,,,,,1
20000.0,29.12,671.0,AL,2 years,,,,,,,1
1000.0,0.0,601.0,IN,1 year,,,,,,,1
15000.0,680.31,480.0,SC,1 year,,,,,,,1
15000.0,8.58,534.0,CO,< 1 year,,,,,,,1
2000.0,0.75,535.0,NC,1 year,,,,,,,1
15000.0,23.6,571.0,NC,< 1 year,,,,,,,1
20000.0,27.72,609.0,NM,2 years,,,,,,,1
13000.0,45.78,583.0,UT,10+ years,,,,,,,1
25000.0,23.01,623.0,WA,4 years,,,,,,,1
2000.0,51.73,527.0,CO,6 years,,,,,,,1
20000.0,9.96,596.0,AR,6 years,,,,,,,1
5250.0,0.26,701.0,PA,< 1 year,,,,,,,1
4000.0,5.04,524.0,WA,1 year,,,,,,,1
12000.0,16.77,533.0,TN,< 1 year,,,,,,,1
2500.0,3.2,574.0,IN,1 year,,,,,,,1
6000.0,9.51,645.0,NY,< 1 year,,,,,,,1
5000.0,40.88,606.0,MD,10+ years,,,,,,,1
10700.0,10.55,542.0,VA,< 1 year,,,,,,,1
3500.0,0.0,487.0,FL,1 year,,,,,,,1
3000.0,0.0,574.0,IN,10+ years,,,,,,,1
6500.0,50.4,533.0,NJ,4 years,,,,,,,1
15000.0,3.76,433.0,GA,10+ years,,,,,,,1
5000.0,47.2,537.0,IN,3 years,,,,,,,1
20000.0,0.0,605.0,UT,1 year,,,,,,,1
18000.0,33.05,632.0,IL,10+ years,,,,,,,1
5000.0,0.0,0.0,NY,10+ years,,,,,,,1
5000.0,18.22,600.0,NJ,10+ years,,,,,,,1
3500.0,4.03,432.0,TX,2 years,,,,,,,1
1000.0,11.86,514.0,CO,2 years,,,,,,,1
2500.0,33.12,625.0,GA,5 years,,,,,,,1
13000.0,0.0,0.0,GA,< 1 year,,,,,,,1
1000.0,18.84,493.0,MN,< 1 year,,,,,,,1
4000.0,22.95,537.0,MN,3 years,,,,,,,1
4000.0,100.5,464.0,MO,< 1 year,,,,,,,1
25000.0,41.79,651.0,TX,10+ years,,,,,,,1
1000.0,9.19,554.0,MN,4 years,,,,,,,1
500.0,22.64,617.0,KS,< 1 year,,,,,,,1
25000.0,7.94,646.0,CO,1 year,,,,,,,1
5500.0,18.76,594.0,MD,< 1 year,,,,,,,1
4000.0,31.79,588.0,GA,6 years,,,,,,,1
1000.0,10.08,501.0,FL,< 1 year,,,,,,,1
1000.0,100.0,,TX,10+ years,,,,,,,1
1000.0,1.84,509.0,NC,< 1 year,,,,,,,1
6000.0,15.23,485.0,CO,7 years,,,,,,,1
1000.0,7.2,483.0,NJ,< 1 year,,,,,,,1
1000.0,16.26,449.0,OH,< 1 year,,,,,,,1
20000.0,17.79,631.0,UT,3 years,,,,,,,1
5000.0,24.2,593.0,WI,10+ years,,,,,,,1
2500.0,15.18,545.0,HI,1 year,,,,,,,1
3000.0,56.27,639.0,LA,2 years,,,,,,,1
20000.0,25.8,646.0,NY,< 1 year,,,,,,,1
3000.0,20400.0,726.0,NJ,< 1 year,,,,,,,1
1000.0,0.0,0.0,TX,< 1 year,,,,,,,1
1500.0,14.35,543.0,NH,5 years,,,,,,,1
3500.0,242.83,661.0,NC,10+ years,,,,,,,1
5000.0,3.74,503.0,NJ,< 1 year,,,,,,,1
25000.0,6.69,727.0,MD,< 1 year,,,,,,,1
1200.0,3.63,586.0,NY,< 1 year,,,,,,,1
3500.0,0.0,525.0,CO,< 1 year,,,,,,,1
1000.0,414.4,432.0,MO,< 1 year,,,,,,,1
20000.0,33.04,563.0,NY,5 years,,,,,,,1
4500.0,21.03,535.0,NY,< 1 year,,,,,,,1
10000.0,0.0,575.0,FL,4 years,,,,,,,1
8000.0,36.68,504.0,MI,6 years,,,,,,,1
1500.0,2.54,491.0,CO,< 1 year,,,,,,,1
1500.0,14.4,0.0,KS,2 years,,,,,,,1
2500.0,88.4,456.0,NJ,3 years,,,,,,,1
2500.0,0.0,544.0,VA,< 1 year,,,,,,,1
15000.0,2.37,592.0,NY,< 1 year,,,,,,,1
5000.0,63.5,507.0,TX,3 years,,,,,,,1
3000.0,11.96,522.0,NY,3 years,,,,,,,1
2500.0,12.5,609.0,TX,< 1 year,,,,,,,1
25000.0,28.19,666.0,NJ,10+ years,,,,,,,1
5500.0,0.0,597.0,GA,< 1 year,,,,,,,1
10000.0,73.87,482.0,MA,< 1 year,,,,,,,1
1500.0,0.0,594.0,MO,< 1 year,,,,,,,1
22000.0,17.11,595.0,NY,1 year,,,,,,,1
1000.0,27.21,720.0,MO,4 years,,,,,,,1
20000.0,19.49,724.0,KY,3 years,,,,,,,1
4000.0,6.56,502.0,PA,1 year,,,,,,,1
1000.0,32.8,676.0,IN,2 years,,,,,,,1
1100.0,6.78,504.0,FL,< 1 year,,,,,,,1
25000.0,15.36,562.0,FL,< 1 year,,,,,,,1
8000.0,47.63,727.0,NY,4 years,,,,,,,1
6000.0,18.91,499.0,PA,9 years,,,,,,,1
5000.0,13.43,632.0,CT,< 1 year,,,,,,,1
15000.0,40.73,621.0,TN,1 year,,,,,,,1
25000.0,34.42,546.0,MO,< 1 year,,,,,,,1
3500.0,48.68,644.0,FL,2 years,,,,,,,1
3000.0,2.18,600.0,NY,1 year,,,,,,,1
5000.0,0.0,539.0,AK,< 1 year,,,,,,,1
10500.0,6.95,467.0,AL,< 1 year,,,,,,,1
11000.0,6.0,453.0,NJ,< 1 year,,,,,,,1
1000.0,8.17,561.0,FL,1 year,,,,,,,1
8000.0,38.4,500.0,CO,5 years,,,,,,,1
13000.0,19.95,595.0,FL,< 1 year,,,,,,,1
15000.0,0.0,519.0,FL,1 year,,,,,,,1
8000.0,4.89,650.0,MA,< 1 year,,,,,,,1
4500.0,14.47,564.0,MA,< 1 year,,,,,,,1
21000.0,18.43,641.0,TX,< 1 year,,,,,,,1
15000.0,28.95,492.0,FL,2 years,,,,,,,1
5000.0,5.36,424.0,LA,< 1 year,,,,,,,1
20000.0,25.32,647.0,MN,1 year,,,,,,,1
500.0,28.96,567.0,MD,< 1 year,,,,,,,1
4000.0,4.13,473.0,GA,1 year,,,,,,,1
15000.0,12.46,598.0,VA,7 years,,,,,,,1
1000.0,36.42,607.0,GA,< 1 year,,,,,,,1
5000.0,9.19,492.0,CO,3 years,,,,,,,1
925.0,13.2,0.0,CO,< 1 year,,,,,,,1
25000.0,45.6,667.0,NY,1 year,,,,,,,1
7500.0,16.19,430.0,OH,4 years,,,,,,,1
2000.0,23.23,546.0,PA,3 years,,,,,,,1
5000.0,23.52,507.0,MS,< 1 year,,,,,,,1
1000.0,1.32,469.0,TX,1 year,,,,,,,1
10500.0,32.61,612.0,NY,1 year,,,,,,,1
4000.0,35.49,567.0,DC,< 1 year,,,,,,,1
4500.0,4.72,554.0,NY,5 years,,,,,,,1
2500.0,37.58,549.0,OH,4 years,,,,,,,1
8000.0,6.07,561.0,DC,< 1 year,,,,,,,1
2500.0,19.4,566.0,TN,10+ years,,,,,,,1
5000.0,16.33,592.0,NE,5 years,,,,,,,1
4000.0,0.0,578.0,MA,2 years,,,,,,,1
2000.0,12.0,656.0,WA,2 years,,,,,,,1
1500.0,23.2,669.0,IN,10+ years,,,,,,,1
500.0,1.86,635.0,MA,< 1 year,,,,,,,1
1000.0,25.5,535.0,FL,< 1 year,,,,,,,1
1000.0,0.0,418.0,MO,< 1 year,,,,,,,1
9825.0,14.28,576.0,CA,2 years,,,,,,,1
1000.0,0.0,526.0,WI,1 year,,,,,,,1
5000.0,21.06,570.0,CA,6 years,,,,,,,1
8000.0,27.0,609.0,KY,< 1 year,,,,,,,1
1000.0,266.67,618.0,AL,< 1 year,,,,,,,1
1000.0,0.34,0.0,GA,< 1 year,,,,,,,1
25000.0,13.92,494.0,NJ,1 year,,,,,,,1
15000.0,8.25,473.0,FL,7 years,,,,,,,1
3000.0,35.79,698.0,NJ,< 1 year,,,,,,,1
2500.0,21.17,574.0,GA,< 1 year,,,,,,,1
2500.0,23.88,493.0,AL,< 1 year,,,,,,,1
1000.0,1.98,454.0,PA,< 1 year,,,,,,,1
2000.0,0.0,588.0,NJ,< 1 year,,,,,,,1
1000.0,0.89,525.0,NY,< 1 year,,,,,,,1
2500.0,0.0,0.0,FL,< 1 year,,,,,,,1
25000.0,1.92,541.0,PA,1 year,,,,,,,1
8300.0,24.95,592.0,KS,7 years,,,,,,,1
500.0,16.37,469.0,LA,< 1 year,,,,,,,1
1000.0,8.27,553.0,WA,< 1 year,,,,,,,1
2000.0,0.0,504.0,IN,1 year,,,,,,,1
10000.0,14.12,493.0,FL,10+ years,,,,,,,1
3500.0,4.54,492.0,TX,1 year,,,,,,,1
5000.0,21.68,512.0,CO,4 years,,,,,,,1
6000.0,9.94,606.0,TN,< 1 year,,,,,,,1
3000.0,3.25,565.0,KS,< 1 year,,,,,,,1
12000.0,2.04,620.0,NC,3 years,,,,,,,1
16000.0,2.48,440.0,GA,2 years,,,,,,,1
5000.0,6.38,454.0,FL,1 year,,,,,,,1
5000.0,8.04,483.0,WI,< 1 year,,,,,,,1
10000.0,0.0,477.0,MN,< 1 year,,,,,,,1
6000.0,23.43,637.0,NE,1 year,,,,,,,1
5000.0,44.17,496.0,FL,< 1 year,,,,,,,1
5000.0,12.62,527.0,VA,1 year,,,,,,,1
12000.0,245.63,429.0,LA,3 years,,,,,,,1
20000.0,38.06,570.0,TX,3 years,,,,,,,1
1000.0,0.0,703.0,AR,< 1 year,,,,,,,1
20000.0,7.12,553.0,OK,10+ years,,,,,,,1
10000.0,43.26,603.0,FL,4 years,,,,,,,1
2500.0,0.0,599.0,UT,1 year,,,,,,,1
3000.0,1.97,547.0,NY,< 1 year,,,,,,,1
1000.0,16.32,487.0,MN,1 year,,,,,,,1
1000.0,7.17,523.0,NC,2 years,,,,,,,1
3000.0,0.0,0.0,FL,< 1 year,,,,,,,1
10000.0,12.17,480.0,OH,10+ years,,,,,,,1
3000.0,23.96,510.0,VT,2 years,,,,,,,1
3000.0,0.0,0.0,KY,1 year,,,,,,,1
1000.0,9.69,567.0,WI,1 year,,,,,,,1
4500.0,82.38,482.0,NC,< 1 year,,,,,,,1
3500.0,0.0,533.0,GA,10+ years,,,,,,,1
2500.0,0.3,541.0,IN,< 1 year,,,,,,,1
1000.0,14.16,600.0,OK,< 1 year,,,,,,,1
5000.0,5.2,530.0,OK,2 years,,,,,,,1
4500.0,8.02,623.0,NE,< 1 year,,,,,,,1
2500.0,0.62,465.0,NC,< 1 year,,,,,,,1
8000.0,6.36,543.0,MD,7 years,,,,,,,1
6000.0,31.63,524.0,IN,< 1 year,,,,,,,1
5000.0,21.49,549.0,OH,1 year,,,,,,,1
15000.0,15.76,639.0,CA,10+ years,,,,,,,1
1000.0,10.03,435.0,FL,1 year,,,,,,,1
8000.0,11.47,610.0,NY,1 year,,,,,,,1
5000.0,28.14,455.0,TX,8 years,,,,,,,1
5000.0,32.81,451.0,TX,10+ years,,,,,,,1
10000.0,33.05,472.0,WI,< 1 year,,,,,,,1
20000.0,8.92,646.0,FL,2 years,,,,,,,1
15000.0,13.76,519.0,NY,3 years,,,,,,,1
2000.0,6.89,451.0,VT,8 years,,,,,,,1
7000.0,16.22,471.0,FL,< 1 year,,,,,,,1
4500.0,2.95,475.0,NC,1 year,,,,,,,1
5000.0,11.77,644.0,VA,< 1 year,,,,,,,1
14000.0,0.0,607.0,PA,7 years,,,,,,,1
25000.0,15.17,697.0,NY,7 years,,,,,,,1
2300.0,6.24,448.0,MI,9 years,,,,,,,1
1500.0,9.57,455.0,IN,< 1 year,,,,,,,1
5500.0,1.34,0.0,NJ,< 1 year,,,,,,,1
2000.0,18.86,625.0,OK,4 years,,,,,,,1
3500.0,0.6,0.0,FL,< 1 year,,,,,,,1
8000.0,10.01,601.0,IN,3 years,,,,,,,1
1000.0,20.19,609.0,FL,10+ years,,,,,,,1
2000.0,13.0,592.0,NY,2 years,,,,,,,1
1500.0,0.0,493.0,FL,< 1 year,,,,,,,1
12000.0,4.43,556.0,NY,10+ years,,,,,,,1
4500.0,6.0,604.0,MD,1 year,,,,,,,1
500.0,1.92,556.0,NC,1 year,,,,,,,1
15000.0,10.57,526.0,GA,< 1 year,,,,,,,1
3000.0,28.42,651.0,WA,< 1 year,,,,,,,1
3000.0,24.65,588.0,GA,< 1 year,,,,,,,1
3000.0,0.0,550.0,FL,1 year,,,,,,,1
6000.0,11.49,428.0,OH,< 1 year,,,,,,,1
5000.0,18.33,496.0,MO,< 1 year,,,,,,,1
8000.0,29.57,623.0,NC,8 years,,,,,,,1
15000.0,4.14,637.0,OH,3 years,,,,,,,1
15000.0,30.52,640.0,GA,2 years,,,,,,,1
5000.0,31.45,473.0,NE,< 1 year,,,,,,,1
3000.0,13.47,417.0,NC,1 year,,,,,,,1
2000.0,54.35,593.0,NE,< 1 year,,,,,,,1
5000.0,17.44,455.0,IN,3 years,,,,,,,1
25000.0,0.0,0.0,KY,1 year,,,,,,,1
12000.0,18.65,554.0,PA,4 years,,,,,,,1
2000.0,29.13,511.0,FL,< 1 year,,,,,,,1
7000.0,0.0,482.0,NY,< 1 year,,,,,,,1
3000.0,18.75,570.0,UT,< 1 year,,,,,,,1
4750.0,5.0,618.0,MA,< 1 year,,,,,,,1
6000.0,0.0,545.0,NY,4 years,,,,,,,1
2000.0,10.63,536.0,WA,1 year,,,,,,,1
4000.0,5.98,420.0,IN,< 1 year,,,,,,,1
2000.0,19.98,647.0,OH,1 year,,,,,,,1
600.0,2.66,562.0,MA,1 year,,,,,,,1
1000.0,4.55,589.0,FL,1 year,,,,,,,1
6000.0,7.38,625.0,NC,10+ years,,,,,,,1
7500.0,8.6,582.0,MN,< 1 year,,,,,,,1
15000.0,0.33,577.0,FL,2 years,,,,,,,1
3500.0,0.57,595.0,GA,1 year,,,,,,,1
1500.0,12.65,615.0,TX,1 year,,,,,,,1
13000.0,14.56,650.0,WA,10+ years,,,,,,,1
25000.0,24.94,555.0,AK,10+ years,,,,,,,1
4500.0,10.75,631.0,NY,10+ years,,,,,,,1
15000.0,14.81,591.0,FL,2 years,,,,,,,1
1400.0,0.67,536.0,FL,1 year,,,,,,,1
1500.0,2.91,529.0,WI,< 1 year,,,,,,,1
2000.0,4.41,478.0,CT,3 years,,,,,,,1
1700.0,17.67,455.0,NY,< 1 year,,,,,,,1
2000.0,7.25,646.0,OK,10+ years,,,,,,,1
6000.0,15.66,546.0,VA,3 years,,,,,,,1
20000.0,25.46,452.0,GA,3 years,,,,,,,1
7500.0,1.65,623.0,RI,5 years,,,,,,,1
10000.0,23.19,614.0,WI,< 1 year,,,,,,,1
7275.0,2.15,457.0,MD,3 years,,,,,,,1
7500.0,8.16,400.0,MD,3 years,,,,,,,1
500.0,21.03,526.0,AK,< 1 year,,,,,,,1
7500.0,15.41,546.0,MN,1 year,,,,,,,1
10000.0,12.75,592.0,NY,1 year,,,,,,,1
7000.0,0.0,0.0,NY,1 year,,,,,,,1
3000.0,12.86,594.0,VA,6 years,,,,,,,1
5000.0,21.65,518.0,PA,3 years,,,,,,,1
5000.0,32.96,632.0,MD,< 1 year,,,,,,,1
10000.0,29.73,662.0,TX,1 year,,,,,,,1
500.0,1.1,535.0,NJ,1 year,,,,,,,1
25000.0,11.95,430.0,FL,1 year,,,,,,,1
2500.0,14.53,506.0,WI,2 years,,,,,,,1
10000.0,14.25,635.0,NY,2 years,,,,,,,1
1000.0,85.0,660.0,FL,6 years,,,,,,,1
2500.0,0.0,0.0,IN,< 1 year,,,,,,,1
2000.0,14.01,488.0,NC,2 years,,,,,,,1
25000.0,22.9,688.0,MA,1 year,,,,,,,1
17000.0,74.86,635.0,NC,1 year,,,,,,,1
600.0,14.4,618.0,DE,< 1 year,,,,,,,1
13500.0,25.25,668.0,VA,10+ years,,,,,,,1
7500.0,100.0,,NV,3 years,,,,,,,1
10000.0,47.56,689.0,FL,2 years,,,,,,,1
25000.0,0.0,527.0,WI,2 years,,,,,,,1
10000.0,34.37,711.0,FL,1 year,,,,,,,1
3500.0,0.0,518.0,NC,< 1 year,,,,,,,1
1300.0,11.39,632.0,GA,1 year,,,,,,,1
7000.0,9.0,680.0,MS,10+ years,,,,,,,1
20000.0,30.67,591.0,IN,3 years,,,,,,,1
3500.0,63.75,663.0,TX,1 year,,,,,,,1
6000.0,57.66,654.0,FL,1 year,,,,,,,1
5000.0,56.4,601.0,FL,< 1 year,,,,,,,1
2000.0,11.6,622.0,NJ,< 1 year,,,,,,,1
1500.0,31.61,507.0,TX,5 years,,,,,,,1
3500.0,13.21,460.0,NJ,7 years,,,,,,,1
6000.0,569.27,484.0,DC,10+ years,,,,,,,1
3300.0,1.57,437.0,NJ,1 year,,,,,,,1
1000.0,5.12,600.0,PA,< 1 year,,,,,,,1
3000.0,28.4,505.0,WI,< 1 year,,,,,,,1
7000.0,17.29,591.0,NE,6 years,,,,,,,1
10000.0,17.34,517.0,IN,< 1 year,,,,,,,1
3000.0,6.09,433.0,FL,2 years,,,,,,,1
1200.0,19.95,544.0,NC,< 1 year,,,,,,,1
4100.0,3.23,509.0,NJ,2 years,,,,,,,1
10000.0,4.44,568.0,WI,3 years,,,,,,,1
2500.0,18.62,632.0,NE,1 year,,,,,,,1
10000.0,0.0,535.0,CO,2 years,,,,,,,1
12000.0,0.0,0.0,NY,6 years,,,,,,,1
3000.0,16.63,,FL,2 years,,,,,,,1
5000.0,43.44,514.0,MA,1 year,,,,,,,1
7500.0,28.45,554.0,WI,4 years,,,,,,,1
25000.0,17.92,577.0,LA,2 years,,,,,,,1
1775.0,9.95,547.0,MA,4 years,,,,,,,1
12000.0,9.63,690.0,WI,< 1 year,,,,,,,1
5000.0,4.2,705.0,TX,< 1 year,,,,,,,1
1000.0,2.0,535.0,WA,< 1 year,,,,,,,1
10000.0,26.87,626.0,NC,1 year,,,,,,,1
3500.0,92.84,621.0,TX,< 1 year,,,,,,,1
3500.0,5.33,571.0,TX,9 years,,,,,,,1
5000.0,10.82,563.0,CA,1 year,,,,,,,1
6000.0,3.29,550.0,CT,< 1 year,,,,,,,1
6000.0,0.48,425.0,SC,10+ years,,,,,,,1
5000.0,0.0,466.0,TX,< 1 year,,,,,,,1
4000.0,0.0,462.0,NC,< 1 year,,,,,,,1
1500.0,3.98,576.0,LA,1 year,,,,,,,1
8000.0,31.87,487.0,PA,2 years,,,,,,,1
1550.0,7.93,478.0,FL,< 1 year,,,,,,,1
7000.0,13.25,484.0,WI,< 1 year,,,,,,,1
5000.0,3.9,628.0,VA,< 1 year,,,,,,,1
25000.0,65.8,636.0,MI,1 year,,,,,,,1
5000.0,1.75,466.0,CO,3 years,,,,,,,1
4800.0,15.93,469.0,CA,1 year,,,,,,,1
1000.0,68.0,680.0,MD,6 years,,,,,,,1
9500.0,0.0,548.0,TX,2 years,,,,,,,1
500.0,0.0,0.0,TN,< 1 year,,,,,,,1
15000.0,2.31,582.0,MN,< 1 year,,,,,,,1
500.0,0.0,530.0,NY,1 year,,,,,,,1
2500.0,23.5,561.0,TX,< 1 year,,,,,,,1
25000.0,0.0,0.0,AL,2 years,,,,,,,1
500.0,20.16,492.0,WV,< 1 year,,,,,,,1
2200.0,27.6,703.0,MN,2 years,,,,,,,1
3750.0,3.36,595.0,AZ,1 year,,,,,,,1
3500.0,7.53,563.0,CO,1 year,,,,,,,1
1200.0,1.71,557.0,SC,< 1 year,,,,,,,1
4925.0,1.71,532.0,NC,1 year,,,,,,,1
2000.0,6.21,513.0,NJ,< 1 year,,,,,,,1
2000.0,22.17,644.0,NJ,< 1 year,,,,,,,1
1000.0,28.56,636.0,NM,< 1 year,,,,,,,1
1500.0,32.35,674.0,GA,< 1 year,,,,,,,1
500.0,45.08,604.0,FL,1 year,,,,,,,1
2000.0,9.08,440.0,KY,< 1 year,,,,,,,1
12500.0,26.84,543.0,SC,6 years,,,,,,,1
15000.0,0.0,581.0,FL,9 years,,,,,,,1
15000.0,32.34,727.0,NY,1 year,,,,,,,1
25000.0,20.62,702.0,AZ,< 1 year,,,,,,,1
5000.0,22.51,634.0,CA,< 1 year,,,,,,,1
14000.0,13.48,623.0,CT,1 year,,,,,,,1
1600.0,15.74,427.0,OH,1 year,,,,,,,1
1000.0,0.0,495.0,NJ,5 years,,,,,,,1
10000.0,0.88,512.0,NY,1 year,,,,,,,1
15000.0,36.53,639.0,AZ,< 1 year,,,,,,,1
22000.0,41.86,658.0,CT,10+ years,,,,,,,1
8000.0,618.7,480.0,TX,< 1 year,,,,,,,1
2000.0,17.4,466.0,NY,< 1 year,,,,,,,1
16000.0,37.11,667.0,CT,8 years,,,,,,,1
5000.0,17.28,476.0,NY,< 1 year,,,,,,,1
5000.0,16.58,493.0,MA,< 1 year,,,,,,,1
800.0,0.0,0.0,MO,1 year,,,,,,,1
500.0,0.0,570.0,VA,10+ years,,,,,,,1
20000.0,8.55,664.0,FL,1 year,,,,,,,1
10000.0,24.96,488.0,FL,< 1 year,,,,,,,1
25000.0,84.9,712.0,CO,10+ years,,,,,,,1
15000.0,45.7,656.0,NY,3 years,,,,,,,1
1000.0,7.54,539.0,MA,4 years,,,,,,,1
25000.0,19.32,558.0,MD,2 years,,,,,,,1
25000.0,16.27,599.0,MA,7 years,,,,,,,1
2500.0,22.8,624.0,FL,2 years,,,,,,,1
10000.0,14.28,569.0,OH,2 years,,,,,,,1
20000.0,16.78,464.0,OH,10+ years,,,,,,,1
5500.0,4.05,497.0,NJ,10+ years,,,,,,,1
1500.0,18.08,570.0,NC,< 1 year,,,,,,,1
6000.0,30.45,648.0,DC,< 1 year,,,,,,,1
15000.0,32.5,483.0,GA,< 1 year,,,,,,,1
15000.0,29.32,525.0,IL,4 years,,,,,,,1
7000.0,5.31,559.0,TX,1 year,,,,,,,1
1500.0,39.12,520.0,GA,< 1 year,,,,,,,1
10000.0,36.71,554.0,NY,3 years,,,,,,,1
2500.0,0.0,0.0,FL,< 1 year,,,,,,,1
5000.0,0.0,0.0,NY,3 years,,,,,,,1
7500.0,11.87,529.0,WI,< 1 year,,,,,,,1
2000.0,3.59,577.0,AL,< 1 year,,,,,,,1
5000.0,51.16,623.0,MN,10+ years,,,,,,,1
2000.0,13.83,533.0,VA,6 years,,,,,,,1
2500.0,15.9,573.0,NY,2 years,,,,,,,1
2000.0,0.87,565.0,AZ,1 year,,,,,,,1
9000.0,0.0,431.0,VA,1 year,,,,,,,1
20000.0,2.23,476.0,OH,9 years,,,,,,,1
1000.0,33.86,525.0,DE,8 years,,,,,,,1
1000.0,19.28,627.0,TX,10+ years,,,,,,,1
12000.0,0.0,570.0,OH,< 1 year,,,,,,,1
2000.0,5.85,556.0,MN,10+ years,,,,,,,1
1500.0,0.0,0.0,AL,3 years,,,,,,,1
5000.0,26.36,634.0,FL,2 years,,,,,,,1
1550.0,6.32,570.0,NM,2 years,,,,,,,1
7000.0,7.89,493.0,OK,2 years,,,,,,,1
5000.0,6.16,591.0,GA,1 year,,,,,,,1
1000.0,0.0,589.0,TN,3 years,,,,,,,1
17000.0,15.84,616.0,PA,2 years,,,,,,,1
1000.0,4.76,427.0,WI,3 years,,,,,,,1
20000.0,11.16,622.0,NY,4 years,,,,,,,1
8000.0,10.39,441.0,CT,< 1 year,,,,,,,1
7000.0,7.68,582.0,FL,2 years,,,,,,,1
7000.0,0.55,609.0,FL,2 years,,,,,,,1
10000.0,146.4,500.0,TX,< 1 year,,,,,,,1
1000.0,3.16,614.0,MA,1 year,,,,,,,1
20000.0,13.94,449.0,IN,2 years,,,,,,,1
5000.0,5.4,544.0,FL,9 years,,,,,,,1
1000.0,4.56,650.0,AZ,< 1 year,,,,,,,1
23000.0,59.25,658.0,MN,5 years,,,,,,,1
1500.0,0.41,511.0,NE,3 years,,,,,,,1
10000.0,7.71,596.0,VA,2 years,,,,,,,1
5000.0,5.49,595.0,IN,3 years,,,,,,,1
1000.0,9999.0,582.0,VA,< 1 year,,,,,,,1
3000.0,15.03,608.0,IN,1 year,,,,,,,1
8500.0,260.28,420.0,LA,8 years,,,,,,,1
5500.0,17.97,600.0,NY,1 year,,,,,,,1
2000.0,0.0,634.0,TX,1 year,,,,,,,1
25000.0,19.16,592.0,FL,4 years,,,,,,,1
3000.0,36.83,466.0,AL,3 years,,,,,,,1
10000.0,25.48,631.0,KY,6 years,,,,,,,1
10000.0,25.15,611.0,GA,1 year,,,,,,,1
20000.0,10.5,586.0,NC,< 1 year,,,,,,,1
20000.0,9.51,634.0,WA,1 year,,,,,,,1
5000.0,30.96,661.0,AR,1 year,,,,,,,1
1500.0,100.0,658.0,TX,< 1 year,,,,,,,1
4000.0,14.87,511.0,SC,4 years,,,,,,,1
5000.0,22.62,477.0,MO,10+ years,,,,,,,1
7000.0,16.65,642.0,NY,3 years,,,,,,,1
2000.0,25.38,477.0,KY,1 year,,,,,,,1
500.0,372.0,523.0,GA,< 1 year,,,,,,,1
6000.0,0.0,0.0,NJ,2 years,,,,,,,1
6000.0,8.16,525.0,AR,3 years,,,,,,,1
4000.0,7.34,547.0,GA,1 year,,,,,,,1
11000.0,685.09,431.0,FL,< 1 year,,,,,,,1
1500.0,15.4,541.0,UT,6 years,,,,,,,1
1500.0,2.4,460.0,GA,< 1 year,,,,,,,1
500.0,0.0,591.0,WA,2 years,,,,,,,1
500.0,11.22,522.0,TX,3 years,,,,,,,1
18000.0,44.83,671.0,OH,10+ years,,,,,,,1
10000.0,19.45,543.0,GA,< 1 year,,,,,,,1
2525.0,10.27,496.0,GA,8 years,,,,,,,1
20000.0,15.0,698.0,NY,< 1 year,,,,,,,1
9000.0,9.21,554.0,WA,1 year,,,,,,,1
6500.0,16.57,715.0,MN,3 years,,,,,,,1
750.0,2.4,611.0,OH,4 years,,,,,,,1
5000.0,50.19,559.0,NC,5 years,,,,,,,1
12000.0,2.57,0.0,TX,< 1 year,,,,,,,1
25000.0,3012.0,686.0,CA,< 1 year,,,,,,,1
10000.0,1.61,539.0,WV,< 1 year,,,,,,,1
3000.0,19.77,591.0,MO,4 years,,,,,,,1
20000.0,0.0,508.0,NY,< 1 year,,,,,,,1
6000.0,0.43,618.0,WA,< 1 year,,,,,,,1
13000.0,19.69,431.0,MD,10+ years,,,,,,,1
9000.0,0.9,455.0,WA,1 year,,,,,,,1
5000.0,9.93,515.0,TX,< 1 year,,,,,,,1
25000.0,16.53,622.0,MA,8 years,,,,,,,1
1000.0,5.04,495.0,ME,2 years,,,,,,,1
5000.0,4.0,458.0,GA,3 years,,,,,,,1
7500.0,8.0,570.0,MS,3 years,,,,,,,1
25000.0,13.95,469.0,FL,< 1 year,,,,,,,1
2000.0,25.11,598.0,NC,9 years,,,,,,,1
500.0,11.28,512.0,KS,< 1 year,,,,,,,1
15000.0,10.97,490.0,TX,< 1 year,,,,,,,1
5000.0,17.05,549.0,FL,4 years,,,,,,,1
950.0,9.37,461.0,FL,3 years,,,,,,,1
1000.0,27.78,610.0,TX,4 years,,,,,,,1
16225.0,18.0,659.0,LA,3 years,,,,,,,1
500.0,12.26,589.0,NJ,1 year,,,,,,,1
5000.0,2.4,0.0,KY,1 year,,,,,,,1
15000.0,6.25,564.0,CA,2 years,,,,,,,1
5500.0,8.72,623.0,FL,10+ years,,,,,,,1
13000.0,25.17,542.0,TX,< 1 year,,,,,,,1
12000.0,38.17,538.0,TX,2 years,,,,,,,1
4000.0,25.5,508.0,AZ,< 1 year,,,,,,,1
5000.0,10.82,533.0,LA,1 year,,,,,,,1
7500.0,6.3,582.0,MD,< 1 year,,,,,,,1
8000.0,9.38,544.0,NY,< 1 year,,,,,,,1
2000.0,0.0,480.0,MO,< 1 year,,,,,,,1
4000.0,4.78,589.0,MD,5 years,,,,,,,1
6000.0,4.08,483.0,CO,1 year,,,,,,,1
25000.0,23.94,604.0,VA,< 1 year,,,,,,,1
7500.0,14.78,449.0,MN,6 years,,,,,,,1
2700.0,31.69,526.0,OK,6 years,,,,,,,1
2500.0,12.56,442.0,FL,1 year,,,,,,,1
500.0,63600.0,670.0,MN,2 years,,,,,,,1
5000.0,13.92,578.0,CO,1 year,,,,,,,1
700.0,9.63,410.0,TX,< 1 year,,,,,,,1
25000.0,3.16,625.0,WI,10+ years,,,,,,,1
5000.0,20.95,650.0,WA,5 years,,,,,,,1
3000.0,41.71,553.0,FL,2 years,,,,,,,1
5000.0,13.76,419.0,OK,1 year,,,,,,,1
5000.0,34.75,475.0,OH,< 1 year,,,,,,,1
3000.0,0.85,542.0,NV,2 years,,,,,,,1
9000.0,52.98,650.0,AZ,< 1 year,,,,,,,1
22300.0,37.05,629.0,CA,< 1 year,,,,,,,1
5000.0,0.52,583.0,UT,1 year,,,,,,,1
25000.0,2.74,613.0,AZ,3 years,,,,,,,1
2000.0,0.0,501.0,NY,< 1 year,,,,,,,1
8700.0,52.95,682.0,LA,4 years,,,,,,,1
5000.0,4.72,460.0,NY,1 year,,,,,,,1
25000.0,0.0,498.0,NJ,< 1 year,,,,,,,1
5000.0,25.0,700.0,NY,< 1 year,,,,,,,1
1000.0,18.18,516.0,WI,2 years,,,,,,,1
12500.0,19.02,517.0,LA,1 year,,,,,,,1
25000.0,16.54,425.0,AL,2 years,,,,,,,1
10000.0,7.1,495.0,FL,1 year,,,,,,,1
1500.0,2.5,578.0,WV,1 year,,,,,,,1
25000.0,33.0,700.0,WI,5 years,,,,,,,1
2000.0,16.66,510.0,KY,4 years,,,,,,,1
1500.0,0.0,550.0,WV,< 1 year,,,,,,,1
5000.0,27.31,613.0,FL,10+ years,,,,,,,1
10000.0,47.02,650.0,NY,< 1 year,,,,,,,1
5000.0,2.38,574.0,OK,10+ years,,,,,,,1
3000.0,26.74,578.0,FL,< 1 year,,,,,,,1
8000.0,25.92,648.0,NJ,< 1 year,,,,,,,1
2000.0,30.6,605.0,CT,2 years,,,,,,,1
10000.0,0.0,528.0,NY,2 years,,,,,,,1
5000.0,1.26,0.0,NY,3 years,,,,,,,1
4000.0,12.72,558.0,FL,< 1 year,,,,,,,1
4000.0,0.0,653.0,MA,1 year,,,,,,,1
10000.0,4.14,581.0,GA,3 years,,,,,,,1
16200.0,0.0,577.0,GA,< 1 year,,,,,,,1
3000.0,0.0,522.0,AZ,3 years,,,,,,,1
25000.0,56.61,502.0,UT,2 years,,,,,,,1
25000.0,24.31,579.0,OH,3 years,,,,,,,1
500.0,0.0,0.0,NY,< 1 year,,,,,,,1
1500.0,112.0,527.0,OK,< 1 year,,,,,,,1
2700.0,11.69,552.0,MO,1 year,,,,,,,1
2000.0,41.57,453.0,MO,< 1 year,,,,,,,1
18000.0,12.38,492.0,VA,< 1 year,,,,,,,1
2475.0,10.0,487.0,MA,< 1 year,,,,,,,1
3000.0,0.0,431.0,FL,< 1 year,,,,,,,1
20000.0,46.98,582.0,AL,4 years,,,,,,,1
5000.0,1.02,457.0,MI,1 year,,,,,,,1
7000.0,44.4,637.0,OH,8 years,,,,,,,1
800.0,444.0,511.0,KS,< 1 year,,,,,,,1
6000.0,8.56,478.0,NY,2 years,,,,,,,1
5000.0,25.95,553.0,NY,4 years,,,,,,,1
20000.0,18.17,517.0,MN,2 years,,,,,,,1
3000.0,28.24,493.0,MA,1 year,,,,,,,1
3000.0,2.56,626.0,NY,1 year,,,,,,,1
25000.0,17.64,670.0,FL,< 1 year,,,,,,,1
1000.0,0.44,664.0,CT,10+ years,,,,,,,1
25000.0,71.27,503.0,KY,2 years,,,,,,,1
1000.0,16.19,659.0,AL,6 years,,,,,,,1
7000.0,23.13,507.0,AZ,5 years,,,,,,,1
4500.0,0.0,496.0,VA,1 year,,,,,,,1
2600.0,14.88,576.0,FL,< 1 year,,,,,,,1
2400.0,22.17,569.0,DE,9 years,,,,,,,1
3000.0,5.45,504.0,NY,< 1 year,,,,,,,1
25000.0,21.11,605.0,FL,10+ years,,,,,,,1
5000.0,25.2,661.0,NJ,2 years,,,,,,,1
25000.0,27.38,664.0,NY,2 years,,,,,,,1
4300.0,7.06,604.0,OH,< 1 year,,,,,,,1
5000.0,1.09,536.0,NE,1 year,,,,,,,1
3000.0,8.84,598.0,NJ,< 1 year,,,,,,,1
10000.0,42.15,611.0,NJ,< 1 year,,,,,,,1
6000.0,17.33,568.0,FL,5 years,,,,,,,1
7500.0,6.24,503.0,NY,3 years,,,,,,,1
2000.0,25.24,532.0,CO,5 years,,,,,,,1
5000.0,105.43,558.0,CO,5 years,,,,,,,1
20000.0,35.91,560.0,NY,< 1 year,,,,,,,1
15000.0,7.6,582.0,OH,2 years,,,,,,,1
5000.0,21.65,506.0,MO,< 1 year,,,,,,,1
9000.0,51.1,627.0,MN,< 1 year,,,,,,,1
1000.0,10.8,579.0,MI,3 years,,,,,,,1
3500.0,20.32,556.0,SC,2 years,,,,,,,1
8000.0,19.73,468.0,MS,1 year,,,,,,,1
2500.0,12.07,536.0,GA,< 1 year,,,,,,,1
10000.0,17.76,628.0,NY,< 1 year,,,,,,,1
1250.0,324.0,485.0,MO,2 years,,,,,,,1
10000.0,28.77,683.0,PA,1 year,,,,,,,1
17000.0,16.8,483.0,OK,2 years,,,,,,,1
1450.0,16.59,489.0,CO,10+ years,,,,,,,1
1850.0,31.0,541.0,WI,< 1 year,,,,,,,1
1000.0,12.87,712.0,UT,5 years,,,,,,,1
8500.0,2.84,658.0,VA,< 1 year,,,,,,,1
2000.0,4.58,612.0,TX,10+ years,,,,,,,1
10000.0,0.0,570.0,TX,2 years,,,,,,,1
500.0,9.65,472.0,FL,1 year,,,,,,,1
500.0,16.1,434.0,IN,4 years,,,,,,,1
2000.0,26.71,610.0,OH,< 1 year,,,,,,,1
1500.0,30.3,695.0,AZ,3 years,,,,,,,1
25000.0,0.0,724.0,MO,< 1 year,,,,,,,1
4000.0,16.3,541.0,AZ,< 1 year,,,,,,,1
5000.0,0.61,552.0,WA,3 years,,,,,,,1
3500.0,9.21,582.0,NY,< 1 year,,,,,,,1
10000.0,2.3,580.0,SC,1 year,,,,,,,1
2000.0,2.4,415.0,NY,9 years,,,,,,,1
10000.0,41.66,640.0,NH,< 1 year,,,,,,,1
11500.0,1.0,535.0,NH,1 year,,,,,,,1
5000.0,25.89,562.0,NC,2 years,,,,,,,1
10000.0,31.04,626.0,OK,4 years,,,,,,,1
15000.0,16.75,450.0,AZ,1 year,,,,,,,1
9000.0,4.35,470.0,NY,5 years,,,,,,,1
5000.0,0.39,684.0,NY,8 years,,,,,,,1
3000.0,0.0,594.0,FL,< 1 year,,,,,,,1
8500.0,101.5,511.0,MA,7 years,,,,,,,1
3000.0,22.08,630.0,TX,< 1 year,,,,,,,1
3000.0,0.93,575.0,IN,3 years,,,,,,,1
15400.0,31.28,547.0,OH,4 years,,,,,,,1
6000.0,0.56,412.0,MN,< 1 year,,,,,,,1
2000.0,10.39,420.0,MO,3 years,,,,,,,1
3000.0,17.03,592.0,KS,1 year,,,,,,,1
7000.0,25.0,666.0,KS,< 1 year,,,,,,,1
3800.0,25.0,653.0,NJ,< 1 year,,,,,,,1
25000.0,277.66,629.0,WA,6 years,,,,,,,1
2000.0,7.97,587.0,NY,1 year,,,,,,,1
8000.0,9.06,540.0,NY,< 1 year,,,,,,,1
5000.0,28.7,613.0,OH,1 year,,,,,,,1
10000.0,13.94,442.0,TX,3 years,,,,,,,1
7000.0,2.78,476.0,NC,1 year,,,,,,,1
4000.0,0.0,488.0,TX,< 1 year,,,,,,,1
2500.0,1.68,576.0,AL,2 years,,,,,,,1
4200.0,24.53,633.0,TX,< 1 year,,,,,,,1
1500.0,0.46,0.0,NY,3 years,,,,,,,1
10000.0,2.29,597.0,VA,2 years,,,,,,,1
4200.0,23.07,611.0,TX,< 1 year,,,,,,,1
7200.0,24.98,686.0,NY,< 1 year,,,,,,,1
3000.0,16.76,581.0,MD,3 years,,,,,,,1
600.0,0.0,658.0,AL,< 1 year,,,,,,,1
5000.0,13.49,561.0,VA,< 1 year,,,,,,,1
1500.0,3.0,640.0,CT,2 years,,,,,,,1
6250.0,0.0,492.0,UT,6 years,,,,,,,1
1000.0,3.45,389.0,KS,< 1 year,,,,,,,1
2000.0,13.23,584.0,TX,9 years,,,,,,,1
10000.0,23.89,585.0,IN,3 years,,,,,,,1
500.0,8.59,532.0,WA,< 1 year,,,,,,,1
9000.0,27.46,701.0,FL,5 years,,,,,,,1
4500.0,0.0,0.0,CO,3 years,,,,,,,1
5500.0,19.49,530.0,NY,10+ years,,,,,,,1
15000.0,65.2,644.0,NC,1 year,,,,,,,1
4000.0,0.32,495.0,NY,2 years,,,,,,,1
25000.0,23.46,673.0,PA,1 year,,,,,,,1
1500.0,33.03,533.0,GA,1 year,,,,,,,1
1000.0,7.09,623.0,CO,< 1 year,,,,,,,1
500.0,11.34,511.0,MA,7 years,,,,,,,1
2000.0,1.84,479.0,CO,2 years,,,,,,,1
15000.0,1.23,586.0,TX,10+ years,,,,,,,1
6000.0,35.35,667.0,TX,10+ years,,,,,,,1
25000.0,1.63,703.0,NH,1 year,,,,,,,1
1500.0,51.36,468.0,NY,1 year,,,,,,,1
2000.0,18.22,583.0,FL,5 years,,,,,,,1
6700.0,0.0,532.0,NJ,1 year,,,,,,,1
25000.0,21.04,576.0,FL,4 years,,,,,,,1
20000.0,64.91,565.0,KY,4 years,,,,,,,1
7000.0,64.8,534.0,MA,7 years,,,,,,,1
23000.0,19.09,717.0,CO,1 year,,,,,,,1
500.0,0.0,0.0,FL,1 year,,,,,,,1
5000.0,29.55,621.0,NJ,2 years,,,,,,,1
7500.0,0.57,632.0,CO,3 years,,,,,,,1
500.0,0.82,769.0,NY,< 1 year,,,,,,,1
3500.0,21.07,572.0,TX,< 1 year,,,,,,,1
5000.0,9.2,490.0,NY,2 years,,,,,,,1
500.0,10.46,536.0,NY,< 1 year,,,,,,,1
3500.0,18.89,462.0,IN,5 years,,,,,,,1
6000.0,18.25,464.0,KS,3 years,,,,,,,1
25000.0,35.62,706.0,TX,< 1 year,,,,,,,1
17500.0,61.35,676.0,OH,10+ years,,,,,,,1
1500.0,16.5,584.0,IN,2 years,,,,,,,1
10000.0,23.24,592.0,MD,5 years,,,,,,,1
6500.0,282.6,412.0,CT,< 1 year,,,,,,,1
25000.0,15.58,576.0,WA,2 years,,,,,,,1
4000.0,8.11,440.0,MO,1 year,,,,,,,1
3000.0,25.18,700.0,FL,< 1 year,,,,,,,1
5000.0,8.99,511.0,OH,4 years,,,,,,,1
5000.0,4.47,516.0,OH,4 years,,,,,,,1
1000.0,0.0,0.0,FL,8 years,,,,,,,1
7500.0,0.0,0.0,HI,10+ years,,,,,,,1
15000.0,12.75,496.0,CT,< 1 year,,,,,,,1
500.0,13.36,494.0,VA,< 1 year,,,,,,,1
800.0,24.25,607.0,WA,< 1 year,,,,,,,1
10000.0,43.52,625.0,TX,< 1 year,,,,,,,1
10000.0,6.61,501.0,NY,9 years,,,,,,,1
2000.0,1.84,515.0,NY,< 1 year,,,,,,,1
25000.0,22.71,531.0,GA,< 1 year,,,,,,,1
10000.0,122.1,447.0,FL,< 1 year,,,,,,,1
1000.0,0.96,442.0,CO,1 year,,,,,,,1
5000.0,4.47,588.0,UT,1 year,,,,,,,1
7000.0,0.0,655.0,AZ,< 1 year,,,,,,,1
1500.0,18.03,586.0,GA,10+ years,,,,,,,1
3500.0,17.51,638.0,NJ,2 years,,,,,,,1
12500.0,0.47,657.0,TX,2 years,,,,,,,1
25000.0,0.0,0.0,UT,< 1 year,,,,,,,1
3000.0,25.73,688.0,FL,10+ years,,,,,,,1
10000.0,24.42,469.0,MO,10+ years,,,,,,,1
12000.0,13.64,407.0,MN,2 years,,,,,,,1
8000.0,30.35,682.0,VA,1 year,,,,,,,1
7000.0,1.89,536.0,NY,8 years,,,,,,,1
6000.0,11.92,604.0,FL,10+ years,,,,,,,1
1600.0,14.33,551.0,VA,< 1 year,,,,,,,1
5000.0,73.0,522.0,SC,2 years,,,,,,,1
5000.0,53.13,532.0,IN,1 year,,,,,,,1
500.0,0.0,497.0,NY,4 years,,,,,,,1
10000.0,13.78,553.0,TX,2 years,,,,,,,1
3800.0,0.46,572.0,MA,2 years,,,,,,,1
2500.0,2.13,510.0,FL,7 years,,,,,,,1
25000.0,27.06,628.0,TX,8 years,,,,,,,1
5000.0,41.96,700.0,FL,7 years,,,,,,,1
12500.0,73.83,565.0,OH,7 years,,,,,,,1
10000.0,26.88,634.0,WI,1 year,,,,,,,1
4500.0,33.36,650.0,NC,< 1 year,,,,,,,1
3500.0,41.3,584.0,MO,10+ years,,,,,,,1
5000.0,11.71,625.0,AR,3 years,,,,,,,1
3000.0,31.62,466.0,GA,1 year,,,,,,,1
7500.0,11.56,588.0,CA,1 year,,,,,,,1
6500.0,14.88,557.0,AZ,2 years,,,,,,,1
2000.0,209.58,433.0,TX,4 years,,,,,,,1
9000.0,8.5,625.0,WA,1 year,,,,,,,1
18000.0,8.72,707.0,NY,1 year,,,,,,,1
5000.0,11.74,648.0,MO,10+ years,,,,,,,1
1500.0,3.48,391.0,NY,< 1 year,,,,,,,1
2000.0,20.3,459.0,OH,10+ years,,,,,,,1
2500.0,23.38,535.0,OH,< 1 year,,,,,,,1
6000.0,5.05,669.0,GA,< 1 year,,,,,,,1
4500.0,8.36,536.0,CT,3 years,,,,,,,1
25000.0,5.11,529.0,VA,< 1 year,,,,,,,1
14250.0,11.84,579.0,MA,< 1 year,,,,,,,1
5000.0,10.8,542.0,AR,5 years,,,,,,,1
1000.0,47.16,505.0,NY,6 years,,,,,,,1
4500.0,0.9,547.0,AZ,3 years,,,,,,,1
5750.0,25.31,504.0,MD,1 year,,,,,,,1
500.0,57.33,556.0,FL,1 year,,,,,,,1
7275.0,8.56,400.0,MD,< 1 year,,,,,,,1
1000.0,40.96,621.0,IA,< 1 year,,,,,,,1
5000.0,12.93,475.0,IN,10+ years,,,,,,,1
6500.0,0.0,474.0,FL,3 years,,,,,,,1
6000.0,19.8,605.0,IN,< 1 year,,,,,,,1
3000.0,0.0,0.0,VA,1 year,,,,,,,1
15000.0,10.44,551.0,CA,7 years,,,,,,,1
2000.0,8.03,436.0,OH,1 year,,,,,,,1
8500.0,43.33,557.0,IN,10+ years,,,,,,,1
3000.0,11.69,482.0,MD,2 years,,,,,,,1
4000.0,0.0,0.0,FL,< 1 year,,,,,,,1
25000.0,24.11,630.0,UT,< 1 year,,,,,,,1
5000.0,4.98,449.0,WI,< 1 year,,,,,,,1
7000.0,8.27,611.0,AZ,2 years,,,,,,,1
5000.0,0.0,430.0,TN,< 1 year,,,,,,,1
500.0,30.13,437.0,KS,< 1 year,,,,,,,1
25000.0,47.61,681.0,TX,5 years,,,,,,,1
2500.0,220.89,477.0,AL,< 1 year,,,,,,,1
1600.0,22.04,625.0,NC,< 1 year,,,,,,,1
4000.0,6.31,590.0,AL,3 years,,,,,,,1
1000.0,2.25,544.0,MA,< 1 year,,,,,,,1
4000.0,241200.0,530.0,FL,10+ years,,,,,,,1
2000.0,3.2,451.0,FL,1 year,,,,,,,1
25000.0,33.93,444.0,WA,1 year,,,,,,,1
10000.0,23.54,438.0,OH,1 year,,,,,,,1
9000.0,33.0,587.0,AR,10+ years,,,,,,,1
4000.0,0.84,390.0,VT,4 years,,,,,,,1
10000.0,17.02,607.0,NC,< 1 year,,,,,,,1
2000.0,35.4,665.0,AZ,< 1 year,,,,,,,1
6500.0,51.58,471.0,VA,2 years,,,,,,,1
3500.0,8.57,453.0,CT,6 years,,,,,,,1
2000.0,8.65,453.0,GA,1 year,,,,,,,1
4000.0,22.88,468.0,OH,2 years,,,,,,,1
5000.0,12.85,538.0,MA,< 1 year,,,,,,,1
5000.0,11.26,593.0,MA,< 1 year,,,,,,,1
4000.0,18.05,522.0,NJ,2 years,,,,,,,1
12000.0,18.03,585.0,OH,10+ years,,,,,,,1
14000.0,10.2,746.0,OH,10+ years,,,,,,,1
1000.0,0.0,505.0,AZ,1 year,,,,,,,1
7000.0,0.0,473.0,KY,< 1 year,,,,,,,1
8500.0,32.78,592.0,FL,9 years,,,,,,,1
1000.0,16.57,468.0,FL,1 year,,,,,,,1
10000.0,9.83,586.0,MN,1 year,,,,,,,1
15000.0,11.71,617.0,NJ,2 years,,,,,,,1
3500.0,3.85,550.0,WA,< 1 year,,,,,,,1
500.0,26.55,473.0,GA,2 years,,,,,,,1
5000.0,16.24,471.0,MO,1 year,,,,,,,1
5000.0,0.0,0.0,NY,< 1 year,,,,,,,1
3000.0,47.58,678.0,TX,10+ years,,,,,,,1
8275.0,8.34,577.0,NC,10+ years,,,,,,,1
5000.0,42.69,659.0,GA,2 years,,,,,,,1
12000.0,44.08,646.0,MD,< 1 year,,,,,,,1
2000.0,0.0,459.0,NY,2 years,,,,,,,1
3500.0,24.79,452.0,KS,9 years,,,,,,,1
2050.0,31.94,611.0,NC,10+ years,,,,,,,1
2050.0,30.58,636.0,NC,1 year,,,,,,,1
1000.0,10.58,422.0,NY,2 years,,,,,,,1
4650.0,1.13,640.0,MO,3 years,,,,,,,1
4000.0,0.0,564.0,CA,< 1 year,,,,,,,1
1500.0,2.15,555.0,NY,4 years,,,,,,,1
3000.0,2.67,430.0,GA,< 1 year,,,,,,,1
4000.0,0.75,0.0,VA,< 1 year,,,,,,,1
500.0,3.5,546.0,GA,4 years,,,,,,,1
8000.0,16.2,583.0,NC,< 1 year,,,,,,,1
10000.0,0.0,514.0,AR,< 1 year,,,,,,,1
9000.0,5.15,674.0,AK,10+ years,,,,,,,1
6000.0,12.72,396.0,IN,10+ years,,,,,,,1
5100.0,5.33,750.0,SC,10+ years,,,,,,,1
6000.0,25.65,417.0,WI,< 1 year,,,,,,,1
5000.0,18.5,472.0,MD,10+ years,,,,,,,1
8000.0,0.0,605.0,TX,< 1 year,,,,,,,1
5225.0,29.06,557.0,OK,7 years,,,,,,,1
4500.0,20.39,660.0,MA,1 year,,,,,,,1
3000.0,9.69,480.0,WA,1 year,,,,,,,1
5500.0,0.51,547.0,AL,1 year,,,,,,,1
10000.0,15.12,442.0,TN,1 year,,,,,,,1
3000.0,14.94,654.0,AZ,2 years,,,,,,,1
1000.0,2.59,509.0,WA,< 1 year,,,,,,,1
2000.0,0.38,451.0,NJ,6 years,,,,,,,1
1200.0,31.2,645.0,NJ,1 year,,,,,,,1
9000.0,6.08,592.0,NE,4 years,,,,,,,1
850.0,0.0,508.0,IN,7 years,,,,,,,1
5000.0,16.32,668.0,AZ,10+ years,,,,,,,1
25000.0,0.55,544.0,WA,10+ years,,,,,,,1
1500.0,1.6,514.0,LA,3 years,,,,,,,1
25000.0,18.76,636.0,WA,2 years,,,,,,,1
3000.0,13.85,432.0,VA,1 year,,,,,,,1
5000.0,11.05,512.0,NJ,10+ years,,,,,,,1
3500.0,5.75,448.0,GA,10+ years,,,,,,,1
13000.0,9.23,642.0,NY,3 years,,,,,,,1
2000.0,0.71,644.0,LA,< 1 year,,,,,,,1
500.0,27.81,577.0,NE,2 years,,,,,,,1
8275.0,6.33,729.0,NC,10+ years,,,,,,,1
8275.0,4.17,763.0,NC,10+ years,,,,,,,1
5000.0,13.9,591.0,MO,4 years,,,,,,,1
25000.0,0.0,506.0,FL,9 years,,,,,,,1
7500.0,3.94,655.0,NC,< 1 year,,,,,,,1
500.0,10.83,363.0,FL,< 1 year,,,,,,,1
7500.0,32.28,719.0,FL,2 years,,,,,,,1
2000.0,0.0,0.0,NC,10+ years,,,,,,,1
4000.0,1.54,475.0,NE,3 years,,,,,,,1
5000.0,4.92,438.0,AZ,10+ years,,,,,,,1
7500.0,9.4,496.0,MA,4 years,,,,,,,1
17000.0,24.96,514.0,LA,2 years,,,,,,,1
8000.0,10.2,649.0,NJ,4 years,,,,,,,1
1000.0,0.0,502.0,FL,1 year,,,,,,,1
15000.0,15.08,461.0,OH,10+ years,,,,,,,1
6050.0,32.55,565.0,NC,6 years,,,,,,,1
2000.0,3.31,615.0,MO,5 years,,,,,,,1
12000.0,15.05,535.0,TX,10+ years,,,,,,,1
9000.0,1.54,467.0,TN,1 year,,,,,,,1
500.0,0.0,580.0,NY,< 1 year,,,,,,,1
12000.0,18.8,455.0,VA,1 year,,,,,,,1
25000.0,46.53,630.0,MO,3 years,,,,,,,1
5000.0,5.99,535.0,TX,10+ years,,,,,,,1
5000.0,47.36,441.0,GA,< 1 year,,,,,,,1
15000.0,13.36,560.0,FL,6 years,,,,,,,1
4000.0,18.3,468.0,KY,10+ years,,,,,,,1
2500.0,32.8,649.0,NH,4 years,,,,,,,1
5000.0,20.88,533.0,FL,< 1 year,,,,,,,1
10000.0,27.89,530.0,FL,5 years,,,,,,,1
8525.0,0.0,507.0,MA,2 years,,,,,,,1
500.0,17.91,395.0,LA,3 years,,,,,,,1
15000.0,14.13,700.0,VA,< 1 year,,,,,,,1
1200.0,5.84,514.0,PA,6 years,,,,,,,1
20000.0,26.47,683.0,TX,< 1 year,,,,,,,1
8000.0,14.93,498.0,NY,2 years,,,,,,,1
5000.0,10.97,463.0,CT,< 1 year,,,,,,,1
9000.0,100.14,644.0,ND,1 year,,,,,,,1
2000.0,7.44,414.0,FL,< 1 year,,,,,,,1
2000.0,0.0,0.0,MA,1 year,,,,,,,1
20000.0,28.44,684.0,CO,< 1 year,,,,,,,1
7500.0,8.04,514.0,NY,1 year,,,,,,,1
1500.0,0.9,0.0,AZ,< 1 year,,,,,,,1
1000.0,24.59,432.0,MO,5 years,,,,,,,1
5000.0,1.48,564.0,FL,4 years,,,,,,,1
15000.0,0.41,388.0,AL,2 years,,,,,,,1
5000.0,15.4,440.0,TX,< 1 year,,,,,,,1
3000.0,38.86,593.0,UT,3 years,,,,,,,1
15000.0,0.0,470.0,AL,1 year,,,,,,,1
500.0,8.72,448.0,AZ,< 1 year,,,,,,,1
2000.0,12.06,494.0,FL,7 years,,,,,,,1
5000.0,14.55,468.0,NJ,< 1 year,,,,,,,1
25000.0,0.0,520.0,TX,< 1 year,,,,,,,1
500.0,1.38,527.0,MD,< 1 year,,,,,,,1
4000.0,0.0,690.0,VA,1 year,,,,,,,1
5000.0,15.28,646.0,WA,3 years,,,,,,,1
5000.0,21.44,629.0,AZ,1 year,,,,,,,1
1000.0,80.3,472.0,MI,1 year,,,,,,,1
8950.0,24.61,642.0,FL,8 years,,,,,,,1
3500.0,28.07,542.0,MD,1 year,,,,,,,1
15000.0,11.29,586.0,OK,< 1 year,,,,,,,1
7000.0,0.0,538.0,NV,< 1 year,,,,,,,1
3000.0,0.0,536.0,AK,4 years,,,,,,,1
7000.0,26.76,686.0,SC,2 years,,,,,,,1
10000.0,16.52,530.0,MN,3 years,,,,,,,1
4000.0,1.48,450.0,GA,1 year,,,,,,,1
25000.0,34.19,499.0,NY,2 years,,,,,,,1
8000.0,8.85,504.0,NJ,10+ years,,,,,,,1
20000.0,40.83,589.0,OK,< 1 year,,,,,,,1
12000.0,0.0,465.0,FL,< 1 year,,,,,,,1
12500.0,0.0,533.0,FL,5 years,,,,,,,1
4000.0,17.79,498.0,NJ,7 years,,,,,,,1
25000.0,13.75,622.0,NY,2 years,,,,,,,1
10000.0,11.43,503.0,CO,4 years,,,,,,,1
2000.0,27.36,673.0,NY,< 1 year,,,,,,,1
500.0,16.05,477.0,NY,10+ years,,,,,,,1
8500.0,33.39,442.0,NY,1 year,,,,,,,1
800.0,0.0,467.0,OH,< 1 year,,,,,,,1
1000.0,3.33,592.0,MI,10+ years,,,,,,,1
2000.0,8.16,535.0,AZ,4 years,,,,,,,1
3500.0,0.0,0.0,NY,3 years,,,,,,,1
2000.0,8.36,618.0,NE,< 1 year,,,,,,,1
4000.0,0.0,699.0,AZ,< 1 year,,,,,,,1
15000.0,2.91,610.0,FL,4 years,,,,,,,1
4500.0,18.04,618.0,WV,2 years,,,,,,,1
6500.0,0.0,489.0,TX,2 years,,,,,,,1
7500.0,18.44,597.0,TX,4 years,,,,,,,1
4500.0,12.51,490.0,OK,10+ years,,,,,,,1
5000.0,27.55,443.0,CO,< 1 year,,,,,,,1
6000.0,119.47,476.0,TX,10+ years,,,,,,,1
800.0,43.27,446.0,TX,< 1 year,,,,,,,1
25000.0,17.32,610.0,NJ,10+ years,,,,,,,1
5000.0,0.0,574.0,TN,< 1 year,,,,,,,1
5000.0,0.0,566.0,TN,9 years,,,,,,,1
15000.0,36.13,651.0,NJ,1 year,,,,,,,1
23500.0,0.0,554.0,GA,2 years,,,,,,,1
25000.0,0.0,509.0,FL,10+ years,,,,,,,1
3500.0,0.0,406.0,VA,< 1 year,,,,,,,1
800.0,21.89,562.0,MD,4 years,,,,,,,1
3500.0,41.66,529.0,WI,< 1 year,,,,,,,1
7000.0,27.5,645.0,CA,< 1 year,,,,,,,1
15000.0,0.0,594.0,GA,10+ years,,,,,,,1
2000.0,8.35,521.0,WI,1 year,,,,,,,1
5000.0,18.14,608.0,TN,< 1 year,,,,,,,1
8800.0,0.0,0.0,GA,1 year,,,,,,,1
7500.0,30.12,660.0,CA,2 years,,,,,,,1
2000.0,0.0,535.0,DC,1 year,,,,,,,1
25000.0,15.01,596.0,NY,1 year,,,,,,,1
2000.0,50.69,478.0,FL,7 years,,,,,,,1
5000.0,22.05,649.0,CT,< 1 year,,,,,,,1
7500.0,0.0,604.0,FL,< 1 year,,,,,,,1
6000.0,1.25,640.0,WI,9 years,,,,,,,1
5000.0,2.55,617.0,NY,3 years,,,,,,,1
1000.0,40.15,0.0,CO,< 1 year,,,,,,,1
2000.0,5.76,553.0,IN,4 years,,,,,,,1
9000.0,23.56,661.0,VA,< 1 year,,,,,,,1
5000.0,11.28,499.0,NC,1 year,,,,,,,1
3275.0,0.0,526.0,MO,< 1 year,,,,,,,1
5000.0,11.58,552.0,AZ,1 year,,,,,,,1
9000.0,9.7,584.0,AL,< 1 year,,,,,,,1
25000.0,26.37,645.0,KY,4 years,,,,,,,1
500.0,8.46,582.0,NJ,1 year,,,,,,,1
10000.0,2.08,654.0,NY,< 1 year,,,,,,,1
14800.0,11.55,577.0,GA,10+ years,,,,,,,1
1500.0,1.74,442.0,OH,10+ years,,,,,,,1
500.0,4.85,423.0,OH,9 years,,,,,,,1
20000.0,10.34,626.0,FL,1 year,,,,,,,1
5000.0,0.42,634.0,CO,2 years,,,,,,,1
25000.0,26.96,705.0,TX,6 years,,,,,,,1
18000.0,167.52,475.0,AZ,1 year,,,,,,,1
5000.0,28.6,482.0,NJ,4 years,,,,,,,1
3000.0,22.44,497.0,CO,< 1 year,,,,,,,1
21500.0,12.97,655.0,OR,10+ years,,,,,,,1
15000.0,13.38,573.0,MN,< 1 year,,,,,,,1
3000.0,0.0,0.0,WA,< 1 year,,,,,,,1
1500.0,6.23,431.0,NY,1 year,,,,,,,1
5000.0,0.0,0.0,FL,< 1 year,,,,,,,1
11500.0,15.87,668.0,FL,1 year,,,,,,,1
500.0,13.04,523.0,NC,< 1 year,,,,,,,1
7500.0,18.63,588.0,OH,5 years,,,,,,,1
17000.0,15.5,598.0,NY,10+ years,,,,,,,1
2000.0,15.52,629.0,CT,1 year,,,,,,,1
1600.0,0.0,514.0,SC,1 year,,,,,,,1
3000.0,4.55,617.0,NC,< 1 year,,,,,,,1
13000.0,4.44,586.0,GA,10+ years,,,,,,,1
5000.0,5.26,646.0,NC,2 years,,,,,,,1
25000.0,0.0,495.0,GA,1 year,,,,,,,1
10000.0,8.4,492.0,FL,2 years,,,,,,,1
16500.0,10.67,651.0,CO,2 years,,,,,,,1
10000.0,44.23,645.0,WI,10+ years,,,,,,,1
2500.0,2.72,576.0,IN,1 year,,,,,,,1
4000.0,12.42,554.0,FL,< 1 year,,,,,,,1
2400.0,5.53,666.0,MO,< 1 year,,,,,,,1
3000.0,32.4,450.0,IL,5 years,,,,,,,1
10000.0,7.09,482.0,AZ,1 year,,,,,,,1
15000.0,0.0,481.0,WA,10+ years,,,,,,,1
5500.0,27.48,600.0,NC,< 1 year,,,,,,,1
6500.0,12.23,515.0,WA,10+ years,,,,,,,1
10000.0,379.2,616.0,TX,1 year,,,,,,,1
6500.0,29.75,734.0,GA,4 years,,,,,,,1
10000.0,16.78,489.0,OH,2 years,,,,,,,1
25000.0,48.94,431.0,TX,4 years,,,,,,,1
25000.0,4.48,456.0,TX,1 year,,,,,,,1
10000.0,6.55,435.0,MO,< 1 year,,,,,,,1
7500.0,16.36,575.0,MO,10+ years,,,,,,,1
4750.0,38.57,667.0,TX,1 year,,,,,,,1
500.0,0.65,524.0,MT,7 years,,,,,,,1
5000.0,1.03,607.0,NJ,6 years,,,,,,,1
8275.0,9.64,744.0,NC,10+ years,,,,,,,1
2500.0,2.5,553.0,TN,1 year,,,,,,,1
2000.0,22.68,648.0,WI,8 years,,,,,,,1
8500.0,6.36,618.0,MD,10+ years,,,,,,,1
1500.0,0.0,0.0,AZ,< 1 year,,,,,,,1
3000.0,38.96,481.0,MI,10+ years,,,,,,,1
500.0,0.0,492.0,KY,< 1 year,,,,,,,1
10000.0,0.0,0.0,TX,10+ years,,,,,,,1
6275.0,22.15,655.0,NC,< 1 year,,,,,,,1
6275.0,8.72,701.0,NC,< 1 year,,,,,,,1
14000.0,19.11,689.0,CO,2 years,,,,,,,1
10000.0,15.91,407.0,TX,< 1 year,,,,,,,1
2000.0,23.81,480.0,AZ,3 years,,,,,,,1
25000.0,21.26,635.0,NH,< 1 year,,,,,,,1
25000.0,13.43,626.0,MA,2 years,,,,,,,1
9000.0,0.72,630.0,FL,< 1 year,,,,,,,1
12500.0,6.67,546.0,NH,3 years,,,,,,,1
25000.0,0.0,475.0,NJ,3 years,,,,,,,1
2000.0,4.14,557.0,GA,< 1 year,,,,,,,1
20000.0,11.12,514.0,OH,1 year,,,,,,,1
5500.0,20.93,637.0,NE,2 years,,,,,,,1
20000.0,24.44,646.0,KY,4 years,,,,,,,1
2000.0,2.47,568.0,NY,2 years,,,,,,,1
25000.0,19.0,587.0,FL,9 years,,,,,,,1
3000.0,22.8,639.0,AZ,1 year,,,,,,,1
3500.0,21.39,469.0,TX,4 years,,,,,,,1
2000.0,13.87,513.0,VA,3 years,,,,,,,1
1000.0,1.2,474.0,MD,1 year,,,,,,,1
5000.0,9.05,669.0,DC,1 year,,,,,,,1
2000.0,79.27,477.0,TX,< 1 year,,,,,,,1
3500.0,8.52,574.0,FL,10+ years,,,,,,,1
1000.0,0.0,0.0,KS,2 years,,,,,,,1
1500.0,26.91,490.0,NC,2 years,,,,,,,1
5000.0,11.34,481.0,DC,2 years,,,,,,,1
5000.0,13.29,475.0,TX,10+ years,,,,,,,1
1000.0,10.78,592.0,DC,1 year,,,,,,,1
1000.0,12.33,549.0,NY,< 1 year,,,,,,,1
3000.0,10.92,463.0,FL,4 years,,,,,,,1
2500.0,16.77,488.0,FL,1 year,,,,,,,1
7500.0,180000.0,536.0,GA,10+ years,,,,,,,1
25000.0,9.12,512.0,WY,3 years,,,,,,,1
7500.0,0.0,541.0,GA,< 1 year,,,,,,,1
1000.0,0.0,519.0,MA,2 years,,,,,,,1
8000.0,20.31,484.0,AL,10+ years,,,,,,,1
14250.0,16.34,786.0,OH,1 year,,,,,,,1
7500.0,5.19,595.0,DC,2 years,,,,,,,1
8500.0,0.0,574.0,MS,7 years,,,,,,,1
15000.0,18.0,581.0,MD,2 years,,,,,,,1
3000.0,15.08,599.0,WA,< 1 year,,,,,,,1
8500.0,88.6,541.0,MS,10+ years,,,,,,,1
1000.0,0.0,0.0,WA,< 1 year,,,,,,,1
1500.0,0.0,0.0,VA,1 year,,,,,,,1
15000.0,0.54,564.0,FL,< 1 year,,,,,,,1
600.0,40.91,575.0,AR,1 year,,,,,,,1
15000.0,90.0,669.0,FL,1 year,,,,,,,1
15000.0,61.35,559.0,KS,10+ years,,,,,,,1
10000.0,0.0,617.0,MA,1 year,,,,,,,1
15000.0,0.0,0.0,UT,< 1 year,,,,,,,1
23500.0,29.67,515.0,AL,1 year,,,,,,,1
7000.0,18.56,434.0,NY,< 1 year,,,,,,,1
25000.0,2.36,499.0,OH,10+ years,,,,,,,1
4000.0,12.05,471.0,WI,3 years,,,,,,,1
8000.0,12.88,651.0,NY,7 years,,,,,,,1
500.0,29.11,455.0,NY,1 year,,,,,,,1
15000.0,31.76,525.0,OH,2 years,,,,,,,1
6000.0,0.0,667.0,WI,< 1 year,,,,,,,1
1000.0,54.6,713.0,NC,2 years,,,,,,,1
20000.0,1.54,449.0,FL,10+ years,,,,,,,1
8000.0,24.81,472.0,LA,< 1 year,,,,,,,1
525.0,14.9,807.0,CO,< 1 year,,,,,,,1
25000.0,0.28,476.0,UT,10+ years,,,,,,,1
2000.0,3.36,416.0,TX,< 1 year,,,,,,,1
17000.0,12.51,632.0,SC,< 1 year,,,,,,,1
12000.0,11.55,580.0,WA,< 1 year,,,,,,,1
15000.0,0.83,438.0,TX,2 years,,,,,,,1
15000.0,3.84,571.0,FL,2 years,,,,,,,1
15000.0,37.53,537.0,NY,< 1 year,,,,,,,1
5000.0,11.04,586.0,WA,< 1 year,,,,,,,1
15000.0,27.74,469.0,OH,8 years,,,,,,,1
12000.0,0.0,536.0,OH,1 year,,,,,,,1
25000.0,7.25,667.0,KY,< 1 year,,,,,,,1
12000.0,0.0,0.0,KS,< 1 year,,,,,,,1
10000.0,28.51,652.0,NY,< 1 year,,,,,,,1
7500.0,0.0,479.0,MD,1 year,,,,,,,1
5000.0,41.57,695.0,MO,3 years,,,,,,,1
25000.0,24.22,650.0,WA,< 1 year,,,,,,,1
5275.0,15.04,460.0,MD,< 1 year,,,,,,,1
14750.0,37.36,640.0,OH,10+ years,,,,,,,1
15000.0,0.0,0.0,MA,10+ years,,,,,,,1
1200.0,11.68,633.0,MD,9 years,,,,,,,1
5000.0,16.84,633.0,NY,3 years,,,,,,,1
5000.0,11.36,481.0,ME,< 1 year,,,,,,,1
1200.0,3.62,607.0,MD,2 years,,,,,,,1
12000.0,34.26,583.0,FL,4 years,,,,,,,1
2000.0,7.15,486.0,MD,2 years,,,,,,,1
7500.0,5.17,639.0,NY,< 1 year,,,,,,,1
18000.0,30.45,741.0,FL,3 years,,,,,,,1
15000.0,13.08,430.0,AL,7 years,,,,,,,1
4650.0,14.9,493.0,MO,1 year,,,,,,,1
4650.0,3.5,539.0,MO,< 1 year,,,,,,,1
25000.0,6.29,535.0,CO,7 years,,,,,,,1
5000.0,10.39,530.0,TX,6 years,,,,,,,1
15000.0,6.61,466.0,CO,1 year,,,,,,,1
2500.0,24.0,431.0,GA,2 years,,,,,,,1
500.0,15.18,535.0,GA,1 year,,,,,,,1
15000.0,0.0,537.0,AZ,3 years,,,,,,,1
2000.0,5.7,649.0,FL,< 1 year,,,,,,,1
12500.0,0.0,512.0,AL,3 years,,,,,,,1
23500.0,20.55,557.0,WA,1 year,,,,,,,1
25000.0,5.45,0.0,TN,6 years,,,,,,,1
25000.0,0.95,440.0,MA,1 year,,,,,,,1
5100.0,7.73,618.0,AL,1 year,,,,,,,1
25000.0,44.29,691.0,FL,1 year,,,,,,,1
4000.0,22.34,516.0,VA,3 years,,,,,,,1
11000.0,0.0,535.0,MO,5 years,,,,,,,1
800.0,1.78,580.0,OH,10+ years,,,,,,,1
500.0,2.31,751.0,FL,2 years,,,,,,,1
7500.0,12.25,487.0,MA,1 year,,,,,,,1
10000.0,19.66,607.0,KS,10+ years,,,,,,,1
500.0,7.69,615.0,MA,< 1 year,,,,,,,1
2000.0,0.0,559.0,NY,< 1 year,,,,,,,1
5700.0,18.72,659.0,NY,2 years,,,,,,,1
5000.0,13.7,658.0,TX,1 year,,,,,,,1
5000.0,9.62,460.0,AZ,< 1 year,,,,,,,1
2000.0,20.9,695.0,VA,< 1 year,,,,,,,1
5000.0,7.13,461.0,PA,5 years,,,,,,,1
4000.0,8.85,559.0,FL,1 year,,,,,,,1
7500.0,7.27,475.0,AZ,9 years,,,,,,,1
1200.0,10.0,692.0,NY,< 1 year,,,,,,,1
500.0,0.0,704.0,MN,10+ years,,,,,,,1
5000.0,35.56,567.0,WI,4 years,,,,,,,1
1000.0,13.52,452.0,TX,5 years,,,,,,,1
3000.0,33.78,463.0,NJ,2 years,,,,,,,1
500.0,12.89,655.0,VA,1 year,,,,,,,1
20000.0,0.32,496.0,LA,8 years,,,,,,,1
6000.0,10.38,566.0,NY,< 1 year,,,,,,,1
800.0,4.42,481.0,MN,1 year,,,,,,,1
5000.0,14.78,546.0,FL,2 years,,,,,,,1
1000.0,1.51,470.0,NJ,< 1 year,,,,,,,1
2000.0,15.91,451.0,OH,1 year,,,,,,,1
15000.0,4.91,614.0,WA,1 year,,,,,,,1
500.0,0.0,0.0,MA,2 years,,,,,,,1
15000.0,34.2,570.0,MA,2 years,,,,,,,1
1000.0,7.8,625.0,WI,1 year,,,,,,,1
5000.0,18.35,511.0,NJ,2 years,,,,,,,1
10000.0,12.24,647.0,MA,< 1 year,,,,,,,1
8000.0,11.76,661.0,VA,6 years,,,,,,,1
20000.0,8.55,613.0,FL,< 1 year,,,,,,,1
5000.0,0.0,500.0,AZ,1 year,,,,,,,1
14500.0,35.61,602.0,OH,10+ years,,,,,,,1
25000.0,25.29,692.0,VA,1 year,,,,,,,1
1000.0,2.8,598.0,NC,9 years,,,,,,,1
6500.0,0.0,534.0,NJ,2 years,,,,,,,1
8275.0,28.16,616.0,NC,6 years,,,,,,,1
25000.0,47.76,739.0,SC,10+ years,,,,,,,1
15000.0,12.65,636.0,ID,2 years,,,,,,,1
1200.0,1.71,570.0,VA,< 1 year,,,,,,,1
2000.0,0.0,443.0,GA,6 years,,,,,,,1
9300.0,6.79,734.0,MO,3 years,,,,,,,1
6000.0,4.15,465.0,IN,< 1 year,,,,,,,1
4650.0,38.76,615.0,MO,1 year,,,,,,,1
5000.0,6.0,430.0,OH,< 1 year,,,,,,,1
3200.0,0.0,0.0,MA,< 1 year,,,,,,,1
15000.0,22.54,681.0,GA,4 years,,,,,,,1
500.0,9.76,435.0,OH,3 years,,,,,,,1
800.0,0.0,0.0,MA,< 1 year,,,,,,,1
6200.0,14.55,515.0,FL,< 1 year,,,,,,,1
5000.0,39.85,647.0,OH,1 year,,,,,,,1
2000.0,0.0,0.0,FL,3 years,,,,,,,1
1300.0,0.0,0.0,NY,< 1 year,,,,,,,1
15000.0,3.07,670.0,GA,2 years,,,,,,,1
5000.0,25.44,544.0,AZ,< 1 year,,,,,,,1
25000.0,25.95,506.0,NJ,2 years,,,,,,,1
4000.0,13.46,531.0,NH,8 years,,,,,,,1
500.0,12.12,520.0,AZ,< 1 year,,,,,,,1
5000.0,13.24,453.0,TX,1 year,,,,,,,1
3000.0,0.0,434.0,TN,< 1 year,,,,,,,1
4950.0,5.05,524.0,MO,< 1 year,,,,,,,1
6275.0,21.14,571.0,NC,10+ years,,,,,,,1
20000.0,0.0,624.0,OH,< 1 year,,,,,,,1
4000.0,27.5,609.0,WA,3 years,,,,,,,1
25000.0,19.6,631.0,MD,3 years,,,,,,,1
25000.0,37.45,663.0,TX,8 years,,,,,,,1
3000.0,5.05,427.0,NY,1 year,,,,,,,1
25000.0,14.81,483.0,OH,3 years,,,,,,,1
3500.0,1.68,0.0,FL,< 1 year,,,,,,,1
1500.0,156.75,561.0,FL,2 years,,,,,,,1
2000.0,9.0,476.0,OH,2 years,,,,,,,1
5000.0,3.33,432.0,CO,10+ years,,,,,,,1
20000.0,9.0,524.0,NY,< 1 year,,,,,,,1
5000.0,11.97,507.0,TX,10+ years,,,,,,,1
3000.0,23.28,652.0,NC,< 1 year,,,,,,,1
5000.0,23.93,485.0,AR,< 1 year,,,,,,,1
5000.0,20.89,456.0,IN,10+ years,,,,,,,1
2500.0,6.0,468.0,FL,4 years,,,,,,,1
5000.0,0.0,573.0,SC,< 1 year,,,,,,,1
8275.0,1.84,691.0,NC,6 years,,,,,,,1
8275.0,25.3,648.0,NC,4 years,,,,,,,1
500.0,0.0,0.0,MO,< 1 year,,,,,,,1
16500.0,32.53,516.0,NC,10+ years,,,,,,,1
10000.0,15.07,462.0,IN,5 years,,,,,,,1
4500.0,35.76,500.0,NJ,10+ years,,,,,,,1
3500.0,0.0,554.0,CO,2 years,,,,,,,1
1000.0,69.45,559.0,MS,2 years,,,,,,,1
1500.0,12.4,537.0,FL,< 1 year,,,,,,,1
4000.0,5.16,520.0,NY,< 1 year,,,,,,,1
10000.0,13.25,472.0,OH,10+ years,,,,,,,1
2000.0,0.0,0.0,WV,< 1 year,,,,,,,1
25000.0,0.82,572.0,FL,< 1 year,,,,,,,1
2500.0,12.0,518.0,NY,2 years,,,,,,,1
500.0,0.0,458.0,NY,2 years,,,,,,,1
10000.0,11.05,626.0,AZ,< 1 year,,,,,,,1
3000.0,18.43,386.0,IL,10+ years,,,,,,,1
5000.0,16.18,496.0,AZ,< 1 year,,,,,,,1
2000.0,36.8,594.0,NJ,5 years,,,,,,,1
2500.0,15.2,515.0,NJ,1 year,,,,,,,1
3000.0,263.38,395.0,NC,1 year,,,,,,,1
20000.0,13.95,414.0,MO,1 year,,,,,,,1
20000.0,19.63,617.0,FL,1 year,,,,,,,1
5000.0,35.13,520.0,WI,10+ years,,,,,,,1
10000.0,0.0,546.0,NJ,1 year,,,,,,,1
2000.0,9.15,502.0,MD,1 year,,,,,,,1
1500.0,53.15,520.0,DE,2 years,,,,,,,1
5000.0,14.1,576.0,MD,10+ years,,,,,,,1
2000.0,12.9,458.0,WI,1 year,,,,,,,1
8000.0,0.0,436.0,GA,4 years,,,,,,,1
7000.0,12.53,565.0,CO,1 year,,,,,,,1
10000.0,3.32,476.0,FL,< 1 year,,,,,,,1
1500.0,19.92,476.0,IL,10+ years,,,,,,,1
2000.0,2.85,576.0,VA,< 1 year,,,,,,,1
9500.0,5.24,632.0,FL,5 years,,,,,,,1
10000.0,0.24,543.0,NY,10+ years,,,,,,,1
1000.0,6.29,492.0,TX,9 years,,,,,,,1
2500.0,0.88,0.0,WA,< 1 year,,,,,,,1
15000.0,29.46,602.0,KY,8 years,,,,,,,1
3000.0,8.59,465.0,OH,< 1 year,,,,,,,1
5000.0,38.63,556.0,CT,3 years,,,,,,,1
10000.0,0.8,427.0,OH,2 years,,,,,,,1
25000.0,14.41,624.0,CO,2 years,,,,,,,1
500.0,19.41,423.0,TX,< 1 year,,,,,,,1
17500.0,6.96,470.0,MO,2 years,,,,,,,1
5000.0,0.0,0.0,AZ,9 years,,,,,,,1
25000.0,19.01,515.0,TX,4 years,,,,,,,1
9900.0,6.36,659.0,NY,10+ years,,,,,,,1
5000.0,38.71,542.0,GA,7 years,,,,,,,1
5000.0,21.28,578.0,FL,< 1 year,,,,,,,1
15000.0,16.34,573.0,TX,1 year,,,,,,,1
2425.0,15.8,502.0,MD,1 year,,,,,,,1
25000.0,36.82,696.0,UT,< 1 year,,,,,,,1
6000.0,9.69,497.0,CO,2 years,,,,,,,1
5000.0,28.26,497.0,FL,3 years,,,,,,,1
500.0,0.58,460.0,WA,7 years,,,,,,,1
21000.0,22.5,621.0,MA,5 years,,,,,,,1
1500.0,0.0,485.0,FL,1 year,,,,,,,1
4000.0,221.94,605.0,FL,1 year,,,,,,,1
22000.0,6.61,598.0,OK,1 year,,,,,,,1
14000.0,19.33,637.0,HI,< 1 year,,,,,,,1
1000.0,20.85,491.0,TN,10+ years,,,,,,,1
500.0,40.29,607.0,WI,1 year,,,,,,,1
3000.0,10.9,498.0,GA,< 1 year,,,,,,,1
5000.0,0.33,476.0,NY,5 years,,,,,,,1
2000.0,0.0,443.0,WV,< 1 year,,,,,,,1
5000.0,25.2,390.0,FL,10+ years,,,,,,,1
5000.0,58.71,601.0,VA,10+ years,,,,,,,1
15000.0,14.61,675.0,TX,7 years,,,,,,,1
10850.0,44.75,571.0,MI,9 years,,,,,,,1
9000.0,13.41,652.0,AR,4 years,,,,,,,1
5000.0,35.94,470.0,MS,5 years,,,,,,,1
10000.0,31.97,478.0,AL,7 years,,,,,,,1
3500.0,69.16,599.0,TX,3 years,,,,,,,1
25000.0,12.6,562.0,TX,< 1 year,,,,,,,1
5000.0,14.72,513.0,OR,4 years,,,,,,,1
4000.0,4.8,445.0,MS,10+ years,,,,,,,1
9000.0,6.99,641.0,AL,< 1 year,,,,,,,1
25000.0,7.71,413.0,MT,< 1 year,,,,,,,1
6000.0,0.0,490.0,FL,< 1 year,,,,,,,1
4000.0,24.26,623.0,MN,9 years,,,,,,,1
5000.0,23.68,427.0,AL,9 years,,,,,,,1
17000.0,53.3,723.0,TX,3 years,,,,,,,1
500.0,1.52,558.0,FL,8 years,,,,,,,1
9000.0,2.0,0.0,GA,< 1 year,,,,,,,1
7000.0,15.53,516.0,FL,4 years,,,,,,,1
2500.0,13.18,461.0,TN,6 years,,,,,,,1
5000.0,4.18,441.0,UT,10+ years,,,,,,,1
3000.0,8.4,629.0,AR,< 1 year,,,,,,,1
25000.0,73.6,681.0,NH,8 years,,,,,,,1
4000.0,0.0,579.0,CT,4 years,,,,,,,1
1000.0,0.0,424.0,CO,< 1 year,,,,,,,1
5000.0,0.0,461.0,NC,7 years,,,,,,,1
5000.0,27.21,618.0,KS,2 years,,,,,,,1
1000.0,5.54,600.0,FL,1 year,,,,,,,1
500.0,0.0,0.0,OH,< 1 year,,,,,,,1
2500.0,21.79,591.0,MD,2 years,,,,,,,1
2500.0,3.13,531.0,MA,1 year,,,,,,,1
25000.0,22.1,670.0,NE,10+ years,,,,,,,1
2200.0,42.36,484.0,WI,2 years,,,,,,,1
6000.0,9.22,595.0,NE,10+ years,,,,,,,1
4000.0,13.8,465.0,NJ,1 year,,,,,,,1
12500.0,27.64,482.0,MN,1 year,,,,,,,1
5000.0,16.46,575.0,WI,< 1 year,,,,,,,1
1500.0,6.0,570.0,GA,2 years,,,,,,,1
12000.0,17.83,484.0,VA,2 years,,,,,,,1
5000.0,22.39,562.0,CO,10+ years,,,,,,,1
6000.0,19.69,534.0,CO,3 years,,,,,,,1
8000.0,26.73,455.0,MO,10+ years,,,,,,,1
2200.0,11.66,610.0,NY,2 years,,,,,,,1
2500.0,6.0,528.0,WA,< 1 year,,,,,,,1
4000.0,5.66,627.0,NC,8 years,,,,,,,1
4000.0,11.67,484.0,TX,4 years,,,,,,,1
2000.0,1.72,566.0,CA,6 years,,,,,,,1
5000.0,28.36,433.0,IN,10+ years,,,,,,,1
5000.0,1.76,685.0,ME,5 years,,,,,,,1
25000.0,13.5,560.0,NY,2 years,,,,,,,1
750.0,42.04,529.0,OK,7 years,,,,,,,1
1000.0,3.81,498.0,NY,1 year,,,,,,,1
20000.0,10.95,653.0,NY,< 1 year,,,,,,,1
10000.0,764.83,718.0,MD,10+ years,,,,,,,1
2000.0,6.42,648.0,AZ,< 1 year,,,,,,,1
6000.0,2.43,503.0,OH,9 years,,,,,,,1
25000.0,5.67,705.0,TX,< 1 year,,,,,,,1
25000.0,40.57,703.0,TX,7 years,,,,,,,1
5000.0,3.0,427.0,TX,2 years,,,,,,,1
5500.0,14.76,569.0,OH,< 1 year,,,,,,,1
1000.0,29.84,541.0,MO,6 years,,,,,,,1
12000.0,66.76,664.0,FL,< 1 year,,,,,,,1
15000.0,19.2,556.0,FL,5 years,,,,,,,1
10000.0,17.32,565.0,NY,5 years,,,,,,,1
1000.0,0.0,454.0,CO,1 year,,,,,,,1
25000.0,4.71,572.0,MD,10+ years,,,,,,,1
25000.0,23.43,559.0,NY,3 years,,,,,,,1
1000.0,12.0,521.0,FL,1 year,,,,,,,1
5000.0,13.67,560.0,NC,10+ years,,,,,,,1
5000.0,10.8,500.0,CO,1 year,,,,,,,1
8275.0,36.18,695.0,NC,< 1 year,,,,,,,1
10000.0,10.79,,FL,2 years,,,,,,,1
25000.0,21.98,627.0,CA,4 years,,,,,,,1
1500.0,15.31,471.0,MN,1 year,,,,,,,1
3000.0,19.22,590.0,AK,3 years,,,,,,,1
5000.0,19.92,474.0,IN,10+ years,,,,,,,1
500.0,60.67,510.0,MS,7 years,,,,,,,1
500.0,10.34,552.0,MS,2 years,,,,,,,1
3000.0,14.4,485.0,ME,6 years,,,,,,,1
6000.0,46.2,675.0,FL,5 years,,,,,,,1
5000.0,1.9,590.0,MD,7 years,,,,,,,1
1000.0,14.68,453.0,WA,2 years,,,,,,,1
20000.0,49.71,702.0,OH,10+ years,,,,,,,1
4000.0,10.79,537.0,TX,5 years,,,,,,,1
25000.0,21.81,687.0,OH,2 years,,,,,,,1
5000.0,19.54,625.0,FL,10+ years,,,,,,,1
7000.0,0.45,582.0,MN,< 1 year,,,,,,,1
25000.0,6.26,500.0,MS,2 years,,,,,,,1
1500.0,15.04,556.0,IN,2 years,,,,,,,1
2500.0,26.7,440.0,TX,5 years,,,,,,,1
15000.0,14.85,655.0,IN,10+ years,,,,,,,1
6000.0,13.4,409.0,TN,2 years,,,,,,,1
5000.0,21.46,533.0,DE,5 years,,,,,,,1
3000.0,11.57,638.0,FL,2 years,,,,,,,1
5000.0,0.0,761.0,MO,< 1 year,,,,,,,1
8275.0,3.98,530.0,NC,10+ years,,,,,,,1
25000.0,50.88,629.0,IN,1 year,,,,,,,1
8275.0,3.98,550.0,NC,10+ years,,,,,,,1
2000.0,29.5,500.0,FL,1 year,,,,,,,1
15000.0,16.84,639.0,TX,10+ years,,,,,,,1
5000.0,24.12,522.0,FL,< 1 year,,,,,,,1
5000.0,3.71,451.0,PA,1 year,,,,,,,1
575.0,89.43,482.0,AL,2 years,,,,,,,1
5275.0,34.27,744.0,NC,8 years,,,,,,,1
7500.0,9.84,452.0,IN,1 year,,,,,,,1
2500.0,0.0,529.0,MD,8 years,,,,,,,1
5000.0,9.42,585.0,CT,10+ years,,,,,,,1
7000.0,0.0,486.0,MN,4 years,,,,,,,1
6075.0,0.0,550.0,MO,< 1 year,,,,,,,1
5275.0,32.17,643.0,NC,1 year,,,,,,,1
10000.0,12.58,598.0,WA,2 years,,,,,,,1
2625.0,38.19,631.0,MO,3 years,,,,,,,1
2625.0,1.4,631.0,MO,1 year,,,,,,,1
10000.0,13.12,515.0,AL,10+ years,,,,,,,1
4650.0,60.23,477.0,MO,4 years,,,,,,,1
1500.0,15.69,628.0,TX,6 years,,,,,,,1
10000.0,16.64,535.0,NY,< 1 year,,,,,,,1
5000.0,1.36,554.0,IL,1 year,,,,,,,1
7500.0,9.84,677.0,WA,6 years,,,,,,,1
10000.0,9.3,430.0,NY,5 years,,,,,,,1
5000.0,6.56,512.0,MO,5 years,,,,,,,1
800.0,39.8,692.0,FL,3 years,,,,,,,1
7000.0,0.96,537.0,FL,10+ years,,,,,,,1
6000.0,71.31,668.0,CO,< 1 year,,,,,,,1
15000.0,240.0,0.0,GA,< 1 year,,,,,,,1
8000.0,23.17,507.0,FL,10+ years,,,,,,,1
8500.0,5.77,677.0,NJ,5 years,,,,,,,1
6200.0,3.86,692.0,MA,< 1 year,,,,,,,1
4000.0,65.23,565.0,LA,10+ years,,,,,,,1
3275.0,10.62,401.0,MO,< 1 year,,,,,,,1
1500.0,42.43,500.0,CO,1 year,,,,,,,1
10000.0,21.51,436.0,MO,< 1 year,,,,,,,1
15000.0,32.8,502.0,GA,7 years,,,,,,,1
10000.0,6.0,439.0,OH,< 1 year,,,,,,,1
25000.0,7.54,730.0,OH,3 years,,,,,,,1
1500.0,2.04,481.0,NC,< 1 year,,,,,,,1
3725.0,25.97,503.0,MO,< 1 year,,,,,,,1
3725.0,13.94,582.0,MO,< 1 year,,,,,,,1
7500.0,6.32,534.0,VA,8 years,,,,,,,1
2000.0,39.7,459.0,TX,3 years,,,,,,,1
30000.0,43.24,691.0,TX,10+ years,,,,,,,1
9000.0,1.11,654.0,FL,< 1 year,,,,,,,1
3200.0,7.47,515.0,OH,10+ years,,,,,,,1
10000.0,0.0,0.0,GA,2 years,,,,,,,1
1700.0,41.98,511.0,MD,10+ years,,,,,,,1
15000.0,16.24,444.0,NY,8 years,,,,,,,1
5000.0,19.53,506.0,MA,1 year,,,,,,,1
5000.0,6.37,464.0,MA,< 1 year,,,,,,,1
2200.0,2.33,631.0,FL,< 1 year,,,,,,,1
5000.0,70.32,652.0,FL,< 1 year,,,,,,,1
5000.0,29.85,616.0,FL,< 1 year,,,,,,,1
4000.0,36.9,674.0,VA,< 1 year,,,,,,,1
7000.0,6.35,497.0,TN,1 year,,,,,,,1
5000.0,19.09,622.0,NY,1 year,,,,,,,1
2000.0,180.48,628.0,FL,2 years,,,,,,,1
10000.0,261.0,598.0,TX,3 years,,,,,,,1
25000.0,59.17,686.0,OH,4 years,,,,,,,1
7500.0,2.79,605.0,MS,6 years,,,,,,,1
3800.0,13.37,570.0,TX,7 years,,,,,,,1
10000.0,17.45,577.0,LA,1 year,,,,,,,1
5000.0,36.33,638.0,NY,1 year,,,,,,,1
25000.0,56.89,717.0,FL,< 1 year,,,,,,,1
12000.0,14.76,539.0,MD,< 1 year,,,,,,,1
1000.0,0.0,574.0,ME,3 years,,,,,,,1
25000.0,40.1,501.0,NC,< 1 year,,,,,,,1
2500.0,6.08,672.0,NY,< 1 year,,,,,,,1
5000.0,0.56,557.0,FL,5 years,,,,,,,1
10000.0,12.33,595.0,CO,2 years,,,,,,,1
7500.0,28.25,578.0,FL,< 1 year,,,,,,,1
5000.0,14.93,510.0,MA,4 years,,,,,,,1
1000.0,14.6,502.0,OH,< 1 year,,,,,,,1
10000.0,15.36,492.0,FL,< 1 year,,,,,,,1
5000.0,9.46,491.0,CO,3 years,,,,,,,1
25000.0,21.15,676.0,TN,10+ years,,,,,,,1
25000.0,12.88,629.0,OH,2 years,,,,,,,1
7500.0,49.93,560.0,KS,< 1 year,,,,,,,1
600.0,62.88,444.0,VA,2 years,,,,,,,1
7500.0,17.02,505.0,MA,< 1 year,,,,,,,1
4000.0,19.54,589.0,MT,4 years,,,,,,,1
800.0,7.38,558.0,FL,10+ years,,,,,,,1
3000.0,28.48,581.0,SC,4 years,,,,,,,1
2500.0,12.24,472.0,GA,10+ years,,,,,,,1
5000.0,2526.77,480.0,CT,5 years,,,,,,,1
15000.0,15.55,647.0,OH,2 years,,,,,,,1
15000.0,37.88,501.0,FL,10+ years,,,,,,,1
2500.0,20.69,641.0,FL,10+ years,,,,,,,1
25000.0,25.83,607.0,NY,10+ years,,,,,,,1
25000.0,62.07,657.0,GA,1 year,,,,,,,1
12000.0,18.7,572.0,AZ,< 1 year,,,,,,,1
3000.0,22.47,501.0,TX,1 year,,,,,,,1
15000.0,1.94,723.0,VA,< 1 year,,,,,,,1
7500.0,36.8,661.0,NY,7 years,,,,,,,1
500.0,4.52,500.0,WI,2 years,,,,,,,1
4000.0,0.0,0.0,FL,< 1 year,,,,,,,1
25000.0,32.59,507.0,TX,10+ years,,,,,,,1
3500.0,16.11,481.0,OH,3 years,,,,,,,1
10000.0,17.33,539.0,KS,2 years,,,,,,,1
5000.0,18.16,524.0,NC,1 year,,,,,,,1
2000.0,102.67,0.0,LA,1 year,,,,,,,1
25000.0,22.92,699.0,TX,8 years,,,,,,,1
2500.0,8.1,491.0,OK,2 years,,,,,,,1
2500.0,42.66,482.0,NY,5 years,,,,,,,1
3000.0,5.2,555.0,NY,10+ years,,,,,,,1
5000.0,4.78,616.0,TX,< 1 year,,,,,,,1
4500.0,38.09,479.0,UT,1 year,,,,,,,1
500.0,10.26,437.0,CO,< 1 year,,,,,,,1
15000.0,20.45,610.0,GA,< 1 year,,,,,,,1
2500.0,13.47,540.0,IN,1 year,,,,,,,1
3800.0,21.33,555.0,GA,1 year,,,,,,,1
20000.0,23.52,682.0,MO,2 years,,,,,,,1
15000.0,18.72,589.0,NC,< 1 year,,,,,,,1
25000.0,5.87,468.0,NY,1 year,,,,,,,1
15500.0,14.03,666.0,NJ,< 1 year,,,,,,,1
5000.0,11.86,640.0,MO,< 1 year,,,,,,,1
15000.0,30.76,501.0,KY,< 1 year,,,,,,,1
15000.0,15.79,549.0,WA,4 years,,,,,,,1
500.0,2.25,554.0,NC,1 year,,,,,,,1
2600.0,19.95,571.0,OH,3 years,,,,,,,1
20000.0,37.14,724.0,GA,8 years,,,,,,,1
5000.0,73.02,426.0,CO,1 year,,,,,,,1
5000.0,0.0,502.0,TX,4 years,,,,,,,1
15000.0,4.1,509.0,VA,10+ years,,,,,,,1
17000.0,0.0,493.0,TX,< 1 year,,,,,,,1
1000.0,13.07,531.0,GA,2 years,,,,,,,1
3200.0,0.0,488.0,NC,4 years,,,,,,,1
8000.0,44.67,512.0,NY,1 year,,,,,,,1
500.0,0.0,498.0,WI,6 years,,,,,,,1
4000.0,2.84,534.0,NY,< 1 year,,,,,,,1
15000.0,10.47,592.0,KY,2 years,,,,,,,1
500.0,1.02,416.0,CO,7 years,,,,,,,1
25000.0,5.32,502.0,MT,3 years,,,,,,,1
15000.0,30.46,637.0,GA,9 years,,,,,,,1
15000.0,4.79,504.0,NJ,10+ years,,,,,,,1
2500.0,1.76,488.0,NY,10+ years,,,,,,,1
5000.0,20.87,593.0,GA,< 1 year,,,,,,,1
10000.0,5.22,622.0,WA,3 years,,,,,,,1
6000.0,16.4,545.0,FL,< 1 year,,,,,,,1
9000.0,40.05,530.0,FL,2 years,,,,,,,1
1700.0,0.0,457.0,NY,6 years,,,,,,,1
10000.0,39.23,473.0,MD,< 1 year,,,,,,,1
3000.0,2.31,605.0,NY,1 year,,,,,,,1
1000.0,10.43,444.0,CT,2 years,,,,,,,1
6000.0,1.17,528.0,MA,< 1 year,,,,,,,1
3500.0,14.9,569.0,TX,1 year,,,,,,,1
10000.0,14.52,474.0,NJ,< 1 year,,,,,,,1
10000.0,48.03,494.0,AZ,10+ years,,,,,,,1
12000.0,20.18,526.0,IN,2 years,,,,,,,1
2000.0,5.8,445.0,FL,< 1 year,,,,,,,1
1500.0,49.97,455.0,FL,8 years,,,,,,,1
2500.0,12.23,614.0,AL,< 1 year,,,,,,,1
5000.0,271.2,678.0,NY,3 years,,,,,,,1
25000.0,10.21,657.0,MD,8 years,,,,,,,1
2000.0,12.43,561.0,WI,8 years,,,,,,,1
10000.0,12.61,516.0,NJ,10+ years,,,,,,,1
3000.0,18.57,550.0,CO,1 year,,,,,,,1
25000.0,44.64,614.0,WY,2 years,,,,,,,1
25000.0,5.08,661.0,MA,3 years,,,,,,,1
15000.0,0.0,426.0,OH,< 1 year,,,,,,,1
20000.0,15.47,630.0,TX,5 years,,,,,,,1
600.0,12.96,554.0,FL,< 1 year,,,,,,,1
15000.0,10.58,505.0,FL,< 1 year,,,,,,,1
4500.0,23.32,504.0,CO,10+ years,,,,,,,1
2500.0,9.5,450.0,CT,5 years,,,,,,,1
1200.0,41.07,578.0,OK,2 years,,,,,,,1
2000.0,239.33,467.0,FL,3 years,,,,,,,1
2500.0,23.56,480.0,CT,10+ years,,,,,,,1
12500.0,21.98,569.0,FL,< 1 year,,,,,,,1
6000.0,38.55,652.0,NC,1 year,,,,,,,1
1500.0,20.33,649.0,MO,6 years,,,,,,,1
6000.0,1.83,429.0,VA,1 year,,,,,,,1
15000.0,17.93,637.0,FL,< 1 year,,,,,,,1
5000.0,34.73,454.0,OH,10+ years,,,,,,,1
800.0,39.34,680.0,NY,< 1 year,,,,,,,1
2500.0,6.39,538.0,TX,< 1 year,,,,,,,1
20000.0,17.5,677.0,MD,9 years,,,,,,,1
2500.0,16.57,444.0,VA,< 1 year,,,,,,,1
25000.0,51.26,743.0,KY,10+ years,,,,,,,1
15000.0,20.1,692.0,CA,1 year,,,,,,,1
1500.0,3.0,0.0,MA,< 1 year,,,,,,,1
10000.0,11.93,468.0,NY,2 years,,,,,,,1
20000.0,28.04,610.0,SC,5 years,,,,,,,1
2500.0,43.09,606.0,GA,1 year,,,,,,,1
6000.0,48.21,547.0,NJ,2 years,,,,,,,1
13525.0,2.29,515.0,VA,< 1 year,,,,,,,1
12000.0,30.22,596.0,WI,2 years,,,,,,,1
12000.0,6.69,679.0,AZ,1 year,,,,,,,1
2500.0,41.41,596.0,WV,7 years,,,,,,,1
1500.0,6.06,480.0,MA,10+ years,,,,,,,1
25000.0,1.72,692.0,CO,10+ years,,,,,,,1
5000.0,24.12,601.0,GA,4 years,,,,,,,1
25000.0,28.29,617.0,AZ,10+ years,,,,,,,1
4000.0,0.0,0.0,NY,6 years,,,,,,,1
500.0,0.0,498.0,GA,< 1 year,,,,,,,1
5000.0,26.04,549.0,CA,9 years,,,,,,,1
2500.0,100.73,470.0,NC,6 years,,,,,,,1
2400.0,0.95,433.0,MN,< 1 year,,,,,,,1
1000.0,2.0,440.0,NC,< 1 year,,,,,,,1
17000.0,0.71,546.0,WI,2 years,,,,,,,1
3000.0,1.47,565.0,TX,3 years,,,,,,,1
25000.0,49.64,631.0,FL,< 1 year,,,,,,,1
1600.0,23.76,511.0,OK,3 years,,,,,,,1
20000.0,13.9,618.0,TX,1 year,,,,,,,1
2500.0,20.23,581.0,OH,10+ years,,,,,,,1
6500.0,369.44,643.0,MD,2 years,,,,,,,1
10000.0,16.48,513.0,MS,2 years,,,,,,,1
8000.0,39.6,629.0,NC,< 1 year,,,,,,,1
5000.0,14.02,486.0,AR,9 years,,,,,,,1
3500.0,11.88,654.0,NJ,10+ years,,,,,,,1
10000.0,21.54,486.0,GA,9 years,,,,,,,1
3600.0,25.62,547.0,OH,1 year,,,,,,,1
10000.0,38.69,547.0,OK,8 years,,,,,,,1
25000.0,26.03,698.0,WA,5 years,,,,,,,1
15000.0,8.67,679.0,GA,< 1 year,,,,,,,1
15000.0,1.55,652.0,FL,2 years,,,,,,,1
4000.0,35.23,470.0,TX,1 year,,,,,,,1
10000.0,19.63,625.0,CA,1 year,,,,,,,1
1200.0,6.54,576.0,AZ,< 1 year,,,,,,,1
3000.0,9.32,451.0,TN,< 1 year,,,,,,,1
1800.0,39.04,566.0,LA,8 years,,,,,,,1
25000.0,2.86,454.0,KY,2 years,,,,,,,1
500.0,0.0,481.0,FL,< 1 year,,,,,,,1
20000.0,9.04,523.0,FL,1 year,,,,,,,1
3000.0,12.66,547.0,MN,4 years,,,,,,,1
10000.0,12.15,640.0,NJ,2 years,,,,,,,1
4500.0,12.51,637.0,MO,6 years,,,,,,,1
10000.0,15.07,627.0,MD,2 years,,,,,,,1
10000.0,17.62,550.0,AL,< 1 year,,,,,,,1
2000.0,0.44,549.0,IN,1 year,,,,,,,1
5000.0,27.79,546.0,TX,4 years,,,,,,,1
3000.0,93.03,648.0,NY,< 1 year,,,,,,,1
5000.0,33.49,581.0,FL,3 years,,,,,,,1
5000.0,9.67,663.0,TX,< 1 year,,,,,,,1
5000.0,2.37,477.0,NY,10+ years,,,,,,,1
10000.0,28.69,456.0,MO,7 years,,,,,,,1
25000.0,18.9,679.0,CO,< 1 year,,,,,,,1
6300.0,22.34,579.0,MD,5 years,,,,,,,1
25000.0,29.57,521.0,TX,< 1 year,,,,,,,1
20000.0,0.0,507.0,WI,2 years,,,,,,,1
5000.0,345.2,576.0,KY,< 1 year,,,,,,,1
10000.0,22.07,437.0,FL,1 year,,,,,,,1
3000.0,0.0,0.0,FL,3 years,,,,,,,1
1500.0,4.57,532.0,AR,9 years,,,,,,,1
2000.0,4.13,458.0,NY,4 years,,,,,,,1
5000.0,34.71,468.0,OH,10+ years,,,,,,,1
7000.0,1.2,630.0,NY,2 years,,,,,,,1
23500.0,5.56,627.0,WI,2 years,,,,,,,1
16000.0,14.92,548.0,NM,10+ years,,,,,,,1
3500.0,3.98,660.0,GA,< 1 year,,,,,,,1
2500.0,17.47,505.0,MD,10+ years,,,,,,,1
1500.0,16.07,570.0,MD,< 1 year,,,,,,,1
1500.0,15.61,559.0,MD,2 years,,,,,,,1
2000.0,4.01,640.0,NC,3 years,,,,,,,1
19000.0,18.14,540.0,GA,< 1 year,,,,,,,1
25000.0,2.28,644.0,NY,1 year,,,,,,,1
4000.0,29.25,631.0,OH,8 years,,,,,,,1
5000.0,15.8,474.0,FL,3 years,,,,,,,1
12000.0,35.33,464.0,MO,1 year,,,,,,,1
5000.0,31.45,710.0,NY,1 year,,,,,,,1
7500.0,16.06,509.0,AL,1 year,,,,,,,1
10000.0,40.82,603.0,WA,3 years,,,,,,,1
1500.0,24.0,454.0,TX,< 1 year,,,,,,,1
7500.0,65.04,615.0,WA,10+ years,,,,,,,1
600.0,8.04,438.0,NJ,1 year,,,,,,,1
2500.0,0.0,0.0,FL,< 1 year,,,,,,,1
5000.0,17.56,450.0,NY,1 year,,,,,,,1
8000.0,0.0,456.0,SC,2 years,,,,,,,1
3900.0,0.0,455.0,MN,2 years,,,,,,,1
12000.0,10.96,425.0,MN,3 years,,,,,,,1
10000.0,0.0,0.0,TX,2 years,,,,,,,1
25000.0,21.51,380.0,GA,4 years,,,,,,,1
10000.0,0.63,407.0,TN,5 years,,,,,,,1
25000.0,22.13,480.0,NC,< 1 year,,,,,,,1
10000.0,25.59,551.0,MN,8 years,,,,,,,1
2000.0,14.11,621.0,NC,2 years,,,,,,,1
5000.0,40.46,651.0,NC,10+ years,,,,,,,1
25000.0,27.9,630.0,TX,< 1 year,,,,,,,1
8000.0,34.75,637.0,AZ,< 1 year,,,,,,,1
10000.0,7.32,477.0,MA,6 years,,,,,,,1
5300.0,19.19,572.0,CO,2 years,,,,,,,1
3200.0,9.65,480.0,TN,2 years,,,,,,,1
1500.0,16.79,597.0,FL,2 years,,,,,,,1
5000.0,1.44,624.0,AZ,10+ years,,,,,,,1
10000.0,22.19,461.0,WI,< 1 year,,,,,,,1
15000.0,14.54,600.0,FL,< 1 year,,,,,,,1
25000.0,27.87,575.0,NM,6 years,,,,,,,1
25000.0,23.76,609.0,MA,1 year,,,,,,,1
25000.0,18.06,693.0,MN,4 years,,,,,,,1
25000.0,22.3,745.0,AZ,< 1 year,,,,,,,1
500.0,14.4,486.0,WI,10+ years,,,,,,,1
13000.0,43.27,551.0,TX,10+ years,,,,,,,1
8000.0,13.0,497.0,VA,< 1 year,,,,,,,1
25000.0,26.03,457.0,MN,3 years,,,,,,,1
3000.0,11.28,543.0,VA,4 years,,,,,,,1
10000.0,13.1,488.0,FL,2 years,,,,,,,1
12000.0,16.13,612.0,MN,< 1 year,,,,,,,1
15000.0,39.53,512.0,FL,8 years,,,,,,,1
15000.0,22.4,662.0,VA,3 years,,,,,,,1
10000.0,0.0,0.0,FL,< 1 year,,,,,,,1
15000.0,522.62,588.0,NC,10+ years,,,,,,,1
10000.0,71.07,571.0,TX,10+ years,,,,,,,1
500.0,28.03,584.0,NJ,8 years,,,,,,,1
3000.0,16.34,527.0,MO,< 1 year,,,,,,,1
3000.0,16.29,587.0,NY,6 years,,,,,,,1
10000.0,59.4,658.0,LA,< 1 year,,,,,,,1
5000.0,10.57,514.0,MO,7 years,,,,,,,1
5100.0,27.55,479.0,FL,3 years,,,,,,,1
5500.0,6.16,538.0,NY,< 1 year,,,,,,,1
2500.0,14.91,509.0,MD,< 1 year,,,,,,,1
12500.0,0.0,558.0,NJ,< 1 year,,,,,,,1
8000.0,31.07,503.0,UT,< 1 year,,,,,,,1
5000.0,23.52,410.0,NE,5 years,,,,,,,1
10000.0,3.9,685.0,IN,< 1 year,,,,,,,1
20000.0,0.79,603.0,CT,1 year,,,,,,,1
5000.0,13.24,526.0,DC,< 1 year,,,,,,,1
2500.0,2.88,542.0,GA,2 years,,,,,,,1
23000.0,23.85,526.0,AK,7 years,,,,,,,1
15000.0,7.5,642.0,CO,7 years,,,,,,,1
5000.0,1.9,570.0,GA,1 year,,,,,,,1
5000.0,30.62,547.0,AZ,< 1 year,,,,,,,1
25000.0,6.49,794.0,NJ,8 years,,,,,,,1
10000.0,0.0,620.0,NC,8 years,,,,,,,1
5000.0,9.6,482.0,WI,1 year,,,,,,,1
20000.0,98.14,625.0,MN,10+ years,,,,,,,1
10000.0,10.03,481.0,TX,5 years,,,,,,,1
1000.0,0.0,426.0,VA,1 year,,,,,,,1
9800.0,1.71,636.0,NH,2 years,,,,,,,1
25000.0,32.79,713.0,GA,< 1 year,,,,,,,1
25000.0,14.98,645.0,AZ,10+ years,,,,,,,1
25000.0,280.39,564.0,CO,2 years,,,,,,,1
20000.0,17.55,608.0,FL,1 year,,,,,,,1
4500.0,0.67,468.0,MN,< 1 year,,,,,,,1
7000.0,17.25,414.0,NC,< 1 year,,,,,,,1
3600.0,0.7,456.0,AR,2 years,,,,,,,1
3000.0,13.44,512.0,NJ,10+ years,,,,,,,1
20000.0,9.41,693.0,TX,10+ years,,,,,,,1
7000.0,29.39,562.0,CT,10+ years,,,,,,,1
15000.0,37.55,686.0,GA,10+ years,,,,,,,1
500.0,7.1,568.0,GA,< 1 year,,,,,,,1
2000.0,0.0,,MD,< 1 year,,,,,,,1
4000.0,54.91,642.0,FL,6 years,,,,,,,1
25000.0,0.0,461.0,NY,< 1 year,,,,,,,1
4000.0,3.92,443.0,TX,3 years,,,,,,,1
4000.0,10.8,636.0,NY,4 years,,,,,,,1
7500.0,24.3,659.0,NC,10+ years,,,,,,,1
35000.0,62.38,630.0,CO,< 1 year,,,,,,,1
7000.0,23.78,546.0,SC,3 years,,,,,,,1
11900.0,3.0,579.0,GA,< 1 year,,,,,,,1
4500.0,4.67,592.0,GA,< 1 year,,,,,,,1
15000.0,36.21,593.0,CT,3 years,,,,,,,1
4000.0,6.66,639.0,TX,1 year,,,,,,,1
12000.0,22.96,479.0,NC,10+ years,,,,,,,1
25000.0,9.8,661.0,FL,7 years,,,,,,,1
10000.0,37.28,641.0,MD,4 years,,,,,,,1
2500.0,0.99,,CO,< 1 year,,,,,,,1
2300.0,0.0,412.0,FL,5 years,,,,,,,1
25000.0,0.0,680.0,MO,1 year,,,,,,,1
5000.0,50.74,446.0,SC,3 years,,,,,,,1
25000.0,12.56,499.0,UT,< 1 year,,,,,,,1
2500.0,28.96,607.0,NC,1 year,,,,,,,1
20000.0,0.0,478.0,CO,< 1 year,,,,,,,1
7000.0,17.61,483.0,NC,7 years,,,,,,,1
8000.0,557.14,440.0,AL,5 years,,,,,,,1
15000.0,14.12,547.0,TX,1 year,,,,,,,1
6000.0,18.23,451.0,MA,< 1 year,,,,,,,1
10000.0,20.61,476.0,SC,< 1 year,,,,,,,1
5000.0,17.84,515.0,GA,1 year,,,,,,,1
15000.0,23.72,673.0,NC,6 years,,,,,,,1
1000.0,22.44,422.0,KY,2 years,,,,,,,1
9500.0,66.11,544.0,NY,3 years,,,,,,,1
1000.0,2.5,408.0,NC,< 1 year,,,,,,,1
4500.0,5.82,463.0,NC,2 years,,,,,,,1
25000.0,21.63,617.0,NY,2 years,,,,,,,1
20000.0,11.09,730.0,VA,< 1 year,,,,,,,1
25000.0,8.97,420.0,WI,10+ years,,,,,,,1
2500.0,29.77,603.0,IN,2 years,,,,,,,1
25000.0,29.28,739.0,OH,10+ years,,,,,,,1
3400.0,11.58,610.0,WV,3 years,,,,,,,1
15000.0,3.23,687.0,CO,5 years,,,,,,,1
6000.0,8.4,461.0,AL,2 years,,,,,,,1
5000.0,0.0,0.0,TX,1 year,,,,,,,1
4000.0,9.66,645.0,NC,7 years,,,,,,,1
5000.0,24.05,524.0,SC,2 years,,,,,,,1
2000.0,1.58,503.0,IN,3 years,,,,,,,1
15000.0,20.08,629.0,FL,4 years,,,,,,,1
3000.0,11.77,494.0,TN,10+ years,,,,,,,1
3000.0,13.39,622.0,FL,1 year,,,,,,,1
12000.0,9.06,654.0,GA,3 years,,,,,,,1
25000.0,82.4,655.0,VA,< 1 year,,,,,,,1
1000.0,4.52,460.0,NJ,6 years,,,,,,,1
15000.0,5.21,430.0,FL,1 year,,,,,,,1
10000.0,29.26,485.0,IN,7 years,,,,,,,1
5000.0,9.84,531.0,IN,10+ years,,,,,,,1
4000.0,11.71,486.0,NY,2 years,,,,,,,1
10000.0,40.12,709.0,AZ,10+ years,,,,,,,1
1000.0,0.0,497.0,CO,< 1 year,,,,,,,1
4000.0,1.95,486.0,TX,2 years,,,,,,,1
5000.0,26.31,633.0,AZ,< 1 year,,,,,,,1
5000.0,0.0,0.0,OK,< 1 year,,,,,,,1
20000.0,6.34,445.0,TN,3 years,,,,,,,1
500.0,10.42,527.0,TX,< 1 year,,,,,,,1
2300.0,0.0,616.0,KY,1 year,,,,,,,1
8000.0,18.45,603.0,UT,< 1 year,,,,,,,1
15000.0,15.52,617.0,HI,2 years,,,,,,,1
25000.0,1.95,480.0,OH,2 years,,,,,,,1
5000.0,9.65,491.0,NY,< 1 year,,,,,,,1
1600.0,52.07,674.0,CO,< 1 year,,,,,,,1
3000.0,4.42,589.0,SC,< 1 year,,,,,,,1
7500.0,4.11,471.0,DC,1 year,,,,,,,1
12000.0,9.14,706.0,GA,1 year,,,,,,,1
3000.0,33.97,567.0,CO,10+ years,,,,,,,1
14800.0,17.01,577.0,MO,10+ years,,,,,,,1
11500.0,17.94,618.0,TX,9 years,,,,,,,1
15000.0,28.56,670.0,GA,1 year,,,,,,,1
5000.0,15.81,484.0,FL,5 years,,,,,,,1
5000.0,23.98,549.0,CO,5 years,,,,,,,1
5000.0,0.0,406.0,FL,< 1 year,,,,,,,1
2000.0,14.77,571.0,NY,4 years,,,,,,,1
6500.0,14.32,605.0,IN,3 years,,,,,,,1
1000.0,0.0,488.0,NC,1 year,,,,,,,1
20000.0,12.69,658.0,VA,10+ years,,,,,,,1
500.0,5.22,443.0,TX,< 1 year,,,,,,,1
8000.0,1.95,606.0,MA,7 years,,,,,,,1
18000.0,1.52,693.0,IN,2 years,,,,,,,1
10000.0,10.65,505.0,GA,1 year,,,,,,,1
6000.0,0.4,644.0,GA,8 years,,,,,,,1
6000.0,27.36,495.0,TN,4 years,,,,,,,1
10000.0,12.45,667.0,GA,< 1 year,,,,,,,1
10000.0,1.85,690.0,LA,1 year,,,,,,,1
3000.0,29.81,627.0,CO,3 years,,,,,,,1
2500.0,25.98,609.0,MT,< 1 year,,,,,,,1
15000.0,2.87,663.0,WA,6 years,,,,,,,1
6000.0,5.57,669.0,CT,3 years,,,,,,,1
3000.0,0.0,567.0,GA,< 1 year,,,,,,,1
15000.0,0.46,461.0,OH,1 year,,,,,,,1
10000.0,20.37,706.0,TX,3 years,,,,,,,1
5000.0,10.82,481.0,NY,10+ years,,,,,,,1
20000.0,13.43,592.0,NJ,1 year,,,,,,,1
20000.0,51.7,558.0,FL,8 years,,,,,,,1
500.0,11.05,476.0,MT,3 years,,,,,,,1
2500.0,46.69,519.0,CO,7 years,,,,,,,1
10000.0,32.0,553.0,VA,3 years,,,,,,,1
3000.0,14.88,486.0,WI,< 1 year,,,,,,,1
8000.0,0.0,525.0,OH,7 years,,,,,,,1
20000.0,53.27,506.0,GA,10+ years,,,,,,,1
22000.0,44.46,587.0,MA,1 year,,,,,,,1
500.0,28.59,516.0,NC,5 years,,,,,,,1
6100.0,16.82,596.0,MA,1 year,,,,,,,1
25000.0,47.4,464.0,VA,10+ years,,,,,,,1
7000.0,48.34,494.0,GA,1 year,,,,,,,1
15000.0,6.05,638.0,CT,2 years,,,,,,,1
900.0,0.0,0.0,MS,2 years,,,,,,,1
6000.0,6.62,496.0,MN,6 years,,,,,,,1
3500.0,0.0,492.0,MD,1 year,,,,,,,1
10000.0,24.31,654.0,NY,2 years,,,,,,,1
20000.0,6.73,627.0,ME,6 years,,,,,,,1
3500.0,10.71,496.0,NM,1 year,,,,,,,1
1000.0,0.0,0.0,FL,4 years,,,,,,,1
2500.0,98.18,576.0,NY,< 1 year,,,,,,,1
3000.0,20.57,565.0,FL,2 years,,,,,,,1
7000.0,0.6,0.0,TX,1 year,,,,,,,1
4000.0,4.41,599.0,MD,3 years,,,,,,,1
15000.0,14.89,518.0,MD,10+ years,,,,,,,1
5000.0,0.0,569.0,OH,10+ years,,,,,,,1
10000.0,43.2,661.0,FL,< 1 year,,,,,,,1
15000.0,82.8,545.0,IN,< 1 year,,,,,,,1
15000.0,47.04,649.0,GA,6 years,,,,,,,1
1300.0,20.42,514.0,IN,2 years,,,,,,,1
20000.0,155.56,649.0,MA,4 years,,,,,,,1
4700.0,16.8,593.0,OH,3 years,,,,,,,1
20000.0,36.71,670.0,NC,7 years,,,,,,,1
25000.0,40.72,625.0,VA,10+ years,,,,,,,1
10000.0,1.67,458.0,TN,10+ years,,,,,,,1
5000.0,2.4,439.0,GA,< 1 year,,,,,,,1
20000.0,0.4,456.0,NY,5 years,,,,,,,1
20000.0,26.02,522.0,TX,1 year,,,,,,,1
15000.0,26.11,579.0,NC,< 1 year,,,,,,,1
2500.0,12.02,623.0,TX,1 year,,,,,,,1
6500.0,45.36,738.0,FL,7 years,,,,,,,1
5000.0,37.26,425.0,MT,3 years,,,,,,,1
700.0,0.0,619.0,NM,< 1 year,,,,,,,1
10000.0,24.3,747.0,NY,3 years,,,,,,,1
1500.0,0.0,0.0,TN,1 year,,,,,,,1
2500.0,13.2,501.0,GA,< 1 year,,,,,,,1
4000.0,20.43,633.0,DE,< 1 year,,,,,,,1
25000.0,2.21,594.0,OH,3 years,,,,,,,1
11200.0,6.72,741.0,NJ,< 1 year,,,,,,,1
15000.0,33.31,498.0,TX,1 year,,,,,,,1
2500.0,4.5,703.0,NE,6 years,,,,,,,1
8000.0,3.29,567.0,FL,2 years,,,,,,,1
4000.0,16.05,563.0,AR,10+ years,,,,,,,1
7000.0,1.15,0.0,FL,< 1 year,,,,,,,1
7500.0,47.27,629.0,NH,9 years,,,,,,,1
3500.0,38.34,677.0,WV,10+ years,,,,,,,1
5000.0,18.36,577.0,CO,1 year,,,,,,,1
5500.0,0.0,636.0,AZ,10+ years,,,,,,,1
14000.0,58.61,511.0,NY,2 years,,,,,,,1
1500.0,16.29,509.0,AZ,5 years,,,,,,,1
5000.0,12.78,459.0,TN,6 years,,,,,,,1
10000.0,0.53,730.0,OH,< 1 year,,,,,,,1
500.0,26.0,609.0,FL,< 1 year,,,,,,,1
4000.0,1.97,647.0,NJ,< 1 year,,,,,,,1
15000.0,4.18,436.0,TX,5 years,,,,,,,1
25000.0,7.93,590.0,NJ,9 years,,,,,,,1
10000.0,0.0,503.0,LA,1 year,,,,,,,1
15000.0,17.44,595.0,NY,10+ years,,,,,,,1
1600.0,26.13,507.0,IL,3 years,,,,,,,1
3500.0,12.89,661.0,NY,< 1 year,,,,,,,1
15000.0,5.34,597.0,VT,2 years,,,,,,,1
25000.0,32.5,722.0,ME,< 1 year,,,,,,,1
10000.0,49.74,610.0,WA,5 years,,,,,,,1
20000.0,24.38,526.0,UT,5 years,,,,,,,1
10000.0,0.0,542.0,TX,1 year,,,,,,,1
8000.0,1.1,575.0,NY,3 years,,,,,,,1
3000.0,202.8,657.0,UT,< 1 year,,,,,,,1
5000.0,12.83,422.0,MD,< 1 year,,,,,,,1
7500.0,32.53,574.0,TX,4 years,,,,,,,1
7500.0,36.71,689.0,FL,4 years,,,,,,,1
5000.0,17.05,544.0,CO,1 year,,,,,,,1
3000.0,1.38,523.0,NY,< 1 year,,,,,,,1
1500.0,8.94,632.0,MN,2 years,,,,,,,1
1500.0,19.6,561.0,FL,4 years,,,,,,,1
4750.0,0.0,432.0,AZ,< 1 year,,,,,,,1
25000.0,2.37,700.0,UT,8 years,,,,,,,1
5000.0,3.32,516.0,TN,6 years,,,,,,,1
700.0,2.52,543.0,GA,2 years,,,,,,,1
12000.0,18.63,695.0,NY,5 years,,,,,,,1
1500.0,29.73,648.0,VA,1 year,,,,,,,1
800.0,9.47,471.0,NC,1 year,,,,,,,1
1000.0,22.37,516.0,MA,8 years,,,,,,,1
15000.0,35.49,535.0,AZ,< 1 year,,,,,,,1
15000.0,21.08,433.0,AZ,2 years,,,,,,,1
20000.0,29.26,475.0,MA,10+ years,,,,,,,1
5000.0,19.06,493.0,IN,7 years,,,,,,,1
2000.0,0.0,471.0,OH,< 1 year,,,,,,,1
12000.0,88.94,533.0,AL,1 year,,,,,,,1
20000.0,31.11,611.0,GA,4 years,,,,,,,1
5000.0,9.24,575.0,AZ,1 year,,,,,,,1
2000.0,4.13,622.0,MO,10+ years,,,,,,,1
20000.0,29.47,648.0,NJ,4 years,,,,,,,1
2400.0,0.0,559.0,MO,< 1 year,,,,,,,1
7000.0,19.59,688.0,TX,< 1 year,,,,,,,1
4250.0,1.29,597.0,MN,1 year,,,,,,,1
5000.0,18.41,548.0,AZ,4 years,,,,,,,1
4000.0,27.73,0.0,AZ,3 years,,,,,,,1
15000.0,2.94,533.0,NJ,10+ years,,,,,,,1
25000.0,41.42,624.0,OH,9 years,,,,,,,1
5500.0,47.08,653.0,NV,< 1 year,,,,,,,1
1500.0,14.83,476.0,FL,10+ years,,,,,,,1
20000.0,22.31,625.0,VA,1 year,,,,,,,1
1500.0,0.0,485.0,NY,4 years,,,,,,,1
2000.0,9.18,521.0,NY,1 year,,,,,,,1
10000.0,36.61,686.0,AR,10+ years,,,,,,,1
5000.0,0.27,468.0,TX,3 years,,,,,,,1
2500.0,18.62,537.0,IN,1 year,,,,,,,1
500.0,0.0,0.0,NC,1 year,,,,,,,1
5000.0,25.95,633.0,UT,4 years,,,,,,,1
25000.0,25.96,536.0,AZ,10+ years,,,,,,,1
10000.0,23.75,556.0,VA,< 1 year,,,,,,,1
9000.0,0.0,542.0,NY,10+ years,,,,,,,1
3600.0,44.27,424.0,AL,9 years,,,,,,,1
3000.0,0.0,645.0,FL,1 year,,,,,,,1
10000.0,33.81,664.0,GA,2 years,,,,,,,1
19000.0,6.78,593.0,NY,5 years,,,,,,,1
2500.0,40.31,528.0,OH,2 years,,,,,,,1
2500.0,2.96,609.0,MD,< 1 year,,,,,,,1
500.0,0.0,587.0,NY,2 years,,,,,,,1
10000.0,12.43,411.0,FL,< 1 year,,,,,,,1
1000.0,11.93,431.0,VA,5 years,,,,,,,1
4000.0,25.34,460.0,NY,4 years,,,,,,,1
15000.0,18.14,582.0,NJ,7 years,,,,,,,1
7000.0,5.23,421.0,FL,9 years,,,,,,,1
5000.0,17.5,467.0,NH,1 year,,,,,,,1
6000.0,6.68,665.0,KY,1 year,,,,,,,1
5000.0,2.12,496.0,TX,1 year,,,,,,,1
5000.0,18.3,474.0,NJ,2 years,,,,,,,1
3000.0,49.45,636.0,UT,< 1 year,,,,,,,1
3000.0,13.65,504.0,OH,< 1 year,,,,,,,1
9000.0,0.0,512.0,TX,2 years,,,,,,,1
700.0,125.49,613.0,OH,< 1 year,,,,,,,1
6300.0,4.48,433.0,GA,3 years,,,,,,,1
1000.0,0.0,0.0,MA,2 years,,,,,,,1
5000.0,36.33,477.0,WA,1 year,,,,,,,1
2500.0,20.91,438.0,KS,1 year,,,,,,,1
25000.0,43.2,669.0,NY,10+ years,,,,,,,1
15000.0,23.0,557.0,OK,10+ years,,,,,,,1
2500.0,18.72,449.0,LA,< 1 year,,,,,,,1
2000.0,38.07,548.0,TX,< 1 year,,,,,,,1
20000.0,0.0,461.0,NJ,3 years,,,,,,,1
25000.0,22.59,626.0,FL,1 year,,,,,,,1
3000.0,9.68,438.0,LA,3 years,,,,,,,1
5000.0,20.32,551.0,IL,9 years,,,,,,,1
2500.0,1.4,615.0,WI,1 year,,,,,,,1
1200.0,2.14,426.0,GA,1 year,,,,,,,1
3500.0,12.25,606.0,MN,8 years,,,,,,,1
10000.0,7.65,660.0,TX,4 years,,,,,,,1
5000.0,0.0,0.0,MA,10+ years,,,,,,,1
16000.0,2.13,423.0,FL,1 year,,,,,,,1
8000.0,6.21,661.0,AZ,1 year,,,,,,,1
12000.0,0.0,566.0,AZ,1 year,,,,,,,1
20000.0,7.88,640.0,OH,1 year,,,,,,,1
10000.0,22.08,517.0,TN,< 1 year,,,,,,,1
1000.0,9.94,532.0,NJ,7 years,,,,,,,1
500.0,20.8,494.0,TN,10+ years,,,,,,,1
6000.0,34.06,671.0,NM,< 1 year,,,,,,,1
11300.0,12.91,648.0,FL,< 1 year,,,,,,,1
7500.0,9.6,631.0,OH,< 1 year,,,,,,,1
5000.0,3.98,420.0,AZ,1 year,,,,,,,1
10000.0,3.76,489.0,CA,< 1 year,,,,,,,1
10000.0,3.78,585.0,MD,< 1 year,,,,,,,1
10000.0,467.08,553.0,NC,6 years,,,,,,,1
25000.0,82.32,524.0,AL,4 years,,,,,,,1
18000.0,54.8,703.0,UT,1 year,,,,,,,1
2500.0,18.31,401.0,WI,2 years,,,,,,,1
3000.0,22.07,533.0,WI,9 years,,,,,,,1
2000.0,24.36,595.0,NJ,10+ years,,,,,,,1
4500.0,0.0,589.0,NC,2 years,,,,,,,1
25000.0,13.36,615.0,GA,1 year,,,,,,,1
5000.0,9.91,591.0,TX,1 year,,,,,,,1
12500.0,16.15,496.0,OH,< 1 year,,,,,,,1
2000.0,15.08,614.0,MA,3 years,,,,,,,1
8000.0,13.16,484.0,MD,2 years,,,,,,,1
700.0,0.0,0.0,AR,< 1 year,,,,,,,1
5000.0,37.51,459.0,NE,< 1 year,,,,,,,1
10000.0,2.13,534.0,NY,3 years,,,,,,,1
5000.0,42.55,498.0,OH,2 years,,,,,,,1
10000.0,14.8,632.0,AZ,1 year,,,,,,,1
5800.0,19.62,667.0,GA,8 years,,,,,,,1
1000.0,7.84,593.0,MD,1 year,,,,,,,1
1000.0,30.6,485.0,NY,< 1 year,,,,,,,1
5000.0,50.96,640.0,MN,1 year,,,,,,,1
25000.0,0.94,744.0,OH,7 years,,,,,,,1
3000.0,20.7,554.0,TX,1 year,,,,,,,1
5000.0,13.91,575.0,MA,2 years,,,,,,,1
18000.0,1.23,663.0,FL,2 years,,,,,,,1
7500.0,14.59,586.0,NY,3 years,,,,,,,1
7500.0,2.94,484.0,HI,1 year,,,,,,,1
1000.0,8.04,504.0,NM,2 years,,,,,,,1
2000.0,22.49,651.0,NY,< 1 year,,,,,,,1
3600.0,0.0,738.0,NY,< 1 year,,,,,,,1
19650.0,2.83,662.0,NY,7 years,,,,,,,1
5150.0,27.82,644.0,AZ,< 1 year,,,,,,,1
20000.0,45.86,653.0,WI,9 years,,,,,,,1
5000.0,15.59,535.0,AZ,9 years,,,,,,,1
10000.0,68.63,627.0,TX,4 years,,,,,,,1
1000.0,27.3,421.0,TX,< 1 year,,,,,,,1
3200.0,5.4,513.0,GA,10+ years,,,,,,,1
500.0,50.0,575.0,FL,< 1 year,,,,,,,1
2500.0,0.9,540.0,OH,1 year,,,,,,,1
8000.0,21.64,400.0,FL,< 1 year,,,,,,,1
6000.0,27.58,626.0,OH,4 years,,,,,,,1
3000.0,5.97,591.0,CT,< 1 year,,,,,,,1
5000.0,32.0,649.0,SC,3 years,,,,,,,1
7500.0,0.54,634.0,NY,1 year,,,,,,,1
1000.0,6.81,497.0,NC,10+ years,,,,,,,1
5000.0,17.16,479.0,VA,3 years,,,,,,,1
5000.0,26.77,486.0,NJ,8 years,,,,,,,1
2000.0,10.51,549.0,MA,< 1 year,,,,,,,1
5000.0,14.58,526.0,KY,1 year,,,,,,,1
12000.0,6.03,720.0,WA,5 years,,,,,,,1
15000.0,0.0,0.0,TN,10+ years,,,,,,,1
15000.0,17.1,460.0,MA,9 years,,,,,,,1
25000.0,21.99,612.0,AL,< 1 year,,,,,,,1
25000.0,178.63,688.0,FL,< 1 year,,,,,,,1
5000.0,2.48,637.0,FL,2 years,,,,,,,1
5000.0,5.93,459.0,MO,1 year,,,,,,,1
1000.0,35.73,536.0,MO,1 year,,,,,,,1
1000.0,4.51,498.0,FL,3 years,,,,,,,1
725.0,30.0,600.0,FL,5 years,,,,,,,1
8000.0,22.44,654.0,WA,< 1 year,,,,,,,1
500.0,41.91,510.0,IN,< 1 year,,,,,,,1
2000.0,0.0,524.0,MO,< 1 year,,,,,,,1
15000.0,34.88,660.0,TN,10+ years,,,,,,,1
4000.0,17.67,481.0,AZ,< 1 year,,,,,,,1
2200.0,12.24,591.0,CO,5 years,,,,,,,1
1000.0,31.9,587.0,WA,< 1 year,,,,,,,1
25000.0,10.11,549.0,MD,10+ years,,,,,,,1
25000.0,37.37,711.0,FL,10+ years,,,,,,,1
10000.0,15.8,584.0,MD,< 1 year,,,,,,,1
7000.0,163.84,500.0,NY,< 1 year,,,,,,,1
5000.0,7.51,561.0,MD,< 1 year,,,,,,,1
5000.0,1.26,641.0,NY,3 years,,,,,,,1
6000.0,23.55,0.0,KY,1 year,,,,,,,1
10000.0,10.41,500.0,TX,5 years,,,,,,,1
10000.0,0.0,582.0,FL,2 years,,,,,,,1
6000.0,2.92,550.0,LA,10+ years,,,,,,,1
10000.0,11.11,453.0,TX,< 1 year,,,,,,,1
3000.0,78.1,445.0,OR,2 years,,,,,,,1
25000.0,26.91,675.0,TX,< 1 year,,,,,,,1
3000.0,18.41,556.0,CT,1 year,,,,,,,1
5000.0,43.22,696.0,MA,< 1 year,,,,,,,1
5000.0,3.88,624.0,MD,4 years,,,,,,,1
8625.0,23.63,686.0,NY,3 years,,,,,,,1
2500.0,15.09,631.0,SC,2 years,,,,,,,1
6500.0,0.0,526.0,WA,10+ years,,,,,,,1
12000.0,0.0,744.0,WA,10+ years,,,,,,,1
500.0,360.67,543.0,AR,7 years,,,,,,,1
5000.0,4.6,603.0,IN,8 years,,,,,,,1
25000.0,10.2,662.0,OK,10+ years,,,,,,,1
23500.0,1.46,474.0,FL,3 years,,,,,,,1
15000.0,19.71,602.0,WA,1 year,,,,,,,1
8050.0,35.02,491.0,WV,9 years,,,,,,,1
1000.0,11.43,484.0,IN,4 years,,,,,,,1
5500.0,4.39,636.0,AZ,3 years,,,,,,,1
10000.0,16.57,540.0,OH,3 years,,,,,,,1
12000.0,11.84,653.0,NJ,10+ years,,,,,,,1
4000.0,18.6,607.0,FL,1 year,,,,,,,1
3000.0,0.0,533.0,CO,5 years,,,,,,,1
4000.0,17.98,614.0,MD,10+ years,,,,,,,1
2600.0,0.0,587.0,FL,< 1 year,,,,,,,1
7000.0,5.21,639.0,CT,1 year,,,,,,,1
4000.0,9.33,614.0,NC,< 1 year,,,,,,,1
4000.0,31.47,561.0,GA,2 years,,,,,,,1
8000.0,19.53,568.0,NC,5 years,,,,,,,1
6000.0,9.66,662.0,FL,5 years,,,,,,,1
2000.0,10.05,647.0,GA,< 1 year,,,,,,,1
7000.0,44.4,665.0,WV,10+ years,,,,,,,1
2000.0,19.06,630.0,TX,2 years,,,,,,,1
10000.0,0.0,417.0,GA,6 years,,,,,,,1
18500.0,13.75,636.0,LA,2 years,,,,,,,1
8500.0,1.06,621.0,SC,4 years,,,,,,,1
13500.0,15.78,655.0,NY,< 1 year,,,,,,,1
6400.0,50.77,488.0,AR,< 1 year,,,,,,,1
3500.0,7.55,677.0,NJ,10+ years,,,,,,,1
5000.0,11.4,642.0,WI,1 year,,,,,,,1
14000.0,0.74,636.0,MO,2 years,,,,,,,1
2000.0,4.43,488.0,LA,10+ years,,,,,,,1
2000.0,6.37,573.0,WA,9 years,,,,,,,1
5000.0,41.27,593.0,OH,< 1 year,,,,,,,1
15000.0,39.21,657.0,GA,3 years,,,,,,,1
3500.0,3.97,499.0,NY,2 years,,,,,,,1
5500.0,2.72,652.0,NY,8 years,,,,,,,1
10000.0,7.41,645.0,VA,7 years,,,,,,,1
25000.0,40.23,741.0,OH,6 years,,,,,,,1
15000.0,8.4,612.0,OH,2 years,,,,,,,1
11000.0,25.74,705.0,OH,< 1 year,,,,,,,1
2000.0,10.62,496.0,KY,8 years,,,,,,,1
25000.0,25.75,554.0,AZ,8 years,,,,,,,1
12300.0,16.87,425.0,GA,6 years,,,,,,,1
25000.0,55.17,461.0,GA,10+ years,,,,,,,1
6000.0,237.49,583.0,TN,7 years,,,,,,,1
5000.0,0.81,548.0,NJ,3 years,,,,,,,1
15000.0,22.92,492.0,NJ,2 years,,,,,,,1
1500.0,2.89,425.0,WI,10+ years,,,,,,,1
3000.0,22.94,556.0,WI,10+ years,,,,,,,1
2500.0,30.23,458.0,TN,< 1 year,,,,,,,1
15000.0,8.67,608.0,GA,< 1 year,,,,,,,1
8000.0,0.0,456.0,GA,7 years,,,,,,,1
15000.0,32.26,495.0,GA,< 1 year,,,,,,,1
12000.0,0.48,0.0,WA,2 years,,,,,,,1
2500.0,17.86,436.0,FL,< 1 year,,,,,,,1
10000.0,10.34,524.0,SC,< 1 year,,,,,,,1
1500.0,13.61,479.0,TX,< 1 year,,,,,,,1
5000.0,4.24,547.0,AK,4 years,,,,,,,1
20000.0,30.14,716.0,VA,< 1 year,,,,,,,1
1500.0,0.0,665.0,MD,< 1 year,,,,,,,1
7525.0,20.48,653.0,CO,1 year,,,,,,,1
5000.0,49.72,612.0,NY,3 years,,,,,,,1
5000.0,22.85,527.0,NY,10+ years,,,,,,,1
2500.0,0.55,539.0,TX,9 years,,,,,,,1
5000.0,29.17,637.0,FL,1 year,,,,,,,1
2500.0,3.59,510.0,AL,1 year,,,,,,,1
2000.0,36.43,491.0,NH,2 years,,,,,,,1
13000.0,1.5,615.0,TN,10+ years,,,,,,,1
25000.0,35.39,737.0,OH,10+ years,,,,,,,1
5000.0,38.28,681.0,GA,5 years,,,,,,,1
2000.0,27.41,645.0,TX,4 years,,,,,,,1
24000.0,21.31,615.0,GA,4 years,,,,,,,1
3000.0,0.0,493.0,NV,< 1 year,,,,,,,1
1000.0,76.0,620.0,NY,2 years,,,,,,,1
4000.0,29.93,626.0,AK,10+ years,,,,,,,1
5000.0,1.83,552.0,TX,1 year,,,,,,,1
25000.0,5.55,759.0,MN,10+ years,,,,,,,1
5700.0,18.76,593.0,CO,10+ years,,,,,,,1
6000.0,67.83,557.0,KY,3 years,,,,,,,1
5000.0,0.75,759.0,CO,< 1 year,,,,,,,1
25000.0,36.0,651.0,FL,2 years,,,,,,,1
10000.0,15.17,550.0,NY,6 years,,,,,,,1
5000.0,8.4,631.0,LA,1 year,,,,,,,1
25000.0,24.18,695.0,VT,10+ years,,,,,,,1
5000.0,24.64,619.0,MO,4 years,,,,,,,1
8000.0,3.07,469.0,GA,< 1 year,,,,,,,1
2500.0,1.0,477.0,WI,< 1 year,,,,,,,1
5000.0,21.17,441.0,NC,9 years,,,,,,,1
1500.0,11.68,490.0,TX,5 years,,,,,,,1
20000.0,0.0,433.0,NJ,< 1 year,,,,,,,1
2000.0,36.64,673.0,GA,5 years,,,,,,,1
5000.0,2.21,513.0,GA,< 1 year,,,,,,,1
17000.0,2.94,509.0,TN,< 1 year,,,,,,,1
20000.0,11.8,598.0,TX,2 years,,,,,,,1
7000.0,77.68,470.0,AR,< 1 year,,,,,,,1
1500.0,0.0,0.0,NC,3 years,,,,,,,1
2500.0,0.52,482.0,GA,10+ years,,,,,,,1
2500.0,48.05,558.0,GA,< 1 year,,,,,,,1
2000.0,40.02,422.0,NC,1 year,,,,,,,1
2650.0,31.3,612.0,WA,< 1 year,,,,,,,1
5000.0,5.08,472.0,MO,9 years,,,,,,,1
25000.0,29.06,682.0,TX,< 1 year,,,,,,,1
4000.0,0.78,628.0,NY,4 years,,,,,,,1
15000.0,6.72,642.0,LA,< 1 year,,,,,,,1
2000.0,1.0,623.0,GA,3 years,,,,,,,1
15000.0,49.32,698.0,NM,< 1 year,,,,,,,1
5000.0,12.05,482.0,FL,3 years,,,,,,,1
3000.0,4.45,452.0,OH,9 years,,,,,,,1
5000.0,0.0,519.0,VA,3 years,,,,,,,1
5000.0,46.08,623.0,GA,< 1 year,,,,,,,1
1000.0,0.0,478.0,MD,5 years,,,,,,,1
25000.0,32.61,483.0,OH,< 1 year,,,,,,,1
4000.0,9.75,616.0,NJ,2 years,,,,,,,1
25000.0,19.75,612.0,MA,1 year,,,,,,,1
7500.0,8.74,651.0,GA,7 years,,,,,,,1
1500.0,0.0,573.0,GA,< 1 year,,,,,,,1
15000.0,40.14,600.0,GA,4 years,,,,,,,1
25000.0,1.73,521.0,NY,< 1 year,,,,,,,1
15000.0,19.62,661.0,VA,2 years,,,,,,,1
12000.0,25.52,578.0,GA,5 years,,,,,,,1
25000.0,25.51,644.0,NY,8 years,,,,,,,1
5000.0,12.81,650.0,GA,1 year,,,,,,,1
10000.0,9.15,549.0,LA,2 years,,,,,,,1
6500.0,0.0,566.0,VA,9 years,,,,,,,1
25000.0,42.66,486.0,AZ,< 1 year,,,,,,,1
5000.0,45.73,592.0,TN,1 year,,,,,,,1
6000.0,24.22,556.0,CO,< 1 year,,,,,,,1
5000.0,12.62,599.0,FL,4 years,,,,,,,1
2000.0,0.0,575.0,MD,1 year,,,,,,,1
25000.0,23.71,549.0,AZ,2 years,,,,,,,1
5000.0,23.01,674.0,AZ,3 years,,,,,,,1
15000.0,1.55,628.0,CT,2 years,,,,,,,1
15000.0,1.97,700.0,NC,4 years,,,,,,,1
6000.0,11.64,655.0,PA,3 years,,,,,,,1
7500.0,1.88,619.0,FL,1 year,,,,,,,1
2000.0,14.82,480.0,SC,3 years,,,,,,,1
5000.0,0.0,507.0,FL,< 1 year,,,,,,,1
3000.0,6.34,532.0,TX,4 years,,,,,,,1
5000.0,13.84,587.0,AL,2 years,,,,,,,1
1500.0,22.3,529.0,WI,9 years,,,,,,,1
2500.0,0.0,513.0,IN,1 year,,,,,,,1
24625.0,10.76,677.0,NY,< 1 year,,,,,,,1
6000.0,27.48,637.0,LA,10+ years,,,,,,,1
9500.0,12.48,533.0,FL,2 years,,,,,,,1
1950.0,0.91,521.0,MD,< 1 year,,,,,,,1
15000.0,16.68,683.0,FL,< 1 year,,,,,,,1
2500.0,6.67,506.0,NY,5 years,,,,,,,1
12000.0,12.49,678.0,OK,5 years,,,,,,,1
2500.0,44.43,488.0,NJ,3 years,,,,,,,1
10000.0,5.08,590.0,LA,1 year,,,,,,,1
2500.0,9.75,577.0,NJ,2 years,,,,,,,1
5000.0,6.36,482.0,TX,< 1 year,,,,,,,1
5000.0,6.36,483.0,TX,< 1 year,,,,,,,1
6000.0,0.2,408.0,AL,4 years,,,,,,,1
6000.0,0.2,498.0,AL,3 years,,,,,,,1
10000.0,2.04,575.0,NH,< 1 year,,,,,,,1
2000.0,29.31,606.0,TX,1 year,,,,,,,1
15000.0,41.91,635.0,GA,3 years,,,,,,,1
6000.0,16.71,529.0,IN,10+ years,,,,,,,1
25000.0,0.42,592.0,TX,< 1 year,,,,,,,1
5000.0,3.84,644.0,FL,2 years,,,,,,,1
10000.0,23.43,634.0,UT,< 1 year,,,,,,,1
800.0,16.91,530.0,OH,< 1 year,,,,,,,1
7500.0,16.99,505.0,CA,4 years,,,,,,,1
2500.0,1.04,608.0,NC,< 1 year,,,,,,,1
1000.0,20.4,716.0,NJ,1 year,,,,,,,1
10000.0,100.0,,CA,2 years,,,,,,,1
15000.0,18.16,663.0,WA,< 1 year,,,,,,,1
5000.0,16.76,388.0,UT,< 1 year,,,,,,,1
16000.0,24.37,662.0,GA,< 1 year,,,,,,,1
15000.0,19.4,560.0,MA,1 year,,,,,,,1
4000.0,14.89,541.0,TX,2 years,,,,,,,1
15000.0,7.17,592.0,PA,10+ years,,,,,,,1
25000.0,14.14,677.0,FL,2 years,,,,,,,1
20000.0,0.0,525.0,FL,< 1 year,,,,,,,1
3500.0,3.49,0.0,VA,< 1 year,,,,,,,1
2500.0,33.6,634.0,AL,< 1 year,,,,,,,1
6000.0,13.2,497.0,NY,< 1 year,,,,,,,1
20000.0,42.35,569.0,TX,4 years,,,,,,,1
19900.0,2.68,525.0,VA,3 years,,,,,,,1
5000.0,18.79,435.0,AL,3 years,,,,,,,1
25000.0,22.08,680.0,TX,4 years,,,,,,,1
14000.0,13.98,668.0,NY,2 years,,,,,,,1
2500.0,23.67,565.0,AZ,1 year,,,,,,,1
5000.0,0.0,570.0,IN,1 year,,,,,,,1
2000.0,19.85,659.0,WI,< 1 year,,,,,,,1
15000.0,45.12,447.0,MO,10+ years,,,,,,,1
7000.0,19.24,615.0,NM,5 years,,,,,,,1
8000.0,31.92,625.0,VA,< 1 year,,,,,,,1
5000.0,42.24,678.0,MO,2 years,,,,,,,1
15000.0,2.66,497.0,OH,< 1 year,,,,,,,1
1000.0,21.28,643.0,FL,< 1 year,,,,,,,1
5000.0,18.18,517.0,MO,10+ years,,,,,,,1
20000.0,27.2,617.0,MO,2 years,,,,,,,1
15000.0,24.84,670.0,TX,4 years,,,,,,,1
10000.0,5.36,516.0,NJ,6 years,,,,,,,1
3000.0,41.71,536.0,AL,3 years,,,,,,,1
10000.0,45.05,671.0,AZ,10+ years,,,,,,,1
18000.0,5.97,489.0,NY,7 years,,,,,,,1
500.0,0.0,0.0,MO,< 1 year,,,,,,,1
25000.0,25.4,579.0,AZ,1 year,,,,,,,1
25000.0,20.09,671.0,MA,9 years,,,,,,,1
10000.0,30.65,665.0,VA,1 year,,,,,,,1
25000.0,0.0,595.0,TX,< 1 year,,,,,,,1
2500.0,37.2,445.0,MO,10+ years,,,,,,,1
4000.0,0.5,479.0,NC,8 years,,,,,,,1
18000.0,0.0,458.0,VA,< 1 year,,,,,,,1
3000.0,0.0,487.0,ME,< 1 year,,,,,,,1
20000.0,20.88,639.0,WI,2 years,,,,,,,1
4800.0,13.33,668.0,VA,2 years,,,,,,,1
5000.0,43.65,562.0,NM,< 1 year,,,,,,,1
2000.0,14.63,556.0,OH,6 years,,,,,,,1
15000.0,1.45,520.0,NY,10+ years,,,,,,,1
5000.0,21.21,546.0,MD,2 years,,,,,,,1
3000.0,13.18,462.0,GA,1 year,,,,,,,1
1500.0,32.04,592.0,OH,< 1 year,,,,,,,1
5500.0,15.03,588.0,MS,10+ years,,,,,,,1
3000.0,11.59,592.0,NY,10+ years,,,,,,,1
5000.0,13.84,482.0,TX,1 year,,,,,,,1
20000.0,10.33,515.0,AZ,< 1 year,,,,,,,1
20000.0,64.09,588.0,MT,1 year,,,,,,,1
10000.0,28.08,618.0,CO,< 1 year,,,,,,,1
20000.0,45.63,657.0,FL,< 1 year,,,,,,,1
20000.0,8.77,647.0,CT,3 years,,,,,,,1
4000.0,22.11,555.0,FL,8 years,,,,,,,1
5000.0,24.48,524.0,WV,< 1 year,,,,,,,1
1000.0,23.37,544.0,OH,7 years,,,,,,,1
1000.0,0.0,592.0,OH,1 year,,,,,,,1
6500.0,4.01,545.0,NJ,< 1 year,,,,,,,1
5500.0,13.77,439.0,IN,4 years,,,,,,,1
800.0,14.95,595.0,MI,2 years,,,,,,,1
17000.0,59.2,657.0,FL,7 years,,,,,,,1
4000.0,1.55,641.0,FL,1 year,,,,,,,1
1000.0,46.06,576.0,FL,10+ years,,,,,,,1
15000.0,4.99,600.0,FL,< 1 year,,,,,,,1
10000.0,0.0,611.0,NY,8 years,,,,,,,1
2000.0,11.26,474.0,GA,< 1 year,,,,,,,1
8500.0,5.91,483.0,NE,4 years,,,,,,,1
8000.0,26.11,481.0,AZ,< 1 year,,,,,,,1
1000.0,0.0,459.0,AR,< 1 year,,,,,,,1
8500.0,22.97,463.0,NE,< 1 year,,,,,,,1
8000.0,12.62,556.0,GA,1 year,,,,,,,1
6000.0,36.62,527.0,OK,5 years,,,,,,,1
7500.0,633.6,524.0,SC,< 1 year,,,,,,,1
500.0,1.71,503.0,NY,< 1 year,,,,,,,1
7000.0,2.35,539.0,AZ,10+ years,,,,,,,1
8500.0,0.0,0.0,FL,1 year,,,,,,,1
11000.0,36.27,599.0,GA,5 years,,,,,,,1
5000.0,0.37,608.0,GA,10+ years,,,,,,,1
9500.0,34.72,663.0,FL,4 years,,,,,,,1
3000.0,14.35,533.0,FL,< 1 year,,,,,,,1
2000.0,27.17,491.0,NC,10+ years,,,,,,,1
2500.0,11.73,558.0,OH,3 years,,,,,,,1
10000.0,2.48,618.0,FL,< 1 year,,,,,,,1
4000.0,1.54,497.0,WA,4 years,,,,,,,1
1500.0,20.37,585.0,IN,5 years,,,,,,,1
7000.0,13.77,585.0,WA,< 1 year,,,,,,,1
2000.0,34.36,434.0,AZ,8 years,,,,,,,1
6000.0,27.92,601.0,NH,< 1 year,,,,,,,1
10000.0,3.98,540.0,OH,< 1 year,,,,,,,1
6000.0,14.35,692.0,MN,< 1 year,,,,,,,1
7000.0,13.53,497.0,TX,9 years,,,,,,,1
15000.0,1.01,609.0,VA,10+ years,,,,,,,1
5000.0,0.0,565.0,TX,< 1 year,,,,,,,1
7500.0,0.0,486.0,NM,< 1 year,,,,,,,1
5000.0,37.61,625.0,CA,4 years,,,,,,,1
12500.0,13.82,584.0,CT,< 1 year,,,,,,,1
2500.0,33.55,526.0,FL,< 1 year,,,,,,,1
18000.0,27.67,680.0,TX,2 years,,,,,,,1
1000.0,13.3,610.0,WA,1 year,,,,,,,1
5000.0,33.36,643.0,NJ,10+ years,,,,,,,1
10000.0,27.72,522.0,MO,1 year,,,,,,,1
8000.0,16.65,625.0,IL,2 years,,,,,,,1
3000.0,29.83,628.0,OH,< 1 year,,,,,,,1
15000.0,7.03,621.0,KY,3 years,,,,,,,1
3000.0,38.4,575.0,NJ,2 years,,,,,,,1
5000.0,6.87,461.0,FL,2 years,,,,,,,1
6000.0,2.04,564.0,MA,< 1 year,,,,,,,1
5000.0,36.73,623.0,WI,5 years,,,,,,,1
2000.0,10.68,621.0,NY,1 year,,,,,,,1
14000.0,1.31,429.0,NC,2 years,,,,,,,1
5000.0,12.56,552.0,AZ,10+ years,,,,,,,1
10400.0,0.0,656.0,NY,< 1 year,,,,,,,1
5000.0,3.36,659.0,NJ,< 1 year,,,,,,,1
3000.0,38.14,580.0,CO,2 years,,,,,,,1
7000.0,25.7,497.0,MD,< 1 year,,,,,,,1
2500.0,5.04,454.0,AR,5 years,,,,,,,1
12000.0,32.48,666.0,KS,1 year,,,,,,,1
2500.0,12.51,659.0,WI,6 years,,,,,,,1
20000.0,0.0,489.0,WI,2 years,,,,,,,1
15000.0,0.0,470.0,NC,< 1 year,,,,,,,1
8000.0,27.49,423.0,NC,4 years,,,,,,,1
2000.0,100.0,,CA,10+ years,,,,,,,1
3000.0,24.21,683.0,FL,< 1 year,,,,,,,1
10000.0,5.92,717.0,NY,< 1 year,,,,,,,1
4000.0,12.61,554.0,FL,9 years,,,,,,,1
500.0,11.52,551.0,FL,4 years,,,,,,,1
1000.0,0.0,0.0,IN,< 1 year,,,,,,,1
12000.0,30.97,437.0,CO,4 years,,,,,,,1
2000.0,0.69,0.0,NY,5 years,,,,,,,1
7500.0,15.94,564.0,FL,< 1 year,,,,,,,1
15000.0,0.0,611.0,FL,1 year,,,,,,,1
10000.0,13.72,599.0,NJ,10+ years,,,,,,,1
15000.0,29.34,583.0,SC,< 1 year,,,,,,,1
700.0,23.53,636.0,NJ,2 years,,,,,,,1
10000.0,11.56,452.0,AZ,1 year,,,,,,,1
3000.0,0.0,476.0,NY,6 years,,,,,,,1
15000.0,15.54,606.0,AL,1 year,,,,,,,1
15000.0,91.88,720.0,MD,< 1 year,,,,,,,1
20000.0,36.04,607.0,NY,1 year,,,,,,,1
5000.0,6.3,451.0,LA,1 year,,,,,,,1
15000.0,11.1,469.0,MA,1 year,,,,,,,1
15000.0,32.55,548.0,TX,2 years,,,,,,,1
10000.0,26.28,638.0,UT,4 years,,,,,,,1
11000.0,29.54,537.0,CA,3 years,,,,,,,1
5000.0,3.0,592.0,FL,10+ years,,,,,,,1
6000.0,0.0,0.0,NY,4 years,,,,,,,1
8000.0,41.28,636.0,GA,2 years,,,,,,,1
22600.0,4.55,427.0,FL,10+ years,,,,,,,1
1500.0,0.0,0.0,NC,2 years,,,,,,,1
6000.0,8.59,0.0,NY,5 years,,,,,,,1
1500.0,27.12,669.0,NY,4 years,,,,,,,1
5000.0,1.47,628.0,MT,< 1 year,,,,,,,1
1000.0,29.68,470.0,NY,6 years,,,,,,,1
4500.0,0.0,533.0,AZ,< 1 year,,,,,,,1
7000.0,8.84,522.0,OH,4 years,,,,,,,1
4500.0,6.99,599.0,FL,1 year,,,,,,,1
7000.0,45.53,663.0,OH,5 years,,,,,,,1
15000.0,4.8,526.0,MA,10+ years,,,,,,,1
1000.0,22.71,615.0,GA,7 years,,,,,,,1
5000.0,16.6,591.0,MA,3 years,,,,,,,1
15000.0,46.3,689.0,VA,< 1 year,,,,,,,1
5000.0,46.38,633.0,NJ,5 years,,,,,,,1
25000.0,28.03,697.0,NY,8 years,,,,,,,1
25000.0,44.25,693.0,AK,< 1 year,,,,,,,1
500.0,16.42,482.0,FL,1 year,,,,,,,1
21000.0,6.33,473.0,OR,< 1 year,,,,,,,1
1500.0,7.92,574.0,MD,10+ years,,,,,,,1
5000.0,32.16,509.0,NJ,3 years,,,,,,,1
1500.0,19.37,435.0,FL,10+ years,,,,,,,1
4000.0,26.16,493.0,IN,8 years,,,,,,,1
500.0,0.54,516.0,NY,2 years,,,,,,,1
2500.0,4.78,532.0,AZ,1 year,,,,,,,1
25000.0,0.6,463.0,NY,6 years,,,,,,,1
6800.0,4.17,436.0,LA,10+ years,,,,,,,1
8500.0,0.0,535.0,LA,10+ years,,,,,,,1
25000.0,15.7,664.0,KY,10+ years,,,,,,,1
8500.0,2.15,542.0,LA,10+ years,,,,,,,1
5000.0,17.45,451.0,CO,10+ years,,,,,,,1
5000.0,11.75,556.0,LA,10+ years,,,,,,,1
6000.0,19.09,637.0,IN,< 1 year,,,,,,,1
2000.0,0.0,478.0,MO,< 1 year,,,,,,,1
1500.0,10.01,461.0,IN,1 year,,,,,,,1
1500.0,11.49,597.0,WI,< 1 year,,,,,,,1
3000.0,13.44,572.0,MD,3 years,,,,,,,1
3900.0,3.23,655.0,MN,< 1 year,,,,,,,1
2000.0,18.96,630.0,FL,3 years,,,,,,,1
2500.0,4.0,657.0,LA,< 1 year,,,,,,,1
3000.0,23.98,626.0,FL,1 year,,,,,,,1
20000.0,0.0,0.0,FL,3 years,,,,,,,1
10000.0,14.92,502.0,TX,9 years,,,,,,,1
12500.0,16.49,660.0,TX,10+ years,,,,,,,1
6000.0,29.44,683.0,GA,1 year,,,,,,,1
1000.0,47.63,636.0,GA,4 years,,,,,,,1
5000.0,2.0,486.0,GA,1 year,,,,,,,1
20000.0,5.19,619.0,NV,2 years,,,,,,,1
500.0,2.72,490.0,MO,4 years,,,,,,,1
6800.0,23.98,648.0,NY,2 years,,,,,,,1
3000.0,7.65,442.0,IN,3 years,,,,,,,1
5000.0,13.11,482.0,AZ,< 1 year,,,,,,,1
2000.0,33.03,536.0,OH,6 years,,,,,,,1
1200.0,0.0,604.0,UT,6 years,,,,,,,1
3000.0,24.68,528.0,NJ,1 year,,,,,,,1
1300.0,34.71,513.0,WI,10+ years,,,,,,,1
25000.0,46.85,496.0,NH,< 1 year,,,,,,,1
10000.0,2.4,528.0,NJ,1 year,,,,,,,1
1500.0,1.34,670.0,NJ,< 1 year,,,,,,,1
4000.0,0.0,414.0,TN,10+ years,,,,,,,1
1000.0,60.08,648.0,GA,6 years,,,,,,,1
10000.0,44.47,706.0,TX,3 years,,,,,,,1
6000.0,8.08,619.0,FL,5 years,,,,,,,1
10000.0,0.75,0.0,MO,< 1 year,,,,,,,1
12000.0,0.0,512.0,NJ,10+ years,,,,,,,1
5000.0,27.6,481.0,CO,7 years,,,,,,,1
5000.0,32.07,653.0,MA,< 1 year,,,,,,,1
1100.0,26.3,589.0,NY,1 year,,,,,,,1
2000.0,0.0,496.0,SC,1 year,,,,,,,1
5000.0,0.44,521.0,NY,2 years,,,,,,,1
2000.0,19.65,517.0,NY,1 year,,,,,,,1
7500.0,39.66,570.0,CA,10+ years,,,,,,,1
9000.0,60.36,503.0,IN,3 years,,,,,,,1
5000.0,37.36,655.0,KS,3 years,,,,,,,1
22000.0,30.3,660.0,OK,4 years,,,,,,,1
4500.0,9.71,605.0,TX,10+ years,,,,,,,1
3500.0,0.43,622.0,FL,5 years,,,,,,,1
5000.0,4.83,563.0,WV,10+ years,,,,,,,1
5500.0,13.01,530.0,TX,1 year,,,,,,,1
5000.0,4.62,559.0,NJ,3 years,,,,,,,1
4000.0,27.63,458.0,NY,5 years,,,,,,,1
25000.0,42.73,685.0,GA,10+ years,,,,,,,1
25000.0,16.5,701.0,TX,< 1 year,,,,,,,1
22000.0,11.79,650.0,TX,3 years,,,,,,,1
6000.0,24.34,695.0,PA,5 years,,,,,,,1
5000.0,31.37,643.0,NC,3 years,,,,,,,1
3900.0,53.84,660.0,IN,9 years,,,,,,,1
5500.0,14.08,483.0,GA,7 years,,,,,,,1
13000.0,25.47,535.0,WI,5 years,,,,,,,1
5000.0,19.34,597.0,FL,7 years,,,,,,,1
2000.0,22.46,585.0,NY,< 1 year,,,,,,,1
8000.0,53.56,644.0,NE,< 1 year,,,,,,,1
3000.0,21.33,542.0,WI,< 1 year,,,,,,,1
7700.0,37.05,594.0,WA,< 1 year,,,,,,,1
10000.0,16.54,493.0,TX,< 1 year,,,,,,,1
3500.0,25.71,489.0,MS,10+ years,,,,,,,1
2500.0,0.15,442.0,GA,2 years,,,,,,,1
11350.0,22.36,664.0,WA,2 years,,,,,,,1
5000.0,13.12,676.0,GA,< 1 year,,,,,,,1
10000.0,12.84,465.0,GA,< 1 year,,,,,,,1
3000.0,21.92,481.0,GA,5 years,,,,,,,1
5000.0,51.85,479.0,GA,10+ years,,,,,,,1
1500.0,123.33,535.0,GA,< 1 year,,,,,,,1
15000.0,30.45,615.0,NY,4 years,,,,,,,1
25000.0,39.46,690.0,NM,2 years,,,,,,,1
2000.0,3.24,602.0,MO,3 years,,,,,,,1
5000.0,0.0,508.0,TX,< 1 year,,,,,,,1
7500.0,24.95,593.0,MO,4 years,,,,,,,1
3000.0,17.94,551.0,NY,8 years,,,,,,,1
5000.0,0.87,404.0,MT,5 years,,,,,,,1
10000.0,0.0,685.0,IN,4 years,,,,,,,1
20000.0,14.46,672.0,NM,10+ years,,,,,,,1
2200.0,10.03,624.0,IN,1 year,,,,,,,1
5000.0,15.85,613.0,HI,3 years,,,,,,,1
10000.0,6.73,630.0,NJ,10+ years,,,,,,,1
2500.0,58.73,624.0,FL,5 years,,,,,,,1
1800.0,0.0,0.0,CO,< 1 year,,,,,,,1
10000.0,35.31,671.0,GA,1 year,,,,,,,1
1000.0,13.2,380.0,LA,< 1 year,,,,,,,1
5000.0,19.15,435.0,AL,6 years,,,,,,,1
15000.0,6.41,422.0,NJ,7 years,,,,,,,1
2625.0,24.25,547.0,MO,< 1 year,,,,,,,1
5000.0,4.98,465.0,FL,< 1 year,,,,,,,1
500.0,27.83,574.0,UT,1 year,,,,,,,1
8000.0,37.49,563.0,UT,10+ years,,,,,,,1
10000.0,8.21,725.0,SC,4 years,,,,,,,1
750.0,8.66,550.0,NY,10+ years,,,,,,,1
25000.0,29.04,644.0,MN,4 years,,,,,,,1
1500.0,3.35,586.0,AL,3 years,,,,,,,1
4000.0,1.04,0.0,KY,2 years,,,,,,,1
10000.0,9.83,614.0,NC,< 1 year,,,,,,,1
10000.0,16.6,681.0,KS,1 year,,,,,,,1
25000.0,20.44,675.0,TX,4 years,,,,,,,1
10000.0,19.97,488.0,OH,< 1 year,,,,,,,1
3500.0,1.33,503.0,IN,2 years,,,,,,,1
20000.0,8.88,530.0,GA,1 year,,,,,,,1
5000.0,0.89,437.0,NJ,5 years,,,,,,,1
6000.0,30.16,597.0,KS,10+ years,,,,,,,1
12000.0,10.96,586.0,AZ,2 years,,,,,,,1
4500.0,10.72,553.0,NC,3 years,,,,,,,1
15000.0,6.48,643.0,NY,< 1 year,,,,,,,1
7000.0,14.4,490.0,NJ,2 years,,,,,,,1
7000.0,21.93,559.0,WI,2 years,,,,,,,1
1000.0,4.05,564.0,GA,1 year,,,,,,,1
7000.0,1.95,458.0,NJ,10+ years,,,,,,,1
1000.0,1.02,566.0,MO,1 year,,,,,,,1
2000.0,67.76,491.0,FL,1 year,,,,,,,1
12000.0,2.24,578.0,FL,10+ years,,,,,,,1
2000.0,0.0,514.0,GA,2 years,,,,,,,1
1000.0,0.0,528.0,MD,2 years,,,,,,,1
2000.0,1.96,457.0,NC,2 years,,,,,,,1
25000.0,19.54,495.0,KS,10+ years,,,,,,,1
10000.0,2.36,504.0,FL,< 1 year,,,,,,,1
5000.0,5.35,508.0,WI,7 years,,,,,,,1
5000.0,9.54,549.0,CO,10+ years,,,,,,,1
15000.0,14.8,764.0,WI,< 1 year,,,,,,,1
2500.0,29.89,601.0,NE,< 1 year,,,,,,,1
25000.0,0.0,0.0,FL,3 years,,,,,,,1
2000.0,12.13,572.0,CO,3 years,,,,,,,1
2000.0,18.99,536.0,FL,< 1 year,,,,,,,1
800.0,19.3,399.0,IL,4 years,,,,,,,1
2000.0,1.58,,ME,6 years,,,,,,,1
20000.0,20.67,518.0,WY,2 years,,,,,,,1
2000.0,0.0,537.0,NC,1 year,,,,,,,1
13800.0,20.3,616.0,GA,2 years,,,,,,,1
5000.0,18.05,566.0,MA,< 1 year,,,,,,,1
3000.0,3.76,558.0,MO,< 1 year,,,,,,,1
5400.0,5.57,724.0,NC,1 year,,,,,,,1
5000.0,6.66,458.0,MO,< 1 year,,,,,,,1
2500.0,40.72,543.0,AZ,< 1 year,,,,,,,1
4000.0,34.77,724.0,NC,10+ years,,,,,,,1
5000.0,32.62,474.0,TN,10+ years,,,,,,,1
2500.0,4.33,599.0,AL,2 years,,,,,,,1
25000.0,0.6,519.0,NY,3 years,,,,,,,1
7200.0,8.17,678.0,WA,1 year,,,,,,,1
2500.0,0.0,481.0,IN,1 year,,,,,,,1
15000.0,27.72,548.0,MD,3 years,,,,,,,1
10000.0,5.76,473.0,GA,2 years,,,,,,,1
5000.0,18.15,497.0,FL,3 years,,,,,,,1
3000.0,43.34,451.0,FL,< 1 year,,,,,,,1
3000.0,25.77,546.0,FL,3 years,,,,,,,1
700.0,0.0,0.0,NY,1 year,,,,,,,1
25000.0,12.49,595.0,GA,< 1 year,,,,,,,1
3000.0,32.43,484.0,IN,2 years,,,,,,,1
7500.0,0.8,418.0,VA,< 1 year,,,,,,,1
20000.0,32.63,624.0,GA,6 years,,,,,,,1
20000.0,10.13,649.0,AZ,7 years,,,,,,,1
7500.0,20.73,602.0,MO,6 years,,,,,,,1
7500.0,37.22,615.0,MO,6 years,,,,,,,1
25000.0,0.6,488.0,MA,10+ years,,,,,,,1
10000.0,5.88,468.0,IN,10+ years,,,,,,,1
1000.0,24.74,566.0,KY,3 years,,,,,,,1
1000.0,2.8,0.0,KY,< 1 year,,,,,,,1
7500.0,18.14,438.0,MO,10+ years,,,,,,,1
6000.0,13.85,444.0,NY,7 years,,,,,,,1
2500.0,24.96,436.0,IN,7 years,,,,,,,1
3000.0,2.28,478.0,CO,8 years,,,,,,,1
8100.0,21.15,534.0,TN,< 1 year,,,,,,,1
1000.0,2.27,609.0,NJ,1 year,,,,,,,1
12000.0,0.0,395.0,IN,2 years,,,,,,,1
10000.0,0.0,502.0,WI,10+ years,,,,,,,1
500.0,0.0,495.0,AR,4 years,,,,,,,1
3000.0,5.42,659.0,VA,2 years,,,,,,,1
2000.0,11.49,0.0,NJ,1 year,,,,,,,1
7500.0,0.3,661.0,MO,10+ years,,,,,,,1
5000.0,0.8,0.0,GA,2 years,,,,,,,1
3000.0,16.76,604.0,LA,< 1 year,,,,,,,1
10000.0,21.12,545.0,CT,1 year,,,,,,,1
5000.0,21.08,646.0,MO,< 1 year,,,,,,,1
6000.0,0.0,568.0,MD,< 1 year,,,,,,,1
7425.0,28.62,660.0,MO,1 year,,,,,,,1
22350.0,15.07,674.0,NJ,2 years,,,,,,,1
2000.0,51.96,494.0,FL,< 1 year,,,,,,,1
5000.0,3.0,506.0,VA,4 years,,,,,,,1
10000.0,22.33,561.0,NC,10+ years,,,,,,,1
8500.0,0.0,650.0,NJ,6 years,,,,,,,1
3000.0,0.0,477.0,NY,< 1 year,,,,,,,1
2500.0,26.64,575.0,MO,10+ years,,,,,,,1
15000.0,13.88,614.0,WI,< 1 year,,,,,,,1
1500.0,5.76,481.0,MO,2 years,,,,,,,1
2500.0,48.5,505.0,NY,7 years,,,,,,,1
7500.0,12.56,501.0,IN,10+ years,,,,,,,1
10000.0,33.2,501.0,FL,< 1 year,,,,,,,1
2500.0,6.97,588.0,AL,4 years,,,,,,,1
9000.0,0.0,794.0,MN,4 years,,,,,,,1
2000.0,21.06,576.0,NM,1 year,,,,,,,1
3000.0,12.84,511.0,LA,1 year,,,,,,,1
3000.0,45.09,529.0,MO,< 1 year,,,,,,,1
6000.0,0.0,0.0,TX,< 1 year,,,,,,,1
25000.0,177.93,742.0,CO,1 year,,,,,,,1
25000.0,3.69,602.0,VA,2 years,,,,,,,1
5500.0,34.9,568.0,MI,7 years,,,,,,,1
6500.0,5.84,571.0,FL,8 years,,,,,,,1
5500.0,33.2,621.0,AL,1 year,,,,,,,1
10000.0,7.3,648.0,DC,5 years,,,,,,,1
25000.0,18.05,576.0,FL,1 year,,,,,,,1
2000.0,21.74,550.0,FL,10+ years,,,,,,,1
7000.0,17.29,458.0,OH,< 1 year,,,,,,,1
5500.0,0.0,642.0,KY,6 years,,,,,,,1
10000.0,0.0,452.0,NY,1 year,,,,,,,1
500.0,4.31,445.0,FL,1 year,,,,,,,1
6000.0,0.0,0.0,MA,< 1 year,,,,,,,1
8000.0,15.82,659.0,NY,4 years,,,,,,,1
5000.0,0.92,522.0,IN,6 years,,,,,,,1
25000.0,20.77,717.0,TX,6 years,,,,,,,1
25000.0,34.88,691.0,NC,10+ years,,,,,,,1
3000.0,4.59,640.0,CO,< 1 year,,,,,,,1
2000.0,8.0,509.0,HI,< 1 year,,,,,,,1
2000.0,2.33,592.0,FL,1 year,,,,,,,1
4000.0,21.72,592.0,VA,9 years,,,,,,,1
25000.0,9.04,530.0,NY,10+ years,,,,,,,1
4000.0,12.92,424.0,VA,2 years,,,,,,,1
25000.0,27.0,639.0,TX,< 1 year,,,,,,,1
6000.0,16.01,619.0,MA,< 1 year,,,,,,,1
5000.0,14.02,427.0,NM,2 years,,,,,,,1
1200.0,4.96,536.0,CA,1 year,,,,,,,1
8000.0,20.66,535.0,CO,8 years,,,,,,,1
25000.0,25.32,651.0,FL,10+ years,,,,,,,1
8000.0,29.28,493.0,AZ,< 1 year,,,,,,,1
2500.0,18.81,550.0,TX,3 years,,,,,,,1
3500.0,3.42,551.0,KS,10+ years,,,,,,,1
2500.0,9.7,586.0,TX,6 years,,,,,,,1
5000.0,0.0,494.0,GA,4 years,,,,,,,1
25000.0,1.6,696.0,CT,2 years,,,,,,,1
3500.0,0.67,563.0,FL,1 year,,,,,,,1
25000.0,46.0,667.0,CO,1 year,,,,,,,1
10000.0,11.14,476.0,GA,< 1 year,,,,,,,1
15000.0,52.0,677.0,FL,< 1 year,,,,,,,1
2500.0,13.14,615.0,MD,1 year,,,,,,,1
1500.0,33.36,521.0,FL,< 1 year,,,,,,,1
15000.0,13.2,516.0,LA,2 years,,,,,,,1
1000.0,0.66,528.0,TN,7 years,,,,,,,1
2500.0,0.0,493.0,FL,1 year,,,,,,,1
1500.0,26.7,613.0,FL,< 1 year,,,,,,,1
500.0,0.0,0.0,FL,< 1 year,,,,,,,1
2000.0,26.94,459.0,TN,< 1 year,,,,,,,1
10000.0,7.2,490.0,OK,10+ years,,,,,,,1
20000.0,19.35,471.0,ME,2 years,,,,,,,1
5000.0,23.27,541.0,MA,1 year,,,,,,,1
5000.0,3.82,581.0,GA,1 year,,,,,,,1
10000.0,1.66,523.0,UT,7 years,,,,,,,1
2500.0,18.35,637.0,KY,< 1 year,,,,,,,1
1500.0,1.38,0.0,FL,5 years,,,,,,,1
10000.0,17.44,582.0,CO,2 years,,,,,,,1
6000.0,5.28,574.0,WV,< 1 year,,,,,,,1
3575.0,6.17,769.0,OH,4 years,,,,,,,1
6000.0,13.18,574.0,MD,< 1 year,,,,,,,1
5000.0,18.48,526.0,FL,1 year,,,,,,,1
25000.0,0.0,476.0,AL,1 year,,,,,,,1
10000.0,11.85,618.0,WA,1 year,,,,,,,1
1500.0,0.0,562.0,OH,4 years,,,,,,,1
6000.0,15.09,460.0,NY,10+ years,,,,,,,1
4000.0,9.94,518.0,NY,< 1 year,,,,,,,1
6000.0,10.04,427.0,LA,1 year,,,,,,,1
5000.0,2.24,614.0,NY,< 1 year,,,,,,,1
1700.0,30.94,697.0,AZ,< 1 year,,,,,,,1
5000.0,18.8,572.0,IN,1 year,,,,,,,1
3200.0,6.72,532.0,CO,9 years,,,,,,,1
7000.0,44.26,604.0,NY,10+ years,,,,,,,1
8000.0,4.29,495.0,TX,1 year,,,,,,,1
6500.0,13.94,611.0,MA,1 year,,,,,,,1
2500.0,36.52,628.0,WA,5 years,,,,,,,1
2000.0,36.8,587.0,OH,3 years,,,,,,,1
18000.0,11.2,617.0,IN,2 years,,,,,,,1
2000.0,6.92,616.0,CT,1 year,,,,,,,1
35000.0,61.06,571.0,TX,4 years,,,,,,,1
15000.0,4.8,617.0,TX,2 years,,,,,,,1
21000.0,0.51,688.0,MA,< 1 year,,,,,,,1
25000.0,0.68,433.0,FL,< 1 year,,,,,,,1
15000.0,21.04,662.0,MD,< 1 year,,,,,,,1
500.0,0.0,518.0,MA,< 1 year,,,,,,,1
15000.0,47.5,638.0,TX,1 year,,,,,,,1
5000.0,210.59,476.0,CA,3 years,,,,,,,1
15000.0,18.68,574.0,TX,1 year,,,,,,,1
2500.0,9.6,536.0,MD,< 1 year,,,,,,,1
1000.0,5.28,427.0,IN,< 1 year,,,,,,,1
7000.0,8.67,438.0,TX,< 1 year,,,,,,,1
2000.0,16.17,602.0,NC,2 years,,,,,,,1
7500.0,7.33,616.0,GA,1 year,,,,,,,1
3500.0,39.8,619.0,GA,< 1 year,,,,,,,1
3800.0,1.82,0.0,MA,< 1 year,,,,,,,1
6000.0,23.07,652.0,NJ,< 1 year,,,,,,,1
24000.0,18.3,670.0,FL,7 years,,,,,,,1
30000.0,100.0,,FL,10+ years,,,,,,,1
1200.0,18.87,654.0,OH,7 years,,,,,,,1
6000.0,0.0,454.0,NY,7 years,,,,,,,1
11000.0,24.64,528.0,NJ,2 years,,,,,,,1
7000.0,1.26,0.0,FL,< 1 year,,,,,,,1
30000.0,100.0,,FL,10+ years,,,,,,,1
3000.0,32.36,469.0,FL,3 years,,,,,,,1
12000.0,42.79,656.0,NJ,1 year,,,,,,,1
25000.0,0.81,601.0,NJ,< 1 year,,,,,,,1
10000.0,25.18,602.0,CA,10+ years,,,,,,,1
1500.0,0.0,519.0,GA,1 year,,,,,,,1
15000.0,3.8,467.0,FL,< 1 year,,,,,,,1
8000.0,52.9,521.0,FL,< 1 year,,,,,,,1
6000.0,11.76,614.0,FL,1 year,,,,,,,1
10000.0,41.34,556.0,SC,10+ years,,,,,,,1
10000.0,6.1,564.0,GA,3 years,,,,,,,1
2000.0,29.45,606.0,IN,10+ years,,,,,,,1
3000.0,31.83,566.0,FL,4 years,,,,,,,1
3000.0,15.55,601.0,MD,< 1 year,,,,,,,1
4000.0,6.37,476.0,MA,2 years,,,,,,,1
25000.0,7.34,684.0,KS,1 year,,,,,,,1
500.0,16.72,411.0,FL,4 years,,,,,,,1
10000.0,14.95,529.0,MA,1 year,,,,,,,1
25000.0,14.29,638.0,FL,2 years,,,,,,,1
500.0,16.99,608.0,FL,1 year,,,,,,,1
4000.0,0.0,0.0,NY,2 years,,,,,,,1
4000.0,6.86,571.0,AL,1 year,,,,,,,1
800.0,36.92,0.0,MA,1 year,,,,,,,1
500.0,0.0,588.0,LA,3 years,,,,,,,1
25000.0,0.0,597.0,GA,< 1 year,,,,,,,1
10000.0,6.0,616.0,MO,1 year,,,,,,,1
5000.0,2.93,638.0,CA,6 years,,,,,,,1
600.0,24.19,511.0,MA,1 year,,,,,,,1
15000.0,36.75,661.0,MO,10+ years,,,,,,,1
5000.0,22.31,652.0,FL,< 1 year,,,,,,,1
25000.0,45.0,497.0,WY,< 1 year,,,,,,,1
10000.0,7.06,490.0,OK,10+ years,,,,,,,1
2500.0,10.12,459.0,FL,3 years,,,,,,,1
12000.0,62.82,538.0,MO,5 years,,,,,,,1
5000.0,13.21,571.0,AZ,1 year,,,,,,,1
5000.0,3.43,606.0,NY,10+ years,,,,,,,1
4000.0,18.27,530.0,KS,3 years,,,,,,,1
2000.0,0.0,450.0,NY,6 years,,,,,,,1
10000.0,3.85,454.0,IN,< 1 year,,,,,,,1
2000.0,9.0,495.0,WI,10+ years,,,,,,,1
5000.0,5.95,600.0,OH,2 years,,,,,,,1
10000.0,3.08,427.0,NJ,5 years,,,,,,,1
6000.0,23.51,651.0,NY,< 1 year,,,,,,,1
25000.0,17.13,697.0,NC,10+ years,,,,,,,1
9000.0,8.51,626.0,LA,1 year,,,,,,,1
1000.0,24.8,0.0,MO,2 years,,,,,,,1
18000.0,48.96,539.0,AL,1 year,,,,,,,1
5000.0,11.32,464.0,NC,< 1 year,,,,,,,1
10000.0,0.0,0.0,CT,4 years,,,,,,,1
600.0,0.0,514.0,FL,< 1 year,,,,,,,1
25000.0,81.42,684.0,GA,4 years,,,,,,,1
6300.0,21.92,631.0,AL,3 years,,,,,,,1
25000.0,17.43,691.0,CO,10+ years,,,,,,,1
15000.0,24.85,495.0,CO,< 1 year,,,,,,,1
6000.0,6.84,567.0,FL,1 year,,,,,,,1
10000.0,21.46,423.0,FL,< 1 year,,,,,,,1
7000.0,23.53,575.0,MA,2 years,,,,,,,1
5000.0,17.81,628.0,NJ,4 years,,,,,,,1
6000.0,35.13,674.0,NJ,8 years,,,,,,,1
20000.0,36.92,710.0,FL,8 years,,,,,,,1
10000.0,63.88,631.0,NY,10+ years,,,,,,,1
4000.0,0.0,585.0,LA,< 1 year,,,,,,,1
2000.0,30.53,696.0,MA,6 years,,,,,,,1
1500.0,38.21,641.0,MO,2 years,,,,,,,1
16000.0,27.67,623.0,MO,2 years,,,,,,,1
10000.0,39.25,696.0,WI,10+ years,,,,,,,1
20000.0,153.7,687.0,NY,10+ years,,,,,,,1
3000.0,16.38,658.0,MO,< 1 year,,,,,,,1
2000.0,0.0,687.0,GA,< 1 year,,,,,,,1
20000.0,100.0,,NY,10+ years,,,,,,,1
8000.0,34.55,692.0,NY,6 years,,,,,,,1
16000.0,28.11,663.0,NJ,4 years,,,,,,,1
10000.0,100.0,,FL,6 years,,,,,,,1
10000.0,36.02,659.0,FL,< 1 year,,,,,,,1
1900.0,2.8,640.0,NY,8 years,,,,,,,1
13000.0,100.0,,NC,< 1 year,,,,,,,1
8000.0,100.0,610.0,FL,< 1 year,,,,,,,1
7500.0,15.07,,MD,10+ years,,,,,,,1
20000.0,100.0,,NY,4 years,,,,,,,1
5000.0,100.0,648.0,LA,< 1 year,,,,,,,1
20000.0,22.48,633.0,NY,4 years,,,,,,,1
20000.0,22.1,650.0,LA,1 year,,,,,,,1
16500.0,41.19,765.0,NJ,10+ years,,,,,,,1
15000.0,18.14,676.0,WI,10+ years,,,,,,,1
10000.0,70.7,571.0,TX,10+ years,,,,,,,1
20000.0,14.12,658.0,FL,4 years,,,,,,,1
15000.0,28.42,598.0,FL,< 1 year,,,,,,,1
20000.0,17.04,535.0,NY,5 years,,,,,,,1
20000.0,123.23,638.0,NY,10+ years,,,,,,,1
10000.0,0.15,656.0,NY,4 years,,,,,,,1
2000.0,30.9,670.0,IN,4 years,,,,,,,1
5000.0,47.56,647.0,MD,10+ years,,,,,,,1
800.0,0.0,520.0,NY,2 years,,,,,,,1
2500.0,14.02,552.0,NC,2 years,,,,,,,1
7000.0,11.4,536.0,CO,10+ years,,,,,,,1
5000.0,7.61,634.0,FL,4 years,,,,,,,1
17000.0,100.0,,MD,10+ years,,,,,,,1
2000.0,1.36,433.0,TX,9 years,,,,,,,1
5000.0,0.0,635.0,TX,< 1 year,,,,,,,1
10000.0,100.0,718.0,NC,< 1 year,,,,,,,1
9000.0,14.39,637.0,NC,2 years,,,,,,,1
8500.0,18.6,680.0,IN,2 years,,,,,,,1
6000.0,5.6,496.0,OK,1 year,,,,,,,1
2500.0,38.15,563.0,OR,10+ years,,,,,,,1
1500.0,8.4,555.0,OH,< 1 year,,,,,,,1
2500.0,33.8,485.0,KY,5 years,,,,,,,1
10000.0,2.47,508.0,TN,3 years,,,,,,,1
6000.0,11.05,544.0,FL,3 years,,,,,,,1
3000.0,29.01,695.0,NH,4 years,,,,,,,1
12000.0,1.06,644.0,NJ,1 year,,,,,,,1
4000.0,0.0,0.0,ME,< 1 year,,,,,,,1
4000.0,15.6,447.0,NM,1 year,,,,,,,1
25000.0,0.5,555.0,NC,10+ years,,,,,,,1
2500.0,0.75,685.0,FL,2 years,,,,,,,1
15000.0,58.8,645.0,MO,2 years,,,,,,,1
10000.0,6.95,662.0,WY,3 years,,,,,,,1
5000.0,1.2,505.0,GA,4 years,,,,,,,1
14000.0,26.59,742.0,WI,10+ years,,,,,,,1
10200.0,21.59,604.0,CO,6 years,,,,,,,1
2000.0,3.36,412.0,MD,< 1 year,,,,,,,1
9000.0,48.44,531.0,OH,< 1 year,,,,,,,1
7000.0,25.0,533.0,VA,1 year,,,,,,,1
1500.0,28.95,662.0,NC,10+ years,,,,,,,1
7000.0,100.0,,NY,1 year,,,,,,,1
4000.0,0.95,593.0,TN,10+ years,,,,,,,1
500.0,9.77,601.0,IN,5 years,,,,,,,1
500.0,1.38,449.0,MN,1 year,,,,,,,1
25000.0,21.64,465.0,NC,10+ years,,,,,,,1
5000.0,18.58,483.0,OH,< 1 year,,,,,,,1
1500.0,13.73,410.0,WI,7 years,,,,,,,1
1500.0,15.63,528.0,OK,< 1 year,,,,,,,1
5000.0,0.0,511.0,NY,10+ years,,,,,,,1
7500.0,14.94,655.0,MA,10+ years,,,,,,,1
3000.0,17.79,410.0,VA,2 years,,,,,,,1
15000.0,9.06,634.0,GA,8 years,,,,,,,1
1000.0,3.22,615.0,GA,5 years,,,,,,,1
14500.0,47.76,669.0,FL,< 1 year,,,,,,,1
3000.0,20.81,454.0,TX,2 years,,,,,,,1
2500.0,26.73,776.0,GA,8 years,,,,,,,1
7000.0,4.71,433.0,CO,< 1 year,,,,,,,1
500.0,3.1,506.0,CO,6 years,,,,,,,1
1500.0,0.0,537.0,NY,2 years,,,,,,,1
2000.0,8.36,479.0,OH,2 years,,,,,,,1
9000.0,100.0,688.0,MD,< 1 year,,,,,,,1
10000.0,26.21,745.0,FL,6 years,,,,,,,1
4000.0,26.43,521.0,TX,5 years,,,,,,,1
10000.0,23.19,472.0,WA,< 1 year,,,,,,,1
2000.0,13.0,527.0,CT,< 1 year,,,,,,,1
10000.0,0.0,620.0,NJ,10+ years,,,,,,,1
15000.0,100.0,,GA,1 year,,,,,,,1
15000.0,25.2,545.0,VA,1 year,,,,,,,1
21000.0,30.03,713.0,FL,1 year,,,,,,,1
10000.0,23.83,651.0,NE,1 year,,,,,,,1
5000.0,17.98,671.0,CT,3 years,,,,,,,1
20000.0,0.0,0.0,WA,3 years,,,,,,,1
7800.0,22.36,502.0,AZ,5 years,,,,,,,1
2500.0,2.4,486.0,NC,10+ years,,,,,,,1
15000.0,64.29,711.0,VA,< 1 year,,,,,,,1
15000.0,41.41,747.0,FL,10+ years,,,,,,,1
25000.0,17.87,576.0,MO,5 years,,,,,,,1
3000.0,8.7,687.0,NJ,1 year,,,,,,,1
5000.0,15.86,573.0,MO,< 1 year,,,,,,,1
5000.0,18.64,405.0,FL,9 years,,,,,,,1
10000.0,100.0,,NC,10+ years,,,,,,,1
4500.0,11.13,561.0,NE,2 years,,,,,,,1
3000.0,30.1,648.0,MD,< 1 year,,,,,,,1
9900.0,0.64,674.0,NJ,2 years,,,,,,,1
3500.0,20.27,634.0,SC,3 years,,,,,,,1
16000.0,60.46,715.0,GA,4 years,,,,,,,1
15000.0,47.12,641.0,FL,8 years,,,,,,,1
12000.0,29.25,628.0,NJ,1 year,,,,,,,1
16000.0,18.69,698.0,IN,3 years,,,,,,,1
7000.0,6.46,524.0,NY,4 years,,,,,,,1
5000.0,0.0,422.0,OH,2 years,,,,,,,1
5000.0,100.0,,KS,4 years,,,,,,,1
4500.0,13.3,424.0,OH,1 year,,,,,,,1
5000.0,5.94,606.0,OH,10+ years,,,,,,,1
1500.0,100.0,,GA,8 years,,,,,,,1
900.0,0.0,528.0,NY,< 1 year,,,,,,,1
1500.0,10.5,442.0,VA,< 1 year,,,,,,,1
500.0,5.75,464.0,MO,2 years,,,,,,,1
17000.0,0.3,726.0,MD,4 years,,,,,,,1
7000.0,45.6,675.0,FL,1 year,,,,,,,1
6000.0,27.78,590.0,SC,3 years,,,,,,,1
22000.0,32.01,584.0,MO,10+ years,,,,,,,1
6000.0,14.98,721.0,MN,10+ years,,,,,,,1
18000.0,100.0,,IN,10+ years,,,,,,,1
5025.0,12.97,639.0,MA,< 1 year,,,,,,,1
22000.0,16.9,605.0,MO,7 years,,,,,,,1
12000.0,12.39,531.0,MD,2 years,,,,,,,1
2000.0,15.0,654.0,NJ,10+ years,,,,,,,1
20000.0,26.55,606.0,GA,2 years,,,,,,,1
25000.0,42.13,487.0,VA,< 1 year,,,,,,,1
4300.0,90.63,670.0,NC,2 years,,,,,,,1
15000.0,0.4,506.0,SC,10+ years,,,,,,,1
1000.0,33.32,674.0,NY,10+ years,,,,,,,1
16000.0,57.06,640.0,FL,< 1 year,,,,,,,1
4150.0,20.13,530.0,KS,10+ years,,,,,,,1
5000.0,14.76,579.0,IN,10+ years,,,,,,,1
1000.0,0.0,0.0,NY,1 year,,,,,,,1
2000.0,21.9,494.0,FL,1 year,,,,,,,1
2000.0,8.16,471.0,ME,1 year,,,,,,,1
18000.0,30.56,704.0,KS,6 years,,,,,,,1
7500.0,36.05,486.0,NY,7 years,,,,,,,1
5000.0,4.27,643.0,GA,< 1 year,,,,,,,1
4000.0,18.1,494.0,NY,10+ years,,,,,,,1
6500.0,45.25,654.0,MA,10+ years,,,,,,,1
12000.0,29.69,689.0,NY,10+ years,,,,,,,1
10000.0,7.94,433.0,IN,< 1 year,,,,,,,1
3000.0,34.13,537.0,FL,10+ years,,,,,,,1
5500.0,8.72,687.0,FL,3 years,,,,,,,1
20000.0,44.23,689.0,NY,1 year,,,,,,,1
2000.0,8.96,455.0,FL,1 year,,,,,,,1
12500.0,28.27,620.0,KS,2 years,,,,,,,1
15000.0,0.0,659.0,MO,10+ years,,,,,,,1
20000.0,2.47,421.0,FL,1 year,,,,,,,1
25000.0,0.9,436.0,IN,< 1 year,,,,,,,1
2000.0,2.16,415.0,MO,2 years,,,,,,,1
6000.0,100.0,,NY,10+ years,,,,,,,1
5500.0,27.83,412.0,FL,1 year,,,,,,,1
5000.0,0.99,619.0,NJ,10+ years,,,,,,,1
3000.0,16.99,649.0,NC,8 years,,,,,,,1
10000.0,100.0,,MA,10+ years,,,,,,,1
1500.0,19.68,669.0,NY,1 year,,,,,,,1
24000.0,24.7,680.0,NJ,10+ years,,,,,,,1
2500.0,18.04,542.0,FL,< 1 year,,,,,,,1
25000.0,34.4,479.0,FL,4 years,,,,,,,1
7000.0,11.64,469.0,NM,1 year,,,,,,,1
5000.0,0.0,603.0,VA,5 years,,,,,,,1
5000.0,15.15,574.0,NC,2 years,,,,,,,1
3200.0,10.17,521.0,MA,10+ years,,,,,,,1
3000.0,11.87,490.0,MA,2 years,,,,,,,1
25000.0,17.63,516.0,FL,10+ years,,,,,,,1
21000.0,100.0,,NJ,10+ years,,,,,,,1
3500.0,2.9,473.0,FL,6 years,,,,,,,1
5500.0,24.24,628.0,OH,4 years,,,,,,,1
15000.0,26.53,675.0,TX,2 years,,,,,,,1
5000.0,32.9,689.0,MA,2 years,,,,,,,1
15000.0,19.83,663.0,NJ,10+ years,,,,,,,1
15000.0,27.79,653.0,NJ,4 years,,,,,,,1
10000.0,5.27,635.0,CO,< 1 year,,,,,,,1
5000.0,1.68,444.0,FL,10+ years,,,,,,,1
1500.0,0.63,635.0,FL,2 years,,,,,,,1
4500.0,18.64,670.0,TX,< 1 year,,,,,,,1
7000.0,8.58,622.0,NJ,4 years,,,,,,,1
25000.0,0.0,0.0,NJ,< 1 year,,,,,,,1
4400.0,48.67,701.0,TX,< 1 year,,,,,,,1
15000.0,21.64,646.0,NY,2 years,,,,,,,1
2500.0,27.18,486.0,OH,< 1 year,,,,,,,1
9500.0,65.46,607.0,WI,6 years,,,,,,,1
10000.0,13.27,623.0,NY,2 years,,,,,,,1
5000.0,0.0,690.0,MD,6 years,,,,,,,1
10000.0,100.0,,NY,6 years,,,,,,,1
5000.0,16.19,567.0,AZ,< 1 year,,,,,,,1
10000.0,14.75,646.0,MA,4 years,,,,,,,1
7000.0,4.85,680.0,NC,10+ years,,,,,,,1
5000.0,4.2,484.0,NY,2 years,,,,,,,1
10000.0,100.0,733.0,NJ,< 1 year,,,,,,,1
4500.0,28.5,643.0,FL,< 1 year,,,,,,,1
15725.0,20.43,672.0,NY,10+ years,,,,,,,1
10000.0,47.31,624.0,NJ,4 years,,,,,,,1
15000.0,100.0,,FL,4 years,,,,,,,1
6180.0,100.0,,NC,1 year,,,,,,,1
5000.0,5.03,493.0,LA,< 1 year,,,,,,,1
25000.0,29.72,699.0,MD,3 years,,,,,,,1
4000.0,42.19,668.0,IN,< 1 year,,,,,,,1
2000.0,6.17,627.0,LA,< 1 year,,,,,,,1
10830.0,12.05,622.0,NC,10+ years,,,,,,,1
6000.0,11.23,599.0,MD,1 year,,,,,,,1
24000.0,8.56,718.0,WI,2 years,,,,,,,1
6000.0,20.4,705.0,MD,1 year,,,,,,,1
17000.0,19.57,635.0,NC,2 years,,,,,,,1
3500.0,5.15,630.0,FL,< 1 year,,,,,,,1
10000.0,28.27,619.0,FL,10+ years,,,,,,,1
22300.0,74.63,662.0,NY,10+ years,,,,,,,1
15000.0,55.37,634.0,NJ,2 years,,,,,,,1
3500.0,100.0,772.0,NC,< 1 year,,,,,,,1
20000.0,14.96,487.0,NJ,10+ years,,,,,,,1
15000.0,27.56,675.0,NY,6 years,,,,,,,1
6000.0,100.0,,FL,10+ years,,,,,,,1
20000.0,2.66,685.0,GA,10+ years,,,,,,,1
15000.0,28.61,683.0,IN,< 1 year,,,,,,,1
25000.0,3.1,507.0,AR,6 years,,,,,,,1
10000.0,993600.0,528.0,AZ,1 year,,,,,,,1
25000.0,29.22,606.0,OH,10+ years,,,,,,,1
700.0,0.0,0.0,MS,3 years,,,,,,,1
5000.0,10.36,666.0,VA,10+ years,,,,,,,1
20000.0,2.14,647.0,AZ,2 years,,,,,,,1
2300.0,32.38,575.0,SC,4 years,,,,,,,1
2300.0,54.44,597.0,SC,< 1 year,,,,,,,1
25000.0,22.63,663.0,NY,< 1 year,,,,,,,1
2000.0,2.85,440.0,IN,7 years,,,,,,,1
5000.0,4.15,568.0,FL,7 years,,,,,,,1
25000.0,23.42,656.0,GA,8 years,,,,,,,1
1500.0,9.93,547.0,WI,10+ years,,,,,,,1
8000.0,0.56,436.0,FL,1 year,,,,,,,1
20000.0,40.5,699.0,NJ,10+ years,,,,,,,1
15000.0,0.78,594.0,NY,2 years,,,,,,,1
2500.0,4.18,512.0,LA,< 1 year,,,,,,,1
5000.0,8.11,447.0,AZ,5 years,,,,,,,1
20000.0,33.77,476.0,NY,< 1 year,,,,,,,1
1000.0,0.0,0.0,NY,< 1 year,,,,,,,1
2500.0,19.33,562.0,LA,1 year,,,,,,,1
1000.0,0.0,508.0,WV,1 year,,,,,,,1
3000.0,7.96,505.0,MA,< 1 year,,,,,,,1
5000.0,6.69,610.0,TX,2 years,,,,,,,1
20000.0,31.28,663.0,NY,10+ years,,,,,,,1
11000.0,5.56,487.0,MS,6 years,,,,,,,1
8000.0,0.0,698.0,NC,6 years,,,,,,,1
17000.0,100.0,,LA,10+ years,,,,,,,1
10000.0,6.67,614.0,MA,< 1 year,,,,,,,1
20000.0,33.85,759.0,NY,4 years,,,,,,,1
14000.0,18.85,456.0,CT,2 years,,,,,,,1
21600.0,26.64,712.0,FL,8 years,,,,,,,1
10000.0,49.0,690.0,WI,< 1 year,,,,,,,1
12000.0,42.68,609.0,FL,< 1 year,,,,,,,1
9000.0,10.0,471.0,GA,1 year,,,,,,,1
5000.0,5.22,623.0,FL,2 years,,,,,,,1
1000.0,0.0,0.0,MD,7 years,,,,,,,1
19000.0,100.0,,GA,2 years,,,,,,,1
12000.0,35.42,735.0,WI,< 1 year,,,,,,,1
6500.0,9.33,474.0,OH,< 1 year,,,,,,,1
5000.0,66.15,687.0,FL,10+ years,,,,,,,1
5000.0,2.61,426.0,NJ,2 years,,,,,,,1
1500.0,6.13,439.0,GA,2 years,,,,,,,1
10000.0,50.24,649.0,FL,2 years,,,,,,,1
4000.0,100.0,0.0,ME,< 1 year,,,,,,,1
5000.0,41.28,609.0,WY,< 1 year,,,,,,,1
15000.0,33.73,672.0,FL,2 years,,,,,,,1
2000.0,16.7,574.0,OH,2 years,,,,,,,1
3500.0,33.78,667.0,MO,10+ years,,,,,,,1
5000.0,185.89,491.0,NY,3 years,,,,,,,1
15000.0,26.45,625.0,NY,10+ years,,,,,,,1
2000.0,9.61,700.0,MN,3 years,,,,,,,1
2500.0,0.33,0.0,MA,2 years,,,,,,,1
10000.0,33.24,657.0,NC,10+ years,,,,,,,1
9000.0,23.21,644.0,NC,< 1 year,,,,,,,1
10000.0,0.0,508.0,FL,7 years,,,,,,,1
25000.0,26.97,673.0,VA,2 years,,,,,,,1
5000.0,8.61,561.0,KS,5 years,,,,,,,1
6500.0,10.24,691.0,MD,2 years,,,,,,,1
10000.0,100.0,0.0,NY,< 1 year,,,,,,,1
20000.0,5.33,685.0,NC,5 years,,,,,,,1
10000.0,1.37,534.0,FL,3 years,,,,,,,1
1500.0,3.08,662.0,NC,< 1 year,,,,,,,1
15000.0,32.62,669.0,NE,< 1 year,,,,,,,1
5000.0,9.78,584.0,VA,1 year,,,,,,,1
25000.0,21.91,643.0,FL,10+ years,,,,,,,1
4000.0,8.56,619.0,IN,10+ years,,,,,,,1
8000.0,13.33,452.0,CO,2 years,,,,,,,1
10000.0,16.4,518.0,NC,2 years,,,,,,,1
3000.0,14.83,567.0,GA,2 years,,,,,,,1
10000.0,0.98,713.0,GA,< 1 year,,,,,,,1
5000.0,10.73,675.0,MD,10+ years,,,,,,,1
10000.0,22.62,455.0,AZ,1 year,,,,,,,1
20000.0,6.37,654.0,NJ,10+ years,,,,,,,1
9500.0,29.36,658.0,WI,6 years,,,,,,,1
1500.0,0.0,581.0,KS,< 1 year,,,,,,,1
3000.0,7.94,569.0,VA,2 years,,,,,,,1
5000.0,18.8,480.0,AZ,< 1 year,,,,,,,1
2000.0,21.36,440.0,NC,10+ years,,,,,,,1
2000.0,1168.2,505.0,MD,10+ years,,,,,,,1
1600.0,12.38,563.0,NC,3 years,,,,,,,1
10000.0,14.19,441.0,TN,1 year,,,,,,,1
1000.0,26.11,616.0,FL,4 years,,,,,,,1
3000.0,14.23,661.0,FL,< 1 year,,,,,,,1
3000.0,23.47,445.0,NC,< 1 year,,,,,,,1
4000.0,17.68,577.0,FL,4 years,,,,,,,1
5000.0,36.36,538.0,FL,< 1 year,,,,,,,1
1500.0,36.06,417.0,AL,1 year,,,,,,,1
5000.0,100.0,768.0,FL,< 1 year,,,,,,,1
7500.0,30.67,511.0,GA,< 1 year,,,,,,,1
4000.0,12.18,677.0,WI,4 years,,,,,,,1
1500.0,0.0,0.0,NE,6 years,,,,,,,1
25000.0,45.26,661.0,FL,2 years,,,,,,,1
5000.0,0.0,444.0,IL,7 years,,,,,,,1
3000.0,27.87,564.0,FL,1 year,,,,,,,1
6500.0,37.38,553.0,AL,< 1 year,,,,,,,1
8000.0,42.9,516.0,IN,7 years,,,,,,,1
10000.0,14.68,505.0,CT,< 1 year,,,,,,,1
21000.0,0.33,684.0,CO,< 1 year,,,,,,,1
15000.0,25.84,615.0,MA,2 years,,,,,,,1
5000.0,0.0,628.0,LA,10+ years,,,,,,,1
3000.0,17.53,512.0,TX,3 years,,,,,,,1
6000.0,20.18,513.0,IL,4 years,,,,,,,1
2400.0,6.27,647.0,NJ,10+ years,,,,,,,1
4000.0,11.78,548.0,NY,10+ years,,,,,,,1
2000.0,26.3,590.0,NC,6 years,,,,,,,1
2000.0,6.19,593.0,NJ,6 years,,,,,,,1
9500.0,134.57,601.0,MO,4 years,,,,,,,1
3000.0,0.0,483.0,WI,1 year,,,,,,,1
4000.0,19.88,581.0,CO,7 years,,,,,,,1
25000.0,8.54,458.0,FL,10+ years,,,,,,,1
15000.0,38.6,746.0,NC,10+ years,,,,,,,1
7000.0,19.92,711.0,NC,< 1 year,,,,,,,1
2000.0,13.63,577.0,NY,10+ years,,,,,,,1
6000.0,25.58,522.0,TX,7 years,,,,,,,1
5000.0,23.27,500.0,TN,8 years,,,,,,,1
4000.0,1.23,621.0,NY,10+ years,,,,,,,1
11000.0,9.61,408.0,MD,< 1 year,,,,,,,1
6000.0,127.6,523.0,NM,7 years,,,,,,,1
15000.0,53.59,701.0,TX,10+ years,,,,,,,1
25000.0,0.0,608.0,NY,10+ years,,,,,,,1
15000.0,100.0,,NY,6 years,,,,,,,1
3000.0,10.78,513.0,NJ,10+ years,,,,,,,1
4000.0,49.38,685.0,FL,4 years,,,,,,,1
12500.0,2.98,641.0,WA,< 1 year,,,,,,,1
7500.0,7.13,420.0,TN,6 years,,,,,,,1
5000.0,1.88,518.0,GA,4 years,,,,,,,1
1500.0,81.3,553.0,TN,3 years,,,,,,,1
3500.0,18.19,539.0,OH,< 1 year,,,,,,,1
15000.0,35.75,489.0,FL,9 years,,,,,,,1
10000.0,7.99,499.0,KS,2 years,,,,,,,1
10000.0,0.0,465.0,MD,2 years,,,,,,,1
5000.0,100.0,,KS,10+ years,,,,,,,1
2000.0,41.6,548.0,TN,10+ years,,,,,,,1
1000.0,0.0,639.0,NJ,5 years,,,,,,,1
5000.0,85.32,455.0,GA,< 1 year,,,,,,,1
25000.0,20.23,675.0,MT,10+ years,,,,,,,1
6000.0,24.4,716.0,NC,5 years,,,,,,,1
2000.0,64.55,471.0,OR,2 years,,,,,,,1
25000.0,2.06,553.0,ID,1 year,,,,,,,1
4200.0,26.36,656.0,MO,< 1 year,,,,,,,1
10000.0,6.12,617.0,FL,8 years,,,,,,,1
25000.0,0.0,593.0,HI,2 years,,,,,,,1
15000.0,18.18,637.0,MA,4 years,,,,,,,1
5000.0,3.9,653.0,NC,2 years,,,,,,,1
5000.0,0.0,563.0,AZ,< 1 year,,,,,,,1
6200.0,15.16,618.0,MD,< 1 year,,,,,,,1
10000.0,34.56,674.0,GA,10+ years,,,,,,,1
6000.0,0.0,0.0,MT,< 1 year,,,,,,,1
10000.0,27.12,513.0,TN,10+ years,,,,,,,1
20000.0,0.0,0.0,NY,< 1 year,,,,,,,1
500.0,24.08,438.0,TX,< 1 year,,,,,,,1
2000.0,42.19,456.0,TX,3 years,,,,,,,1
10000.0,12.77,584.0,NM,10+ years,,,,,,,1
2000.0,1.07,506.0,MN,< 1 year,,,,,,,1
1450.0,22.19,631.0,WA,< 1 year,,,,,,,1
1500.0,0.0,471.0,IN,< 1 year,,,,,,,1
10000.0,0.4,464.0,UT,10+ years,,,,,,,1
15000.0,20.78,488.0,NY,1 year,,,,,,,1
25000.0,3.33,675.0,NY,10+ years,,,,,,,1
15000.0,11.25,657.0,FL,1 year,,,,,,,1
15000.0,19.59,649.0,MA,3 years,,,,,,,1
2000.0,2.79,385.0,IN,5 years,,,,,,,1
25000.0,21.15,471.0,OH,< 1 year,,,,,,,1
20000.0,18.2,723.0,NE,3 years,,,,,,,1
2500.0,0.0,0.0,WA,< 1 year,,,,,,,1
5000.0,13.36,646.0,NJ,10+ years,,,,,,,1
14000.0,0.0,428.0,IN,1 year,,,,,,,1
2000.0,0.8,616.0,MO,< 1 year,,,,,,,1
5000.0,13.68,421.0,WI,2 years,,,,,,,1
3000.0,19.11,452.0,WA,10+ years,,,,,,,1
5000.0,13.36,646.0,NJ,10+ years,,,,,,,1
15000.0,81.14,694.0,FL,2 years,,,,,,,1
5000.0,9.3,445.0,TN,< 1 year,,,,,,,1
4000.0,11.87,588.0,TN,3 years,,,,,,,1
4000.0,3.84,683.0,IN,< 1 year,,,,,,,1
6000.0,19.99,467.0,IN,10+ years,,,,,,,1
6000.0,6.13,571.0,WA,< 1 year,,,,,,,1
10000.0,1.12,606.0,OH,1 year,,,,,,,1
25000.0,17.39,556.0,WA,10+ years,,,,,,,1
2500.0,33.3,528.0,KS,1 year,,,,,,,1
18000.0,40.07,667.0,HI,10+ years,,,,,,,1
5000.0,0.0,0.0,KS,1 year,,,,,,,1
8500.0,18.86,515.0,GA,< 1 year,,,,,,,1
10000.0,85.78,564.0,NC,1 year,,,,,,,1
2500.0,13.63,505.0,AL,10+ years,,,,,,,1
3500.0,15.38,515.0,GA,< 1 year,,,,,,,1
5000.0,21.36,574.0,NC,10+ years,,,,,,,1
6000.0,16.04,633.0,NE,< 1 year,,,,,,,1
3000.0,11.68,644.0,NY,10+ years,,,,,,,1
18500.0,30.8,713.0,NC,1 year,,,,,,,1
5000.0,12.99,447.0,CT,1 year,,,,,,,1
10000.0,37.07,536.0,LA,< 1 year,,,,,,,1
20000.0,27.04,531.0,TN,10+ years,,,,,,,1
12000.0,27.62,573.0,MO,1 year,,,,,,,1
20000.0,7.76,628.0,FL,10+ years,,,,,,,1
25000.0,15.43,495.0,CO,10+ years,,,,,,,1
10000.0,37.41,683.0,AL,10+ years,,,,,,,1
5000.0,31.23,544.0,AZ,2 years,,,,,,,1
14000.0,18.22,691.0,NY,7 years,,,,,,,1
4000.0,3.45,618.0,NY,5 years,,,,,,,1
10000.0,63.25,622.0,FL,4 years,,,,,,,1
6000.0,0.0,445.0,MT,< 1 year,,,,,,,1
8000.0,24.54,588.0,IN,3 years,,,,,,,1
3500.0,0.0,0.0,FL,8 years,,,,,,,1
15000.0,7.7,463.0,WA,2 years,,,,,,,1
24000.0,47.12,660.0,NY,10+ years,,,,,,,1
15000.0,37.69,642.0,LA,1 year,,,,,,,1
5000.0,18.9,483.0,MD,< 1 year,,,,,,,1
15000.0,33.96,721.0,NC,10+ years,,,,,,,1
3000.0,53.35,733.0,GA,4 years,,,,,,,1
10000.0,51.6,389.0,NM,10+ years,,,,,,,1
10000.0,25.12,633.0,MA,8 years,,,,,,,1
12000.0,31.03,683.0,TX,1 year,,,,,,,1
1000.0,41.35,573.0,CO,1 year,,,,,,,1
15000.0,60.21,710.0,LA,10+ years,,,,,,,1
500.0,0.0,492.0,NJ,8 years,,,,,,,1
500.0,0.0,509.0,TX,1 year,,,,,,,1
3000.0,21.66,481.0,TX,9 years,,,,,,,1
8000.0,28.22,693.0,WA,10+ years,,,,,,,1
5000.0,43.1,555.0,TN,5 years,,,,,,,1
3000.0,309.6,477.0,TN,1 year,,,,,,,1
4800.0,8.15,657.0,VA,10+ years,,,,,,,1
20000.0,0.72,458.0,WA,7 years,,,,,,,1
3000.0,12.63,607.0,IL,10+ years,,,,,,,1
15000.0,5.6,567.0,FL,< 1 year,,,,,,,1
1000.0,23.33,441.0,IN,2 years,,,,,,,1
4000.0,52.13,703.0,FL,8 years,,,,,,,1
15000.0,19.1,621.0,MA,6 years,,,,,,,1
10000.0,15.53,653.0,NY,10+ years,,,,,,,1
5000.0,9.63,460.0,CO,4 years,,,,,,,1
5000.0,21.16,615.0,MO,10+ years,,,,,,,1
1000.0,6.48,579.0,MO,< 1 year,,,,,,,1
4000.0,0.0,508.0,NC,10+ years,,,,,,,1
25000.0,22.67,644.0,CO,< 1 year,,,,,,,1
2000.0,4.17,574.0,CA,1 year,,,,,,,1
3000.0,59.15,704.0,NY,10+ years,,,,,,,1
6000.0,44.85,628.0,FL,5 years,,,,,,,1
20000.0,59.26,693.0,IN,2 years,,,,,,,1
15000.0,1.31,632.0,NC,8 years,,,,,,,1
10000.0,21.22,702.0,TX,10+ years,,,,,,,1
5000.0,12.42,659.0,NY,10+ years,,,,,,,1
4500.0,0.0,522.0,SC,< 1 year,,,,,,,1
10000.0,0.26,678.0,CO,< 1 year,,,,,,,1
1000.0,327.31,551.0,NC,< 1 year,,,,,,,1
25000.0,22.32,644.0,SC,< 1 year,,,,,,,1
12500.0,5.39,646.0,WA,< 1 year,,,,,,,1
20000.0,39.95,693.0,FL,1 year,,,,,,,1
10000.0,18.92,632.0,TN,4 years,,,,,,,1
23000.0,41.13,726.0,NM,10+ years,,,,,,,1
5000.0,18.99,542.0,VA,1 year,,,,,,,1
15000.0,0.0,577.0,FL,4 years,,,,,,,1
3000.0,0.0,0.0,GA,< 1 year,,,,,,,1
2000.0,14.59,495.0,IN,6 years,,,,,,,1
18000.0,39.39,644.0,TN,9 years,,,,,,,1
3000.0,13.44,639.0,WA,1 year,,,,,,,1
25000.0,0.24,698.0,TX,2 years,,,,,,,1
2000.0,40.89,653.0,NY,3 years,,,,,,,1
2000.0,1.26,658.0,NY,10+ years,,,,,,,1
2500.0,0.0,534.0,DE,1 year,,,,,,,1
8000.0,9.41,465.0,OH,1 year,,,,,,,1
7500.0,6.64,591.0,FL,< 1 year,,,,,,,1
5000.0,11.38,678.0,TN,7 years,,,,,,,1
3000.0,15.78,598.0,FL,1 year,,,,,,,1
10000.0,4.98,564.0,NJ,5 years,,,,,,,1
10000.0,9.79,646.0,NJ,< 1 year,,,,,,,1
8000.0,19.99,600.0,NY,10+ years,,,,,,,1
2000.0,0.0,553.0,FL,10+ years,,,,,,,1
5000.0,2.0,418.0,FL,< 1 year,,,,,,,1
15000.0,0.84,426.0,NY,< 1 year,,,,,,,1
2500.0,799.88,624.0,NY,10+ years,,,,,,,1
500.0,8.93,554.0,FL,7 years,,,,,,,1
12000.0,7.58,667.0,GA,4 years,,,,,,,1
8000.0,4.74,521.0,NY,1 year,,,,,,,1
2500.0,11.59,550.0,AL,2 years,,,,,,,1
25000.0,12.33,595.0,NY,< 1 year,,,,,,,1
15000.0,19.08,657.0,TN,3 years,,,,,,,1
15000.0,35.75,694.0,WI,10+ years,,,,,,,1
7500.0,10.76,445.0,TN,3 years,,,,,,,1
1650.0,7.51,525.0,IN,1 year,,,,,,,1
5000.0,0.0,0.0,NY,1 year,,,,,,,1
10000.0,36.63,535.0,NJ,8 years,,,,,,,1
10000.0,0.9,657.0,FL,< 1 year,,,,,,,1
15000.0,12.61,602.0,AL,1 year,,,,,,,1
20025.0,7.01,648.0,SC,10+ years,,,,,,,1
2000.0,15.62,535.0,NC,2 years,,,,,,,1
15000.0,47.51,667.0,MD,10+ years,,,,,,,1
5500.0,8.51,591.0,SC,1 year,,,,,,,1
15000.0,4.76,669.0,NJ,2 years,,,,,,,1
7000.0,9.33,503.0,NC,10+ years,,,,,,,1
2000.0,36.78,545.0,SC,1 year,,,,,,,1
6200.0,39.11,499.0,SC,5 years,,,,,,,1
1200.0,7.34,415.0,IN,1 year,,,,,,,1
8900.0,34.7,647.0,FL,3 years,,,,,,,1
8500.0,18.07,563.0,FL,1 year,,,,,,,1
19000.0,0.0,653.0,NY,10+ years,,,,,,,1
5000.0,2.95,391.0,NC,< 1 year,,,,,,,1
10000.0,18.42,466.0,WV,1 year,,,,,,,1
12000.0,28.62,770.0,KS,< 1 year,,,,,,,1
5000.0,3.56,608.0,OH,6 years,,,,,,,1
5000.0,23.2,622.0,GA,2 years,,,,,,,1
4000.0,19.07,509.0,AZ,< 1 year,,,,,,,1
5000.0,15.48,600.0,GA,1 year,,,,,,,1
5000.0,34.55,564.0,NC,3 years,,,,,,,1
14500.0,8.47,669.0,NE,< 1 year,,,,,,,1
14000.0,20.96,672.0,NY,6 years,,,,,,,1
25000.0,35.53,652.0,MN,< 1 year,,,,,,,1
700.0,23.88,436.0,IN,< 1 year,,,,,,,1
500.0,19.49,575.0,NJ,1 year,,,,,,,1
5000.0,15.48,499.0,MO,< 1 year,,,,,,,1
5000.0,0.46,0.0,CO,8 years,,,,,,,1
5000.0,57.1,671.0,NY,10+ years,,,,,,,1
10000.0,3.67,655.0,KS,1 year,,,,,,,1
10000.0,44.28,803.0,MD,1 year,,,,,,,1
15000.0,15.4,418.0,TX,7 years,,,,,,,1
2500.0,37.66,470.0,FL,1 year,,,,,,,1
5000.0,7.18,474.0,FL,4 years,,,,,,,1
16000.0,40.0,611.0,FL,2 years,,,,,,,1
2500.0,0.0,453.0,WI,6 years,,,,,,,1
3000.0,38.1,495.0,AL,1 year,,,,,,,1
10000.0,32.66,714.0,CO,6 years,,,,,,,1
7500.0,20.85,582.0,MA,1 year,,,,,,,1
2500.0,18.31,560.0,FL,2 years,,,,,,,1
10000.0,26.82,684.0,NJ,< 1 year,,,,,,,1
15000.0,37.87,775.0,ME,10+ years,,,,,,,1
17000.0,5.59,755.0,MA,< 1 year,,,,,,,1
10000.0,100.0,,NY,< 1 year,,,,,,,1
15000.0,2.55,647.0,NY,< 1 year,,,,,,,1
7000.0,0.0,497.0,NY,3 years,,,,,,,1
5000.0,20.9,555.0,AZ,7 years,,,,,,,1
3000.0,47.45,584.0,CO,3 years,,,,,,,1
7500.0,12.6,458.0,WI,10+ years,,,,,,,1
7500.0,0.0,0.0,TX,6 years,,,,,,,1
5500.0,0.0,0.0,WA,< 1 year,,,,,,,1
500.0,23.6,583.0,CO,< 1 year,,,,,,,1
1000.0,177.6,507.0,FL,< 1 year,,,,,,,1
8000.0,2.62,648.0,AZ,< 1 year,,,,,,,1
8000.0,4.92,599.0,AZ,< 1 year,,,,,,,1
6000.0,0.9,0.0,UT,3 years,,,,,,,1
5000.0,19.24,648.0,AZ,6 years,,,,,,,1
1525.0,24.47,551.0,HI,3 years,,,,,,,1
20000.0,39.0,659.0,NC,1 year,,,,,,,1
7500.0,21.38,609.0,GA,< 1 year,,,,,,,1
2000.0,0.0,0.0,WI,< 1 year,,,,,,,1
17500.0,12.41,808.0,NY,10+ years,,,,,,,1
12000.0,197.6,656.0,NY,2 years,,,,,,,1
8000.0,24.96,646.0,NJ,8 years,,,,,,,1
8600.0,11.03,637.0,FL,3 years,,,,,,,1
20000.0,19.4,570.0,CO,6 years,,,,,,,1
24000.0,29.92,631.0,AZ,4 years,,,,,,,1
10000.0,25.6,644.0,LA,10+ years,,,,,,,1
7500.0,31.5,670.0,FL,5 years,,,,,,,1
8200.0,22.85,673.0,TX,10+ years,,,,,,,1
15000.0,29.68,656.0,GA,10+ years,,,,,,,1
12000.0,0.55,538.0,MT,2 years,,,,,,,1
2000.0,4.84,572.0,NY,10+ years,,,,,,,1
15000.0,6.52,556.0,NJ,< 1 year,,,,,,,1
5000.0,9.73,730.0,MN,< 1 year,,,,,,,1
10000.0,1.69,811.0,CO,< 1 year,,,,,,,1
20000.0,60.47,714.0,NH,10+ years,,,,,,,1
18000.0,46.6,772.0,NY,4 years,,,,,,,1
9500.0,36.52,652.0,NY,10+ years,,,,,,,1
12450.0,7.56,552.0,NY,10+ years,,,,,,,1
10000.0,100.0,,MD,6 years,,,,,,,1
8000.0,0.0,539.0,VA,4 years,,,,,,,1
10500.0,53.86,731.0,LA,< 1 year,,,,,,,1
15000.0,11.09,636.0,HI,10+ years,,,,,,,1
7500.0,36.26,473.0,KS,2 years,,,,,,,1
12000.0,35.38,664.0,NY,10+ years,,,,,,,1
17500.0,100.0,,GA,2 years,,,,,,,1
12000.0,12.83,519.0,NY,1 year,,,,,,,1
21250.0,13.05,441.0,AK,< 1 year,,,,,,,1
6000.0,20.52,656.0,NE,3 years,,,,,,,1
2500.0,1.2,762.0,NJ,< 1 year,,,,,,,1
2000.0,101.31,486.0,NC,2 years,,,,,,,1
7500.0,17.76,584.0,VA,2 years,,,,,,,1
18000.0,0.0,553.0,NC,6 years,,,,,,,1
5000.0,8.31,631.0,MA,1 year,,,,,,,1
10000.0,0.0,529.0,NC,7 years,,,,,,,1
15000.0,34.28,669.0,NY,4 years,,,,,,,1
25000.0,0.0,585.0,VA,8 years,,,,,,,1
9000.0,23.23,667.0,MO,10+ years,,,,,,,1
25000.0,21.36,641.0,TX,2 years,,,,,,,1
25000.0,9.26,544.0,NY,< 1 year,,,,,,,1
5000.0,27.35,626.0,CT,8 years,,,,,,,1
3000.0,35.4,518.0,VA,7 years,,,,,,,1
1500.0,1.01,454.0,NC,8 years,,,,,,,1
1000.0,0.0,589.0,SC,1 year,,,,,,,1
5000.0,8.16,745.0,NY,1 year,,,,,,,1
15000.0,25.52,646.0,NC,8 years,,,,,,,1
6000.0,6.69,482.0,SC,1 year,,,,,,,1
1000.0,35.93,578.0,WI,8 years,,,,,,,1
15000.0,100.0,,NJ,10+ years,,,,,,,1
20000.0,46.77,693.0,IN,1 year,,,,,,,1
3500.0,9.98,586.0,NC,1 year,,,,,,,1
7500.0,175.11,499.0,PA,10+ years,,,,,,,1
9000.0,0.0,453.0,SC,< 1 year,,,,,,,1
16000.0,0.71,645.0,CO,2 years,,,,,,,1
25000.0,62.51,683.0,TX,1 year,,,,,,,1
4000.0,15.37,504.0,MN,6 years,,,,,,,1
15000.0,13.32,535.0,TX,10+ years,,,,,,,1
1200.0,15.28,758.0,MD,< 1 year,,,,,,,1
5000.0,5.39,477.0,CO,< 1 year,,,,,,,1
8000.0,33.32,698.0,GA,4 years,,,,,,,1
12000.0,6.89,705.0,KS,< 1 year,,,,,,,1
19000.0,39.45,539.0,VA,< 1 year,,,,,,,1
1500.0,13.45,476.0,OK,10+ years,,,,,,,1
11000.0,8.32,637.0,MS,2 years,,,,,,,1
2000.0,0.0,612.0,MA,< 1 year,,,,,,,1
2500.0,35.33,557.0,OK,1 year,,,,,,,1
3500.0,0.0,478.0,KS,2 years,,,,,,,1
1300.0,3.87,623.0,DC,8 years,,,,,,,1
575.0,31.21,512.0,AR,< 1 year,,,,,,,1
11000.0,107.26,663.0,PA,< 1 year,,,,,,,1
5000.0,10.15,673.0,KS,2 years,,,,,,,1
7000.0,11.36,491.0,AZ,2 years,,,,,,,1
10000.0,38.88,685.0,MA,< 1 year,,,,,,,1
3000.0,38.12,675.0,NE,6 years,,,,,,,1
2400.0,13.94,596.0,OK,5 years,,,,,,,1
2000.0,15.67,441.0,NV,3 years,,,,,,,1
1500.0,35.0,685.0,NC,4 years,,,,,,,1
7500.0,16.83,604.0,MS,2 years,,,,,,,1
7000.0,2.46,624.0,GA,< 1 year,,,,,,,1
1000.0,15.38,582.0,KS,2 years,,,,,,,1
5000.0,10.07,702.0,FL,8 years,,,,,,,1
10000.0,13.52,659.0,OK,10+ years,,,,,,,1
500.0,13.39,537.0,WA,9 years,,,,,,,1
5000.0,32.38,549.0,AL,6 years,,,,,,,1
10000.0,35.73,661.0,NJ,4 years,,,,,,,1
5000.0,16.24,436.0,AL,1 year,,,,,,,1
25000.0,34.2,479.0,GA,5 years,,,,,,,1
2000.0,5.62,499.0,TX,< 1 year,,,,,,,1
1500.0,0.0,471.0,VA,< 1 year,,,,,,,1
8000.0,0.42,601.0,TX,6 years,,,,,,,1
7000.0,11.44,509.0,GA,10+ years,,,,,,,1
1500.0,4.64,414.0,IN,4 years,,,,,,,1
8000.0,4.69,441.0,WI,8 years,,,,,,,1
25000.0,10.32,429.0,AL,< 1 year,,,,,,,1
25000.0,10.64,753.0,TN,9 years,,,,,,,1
5300.0,17.55,612.0,NE,< 1 year,,,,,,,1
500.0,13.56,466.0,TX,< 1 year,,,,,,,1
5000.0,0.5,519.0,VA,3 years,,,,,,,1
20000.0,31.8,739.0,MA,10+ years,,,,,,,1
10000.0,0.0,788.0,MO,< 1 year,,,,,,,1
2000.0,0.94,670.0,NY,2 years,,,,,,,1
20000.0,25.68,467.0,MT,2 years,,,,,,,1
6000.0,3.47,529.0,OH,4 years,,,,,,,1
3500.0,7.82,472.0,GA,3 years,,,,,,,1
20000.0,18.91,610.0,TX,10+ years,,,,,,,1
15000.0,100.0,,NJ,10+ years,,,,,,,1
8000.0,6.45,485.0,TX,< 1 year,,,,,,,1
6000.0,1.08,539.0,TX,1 year,,,,,,,1
17375.0,20.46,568.0,FL,10+ years,,,,,,,1
6000.0,11.08,743.0,GA,< 1 year,,,,,,,1
15000.0,50.91,653.0,IN,10+ years,,,,,,,1
3000.0,39.44,494.0,TX,3 years,,,,,,,1
2500.0,0.77,554.0,MA,1 year,,,,,,,1
5000.0,3.13,604.0,GA,8 years,,,,,,,1
6500.0,0.0,501.0,TX,< 1 year,,,,,,,1
18200.0,28.36,634.0,OH,< 1 year,,,,,,,1
20000.0,26.66,670.0,OH,< 1 year,,,,,,,1
1500.0,23.09,432.0,NC,< 1 year,,,,,,,1
8000.0,11.7,622.0,WI,2 years,,,,,,,1
4000.0,15.89,770.0,NC,< 1 year,,,,,,,1
20000.0,11.68,651.0,NJ,6 years,,,,,,,1
3500.0,0.0,430.0,WV,2 years,,,,,,,1
10000.0,22.25,574.0,NE,< 1 year,,,,,,,1
5000.0,32.98,513.0,VA,< 1 year,,,,,,,1
2000.0,0.69,421.0,AR,3 years,,,,,,,1
20000.0,72.06,515.0,NJ,< 1 year,,,,,,,1
10000.0,53.37,654.0,GA,10+ years,,,,,,,1
25000.0,37.15,550.0,AZ,9 years,,,,,,,1
18000.0,25.2,740.0,UT,10+ years,,,,,,,1
3000.0,5.97,534.0,IN,< 1 year,,,,,,,1
7500.0,0.44,451.0,PA,10+ years,,,,,,,1
10000.0,16.59,476.0,KY,< 1 year,,,,,,,1
500.0,18.8,590.0,FL,< 1 year,,,,,,,1
6000.0,8.47,670.0,LA,10+ years,,,,,,,1
5000.0,62.84,727.0,TX,10+ years,,,,,,,1
25000.0,26.21,665.0,CO,4 years,,,,,,,1
1500.0,0.72,609.0,WA,1 year,,,,,,,1
9000.0,11.23,639.0,GA,10+ years,,,,,,,1
2500.0,10.76,499.0,TX,5 years,,,,,,,1
1500.0,32.52,665.0,NY,< 1 year,,,,,,,1
5500.0,0.0,0.0,MN,< 1 year,,,,,,,1
25000.0,13.73,674.0,TX,10+ years,,,,,,,1
20000.0,0.0,0.0,TN,9 years,,,,,,,1
20000.0,0.48,630.0,NY,8 years,,,,,,,1
25000.0,29.04,732.0,MT,1 year,,,,,,,1
1000.0,28.11,466.0,MT,5 years,,,,,,,1
6500.0,0.3,668.0,GA,6 years,,,,,,,1
5000.0,23.92,686.0,IN,1 year,,,,,,,1
12000.0,9.36,686.0,FL,< 1 year,,,,,,,1
1000.0,106.56,613.0,MA,< 1 year,,,,,,,1
3000.0,0.0,0.0,MS,< 1 year,,,,,,,1
7500.0,0.45,484.0,SC,< 1 year,,,,,,,1
2000.0,0.0,517.0,TX,4 years,,,,,,,1
5500.0,0.0,509.0,TX,3 years,,,,,,,1
17000.0,1.78,712.0,WA,5 years,,,,,,,1
3000.0,15.24,537.0,TX,< 1 year,,,,,,,1
5000.0,1.07,415.0,MD,< 1 year,,,,,,,1
3500.0,2.03,546.0,OH,10+ years,,,,,,,1
5000.0,50.24,668.0,NJ,2 years,,,,,,,1
5000.0,7.47,422.0,TX,< 1 year,,,,,,,1
15000.0,38.95,578.0,NM,6 years,,,,,,,1
13000.0,31.45,705.0,NJ,< 1 year,,,,,,,1
500.0,9.04,505.0,TN,10+ years,,,,,,,1
1300.0,2.27,574.0,TX,1 year,,,,,,,1
16500.0,9.6,653.0,CO,6 years,,,,,,,1
20000.0,12.91,628.0,NY,5 years,,,,,,,1
5000.0,0.0,0.0,WA,8 years,,,,,,,1
7000.0,13.52,454.0,TX,2 years,,,,,,,1
20000.0,100.0,,LA,10+ years,,,,,,,1
5000.0,11.52,580.0,AZ,3 years,,,,,,,1
1250.0,15.38,477.0,OH,7 years,,,,,,,1
6000.0,18.56,580.0,FL,10+ years,,,,,,,1
20000.0,28.16,457.0,VA,9 years,,,,,,,1
25000.0,15.19,679.0,FL,5 years,,,,,,,1
1500.0,0.31,711.0,GA,2 years,,,,,,,1
15000.0,6.45,659.0,NC,2 years,,,,,,,1
15000.0,15.41,577.0,TX,10+ years,,,,,,,1
1000.0,1.42,462.0,NY,1 year,,,,,,,1
17000.0,67.63,632.0,NY,< 1 year,,,,,,,1
12000.0,0.0,412.0,GA,10+ years,,,,,,,1
10000.0,1.26,496.0,WI,< 1 year,,,,,,,1
2600.0,57.52,665.0,VA,9 years,,,,,,,1
15000.0,20.96,637.0,NC,10+ years,,,,,,,1
18500.0,80.71,644.0,MO,1 year,,,,,,,1
18000.0,46.25,689.0,NY,8 years,,,,,,,1
10100.0,56.43,698.0,IN,2 years,,,,,,,1
16000.0,7.67,612.0,DC,7 years,,,,,,,1
3000.0,0.0,0.0,NC,1 year,,,,,,,1
2000.0,11.3,432.0,FL,8 years,,,,,,,1
6000.0,18.7,657.0,IN,4 years,,,,,,,1
2000.0,16.06,592.0,NJ,1 year,,,,,,,1
10000.0,0.46,488.0,MA,2 years,,,,,,,1
1000.0,100.0,,NY,6 years,,,,,,,1
15000.0,17.84,768.0,MA,8 years,,,,,,,1
20000.0,13.56,620.0,MA,6 years,,,,,,,1
2000.0,28.13,522.0,MA,< 1 year,,,,,,,1
15000.0,32.29,638.0,WI,7 years,,,,,,,1
2000.0,100.34,545.0,CO,9 years,,,,,,,1
500.0,0.0,0.0,CO,2 years,,,,,,,1
15000.0,0.0,0.0,FL,10+ years,,,,,,,1
5000.0,9.45,617.0,MA,< 1 year,,,,,,,1
500.0,6.58,438.0,MO,4 years,,,,,,,1
3000.0,11.51,417.0,OH,1 year,,,,,,,1
10000.0,63.02,668.0,WI,4 years,,,,,,,1
20000.0,17.09,676.0,GA,5 years,,,,,,,1
1000.0,0.0,0.0,FL,1 year,,,,,,,1
7500.0,4.78,635.0,NJ,8 years,,,,,,,1
5000.0,0.0,0.0,MD,< 1 year,,,,,,,1
4000.0,1.5,489.0,MO,4 years,,,,,,,1
25000.0,27.5,476.0,WA,1 year,,,,,,,1
1200.0,0.0,0.0,MD,< 1 year,,,,,,,1
15000.0,452.47,633.0,TN,< 1 year,,,,,,,1
5000.0,56.52,647.0,MO,< 1 year,,,,,,,1
500.0,20.35,436.0,NY,< 1 year,,,,,,,1
12000.0,22.29,567.0,MD,10+ years,,,,,,,1
6000.0,9.3,657.0,FL,5 years,,,,,,,1
7500.0,17.5,485.0,OH,< 1 year,,,,,,,1
3000.0,0.0,0.0,AK,10+ years,,,,,,,1
10000.0,9.84,515.0,GA,3 years,,,,,,,1
2500.0,0.0,471.0,AZ,1 year,,,,,,,1
25000.0,19.18,752.0,MN,< 1 year,,,,,,,1
25000.0,30.26,711.0,CT,6 years,,,,,,,1
2300.0,2.77,516.0,FL,5 years,,,,,,,1
25000.0,90.0,691.0,MN,< 1 year,,,,,,,1
4000.0,0.0,0.0,FL,< 1 year,,,,,,,1
25000.0,22.2,690.0,MN,3 years,,,,,,,1
5000.0,100.0,,NY,6 years,,,,,,,1
8000.0,30.94,625.0,FL,10+ years,,,,,,,1
2000.0,0.0,528.0,FL,3 years,,,,,,,1
10500.0,44.76,628.0,NY,10+ years,,,,,,,1
5000.0,22.57,484.0,VA,1 year,,,,,,,1
16500.0,78.29,686.0,CO,< 1 year,,,,,,,1
5000.0,6.16,573.0,AZ,< 1 year,,,,,,,1
5000.0,33.93,764.0,WI,< 1 year,,,,,,,1
20000.0,19.5,646.0,NY,< 1 year,,,,,,,1
2000.0,3.42,439.0,MD,1 year,,,,,,,1
10000.0,30.63,502.0,MD,2 years,,,,,,,1
6000.0,35.1,680.0,NM,8 years,,,,,,,1
15000.0,31.14,734.0,FL,< 1 year,,,,,,,1
15000.0,51.0,686.0,KS,10+ years,,,,,,,1
1000.0,16.21,430.0,WI,< 1 year,,,,,,,1
1500.0,7.01,572.0,FL,1 year,,,,,,,1
3000.0,2.72,702.0,WY,< 1 year,,,,,,,1
10000.0,17.14,621.0,NY,2 years,,,,,,,1
1500.0,16.75,448.0,TN,< 1 year,,,,,,,1
20800.0,22.77,663.0,TX,< 1 year,,,,,,,1
2500.0,48.61,432.0,TX,< 1 year,,,,,,,1
5000.0,100.0,,IN,10+ years,,,,,,,1
7400.0,13.07,720.0,TX,< 1 year,,,,,,,1
500.0,0.0,485.0,NY,5 years,,,,,,,1
12000.0,30.37,651.0,AZ,2 years,,,,,,,1
1000.0,10.82,510.0,MA,1 year,,,,,,,1
17000.0,16.67,662.0,WA,4 years,,,,,,,1
500.0,0.0,526.0,AZ,4 years,,,,,,,1
1500.0,53.26,549.0,VA,4 years,,,,,,,1
5000.0,0.0,416.0,WV,1 year,,,,,,,1
22000.0,42.66,722.0,MD,10+ years,,,,,,,1
15000.0,67.14,554.0,VA,< 1 year,,,,,,,1
2000.0,7.83,542.0,GA,2 years,,,,,,,1
9900.0,26.45,581.0,ME,1 year,,,,,,,1
12000.0,8.76,673.0,TX,5 years,,,,,,,1
4000.0,0.0,498.0,MD,1 year,,,,,,,1
14000.0,10.51,711.0,NY,1 year,,,,,,,1
9800.0,38.04,490.0,NC,10+ years,,,,,,,1
20000.0,4.67,667.0,IN,6 years,,,,,,,1
1000.0,17.93,447.0,VA,10+ years,,,,,,,1
5000.0,23.15,715.0,FL,1 year,,,,,,,1
4000.0,42.18,520.0,CO,2 years,,,,,,,1
12000.0,0.0,788.0,NC,10+ years,,,,,,,1
3000.0,31.15,485.0,CO,2 years,,,,,,,1
12375.0,15.43,688.0,SC,10+ years,,,,,,,1
2000.0,3.3,577.0,MS,2 years,,,,,,,1
3000.0,15.86,585.0,IN,4 years,,,,,,,1
16500.0,11.57,540.0,WI,< 1 year,,,,,,,1
5500.0,62.2,692.0,GA,6 years,,,,,,,1
15000.0,100.0,,IN,10+ years,,,,,,,1
6500.0,15.4,727.0,MA,6 years,,,,,,,1
15000.0,52.07,654.0,NC,6 years,,,,,,,1
7500.0,14.43,443.0,NJ,< 1 year,,,,,,,1
20000.0,15.41,678.0,VA,3 years,,,,,,,1
6000.0,0.0,0.0,SC,< 1 year,,,,,,,1
6000.0,55.36,678.0,NC,2 years,,,,,,,1
20000.0,27.72,668.0,NJ,< 1 year,,,,,,,1
5000.0,0.0,416.0,WV,1 year,,,,,,,1
800.0,31.72,557.0,FL,4 years,,,,,,,1
24000.0,14.73,610.0,NJ,2 years,,,,,,,1
6500.0,11.53,463.0,MD,2 years,,,,,,,1
1500.0,100.0,,GA,< 1 year,,,,,,,1
5000.0,4.45,557.0,MO,1 year,,,,,,,1
2000.0,8.03,467.0,AZ,10+ years,,,,,,,1
1500.0,0.96,0.0,NC,< 1 year,,,,,,,1
2500.0,22.32,506.0,IN,3 years,,,,,,,1
5000.0,0.0,0.0,OH,1 year,,,,,,,1
5000.0,21.02,695.0,OH,9 years,,,,,,,1
8000.0,58.66,653.0,NY,3 years,,,,,,,1
15000.0,28.31,661.0,NJ,10+ years,,,,,,,1
3000.0,3.75,511.0,WI,7 years,,,,,,,1
600.0,38.76,547.0,MS,2 years,,,,,,,1
4000.0,14.59,676.0,TN,1 year,,,,,,,1
2500.0,5.16,391.0,IL,6 years,,,,,,,1
25000.0,7.3,647.0,VA,< 1 year,,,,,,,1
2000.0,12.16,705.0,MO,10+ years,,,,,,,1
3500.0,100.0,,GA,< 1 year,,,,,,,1
2500.0,92.68,718.0,UT,10+ years,,,,,,,1
15000.0,34.78,640.0,TX,10+ years,,,,,,,1
20000.0,48.79,726.0,GA,7 years,,,,,,,1
20000.0,108.15,586.0,IN,10+ years,,,,,,,1
3500.0,20.58,607.0,NE,< 1 year,,,,,,,1
21000.0,9.14,792.0,FL,6 years,,,,,,,1
19000.0,13.23,620.0,GA,2 years,,,,,,,1
25000.0,20.08,654.0,WA,< 1 year,,,,,,,1
3600.0,18.53,646.0,WI,< 1 year,,,,,,,1
8000.0,10.08,618.0,GA,3 years,,,,,,,1
5000.0,0.0,502.0,OH,10+ years,,,,,,,1
2500.0,16.35,467.0,VA,1 year,,,,,,,1
15000.0,43.74,625.0,FL,< 1 year,,,,,,,1
10000.0,50.08,704.0,WA,10+ years,,,,,,,1
3500.0,41.81,436.0,AK,5 years,,,,,,,1
500.0,9.87,738.0,IN,< 1 year,,,,,,,1
525.0,0.28,722.0,MA,< 1 year,,,,,,,1
25000.0,32.47,685.0,WA,5 years,,,,,,,1
500.0,0.33,807.0,FL,< 1 year,,,,,,,1
9000.0,26.76,669.0,KS,10+ years,,,,,,,1
15000.0,14.43,578.0,NY,3 years,,,,,,,1
25000.0,18.21,616.0,MA,< 1 year,,,,,,,1
5000.0,30.32,501.0,FL,5 years,,,,,,,1
7500.0,35.73,627.0,NY,10+ years,,,,,,,1
20000.0,444.75,681.0,WI,10+ years,,,,,,,1
2000.0,8.01,496.0,FL,2 years,,,,,,,1
14000.0,20.75,628.0,SC,2 years,,,,,,,1
2500.0,15.83,402.0,SC,7 years,,,,,,,1
25000.0,3.36,442.0,GA,10+ years,,,,,,,1
20000.0,5.89,700.0,GA,6 years,,,,,,,1
500.0,325.6,470.0,AZ,5 years,,,,,,,1
2500.0,21.28,429.0,OH,10+ years,,,,,,,1
1500.0,100.0,,GA,< 1 year,,,,,,,1
20000.0,30.9,636.0,TN,3 years,,,,,,,1
5000.0,0.0,550.0,TX,8 years,,,,,,,1
20000.0,24.84,657.0,NY,10+ years,,,,,,,1
5000.0,14.24,731.0,IN,1 year,,,,,,,1
2000.0,22.52,606.0,FL,1 year,,,,,,,1
6000.0,0.0,711.0,NJ,3 years,,,,,,,1
1500.0,18.85,616.0,AR,10+ years,,,,,,,1
7000.0,45.55,388.0,CO,2 years,,,,,,,1
20000.0,22.48,655.0,MD,10+ years,,,,,,,1
3000.0,7.33,666.0,TN,< 1 year,,,,,,,1
13000.0,14.76,706.0,IN,4 years,,,,,,,1
5000.0,26.82,542.0,FL,10+ years,,,,,,,1
6000.0,1.44,433.0,GA,< 1 year,,,,,,,1
1500.0,17.59,585.0,IN,4 years,,,,,,,1
500.0,0.0,0.0,TX,< 1 year,,,,,,,1
4000.0,7.07,684.0,MD,< 1 year,,,,,,,1
500.0,26.73,424.0,MO,5 years,,,,,,,1
6000.0,51.83,692.0,GA,6 years,,,,,,,1
2500.0,5.42,537.0,CT,7 years,,,,,,,1
25000.0,19.2,435.0,NY,3 years,,,,,,,1
9500.0,16.61,522.0,IN,10+ years,,,,,,,1
20750.0,44.98,678.0,TX,< 1 year,,,,,,,1
3500.0,45.39,599.0,TN,< 1 year,,,,,,,1
17000.0,46.33,669.0,FL,10+ years,,,,,,,1
3500.0,6.0,0.0,TX,1 year,,,,,,,1
1000.0,14.18,475.0,TX,4 years,,,,,,,1
25000.0,7.85,614.0,NC,10+ years,,,,,,,1
5000.0,0.0,0.0,TX,2 years,,,,,,,1
2000.0,87.84,651.0,LA,< 1 year,,,,,,,1
3000.0,0.0,695.0,NY,3 years,,,,,,,1
500.0,14.48,482.0,FL,< 1 year,,,,,,,1
15000.0,16.67,643.0,GA,2 years,,,,,,,1
4000.0,3.51,399.0,UT,1 year,,,,,,,1
7000.0,37.14,619.0,WI,10+ years,,,,,,,1
10000.0,0.0,523.0,OH,1 year,,,,,,,1
5000.0,27.48,460.0,WI,9 years,,,,,,,1
10000.0,20.12,648.0,NJ,6 years,,,,,,,1
20000.0,11.91,703.0,NJ,10+ years,,,,,,,1
800.0,3.84,494.0,NV,1 year,,,,,,,1
4000.0,12.25,675.0,NC,4 years,,,,,,,1
20000.0,15.36,707.0,NH,6 years,,,,,,,1
25000.0,25.05,575.0,OH,7 years,,,,,,,1
500.0,9.04,443.0,AZ,10+ years,,,,,,,1
20000.0,100.0,,GA,4 years,,,,,,,1
500.0,19.36,479.0,GA,4 years,,,,,,,1
6500.0,29.33,664.0,MO,4 years,,,,,,,1
25000.0,8.2,800.0,UT,4 years,,,,,,,1
20000.0,5.55,715.0,FL,4 years,,,,,,,1
10000.0,23.72,621.0,WA,2 years,,,,,,,1
20000.0,100.0,,NY,4 years,,,,,,,1
3000.0,30.16,593.0,UT,6 years,,,,,,,1
5000.0,24.33,499.0,TX,4 years,,,,,,,1
5000.0,41.13,660.0,GA,4 years,,,,,,,1
12000.0,10.57,407.0,NJ,10+ years,,,,,,,1
10000.0,11.82,677.0,GA,10+ years,,,,,,,1
10000.0,25.67,755.0,NY,10+ years,,,,,,,1
13000.0,64.64,664.0,CO,< 1 year,,,,,,,1
3000.0,25.81,593.0,HI,7 years,,,,,,,1
8000.0,37.84,681.0,FL,< 1 year,,,,,,,1
2000.0,6.16,641.0,WA,< 1 year,,,,,,,1
25000.0,68.44,622.0,CT,< 1 year,,,,,,,1
14000.0,41.33,603.0,GA,< 1 year,,,,,,,1
10000.0,36.75,686.0,WI,6 years,,,,,,,1
20000.0,2.76,535.0,MT,1 year,,,,,,,1
15000.0,18.04,508.0,TN,4 years,,,,,,,1
5000.0,1.04,422.0,MD,2 years,,,,,,,1
20000.0,7.08,639.0,GA,10+ years,,,,,,,1
2500.0,15.47,417.0,IN,< 1 year,,,,,,,1
3500.0,22.21,518.0,GA,1 year,,,,,,,1
1500.0,16.91,515.0,AZ,1 year,,,,,,,1
1500.0,41.52,655.0,NC,8 years,,,,,,,1
15000.0,26.92,677.0,MT,2 years,,,,,,,1
500.0,38.93,712.0,TN,2 years,,,,,,,1
25000.0,13.54,627.0,FL,10+ years,,,,,,,1
2600.0,25.47,496.0,OH,2 years,,,,,,,1
2500.0,20.64,544.0,KY,2 years,,,,,,,1
20000.0,15.33,532.0,IN,< 1 year,,,,,,,1
20000.0,36.96,732.0,FL,1 year,,,,,,,1
8000.0,12.54,675.0,KS,1 year,,,,,,,1
1500.0,14.22,523.0,TX,5 years,,,,,,,1
7500.0,15.66,418.0,TX,< 1 year,,,,,,,1
5000.0,13.48,625.0,TX,1 year,,,,,,,1
8000.0,33.65,565.0,VT,3 years,,,,,,,1
4000.0,9.6,631.0,DC,< 1 year,,,,,,,1
6100.0,7.52,600.0,TX,9 years,,,,,,,1
23000.0,17.5,694.0,AK,1 year,,,,,,,1
10000.0,14.98,500.0,NM,1 year,,,,,,,1
2000.0,2.47,443.0,OR,1 year,,,,,,,1
15000.0,30.02,700.0,NY,10+ years,,,,,,,1
2500.0,14.07,569.0,KS,1 year,,,,,,,1
5000.0,14.81,573.0,IN,< 1 year,,,,,,,1
8000.0,470.4,642.0,TX,< 1 year,,,,,,,1
20000.0,5.7,749.0,MD,1 year,,,,,,,1
1000.0,19.61,627.0,WV,< 1 year,,,,,,,1
3000.0,2.0,622.0,MA,10+ years,,,,,,,1
10000.0,24.82,661.0,NJ,< 1 year,,,,,,,1
6500.0,27.04,406.0,MO,7 years,,,,,,,1
5000.0,4.19,635.0,CA,1 year,,,,,,,1
500.0,25.96,425.0,FL,1 year,,,,,,,1
25000.0,47.69,579.0,FL,10+ years,,,,,,,1
1500.0,0.0,556.0,WA,< 1 year,,,,,,,1
25000.0,10.4,643.0,OH,10+ years,,,,,,,1
20000.0,46.92,666.0,NJ,< 1 year,,,,,,,1
12000.0,36.0,660.0,GA,6 years,,,,,,,1
3000.0,66.07,681.0,NJ,2 years,,,,,,,1
21000.0,15.53,666.0,AL,4 years,,,,,,,1
3000.0,6.2,639.0,MO,8 years,,,,,,,1
10000.0,36.65,603.0,NM,5 years,,,,,,,1
7000.0,13.52,533.0,KY,7 years,,,,,,,1
4000.0,40.05,683.0,NC,< 1 year,,,,,,,1
8000.0,23.74,522.0,TX,10+ years,,,,,,,1
8000.0,40.75,640.0,OH,10+ years,,,,,,,1
5000.0,3.87,469.0,OH,2 years,,,,,,,1
10000.0,46.58,531.0,TX,3 years,,,,,,,1
1500.0,2.5,624.0,NE,< 1 year,,,,,,,1
15000.0,0.0,524.0,NY,2 years,,,,,,,1
1500.0,14.58,547.0,MT,5 years,,,,,,,1
10000.0,0.0,501.0,NY,< 1 year,,,,,,,1
2000.0,0.0,0.0,NY,4 years,,,,,,,1
9800.0,15.66,705.0,CA,3 years,,,,,,,1
1000.0,40.89,715.0,AZ,2 years,,,,,,,1
21000.0,0.0,755.0,MA,< 1 year,,,,,,,1
2000.0,4.98,543.0,MO,< 1 year,,,,,,,1
6000.0,9.4,565.0,TN,< 1 year,,,,,,,1
10000.0,0.84,566.0,FL,5 years,,,,,,,1
15000.0,26.35,512.0,OH,3 years,,,,,,,1
10000.0,19.48,468.0,MO,< 1 year,,,,,,,1
15000.0,15.57,693.0,TX,1 year,,,,,,,1
20000.0,39.68,697.0,NY,< 1 year,,,,,,,1
22650.58,24.78,712.0,NC,4 years,,,,,,,1
2500.0,28.07,676.0,MN,1 year,,,,,,,1
12000.0,100.0,,NY,8 years,,,,,,,1
25000.0,14.73,508.0,MA,3 years,,,,,,,1
5000.0,0.59,0.0,FL,3 years,,,,,,,1
10000.0,4.8,0.0,NY,2 years,,,,,,,1
700.0,12.59,452.0,MA,< 1 year,,,,,,,1
2450.0,10.67,670.0,WA,< 1 year,,,,,,,1
7500.0,19.72,582.0,IN,4 years,,,,,,,1
3000.0,17.43,600.0,SC,< 1 year,,,,,,,1
3000.0,0.0,0.0,GA,10+ years,,,,,,,1
7000.0,2.4,414.0,OH,1 year,,,,,,,1
7000.0,0.0,530.0,OH,2 years,,,,,,,1
6000.0,8.82,601.0,IN,8 years,,,,,,,1
4000.0,12.0,457.0,NC,2 years,,,,,,,1
9000.0,3.58,564.0,AK,< 1 year,,,,,,,1
5500.0,1.46,715.0,NC,3 years,,,,,,,1
8000.0,100.0,,NY,6 years,,,,,,,1
3000.0,100.0,,AK,1 year,,,,,,,1
20000.0,26.71,647.0,GA,10+ years,,,,,,,1
5000.0,17.46,521.0,IL,10+ years,,,,,,,1
2500.0,22.54,643.0,IN,10+ years,,,,,,,1
7000.0,1.3,664.0,NY,8 years,,,,,,,1
500.0,10.39,648.0,MN,4 years,,,,,,,1
11000.0,31.22,649.0,FL,< 1 year,,,,,,,1
15000.0,100.0,,GA,6 years,,,,,,,1
20000.0,300.42,551.0,NY,5 years,,,,,,,1
4000.0,2.2,679.0,MO,< 1 year,,,,,,,1
10000.0,39.8,504.0,CA,5 years,,,,,,,1
15000.0,43.0,655.0,NY,< 1 year,,,,,,,1
2800.0,0.0,0.0,FL,6 years,,,,,,,1
1000.0,18.36,427.0,FL,10+ years,,,,,,,1
3000.0,0.0,660.0,CO,4 years,,,,,,,1
3500.0,8.65,553.0,OH,9 years,,,,,,,1
1500.0,1.5,0.0,NY,< 1 year,,,,,,,1
8500.0,8.36,512.0,CA,< 1 year,,,,,,,1
25000.0,12.62,523.0,NJ,10+ years,,,,,,,1
5000.0,2.4,472.0,TX,4 years,,,,,,,1
25000.0,2.23,433.0,OH,2 years,,,,,,,1
2000.0,9.33,0.0,FL,3 years,,,,,,,1
7000.0,0.0,546.0,NC,2 years,,,,,,,1
3500.0,14.7,684.0,DC,2 years,,,,,,,1
3000.0,7.3,530.0,NM,1 year,,,,,,,1
5000.0,6.46,531.0,FL,1 year,,,,,,,1
5000.0,32.68,773.0,LA,6 years,,,,,,,1
4500.0,36.37,465.0,GA,< 1 year,,,,,,,1
22500.0,13.73,669.0,WA,2 years,,,,,,,1
17500.0,25.67,759.0,NY,10+ years,,,,,,,1
9000.0,100.0,,NY,10+ years,,,,,,,1
3000.0,12.48,474.0,VA,8 years,,,,,,,1
1500.0,43.05,658.0,MA,6 years,,,,,,,1
15000.0,28.61,505.0,MD,7 years,,,,,,,1
14000.0,39.5,709.0,AL,8 years,,,,,,,1
10000.0,19.34,557.0,NE,7 years,,,,,,,1
5000.0,147.6,488.0,TX,< 1 year,,,,,,,1
5000.0,58.0,437.0,TX,< 1 year,,,,,,,1
3000.0,30.18,641.0,WI,1 year,,,,,,,1
15000.0,20.35,695.0,FL,5 years,,,,,,,1
15000.0,39.78,676.0,MD,10+ years,,,,,,,1
5000.0,29.6,519.0,NY,2 years,,,,,,,1
5000.0,0.0,0.0,KY,< 1 year,,,,,,,1
2000.0,9.7,532.0,NJ,3 years,,,,,,,1
2300.0,5.68,670.0,FL,< 1 year,,,,,,,1
2500.0,37.71,425.0,NV,2 years,,,,,,,1
20000.0,45.99,717.0,MA,4 years,,,,,,,1
800.0,0.0,490.0,FL,1 year,,,,,,,1
20000.0,11.21,658.0,FL,1 year,,,,,,,1
4500.0,22.8,496.0,NY,9 years,,,,,,,1
2500.0,24.19,511.0,FL,2 years,,,,,,,1
4500.0,15.1,585.0,AZ,5 years,,,,,,,1
20000.0,2.11,714.0,IN,2 years,,,,,,,1
5000.0,9.12,656.0,FL,10+ years,,,,,,,1
10000.0,0.0,440.0,NC,< 1 year,,,,,,,1
9500.0,3.07,701.0,NC,4 years,,,,,,,1
5000.0,0.36,592.0,HI,9 years,,,,,,,1
3000.0,0.0,481.0,KY,5 years,,,,,,,1
6000.0,100.0,,FL,2 years,,,,,,,1
15000.0,26.08,694.0,MD,4 years,,,,,,,1
10000.0,34.5,552.0,NE,< 1 year,,,,,,,1
2500.0,0.0,0.0,FL,1 year,,,,,,,1
7200.0,12.16,670.0,GA,5 years,,,,,,,1
2000.0,8.79,595.0,WA,3 years,,,,,,,1
15000.0,28.0,693.0,NY,10+ years,,,,,,,1
2700.0,18.01,609.0,OH,6 years,,,,,,,1
10000.0,13.68,671.0,FL,< 1 year,,,,,,,1
1500.0,39.76,672.0,FL,10+ years,,,,,,,1
4000.0,14.66,550.0,AL,2 years,,,,,,,1
10000.0,13.16,544.0,TX,10+ years,,,,,,,1
10000.0,100.0,,GA,4 years,,,,,,,1
18500.0,100.0,,MD,10+ years,,,,,,,1
11000.0,0.0,489.0,MS,< 1 year,,,,,,,1
25000.0,8.64,696.0,FL,7 years,,,,,,,1
10000.0,0.57,0.0,FL,5 years,,,,,,,1
7000.0,9.39,697.0,NC,< 1 year,,,,,,,1
3000.0,100.0,,NY,2 years,,,,,,,1
15000.0,97.83,680.0,NJ,< 1 year,,,,,,,1
8000.0,29.08,587.0,IN,2 years,,,,,,,1
2000.0,4.95,494.0,WA,< 1 year,,,,,,,1
5000.0,21.57,637.0,KS,2 years,,,,,,,1
7000.0,3.94,649.0,NY,1 year,,,,,,,1
3000.0,0.51,588.0,WA,< 1 year,,,,,,,1
5000.0,84.12,561.0,WA,1 year,,,,,,,1
25000.0,25.84,610.0,TX,< 1 year,,,,,,,1
25000.0,54.73,663.0,TX,10+ years,,,,,,,1
10000.0,0.0,525.0,OH,< 1 year,,,,,,,1
4000.0,2.68,438.0,HI,1 year,,,,,,,1
15000.0,42.36,683.0,FL,10+ years,,,,,,,1
5000.0,0.0,479.0,MN,4 years,,,,,,,1
15000.0,16.28,610.0,MA,3 years,,,,,,,1
16400.0,39.71,662.0,RI,< 1 year,,,,,,,1
500.0,22.27,460.0,GA,< 1 year,,,,,,,1
2500.0,6.72,444.0,OH,10+ years,,,,,,,1
2500.0,22.25,493.0,GA,4 years,,,,,,,1
16000.0,8.09,704.0,TX,< 1 year,,,,,,,1
2500.0,0.0,584.0,TX,2 years,,,,,,,1
6500.0,22.35,624.0,MN,2 years,,,,,,,1
1500.0,8.22,469.0,WA,< 1 year,,,,,,,1
3500.0,0.0,0.0,FL,4 years,,,,,,,1
5000.0,28.15,723.0,NY,1 year,,,,,,,1
20000.0,40.06,698.0,NJ,6 years,,,,,,,1
6000.0,5.7,634.0,NY,6 years,,,,,,,1
2000.0,0.0,476.0,NJ,4 years,,,,,,,1
4000.0,30.23,724.0,GA,4 years,,,,,,,1
10000.0,4.71,797.0,IN,10+ years,,,,,,,1
15000.0,25.91,688.0,NY,1 year,,,,,,,1
2800.0,30.0,561.0,TX,6 years,,,,,,,1
12000.0,18.78,732.0,WI,10+ years,,,,,,,1
10000.0,25.74,657.0,NY,1 year,,,,,,,1
20000.0,35.71,637.0,NJ,7 years,,,,,,,1
12000.0,5.86,630.0,AZ,5 years,,,,,,,1
8500.0,33.75,690.0,MO,< 1 year,,,,,,,1
8000.0,0.68,782.0,GA,6 years,,,,,,,1
1000.0,1.23,489.0,CO,< 1 year,,,,,,,1
5000.0,0.0,619.0,TX,7 years,,,,,,,1
15000.0,25.58,677.0,AR,5 years,,,,,,,1
3500.0,19.86,507.0,VA,1 year,,,,,,,1
10000.0,13.2,662.0,AR,< 1 year,,,,,,,1
20000.0,120.46,678.0,FL,4 years,,,,,,,1
10000.0,37.9,453.0,WA,10+ years,,,,,,,1
7000.0,9.02,489.0,TX,8 years,,,,,,,1
1000.0,16.5,443.0,OH,< 1 year,,,,,,,1
3000.0,0.0,426.0,NY,< 1 year,,,,,,,1
2500.0,10.3,541.0,AL,< 1 year,,,,,,,1
3000.0,1.11,561.0,OH,7 years,,,,,,,1
20000.0,8.32,720.0,IN,1 year,,,,,,,1
20000.0,11.24,655.0,GA,4 years,,,,,,,1
5000.0,2.09,372.0,OH,2 years,,,,,,,1
6000.0,12.64,628.0,GA,4 years,,,,,,,1
7000.0,15.11,447.0,MD,2 years,,,,,,,1
9600.0,11.37,656.0,FL,7 years,,,,,,,1
10000.0,3.45,471.0,TX,10+ years,,,,,,,1
10500.0,1.91,613.0,NC,2 years,,,,,,,1
10000.0,0.0,772.0,FL,10+ years,,,,,,,1
16000.0,12.38,684.0,MD,1 year,,,,,,,1
5000.0,3.67,507.0,NY,9 years,,,,,,,1
20500.0,15.23,746.0,TX,< 1 year,,,,,,,1
8000.0,25.06,678.0,FL,5 years,,,,,,,1
2000.0,16.39,540.0,OH,3 years,,,,,,,1
2000.0,1.71,532.0,FL,7 years,,,,,,,1
5000.0,2.07,598.0,NY,2 years,,,,,,,1
10000.0,100.0,,NC,6 years,,,,,,,1
20000.0,58.14,716.0,MO,4 years,,,,,,,1
20000.0,31.44,741.0,MA,4 years,,,,,,,1
5000.0,29.13,576.0,MN,2 years,,,,,,,1
500.0,29.58,576.0,WI,2 years,,,,,,,1
2000.0,15.99,596.0,NY,10+ years,,,,,,,1
2500.0,45.29,666.0,LA,< 1 year,,,,,,,1
8000.0,2.66,641.0,NY,1 year,,,,,,,1
3000.0,19.86,544.0,MO,2 years,,,,,,,1
25000.0,20.77,643.0,NC,< 1 year,,,,,,,1
15000.0,19.67,647.0,FL,4 years,,,,,,,1
15000.0,2.15,589.0,GA,7 years,,,,,,,1
5000.0,38.09,490.0,AZ,3 years,,,,,,,1
7500.0,23.76,629.0,FL,2 years,,,,,,,1
9000.0,117.42,614.0,ME,1 year,,,,,,,1
1500.0,25.5,437.0,UT,1 year,,,,,,,1
500.0,0.0,487.0,FL,< 1 year,,,,,,,1
4000.0,21.24,406.0,IN,< 1 year,,,,,,,1
15000.0,28.77,656.0,GA,10+ years,,,,,,,1
3000.0,3.2,559.0,FL,< 1 year,,,,,,,1
1500.0,37.13,674.0,NY,10+ years,,,,,,,1
5500.0,34.17,709.0,CO,1 year,,,,,,,1
2000.0,39.02,444.0,MD,6 years,,,,,,,1
7800.0,66.34,599.0,NC,2 years,,,,,,,1
20000.0,8.16,621.0,NY,2 years,,,,,,,1
5000.0,0.34,403.0,SC,5 years,,,,,,,1
25000.0,0.0,469.0,TN,5 years,,,,,,,1
8000.0,6.32,571.0,NJ,< 1 year,,,,,,,1
20000.0,15.79,750.0,GA,1 year,,,,,,,1
1600.0,55.8,471.0,GA,1 year,,,,,,,1
6000.0,11.27,664.0,NJ,2 years,,,,,,,1
25000.0,40.1,612.0,VA,1 year,,,,,,,1
10000.0,16.05,457.0,GA,< 1 year,,,,,,,1
20000.0,28.44,720.0,LA,< 1 year,,,,,,,1
8000.0,10.94,608.0,CO,1 year,,,,,,,1
1000.0,18.66,711.0,NJ,1 year,,,,,,,1
20000.0,100.0,,ME,10+ years,,,,,,,1
20000.0,2.56,722.0,FL,10+ years,,,,,,,1
5750.0,22.52,724.0,VA,1 year,,,,,,,1
25000.0,0.42,629.0,FL,4 years,,,,,,,1
8500.0,0.61,431.0,GA,< 1 year,,,,,,,1
500.0,32.89,569.0,GA,2 years,,,,,,,1
6000.0,35.71,530.0,MS,5 years,,,,,,,1
2500.0,27.16,443.0,FL,7 years,,,,,,,1
3000.0,22.05,523.0,FL,2 years,,,,,,,1
11000.0,4.53,724.0,NC,6 years,,,,,,,1
8000.0,32.14,503.0,FL,1 year,,,,,,,1
2000.0,100.0,,MO,4 years,,,,,,,1
2000.0,20.19,426.0,TX,10+ years,,,,,,,1
25000.0,15.2,628.0,CT,< 1 year,,,,,,,1
10000.0,6.39,627.0,OK,1 year,,,,,,,1
7500.0,17.37,718.0,NC,4 years,,,,,,,1
25000.0,2.78,446.0,TX,3 years,,,,,,,1
1300.0,0.0,487.0,WA,5 years,,,,,,,1
25000.0,20.92,660.0,TX,2 years,,,,,,,1
25000.0,0.0,425.0,TX,4 years,,,,,,,1
3000.0,19.37,579.0,IN,2 years,,,,,,,1
10000.0,15.53,631.0,FL,4 years,,,,,,,1
5000.0,8.07,557.0,KS,10+ years,,,,,,,1
6000.0,21.27,661.0,TX,3 years,,,,,,,1
5000.0,19.5,667.0,CO,1 year,,,,,,,1
12000.0,19.79,643.0,FL,1 year,,,,,,,1
10000.0,3.88,631.0,GA,2 years,,,,,,,1
500.0,32.17,377.0,TX,< 1 year,,,,,,,1
18000.0,27.44,729.0,NJ,10+ years,,,,,,,1
10000.0,25.23,556.0,IL,6 years,,,,,,,1
20000.0,27.84,667.0,FL,1 year,,,,,,,1
3000.0,15.63,418.0,AZ,3 years,,,,,,,1
5500.0,0.0,0.0,WI,< 1 year,,,,,,,1
5000.0,26.9,456.0,AZ,10+ years,,,,,,,1
5000.0,0.67,716.0,FL,2 years,,,,,,,1
500.0,4.43,519.0,FL,< 1 year,,,,,,,1
5500.0,0.0,562.0,WI,< 1 year,,,,,,,1
500.0,27.86,522.0,FL,1 year,,,,,,,1
6500.0,0.0,0.0,LA,1 year,,,,,,,1
25000.0,15.99,480.0,AZ,1 year,,,,,,,1
14000.0,36.37,687.0,NY,10+ years,,,,,,,1
15000.0,42.71,659.0,KS,10+ years,,,,,,,1
20000.0,33.79,630.0,NY,1 year,,,,,,,1
2525.0,0.0,612.0,FL,2 years,,,,,,,1
3700.0,0.5,553.0,CA,1 year,,,,,,,1
20000.0,44.35,686.0,NJ,2 years,,,,,,,1
7000.0,1.43,664.0,NY,4 years,,,,,,,1
16000.0,22.22,717.0,FL,6 years,,,,,,,1
2500.0,9.21,647.0,NC,< 1 year,,,,,,,1
5500.0,0.0,0.0,TX,1 year,,,,,,,1
12000.0,55.76,505.0,MN,< 1 year,,,,,,,1
500.0,0.0,0.0,AL,< 1 year,,,,,,,1
18000.0,6.21,671.0,NY,2 years,,,,,,,1
3500.0,0.0,0.0,VT,3 years,,,,,,,1
3000.0,13.82,595.0,MN,< 1 year,,,,,,,1
1500.0,29.13,629.0,MS,10+ years,,,,,,,1
17500.0,24.9,663.0,NJ,10+ years,,,,,,,1
12000.0,14.68,691.0,NH,6 years,,,,,,,1
5500.0,69.2,736.0,NY,4 years,,,,,,,1
10000.0,0.84,612.0,LA,< 1 year,,,,,,,1
10000.0,23.9,700.0,MD,4 years,,,,,,,1
5000.0,14.13,593.0,NY,3 years,,,,,,,1
15000.0,16.67,643.0,GA,2 years,,,,,,,1
10000.0,0.6,505.0,NJ,< 1 year,,,,,,,1
2200.0,0.0,713.0,CA,< 1 year,,,,,,,1
12000.0,41.8,653.0,VA,2 years,,,,,,,1
5000.0,12.43,531.0,MD,3 years,,,,,,,1
25000.0,22.32,523.0,CA,< 1 year,,,,,,,1
8000.0,20.73,631.0,WA,< 1 year,,,,,,,1
20000.0,27.03,523.0,VA,10+ years,,,,,,,1
5000.0,8.51,577.0,MI,1 year,,,,,,,1
20000.0,45.6,658.0,CA,< 1 year,,,,,,,1
12000.0,10.92,501.0,GA,< 1 year,,,,,,,1
5000.0,6.52,641.0,AL,< 1 year,,,,,,,1
3100.0,33.79,456.0,GA,2 years,,,,,,,1
3500.0,2.87,465.0,ME,4 years,,,,,,,1
3500.0,2.4,503.0,AR,< 1 year,,,,,,,1
22000.0,38.7,686.0,FL,4 years,,,,,,,1
3900.0,8.17,463.0,FL,< 1 year,,,,,,,1
15000.0,31.38,763.0,NY,1 year,,,,,,,1
5000.0,18.91,584.0,GA,7 years,,,,,,,1
10000.0,28.47,564.0,NY,9 years,,,,,,,1
4500.0,100.0,,AZ,10+ years,,,,,,,1
4000.0,14.88,629.0,GA,10+ years,,,,,,,1
20000.0,10.57,646.0,NY,10+ years,,,,,,,1
6000.0,12.95,514.0,IN,10+ years,,,,,,,1
8500.0,100.0,,TX,4 years,,,,,,,1
10000.0,100.0,,NY,10+ years,,,,,,,1
6500.0,14.01,580.0,MI,10+ years,,,,,,,1
6000.0,15.84,506.0,IN,1 year,,,,,,,1
20000.0,42.61,677.0,WY,< 1 year,,,,,,,1
3000.0,22.79,629.0,FL,< 1 year,,,,,,,1
3000.0,20.28,478.0,VA,10+ years,,,,,,,1
10000.0,100.0,,FL,10+ years,,,,,,,1
15000.0,64.08,713.0,TX,4 years,,,,,,,1
20000.0,31.87,681.0,CA,2 years,,,,,,,1
2000.0,22.93,480.0,MA,6 years,,,,,,,1
1000.0,0.0,0.0,GA,10+ years,,,,,,,1
3500.0,3.77,493.0,FL,1 year,,,,,,,1
500.0,22.86,484.0,IL,2 years,,,,,,,1
20000.0,0.42,605.0,GA,4 years,,,,,,,1
12000.0,26.67,689.0,TX,10+ years,,,,,,,1
5000.0,8.02,542.0,ME,1 year,,,,,,,1
8500.0,17.11,661.0,NC,10+ years,,,,,,,1
10000.0,42.35,482.0,MO,7 years,,,,,,,1
5000.0,6.0,539.0,CA,< 1 year,,,,,,,1
7000.0,32.17,575.0,MI,2 years,,,,,,,1
4000.0,625200.0,0.0,NJ,2 years,,,,,,,1
1000.0,8.57,639.0,NC,1 year,,,,,,,1
14500.0,16.75,564.0,CA,6 years,,,,,,,1
1500.0,62.4,427.0,PA,3 years,,,,,,,1
7000.0,0.0,646.0,CA,8 years,,,,,,,1
5000.0,14.85,618.0,OK,< 1 year,,,,,,,1
10000.0,13.67,564.0,GA,< 1 year,,,,,,,1
3000.0,17.3,457.0,WI,6 years,,,,,,,1
500.0,0.0,495.0,FL,1 year,,,,,,,1
15000.0,33.33,613.0,NY,1 year,,,,,,,1
4000.0,19.02,665.0,FL,< 1 year,,,,,,,1
12000.0,25.97,741.0,WI,10+ years,,,,,,,1
2000.0,0.0,663.0,MO,< 1 year,,,,,,,1
20000.0,8.7,766.0,WI,7 years,,,,,,,1
2500.0,0.77,614.0,MA,2 years,,,,,,,1
15000.0,7.73,635.0,NY,6 years,,,,,,,1
5000.0,5.38,510.0,CA,7 years,,,,,,,1
25000.0,6.01,463.0,CA,2 years,,,,,,,1
5500.0,1.25,454.0,NY,1 year,,,,,,,1
5000.0,6.16,454.0,MI,2 years,,,,,,,1
10000.0,13.2,669.0,NC,10+ years,,,,,,,1
5000.0,24.86,614.0,CA,< 1 year,,,,,,,1
25000.0,11.01,700.0,TX,4 years,,,,,,,1
2000.0,2.5,0.0,PA,< 1 year,,,,,,,1
12500.0,20.65,509.0,NY,10+ years,,,,,,,1
2000.0,19.95,474.0,CA,6 years,,,,,,,1
25000.0,18.69,444.0,MI,6 years,,,,,,,1
15000.0,2.01,661.0,NJ,10+ years,,,,,,,1
21000.0,10.82,728.0,NC,10+ years,,,,,,,1
23000.0,2.21,621.0,SD,1 year,,,,,,,1
2000.0,0.0,467.0,KY,10+ years,,,,,,,1
7500.0,15.54,665.0,CA,3 years,,,,,,,1
3000.0,100.0,,KY,10+ years,,,,,,,1
1500.0,3.59,481.0,TX,< 1 year,,,,,,,1
20000.0,41.08,684.0,NY,3 years,,,,,,,1
10000.0,11.64,412.0,ID,1 year,,,,,,,1
12000.0,29.33,663.0,MD,4 years,,,,,,,1
10000.0,0.0,450.0,VA,1 year,,,,,,,1
1200.0,12.06,530.0,MD,10+ years,,,,,,,1
3000.0,22.58,442.0,OK,3 years,,,,,,,1
3000.0,16.0,501.0,SC,10+ years,,,,,,,1
2000.0,1.43,425.0,FL,1 year,,,,,,,1
2000.0,0.0,501.0,OH,1 year,,,,,,,1
2000.0,25.05,391.0,FL,< 1 year,,,,,,,1
20000.0,42.4,623.0,MD,1 year,,,,,,,1
25000.0,77.88,524.0,CA,10+ years,,,,,,,1
20000.0,33.34,511.0,IL,< 1 year,,,,,,,1
1000.0,0.0,489.0,OH,4 years,,,,,,,1
9000.0,15.11,569.0,FL,6 years,,,,,,,1
5000.0,0.4,0.0,VA,5 years,,,,,,,1
20000.0,37.35,689.0,AZ,2 years,,,,,,,1
10000.0,2.07,500.0,FL,9 years,,,,,,,1
1500.0,0.26,608.0,MT,7 years,,,,,,,1
10000.0,17.35,523.0,MI,1 year,,,,,,,1
5000.0,18.38,661.0,FL,10+ years,,,,,,,1
5000.0,11.62,594.0,NC,1 year,,,,,,,1
5000.0,25.56,632.0,FL,10+ years,,,,,,,1
500.0,0.0,0.0,NY,< 1 year,,,,,,,1
1500.0,24.89,472.0,IL,1 year,,,,,,,1
5500.0,1.2,0.0,VA,< 1 year,,,,,,,1
25000.0,50.34,696.0,AZ,4 years,,,,,,,1
23000.0,27.53,678.0,NY,4 years,,,,,,,1
18000.0,13.78,648.0,KY,4 years,,,,,,,1
7000.0,103.66,676.0,WI,< 1 year,,,,,,,1
25000.0,3.88,616.0,NY,< 1 year,,,,,,,1
12000.0,2.55,520.0,AZ,1 year,,,,,,,1
5500.0,15.0,717.0,TX,5 years,,,,,,,1
24000.0,11.5,651.0,NJ,1 year,,,,,,,1
16000.0,17.36,621.0,NE,10+ years,,,,,,,1
20000.0,9.59,689.0,TX,10+ years,,,,,,,1
23000.0,0.0,718.0,WI,< 1 year,,,,,,,1
3000.0,5.04,594.0,OK,1 year,,,,,,,1
2000.0,53.04,484.0,AZ,1 year,,,,,,,1
8000.0,9.56,710.0,LA,10+ years,,,,,,,1
8000.0,6.56,682.0,FL,3 years,,,,,,,1
20000.0,28.47,664.0,KS,1 year,,,,,,,1
20000.0,37.49,677.0,CA,10+ years,,,,,,,1
10000.0,34.12,737.0,MD,10+ years,,,,,,,1
20000.0,2.74,572.0,CA,2 years,,,,,,,1
500.0,0.0,502.0,FL,< 1 year,,,,,,,1
1500.0,14.4,474.0,MS,< 1 year,,,,,,,1
700.0,6.86,433.0,MO,5 years,,,,,,,1
20000.0,16.33,708.0,NC,10+ years,,,,,,,1
14000.0,100.0,,FL,4 years,,,,,,,1
9000.0,25.62,618.0,AL,5 years,,,,,,,1
2000.0,18.09,430.0,CA,4 years,,,,,,,1
5500.0,13.91,615.0,OR,< 1 year,,,,,,,1
500.0,0.0,504.0,TN,< 1 year,,,,,,,1
6500.0,0.83,715.0,CA,4 years,,,,,,,1
5000.0,5.0,549.0,IL,6 years,,,,,,,1
4800.0,9.2,520.0,NC,3 years,,,,,,,1
1000.0,1.5,570.0,OK,1 year,,,,,,,1
10000.0,29.08,730.0,GA,9 years,,,,,,,1
25000.0,28.54,493.0,HI,2 years,,,,,,,1
15000.0,24.04,619.0,GA,1 year,,,,,,,1
20000.0,0.0,669.0,OR,10+ years,,,,,,,1
15000.0,26.83,685.0,MO,3 years,,,,,,,1
20000.0,0.0,738.0,WI,1 year,,,,,,,1
5000.0,0.0,0.0,VA,3 years,,,,,,,1
25000.0,14.85,469.0,MN,1 year,,,,,,,1
500.0,0.0,447.0,OH,< 1 year,,,,,,,1
2000.0,2.84,620.0,MN,3 years,,,,,,,1
1000.0,0.0,400.0,PA,< 1 year,,,,,,,1
16000.0,25.08,666.0,CA,4 years,,,,,,,1
1600.0,15.2,640.0,CA,< 1 year,,,,,,,1
10000.0,39.0,721.0,MD,10+ years,,,,,,,1
25000.0,321.92,612.0,TX,8 years,,,,,,,1
20825.0,7.11,646.0,OK,10+ years,,,,,,,1
3500.0,2.0,0.0,TX,4 years,,,,,,,1
2000.0,76.94,511.0,IL,1 year,,,,,,,1
8000.0,100.0,,CA,10+ years,,,,,,,1
900.0,11.12,515.0,NC,< 1 year,,,,,,,1
9500.0,100.0,,MO,1 year,,,,,,,1
10000.0,39.47,663.0,GA,2 years,,,,,,,1
5000.0,1.23,626.0,WV,5 years,,,,,,,1
5000.0,6.01,555.0,NH,4 years,,,,,,,1
5000.0,120.17,501.0,TX,< 1 year,,,,,,,1
11000.0,0.0,775.0,TX,< 1 year,,,,,,,1
3000.0,3.3,434.0,MI,8 years,,,,,,,1
5000.0,1.17,547.0,WI,10+ years,,,,,,,1
6000.0,18.19,719.0,GA,2 years,,,,,,,1
20000.0,100.0,,NY,10+ years,,,,,,,1
10000.0,6.24,528.0,KS,5 years,,,,,,,1
15000.0,0.0,533.0,NY,< 1 year,,,,,,,1
3000.0,49.4,685.0,NC,< 1 year,,,,,,,1
12000.0,23.15,603.0,OH,3 years,,,,,,,1
15000.0,1.68,469.0,NV,8 years,,,,,,,1
8000.0,6.85,630.0,IL,< 1 year,,,,,,,1
5000.0,5.63,615.0,WA,< 1 year,,,,,,,1
25000.0,10.21,723.0,IN,5 years,,,,,,,1
25000.0,5.14,595.0,NY,10+ years,,,,,,,1
5000.0,0.0,0.0,NV,7 years,,,,,,,1
20000.0,10.15,628.0,TX,< 1 year,,,,,,,1
8000.0,0.95,549.0,VA,1 year,,,,,,,1
15000.0,49.42,648.0,FL,10+ years,,,,,,,1
4000.0,180000.0,563.0,NY,< 1 year,,,,,,,1
5000.0,2.93,633.0,PA,< 1 year,,,,,,,1
20000.0,16.86,685.0,NJ,6 years,,,,,,,1
10000.0,52.87,494.0,UT,5 years,,,,,,,1
25000.0,28.38,480.0,CO,10+ years,,,,,,,1
1700.0,8.94,580.0,CA,6 years,,,,,,,1
9500.0,7.38,589.0,NY,3 years,,,,,,,1
500.0,247.2,471.0,MI,< 1 year,,,,,,,1
15000.0,21.5,706.0,KY,4 years,,,,,,,1
3000.0,2.5,448.0,FL,1 year,,,,,,,1
17000.0,24.35,488.0,VA,10+ years,,,,,,,1
11200.0,7.71,657.0,CA,1 year,,,,,,,1
9400.0,34.92,711.0,CA,2 years,,,,,,,1
3000.0,37.8,478.0,PA,< 1 year,,,,,,,1
2000.0,13.26,625.0,AZ,3 years,,,,,,,1
10000.0,5.0,454.0,MN,< 1 year,,,,,,,1
3000.0,0.0,598.0,FL,3 years,,,,,,,1
1500.0,1.0,468.0,OH,< 1 year,,,,,,,1
15000.0,16.45,636.0,NM,10+ years,,,,,,,1
10000.0,24.81,584.0,MO,< 1 year,,,,,,,1
25000.0,6.71,592.0,NY,4 years,,,,,,,1
500.0,23.79,404.0,CA,2 years,,,,,,,1
18000.0,37.27,702.0,FL,1 year,,,,,,,1
13000.0,20.43,701.0,NC,10+ years,,,,,,,1
4700.0,28.13,744.0,NY,< 1 year,,,,,,,1
20000.0,50.29,555.0,TX,8 years,,,,,,,1
10000.0,0.0,0.0,CA,< 1 year,,,,,,,1
15000.0,17.26,635.0,MA,10+ years,,,,,,,1
3500.0,0.0,516.0,CA,< 1 year,,,,,,,1
5000.0,24.72,595.0,FL,1 year,,,,,,,1
20000.0,16.17,669.0,KY,6 years,,,,,,,1
25000.0,11.45,496.0,CA,1 year,,,,,,,1
10000.0,0.0,465.0,IN,7 years,,,,,,,1
7000.0,35.23,673.0,NY,4 years,,,,,,,1
6000.0,9.96,517.0,OH,< 1 year,,,,,,,1
15000.0,8.72,517.0,IL,1 year,,,,,,,1
8000.0,17.88,617.0,VA,1 year,,,,,,,1
25000.0,10.24,435.0,KY,3 years,,,,,,,1
8000.0,22.22,619.0,CA,4 years,,,,,,,1
11000.0,17.14,733.0,CA,10+ years,,,,,,,1
3000.0,9.87,512.0,MT,1 year,,,,,,,1
3000.0,0.0,450.0,IL,1 year,,,,,,,1
3500.0,24.72,577.0,IN,< 1 year,,,,,,,1
20000.0,24.61,697.0,NJ,10+ years,,,,,,,1
15000.0,19.44,590.0,KY,1 year,,,,,,,1
11000.0,4.3,716.0,LA,2 years,,,,,,,1
1500.0,7.91,458.0,CA,< 1 year,,,,,,,1
800.0,33.36,484.0,VA,2 years,,,,,,,1
17814.0,31.63,680.0,NC,10+ years,,,,,,,1
25000.0,13.48,465.0,FL,1 year,,,,,,,1
2000.0,0.0,516.0,FL,10+ years,,,,,,,1
12000.0,5.52,623.0,WA,6 years,,,,,,,1
4000.0,19.04,440.0,FL,1 year,,,,,,,1
7500.0,23.42,426.0,AR,6 years,,,,,,,1
20000.0,16.7,632.0,VA,10+ years,,,,,,,1
2000.0,7.35,541.0,MD,5 years,,,,,,,1
500.0,0.0,545.0,MN,< 1 year,,,,,,,1
2500.0,3.11,554.0,MN,6 years,,,,,,,1
7000.0,35.39,697.0,OR,10+ years,,,,,,,1
1500.0,1.97,639.0,NY,10+ years,,,,,,,1
20000.0,8.69,717.0,NJ,2 years,,,,,,,1
10000.0,37.96,504.0,NY,8 years,,,,,,,1
3000.0,1963.04,621.0,WI,2 years,,,,,,,1
15000.0,41.84,657.0,MO,8 years,,,,,,,1
3000.0,56.29,523.0,IL,4 years,,,,,,,1
15000.0,0.0,482.0,AR,9 years,,,,,,,1
10000.0,28.1,639.0,MA,10+ years,,,,,,,1
17480.0,1.33,700.0,NY,10+ years,,,,,,,1
2500.0,29.73,522.0,SC,3 years,,,,,,,1
3000.0,12.76,624.0,GA,1 year,,,,,,,1
5000.0,0.0,489.0,NJ,2 years,,,,,,,1
2000.0,11.22,497.0,MO,2 years,,,,,,,1
10000.0,0.6,0.0,RI,1 year,,,,,,,1
5000.0,10.68,484.0,MO,1 year,,,,,,,1
25000.0,1.63,506.0,FL,2 years,,,,,,,1
6000.0,37.25,686.0,CA,2 years,,,,,,,1
5000.0,14.51,496.0,CA,< 1 year,,,,,,,1
7000.0,21.53,757.0,TX,< 1 year,,,,,,,1
5000.0,0.0,589.0,WI,1 year,,,,,,,1
1500.0,4.97,559.0,CA,10+ years,,,,,,,1
10000.0,40.7,664.0,FL,10+ years,,,,,,,1
10000.0,13.27,652.0,NC,1 year,,,,,,,1
4500.0,26.73,712.0,OR,2 years,,,,,,,1
5000.0,17.06,560.0,TX,10+ years,,,,,,,1
7000.0,14.22,599.0,NC,1 year,,,,,,,1
10000.0,29.06,685.0,NY,2 years,,,,,,,1
25000.0,0.93,471.0,IL,1 year,,,,,,,1
5000.0,31.18,485.0,CA,10+ years,,,,,,,1
3000.0,14.76,598.0,NC,10+ years,,,,,,,1
10000.0,14.96,537.0,CA,7 years,,,,,,,1
8000.0,32.4,706.0,TX,8 years,,,,,,,1
20000.0,100.0,,CA,8 years,,,,,,,1
19000.0,21.46,520.0,MI,10+ years,,,,,,,1
7500.0,22.18,534.0,MO,1 year,,,,,,,1
22000.0,100.0,,WA,10+ years,,,,,,,1
10000.0,0.0,534.0,IL,1 year,,,,,,,1
2000.0,5.49,448.0,MA,2 years,,,,,,,1
25000.0,20.3,661.0,IL,10+ years,,,,,,,1
10000.0,2.57,0.0,MD,1 year,,,,,,,1
17000.0,19.58,659.0,GA,3 years,,,,,,,1
15000.0,44.32,518.0,CA,< 1 year,,,,,,,1
2800.0,1.67,578.0,CA,5 years,,,,,,,1
500.0,0.0,478.0,TX,< 1 year,,,,,,,1
10000.0,0.0,486.0,CA,1 year,,,,,,,1
10000.0,13.41,422.0,NV,4 years,,,,,,,1
4000.0,2.86,547.0,IL,2 years,,,,,,,1
10000.0,26.34,626.0,GA,10+ years,,,,,,,1
10000.0,23.17,697.0,FL,5 years,,,,,,,1
9000.0,35.61,669.0,TX,< 1 year,,,,,,,1
500.0,8.33,495.0,MD,2 years,,,,,,,1
20000.0,0.33,402.0,TX,< 1 year,,,,,,,1
3500.0,0.47,787.0,CA,1 year,,,,,,,1
5000.0,32.67,735.0,TX,4 years,,,,,,,1
10000.0,19.22,644.0,TX,10+ years,,,,,,,1
5000.0,25.05,689.0,TX,4 years,,,,,,,1
10000.0,20.19,653.0,FL,4 years,,,,,,,1
10000.0,38.63,672.0,CA,6 years,,,,,,,1
3000.0,22.3,468.0,VA,10+ years,,,,,,,1
1500.0,0.0,399.0,NJ,1 year,,,,,,,1
500.0,91.46,615.0,WI,< 1 year,,,,,,,1
15000.0,49.47,646.0,NY,9 years,,,,,,,1
5000.0,6.97,622.0,NJ,10+ years,,,,,,,1
17000.0,100.0,,AZ,10+ years,,,,,,,1
18200.0,8.77,643.0,OR,2 years,,,,,,,1
17000.0,20.38,648.0,IN,8 years,,,,,,,1
12000.0,27.32,716.0,AL,< 1 year,,,,,,,1
2000.0,65.11,599.0,CO,10+ years,,,,,,,1
5000.0,50.5,623.0,CO,5 years,,,,,,,1
2500.0,9.0,600.0,CT,3 years,,,,,,,1
10000.0,28.84,466.0,MO,1 year,,,,,,,1
18000.0,0.0,496.0,CA,< 1 year,,,,,,,1
12000.0,13.13,636.0,KS,10+ years,,,,,,,1
4000.0,24.79,603.0,VA,1 year,,,,,,,1
3000.0,47.76,653.0,CA,2 years,,,,,,,1
15000.0,100.0,,CA,4 years,,,,,,,1
3000.0,32.51,678.0,TX,< 1 year,,,,,,,1
12000.0,22.07,534.0,NC,2 years,,,,,,,1
13500.0,26.63,694.0,MA,1 year,,,,,,,1
2000.0,35.92,536.0,VA,< 1 year,,,,,,,1
5000.0,18.97,648.0,NY,< 1 year,,,,,,,1
5000.0,25.4,416.0,UT,1 year,,,,,,,1
10000.0,34.37,629.0,NC,7 years,,,,,,,1
21000.0,18.91,643.0,TX,6 years,,,,,,,1
10000.0,100.0,,CA,5 years,,,,,,,1
12000.0,20.17,487.0,CA,< 1 year,,,,,,,1
8000.0,0.52,655.0,FL,8 years,,,,,,,1
3000.0,0.0,553.0,CA,6 years,,,,,,,1
5000.0,24.16,457.0,SC,2 years,,,,,,,1
6000.0,12.19,499.0,MO,1 year,,,,,,,1
1000.0,2.35,526.0,FL,6 years,,,,,,,1
2500.0,21.02,644.0,TX,1 year,,,,,,,1
3000.0,0.0,537.0,GA,3 years,,,,,,,1
1500.0,23.39,625.0,NM,4 years,,,,,,,1
25000.0,10.7,726.0,FL,9 years,,,,,,,1
7400.0,24.58,652.0,NJ,6 years,,,,,,,1
3800.0,42.33,668.0,NY,< 1 year,,,,,,,1
3600.0,0.0,689.0,NY,< 1 year,,,,,,,1
3000.0,28.05,401.0,NV,3 years,,,,,,,1
7500.0,10.23,595.0,NY,4 years,,,,,,,1
16000.0,34.5,662.0,NJ,2 years,,,,,,,1
7000.0,14.35,391.0,OH,< 1 year,,,,,,,1
2000.0,100.0,,FL,6 years,,,,,,,1
17000.0,27.6,531.0,TX,9 years,,,,,,,1
1500.0,42.91,456.0,LA,< 1 year,,,,,,,1
25000.0,0.0,566.0,NV,5 years,,,,,,,1
25000.0,21.15,720.0,PA,5 years,,,,,,,1
20000.0,16.21,600.0,LA,10+ years,,,,,,,1
2400.0,19.78,654.0,CA,10+ years,,,,,,,1
14000.0,19.87,719.0,OR,< 1 year,,,,,,,1
6000.0,1.81,810.0,NJ,< 1 year,,,,,,,1
25000.0,21.32,625.0,CA,< 1 year,,,,,,,1
20000.0,20.12,680.0,WA,1 year,,,,,,,1
7500.0,2.48,579.0,FL,1 year,,,,,,,1
5000.0,13.92,663.0,IA,2 years,,,,,,,1
3000.0,54.6,515.0,NY,< 1 year,,,,,,,1
500.0,0.0,467.0,UT,< 1 year,,,,,,,1
5000.0,3.1,605.0,TX,< 1 year,,,,,,,1
2500.0,22.85,638.0,AZ,< 1 year,,,,,,,1
500.0,14.54,434.0,WI,2 years,,,,,,,1
6000.0,0.43,631.0,AZ,10+ years,,,,,,,1
22000.0,100.0,,CA,6 years,,,,,,,1
9000.0,14.49,425.0,MT,6 years,,,,,,,1
9000.0,15.22,503.0,NY,1 year,,,,,,,1
2000.0,0.0,0.0,OR,6 years,,,,,,,1
10000.0,26.28,642.0,GA,< 1 year,,,,,,,1
2500.0,1.15,521.0,MI,8 years,,,,,,,1
25000.0,21.25,661.0,TN,2 years,,,,,,,1
7500.0,3.77,660.0,CA,4 years,,,,,,,1
10000.0,20.88,760.0,MO,6 years,,,,,,,1
6500.0,38.6,661.0,TX,10+ years,,,,,,,1
25000.0,6.1,573.0,CA,10+ years,,,,,,,1
3000.0,27.91,640.0,MN,7 years,,,,,,,1
2200.0,33.66,632.0,MI,10+ years,,,,,,,1
2500.0,61.76,521.0,MI,4 years,,,,,,,1
5000.0,15.21,714.0,CA,< 1 year,,,,,,,1
15000.0,100.0,,TX,2 years,,,,,,,1
17000.0,36.91,728.0,GA,< 1 year,,,,,,,1
14000.0,35.09,690.0,MO,2 years,,,,,,,1
5000.0,0.0,0.0,LA,1 year,,,,,,,1
15000.0,24.69,724.0,NC,2 years,,,,,,,1
500.0,26.23,544.0,FL,< 1 year,,,,,,,1
10000.0,4.11,683.0,FL,4 years,,,,,,,1
6500.0,31.12,683.0,TX,2 years,,,,,,,1
6800.0,23.37,618.0,MD,< 1 year,,,,,,,1
500.0,0.0,0.0,FL,1 year,,,,,,,1
10000.0,62.32,631.0,TX,4 years,,,,,,,1
13500.0,0.0,643.0,MA,2 years,,,,,,,1
2500.0,25.07,516.0,CA,4 years,,,,,,,1
25000.0,0.0,0.0,NY,3 years,,,,,,,1
2000.0,2.86,566.0,DC,1 year,,,,,,,1
7000.0,13.34,412.0,MI,5 years,,,,,,,1
21000.0,41.93,688.0,TX,10+ years,,,,,,,1
7500.0,13.94,532.0,WV,10+ years,,,,,,,1
5000.0,22.36,472.0,OH,< 1 year,,,,,,,1
1000.0,11.06,499.0,TX,7 years,,,,,,,1
15000.0,0.41,425.0,NC,6 years,,,,,,,1
2000.0,23.19,627.0,LA,4 years,,,,,,,1
4000.0,9.35,782.0,TX,9 years,,,,,,,1
800.0,12.09,434.0,NY,2 years,,,,,,,1
2500.0,13.5,564.0,TN,1 year,,,,,,,1
5000.0,0.0,483.0,AL,5 years,,,,,,,1
14000.0,47.62,730.0,NE,7 years,,,,,,,1
1000.0,0.0,0.0,TX,10+ years,,,,,,,1
500.0,0.0,442.0,PA,1 year,,,,,,,1
7000.0,9.32,570.0,PA,6 years,,,,,,,1
13604.0,19.47,626.0,TX,3 years,,,,,,,1
15000.0,49.13,532.0,NJ,10+ years,,,,,,,1
7500.0,4.66,636.0,VA,10+ years,,,,,,,1
25000.0,39.89,669.0,CA,2 years,,,,,,,1
2000.0,9.55,466.0,OH,10+ years,,,,,,,1
1500.0,15.02,528.0,MA,10+ years,,,,,,,1
1250.0,36.0,426.0,CA,2 years,,,,,,,1
5000.0,0.0,533.0,MA,< 1 year,,,,,,,1
2500.0,3.27,540.0,MS,< 1 year,,,,,,,1
2000.0,35.09,508.0,NC,2 years,,,,,,,1
5000.0,21.63,622.0,TX,6 years,,,,,,,1
5000.0,100.0,,CA,2 years,,,,,,,1
5000.0,19.55,629.0,TX,< 1 year,,,,,,,1
25000.0,6.6,524.0,IA,10+ years,,,,,,,1
500.0,27.47,474.0,WV,< 1 year,,,,,,,1
5000.0,19.47,634.0,CA,7 years,,,,,,,1
13500.0,0.8,439.0,NV,< 1 year,,,,,,,1
8175.0,2.82,691.0,CA,5 years,,,,,,,1
8000.0,0.0,524.0,MO,< 1 year,,,,,,,1
2100.0,101.27,730.0,NY,< 1 year,,,,,,,1
25000.0,0.97,780.0,CA,2 years,,,,,,,1
6000.0,3.75,554.0,FL,1 year,,,,,,,1
24000.0,0.84,754.0,AZ,2 years,,,,,,,1
12000.0,0.78,685.0,AZ,1 year,,,,,,,1
3000.0,11.61,451.0,CA,10+ years,,,,,,,1
10800.0,122.18,549.0,CA,< 1 year,,,,,,,1
18000.0,17.93,648.0,WA,3 years,,,,,,,1
2000.0,36.2,668.0,TX,6 years,,,,,,,1
12000.0,41.21,704.0,TX,4 years,,,,,,,1
10000.0,32.41,666.0,NJ,2 years,,,,,,,1
15000.0,14.03,561.0,CA,1 year,,,,,,,1
600.0,5.52,474.0,NY,4 years,,,,,,,1
15000.0,101.5,692.0,FL,< 1 year,,,,,,,1
550.0,0.0,0.0,NC,2 years,,,,,,,1
15000.0,100.0,,CA,10+ years,,,,,,,1
20000.0,27.8,696.0,TX,4 years,,,,,,,1
3000.0,20.16,469.0,WI,5 years,,,,,,,1
25000.0,42.48,677.0,OH,10+ years,,,,,,,1
12000.0,2.39,658.0,NC,8 years,,,,,,,1
25000.0,0.69,712.0,NY,4 years,,,,,,,1
15000.0,32.18,564.0,FL,1 year,,,,,,,1
5000.0,3626400.0,598.0,TX,< 1 year,,,,,,,1
7000.0,15.87,514.0,MO,2 years,,,,,,,1
20000.0,9.64,716.0,NC,6 years,,,,,,,1
2000.0,16.67,661.0,MI,< 1 year,,,,,,,1
1000.0,17.11,517.0,NJ,2 years,,,,,,,1
12000.0,34.17,754.0,NY,10+ years,,,,,,,1
5000.0,100.0,,NJ,4 years,,,,,,,1
1500.0,0.77,421.0,CA,1 year,,,,,,,1
5000.0,37.88,588.0,MO,10+ years,,,,,,,1
3000.0,15.55,566.0,CA,7 years,,,,,,,1
25000.0,33.17,666.0,IL,6 years,,,,,,,1
11500.0,45.62,616.0,OK,1 year,,,,,,,1
2000.0,6.13,594.0,TN,1 year,,,,,,,1
1000.0,0.0,466.0,IL,10+ years,,,,,,,1
5000.0,16.6,538.0,TX,10+ years,,,,,,,1
500.0,0.0,513.0,PA,< 1 year,,,,,,,1
10000.0,12.12,643.0,OR,1 year,,,,,,,1
10000.0,0.0,642.0,FL,10+ years,,,,,,,1
10000.0,8.8,625.0,FL,< 1 year,,,,,,,1
2500.0,0.0,541.0,AR,10+ years,,,,,,,1
10000.0,100.0,,CA,< 1 year,,,,,,,1
3500.0,8.08,635.0,NY,10+ years,,,,,,,1
1500.0,8.0,599.0,NY,< 1 year,,,,,,,1
15000.0,24.29,662.0,LA,6 years,,,,,,,1
11000.0,100.0,,FL,2 years,,,,,,,1
10000.0,19.44,689.0,KY,10+ years,,,,,,,1
3000.0,1.38,674.0,FL,2 years,,,,,,,1
1000.0,0.0,0.0,MD,9 years,,,,,,,1
15000.0,26.5,702.0,CO,< 1 year,,,,,,,1
10000.0,2.42,430.0,NY,7 years,,,,,,,1
3000.0,0.0,677.0,TX,1 year,,,,,,,1
5000.0,4.19,479.0,MD,10+ years,,,,,,,1
2600.0,65.32,422.0,CA,< 1 year,,,,,,,1
2000.0,26.36,426.0,CA,10+ years,,,,,,,1
1500.0,0.0,0.0,CA,< 1 year,,,,,,,1
2000.0,45.45,490.0,CA,< 1 year,,,,,,,1
1500.0,42.98,742.0,CA,10+ years,,,,,,,1
1000.0,9.28,557.0,WI,3 years,,,,,,,1
2500.0,4.66,524.0,CA,1 year,,,,,,,1
15000.0,0.42,694.0,CA,6 years,,,,,,,1
15000.0,15.73,660.0,ID,2 years,,,,,,,1
3000.0,38.86,630.0,OH,10+ years,,,,,,,1
7500.0,19.98,614.0,NJ,< 1 year,,,,,,,1
1000.0,3.42,467.0,FL,< 1 year,,,,,,,1
5000.0,31.53,685.0,NE,7 years,,,,,,,1
8000.0,1.12,503.0,MD,< 1 year,,,,,,,1
3100.0,48.0,497.0,IL,10+ years,,,,,,,1
7500.0,29.26,547.0,CA,3 years,,,,,,,1
2000.0,0.0,551.0,NM,4 years,,,,,,,1
7000.0,100.0,,CA,2 years,,,,,,,1
3000.0,0.0,598.0,VA,3 years,,,,,,,1
11000.0,92.77,632.0,FL,3 years,,,,,,,1
1000.0,7.98,560.0,IL,2 years,,,,,,,1
2000.0,0.0,464.0,CA,1 year,,,,,,,1
5000.0,9.88,620.0,OR,1 year,,,,,,,1
2500.0,4.6,497.0,CA,10+ years,,,,,,,1
10000.0,2.91,587.0,CA,< 1 year,,,,,,,1
12750.0,15.74,658.0,NV,3 years,,,,,,,1
20000.0,100.0,,CO,1 year,,,,,,,1
1700.0,14.46,566.0,CA,< 1 year,,,,,,,1
1500.0,0.63,617.0,CA,10+ years,,,,,,,1
11000.0,56.8,634.0,TX,4 years,,,,,,,1
4000.0,14.76,618.0,CA,1 year,,,,,,,1
4250.0,11.6,458.0,FL,2 years,,,,,,,1
20000.0,6.33,651.0,IL,3 years,,,,,,,1
500.0,0.0,546.0,CA,2 years,,,,,,,1
7800.0,28.34,676.0,NV,4 years,,,,,,,1
12000.0,18.53,603.0,IL,< 1 year,,,,,,,1
500.0,10.91,0.0,NJ,1 year,,,,,,,1
6000.0,14.85,684.0,NY,8 years,,,,,,,1
5000.0,0.65,653.0,PA,3 years,,,,,,,1
5000.0,100.0,,CA,10+ years,,,,,,,1
25000.0,41.84,617.0,CA,8 years,,,,,,,1
7000.0,23.63,628.0,CA,9 years,,,,,,,1
14000.0,22.42,705.0,NC,1 year,,,,,,,1
18000.0,13.76,697.0,WA,2 years,,,,,,,1
17000.0,100.0,,TX,10+ years,,,,,,,1
6300.0,28.01,709.0,KS,10+ years,,,,,,,1
20000.0,28.47,734.0,NE,10+ years,,,,,,,1
6500.0,12.66,435.0,CA,1 year,,,,,,,1
24500.0,2.71,659.0,OH,2 years,,,,,,,1
19000.0,21.66,690.0,NY,10+ years,,,,,,,1
8000.0,0.0,773.0,WA,4 years,,,,,,,1
3000.0,6.78,616.0,OR,4 years,,,,,,,1
2000.0,2.85,471.0,MN,< 1 year,,,,,,,1
19275.0,2.2,656.0,TX,3 years,,,,,,,1
20000.0,100.0,,WA,10+ years,,,,,,,1
2500.0,4.44,464.0,CA,5 years,,,,,,,1
2000.0,22.17,572.0,FL,4 years,,,,,,,1
21000.0,29.41,702.0,KS,4 years,,,,,,,1
2500.0,0.0,470.0,NY,1 year,,,,,,,1
3000.0,20.05,536.0,IA,1 year,,,,,,,1
25000.0,15.44,615.0,CA,10+ years,,,,,,,1
18500.0,12.13,668.0,TX,1 year,,,,,,,1
500.0,0.0,468.0,TX,< 1 year,,,,,,,1
2500.0,17.95,690.0,NJ,1 year,,,,,,,1
1500.0,19.54,554.0,CA,7 years,,,,,,,1
4000.0,8.2,711.0,MO,< 1 year,,,,,,,1
3200.0,28.97,658.0,NJ,1 year,,,,,,,1
2500.0,0.0,463.0,WA,< 1 year,,,,,,,1
15000.0,54.96,626.0,TN,10+ years,,,,,,,1
3000.0,60.94,665.0,MA,10+ years,,,,,,,1
500.0,4.5,504.0,VA,< 1 year,,,,,,,1
20000.0,34.4,702.0,CA,4 years,,,,,,,1
25000.0,0.0,437.0,IL,10+ years,,,,,,,1
12000.0,39.78,709.0,NY,10+ years,,,,,,,1
2000.0,5.27,509.0,TX,2 years,,,,,,,1
5000.0,15.6,618.0,PA,2 years,,,,,,,1
10000.0,23.83,637.0,KY,10+ years,,,,,,,1
6000.0,19.12,678.0,PA,2 years,,,,,,,1
5000.0,1.5,0.0,ME,2 years,,,,,,,1
7000.0,0.0,0.0,CA,< 1 year,,,,,,,1
5000.0,31.6,684.0,CA,9 years,,,,,,,1
8000.0,0.0,488.0,NY,< 1 year,,,,,,,1
10000.0,17.82,622.0,NV,3 years,,,,,,,1
10000.0,0.0,534.0,WA,2 years,,,,,,,1
25000.0,15.1,616.0,OH,5 years,,,,,,,1
25000.0,10.98,587.0,OH,3 years,,,,,,,1
1500.0,13.52,614.0,FL,4 years,,,,,,,1
15000.0,1.8,544.0,MI,1 year,,,,,,,1
2000.0,0.0,610.0,CA,4 years,,,,,,,1
20000.0,7.95,550.0,AZ,< 1 year,,,,,,,1
5000.0,0.0,549.0,MA,10+ years,,,,,,,1
10000.0,18.6,513.0,KY,< 1 year,,,,,,,1
10000.0,24.46,640.0,FL,< 1 year,,,,,,,1
10000.0,4.52,529.0,TN,< 1 year,,,,,,,1
7500.0,29.66,611.0,MS,2 years,,,,,,,1
1300.0,0.92,578.0,AZ,< 1 year,,,,,,,1
15000.0,5.33,697.0,VA,< 1 year,,,,,,,1
5500.0,0.0,528.0,NE,1 year,,,,,,,1
2000.0,0.0,520.0,CA,< 1 year,,,,,,,1
6000.0,13.73,655.0,WA,10+ years,,,,,,,1
10000.0,17.58,696.0,NY,4 years,,,,,,,1
9000.0,12.94,510.0,MI,1 year,,,,,,,1
10000.0,50.8,590.0,IL,< 1 year,,,,,,,1
6000.0,0.61,588.0,ID,10+ years,,,,,,,1
1000.0,0.0,485.0,MD,9 years,,,,,,,1
2500.0,18.12,565.0,NC,< 1 year,,,,,,,1
3000.0,46.49,453.0,TX,< 1 year,,,,,,,1
5000.0,9.0,634.0,GA,< 1 year,,,,,,,1
3000.0,14.67,478.0,TX,< 1 year,,,,,,,1
5000.0,4.25,479.0,MS,10+ years,,,,,,,1
7200.0,8.95,667.0,CA,2 years,,,,,,,1
6000.0,3.13,511.0,TX,1 year,,,,,,,1
17000.0,31.43,701.0,OH,6 years,,,,,,,1
6000.0,0.55,604.0,PA,1 year,,,,,,,1
20825.0,8.49,646.0,CA,4 years,,,,,,,1
19000.0,22.54,716.0,MA,3 years,,,,,,,1
25000.0,10.3,509.0,NJ,2 years,,,,,,,1
10000.0,11.78,478.0,WI,8 years,,,,,,,1
1500.0,0.55,441.0,TX,< 1 year,,,,,,,1
700.0,43.84,471.0,CA,< 1 year,,,,,,,1
2000.0,0.0,773.0,CO,2 years,,,,,,,1
500.0,0.0,0.0,PA,2 years,,,,,,,1
10000.0,0.0,530.0,TX,5 years,,,,,,,1
3000.0,0.95,450.0,IL,3 years,,,,,,,1
5000.0,21.12,560.0,NY,< 1 year,,,,,,,1
15000.0,9.38,589.0,WI,< 1 year,,,,,,,1
1000.0,25.0,585.0,CA,< 1 year,,,,,,,1
10000.0,105.47,635.0,TX,2 years,,,,,,,1
25000.0,22.06,606.0,FL,5 years,,,,,,,1
20000.0,15.68,703.0,NY,1 year,,,,,,,1
8000.0,15.11,584.0,PA,5 years,,,,,,,1
10000.0,15.75,687.0,TX,10+ years,,,,,,,1
15000.0,12.59,552.0,IL,10+ years,,,,,,,1
14000.0,24.85,425.0,GA,4 years,,,,,,,1
10000.0,30.41,535.0,MI,8 years,,,,,,,1
25000.0,89.02,511.0,TX,10+ years,,,,,,,1
3000.0,22.03,603.0,NH,< 1 year,,,,,,,1
7000.0,22.04,543.0,MA,1 year,,,,,,,1
11150.0,27.64,731.0,TX,< 1 year,,,,,,,1
500.0,22.82,447.0,TX,< 1 year,,,,,,,1
2500.0,29.89,600.0,WV,< 1 year,,,,,,,1
25000.0,17.77,462.0,MO,3 years,,,,,,,1
20000.0,6.28,698.0,CA,2 years,,,,,,,1
10000.0,48.87,677.0,GA,3 years,,,,,,,1
2000.0,22.91,470.0,CO,4 years,,,,,,,1
3000.0,2.75,441.0,TX,7 years,,,,,,,1
10500.0,26.81,745.0,CO,10+ years,,,,,,,1
15000.0,26.39,671.0,MO,< 1 year,,,,,,,1
9000.0,11.53,629.0,SD,2 years,,,,,,,1
20000.0,38.19,669.0,PA,< 1 year,,,,,,,1
4800.0,0.83,643.0,IL,10+ years,,,,,,,1
12000.0,32.09,724.0,IL,1 year,,,,,,,1
3000.0,32.46,610.0,NV,2 years,,,,,,,1
4500.0,17.71,586.0,GA,1 year,,,,,,,1
25000.0,45.05,786.0,NY,1 year,,,,,,,1
18000.0,13.73,673.0,MI,3 years,,,,,,,1
10000.0,3.37,0.0,FL,< 1 year,,,,,,,1
7500.0,13.25,590.0,LA,< 1 year,,,,,,,1
20000.0,31.05,678.0,WI,4 years,,,,,,,1
10000.0,0.0,496.0,FL,10+ years,,,,,,,1
1500.0,0.0,526.0,TX,< 1 year,,,,,,,1
14000.0,31.63,697.0,NY,10+ years,,,,,,,1
8000.0,9.46,572.0,KY,< 1 year,,,,,,,1
22000.0,34.45,713.0,NY,2 years,,,,,,,1
12000.0,32.46,665.0,OH,3 years,,,,,,,1
18000.0,26.41,672.0,MO,5 years,,,,,,,1
18300.0,24.76,660.0,TX,< 1 year,,,,,,,1
8000.0,23.25,658.0,CA,10+ years,,,,,,,1
20000.0,95.2,660.0,CA,2 years,,,,,,,1
500.0,12.56,459.0,MS,6 years,,,,,,,1
5000.0,35.12,644.0,CO,2 years,,,,,,,1
13000.0,29.93,690.0,IL,1 year,,,,,,,1
5000.0,27.93,701.0,VA,< 1 year,,,,,,,1
15000.0,18.38,682.0,CA,2 years,,,,,,,1
1000.0,18.94,437.0,MO,3 years,,,,,,,1
1500.0,12.98,517.0,VA,2 years,,,,,,,1
15000.0,17.66,665.0,NE,10+ years,,,,,,,1
20000.0,15.94,519.0,KY,8 years,,,,,,,1
10000.0,31.0,672.0,WV,5 years,,,,,,,1
6000.0,0.0,558.0,WA,10+ years,,,,,,,1
23000.0,80.9,671.0,MT,10+ years,,,,,,,1
25000.0,0.28,469.0,NJ,3 years,,,,,,,1
11000.0,100.0,,CA,4 years,,,,,,,1
5000.0,1.0,578.0,MO,4 years,,,,,,,1
20000.0,27.68,772.0,KY,4 years,,,,,,,1
25000.0,15.65,607.0,CA,2 years,,,,,,,1
1500.0,13.68,382.0,IL,< 1 year,,,,,,,1
6000.0,1.89,381.0,MO,3 years,,,,,,,1
2000.0,0.24,734.0,NY,< 1 year,,,,,,,1
20000.0,1.43,504.0,CA,< 1 year,,,,,,,1
1000.0,0.0,543.0,TX,1 year,,,,,,,1
3000.0,18.89,488.0,TX,1 year,,,,,,,1
1000.0,10.14,510.0,MI,6 years,,,,,,,1
5000.0,13.2,651.0,ME,5 years,,,,,,,1
10000.0,8.54,472.0,MA,10+ years,,,,,,,1
5000.0,5.44,540.0,NC,2 years,,,,,,,1
3000.0,28.24,550.0,OH,7 years,,,,,,,1
2500.0,59.42,540.0,IL,2 years,,,,,,,1
15000.0,31.92,634.0,TX,9 years,,,,,,,1
10000.0,0.0,0.0,NC,< 1 year,,,,,,,1
20000.0,25.49,709.0,NJ,4 years,,,,,,,1
20000.0,23.59,654.0,MI,< 1 year,,,,,,,1
10000.0,31.5,547.0,KS,4 years,,,,,,,1
1600.0,0.0,0.0,PA,< 1 year,,,,,,,1
5500.0,9.3,560.0,OH,10+ years,,,,,,,1
8230.0,37.52,718.0,NY,< 1 year,,,,,,,1
19000.0,5.76,533.0,MA,1 year,,,,,,,1
8000.0,24.05,711.0,AL,< 1 year,,,,,,,1
3000.0,11.88,435.0,MI,< 1 year,,,,,,,1
15000.0,20.21,689.0,CA,< 1 year,,,,,,,1
10000.0,17.23,625.0,NC,< 1 year,,,,,,,1
25000.0,31.99,688.0,MN,1 year,,,,,,,1
8000.0,5.77,713.0,NV,2 years,,,,,,,1
4000.0,3.34,415.0,MO,1 year,,,,,,,1
5000.0,0.0,509.0,WA,1 year,,,,,,,1
