loan_amnt,term,int_rate,grade,annual_inc,dti,fico_score,open_acc,revol_util,inq_last_6mths,delinq_2yrs,pub_rec,home_ownership,addr_state,emp_length,acc_now_delinq,mort_acc,had_hardship,purpose,bad_loan
3600.0, 36 months,13.99,C,55000.0,5.91,677.0,7.0,29.7,1.0,0.0,0.0,MORTGAGE,PA,10.0,0.0,1.0,0,debt_consolidation,0
24700.0, 36 months,11.99,C,65000.0,16.06,717.0,22.0,19.2,4.0,1.0,0.0,MORTGAGE,SD,10.0,0.0,4.0,0,small_business,0
20000.0, 60 months,10.78,B,63000.0,10.78,697.0,6.0,56.2,0.0,0.0,0.0,MORTGAGE,IL,10.0,0.0,5.0,0,home_improvement,0
35000.0, 60 months,14.85,C,110000.0,17.06,787.0,13.0,11.6,0.0,0.0,0.0,MORTGAGE,NJ,10.0,0.0,1.0,0,debt_consolidation,0
10400.0, 60 months,22.45,F,104433.0,25.37,697.0,12.0,64.5,3.0,1.0,0.0,MORTGAGE,PA,3.0,0.0,6.0,0,major_purchase,0
11950.0, 36 months,13.44,C,34000.0,10.2,692.0,5.0,68.4,0.0,0.0,0.0,RENT,GA,4.0,0.0,0.0,0,debt_consolidation,0
20000.0, 36 months,9.17,B,180000.0,14.67,682.0,12.0,84.5,0.0,0.0,0.0,MORTGAGE,MN,10.0,0.0,4.0,0,debt_consolidation,0
20000.0, 36 months,8.49,B,85000.0,17.61,707.0,8.0,5.7,0.0,1.0,0.0,MORTGAGE,SC,10.0,0.0,3.0,0,major_purchase,0
10000.0, 36 months,6.49,A,85000.0,13.07,687.0,14.0,34.5,1.0,0.0,1.0,RENT,PA,6.0,0.0,1.0,0,credit_card,0
8000.0, 36 months,11.48,B,42000.0,34.8,702.0,8.0,39.1,0.0,0.0,0.0,MORTGAGE,RI,10.0,0.0,1.0,0,credit_card,0
22400.0, 60 months,12.88,C,95000.0,22.98,712.0,16.0,32.7,0.0,0.0,0.0,MORTGAGE,SC,6.0,0.0,5.0,0,debt_consolidation,0
16000.0, 60 months,12.88,C,70000.0,26.4,722.0,13.0,56.3,0.0,0.0,0.0,MORTGAGE,TX,1.0,0.0,2.0,0,debt_consolidation,0
1400.0, 36 months,12.88,C,64000.0,34.95,702.0,17.0,67.2,0.0,0.0,0.0,MORTGAGE,NC,3.0,0.0,4.0,0,other,0
18000.0, 60 months,19.48,E,150000.0,9.39,667.0,18.0,40.7,1.0,0.0,1.0,RENT,CA,7.0,0.0,2.0,0,debt_consolidation,1
28000.0, 36 months,6.49,A,92000.0,21.6,722.0,16.0,64.5,0.0,0.0,0.0,MORTGAGE,NC,10.0,0.0,2.0,0,debt_consolidation,0
9600.0, 36 months,7.49,A,60000.0,22.44,697.0,7.0,59.4,0.0,0.0,0.0,MORTGAGE,SC,8.0,0.0,0.0,0,credit_card,0
25000.0, 36 months,7.49,A,109000.0,26.02,747.0,9.0,54.3,1.0,0.0,0.0,MORTGAGE,VA,10.0,0.0,3.0,0,debt_consolidation,0
18000.0, 60 months,11.99,C,112000.0,8.68,802.0,17.0,15.5,0.0,0.0,0.0,MORTGAGE,AZ,10.0,0.0,4.0,0,debt_consolidation,0
23000.0, 60 months,8.49,B,64000.0,18.28,702.0,21.0,52.7,0.0,0.0,0.0,RENT,NY,5.0,0.0,0.0,0,credit_card,0
8650.0, 36 months,19.89,E,55000.0,25.49,677.0,18.0,46.0,4.0,0.0,1.0,RENT,IN,8.0,0.0,0.0,0,debt_consolidation,0
29900.0, 60 months,12.88,C,65000.0,21.77,717.0,15.0,46.7,0.0,0.0,0.0,MORTGAGE,MD,10.0,0.0,2.0,0,debt_consolidation,0
16000.0, 60 months,14.85,C,48000.0,33.18,687.0,11.0,29.6,0.0,0.0,2.0,MORTGAGE,SC,10.0,0.0,2.0,0,credit_card,0
28000.0, 36 months,13.44,C,125000.0,7.49,697.0,6.0,63.1,0.0,0.0,0.0,OWN,NY,2.0,0.0,0.0,0,debt_consolidation,0
5000.0, 36 months,13.44,C,79000.0,12.7,667.0,3.0,101.5,0.0,0.0,0.0,RENT,MD,2.0,0.0,0.0,0,credit_card,0
6000.0, 36 months,7.49,A,100000.0,13.28,697.0,9.0,72.0,1.0,1.0,0.0,MORTGAGE,TX,10.0,0.0,2.0,0,debt_consolidation,0
4225.0, 36 months,14.85,C,35000.0,15.22,727.0,6.0,24.6,0.0,2.0,0.0,RENT,KS,5.0,0.0,0.0,0,debt_consolidation,1
20000.0, 36 months,5.32,A,65000.0,18.83,837.0,12.0,3.0,1.0,0.0,0.0,OWN,NY,9.0,0.0,0.0,0,debt_consolidation,0
16000.0, 60 months,17.97,D,109000.0,23.35,682.0,11.0,87.6,1.0,0.0,0.0,MORTGAGE,NM,1.0,0.0,1.0,0,debt_consolidation,0
17600.0, 36 months,5.32,A,88000.0,26.59,782.0,20.0,34.4,0.0,0.0,0.0,MORTGAGE,KS,1.0,0.0,5.0,0,credit_card,0
15000.0, 36 months,5.32,A,44000.0,15.34,687.0,7.0,50.3,1.0,0.0,0.0,MORTGAGE,VA,10.0,0.0,2.0,0,home_improvement,0
16000.0, 36 months,12.88,C,65000.0,18.96,677.0,7.0,54.3,0.0,0.0,1.0,MORTGAGE,AL,10.0,0.0,0.0,0,small_business,1
24250.0, 60 months,24.24,F,75000.0,20.84,662.0,18.0,65.3,0.0,0.0,0.0,MORTGAGE,NY,4.0,0.0,2.0,0,debt_consolidation,1
12000.0, 36 months,10.78,B,98000.0,24.04,692.0,15.0,62.8,0.0,0.0,1.0,RENT,WA,1.0,0.0,8.0,0,debt_consolidation,0
25000.0, 60 months,13.99,C,79000.0,34.53,732.0,33.0,18.6,1.0,0.0,0.0,MORTGAGE,MD,9.0,0.0,6.0,0,debt_consolidation,1
16800.0, 60 months,12.88,C,118000.0,34.29,682.0,11.0,24.1,0.0,0.0,1.0,MORTGAGE,MO,10.0,0.0,4.0,0,debt_consolidation,0
7000.0, 36 months,7.49,A,59000.0,13.06,732.0,10.0,24.2,1.0,1.0,0.0,MORTGAGE,MD,10.0,0.0,3.0,0,credit_card,0
21000.0, 60 months,13.99,C,52000.0,14.47,682.0,5.0,87.4,1.0,0.0,0.0,RENT,OH,1.0,0.0,0.0,0,credit_card,0
27500.0, 60 months,14.85,C,195000.0,6.79,702.0,14.0,50.9,0.0,0.0,0.0,MORTGAGE,LA,10.0,0.0,1.0,0,other,0
7200.0, 36 months,11.48,B,72500.0,8.47,727.0,5.0,35.2,1.0,0.0,0.0,MORTGAGE,GA,10.0,0.0,2.0,0,home_improvement,0
20000.0, 36 months,14.85,C,110000.0,12.45,692.0,8.0,84.5,0.0,0.0,0.0,RENT,IL,6.0,0.0,0.0,0,credit_card,0
20000.0, 36 months,15.77,D,70000.0,22.21,682.0,24.0,36.6,0.0,0.0,0.0,RENT,FL,5.0,0.0,1.0,0,house,0
10000.0, 60 months,17.97,D,55000.0,35.7,687.0,14.0,78.0,0.0,0.0,0.0,MORTGAGE,CO,2.0,0.0,6.0,0,credit_card,1
16000.0, 60 months,13.99,C,142000.0,17.74,682.0,15.0,39.9,2.0,2.0,2.0,MORTGAGE,CA,9.0,0.0,1.0,0,debt_consolidation,0
20000.0, 36 months,9.8,B,75000.0,23.45,727.0,14.0,9.6,0.0,0.0,0.0,RENT,WA,5.0,0.0,1.0,0,debt_consolidation,0
8650.0, 36 months,5.32,A,100000.0,7.28,752.0,15.0,26.7,0.0,0.0,0.0,MORTGAGE,IN,1.0,0.0,1.0,0,credit_card,0
21000.0, 60 months,13.44,C,54649.0,12.14,672.0,9.0,26.8,0.0,0.0,1.0,RENT,TX,2.0,0.0,2.0,0,debt_consolidation,0
7200.0, 36 months,15.77,D,55000.0,17.35,682.0,24.0,69.0,0.0,0.0,1.0,RENT,NY,1.0,0.0,0.0,0,debt_consolidation,0
8800.0, 36 months,9.8,B,92000.0,5.18,667.0,9.0,76.6,1.0,0.0,0.0,MORTGAGE,MI,10.0,0.0,2.0,0,credit_card,0
14650.0, 60 months,20.5,E,43160.0,21.44,692.0,12.0,101.6,0.0,0.0,0.0,RENT,OH,2.0,0.0,0.0,0,debt_consolidation,0
2500.0, 36 months,17.27,D,50000.0,17.6,672.0,7.0,31.1,4.0,3.0,0.0,MORTGAGE,FL,10.0,0.0,0.0,0,other,0
11000.0, 36 months,9.17,B,69000.0,21.34,682.0,9.0,84.8,1.0,0.0,0.0,MORTGAGE,OH,10.0,0.0,2.0,0,credit_card,0
23850.0, 60 months,17.27,D,68046.0,24.71,667.0,12.0,91.3,0.0,1.0,0.0,OWN,VA,10.0,0.0,4.0,0,debt_consolidation,0
15700.0, 60 months,16.59,D,48000.0,29.13,687.0,19.0,64.9,0.0,0.0,0.0,MORTGAGE,LA,6.0,0.0,1.0,0,credit_card,0
28800.0, 60 months,11.99,C,60000.0,18.01,802.0,21.0,10.5,0.0,0.0,0.0,OWN,FL,10.0,0.0,2.0,0,debt_consolidation,0
10000.0, 36 months,12.88,C,91392.0,9.44,712.0,13.0,41.7,0.0,0.0,0.0,MORTGAGE,MO,4.0,0.0,3.0,0,house,0
24000.0, 60 months,9.8,B,77900.0,10.24,742.0,9.0,10.3,1.0,0.0,0.0,OWN,TN,,0.0,2.0,0,home_improvement,0
28000.0, 60 months,18.49,D,75000.0,31.88,687.0,27.0,51.9,0.0,0.0,0.0,MORTGAGE,IN,10.0,0.0,2.0,0,debt_consolidation,0
35000.0, 60 months,11.99,C,128000.0,6.46,687.0,17.0,27.4,0.0,0.0,0.0,MORTGAGE,DC,10.0,0.0,5.0,0,home_improvement,0
7200.0, 36 months,9.17,B,50000.0,19.25,677.0,13.0,47.6,0.0,0.0,0.0,MORTGAGE,MA,10.0,0.0,3.0,0,debt_consolidation,0
10000.0, 36 months,7.91,A,40100.0,10.81,682.0,4.0,45.0,1.0,0.0,0.0,RENT,OH,2.0,0.0,0.0,0,credit_card,0
16000.0, 60 months,13.44,C,42000.0,9.6,672.0,29.0,44.8,0.0,0.0,0.0,RENT,MA,1.0,0.0,0.0,0,credit_card,1
21875.0, 36 months,11.99,C,47590.0,17.76,702.0,9.0,57.1,0.0,0.0,0.0,RENT,FL,1.0,0.0,0.0,0,credit_card,0
14025.0, 60 months,18.49,D,39000.0,18.0,677.0,12.0,74.9,1.0,0.0,0.0,MORTGAGE,WI,10.0,0.0,3.0,0,debt_consolidation,0
35000.0, 60 months,12.88,C,106000.0,17.36,732.0,8.0,72.1,0.0,0.0,0.0,MORTGAGE,AL,7.0,0.0,4.0,0,debt_consolidation,1
20000.0, 36 months,12.88,C,145000.0,12.28,697.0,12.0,80.2,0.0,0.0,0.0,MORTGAGE,RI,10.0,0.0,5.0,0,debt_consolidation,0
14000.0, 60 months,14.85,C,60000.0,24.29,692.0,11.0,73.9,0.0,0.0,0.0,MORTGAGE,AZ,2.0,0.0,0.0,0,debt_consolidation,1
16000.0, 60 months,8.49,B,62000.0,28.92,722.0,10.0,51.2,0.0,0.0,0.0,MORTGAGE,CA,5.0,0.0,3.0,0,credit_card,1
28000.0, 60 months,14.85,C,85000.0,28.52,672.0,19.0,71.8,0.0,0.0,0.0,MORTGAGE,GA,2.0,0.0,2.0,0,debt_consolidation,0
20000.0, 60 months,13.99,C,70000.0,16.9,682.0,20.0,42.0,0.0,0.0,0.0,OWN,MD,10.0,0.0,0.0,0,debt_consolidation,1
17600.0, 60 months,19.89,E,44000.0,17.56,682.0,7.0,102.4,0.0,0.0,0.0,RENT,FL,1.0,0.0,0.0,0,credit_card,0
4200.0, 36 months,13.44,C,102500.0,26.21,702.0,14.0,88.5,0.0,0.0,0.0,MORTGAGE,NY,10.0,0.0,7.0,0,debt_consolidation,0
19000.0, 60 months,14.85,C,75000.0,13.09,667.0,15.0,63.7,2.0,0.0,0.0,OWN,NY,9.0,0.0,3.0,0,credit_card,0
15850.0, 60 months,23.13,F,45000.0,34.85,757.0,18.0,21.3,1.0,0.0,0.0,OWN,OH,10.0,0.0,0.0,0,debt_consolidation,0
10000.0, 60 months,11.99,C,42500.0,31.04,707.0,10.0,40.9,1.0,0.0,0.0,RENT,IN,10.0,0.0,0.0,0,debt_consolidation,0
30000.0, 36 months,15.77,D,175000.0,18.5,727.0,9.0,50.3,1.0,0.0,0.0,MORTGAGE,OH,2.0,0.0,3.0,0,home_improvement,0
1500.0, 36 months,6.49,A,45000.0,16.11,747.0,12.0,21.2,0.0,0.0,0.0,MORTGAGE,HI,,0.0,4.0,0,vacation,0
25000.0, 36 months,5.32,A,150000.0,9.54,797.0,7.0,42.5,0.0,0.0,0.0,MORTGAGE,VT,1.0,0.0,7.0,0,credit_card,0
16250.0, 60 months,13.44,C,50000.0,34.95,692.0,15.0,94.9,0.0,0.0,0.0,MORTGAGE,NY,2.0,0.0,2.0,0,debt_consolidation,0
20200.0, 60 months,18.49,D,60000.0,34.84,722.0,10.0,40.6,0.0,0.0,1.0,RENT,CA,4.0,0.0,0.0,0,debt_consolidation,1
23975.0, 60 months,19.89,E,70000.0,33.2,687.0,10.0,94.9,1.0,0.0,0.0,RENT,VA,10.0,0.0,3.0,0,credit_card,1
15000.0, 60 months,10.78,B,65000.0,29.28,722.0,18.0,69.8,0.0,0.0,0.0,MORTGAGE,AL,10.0,0.0,1.0,0,debt_consolidation,0
10000.0, 36 months,10.78,B,41600.0,15.78,697.0,18.0,52.5,0.0,0.0,0.0,MORTGAGE,IN,3.0,0.0,2.0,0,debt_consolidation,0
15000.0, 36 months,8.49,B,110000.0,13.24,672.0,16.0,41.4,0.0,0.0,1.0,MORTGAGE,NJ,6.0,0.0,4.0,0,credit_card,0
23100.0, 60 months,20.5,E,110000.0,20.43,662.0,11.0,94.9,0.0,0.0,0.0,OWN,DE,2.0,0.0,2.0,0,car,1
27300.0, 36 months,17.27,D,65000.0,25.63,662.0,14.0,83.0,0.0,0.0,0.0,MORTGAGE,NY,10.0,0.0,2.0,0,home_improvement,1
25000.0, 60 months,11.48,B,135000.0,4.65,707.0,16.0,13.5,0.0,0.0,0.0,MORTGAGE,TX,10.0,0.0,5.0,0,credit_card,0
15000.0, 36 months,10.78,B,40000.0,10.17,672.0,7.0,75.3,0.0,0.0,0.0,RENT,TX,1.0,0.0,0.0,0,credit_card,0
10000.0, 60 months,16.59,D,30000.0,30.84,717.0,19.0,26.6,2.0,0.0,1.0,RENT,OH,1.0,0.0,0.0,0,debt_consolidation,0
18500.0, 60 months,12.88,C,70000.0,13.2,677.0,9.0,57.8,1.0,0.0,0.0,MORTGAGE,TX,10.0,0.0,2.0,0,debt_consolidation,0
5000.0, 36 months,7.91,A,32000.0,13.73,687.0,7.0,41.1,0.0,0.0,1.0,RENT,OH,6.0,0.0,0.0,0,credit_card,0
9000.0, 36 months,9.17,B,50000.0,11.98,802.0,5.0,48.5,2.0,0.0,0.0,OWN,KS,1.0,0.0,2.0,0,debt_consolidation,0
11000.0, 36 months,6.49,A,85000.0,15.0,757.0,12.0,20.1,0.0,0.0,0.0,MORTGAGE,MA,10.0,0.0,0.0,0,credit_card,0
20000.0, 36 months,6.49,A,55000.0,29.15,752.0,9.0,23.8,0.0,0.0,0.0,MORTGAGE,TN,6.0,0.0,1.0,0,debt_consolidation,0
15000.0, 36 months,5.32,A,80000.0,20.18,777.0,30.0,21.4,1.0,0.0,0.0,RENT,VA,,0.0,2.0,0,debt_consolidation,0
12000.0, 36 months,5.32,A,53750.0,15.3,702.0,8.0,17.2,0.0,1.0,0.0,MORTGAGE,AZ,4.0,0.0,2.0,0,debt_consolidation,0
8000.0, 36 months,10.78,B,45000.0,21.23,672.0,28.0,35.5,0.0,0.0,0.0,MORTGAGE,MI,1.0,0.0,2.0,0,debt_consolidation,0
12000.0, 36 months,10.78,B,40000.0,31.95,667.0,16.0,41.4,0.0,3.0,0.0,RENT,NJ,3.0,0.0,0.0,0,credit_card,0
18000.0, 36 months,7.49,A,75000.0,25.65,717.0,12.0,33.2,1.0,0.0,0.0,MORTGAGE,NH,5.0,0.0,1.0,0,debt_consolidation,0
3600.0, 36 months,11.48,B,85000.0,17.44,677.0,12.0,28.7,2.0,0.0,1.0,MORTGAGE,VA,1.0,0.0,1.0,0,debt_consolidation,0
7200.0, 36 months,17.27,D,20000.0,13.21,707.0,8.0,32.6,1.0,1.0,0.0,OWN,MA,9.0,0.0,0.0,0,debt_consolidation,1
15000.0, 60 months,13.44,C,77213.0,18.17,672.0,17.0,25.8,2.0,0.0,1.0,RENT,FL,4.0,0.0,1.0,0,credit_card,0
5000.0, 36 months,9.8,B,72000.0,6.52,712.0,11.0,56.3,0.0,0.0,1.0,OWN,NC,6.0,0.0,2.0,0,other,0
11550.0, 60 months,16.59,D,38000.0,21.07,702.0,9.0,39.7,0.0,0.0,0.0,RENT,OH,5.0,0.0,0.0,0,credit_card,1
33600.0, 36 months,10.78,B,104000.0,14.01,692.0,14.0,51.8,2.0,0.0,0.0,RENT,OH,8.0,0.0,1.0,0,debt_consolidation,0
17925.0, 60 months,17.27,D,39000.0,27.78,722.0,10.0,76.0,1.0,0.0,0.0,OWN,OH,10.0,0.0,4.0,0,debt_consolidation,0
17475.0, 36 months,13.99,C,39750.0,23.58,697.0,7.0,52.3,0.0,0.0,0.0,RENT,IL,2.0,0.0,0.0,0,debt_consolidation,1
9000.0, 36 months,8.49,B,47000.0,8.43,677.0,12.0,26.7,0.0,0.0,0.0,MORTGAGE,FL,8.0,0.0,0.0,0,debt_consolidation,0
12000.0, 60 months,9.8,B,65000.0,23.84,787.0,18.0,13.4,0.0,0.0,0.0,MORTGAGE,KS,10.0,0.0,2.0,0,debt_consolidation,0
4000.0, 36 months,9.17,B,44500.0,15.83,672.0,4.0,4.2,0.0,0.0,1.0,RENT,NE,2.0,0.0,3.0,0,debt_consolidation,0
10500.0, 36 months,15.77,D,70100.0,8.51,662.0,5.0,77.4,0.0,0.0,0.0,RENT,KS,3.0,0.0,0.0,0,credit_card,0
14000.0, 36 months,9.8,B,100000.0,15.97,687.0,7.0,36.1,0.0,0.0,0.0,MORTGAGE,OH,4.0,0.0,2.0,0,medical,0
6000.0, 36 months,7.91,A,105000.0,14.45,687.0,9.0,65.3,1.0,0.0,3.0,MORTGAGE,OH,10.0,0.0,1.0,0,car,0
16000.0, 60 months,12.88,C,90000.0,6.39,702.0,8.0,43.9,0.0,0.0,0.0,OWN,CT,10.0,0.0,5.0,0,home_improvement,0
15000.0, 36 months,9.8,B,92000.0,13.89,682.0,7.0,35.2,1.0,0.0,2.0,MORTGAGE,OR,3.0,0.0,6.0,0,debt_consolidation,0
12000.0, 36 months,9.17,B,39400.0,26.32,707.0,18.0,34.6,1.0,0.0,0.0,MORTGAGE,CA,4.0,0.0,2.0,0,debt_consolidation,0
10000.0, 36 months,11.48,B,33000.0,21.75,712.0,12.0,35.6,0.0,0.0,1.0,RENT,IN,2.0,0.0,0.0,0,debt_consolidation,0
4200.0, 36 months,13.99,C,32000.0,31.02,707.0,10.0,11.7,2.0,0.0,0.0,RENT,TN,2.0,0.0,0.0,0,other,0
35000.0, 60 months,20.5,E,120000.0,35.69,702.0,25.0,32.2,0.0,1.0,0.0,MORTGAGE,GA,8.0,0.0,3.0,0,debt_consolidation,0
5475.0, 36 months,18.99,E,108000.0,33.47,672.0,11.0,41.0,2.0,4.0,0.0,MORTGAGE,FL,10.0,0.0,2.0,0,debt_consolidation,1
16000.0, 60 months,7.91,A,60000.0,28.58,732.0,19.0,30.3,0.0,0.0,0.0,MORTGAGE,FL,2.0,0.0,0.0,0,debt_consolidation,0
6000.0, 36 months,13.44,C,38700.0,23.26,692.0,4.0,19.2,1.0,0.0,0.0,OWN,NC,3.0,0.0,0.0,0,debt_consolidation,0
24000.0, 36 months,9.17,B,75000.0,10.11,662.0,14.0,39.5,3.0,0.0,1.0,MORTGAGE,RI,10.0,0.0,3.0,0,debt_consolidation,0
10000.0, 36 months,12.88,C,60000.0,3.3,717.0,5.0,64.1,0.0,0.0,0.0,RENT,WA,1.0,0.0,2.0,0,debt_consolidation,0
6900.0, 36 months,19.89,E,80000.0,9.57,667.0,10.0,35.9,3.0,0.0,0.0,RENT,NY,10.0,0.0,0.0,0,debt_consolidation,0
22400.0, 60 months,9.8,B,48000.0,28.48,707.0,9.0,55.7,0.0,0.0,0.0,MORTGAGE,VA,10.0,0.0,2.0,0,credit_card,0
15975.0, 36 months,16.59,D,58800.0,20.45,667.0,11.0,71.8,1.0,0.0,0.0,MORTGAGE,CA,4.0,0.0,1.0,0,debt_consolidation,0
21600.0, 36 months,13.44,C,54000.0,17.64,692.0,9.0,60.8,1.0,0.0,0.0,MORTGAGE,WI,9.0,0.0,6.0,0,debt_consolidation,0
24000.0, 60 months,13.99,C,82193.0,29.92,697.0,15.0,48.2,0.0,0.0,0.0,RENT,IN,8.0,0.0,0.0,0,credit_card,0
14400.0, 60 months,19.48,E,73320.0,17.02,662.0,9.0,96.8,0.0,0.0,0.0,RENT,NY,3.0,0.0,0.0,0,debt_consolidation,1
8000.0, 36 months,13.99,C,42000.0,23.26,707.0,8.0,40.5,1.0,0.0,0.0,RENT,OR,1.0,0.0,0.0,0,other,0
7000.0, 36 months,13.99,C,83000.0,21.96,682.0,11.0,83.1,0.0,0.0,0.0,RENT,DE,2.0,0.0,0.0,0,debt_consolidation,0
20000.0, 36 months,10.78,B,55000.0,36.94,742.0,18.0,43.0,1.0,0.0,1.0,OWN,AL,1.0,0.0,0.0,0,debt_consolidation,0
25825.0, 60 months,26.06,F,68000.0,31.68,677.0,18.0,69.7,1.0,0.0,0.0,RENT,MD,6.0,0.0,0.0,0,debt_consolidation,1
24575.0, 60 months,22.45,F,92000.0,24.16,727.0,8.0,79.3,0.0,0.0,0.0,MORTGAGE,OH,10.0,0.0,3.0,0,debt_consolidation,0
3200.0, 36 months,8.49,B,30407.0,20.61,712.0,5.0,30.3,0.0,0.0,0.0,RENT,MN,10.0,0.0,0.0,0,medical,0
22875.0, 60 months,15.77,D,137000.0,32.3,702.0,22.0,45.8,0.0,0.0,0.0,MORTGAGE,CA,10.0,0.0,5.0,0,debt_consolidation,0
16000.0, 60 months,14.85,C,80000.0,19.59,702.0,14.0,83.6,0.0,0.0,0.0,MORTGAGE,TX,10.0,0.0,2.0,0,debt_consolidation,0
35000.0, 36 months,13.44,C,125000.0,24.19,712.0,15.0,51.9,0.0,0.0,0.0,MORTGAGE,MN,1.0,0.0,8.0,0,debt_consolidation,0
2400.0, 36 months,17.27,D,52000.0,28.38,672.0,16.0,41.5,1.0,1.0,1.0,MORTGAGE,IN,2.0,0.0,0.0,0,home_improvement,0
25000.0, 36 months,7.49,A,132000.0,13.83,747.0,14.0,48.0,1.0,0.0,0.0,MORTGAGE,MI,,0.0,3.0,0,debt_consolidation,0
8800.0, 36 months,12.88,C,55000.0,35.52,717.0,20.0,37.5,2.0,0.0,0.0,RENT,MA,2.0,0.0,0.0,0,credit_card,0
2500.0, 36 months,11.48,B,16488.0,38.06,772.0,12.0,8.2,1.0,0.0,0.0,RENT,CT,,0.0,0.0,0,debt_consolidation,0
8000.0, 36 months,5.32,A,50000.0,14.86,717.0,21.0,35.1,0.0,1.0,0.0,RENT,MI,1.0,0.0,0.0,0,credit_card,0
20000.0, 36 months,11.99,C,78000.0,27.1,707.0,15.0,48.2,0.0,0.0,0.0,MORTGAGE,AL,10.0,0.0,6.0,0,debt_consolidation,1
35000.0, 60 months,12.88,C,110000.0,13.39,697.0,19.0,47.2,0.0,0.0,0.0,MORTGAGE,MD,10.0,0.0,2.0,0,major_purchase,1
15000.0, 36 months,7.49,A,45000.0,10.67,712.0,10.0,43.5,0.0,3.0,0.0,MORTGAGE,CA,,0.0,2.0,0,debt_consolidation,0
16000.0, 36 months,15.77,D,70000.0,8.78,707.0,7.0,76.1,1.0,0.0,0.0,MORTGAGE,NJ,1.0,0.0,1.0,0,debt_consolidation,1
10800.0, 60 months,13.99,C,40000.0,26.13,667.0,7.0,71.2,0.0,0.0,2.0,RENT,FL,3.0,0.0,0.0,0,debt_consolidation,0
7500.0, 36 months,17.97,D,15000.0,37.2,687.0,8.0,66.7,0.0,0.0,1.0,OWN,FL,10.0,0.0,0.0,0,debt_consolidation,0
16000.0, 36 months,10.78,B,63000.0,35.19,672.0,12.0,46.0,1.0,0.0,0.0,RENT,NY,5.0,0.0,0.0,0,debt_consolidation,1
9000.0, 36 months,5.32,A,49000.0,21.63,757.0,18.0,11.7,0.0,0.0,0.0,MORTGAGE,CA,10.0,0.0,0.0,0,credit_card,0
9500.0, 36 months,15.77,D,28000.0,27.95,697.0,7.0,55.9,0.0,0.0,0.0,RENT,MI,10.0,0.0,0.0,0,other,0
10000.0, 36 months,7.91,A,25000.0,29.91,742.0,16.0,22.9,0.0,0.0,0.0,OWN,CA,2.0,0.0,0.0,0,debt_consolidation,1
6000.0, 36 months,7.91,A,49000.0,17.92,797.0,10.0,4.4,0.0,0.0,0.0,MORTGAGE,CO,10.0,0.0,1.0,0,debt_consolidation,0
15600.0, 60 months,13.44,C,52000.0,15.37,722.0,6.0,69.3,1.0,0.0,0.0,MORTGAGE,NY,10.0,0.0,3.0,0,major_purchase,0
35000.0, 36 months,8.49,B,90000.0,13.36,752.0,11.0,42.9,0.0,0.0,0.0,OWN,CA,1.0,0.0,3.0,0,debt_consolidation,0
5000.0, 36 months,11.48,B,78000.0,21.21,702.0,19.0,54.3,1.0,0.0,0.0,MORTGAGE,TX,9.0,0.0,1.0,0,debt_consolidation,0
20400.0, 60 months,18.49,D,75000.0,38.65,727.0,22.0,42.6,0.0,2.0,0.0,MORTGAGE,AR,2.0,0.0,3.0,0,credit_card,0
8000.0, 36 months,17.97,D,33130.0,11.52,667.0,18.0,27.4,1.0,1.0,0.0,MORTGAGE,LA,,0.0,1.0,0,debt_consolidation,1
16000.0, 36 months,10.78,B,87500.0,13.74,697.0,13.0,83.9,0.0,0.0,0.0,RENT,IL,3.0,0.0,0.0,0,debt_consolidation,0
18000.0, 36 months,7.91,A,80000.0,15.56,742.0,5.0,82.6,0.0,0.0,0.0,MORTGAGE,PA,10.0,0.0,1.0,0,debt_consolidation,1
35000.0, 36 months,9.17,B,105000.0,25.07,692.0,11.0,85.0,0.0,0.0,0.0,RENT,FL,1.0,0.0,1.0,0,debt_consolidation,0
13150.0, 36 months,5.32,A,40000.0,20.25,767.0,13.0,20.1,0.0,0.0,0.0,RENT,TX,1.0,0.0,0.0,0,major_purchase,0
5600.0, 36 months,9.17,B,48000.0,19.85,662.0,8.0,64.8,0.0,0.0,0.0,RENT,TX,8.0,0.0,1.0,0,credit_card,0
23000.0, 36 months,9.8,B,90247.0,17.09,682.0,11.0,41.3,0.0,0.0,0.0,MORTGAGE,VA,9.0,0.0,2.0,0,credit_card,0
12600.0, 60 months,14.85,C,175000.0,11.75,692.0,14.0,47.5,0.0,0.0,1.0,MORTGAGE,MD,1.0,0.0,4.0,0,credit_card,0
11000.0, 36 months,16.59,D,55000.0,16.85,737.0,6.0,61.1,0.0,0.0,0.0,MORTGAGE,IL,8.0,0.0,3.0,0,debt_consolidation,0
4000.0, 36 months,11.99,C,41501.0,12.9,687.0,8.0,36.3,0.0,0.0,0.0,RENT,NY,3.0,0.0,0.0,0,debt_consolidation,0
20000.0, 60 months,13.44,C,75000.0,20.67,717.0,16.0,48.8,1.0,0.0,0.0,MORTGAGE,MT,9.0,0.0,1.0,0,debt_consolidation,0
20000.0, 36 months,11.48,B,60000.0,22.62,687.0,10.0,61.5,2.0,0.0,0.0,RENT,VA,5.0,0.0,0.0,0,debt_consolidation,0
10000.0, 36 months,9.17,B,59307.0,32.7,692.0,17.0,59.5,1.0,1.0,0.0,MORTGAGE,OH,10.0,0.0,1.0,0,credit_card,0
18850.0, 36 months,21.48,E,55000.0,15.56,702.0,11.0,38.4,2.0,0.0,0.0,MORTGAGE,NV,1.0,0.0,8.0,0,debt_consolidation,1
21000.0, 60 months,11.99,C,82000.0,15.07,732.0,18.0,35.0,0.0,0.0,0.0,MORTGAGE,NY,10.0,0.0,2.0,0,debt_consolidation,0
10500.0, 36 months,8.49,B,60000.0,15.39,687.0,13.0,62.6,0.0,1.0,1.0,MORTGAGE,WV,4.0,0.0,5.0,0,debt_consolidation,0
4575.0, 36 months,17.27,D,56000.0,10.03,667.0,12.0,27.0,1.0,1.0,0.0,RENT,NJ,5.0,0.0,1.0,0,house,1
5000.0, 36 months,11.48,B,17000.0,27.9,692.0,8.0,44.3,1.0,0.0,0.0,RENT,NH,1.0,0.0,0.0,0,other,0
8000.0, 36 months,6.99,A,45000.0,15.15,792.0,12.0,23.7,0.0,0.0,0.0,MORTGAGE,RI,,0.0,1.0,0,home_improvement,0
5000.0, 36 months,11.99,C,30000.0,9.16,677.0,12.0,28.3,0.0,0.0,2.0,RENT,MD,1.0,0.0,0.0,0,debt_consolidation,1
9075.0, 36 months,5.32,A,40000.0,8.39,817.0,15.0,16.3,0.0,0.0,0.0,MORTGAGE,MT,10.0,0.0,3.0,0,credit_card,0
24000.0, 60 months,12.88,C,75181.21,31.57,722.0,13.0,44.4,1.0,0.0,0.0,MORTGAGE,VA,2.0,0.0,4.0,0,debt_consolidation,0
12500.0, 36 months,7.49,A,52000.0,6.83,707.0,5.0,80.7,0.0,0.0,0.0,RENT,CA,10.0,0.0,0.0,0,credit_card,0
19600.0, 60 months,15.77,D,80000.0,18.99,712.0,15.0,81.1,1.0,0.0,0.0,MORTGAGE,NH,8.0,0.0,2.0,0,debt_consolidation,1
35000.0, 36 months,13.99,C,90000.0,10.97,742.0,5.0,12.3,0.0,0.0,0.0,MORTGAGE,FL,2.0,0.0,1.0,0,debt_consolidation,0
28000.0, 60 months,8.49,B,75000.0,24.83,687.0,16.0,72.0,0.0,0.0,0.0,MORTGAGE,GA,1.0,0.0,3.0,0,debt_consolidation,0
14000.0, 60 months,15.77,D,45500.0,19.24,692.0,10.0,25.9,0.0,0.0,0.0,RENT,TX,1.0,0.0,0.0,0,debt_consolidation,1
16000.0, 36 months,9.8,B,99906.0,6.97,662.0,10.0,69.8,1.0,0.0,1.0,MORTGAGE,NY,,0.0,4.0,0,credit_card,0
14000.0, 36 months,5.32,A,120000.0,6.73,777.0,13.0,16.9,0.0,0.0,0.0,RENT,CA,4.0,0.0,0.0,0,debt_consolidation,0
24000.0, 36 months,8.49,B,72000.0,22.8,717.0,16.0,34.3,0.0,0.0,0.0,MORTGAGE,TX,8.0,0.0,0.0,0,debt_consolidation,0
35000.0, 36 months,13.99,C,75000.0,18.19,687.0,17.0,69.6,0.0,0.0,0.0,OWN,FL,6.0,0.0,1.0,0,debt_consolidation,0
14550.0, 60 months,15.77,D,70000.0,34.44,722.0,13.0,83.0,0.0,0.0,0.0,MORTGAGE,FL,10.0,0.0,5.0,0,debt_consolidation,0
8000.0, 36 months,11.48,B,21610.0,31.06,707.0,9.0,48.4,0.0,0.0,0.0,RENT,TN,1.0,0.0,0.0,0,credit_card,0
32400.0, 60 months,9.8,B,106284.0,24.11,732.0,33.0,52.8,2.0,0.0,0.0,MORTGAGE,TX,10.0,0.0,2.0,0,credit_card,0
3600.0, 36 months,13.44,C,25000.0,26.45,712.0,23.0,30.7,0.0,0.0,0.0,RENT,PA,1.0,0.0,0.0,0,debt_consolidation,0
10500.0, 36 months,13.99,C,110000.0,30.73,662.0,19.0,81.2,1.0,1.0,0.0,MORTGAGE,CA,10.0,0.0,4.0,0,debt_consolidation,0
3000.0, 36 months,11.48,B,105000.0,12.09,687.0,11.0,57.9,1.0,0.0,0.0,MORTGAGE,CA,10.0,0.0,2.0,0,home_improvement,0
16000.0, 36 months,14.85,C,43000.0,17.11,677.0,13.0,51.2,0.0,0.0,0.0,RENT,NY,2.0,0.0,0.0,0,credit_card,0
8000.0, 36 months,7.49,A,57000.0,25.01,742.0,19.0,41.1,0.0,0.0,0.0,MORTGAGE,PA,10.0,0.0,2.0,0,debt_consolidation,0
19500.0, 36 months,7.49,A,85000.0,13.74,732.0,8.0,70.7,0.0,0.0,0.0,RENT,CA,1.0,0.0,0.0,0,debt_consolidation,0
2000.0, 36 months,8.49,B,140000.0,6.78,847.5,7.0,6.8,1.0,0.0,0.0,MORTGAGE,SC,8.0,0.0,2.0,0,other,0
16000.0, 36 months,5.32,A,96000.0,14.45,727.0,23.0,29.8,1.0,0.0,0.0,MORTGAGE,MN,8.0,0.0,6.0,0,debt_consolidation,0
3500.0, 36 months,10.78,B,122400.0,17.97,662.0,16.0,58.6,2.0,0.0,3.0,MORTGAGE,CA,8.0,0.0,5.0,0,vacation,0
14000.0, 60 months,9.17,B,94000.0,32.3,717.0,11.0,45.7,0.0,0.0,0.0,RENT,NC,4.0,0.0,4.0,0,debt_consolidation,0
24000.0, 36 months,11.48,B,95000.0,26.89,677.0,9.0,102.0,1.0,0.0,0.0,OWN,IL,3.0,0.0,0.0,0,debt_consolidation,0
6000.0, 36 months,5.32,A,120000.0,3.98,782.0,14.0,19.4,0.0,0.0,0.0,OWN,NY,2.0,0.0,0.0,0,credit_card,0
24000.0, 36 months,7.91,A,100000.0,26.83,677.0,21.0,56.4,0.0,1.0,0.0,MORTGAGE,MI,9.0,0.0,1.0,0,debt_consolidation,0
14875.0, 60 months,18.49,D,37231.0,36.3,667.0,24.0,27.9,3.0,1.0,1.0,RENT,TN,3.0,0.0,1.0,0,debt_consolidation,1
10000.0, 36 months,11.99,C,45000.0,37.55,687.0,19.0,24.4,0.0,0.0,1.0,RENT,MD,7.0,0.0,2.0,0,other,0
15000.0, 36 months,6.99,A,93000.0,14.86,757.0,8.0,43.2,1.0,0.0,0.0,MORTGAGE,MA,2.0,0.0,1.0,0,credit_card,0
10000.0, 36 months,5.32,A,68000.0,14.61,732.0,11.0,46.6,0.0,0.0,0.0,RENT,IN,10.0,0.0,5.0,0,credit_card,0
18000.0, 60 months,9.17,B,97000.0,22.22,712.0,13.0,52.9,2.0,1.0,0.0,OWN,NY,10.0,0.0,2.0,0,major_purchase,0
24000.0, 60 months,19.48,E,97000.0,7.23,687.0,14.0,52.5,0.0,0.0,0.0,RENT,CO,10.0,0.0,1.0,0,debt_consolidation,0
23525.0, 60 months,17.97,D,70000.0,13.33,677.0,13.0,90.9,0.0,0.0,1.0,MORTGAGE,NJ,5.0,0.0,2.0,0,debt_consolidation,0
12000.0, 60 months,9.17,B,68000.0,14.53,692.0,20.0,29.6,0.0,0.0,0.0,OWN,TX,10.0,0.0,0.0,0,credit_card,0
11000.0, 36 months,10.78,B,297000.0,12.69,672.0,12.0,61.9,1.0,1.0,0.0,RENT,MD,10.0,0.0,7.0,0,other,0
24000.0, 36 months,9.17,B,210000.0,20.16,692.0,18.0,65.1,1.0,0.0,0.0,MORTGAGE,MN,2.0,0.0,1.0,0,debt_consolidation,0
15000.0, 60 months,16.59,D,42900.0,36.98,682.0,10.0,75.2,0.0,0.0,0.0,RENT,MA,8.0,0.0,0.0,0,debt_consolidation,0
16000.0, 36 months,8.49,B,140000.0,14.68,672.0,19.0,77.3,0.0,2.0,0.0,MORTGAGE,TX,10.0,0.0,2.0,0,credit_card,0
15000.0, 60 months,7.91,A,90000.0,17.07,687.0,20.0,62.0,1.0,0.0,0.0,RENT,NY,5.0,0.0,0.0,0,debt_consolidation,1
5000.0, 36 months,11.99,C,60000.0,19.56,677.0,13.0,50.8,0.0,0.0,0.0,MORTGAGE,GA,8.0,0.0,3.0,0,debt_consolidation,1
19100.0, 60 months,10.78,B,115000.0,14.35,687.0,8.0,44.7,0.0,0.0,0.0,MORTGAGE,PA,10.0,0.0,5.0,0,debt_consolidation,0
15000.0, 36 months,10.78,B,85000.0,10.14,687.0,16.0,44.7,0.0,0.0,0.0,OWN,IN,3.0,0.0,0.0,0,credit_card,0
30000.0, 60 months,18.49,D,85000.0,35.93,667.0,21.0,49.9,0.0,0.0,1.0,MORTGAGE,NJ,2.0,0.0,2.0,0,debt_consolidation,0
15000.0, 36 months,9.8,B,60000.0,25.56,722.0,19.0,25.5,2.0,0.0,0.0,RENT,OH,10.0,0.0,3.0,0,credit_card,0
3500.0, 36 months,13.99,C,105000.0,17.65,667.0,9.0,78.9,0.0,0.0,0.0,RENT,CA,10.0,0.0,0.0,0,other,0
20000.0, 36 months,9.17,B,130000.0,12.77,717.0,8.0,36.5,0.0,0.0,0.0,RENT,NY,2.0,0.0,0.0,0,debt_consolidation,0
10000.0, 60 months,13.44,C,30160.0,29.45,687.0,5.0,95.2,0.0,0.0,0.0,RENT,IL,7.0,0.0,0.0,0,credit_card,0
35000.0, 60 months,18.49,D,132500.0,14.48,672.0,16.0,83.9,1.0,0.0,0.0,MORTGAGE,TX,9.0,0.0,5.0,0,debt_consolidation,0
16000.0, 60 months,14.85,C,90000.0,16.65,662.0,13.0,51.8,1.0,0.0,1.0,RENT,CA,10.0,0.0,0.0,0,credit_card,1
2000.0, 36 months,11.99,C,180000.0,12.66,667.0,10.0,75.8,0.0,0.0,0.0,MORTGAGE,IL,10.0,0.0,3.0,0,other,0
12000.0, 36 months,9.8,B,39500.0,25.43,727.0,9.0,65.7,0.0,0.0,0.0,RENT,TX,2.0,0.0,0.0,0,credit_card,0
8000.0, 36 months,6.99,A,80000.0,18.92,742.0,17.0,36.2,1.0,0.0,0.0,MORTGAGE,PA,1.0,0.0,2.0,0,credit_card,0
10000.0, 36 months,9.8,B,92000.0,10.55,682.0,8.0,54.6,0.0,1.0,0.0,MORTGAGE,WA,10.0,0.0,5.0,0,debt_consolidation,1
25000.0, 60 months,7.91,A,76500.0,15.65,752.0,8.0,62.5,0.0,0.0,0.0,RENT,MN,10.0,0.0,3.0,0,credit_card,0
35000.0, 36 months,13.99,C,100000.0,19.43,667.0,12.0,80.6,0.0,6.0,0.0,RENT,CA,10.0,0.0,5.0,0,debt_consolidation,0
25600.0, 60 months,7.91,A,150000.0,10.88,742.0,10.0,31.9,0.0,0.0,0.0,OWN,TX,3.0,0.0,2.0,0,debt_consolidation,0
4325.0, 36 months,11.99,C,90000.0,16.96,732.0,17.0,37.8,1.0,1.0,1.0,OWN,VA,10.0,0.0,3.0,0,major_purchase,0
6000.0, 36 months,6.99,A,48000.0,33.78,762.0,18.0,26.6,0.0,0.0,0.0,OWN,FL,10.0,0.0,0.0,0,credit_card,0
18200.0, 60 months,15.77,D,65000.0,29.28,662.0,27.0,59.8,1.0,0.0,1.0,RENT,GA,8.0,0.0,2.0,0,credit_card,1
10000.0, 36 months,6.99,A,54000.0,19.38,702.0,11.0,65.3,0.0,0.0,0.0,RENT,MN,3.0,0.0,0.0,0,credit_card,0
30000.0, 60 months,13.44,C,81000.0,12.03,727.0,12.0,52.5,0.0,3.0,0.0,MORTGAGE,MD,5.0,0.0,2.0,0,debt_consolidation,0
13200.0, 36 months,5.32,A,150000.0,15.45,742.0,14.0,27.7,0.0,0.0,0.0,MORTGAGE,TX,2.0,0.0,12.0,0,home_improvement,0
10000.0, 36 months,6.99,A,220000.0,4.76,712.0,8.0,47.6,1.0,0.0,1.0,RENT,IL,5.0,0.0,2.0,0,debt_consolidation,0
3000.0, 36 months,11.48,B,75000.0,22.82,667.0,13.0,56.4,0.0,1.0,0.0,MORTGAGE,TX,5.0,0.0,2.0,0,debt_consolidation,0
20000.0, 36 months,9.8,B,96000.0,19.04,767.0,9.0,37.8,0.0,0.0,0.0,OWN,FL,10.0,0.0,0.0,0,debt_consolidation,0
13875.0, 60 months,11.99,C,32500.0,23.53,712.0,7.0,81.4,0.0,0.0,0.0,MORTGAGE,LA,10.0,0.0,1.0,0,credit_card,0
18000.0, 36 months,6.49,A,76000.0,14.4,757.0,20.0,26.9,0.0,1.0,0.0,MORTGAGE,TX,10.0,1.0,4.0,0,debt_consolidation,0
15225.0, 36 months,8.49,B,40000.0,21.21,687.0,12.0,31.0,3.0,0.0,1.0,OWN,AL,3.0,0.0,0.0,0,debt_consolidation,1
16000.0, 60 months,11.48,B,65000.0,21.16,707.0,13.0,53.9,0.0,0.0,1.0,RENT,FL,6.0,0.0,2.0,0,debt_consolidation,1
21000.0, 60 months,9.8,B,125000.0,6.2,752.0,16.0,3.2,2.0,0.0,0.0,RENT,CA,7.0,0.0,0.0,0,other,1
13000.0, 60 months,16.59,D,40000.0,16.74,662.0,6.0,100.6,1.0,0.0,0.0,RENT,HI,1.0,0.0,0.0,0,debt_consolidation,1
20000.0, 36 months,7.91,A,120000.0,4.99,707.0,19.0,2.5,1.0,3.0,0.0,OWN,CA,5.0,0.0,2.0,0,major_purchase,0
31075.0, 36 months,7.49,A,70000.0,17.18,727.0,10.0,48.6,1.0,0.0,0.0,RENT,GA,10.0,0.0,3.0,0,credit_card,0
18000.0, 36 months,6.99,A,120000.0,14.88,712.0,7.0,63.5,0.0,1.0,0.0,OWN,CO,10.0,0.0,3.0,0,credit_card,0
5000.0, 36 months,9.17,B,74967.0,33.39,687.0,9.0,58.5,0.0,0.0,1.0,MORTGAGE,WY,,0.0,7.0,0,other,0
4675.0, 36 months,17.27,D,13000.0,34.07,677.0,6.0,44.1,1.0,1.0,0.0,MORTGAGE,MI,1.0,0.0,0.0,0,credit_card,0
6000.0, 36 months,9.8,B,85140.0,14.42,712.0,11.0,57.5,0.0,0.0,0.0,MORTGAGE,CA,4.0,0.0,1.0,0,debt_consolidation,0
12000.0, 60 months,12.88,C,90000.0,12.62,662.0,11.0,30.6,0.0,0.0,1.0,MORTGAGE,CA,10.0,0.0,4.0,0,debt_consolidation,0
13000.0, 60 months,13.99,C,115000.0,9.9,702.0,9.0,45.2,0.0,0.0,0.0,RENT,AZ,10.0,0.0,2.0,0,home_improvement,0
1800.0, 36 months,11.48,B,50000.0,20.38,662.0,9.0,95.7,0.0,0.0,0.0,RENT,NY,10.0,0.0,0.0,0,other,0
4475.0, 36 months,16.59,D,114000.0,8.36,672.0,5.0,44.0,2.0,4.0,1.0,RENT,TN,10.0,0.0,1.0,0,credit_card,0
14400.0, 36 months,6.49,A,70000.0,16.32,697.0,21.0,74.8,1.0,0.0,0.0,MORTGAGE,NC,8.0,0.0,1.0,0,debt_consolidation,0
5875.0, 36 months,7.91,A,70000.0,9.53,672.0,9.0,45.1,0.0,0.0,1.0,RENT,CA,5.0,0.0,0.0,0,debt_consolidation,0
20000.0, 36 months,17.97,D,180000.0,25.1,662.0,13.0,92.1,0.0,0.0,0.0,MORTGAGE,TX,7.0,0.0,2.0,0,debt_consolidation,0
10000.0, 36 months,6.99,A,115000.0,23.26,717.0,17.0,72.9,0.0,0.0,0.0,MORTGAGE,RI,5.0,0.0,5.0,0,debt_consolidation,0
34100.0, 60 months,12.88,C,92892.0,29.14,737.0,13.0,65.2,0.0,0.0,0.0,MORTGAGE,GA,8.0,0.0,2.0,0,debt_consolidation,0
24000.0, 36 months,11.48,B,56457.0,12.37,682.0,5.0,86.5,0.0,0.0,0.0,RENT,MA,3.0,0.0,0.0,0,credit_card,0
30000.0, 60 months,18.49,D,300000.0,8.62,682.0,10.0,94.7,0.0,0.0,2.0,MORTGAGE,WI,8.0,0.0,1.0,0,debt_consolidation,0
5200.0, 36 months,10.78,B,160000.0,8.0,662.0,6.0,39.7,1.0,1.0,0.0,MORTGAGE,TX,7.0,0.0,4.0,0,debt_consolidation,0
16800.0, 36 months,11.99,C,50000.0,5.76,677.0,10.0,40.7,1.0,0.0,1.0,RENT,CO,1.0,0.0,0.0,0,debt_consolidation,0
10000.0, 36 months,11.99,C,40000.0,10.95,667.0,4.0,27.2,3.0,0.0,0.0,RENT,NJ,7.0,0.0,0.0,0,debt_consolidation,0
22000.0, 60 months,17.97,D,55000.0,22.34,667.0,10.0,74.3,1.0,1.0,0.0,MORTGAGE,MI,10.0,0.0,1.0,0,debt_consolidation,0
28000.0, 36 months,5.32,A,144000.0,29.88,717.0,16.0,69.0,0.0,0.0,0.0,MORTGAGE,IL,10.0,0.0,1.0,0,debt_consolidation,0
7200.0, 36 months,6.49,A,60000.0,20.68,727.0,3.0,67.5,0.0,0.0,0.0,MORTGAGE,TN,10.0,0.0,1.0,0,credit_card,0
18000.0, 36 months,11.99,C,41000.0,38.35,692.0,12.0,61.8,0.0,0.0,0.0,RENT,CA,9.0,0.0,0.0,0,debt_consolidation,0
8400.0, 36 months,7.49,A,30000.0,29.2,732.0,9.0,46.0,0.0,0.0,0.0,OWN,OK,1.0,0.0,0.0,0,debt_consolidation,0
5000.0, 36 months,14.85,C,67000.0,31.08,672.0,18.0,57.6,2.0,0.0,0.0,RENT,PA,2.0,0.0,0.0,0,credit_card,0
5000.0, 36 months,9.8,B,55000.0,10.93,667.0,6.0,58.0,1.0,0.0,0.0,RENT,CA,10.0,0.0,0.0,0,debt_consolidation,1
2400.0, 36 months,11.48,B,60000.0,24.14,672.0,10.0,62.6,0.0,0.0,0.0,MORTGAGE,NC,5.0,0.0,1.0,0,debt_consolidation,1
15000.0, 36 months,5.32,A,60000.0,21.48,792.0,8.0,15.7,0.0,0.0,0.0,OWN,TX,9.0,0.0,0.0,0,debt_consolidation,0
6075.0, 36 months,9.17,B,64400.0,27.37,732.0,17.0,17.7,2.0,0.0,0.0,MORTGAGE,NJ,9.0,0.0,2.0,0,debt_consolidation,0
20000.0, 36 months,10.78,B,55000.0,22.58,672.0,11.0,62.9,1.0,0.0,0.0,RENT,IL,2.0,0.0,0.0,0,debt_consolidation,0
6025.0, 36 months,14.85,C,110000.0,21.32,667.0,17.0,38.4,2.0,1.0,1.0,RENT,MA,10.0,0.0,2.0,0,debt_consolidation,0
8400.0, 36 months,9.17,B,70000.0,12.96,692.0,7.0,60.5,0.0,0.0,0.0,MORTGAGE,GA,2.0,0.0,2.0,0,debt_consolidation,0
15000.0, 60 months,12.88,C,90000.0,21.17,712.0,14.0,35.0,0.0,0.0,0.0,RENT,CA,2.0,0.0,5.0,0,debt_consolidation,0
19200.0, 60 months,8.49,B,72000.0,21.22,722.0,15.0,49.5,1.0,0.0,0.0,MORTGAGE,HI,10.0,0.0,5.0,0,debt_consolidation,0
12000.0, 36 months,15.77,D,143000.0,3.61,697.0,8.0,30.2,1.0,1.0,0.0,MORTGAGE,CA,1.0,0.0,2.0,0,debt_consolidation,0
28800.0, 36 months,12.88,C,60000.0,6.68,702.0,9.0,48.0,0.0,0.0,0.0,MORTGAGE,VA,8.0,0.0,0.0,0,home_improvement,0
5000.0, 36 months,5.32,A,60000.0,19.22,732.0,7.0,16.9,0.0,0.0,0.0,MORTGAGE,CA,10.0,0.0,2.0,0,debt_consolidation,0
5000.0, 36 months,12.88,C,60000.0,30.24,687.0,10.0,44.9,2.0,2.0,0.0,MORTGAGE,VA,7.0,0.0,1.0,0,home_improvement,0
31500.0, 60 months,11.99,C,120000.0,10.55,757.0,7.0,25.5,0.0,0.0,0.0,MORTGAGE,CA,10.0,0.0,2.0,0,debt_consolidation,0
24000.0, 60 months,18.49,D,165000.0,13.05,662.0,13.0,79.1,1.0,1.0,1.0,RENT,CA,10.0,0.0,2.0,0,debt_consolidation,0
20000.0, 60 months,12.88,C,110000.0,23.89,672.0,18.0,57.0,2.0,0.0,0.0,MORTGAGE,TX,1.0,0.0,5.0,0,debt_consolidation,1
24000.0, 60 months,10.78,B,110000.0,20.82,737.0,15.0,34.6,0.0,0.0,0.0,MORTGAGE,MI,2.0,0.0,4.0,0,debt_consolidation,0
21850.0, 60 months,17.27,D,65000.0,12.74,662.0,9.0,97.2,0.0,2.0,0.0,MORTGAGE,NY,10.0,0.0,4.0,0,debt_consolidation,0
9500.0, 36 months,6.49,A,126500.0,8.67,682.0,14.0,18.8,0.0,1.0,1.0,MORTGAGE,AL,10.0,0.0,8.0,0,home_improvement,0
20000.0, 36 months,8.49,B,98000.0,16.7,677.0,11.0,71.8,0.0,1.0,0.0,MORTGAGE,MN,10.0,0.0,5.0,0,debt_consolidation,0
20000.0, 60 months,13.44,C,59000.0,26.54,682.0,22.0,57.5,0.0,0.0,0.0,RENT,NY,8.0,0.0,2.0,0,credit_card,0
20000.0, 60 months,16.59,D,135000.0,26.92,687.0,18.0,78.0,4.0,0.0,0.0,MORTGAGE,TX,10.0,0.0,1.0,0,home_improvement,1
20000.0, 60 months,12.88,C,65000.0,16.93,737.0,16.0,24.1,0.0,0.0,0.0,RENT,MA,1.0,0.0,0.0,0,credit_card,0
25200.0, 60 months,13.44,C,78000.0,20.46,712.0,7.0,63.4,0.0,0.0,0.0,MORTGAGE,VA,2.0,0.0,2.0,0,credit_card,0
12000.0, 36 months,6.99,A,50000.0,20.12,792.0,13.0,28.9,0.0,0.0,0.0,MORTGAGE,VA,10.0,0.0,1.0,0,credit_card,0
10000.0, 36 months,12.88,C,65000.0,14.73,672.0,11.0,48.3,0.0,0.0,1.0,MORTGAGE,AL,10.0,0.0,1.0,0,debt_consolidation,0
12000.0, 60 months,9.8,B,36500.0,18.91,807.0,10.0,26.5,0.0,0.0,0.0,MORTGAGE,SC,10.0,0.0,2.0,0,debt_consolidation,0
12000.0, 60 months,7.91,A,75000.0,6.4,752.0,4.0,59.8,0.0,0.0,0.0,MORTGAGE,GA,8.0,0.0,2.0,0,debt_consolidation,0
6425.0, 36 months,15.77,D,41000.0,2.87,672.0,4.0,7.0,2.0,1.0,1.0,RENT,NJ,1.0,0.0,0.0,0,debt_consolidation,0
12700.0, 36 months,17.97,D,32760.0,34.32,677.0,21.0,38.1,2.0,0.0,0.0,RENT,PA,3.0,0.0,0.0,0,debt_consolidation,0
35000.0, 36 months,13.99,C,121000.0,9.23,682.0,27.0,34.8,4.0,0.0,1.0,OWN,NY,10.0,0.0,0.0,0,credit_card,0
16000.0, 60 months,13.44,C,110000.0,15.82,677.0,16.0,58.9,1.0,0.0,0.0,MORTGAGE,IL,5.0,0.0,2.0,0,debt_consolidation,0
15000.0, 36 months,13.99,C,48000.0,31.29,672.0,6.0,41.7,0.0,0.0,0.0,OWN,NV,2.0,0.0,0.0,0,credit_card,1
20550.0, 60 months,16.59,D,60000.0,26.38,717.0,12.0,39.7,0.0,0.0,0.0,RENT,NV,10.0,0.0,4.0,0,debt_consolidation,0
25000.0, 36 months,6.99,A,127000.0,25.48,727.0,10.0,39.1,0.0,1.0,0.0,MORTGAGE,TX,10.0,0.0,3.0,0,home_improvement,0
14000.0, 60 months,19.48,E,115000.0,13.36,662.0,7.0,48.2,0.0,0.0,0.0,RENT,CA,10.0,0.0,0.0,0,debt_consolidation,0
16925.0, 60 months,21.48,E,47000.0,22.09,682.0,10.0,42.0,1.0,0.0,1.0,RENT,MN,10.0,0.0,3.0,0,major_purchase,1
4700.0, 36 months,13.44,C,22000.0,17.64,707.0,12.0,26.7,0.0,0.0,0.0,RENT,FL,3.0,0.0,0.0,0,debt_consolidation,0
5000.0, 36 months,8.49,B,25000.0,13.63,677.0,17.0,20.1,0.0,0.0,1.0,OWN,KY,,0.0,0.0,0,debt_consolidation,0
12000.0, 36 months,14.85,C,92500.0,17.66,672.0,12.0,2.4,0.0,1.0,3.0,MORTGAGE,GA,2.0,0.0,2.0,0,debt_consolidation,0
12000.0, 36 months,9.8,B,55000.0,12.61,662.0,9.0,63.2,0.0,1.0,0.0,RENT,MD,10.0,0.0,0.0,0,debt_consolidation,0
15000.0, 36 months,6.99,A,117000.0,4.66,702.0,4.0,20.4,2.0,2.0,0.0,MORTGAGE,WA,1.0,0.0,1.0,0,debt_consolidation,0
4900.0, 36 months,13.44,C,123000.0,25.6,687.0,8.0,64.8,0.0,0.0,0.0,MORTGAGE,FL,2.0,0.0,2.0,0,debt_consolidation,0
18000.0, 36 months,7.49,A,70000.0,16.82,692.0,10.0,87.2,0.0,1.0,0.0,MORTGAGE,MO,1.0,0.0,4.0,0,credit_card,0
18000.0, 60 months,14.85,C,48000.0,19.76,662.0,15.0,30.9,1.0,5.0,1.0,RENT,CO,5.0,0.0,0.0,0,debt_consolidation,1
25000.0, 36 months,17.27,D,120000.0,21.33,662.0,17.0,74.2,0.0,2.0,1.0,MORTGAGE,AL,10.0,0.0,2.0,0,debt_consolidation,1
15000.0, 36 months,12.88,C,50000.0,13.92,667.0,12.0,40.1,4.0,0.0,0.0,MORTGAGE,MI,10.0,0.0,4.0,0,debt_consolidation,0
3600.0, 36 months,11.48,B,97000.0,18.93,662.0,16.0,59.7,1.0,1.0,1.0,MORTGAGE,IL,1.0,0.0,2.0,0,car,0
33000.0, 36 months,8.49,B,92250.0,20.68,737.0,8.0,36.6,1.0,0.0,0.0,MORTGAGE,VA,5.0,0.0,4.0,0,other,0
14950.0, 60 months,18.99,E,68000.0,31.36,687.0,11.0,57.0,1.0,1.0,1.0,MORTGAGE,WI,10.0,0.0,2.0,0,debt_consolidation,0
15000.0, 36 months,12.88,C,154000.0,35.77,732.0,20.0,47.0,3.0,1.0,0.0,MORTGAGE,NJ,10.0,0.0,5.0,0,debt_consolidation,0
7000.0, 36 months,16.59,D,30100.0,25.68,682.0,13.0,64.8,0.0,3.0,0.0,MORTGAGE,OH,2.0,0.0,5.0,0,debt_consolidation,0
15000.0, 60 months,16.59,D,35300.0,36.52,682.0,9.0,47.0,0.0,1.0,0.0,RENT,KS,10.0,0.0,0.0,0,debt_consolidation,0
35000.0, 36 months,12.88,C,98000.0,18.93,692.0,11.0,40.4,0.0,0.0,0.0,RENT,MO,4.0,0.0,1.0,0,debt_consolidation,0
8000.0, 36 months,8.49,B,58000.0,5.9,732.0,11.0,30.1,0.0,0.0,0.0,MORTGAGE,CA,,0.0,6.0,0,credit_card,0
20000.0, 36 months,11.99,C,40000.0,22.84,712.0,18.0,22.6,1.0,0.0,0.0,MORTGAGE,NY,8.0,0.0,0.0,0,credit_card,1
14375.0, 60 months,19.89,E,80000.0,37.32,697.0,15.0,62.1,0.0,0.0,0.0,MORTGAGE,TX,1.0,0.0,1.0,0,debt_consolidation,0
21000.0, 36 months,9.17,B,85000.0,10.51,707.0,16.0,41.6,0.0,0.0,0.0,MORTGAGE,MA,1.0,0.0,3.0,0,debt_consolidation,0
3700.0, 36 months,12.88,C,65000.0,20.81,702.0,17.0,8.1,0.0,1.0,0.0,OWN,VA,10.0,0.0,0.0,0,debt_consolidation,0
8400.0, 36 months,9.17,B,85000.0,26.77,662.0,23.0,45.9,1.0,1.0,2.0,RENT,NH,10.0,0.0,0.0,0,credit_card,1
7200.0, 36 months,11.48,B,22000.0,23.57,752.0,10.0,8.6,3.0,0.0,0.0,RENT,TX,1.0,0.0,0.0,0,debt_consolidation,0
16800.0, 36 months,8.49,B,85400.0,17.27,707.0,10.0,43.5,0.0,0.0,0.0,MORTGAGE,PA,8.0,0.0,2.0,0,debt_consolidation,0
9000.0, 36 months,5.32,A,150000.0,0.63,797.0,4.0,7.0,0.0,0.0,0.0,MORTGAGE,HI,7.0,0.0,7.0,0,major_purchase,0
6000.0, 36 months,13.99,C,43700.0,31.87,662.0,20.0,10.3,0.0,1.0,0.0,MORTGAGE,FL,6.0,0.0,1.0,0,home_improvement,0
34000.0, 36 months,10.78,B,76497.0,13.32,707.0,4.0,96.9,0.0,0.0,0.0,RENT,NV,7.0,0.0,0.0,0,debt_consolidation,0
20000.0, 60 months,11.99,C,67000.0,6.52,682.0,5.0,94.1,0.0,0.0,0.0,MORTGAGE,PA,10.0,0.0,5.0,0,debt_consolidation,0
16000.0, 36 months,12.88,C,91000.0,11.78,667.0,14.0,40.7,0.0,3.0,0.0,MORTGAGE,NJ,10.0,0.0,4.0,0,debt_consolidation,1
11200.0, 36 months,8.49,B,70000.0,15.88,687.0,9.0,40.8,0.0,1.0,0.0,MORTGAGE,MA,10.0,0.0,3.0,0,debt_consolidation,0
21000.0, 60 months,18.49,D,95000.0,34.84,677.0,19.0,57.2,0.0,1.0,0.0,MORTGAGE,TX,10.0,0.0,2.0,0,debt_consolidation,0
16000.0, 60 months,12.88,C,65000.0,39.56,707.0,23.0,72.8,0.0,0.0,0.0,MORTGAGE,MI,10.0,0.0,0.0,0,credit_card,0
6000.0, 36 months,7.91,A,50000.0,19.42,787.0,8.0,24.0,1.0,0.0,0.0,MORTGAGE,KY,10.0,0.0,2.0,0,debt_consolidation,0
9100.0, 36 months,6.49,A,84000.0,15.57,732.0,12.0,21.7,0.0,0.0,0.0,RENT,OH,4.0,0.0,0.0,0,credit_card,0
10000.0, 36 months,6.99,A,60000.0,29.15,712.0,18.0,32.7,1.0,0.0,0.0,MORTGAGE,TN,10.0,0.0,4.0,0,other,0
28000.0, 60 months,10.78,B,135000.0,26.15,742.0,13.0,60.4,0.0,0.0,0.0,MORTGAGE,OH,3.0,0.0,3.0,0,debt_consolidation,1
30000.0, 60 months,27.49,G,115000.0,17.73,677.0,14.0,58.7,2.0,0.0,0.0,MORTGAGE,CO,1.0,0.0,4.0,0,other,1
8450.0, 36 months,11.99,C,37380.0,15.09,672.0,6.0,37.0,0.0,0.0,1.0,RENT,NC,10.0,0.0,2.0,0,debt_consolidation,0
8775.0, 36 months,22.45,F,75000.0,20.37,662.0,14.0,33.4,4.0,0.0,1.0,RENT,GA,10.0,0.0,0.0,0,credit_card,0
6000.0, 36 months,5.32,A,72000.0,17.08,692.0,11.0,87.8,1.0,1.0,0.0,MORTGAGE,TX,5.0,0.0,5.0,0,debt_consolidation,0
10000.0, 36 months,5.32,A,75000.0,5.17,772.0,10.0,20.4,1.0,0.0,0.0,MORTGAGE,WY,10.0,0.0,3.0,0,debt_consolidation,0
10000.0, 36 months,15.77,D,128000.0,36.23,687.0,18.0,67.4,1.0,1.0,0.0,RENT,CA,4.0,0.0,0.0,0,debt_consolidation,1
7200.0, 36 months,17.27,D,22000.0,38.63,702.0,10.0,60.9,0.0,0.0,0.0,RENT,MD,3.0,0.0,0.0,0,debt_consolidation,0
20000.0, 60 months,14.85,C,75000.0,18.76,707.0,16.0,89.0,0.0,0.0,0.0,OWN,CA,5.0,0.0,5.0,0,debt_consolidation,0
20000.0, 36 months,9.17,B,95750.0,19.14,687.0,11.0,27.9,0.0,1.0,0.0,RENT,FL,2.0,0.0,0.0,0,debt_consolidation,1
5000.0, 36 months,5.32,A,130000.0,10.44,722.0,9.0,25.1,1.0,0.0,0.0,MORTGAGE,CA,8.0,0.0,4.0,0,debt_consolidation,0
15000.0, 60 months,9.8,B,35179.0,23.47,707.0,19.0,45.4,0.0,0.0,0.0,MORTGAGE,CO,1.0,0.0,1.0,0,debt_consolidation,1
23950.0, 36 months,17.97,D,160000.0,18.41,677.0,14.0,59.0,1.0,0.0,1.0,RENT,PA,3.0,0.0,7.0,0,credit_card,1
15000.0, 36 months,10.78,B,160000.0,24.79,672.0,13.0,78.8,0.0,0.0,0.0,MORTGAGE,FL,10.0,0.0,5.0,0,debt_consolidation,0
2250.0, 36 months,8.49,B,60000.0,16.88,692.0,13.0,59.5,1.0,0.0,1.0,MORTGAGE,IN,1.0,0.0,1.0,0,credit_card,0
14000.0, 36 months,13.44,C,40000.0,37.39,672.0,14.0,63.8,1.0,0.0,0.0,MORTGAGE,LA,1.0,0.0,2.0,0,debt_consolidation,0
14000.0, 36 months,12.88,C,80000.0,5.04,662.0,11.0,37.8,2.0,0.0,0.0,RENT,CA,2.0,0.0,0.0,0,debt_consolidation,1
18000.0, 36 months,7.49,A,83000.0,7.93,702.0,17.0,24.1,1.0,0.0,0.0,MORTGAGE,VA,3.0,0.0,6.0,0,debt_consolidation,0
12000.0, 36 months,5.32,A,72500.0,2.71,747.0,10.0,26.9,0.0,0.0,0.0,MORTGAGE,MD,3.0,0.0,2.0,0,other,0
5600.0, 36 months,10.78,B,46000.0,13.18,662.0,7.0,84.4,0.0,0.0,0.0,OWN,MD,10.0,0.0,1.0,0,credit_card,0
35000.0, 36 months,16.59,D,83000.0,25.52,702.0,16.0,78.4,1.0,0.0,0.0,RENT,CA,1.0,0.0,0.0,0,debt_consolidation,0
8000.0, 36 months,12.88,C,43500.0,22.48,702.0,11.0,22.1,1.0,0.0,1.0,RENT,GA,3.0,0.0,0.0,0,other,1
2400.0, 36 months,13.44,C,26000.0,16.39,672.0,7.0,35.3,0.0,0.0,0.0,RENT,WA,3.0,0.0,0.0,0,debt_consolidation,0
35000.0, 36 months,17.27,D,98000.0,19.74,687.0,18.0,47.8,3.0,0.0,0.0,MORTGAGE,FL,1.0,0.0,6.0,0,debt_consolidation,0
35000.0, 60 months,10.78,B,140000.0,16.46,747.0,9.0,44.0,0.0,0.0,0.0,MORTGAGE,NC,10.0,0.0,8.0,0,credit_card,0
7000.0, 36 months,12.88,C,55000.0,37.22,737.0,4.0,0.0,0.0,0.0,0.0,OWN,AZ,10.0,0.0,0.0,0,other,0
8000.0, 36 months,11.99,C,23200.0,33.78,677.0,12.0,40.8,1.0,0.0,0.0,OWN,OR,2.0,0.0,0.0,0,debt_consolidation,0
6125.0, 36 months,17.27,D,70000.0,17.36,692.0,9.0,27.1,0.0,0.0,1.0,RENT,NY,4.0,0.0,1.0,0,debt_consolidation,0
10400.0, 36 months,13.44,C,150000.0,18.51,672.0,23.0,66.7,1.0,1.0,0.0,MORTGAGE,MO,10.0,0.0,2.0,0,debt_consolidation,1
30000.0, 36 months,7.91,A,134000.0,17.1,727.0,12.0,42.4,1.0,0.0,0.0,MORTGAGE,AL,5.0,0.0,3.0,0,debt_consolidation,0
4000.0, 36 months,14.85,C,30000.0,8.18,667.0,11.0,20.1,2.0,1.0,1.0,MORTGAGE,IL,5.0,0.0,0.0,0,debt_consolidation,0
10000.0, 36 months,10.78,B,125000.0,19.92,687.0,19.0,24.0,0.0,1.0,0.0,MORTGAGE,FL,10.0,0.0,4.0,0,debt_consolidation,0
16000.0, 36 months,7.91,A,50000.0,24.41,717.0,9.0,64.8,0.0,0.0,0.0,MORTGAGE,KY,1.0,0.0,2.0,0,debt_consolidation,0
24000.0, 60 months,17.27,D,67000.0,29.07,692.0,12.0,62.9,1.0,4.0,1.0,MORTGAGE,NY,10.0,0.0,3.0,0,home_improvement,1
19225.0, 60 months,26.99,G,56600.0,18.21,712.0,8.0,44.7,1.0,0.0,1.0,MORTGAGE,OH,1.0,0.0,0.0,0,debt_consolidation,1
13000.0, 60 months,12.88,C,130000.0,5.51,707.0,11.0,29.4,2.0,0.0,0.0,MORTGAGE,OK,5.0,0.0,1.0,0,home_improvement,1
16800.0, 60 months,9.17,B,52000.0,28.96,737.0,14.0,64.0,0.0,0.0,0.0,MORTGAGE,OH,7.0,0.0,1.0,0,debt_consolidation,0
2000.0, 36 months,6.49,A,35037.0,8.51,762.0,9.0,11.0,0.0,0.0,0.0,OWN,MD,3.0,0.0,2.0,0,credit_card,0
19200.0, 36 months,5.32,A,50000.0,19.24,692.0,4.0,82.2,0.0,0.0,1.0,MORTGAGE,SC,1.0,0.0,0.0,0,debt_consolidation,0
10000.0, 60 months,13.44,C,140000.0,9.99,662.0,12.0,42.7,1.0,0.0,1.0,RENT,CA,10.0,0.0,1.0,0,debt_consolidation,0
35000.0, 36 months,7.91,A,165000.0,18.89,712.0,21.0,50.0,1.0,0.0,1.0,MORTGAGE,NY,4.0,0.0,0.0,0,debt_consolidation,0
15000.0, 36 months,12.88,C,60000.0,36.4,677.0,9.0,62.0,0.0,0.0,1.0,MORTGAGE,AL,10.0,0.0,8.0,0,debt_consolidation,0
35000.0, 36 months,15.77,D,84468.0,16.85,667.0,13.0,55.9,0.0,1.0,0.0,RENT,NC,1.0,1.0,1.0,0,debt_consolidation,0
18000.0, 36 months,8.49,B,55000.0,27.17,672.0,14.0,71.7,0.0,0.0,0.0,RENT,OH,1.0,0.0,0.0,0,credit_card,0
8000.0, 36 months,9.8,B,40000.0,25.15,687.0,19.0,35.3,0.0,0.0,1.0,RENT,CA,6.0,0.0,0.0,0,debt_consolidation,1
15000.0, 60 months,12.88,C,50000.0,30.08,807.0,9.0,9.5,0.0,0.0,0.0,OWN,AZ,10.0,0.0,0.0,0,debt_consolidation,0
17400.0, 60 months,8.49,B,175000.0,7.04,697.0,6.0,32.1,0.0,0.0,0.0,MORTGAGE,OR,10.0,0.0,5.0,0,debt_consolidation,0
35000.0, 36 months,11.99,C,156000.0,14.98,712.0,11.0,88.5,0.0,0.0,0.0,MORTGAGE,TN,10.0,0.0,4.0,0,credit_card,0
12000.0, 36 months,9.17,B,100000.0,12.13,747.0,11.0,6.1,0.0,0.0,0.0,RENT,IL,3.0,0.0,0.0,0,debt_consolidation,0
24000.0, 36 months,9.17,B,66000.0,23.98,667.0,26.0,61.7,0.0,1.0,1.0,RENT,CA,10.0,0.0,2.0,0,debt_consolidation,0
8000.0, 36 months,7.91,A,66500.0,29.22,727.0,10.0,40.7,0.0,0.0,0.0,OWN,TX,5.0,0.0,1.0,0,home_improvement,0
16775.0, 60 months,19.89,E,74000.0,29.91,677.0,16.0,35.0,5.0,0.0,1.0,MORTGAGE,GA,1.0,0.0,7.0,0,debt_consolidation,0
8000.0, 36 months,8.49,B,48000.0,15.15,672.0,4.0,86.0,4.0,0.0,0.0,MORTGAGE,AZ,3.0,0.0,2.0,0,credit_card,0
21000.0, 36 months,10.78,B,100000.0,29.75,732.0,24.0,31.3,0.0,0.0,0.0,MORTGAGE,CO,1.0,0.0,5.0,0,debt_consolidation,0
20000.0, 60 months,13.44,C,150000.0,5.73,672.0,7.0,57.1,0.0,1.0,0.0,MORTGAGE,FL,2.0,0.0,4.0,0,other,0
10000.0, 36 months,12.88,C,113000.0,21.59,692.0,12.0,76.0,0.0,0.0,0.0,MORTGAGE,OR,1.0,0.0,3.0,0,credit_card,0
6000.0, 36 months,7.91,A,81120.0,18.45,687.0,10.0,34.9,1.0,0.0,1.0,MORTGAGE,NC,1.0,0.0,2.0,0,debt_consolidation,0
6000.0, 36 months,18.49,D,54744.0,23.96,667.0,7.0,34.3,1.0,1.0,0.0,MORTGAGE,NJ,,0.0,3.0,0,debt_consolidation,0
8400.0, 36 months,11.48,B,80000.0,13.92,712.0,12.0,29.1,0.0,0.0,0.0,RENT,NY,1.0,0.0,0.0,0,credit_card,0
10000.0, 60 months,12.88,C,33000.0,23.23,667.0,8.0,48.8,2.0,1.0,0.0,RENT,HI,10.0,0.0,0.0,0,credit_card,0
6000.0, 36 months,9.17,B,72000.0,2.8,662.0,9.0,9.8,0.0,0.0,1.0,OWN,CO,2.0,0.0,0.0,0,credit_card,0
20000.0, 36 months,8.49,B,70000.0,12.51,677.0,3.0,62.2,0.0,0.0,0.0,RENT,NY,10.0,0.0,0.0,0,credit_card,0
4600.0, 36 months,11.99,C,14688.0,14.79,672.0,10.0,31.5,1.0,0.0,1.0,RENT,FL,,0.0,2.0,0,credit_card,0
20000.0, 36 months,17.27,D,50000.0,33.75,707.0,11.0,58.1,0.0,0.0,0.0,MORTGAGE,NC,10.0,0.0,4.0,0,other,0
15000.0, 36 months,9.17,B,48112.0,31.62,687.0,12.0,58.0,0.0,1.0,0.0,RENT,CA,2.0,0.0,0.0,0,credit_card,0
12000.0, 36 months,12.88,C,40000.0,23.98,692.0,13.0,48.1,1.0,0.0,0.0,MORTGAGE,AZ,4.0,0.0,2.0,0,debt_consolidation,0
5000.0, 36 months,10.78,B,75000.0,16.7,707.0,13.0,60.5,0.0,0.0,0.0,OWN,NC,10.0,0.0,1.0,0,debt_consolidation,0
6000.0, 36 months,10.78,B,57000.0,18.34,692.0,12.0,21.1,0.0,2.0,0.0,MORTGAGE,MD,1.0,0.0,1.0,0,debt_consolidation,0
10050.0, 60 months,17.27,D,34000.0,18.6,712.0,5.0,75.0,0.0,0.0,0.0,RENT,OH,10.0,0.0,2.0,0,credit_card,0
6000.0, 36 months,5.32,A,43000.0,20.37,682.0,8.0,24.5,0.0,0.0,0.0,RENT,NY,10.0,0.0,0.0,0,debt_consolidation,0
28000.0, 60 months,20.5,E,84000.0,37.26,702.0,22.0,48.5,1.0,0.0,0.0,RENT,CA,10.0,0.0,0.0,0,debt_consolidation,1
15000.0, 36 months,5.32,A,81000.0,16.95,802.0,14.0,9.4,0.0,0.0,0.0,OWN,TX,3.0,0.0,1.0,0,credit_card,0
10500.0, 36 months,8.49,B,168400.0,27.58,717.0,18.0,61.5,0.0,0.0,0.0,MORTGAGE,TX,10.0,0.0,5.0,0,other,0
10000.0, 36 months,13.44,C,34000.0,11.19,722.0,17.0,15.1,2.0,0.0,0.0,MORTGAGE,MA,3.0,0.0,1.0,0,debt_consolidation,0
3600.0, 36 months,7.49,A,62000.0,22.42,722.0,21.0,19.6,1.0,0.0,0.0,MORTGAGE,MI,1.0,0.0,1.0,0,debt_consolidation,0
10000.0, 36 months,11.48,B,72000.0,26.9,682.0,13.0,61.4,0.0,0.0,0.0,MORTGAGE,VA,10.0,0.0,3.0,0,other,0
30000.0, 36 months,8.49,B,115000.0,13.54,692.0,23.0,46.2,0.0,1.0,0.0,RENT,NV,10.0,0.0,5.0,0,credit_card,0
8000.0, 36 months,11.99,C,35000.0,10.12,722.0,10.0,26.9,1.0,0.0,0.0,RENT,NY,2.0,0.0,0.0,0,debt_consolidation,0
15000.0, 60 months,16.59,D,55000.0,10.17,662.0,13.0,54.4,1.0,0.0,0.0,MORTGAGE,CT,1.0,0.0,0.0,0,debt_consolidation,1
21600.0, 36 months,8.49,B,60000.0,17.42,687.0,10.0,67.7,0.0,0.0,0.0,MORTGAGE,CO,2.0,0.0,1.0,0,debt_consolidation,0
12000.0, 36 months,9.17,B,105000.0,16.86,672.0,12.0,34.1,0.0,1.0,0.0,MORTGAGE,TN,10.0,0.0,4.0,0,credit_card,0
28000.0, 36 months,7.91,A,102000.0,21.05,702.0,24.0,39.9,2.0,1.0,0.0,MORTGAGE,IN,8.0,0.0,3.0,0,credit_card,0
6400.0, 36 months,11.48,B,33000.0,15.6,687.0,9.0,56.5,0.0,0.0,1.0,RENT,FL,10.0,0.0,1.0,0,credit_card,0
15000.0, 36 months,9.17,B,48000.0,12.2,682.0,10.0,60.1,0.0,0.0,1.0,RENT,NY,10.0,0.0,0.0,0,car,0
13000.0, 36 months,7.91,A,70000.0,26.32,712.0,10.0,40.6,0.0,0.0,0.0,RENT,TX,2.0,0.0,0.0,0,credit_card,0
10000.0, 36 months,13.44,C,80000.0,15.56,672.0,9.0,57.0,1.0,1.0,1.0,RENT,CT,3.0,0.0,3.0,0,credit_card,0
24800.0, 36 months,7.91,A,95000.0,14.76,767.0,14.0,34.3,0.0,0.0,0.0,MORTGAGE,CO,10.0,0.0,4.0,0,debt_consolidation,0
12000.0, 60 months,10.78,B,56000.0,25.98,707.0,7.0,28.6,0.0,0.0,1.0,OWN,AR,10.0,0.0,0.0,0,other,1
10800.0, 60 months,8.49,B,96000.0,12.25,697.0,17.0,49.1,2.0,0.0,0.0,MORTGAGE,NC,9.0,0.0,4.0,0,car,1
15000.0, 36 months,11.99,C,65000.0,17.56,667.0,9.0,88.3,0.0,0.0,0.0,MORTGAGE,CA,1.0,0.0,1.0,0,debt_consolidation,0
24000.0, 36 months,5.32,A,120000.0,15.82,727.0,13.0,35.4,1.0,0.0,0.0,MORTGAGE,NJ,3.0,0.0,1.0,0,credit_card,0
2000.0, 36 months,13.44,C,75600.0,10.17,687.0,5.0,92.7,0.0,1.0,0.0,OWN,KY,10.0,0.0,4.0,0,debt_consolidation,0
22600.0, 36 months,15.77,D,53867.0,25.31,677.0,33.0,53.5,2.0,0.0,0.0,MORTGAGE,CA,3.0,0.0,0.0,0,debt_consolidation,0
13500.0, 36 months,23.13,F,50000.0,25.3,662.0,17.0,23.0,3.0,0.0,1.0,RENT,FL,10.0,0.0,0.0,0,debt_consolidation,1
6000.0, 36 months,10.78,B,66000.0,19.96,697.0,11.0,23.9,1.0,1.0,0.0,MORTGAGE,MN,10.0,0.0,1.0,0,car,1
20000.0, 60 months,9.8,B,84000.0,23.27,692.0,12.0,63.4,1.0,0.0,0.0,MORTGAGE,WV,10.0,0.0,4.0,0,credit_card,0
5000.0, 36 months,6.49,A,55000.0,29.15,702.0,9.0,42.2,0.0,0.0,1.0,OWN,NH,10.0,0.0,0.0,0,debt_consolidation,0
20000.0, 36 months,7.49,A,100000.0,12.18,737.0,9.0,46.8,0.0,0.0,0.0,MORTGAGE,MA,10.0,0.0,2.0,0,credit_card,0
12000.0, 36 months,9.8,B,103000.0,18.54,682.0,11.0,74.9,0.0,1.0,0.0,MORTGAGE,VA,10.0,0.0,2.0,0,debt_consolidation,0
32000.0, 36 months,11.48,B,107000.0,19.13,712.0,12.0,89.0,1.0,0.0,0.0,MORTGAGE,VT,10.0,0.0,8.0,0,credit_card,0
15200.0, 60 months,13.99,C,69998.0,14.52,662.0,7.0,85.6,0.0,0.0,1.0,OWN,MO,10.0,0.0,1.0,0,debt_consolidation,1
12500.0, 60 months,11.99,C,60000.0,16.98,687.0,5.0,69.0,0.0,0.0,0.0,MORTGAGE,NC,1.0,0.0,1.0,0,debt_consolidation,0
21000.0, 36 months,10.78,B,81000.0,17.19,702.0,12.0,45.6,0.0,0.0,0.0,MORTGAGE,IN,4.0,0.0,2.0,0,debt_consolidation,0
16000.0, 36 months,8.49,B,35000.0,24.49,707.0,10.0,50.9,0.0,0.0,1.0,RENT,NE,3.0,0.0,0.0,0,credit_card,0
24650.0, 36 months,11.48,B,100000.0,22.64,727.0,11.0,56.0,0.0,0.0,0.0,MORTGAGE,CA,10.0,0.0,5.0,0,debt_consolidation,0
11000.0, 36 months,7.91,A,77000.0,28.73,687.0,11.0,60.3,0.0,2.0,0.0,MORTGAGE,OH,3.0,0.0,3.0,0,debt_consolidation,0
22400.0, 60 months,14.85,C,70000.0,18.69,697.0,10.0,69.8,1.0,0.0,0.0,RENT,RI,10.0,0.0,0.0,0,credit_card,0
15125.0, 60 months,18.49,D,61000.0,25.38,682.0,16.0,47.0,0.0,0.0,0.0,MORTGAGE,FL,10.0,0.0,1.0,0,debt_consolidation,1
8725.0, 36 months,11.99,C,60000.0,29.56,732.0,9.0,38.6,0.0,0.0,0.0,MORTGAGE,MO,10.0,0.0,4.0,0,debt_consolidation,1
8000.0, 36 months,7.91,A,63800.0,23.76,732.0,11.0,32.2,1.0,1.0,0.0,MORTGAGE,TX,10.0,0.0,2.0,0,debt_consolidation,0
8000.0, 36 months,9.17,B,52000.0,11.86,667.0,4.0,26.2,0.0,1.0,0.0,RENT,CA,2.0,0.0,2.0,0,major_purchase,0
11000.0, 36 months,14.85,C,42240.0,19.18,687.0,13.0,26.1,0.0,1.0,0.0,RENT,MA,2.0,0.0,0.0,0,home_improvement,0
11725.0, 60 months,18.99,E,82000.0,13.32,682.0,10.0,35.8,0.0,0.0,1.0,MORTGAGE,CA,5.0,0.0,3.0,0,debt_consolidation,0
28500.0, 60 months,18.99,E,70000.0,29.37,692.0,16.0,77.0,0.0,0.0,0.0,MORTGAGE,WA,1.0,0.0,0.0,0,debt_consolidation,0
25000.0, 36 months,6.49,A,120000.0,21.3,747.0,17.0,28.0,0.0,0.0,0.0,OWN,TX,5.0,0.0,1.0,0,credit_card,0
7000.0, 36 months,9.17,B,70000.0,16.1,662.0,13.0,47.0,2.0,0.0,0.0,RENT,CA,5.0,0.0,0.0,0,moving,0
12000.0, 36 months,9.8,B,100000.0,12.07,667.0,10.0,65.4,0.0,0.0,0.0,MORTGAGE,IL,1.0,0.0,0.0,0,debt_consolidation,0
20000.0, 60 months,8.49,B,40000.0,20.04,787.0,16.0,6.1,3.0,0.0,0.0,OWN,KY,10.0,0.0,3.0,0,credit_card,0
5875.0, 36 months,15.77,D,56000.0,25.65,672.0,5.0,38.7,2.0,0.0,0.0,RENT,IL,10.0,0.0,0.0,0,debt_consolidation,0
18000.0, 60 months,18.49,D,145000.0,15.54,672.0,26.0,47.9,0.0,0.0,0.0,RENT,CA,10.0,0.0,5.0,0,debt_consolidation,0
28000.0, 36 months,7.91,A,160000.0,23.69,712.0,16.0,75.2,1.0,0.0,0.0,MORTGAGE,WA,1.0,0.0,6.0,0,home_improvement,0
35000.0, 60 months,9.8,B,205000.0,5.71,712.0,10.0,22.8,1.0,0.0,0.0,RENT,CA,10.0,0.0,2.0,0,moving,0
31800.0, 60 months,16.59,D,65000.0,24.15,812.0,12.0,17.7,0.0,0.0,0.0,MORTGAGE,AR,1.0,0.0,7.0,0,debt_consolidation,0
25000.0, 60 months,17.97,D,105000.0,22.57,682.0,10.0,31.3,0.0,0.0,1.0,MORTGAGE,VA,10.0,0.0,4.0,0,debt_consolidation,0
16000.0, 36 months,17.27,D,54000.0,20.73,717.0,10.0,27.8,1.0,0.0,0.0,RENT,NY,6.0,0.0,0.0,0,debt_consolidation,0
25000.0, 60 months,10.78,B,82000.0,26.88,722.0,8.0,80.0,0.0,0.0,0.0,OWN,OH,10.0,0.0,0.0,0,credit_card,0
35000.0, 60 months,16.59,D,139000.0,14.95,672.0,10.0,77.8,2.0,0.0,0.0,MORTGAGE,CA,5.0,0.0,5.0,0,credit_card,0
18000.0, 36 months,7.91,A,60000.0,11.52,682.0,12.0,50.3,0.0,0.0,0.0,OWN,FL,1.0,0.0,1.0,0,credit_card,1
10000.0, 36 months,7.49,A,55500.0,15.05,702.0,8.0,41.5,0.0,1.0,0.0,MORTGAGE,PA,1.0,0.0,2.0,0,debt_consolidation,0
8000.0, 36 months,14.85,C,53040.0,20.54,662.0,12.0,63.0,3.0,0.0,1.0,RENT,HI,2.0,0.0,0.0,0,credit_card,0
12000.0, 60 months,13.44,C,75000.0,18.46,682.0,11.0,84.9,0.0,1.0,0.0,MORTGAGE,KY,10.0,0.0,2.0,0,debt_consolidation,0
15000.0, 36 months,5.32,A,75000.0,8.75,782.0,11.0,12.3,2.0,0.0,0.0,MORTGAGE,NJ,,0.0,4.0,0,debt_consolidation,0
20000.0, 60 months,11.99,C,155000.0,22.47,712.0,17.0,34.8,0.0,1.0,0.0,MORTGAGE,NC,4.0,0.0,3.0,0,house,0
14000.0, 60 months,19.89,E,80000.0,14.39,702.0,13.0,58.8,0.0,0.0,0.0,MORTGAGE,TN,10.0,0.0,4.0,0,small_business,0
20500.0, 36 months,8.49,B,77700.0,18.56,687.0,16.0,39.0,0.0,0.0,1.0,RENT,CA,,0.0,0.0,0,debt_consolidation,0
4700.0, 36 months,13.99,C,88000.0,14.21,662.0,6.0,77.6,0.0,0.0,2.0,MORTGAGE,VA,4.0,0.0,3.0,0,debt_consolidation,0
28000.0, 60 months,9.17,B,76008.0,14.47,692.0,18.0,43.1,1.0,0.0,0.0,MORTGAGE,CA,4.0,0.0,1.0,0,debt_consolidation,0
12000.0, 36 months,7.91,A,71000.0,24.86,717.0,27.0,38.3,0.0,1.0,0.0,MORTGAGE,TN,10.0,0.0,5.0,0,debt_consolidation,0
7200.0, 36 months,7.91,A,42500.0,11.07,672.0,10.0,47.1,1.0,5.0,0.0,RENT,FL,1.0,0.0,0.0,0,credit_card,0
11000.0, 36 months,7.49,A,33000.0,37.56,802.0,26.0,7.1,0.0,0.0,0.0,OWN,DE,,0.0,0.0,0,debt_consolidation,0
11000.0, 60 months,13.99,C,52000.0,5.7,662.0,8.0,56.8,0.0,0.0,0.0,MORTGAGE,CA,5.0,0.0,0.0,0,debt_consolidation,1
3500.0, 36 months,9.8,B,45000.0,22.29,727.0,30.0,26.1,1.0,1.0,0.0,MORTGAGE,WI,1.0,0.0,2.0,0,car,0
23850.0, 36 months,13.44,C,111000.0,13.58,662.0,24.0,53.3,2.0,0.0,1.0,OWN,CA,3.0,0.0,0.0,0,major_purchase,0
3600.0, 36 months,15.77,D,70000.0,14.33,687.0,12.0,52.0,0.0,1.0,0.0,RENT,VT,3.0,0.0,0.0,0,other,0
15000.0, 36 months,7.91,A,54000.0,19.39,672.0,6.0,52.9,0.0,1.0,0.0,RENT,TX,2.0,0.0,0.0,0,debt_consolidation,0
16500.0, 36 months,11.99,C,76000.0,2.56,727.0,12.0,23.5,1.0,0.0,0.0,MORTGAGE,OR,10.0,0.0,0.0,0,credit_card,0
8275.0, 36 months,10.78,B,55000.0,38.05,717.0,10.0,89.7,0.0,0.0,0.0,MORTGAGE,NJ,,0.0,4.0,0,credit_card,0
35000.0, 36 months,17.27,D,80000.0,15.77,692.0,9.0,74.1,0.0,2.0,0.0,MORTGAGE,CO,1.0,0.0,1.0,0,home_improvement,0
20000.0, 36 months,5.32,A,106000.0,20.04,737.0,14.0,35.2,2.0,0.0,0.0,MORTGAGE,MA,1.0,0.0,2.0,0,debt_consolidation,0
22800.0, 36 months,5.32,A,76000.0,21.96,737.0,12.0,37.3,1.0,0.0,0.0,MORTGAGE,NY,6.0,0.0,3.0,0,debt_consolidation,0
10000.0, 36 months,8.49,B,35000.0,33.54,707.0,12.0,44.3,1.0,0.0,0.0,OWN,MS,4.0,0.0,1.0,0,credit_card,0
19000.0, 36 months,10.78,B,155000.0,18.42,667.0,7.0,75.2,0.0,0.0,0.0,MORTGAGE,NJ,10.0,0.0,4.0,0,debt_consolidation,0
18000.0, 60 months,8.49,B,92000.0,3.48,752.0,4.0,57.6,0.0,0.0,0.0,MORTGAGE,OR,5.0,0.0,3.0,0,debt_consolidation,0
6000.0, 36 months,16.59,D,40000.0,10.8,662.0,6.0,46.8,3.0,0.0,0.0,RENT,OR,2.0,0.0,0.0,0,debt_consolidation,1
35000.0, 36 months,16.59,D,105000.0,27.22,702.0,15.0,66.3,1.0,0.0,0.0,MORTGAGE,PA,10.0,0.0,3.0,0,credit_card,0
6000.0, 36 months,13.99,C,210000.0,12.55,667.0,9.0,88.8,1.0,0.0,0.0,MORTGAGE,TX,10.0,0.0,2.0,0,debt_consolidation,0
16000.0, 36 months,13.99,C,52000.0,33.12,707.0,15.0,26.2,0.0,0.0,1.0,RENT,NJ,1.0,0.0,0.0,0,debt_consolidation,1
5000.0, 36 months,16.59,D,19000.0,14.28,667.0,6.0,80.8,0.0,0.0,0.0,RENT,PA,,0.0,0.0,0,debt_consolidation,0
3000.0, 36 months,18.49,D,54000.0,32.18,682.0,46.0,33.2,2.0,1.0,0.0,RENT,NY,1.0,0.0,0.0,0,house,1
20000.0, 36 months,14.85,C,120000.0,33.29,687.0,11.0,91.9,1.0,0.0,0.0,OWN,NY,10.0,0.0,6.0,0,other,1
24000.0, 60 months,23.13,F,43435.0,35.7,682.0,13.0,73.1,0.0,0.0,1.0,MORTGAGE,TX,6.0,0.0,1.0,0,debt_consolidation,0
20000.0, 36 months,7.49,A,106000.0,27.2,707.0,17.0,54.6,0.0,0.0,0.0,MORTGAGE,TX,10.0,0.0,4.0,0,debt_consolidation,0
8000.0, 36 months,9.17,B,65000.0,22.05,687.0,13.0,79.8,0.0,2.0,0.0,RENT,OH,1.0,0.0,1.0,0,major_purchase,0
5000.0, 36 months,12.88,C,47000.0,38.61,682.0,17.0,54.9,0.0,0.0,0.0,RENT,TX,1.0,0.0,0.0,0,debt_consolidation,0
20000.0, 36 months,5.32,A,135000.0,15.9,707.0,14.0,44.4,1.0,0.0,0.0,MORTGAGE,NY,10.0,0.0,7.0,0,debt_consolidation,0
5000.0, 36 months,13.44,C,110000.0,24.66,672.0,28.0,74.5,1.0,0.0,0.0,RENT,CA,6.0,0.0,2.0,0,debt_consolidation,0
30425.0, 60 months,19.89,E,69201.0,16.67,682.0,16.0,87.2,1.0,0.0,0.0,MORTGAGE,WI,9.0,0.0,5.0,0,credit_card,0
12000.0, 36 months,10.78,B,29500.0,16.27,682.0,8.0,53.4,0.0,0.0,1.0,RENT,CA,5.0,0.0,0.0,0,debt_consolidation,0
19675.0, 60 months,21.48,E,86000.0,8.09,662.0,8.0,39.2,0.0,1.0,0.0,MORTGAGE,MD,1.0,1.0,1.0,0,debt_consolidation,0
24000.0, 36 months,9.8,B,125000.0,2.96,702.0,24.0,14.5,2.0,0.0,0.0,OWN,IL,3.0,0.0,0.0,0,home_improvement,1
12000.0, 36 months,10.78,B,85000.0,24.06,682.0,18.0,46.3,2.0,0.0,0.0,MORTGAGE,PA,2.0,0.0,4.0,0,debt_consolidation,0
12000.0, 36 months,5.32,A,45000.0,29.87,782.0,7.0,63.3,0.0,0.0,0.0,OWN,CA,4.0,0.0,1.0,0,debt_consolidation,0
28000.0, 36 months,7.91,A,112000.0,11.95,717.0,5.0,50.0,0.0,0.0,0.0,MORTGAGE,CO,2.0,0.0,2.0,0,credit_card,0
14000.0, 36 months,10.78,B,105000.0,26.66,692.0,11.0,88.3,0.0,0.0,0.0,RENT,NY,7.0,0.0,0.0,0,credit_card,0
9975.0, 36 months,23.13,F,31200.0,21.14,687.0,10.0,35.6,0.0,0.0,0.0,OWN,CA,9.0,0.0,0.0,0,other,0
10000.0, 36 months,5.32,A,72000.0,16.42,692.0,13.0,59.5,1.0,0.0,0.0,RENT,OR,8.0,0.0,0.0,0,debt_consolidation,0
3600.0, 36 months,13.99,C,34000.0,29.79,662.0,11.0,30.1,0.0,0.0,1.0,MORTGAGE,NC,5.0,0.0,0.0,0,credit_card,0
27850.0, 36 months,24.24,F,55702.0,26.18,677.0,10.0,95.7,2.0,1.0,1.0,MORTGAGE,MI,10.0,0.0,1.0,0,debt_consolidation,0
14000.0, 36 months,9.8,B,175000.0,25.43,692.0,19.0,83.2,1.0,0.0,2.0,MORTGAGE,LA,4.0,0.0,5.0,0,credit_card,0
12475.0, 36 months,5.32,A,26000.0,28.49,742.0,6.0,69.9,0.0,0.0,0.0,OWN,CA,2.0,0.0,0.0,0,credit_card,0
24000.0, 60 months,13.44,C,96000.0,22.7,677.0,13.0,53.3,1.0,0.0,1.0,MORTGAGE,MO,1.0,0.0,2.0,0,credit_card,0
22400.0, 60 months,14.85,C,96000.0,20.45,677.0,10.0,85.1,0.0,1.0,0.0,RENT,TX,3.0,0.0,3.0,0,debt_consolidation,0
26000.0, 36 months,6.49,A,124400.0,26.03,737.0,8.0,59.0,0.0,0.0,0.0,MORTGAGE,AL,6.0,0.0,6.0,0,credit_card,0
25000.0, 60 months,13.44,C,50000.0,6.39,777.0,11.0,12.2,0.0,0.0,0.0,OWN,AL,,0.0,5.0,0,home_improvement,0
14000.0, 36 months,9.8,B,130000.0,11.99,677.0,14.0,85.1,1.0,0.0,0.0,MORTGAGE,IL,10.0,0.0,5.0,0,credit_card,0
10000.0, 36 months,6.49,A,52600.0,13.16,722.0,12.0,16.3,0.0,0.0,0.0,OWN,NY,8.0,0.0,0.0,0,debt_consolidation,0
18300.0, 60 months,16.59,D,118000.0,21.49,677.0,26.0,43.0,2.0,2.0,0.0,MORTGAGE,NY,10.0,0.0,2.0,0,debt_consolidation,0
11550.0, 36 months,18.99,E,28948.92,18.41,687.0,9.0,77.8,0.0,0.0,0.0,MORTGAGE,WA,,0.0,2.0,0,credit_card,0
14000.0, 36 months,6.99,A,100200.0,19.34,742.0,11.0,69.0,0.0,0.0,0.0,MORTGAGE,VA,6.0,0.0,9.0,0,credit_card,0
9000.0, 36 months,7.91,A,90000.0,9.28,717.0,11.0,11.1,0.0,2.0,0.0,MORTGAGE,NJ,10.0,0.0,3.0,0,credit_card,0
8000.0, 36 months,10.78,B,38000.0,25.36,662.0,13.0,63.6,0.0,0.0,1.0,RENT,KS,3.0,0.0,1.0,0,debt_consolidation,0
11000.0, 36 months,7.91,A,60000.0,28.36,712.0,16.0,47.2,1.0,0.0,0.0,MORTGAGE,IL,2.0,0.0,0.0,0,other,0
11200.0, 36 months,5.32,A,82500.0,14.79,827.0,8.0,6.0,0.0,0.0,0.0,MORTGAGE,NC,2.0,0.0,4.0,0,credit_card,0
21000.0, 60 months,13.44,C,75000.0,21.56,677.0,25.0,37.9,0.0,0.0,1.0,MORTGAGE,MS,2.0,0.0,1.0,0,debt_consolidation,1
35000.0, 36 months,11.99,C,130000.0,19.75,712.0,15.0,62.5,0.0,0.0,0.0,RENT,NY,10.0,0.0,0.0,0,debt_consolidation,0
20000.0, 36 months,13.44,C,64000.0,23.85,697.0,9.0,73.4,0.0,0.0,0.0,MORTGAGE,NY,3.0,0.0,2.0,0,credit_card,0
24000.0, 36 months,6.49,A,105000.0,17.15,692.0,7.0,87.4,0.0,0.0,0.0,MORTGAGE,CA,10.0,0.0,2.0,0,debt_consolidation,0
19800.0, 36 months,11.99,C,45000.0,23.47,697.0,12.0,26.5,0.0,0.0,0.0,RENT,FL,3.0,0.0,0.0,0,debt_consolidation,0
30000.0, 36 months,12.88,C,84000.0,24.39,702.0,8.0,21.8,1.0,1.0,0.0,RENT,TX,9.0,0.0,0.0,0,debt_consolidation,1
28000.0, 36 months,5.32,A,205200.0,21.6,682.0,17.0,54.0,0.0,0.0,0.0,MORTGAGE,GA,3.0,0.0,6.0,0,credit_card,0
13475.0, 60 months,16.59,D,62000.0,30.41,677.0,21.0,85.8,1.0,0.0,0.0,MORTGAGE,MI,6.0,0.0,2.0,0,debt_consolidation,0
27300.0, 60 months,17.97,D,65000.0,17.02,677.0,9.0,72.7,0.0,1.0,0.0,MORTGAGE,NM,4.0,0.0,3.0,0,debt_consolidation,0
10000.0, 60 months,13.99,C,62000.0,29.06,707.0,13.0,42.0,2.0,0.0,0.0,RENT,FL,9.0,0.0,0.0,0,credit_card,0
24000.0, 60 months,12.88,C,73000.0,19.76,662.0,8.0,88.4,0.0,2.0,1.0,RENT,IL,10.0,0.0,0.0,0,credit_card,1
1450.0, 36 months,9.17,B,35000.0,18.59,677.0,6.0,69.2,1.0,0.0,0.0,MORTGAGE,VA,2.0,0.0,1.0,0,home_improvement,0
4000.0, 36 months,9.8,B,47500.0,5.79,687.0,12.0,56.8,0.0,0.0,0.0,MORTGAGE,NY,2.0,0.0,1.0,0,debt_consolidation,0
1000.0, 36 months,11.48,B,86000.0,20.64,662.0,10.0,80.3,0.0,0.0,0.0,RENT,NM,10.0,0.0,0.0,0,major_purchase,0
24950.0, 36 months,10.78,B,65000.0,15.95,792.0,15.0,21.9,0.0,0.0,0.0,MORTGAGE,FL,5.0,0.0,2.0,0,major_purchase,0
25000.0, 36 months,5.32,A,300000.0,9.14,752.0,10.0,33.5,0.0,0.0,1.0,MORTGAGE,FL,10.0,0.0,1.0,0,home_improvement,0
6000.0, 36 months,7.91,A,250000.0,16.17,682.0,15.0,82.3,1.0,1.0,0.0,MORTGAGE,WA,10.0,0.0,5.0,0,other,0
21000.0, 36 months,9.17,B,110000.0,22.5,702.0,14.0,46.1,0.0,1.0,5.0,MORTGAGE,GA,1.0,0.0,0.0,0,debt_consolidation,1
2950.0, 36 months,11.99,C,22000.0,16.58,667.0,8.0,45.0,2.0,0.0,1.0,MORTGAGE,MI,,0.0,2.0,0,debt_consolidation,0
33100.0, 60 months,24.24,F,72000.0,23.77,687.0,11.0,64.3,0.0,0.0,0.0,MORTGAGE,AL,10.0,0.0,0.0,0,debt_consolidation,1
6000.0, 36 months,17.27,D,120000.0,23.03,662.0,16.0,76.4,0.0,0.0,0.0,MORTGAGE,CO,10.0,0.0,1.0,0,debt_consolidation,0
14400.0, 60 months,19.89,E,96200.0,6.47,677.0,19.0,28.3,2.0,0.0,2.0,RENT,FL,5.0,0.0,0.0,0,debt_consolidation,0
10500.0, 60 months,17.97,D,28832.0,23.62,692.0,10.0,41.8,1.0,1.0,0.0,RENT,SC,1.0,0.0,0.0,0,debt_consolidation,1
12000.0, 36 months,11.99,C,35000.0,20.82,752.0,7.0,40.0,2.0,0.0,0.0,OWN,PA,5.0,0.0,1.0,0,debt_consolidation,0
20000.0, 36 months,6.99,A,120000.0,16.8,687.0,11.0,61.1,1.0,0.0,0.0,MORTGAGE,IL,10.0,0.0,10.0,0,credit_card,0
10000.0, 36 months,19.48,E,150000.0,14.89,707.0,10.0,13.5,0.0,1.0,0.0,MORTGAGE,NM,1.0,0.0,1.0,0,other,0
35000.0, 60 months,19.48,E,110000.0,22.32,697.0,10.0,93.5,0.0,0.0,0.0,MORTGAGE,MD,1.0,0.0,2.0,0,debt_consolidation,0
9525.0, 36 months,13.99,C,55000.0,30.96,692.0,18.0,76.9,1.0,0.0,0.0,MORTGAGE,CA,6.0,0.0,3.0,0,credit_card,1
20000.0, 36 months,5.32,A,187000.0,14.68,767.0,20.0,25.9,0.0,0.0,0.0,MORTGAGE,CA,2.0,0.0,4.0,0,debt_consolidation,0
14450.0, 36 months,11.48,B,116300.0,2.86,727.0,4.0,26.0,0.0,0.0,0.0,MORTGAGE,SC,7.0,0.0,6.0,0,debt_consolidation,0
21600.0, 36 months,6.99,A,120000.0,20.73,742.0,18.0,24.6,1.0,0.0,0.0,MORTGAGE,TX,3.0,0.0,5.0,0,debt_consolidation,0
12600.0, 36 months,6.99,A,73000.0,5.56,682.0,3.0,77.4,1.0,0.0,0.0,RENT,NY,1.0,0.0,0.0,0,credit_card,0
35000.0, 60 months,15.77,D,120000.0,18.32,707.0,14.0,54.9,2.0,0.0,0.0,MORTGAGE,MI,10.0,0.0,2.0,0,debt_consolidation,0
14800.0, 36 months,15.77,D,48000.0,20.55,722.0,17.0,17.5,2.0,0.0,1.0,RENT,WA,7.0,0.0,0.0,0,debt_consolidation,1
20000.0, 36 months,13.44,C,53000.0,15.29,677.0,13.0,59.1,0.0,0.0,0.0,RENT,NJ,1.0,0.0,0.0,0,debt_consolidation,1
9600.0, 36 months,11.48,B,110000.0,13.83,667.0,8.0,75.4,0.0,0.0,1.0,RENT,CA,10.0,0.0,1.0,0,debt_consolidation,0
11900.0, 36 months,17.97,D,34000.0,32.83,677.0,10.0,35.0,1.0,0.0,1.0,MORTGAGE,PA,3.0,0.0,2.0,0,home_improvement,0
20800.0, 60 months,18.99,E,60000.0,29.6,677.0,15.0,69.3,0.0,0.0,0.0,RENT,VA,1.0,0.0,0.0,0,credit_card,0
30000.0, 36 months,10.78,B,70000.0,22.99,672.0,11.0,73.9,0.0,0.0,0.0,MORTGAGE,FL,10.0,0.0,2.0,0,credit_card,1
12000.0, 36 months,9.8,B,31200.0,30.04,687.0,8.0,56.5,0.0,0.0,0.0,OWN,FL,3.0,0.0,1.0,0,credit_card,0
5000.0, 36 months,11.48,B,85000.0,8.28,672.0,5.0,15.6,1.0,15.0,0.0,MORTGAGE,NC,2.0,0.0,6.0,0,home_improvement,0
15000.0, 60 months,17.97,D,45500.0,30.95,702.0,13.0,37.0,2.0,0.0,0.0,RENT,NJ,2.0,0.0,0.0,0,debt_consolidation,1
18900.0, 36 months,12.88,C,45000.0,30.45,662.0,14.0,69.3,0.0,0.0,0.0,RENT,VA,5.0,0.0,0.0,0,debt_consolidation,0
5000.0, 36 months,7.91,A,67000.0,36.53,702.0,34.0,60.3,0.0,0.0,0.0,MORTGAGE,VA,10.0,0.0,5.0,0,debt_consolidation,0
19850.0, 36 months,10.78,B,85005.0,17.2,692.0,14.0,37.1,2.0,0.0,0.0,RENT,NY,7.0,0.0,0.0,0,credit_card,0
8000.0, 36 months,13.99,C,80000.0,19.74,682.0,11.0,36.6,1.0,0.0,1.0,MORTGAGE,VA,2.0,0.0,0.0,0,debt_consolidation,0
20000.0, 60 months,16.59,D,100000.0,20.0,682.0,12.0,67.0,2.0,0.0,0.0,MORTGAGE,MI,4.0,0.0,3.0,0,debt_consolidation,0
20000.0, 60 months,13.99,C,60000.0,23.24,737.0,14.0,30.0,1.0,0.0,1.0,OWN,NE,10.0,0.0,1.0,0,debt_consolidation,1
18000.0, 60 months,19.89,E,50000.0,13.49,667.0,8.0,63.3,3.0,1.0,1.0,RENT,NJ,7.0,0.0,0.0,0,debt_consolidation,0
28000.0, 60 months,22.45,F,93000.0,17.73,717.0,14.0,33.5,1.0,0.0,0.0,RENT,CA,8.0,0.0,0.0,0,debt_consolidation,0
12000.0, 36 months,13.99,C,50000.0,20.31,662.0,13.0,33.0,2.0,0.0,1.0,RENT,CA,3.0,0.0,0.0,0,debt_consolidation,0
15000.0, 36 months,9.8,B,52500.0,4.96,697.0,8.0,52.3,0.0,0.0,1.0,RENT,TX,4.0,0.0,3.0,0,debt_consolidation,0
30000.0, 36 months,7.49,A,130000.0,9.82,722.0,11.0,28.0,2.0,0.0,0.0,MORTGAGE,CA,3.0,0.0,2.0,0,credit_card,0
17000.0, 36 months,5.32,A,98000.0,9.21,757.0,9.0,29.8,0.0,0.0,0.0,MORTGAGE,PA,5.0,0.0,4.0,0,credit_card,0
12000.0, 60 months,11.99,C,67894.0,23.0,697.0,11.0,70.2,0.0,0.0,0.0,MORTGAGE,CA,10.0,0.0,3.0,0,debt_consolidation,0
15750.0, 36 months,16.59,D,50000.0,21.96,677.0,18.0,65.9,1.0,0.0,0.0,RENT,KS,8.0,0.0,0.0,0,debt_consolidation,0
5000.0, 36 months,10.78,B,55000.0,30.98,677.0,9.0,78.2,0.0,1.0,0.0,OWN,TX,10.0,0.0,0.0,0,major_purchase,0
24000.0, 60 months,13.99,C,115000.0,17.71,692.0,11.0,73.5,2.0,0.0,1.0,MORTGAGE,IN,10.0,0.0,2.0,0,debt_consolidation,0
15000.0, 36 months,9.17,B,45000.0,16.93,662.0,6.0,55.0,1.0,1.0,1.0,RENT,VA,10.0,0.0,1.0,0,debt_consolidation,0
30000.0, 60 months,13.44,C,70000.0,12.08,702.0,12.0,52.8,0.0,0.0,0.0,MORTGAGE,NY,10.0,0.0,2.0,0,home_improvement,0
4200.0, 36 months,7.49,A,90000.0,24.85,727.0,15.0,33.5,1.0,0.0,0.0,MORTGAGE,AZ,10.0,0.0,7.0,0,credit_card,0
24000.0, 60 months,8.49,B,93000.0,14.98,747.0,24.0,6.9,1.0,0.0,1.0,MORTGAGE,CT,3.0,0.0,3.0,0,debt_consolidation,0
6025.0, 36 months,11.99,C,25000.0,6.82,697.0,3.0,46.0,0.0,0.0,0.0,RENT,MA,7.0,0.0,0.0,0,debt_consolidation,0
12250.0, 60 months,9.17,B,110000.0,12.61,707.0,8.0,68.6,0.0,2.0,0.0,MORTGAGE,VA,1.0,0.0,2.0,0,car,0
14850.0, 60 months,18.49,D,45000.0,13.57,672.0,13.0,45.7,3.0,0.0,0.0,MORTGAGE,TX,10.0,0.0,1.0,0,debt_consolidation,1
10000.0, 36 months,6.49,A,106000.0,16.45,812.0,17.0,16.0,0.0,0.0,0.0,MORTGAGE,IL,10.0,0.0,6.0,0,credit_card,0
20000.0, 60 months,19.89,E,170000.0,13.92,677.0,14.0,53.0,0.0,1.0,0.0,MORTGAGE,NY,5.0,0.0,4.0,0,debt_consolidation,0
10000.0, 36 months,11.48,B,105000.0,36.81,662.0,11.0,34.0,2.0,7.0,2.0,MORTGAGE,GA,2.0,0.0,1.0,0,small_business,1
35000.0, 36 months,12.88,C,240000.0,4.3,662.0,10.0,85.9,0.0,0.0,0.0,MORTGAGE,NV,1.0,0.0,5.0,0,credit_card,0
15000.0, 36 months,12.88,C,89000.0,34.58,662.0,27.0,81.4,1.0,0.0,1.0,RENT,PA,1.0,0.0,1.0,0,debt_consolidation,1
5000.0, 36 months,11.99,C,60000.0,19.27,707.0,13.0,43.0,2.0,0.0,0.0,RENT,NJ,8.0,0.0,0.0,0,moving,0
11000.0, 36 months,13.99,C,65000.0,21.88,672.0,13.0,64.5,0.0,0.0,0.0,RENT,CA,3.0,0.0,0.0,0,debt_consolidation,0
5500.0, 36 months,15.77,D,101000.0,25.55,677.0,14.0,88.0,2.0,0.0,0.0,MORTGAGE,CA,2.0,0.0,1.0,0,vacation,0
2500.0, 36 months,11.99,C,50400.0,12.48,667.0,5.0,1.1,0.0,0.0,1.0,MORTGAGE,CO,1.0,0.0,2.0,0,home_improvement,0
21150.0, 36 months,15.77,D,52000.0,26.17,687.0,10.0,63.5,1.0,0.0,1.0,MORTGAGE,NH,5.0,0.0,3.0,0,debt_consolidation,0
20000.0, 36 months,11.48,B,185000.0,25.7,687.0,17.0,90.2,1.0,0.0,0.0,RENT,MO,1.0,0.0,0.0,0,debt_consolidation,0
5875.0, 36 months,11.48,B,25200.0,10.48,682.0,10.0,39.0,1.0,0.0,0.0,RENT,CA,3.0,0.0,0.0,0,debt_consolidation,0
24000.0, 36 months,7.49,A,107000.0,15.15,767.0,13.0,34.8,0.0,0.0,0.0,RENT,IL,10.0,0.0,0.0,0,car,0
12000.0, 36 months,9.8,B,46000.0,27.42,702.0,19.0,41.0,2.0,0.0,0.0,RENT,MO,1.0,0.0,2.0,0,debt_consolidation,1
19200.0, 60 months,18.99,E,113000.0,23.81,667.0,16.0,79.9,1.0,0.0,0.0,OWN,PA,10.0,0.0,6.0,0,debt_consolidation,1
8000.0, 36 months,13.99,C,50000.0,19.85,682.0,8.0,83.3,0.0,0.0,0.0,MORTGAGE,MD,,0.0,3.0,0,debt_consolidation,0
35000.0, 60 months,19.89,E,76000.0,21.98,687.0,4.0,96.2,0.0,0.0,0.0,RENT,TX,1.0,0.0,0.0,0,debt_consolidation,0
28000.0, 36 months,15.77,D,105000.0,28.35,672.0,13.0,67.7,3.0,0.0,0.0,MORTGAGE,IL,8.0,0.0,1.0,0,debt_consolidation,0
13500.0, 36 months,10.78,B,77000.0,14.45,662.0,8.0,75.5,0.0,1.0,2.0,RENT,CA,10.0,0.0,0.0,0,credit_card,1
27825.0, 60 months,14.85,C,73000.0,22.62,692.0,18.0,70.7,1.0,4.0,0.0,MORTGAGE,SC,10.0,0.0,9.0,0,credit_card,0
11000.0, 36 months,8.49,B,125000.0,27.87,672.0,9.0,92.0,0.0,1.0,0.0,MORTGAGE,MD,10.0,0.0,4.0,0,debt_consolidation,0
15000.0, 36 months,10.78,B,46000.0,30.65,687.0,23.0,26.2,0.0,1.0,0.0,MORTGAGE,KY,3.0,0.0,1.0,0,debt_consolidation,0
20000.0, 36 months,9.8,B,95000.0,21.31,712.0,17.0,63.6,0.0,0.0,0.0,RENT,NY,3.0,0.0,0.0,0,debt_consolidation,0
28000.0, 60 months,14.85,C,110000.0,24.02,697.0,10.0,31.3,1.0,0.0,0.0,MORTGAGE,CT,10.0,0.0,3.0,0,debt_consolidation,1
35000.0, 36 months,9.8,B,173000.0,22.42,702.0,17.0,86.5,1.0,0.0,0.0,OWN,NJ,10.0,0.0,5.0,0,credit_card,0
24000.0, 60 months,15.77,D,72219.0,12.07,662.0,19.0,62.9,3.0,0.0,1.0,OWN,MD,1.0,0.0,1.0,0,debt_consolidation,0
10000.0, 60 months,22.45,F,28600.0,26.65,707.0,12.0,14.3,1.0,0.0,1.0,OWN,CA,,0.0,0.0,0,major_purchase,0
35000.0, 60 months,11.48,B,80000.0,5.67,767.0,10.0,9.4,0.0,0.0,0.0,MORTGAGE,VA,2.0,0.0,2.0,0,debt_consolidation,0
25000.0, 60 months,19.89,E,80000.0,21.53,662.0,9.0,21.6,0.0,5.0,0.0,MORTGAGE,MD,1.0,0.0,5.0,0,debt_consolidation,0
10000.0, 60 months,11.48,B,55000.0,22.74,762.0,12.0,48.8,1.0,0.0,0.0,MORTGAGE,PA,10.0,0.0,3.0,0,credit_card,0
9000.0, 36 months,9.17,B,105000.0,6.31,672.0,19.0,60.6,1.0,3.0,0.0,MORTGAGE,NY,2.0,0.0,2.0,0,debt_consolidation,0
25000.0, 60 months,18.49,D,100000.0,5.58,682.0,7.0,98.7,1.0,0.0,0.0,MORTGAGE,VA,10.0,0.0,2.0,0,debt_consolidation,0
8400.0, 36 months,16.59,D,51000.0,13.27,692.0,10.0,37.0,2.0,0.0,0.0,RENT,DE,3.0,0.0,0.0,0,other,1
20000.0, 36 months,12.88,C,65000.0,16.49,672.0,8.0,83.9,1.0,0.0,1.0,RENT,FL,10.0,0.0,2.0,0,debt_consolidation,0
22500.0, 60 months,7.91,A,93000.0,14.34,812.0,13.0,15.8,0.0,0.0,0.0,MORTGAGE,MD,10.0,0.0,2.0,0,debt_consolidation,0
20000.0, 60 months,11.99,C,43000.0,10.58,667.0,6.0,7.4,1.0,0.0,1.0,MORTGAGE,PA,10.0,0.0,1.0,0,debt_consolidation,0
20000.0, 36 months,18.49,D,137000.0,18.48,667.0,16.0,74.9,2.0,0.0,0.0,RENT,NY,8.0,0.0,1.0,0,debt_consolidation,0
21000.0, 36 months,11.99,C,63000.0,28.69,687.0,15.0,56.8,0.0,0.0,0.0,MORTGAGE,MI,5.0,0.0,0.0,0,debt_consolidation,0
18700.0, 60 months,13.99,C,55000.0,30.81,737.0,19.0,28.4,0.0,0.0,0.0,MORTGAGE,TX,1.0,0.0,6.0,0,debt_consolidation,0
35000.0, 60 months,11.99,C,175000.0,33.8,727.0,21.0,37.8,0.0,0.0,0.0,MORTGAGE,CA,2.0,0.0,0.0,0,debt_consolidation,0
21000.0, 36 months,6.99,A,85000.0,24.0,712.0,15.0,41.9,0.0,3.0,0.0,MORTGAGE,MA,10.0,0.0,7.0,0,debt_consolidation,0
30000.0, 36 months,13.44,C,106000.0,14.19,677.0,19.0,68.9,2.0,0.0,0.0,MORTGAGE,VA,5.0,0.0,2.0,0,credit_card,0
14000.0, 36 months,16.59,D,124596.0,23.73,687.0,22.0,88.8,1.0,0.0,0.0,MORTGAGE,FL,,0.0,6.0,0,other,0
30000.0, 60 months,13.44,C,60000.0,24.68,727.0,18.0,50.3,0.0,0.0,0.0,MORTGAGE,NJ,1.0,0.0,2.0,0,debt_consolidation,0
24000.0, 36 months,5.32,A,450000.0,0.7,722.0,5.0,37.4,0.0,1.0,0.0,RENT,CT,2.0,0.0,2.0,0,major_purchase,0
35000.0, 60 months,10.78,B,89000.0,19.26,757.0,30.0,26.1,1.0,0.0,0.0,RENT,NY,10.0,0.0,4.0,0,credit_card,0
35000.0, 60 months,18.99,E,104500.0,20.52,687.0,13.0,45.4,3.0,0.0,0.0,MORTGAGE,AR,5.0,0.0,5.0,0,debt_consolidation,0
3225.0, 36 months,20.5,E,35000.0,24.01,662.0,8.0,43.0,2.0,3.0,1.0,MORTGAGE,IL,5.0,0.0,0.0,0,debt_consolidation,1
28000.0, 36 months,6.49,A,108000.0,14.63,707.0,12.0,71.7,0.0,0.0,0.0,MORTGAGE,TX,3.0,0.0,8.0,0,credit_card,0
7200.0, 36 months,9.17,B,60000.0,24.6,737.0,18.0,22.9,1.0,0.0,0.0,MORTGAGE,TX,10.0,0.0,4.0,0,debt_consolidation,0
12000.0, 36 months,9.8,B,43000.0,18.28,697.0,14.0,45.4,2.0,0.0,0.0,RENT,IL,5.0,0.0,3.0,0,debt_consolidation,0
21000.0, 60 months,17.97,D,134000.0,26.05,682.0,8.0,78.7,1.0,2.0,0.0,RENT,MI,1.0,0.0,2.0,0,debt_consolidation,0
35000.0, 60 months,19.48,E,123000.0,21.53,702.0,18.0,72.4,1.0,0.0,0.0,MORTGAGE,GA,10.0,0.0,1.0,0,debt_consolidation,0
12000.0, 36 months,5.32,A,118000.0,14.06,747.0,23.0,27.0,0.0,0.0,0.0,MORTGAGE,TX,1.0,0.0,3.0,0,debt_consolidation,0
18000.0, 60 months,10.78,B,38000.0,6.06,722.0,7.0,24.3,0.0,0.0,1.0,OWN,IN,1.0,0.0,1.0,0,car,0
5000.0, 36 months,7.91,A,38000.0,11.78,697.0,8.0,47.3,1.0,0.0,0.0,OWN,PA,7.0,0.0,0.0,0,credit_card,0
25000.0, 36 months,13.99,C,85000.0,11.11,672.0,15.0,65.6,0.0,0.0,0.0,RENT,CO,6.0,0.0,0.0,0,debt_consolidation,0
8750.0, 36 months,18.99,E,29524.32,46.71,682.0,9.0,96.5,0.0,0.0,1.0,RENT,IL,1.0,0.0,0.0,0,debt_consolidation,1
6600.0, 36 months,19.48,E,240000.0,7.04,662.0,10.0,18.0,3.0,2.0,5.0,MORTGAGE,OH,4.0,0.0,1.0,0,debt_consolidation,0
10000.0, 36 months,9.17,B,110000.0,28.37,717.0,15.0,54.9,0.0,2.0,1.0,OWN,NC,2.0,0.0,3.0,0,credit_card,0
12500.0, 36 months,10.78,B,34000.0,27.11,687.0,14.0,66.3,0.0,0.0,0.0,MORTGAGE,FL,10.0,0.0,5.0,0,debt_consolidation,0
26250.0, 60 months,13.99,C,65000.0,26.9,702.0,11.0,45.0,1.0,0.0,1.0,MORTGAGE,NY,10.0,0.0,1.0,0,debt_consolidation,0
24000.0, 60 months,12.88,C,186000.0,8.29,677.0,14.0,71.0,1.0,0.0,0.0,MORTGAGE,CA,10.0,0.0,6.0,0,debt_consolidation,0
11000.0, 60 months,11.99,C,101000.0,19.04,682.0,14.0,65.3,0.0,0.0,1.0,MORTGAGE,MO,7.0,0.0,5.0,0,debt_consolidation,0
15000.0, 36 months,11.48,B,90000.0,14.89,682.0,8.0,48.1,0.0,1.0,0.0,RENT,GA,9.0,0.0,0.0,0,debt_consolidation,0
13750.0, 36 months,16.59,D,27500.0,36.36,682.0,9.0,40.4,1.0,0.0,0.0,MORTGAGE,NC,10.0,0.0,0.0,0,debt_consolidation,0
10500.0, 60 months,9.8,B,45000.0,7.39,692.0,8.0,29.2,0.0,0.0,0.0,OWN,FL,10.0,0.0,0.0,0,credit_card,0
35000.0, 60 months,24.24,F,117000.0,16.82,677.0,15.0,59.7,1.0,0.0,0.0,MORTGAGE,IL,1.0,0.0,6.0,0,debt_consolidation,0
7000.0, 36 months,12.88,C,65000.0,6.68,672.0,10.0,41.3,0.0,1.0,1.0,RENT,CA,10.0,0.0,2.0,0,vacation,0
5600.0, 36 months,9.8,B,91500.0,30.79,662.0,12.0,71.2,1.0,3.0,0.0,MORTGAGE,NC,10.0,0.0,6.0,0,debt_consolidation,0
21000.0, 36 months,9.17,B,150000.0,13.09,667.0,17.0,49.4,0.0,0.0,1.0,MORTGAGE,NY,8.0,0.0,2.0,0,debt_consolidation,0
15000.0, 36 months,5.32,A,85000.0,13.56,747.0,12.0,46.3,0.0,1.0,0.0,MORTGAGE,SD,4.0,0.0,1.0,0,debt_consolidation,0
14725.0, 60 months,14.85,C,33500.0,20.92,692.0,9.0,70.6,0.0,0.0,0.0,OWN,MO,5.0,0.0,2.0,0,debt_consolidation,0
6400.0, 36 months,9.17,B,53000.0,14.4,697.0,11.0,90.5,0.0,0.0,0.0,RENT,NY,6.0,0.0,0.0,0,debt_consolidation,0
8400.0, 36 months,9.8,B,72701.0,20.42,672.0,17.0,33.9,0.0,1.0,0.0,RENT,GA,10.0,0.0,1.0,0,credit_card,0
20000.0, 60 months,15.77,D,150000.0,11.66,687.0,15.0,41.3,0.0,1.0,0.0,MORTGAGE,MD,6.0,0.0,4.0,0,other,0
15000.0, 36 months,14.85,C,37534.44,31.44,682.0,13.0,45.0,1.0,0.0,0.0,MORTGAGE,CA,,0.0,4.0,0,debt_consolidation,0
28000.0, 60 months,11.99,C,97666.07,9.07,682.0,18.0,69.0,1.0,0.0,0.0,MORTGAGE,CA,9.0,0.0,2.0,0,home_improvement,0
25000.0, 60 months,9.17,B,70000.0,15.16,702.0,14.0,68.4,0.0,0.0,0.0,MORTGAGE,PA,8.0,0.0,4.0,0,credit_card,0
13600.0, 36 months,11.48,B,61983.0,2.87,692.0,4.0,76.8,0.0,0.0,1.0,MORTGAGE,MD,10.0,0.0,1.0,0,debt_consolidation,0
18000.0, 36 months,13.99,C,63000.0,17.49,677.0,3.0,92.2,0.0,0.0,0.0,OWN,MD,3.0,0.0,0.0,0,debt_consolidation,0
35000.0, 60 months,18.49,D,160000.0,14.65,697.0,18.0,58.4,0.0,1.0,0.0,OWN,MD,10.0,0.0,4.0,0,debt_consolidation,0
20000.0, 36 months,8.49,B,58000.0,31.24,682.0,6.0,91.0,1.0,0.0,0.0,OWN,TX,10.0,0.0,0.0,0,debt_consolidation,0
20000.0, 36 months,5.32,A,139000.0,9.24,707.0,14.0,59.9,0.0,0.0,1.0,RENT,NY,10.0,0.0,0.0,0,credit_card,0
11075.0, 60 months,26.06,F,55000.0,28.77,662.0,5.0,27.2,2.0,1.0,0.0,OWN,NM,10.0,0.0,0.0,0,debt_consolidation,0
11200.0, 36 months,9.17,B,53000.0,11.96,722.0,15.0,24.3,0.0,0.0,0.0,MORTGAGE,AZ,10.0,0.0,2.0,0,debt_consolidation,0
25000.0, 36 months,6.49,A,62000.0,27.24,727.0,9.0,53.6,0.0,0.0,0.0,MORTGAGE,GA,2.0,0.0,2.0,0,credit_card,0
2500.0, 36 months,7.91,A,29000.0,21.19,757.0,8.0,10.9,0.0,0.0,0.0,RENT,TX,6.0,0.0,0.0,0,debt_consolidation,0
15000.0, 60 months,11.48,B,65000.0,6.63,762.0,17.0,28.0,0.0,0.0,0.0,OWN,NJ,7.0,0.0,1.0,0,debt_consolidation,0
16000.0, 36 months,8.49,B,75000.0,19.44,687.0,19.0,59.6,0.0,1.0,0.0,RENT,TX,1.0,0.0,0.0,0,debt_consolidation,0
5600.0, 36 months,13.44,C,50000.0,28.73,742.0,11.0,29.2,0.0,0.0,3.0,RENT,VA,10.0,0.0,2.0,0,debt_consolidation,1
10000.0, 36 months,7.49,A,70000.0,13.3,777.0,11.0,5.1,0.0,0.0,0.0,RENT,NJ,10.0,0.0,0.0,0,home_improvement,0
3200.0, 36 months,9.8,B,24000.0,18.05,672.0,7.0,32.4,0.0,1.0,0.0,MORTGAGE,FL,,0.0,4.0,0,credit_card,1
28000.0, 36 months,5.32,A,135000.0,8.56,702.0,14.0,38.1,0.0,0.0,0.0,MORTGAGE,IL,4.0,0.0,5.0,0,credit_card,0
15000.0, 36 months,10.78,B,75000.0,26.24,707.0,8.0,73.3,1.0,0.0,0.0,MORTGAGE,AL,10.0,0.0,1.0,0,debt_consolidation,0
21600.0, 36 months,6.99,A,120000.0,15.84,717.0,12.0,59.8,0.0,0.0,0.0,MORTGAGE,GA,1.0,0.0,3.0,0,debt_consolidation,0
15000.0, 60 months,8.49,B,54000.0,22.02,772.0,9.0,25.2,1.0,0.0,0.0,MORTGAGE,MO,10.0,0.0,2.0,0,debt_consolidation,0
10000.0, 36 months,5.32,A,75000.0,3.86,712.0,9.0,16.2,0.0,0.0,0.0,MORTGAGE,CT,9.0,0.0,0.0,0,credit_card,0
24000.0, 60 months,19.48,E,116500.0,17.54,672.0,11.0,84.5,1.0,0.0,0.0,MORTGAGE,OK,10.0,0.0,1.0,0,credit_card,0
5000.0, 36 months,9.8,B,92000.0,16.01,672.0,19.0,53.8,1.0,1.0,0.0,OWN,OH,10.0,0.0,4.0,0,credit_card,1
18200.0, 60 months,8.49,B,150000.0,12.06,717.0,16.0,17.4,1.0,0.0,0.0,RENT,CA,3.0,0.0,0.0,0,debt_consolidation,0
12000.0, 36 months,6.49,A,73000.0,14.75,717.0,6.0,65.4,0.0,0.0,0.0,MORTGAGE,TN,3.0,0.0,1.0,0,credit_card,0
15175.0, 36 months,17.27,D,58000.0,7.57,747.0,5.0,4.3,1.0,0.0,0.0,MORTGAGE,IL,2.0,0.0,1.0,0,home_improvement,1
21000.0, 36 months,9.17,B,80000.0,14.69,707.0,9.0,48.1,0.0,0.0,0.0,RENT,FL,1.0,0.0,1.0,0,debt_consolidation,0
7000.0, 36 months,5.32,A,16968.0,12.87,742.0,8.0,17.1,0.0,0.0,0.0,RENT,OH,,0.0,0.0,0,credit_card,0
12000.0, 36 months,7.49,A,108000.0,6.92,717.0,17.0,33.5,1.0,1.0,0.0,MORTGAGE,OR,3.0,0.0,4.0,0,debt_consolidation,0
3200.0, 36 months,10.78,B,49000.0,25.91,667.0,10.0,79.4,0.0,0.0,3.0,MORTGAGE,TN,10.0,0.0,3.0,0,debt_consolidation,0
7200.0, 36 months,14.85,C,52000.0,39.21,672.0,12.0,61.8,1.0,1.0,0.0,RENT,NC,10.0,0.0,0.0,0,credit_card,1
13200.0, 36 months,12.88,C,45000.0,32.56,677.0,13.0,56.9,1.0,0.0,0.0,MORTGAGE,MN,10.0,0.0,1.0,0,debt_consolidation,0
20000.0, 36 months,12.88,C,65000.0,17.38,732.0,15.0,9.8,0.0,2.0,0.0,OWN,WA,,0.0,0.0,0,debt_consolidation,1
18000.0, 60 months,8.49,B,120000.0,6.42,702.0,5.0,48.3,0.0,0.0,0.0,MORTGAGE,TX,2.0,0.0,1.0,0,credit_card,1
18000.0, 36 months,16.59,D,50000.0,14.69,707.0,5.0,97.2,2.0,0.0,0.0,MORTGAGE,WA,6.0,0.0,6.0,0,debt_consolidation,0
7500.0, 36 months,15.77,D,75000.0,9.74,667.0,8.0,63.8,0.0,0.0,1.0,RENT,CO,3.0,0.0,3.0,0,debt_consolidation,0
15000.0, 36 months,12.88,C,118000.0,23.7,707.0,7.0,44.2,0.0,0.0,1.0,MORTGAGE,MD,10.0,0.0,1.0,0,credit_card,0
2400.0, 36 months,7.49,A,50000.0,11.67,737.0,2.0,100.3,0.0,0.0,0.0,RENT,NJ,10.0,0.0,0.0,0,credit_card,0
2000.0, 36 months,13.44,C,119945.0,15.61,662.0,21.0,64.7,0.0,0.0,2.0,MORTGAGE,MD,10.0,0.0,6.0,0,debt_consolidation,0
10000.0, 36 months,12.88,C,100000.0,16.18,677.0,14.0,60.3,0.0,0.0,0.0,RENT,FL,10.0,0.0,0.0,0,credit_card,0
30000.0, 60 months,18.49,D,103000.0,22.36,677.0,13.0,49.0,4.0,0.0,0.0,MORTGAGE,TX,1.0,0.0,6.0,0,debt_consolidation,1
25000.0, 36 months,7.91,A,105000.0,16.87,707.0,8.0,52.2,0.0,0.0,0.0,MORTGAGE,GA,10.0,0.0,5.0,0,other,0
3500.0, 36 months,14.85,C,50000.0,16.39,682.0,14.0,51.0,1.0,1.0,0.0,RENT,TX,2.0,0.0,0.0,0,debt_consolidation,0
11925.0, 36 months,8.49,B,50000.0,28.44,772.0,21.0,19.5,0.0,0.0,0.0,MORTGAGE,LA,10.0,0.0,2.0,0,debt_consolidation,0
3000.0, 36 months,6.49,A,75000.0,13.38,687.0,10.0,74.6,1.0,0.0,1.0,MORTGAGE,NY,10.0,0.0,2.0,0,home_improvement,0
24000.0, 60 months,14.85,C,99000.0,24.69,712.0,10.0,100.8,0.0,0.0,0.0,MORTGAGE,IL,10.0,0.0,6.0,0,home_improvement,0
13200.0, 36 months,9.17,B,98000.0,10.03,667.0,8.0,50.5,0.0,0.0,0.0,MORTGAGE,WA,1.0,0.0,5.0,0,credit_card,1
5000.0, 36 months,12.88,C,48000.0,17.48,692.0,6.0,41.2,0.0,0.0,1.0,RENT,FL,10.0,0.0,0.0,0,debt_consolidation,0
21000.0, 60 months,13.99,C,225000.0,28.41,677.0,35.0,77.6,0.0,0.0,0.0,MORTGAGE,NJ,10.0,0.0,5.0,0,debt_consolidation,0
9000.0, 36 months,9.8,B,81000.0,22.64,662.0,14.0,55.1,0.0,0.0,1.0,MORTGAGE,CA,10.0,0.0,2.0,0,debt_consolidation,0
10000.0, 36 months,9.17,B,43000.0,12.39,712.0,6.0,68.3,0.0,0.0,0.0,MORTGAGE,MN,3.0,0.0,1.0,0,debt_consolidation,0
12000.0, 60 months,17.27,D,49000.0,28.92,687.0,15.0,77.0,0.0,0.0,0.0,MORTGAGE,WI,2.0,0.0,4.0,0,debt_consolidation,0
1000.0, 36 months,11.99,C,36522.0,35.72,662.0,23.0,78.0,0.0,0.0,0.0,MORTGAGE,NY,10.0,0.0,0.0,0,other,0
12000.0, 60 months,13.99,C,35000.0,32.68,702.0,10.0,67.9,0.0,0.0,0.0,OWN,OH,10.0,0.0,0.0,0,debt_consolidation,1
35000.0, 60 months,10.78,B,103500.0,21.24,737.0,12.0,49.0,0.0,0.0,0.0,MORTGAGE,MI,2.0,0.0,2.0,0,credit_card,0
24000.0, 36 months,5.32,A,200000.0,22.55,712.0,16.0,61.6,0.0,0.0,0.0,MORTGAGE,FL,10.0,0.0,2.0,0,debt_consolidation,0
8500.0, 36 months,9.17,B,35500.0,5.88,702.0,5.0,38.4,0.0,0.0,0.0,OWN,IL,1.0,0.0,0.0,0,credit_card,0
3500.0, 36 months,6.49,A,56000.0,19.03,682.0,10.0,11.5,0.0,3.0,0.0,MORTGAGE,MN,8.0,0.0,3.0,0,debt_consolidation,0
16100.0, 36 months,17.27,D,50000.0,15.96,687.0,10.0,97.5,0.0,0.0,0.0,MORTGAGE,NY,10.0,0.0,1.0,0,debt_consolidation,0
12000.0, 60 months,8.49,B,185000.0,15.06,712.0,12.0,80.6,1.0,0.0,0.0,MORTGAGE,MA,10.0,0.0,2.0,0,debt_consolidation,0
10000.0, 60 months,19.48,E,117000.0,12.73,737.0,8.0,14.5,0.0,0.0,0.0,MORTGAGE,CA,1.0,0.0,2.0,0,small_business,0
6000.0, 36 months,8.49,B,42000.0,26.06,732.0,22.0,20.8,0.0,0.0,0.0,OWN,MI,4.0,0.0,0.0,0,debt_consolidation,0
5000.0, 36 months,6.99,A,61000.0,30.53,712.0,15.0,29.5,0.0,4.0,0.0,MORTGAGE,MI,10.0,0.0,3.0,0,debt_consolidation,0
18000.0, 36 months,6.49,A,100000.0,10.49,722.0,11.0,33.4,0.0,0.0,0.0,MORTGAGE,LA,10.0,0.0,3.0,0,debt_consolidation,0
1000.0, 36 months,13.99,C,30000.0,31.08,682.0,13.0,57.1,0.0,0.0,0.0,RENT,TN,10.0,0.0,0.0,0,other,1
3850.0, 36 months,13.44,C,45000.0,22.59,692.0,19.0,55.4,0.0,1.0,0.0,MORTGAGE,NE,1.0,0.0,3.0,0,debt_consolidation,0
2000.0, 36 months,11.99,C,35000.0,4.01,662.0,7.0,17.1,2.0,0.0,1.0,RENT,MI,4.0,0.0,0.0,0,debt_consolidation,0
20000.0, 60 months,10.78,B,56000.0,21.8,762.0,9.0,35.9,0.0,0.0,0.0,OWN,FL,7.0,0.0,5.0,0,debt_consolidation,0
10175.0, 60 months,19.89,E,63900.0,20.28,687.0,27.0,31.5,1.0,1.0,0.0,MORTGAGE,PA,3.0,0.0,2.0,0,credit_card,0
10000.0, 36 months,6.99,A,70000.0,21.79,732.0,14.0,25.9,0.0,0.0,1.0,MORTGAGE,AZ,1.0,0.0,4.0,0,home_improvement,0
20000.0, 60 months,9.8,B,52000.0,17.75,747.0,15.0,33.0,0.0,0.0,0.0,MORTGAGE,VA,5.0,0.0,2.0,0,debt_consolidation,0
35000.0, 36 months,10.78,B,110000.0,25.38,707.0,12.0,88.2,1.0,0.0,0.0,MORTGAGE,GA,10.0,0.0,2.0,0,credit_card,0
20000.0, 36 months,12.88,C,93534.0,13.95,752.0,6.0,26.1,1.0,0.0,0.0,RENT,CA,10.0,0.0,0.0,0,debt_consolidation,0
14000.0, 60 months,20.5,E,45000.0,24.8,672.0,12.0,78.9,0.0,0.0,0.0,MORTGAGE,SC,8.0,0.0,0.0,0,debt_consolidation,0
20000.0, 36 months,6.49,A,95000.0,12.63,742.0,9.0,35.5,1.0,0.0,0.0,MORTGAGE,TN,2.0,0.0,3.0,0,debt_consolidation,0
12250.0, 36 months,14.85,C,26679.38,34.1,712.0,14.0,41.3,0.0,0.0,0.0,RENT,CA,4.0,0.0,0.0,0,debt_consolidation,1
15000.0, 36 months,5.32,A,90000.0,16.91,767.0,20.0,30.3,1.0,0.0,0.0,MORTGAGE,MO,8.0,0.0,1.0,0,credit_card,0
10000.0, 36 months,5.32,A,80000.0,5.27,687.0,6.0,47.2,0.0,0.0,0.0,RENT,CA,10.0,0.0,1.0,0,credit_card,0
3600.0, 36 months,10.78,B,39000.0,9.48,767.0,4.0,33.6,0.0,0.0,0.0,MORTGAGE,IL,7.0,0.0,3.0,0,credit_card,0
5000.0, 36 months,11.99,C,68500.0,16.36,677.0,20.0,61.8,0.0,3.0,0.0,MORTGAGE,NJ,10.0,0.0,4.0,0,home_improvement,0
35000.0, 60 months,11.99,C,80000.0,26.84,727.0,12.0,32.5,1.0,0.0,0.0,MORTGAGE,TN,10.0,0.0,2.0,0,credit_card,0
13000.0, 36 months,12.88,C,38000.0,25.89,677.0,13.0,49.3,1.0,0.0,1.0,MORTGAGE,MS,10.0,0.0,3.0,0,home_improvement,0
4000.0, 36 months,16.59,D,35000.0,11.45,667.0,8.0,55.7,1.0,0.0,2.0,OWN,TX,5.0,0.0,1.0,0,debt_consolidation,1
22450.0, 60 months,18.99,E,74000.0,33.18,677.0,10.0,80.6,0.0,1.0,0.0,MORTGAGE,WA,10.0,0.0,4.0,0,debt_consolidation,1
4800.0, 36 months,11.99,C,45000.0,10.29,672.0,11.0,78.2,0.0,0.0,0.0,RENT,TX,1.0,0.0,0.0,0,credit_card,0
21275.0, 36 months,14.85,C,56035.0,32.79,687.0,12.0,65.1,1.0,0.0,0.0,MORTGAGE,MN,4.0,0.0,0.0,0,debt_consolidation,0
15000.0, 36 months,5.32,A,100000.0,15.76,747.0,24.0,19.6,0.0,0.0,0.0,RENT,CA,10.0,0.0,0.0,0,credit_card,0
12000.0, 36 months,12.88,C,110000.0,9.44,682.0,9.0,21.9,2.0,0.0,0.0,MORTGAGE,TX,4.0,0.0,0.0,0,credit_card,0
34125.0, 60 months,17.27,D,132000.0,28.86,692.0,14.0,25.9,0.0,0.0,0.0,MORTGAGE,NC,10.0,0.0,0.0,0,home_improvement,0
9650.0, 36 months,12.88,C,55500.0,15.18,662.0,19.0,61.2,0.0,1.0,1.0,RENT,MA,1.0,0.0,1.0,0,debt_consolidation,0
24000.0, 36 months,9.8,B,100000.0,15.46,667.0,14.0,65.9,0.0,0.0,0.0,MORTGAGE,FL,10.0,0.0,2.0,0,debt_consolidation,0
35000.0, 36 months,10.78,B,134000.0,23.09,727.0,10.0,88.6,1.0,0.0,0.0,MORTGAGE,TX,10.0,0.0,5.0,0,debt_consolidation,0
25000.0, 36 months,5.32,A,125000.0,6.66,717.0,11.0,60.7,0.0,1.0,0.0,MORTGAGE,MN,10.0,0.0,2.0,0,credit_card,0
9100.0, 36 months,7.91,A,40000.0,12.57,742.0,11.0,22.3,1.0,0.0,0.0,MORTGAGE,MI,10.0,0.0,1.0,0,debt_consolidation,0
25000.0, 60 months,14.85,C,118450.0,25.97,697.0,12.0,87.1,0.0,0.0,0.0,MORTGAGE,MA,2.0,0.0,2.0,0,debt_consolidation,0
18000.0, 36 months,7.49,A,60000.0,35.0,742.0,22.0,47.0,0.0,0.0,0.0,OWN,FL,6.0,0.0,0.0,0,credit_card,0
10800.0, 36 months,11.48,B,123000.0,23.62,682.0,13.0,79.4,4.0,0.0,0.0,OWN,AZ,10.0,0.0,1.0,0,credit_card,0
9600.0, 36 months,9.17,B,150000.0,5.54,662.0,6.0,55.5,0.0,0.0,1.0,MORTGAGE,FL,2.0,0.0,5.0,0,debt_consolidation,0
3600.0, 36 months,11.48,B,55000.0,14.1,722.0,16.0,58.6,0.0,0.0,1.0,MORTGAGE,OH,3.0,0.0,1.0,0,debt_consolidation,0
12000.0, 60 months,12.88,C,100000.0,12.31,662.0,12.0,49.6,0.0,3.0,0.0,OWN,NY,10.0,0.0,1.0,0,credit_card,1
35000.0, 60 months,11.99,C,88000.0,13.3,697.0,6.0,64.0,0.0,1.0,0.0,MORTGAGE,OR,6.0,0.0,3.0,0,credit_card,0
12000.0, 36 months,6.49,A,65000.0,19.24,767.0,4.0,46.5,1.0,0.0,0.0,MORTGAGE,PA,10.0,0.0,2.0,0,home_improvement,0
18000.0, 36 months,6.99,A,89000.0,13.88,682.0,8.0,70.2,0.0,1.0,0.0,MORTGAGE,MN,8.0,0.0,4.0,0,credit_card,0
22925.0, 60 months,16.59,D,51000.0,31.04,722.0,16.0,65.3,0.0,0.0,0.0,RENT,CA,1.0,0.0,0.0,0,debt_consolidation,0
8000.0, 36 months,6.49,A,120000.0,4.91,777.0,5.0,15.5,0.0,0.0,0.0,RENT,CA,3.0,0.0,0.0,0,credit_card,0
7000.0, 36 months,8.49,B,100000.0,29.75,677.0,18.0,90.5,1.0,2.0,0.0,MORTGAGE,MI,3.0,0.0,1.0,0,home_improvement,0
4500.0, 36 months,9.8,B,39600.0,22.82,707.0,9.0,77.5,0.0,0.0,0.0,MORTGAGE,MD,5.0,0.0,1.0,0,debt_consolidation,0
11500.0, 36 months,19.48,E,33888.0,39.16,662.0,6.0,59.1,0.0,0.0,1.0,RENT,VA,,0.0,0.0,0,other,0
18725.0, 60 months,17.97,D,50000.0,25.83,697.0,6.0,77.8,1.0,0.0,0.0,MORTGAGE,FL,10.0,0.0,3.0,0,home_improvement,0
19500.0, 60 months,19.89,E,85000.0,25.4,667.0,11.0,73.9,1.0,2.0,0.0,MORTGAGE,TN,10.0,0.0,2.0,0,debt_consolidation,0
5000.0, 36 months,9.17,B,52000.0,24.79,757.0,9.0,28.1,0.0,0.0,0.0,MORTGAGE,TX,4.0,0.0,1.0,0,other,0
5000.0, 36 months,8.49,B,141934.0,25.58,712.0,23.0,53.9,0.0,1.0,1.0,MORTGAGE,TX,2.0,0.0,2.0,0,credit_card,1
2800.0, 36 months,17.27,D,114400.0,6.34,697.0,7.0,0.0,5.0,0.0,0.0,RENT,FL,7.0,0.0,0.0,0,debt_consolidation,0
14150.0, 60 months,13.44,C,28321.0,13.56,722.0,4.0,81.1,0.0,0.0,0.0,OWN,NY,,0.0,1.0,0,credit_card,0
12000.0, 36 months,9.8,B,75000.0,14.11,687.0,8.0,49.7,0.0,0.0,0.0,RENT,WI,8.0,0.0,0.0,0,small_business,0
16075.0, 36 months,12.88,C,66666.0,13.29,667.0,12.0,56.2,3.0,0.0,0.0,OWN,OH,3.0,0.0,0.0,0,debt_consolidation,0
21000.0, 36 months,9.17,B,85000.0,14.65,687.0,12.0,83.7,0.0,1.0,0.0,MORTGAGE,PA,4.0,0.0,6.0,0,credit_card,0
20000.0, 36 months,5.32,A,71665.0,12.31,717.0,11.0,56.0,0.0,0.0,0.0,MORTGAGE,IL,10.0,0.0,2.0,0,debt_consolidation,0
19200.0, 60 months,9.17,B,132000.0,20.33,707.0,8.0,74.8,0.0,0.0,0.0,MORTGAGE,CA,10.0,0.0,1.0,0,home_improvement,0
28000.0, 60 months,8.49,B,95000.0,19.6,712.0,24.0,31.8,0.0,0.0,0.0,MORTGAGE,TX,5.0,0.0,2.0,0,credit_card,1
15000.0, 36 months,9.8,B,89000.0,19.5,762.0,11.0,26.4,1.0,0.0,0.0,RENT,CA,2.0,0.0,1.0,0,debt_consolidation,0
15000.0, 36 months,17.27,D,101000.0,39.87,662.0,16.0,71.3,3.0,0.0,1.0,RENT,CA,7.0,0.0,2.0,0,debt_consolidation,0
35000.0, 60 months,19.48,E,84000.0,14.93,677.0,7.0,37.6,0.0,1.0,0.0,RENT,LA,2.0,0.0,3.0,0,debt_consolidation,0
24000.0, 36 months,13.99,C,120000.0,8.91,702.0,10.0,40.0,0.0,0.0,0.0,MORTGAGE,LA,10.0,0.0,2.0,0,debt_consolidation,0
35000.0, 36 months,15.77,D,120000.0,13.34,692.0,12.0,73.0,1.0,0.0,0.0,MORTGAGE,VA,4.0,0.0,5.0,0,credit_card,0
17125.0, 60 months,27.99,G,45000.0,17.44,662.0,30.0,40.6,3.0,0.0,1.0,RENT,RI,4.0,0.0,0.0,0,debt_consolidation,0
30000.0, 60 months,13.99,C,70000.0,19.9,692.0,7.0,54.8,0.0,0.0,0.0,MORTGAGE,MO,9.0,0.0,4.0,0,debt_consolidation,1
8000.0, 36 months,10.78,B,43500.0,11.98,667.0,15.0,43.0,2.0,0.0,0.0,MORTGAGE,TX,2.0,0.0,1.0,0,debt_consolidation,1
5000.0, 36 months,9.17,B,113000.0,26.45,672.0,12.0,72.2,0.0,1.0,0.0,MORTGAGE,OH,3.0,0.0,1.0,0,credit_card,0
9100.0, 36 months,9.17,B,70000.0,25.6,727.0,8.0,93.3,0.0,0.0,0.0,MORTGAGE,MA,5.0,0.0,3.0,0,credit_card,0
1800.0, 36 months,7.49,A,50000.0,8.28,692.0,6.0,63.2,0.0,0.0,0.0,MORTGAGE,FL,10.0,0.0,1.0,0,credit_card,0
4850.0, 36 months,7.49,A,56000.0,6.15,772.0,13.0,13.3,0.0,0.0,0.0,MORTGAGE,MN,1.0,0.0,5.0,0,debt_consolidation,0
24000.0, 36 months,6.99,A,127000.0,12.07,712.0,11.0,38.3,0.0,1.0,0.0,MORTGAGE,GA,10.0,0.0,6.0,0,home_improvement,0
8000.0, 36 months,5.32,A,31500.0,15.62,752.0,12.0,15.6,0.0,0.0,0.0,OWN,TX,10.0,0.0,0.0,0,debt_consolidation,0
10000.0, 36 months,9.17,B,35000.0,11.69,677.0,9.0,59.1,0.0,0.0,2.0,MORTGAGE,WA,3.0,0.0,4.0,0,credit_card,0
30000.0, 60 months,10.78,B,89000.0,17.72,682.0,15.0,62.9,0.0,0.0,0.0,MORTGAGE,TX,10.0,0.0,3.0,0,debt_consolidation,0
9600.0, 36 months,6.49,A,64567.05,10.48,682.0,7.0,44.8,0.0,0.0,0.0,RENT,FL,4.0,0.0,0.0,0,credit_card,0
35000.0, 60 months,19.48,E,100000.0,22.28,707.0,10.0,81.2,0.0,0.0,0.0,MORTGAGE,IL,10.0,0.0,1.0,0,debt_consolidation,0
20000.0, 60 months,18.99,E,52000.0,26.93,667.0,17.0,52.2,1.0,0.0,0.0,OWN,MS,1.0,0.0,1.0,0,credit_card,0
10000.0, 36 months,5.32,A,32500.0,12.15,797.0,6.0,26.0,1.0,0.0,0.0,OWN,DE,10.0,0.0,1.0,0,credit_card,0
6000.0, 36 months,5.32,A,80000.0,13.5,747.0,20.0,20.0,1.0,0.0,0.0,MORTGAGE,WV,10.0,0.0,3.0,0,credit_card,0
22000.0, 36 months,5.32,A,110000.0,7.21,772.0,7.0,40.9,0.0,0.0,0.0,MORTGAGE,TX,,0.0,4.0,0,credit_card,0
28000.0, 60 months,11.99,C,82000.0,10.57,822.0,15.0,2.0,0.0,0.0,0.0,MORTGAGE,CA,1.0,0.0,2.0,0,home_improvement,0
5000.0, 36 months,7.91,A,93000.0,14.3,682.0,9.0,24.3,0.0,2.0,0.0,RENT,FL,4.0,0.0,2.0,0,credit_card,0
12500.0, 60 months,9.17,B,85000.0,9.3,732.0,10.0,29.1,0.0,0.0,1.0,OWN,ME,,0.0,0.0,0,debt_consolidation,0
18000.0, 36 months,5.32,A,76000.0,18.44,752.0,14.0,8.7,1.0,1.0,0.0,OWN,GA,10.0,0.0,3.0,0,home_improvement,0
10000.0, 36 months,5.32,A,80000.0,25.73,732.0,16.0,47.5,0.0,0.0,0.0,MORTGAGE,SC,10.0,0.0,4.0,0,credit_card,0
11200.0, 36 months,11.99,C,37000.0,7.78,677.0,11.0,49.3,0.0,0.0,0.0,RENT,IN,1.0,0.0,0.0,0,debt_consolidation,1
2150.0, 36 months,17.27,D,18300.0,11.74,697.0,11.0,13.1,1.0,0.0,0.0,OWN,OH,3.0,0.0,0.0,0,medical,1
9000.0, 36 months,12.88,C,110000.0,17.29,677.0,16.0,34.6,4.0,0.0,1.0,RENT,MO,10.0,0.0,8.0,0,debt_consolidation,0
12500.0, 36 months,7.49,A,99500.0,12.18,707.0,6.0,83.1,0.0,0.0,0.0,MORTGAGE,RI,10.0,0.0,1.0,0,debt_consolidation,0
6000.0, 36 months,5.32,A,52000.0,15.82,767.0,13.0,28.7,1.0,0.0,0.0,MORTGAGE,NM,1.0,0.0,1.0,0,credit_card,0
20000.0, 36 months,14.85,C,60000.0,26.02,717.0,18.0,19.5,4.0,0.0,0.0,RENT,SC,6.0,0.0,0.0,0,debt_consolidation,1
21000.0, 60 months,16.59,D,90000.0,12.09,712.0,9.0,16.2,1.0,1.0,0.0,RENT,CA,10.0,0.0,0.0,0,debt_consolidation,1
35000.0, 60 months,11.99,C,148000.0,13.33,737.0,11.0,54.0,0.0,0.0,0.0,MORTGAGE,NC,1.0,0.0,5.0,0,credit_card,0
30000.0, 60 months,16.59,D,94000.0,33.15,687.0,14.0,70.7,0.0,1.0,0.0,MORTGAGE,TN,10.0,0.0,5.0,0,debt_consolidation,0
6000.0, 36 months,8.49,B,36000.0,23.84,712.0,15.0,36.6,0.0,2.0,0.0,RENT,NJ,3.0,0.0,0.0,0,debt_consolidation,0
28000.0, 36 months,7.91,A,111000.0,17.76,717.0,9.0,88.1,1.0,0.0,0.0,MORTGAGE,GA,10.0,0.0,3.0,0,debt_consolidation,0
6000.0, 36 months,11.99,C,51000.0,25.04,707.0,12.0,32.8,0.0,0.0,1.0,RENT,OR,10.0,0.0,0.0,0,debt_consolidation,0
15000.0, 60 months,13.44,C,120000.0,28.77,677.0,32.0,69.3,1.0,0.0,0.0,RENT,NY,10.0,0.0,0.0,0,debt_consolidation,0
14000.0, 60 months,9.17,B,105000.0,9.11,687.0,12.0,63.4,0.0,0.0,0.0,RENT,MA,2.0,0.0,0.0,0,credit_card,0
15000.0, 60 months,11.99,C,103000.0,32.33,682.0,16.0,77.0,2.0,0.0,0.0,MORTGAGE,TX,10.0,0.0,1.0,0,home_improvement,1
30800.0, 60 months,17.97,D,111000.0,33.98,702.0,7.0,80.6,0.0,0.0,0.0,MORTGAGE,VA,10.0,0.0,1.0,0,credit_card,0
12000.0, 36 months,10.78,B,86308.0,19.13,692.0,9.0,36.2,1.0,0.0,0.0,RENT,MD,10.0,0.0,0.0,0,debt_consolidation,1
2000.0, 36 months,12.88,C,86564.0,27.73,662.0,25.0,89.7,2.0,0.0,0.0,RENT,VA,6.0,0.0,0.0,0,credit_card,0
4275.0, 36 months,17.27,D,38500.0,28.55,662.0,10.0,59.0,2.0,1.0,1.0,MORTGAGE,NY,1.0,0.0,3.0,0,debt_consolidation,0
6000.0, 36 months,5.32,A,42000.0,16.11,747.0,6.0,42.3,0.0,0.0,0.0,MORTGAGE,MD,2.0,0.0,0.0,0,home_improvement,0
18000.0, 36 months,7.91,A,45000.0,10.48,692.0,15.0,37.5,0.0,1.0,0.0,RENT,MN,1.0,0.0,0.0,0,credit_card,0
25000.0, 36 months,11.99,C,70000.0,23.21,672.0,18.0,57.2,1.0,0.0,0.0,MORTGAGE,TX,10.0,0.0,2.0,0,debt_consolidation,0
6000.0, 36 months,9.8,B,41500.0,19.81,677.0,9.0,22.1,2.0,1.0,0.0,RENT,NJ,3.0,1.0,0.0,0,credit_card,0
9900.0, 36 months,9.17,B,57000.0,21.71,692.0,13.0,49.5,0.0,0.0,0.0,RENT,MA,10.0,0.0,1.0,0,credit_card,0
35000.0, 36 months,7.49,A,125000.0,21.72,722.0,17.0,45.7,0.0,0.0,0.0,MORTGAGE,WA,5.0,0.0,4.0,0,credit_card,0
18250.0, 60 months,19.89,E,36500.0,27.52,672.0,25.0,45.5,1.0,0.0,0.0,OWN,TN,1.0,0.0,2.0,0,debt_consolidation,1
12000.0, 36 months,5.32,A,110000.0,16.19,747.0,21.0,25.0,2.0,0.0,0.0,MORTGAGE,PA,,0.0,5.0,0,credit_card,0
30000.0, 36 months,12.88,C,139000.0,21.38,662.0,20.0,80.2,1.0,1.0,0.0,RENT,WA,10.0,0.0,5.0,0,credit_card,0
21000.0, 36 months,9.17,B,80000.0,23.42,707.0,13.0,37.2,1.0,0.0,0.0,RENT,GA,4.0,0.0,0.0,0,debt_consolidation,0
1000.0, 36 months,12.88,C,45000.0,39.11,697.0,5.0,89.3,0.0,0.0,0.0,RENT,VA,10.0,0.0,0.0,0,other,0
3600.0, 36 months,11.99,C,55000.0,27.93,662.0,15.0,42.1,0.0,0.0,0.0,RENT,FL,10.0,0.0,0.0,0,debt_consolidation,1
12000.0, 36 months,11.48,B,47140.0,33.1,697.0,11.0,56.7,0.0,2.0,0.0,MORTGAGE,NJ,3.0,0.0,1.0,0,debt_consolidation,0
20000.0, 36 months,6.99,A,100000.0,7.1,762.0,8.0,5.8,0.0,0.0,0.0,MORTGAGE,NY,1.0,0.0,2.0,0,debt_consolidation,0
15000.0, 36 months,5.32,A,55000.0,25.25,692.0,10.0,70.2,0.0,0.0,0.0,RENT,NJ,1.0,0.0,0.0,0,credit_card,0
30000.0, 60 months,15.77,D,80000.0,36.05,662.0,19.0,62.0,1.0,1.0,0.0,RENT,MN,3.0,0.0,2.0,0,debt_consolidation,0
7000.0, 36 months,11.48,B,41000.0,19.79,672.0,10.0,20.4,2.0,0.0,0.0,OWN,MI,4.0,0.0,0.0,0,home_improvement,0
30000.0, 36 months,14.85,C,112000.0,19.07,672.0,23.0,47.6,0.0,2.0,0.0,MORTGAGE,FL,10.0,0.0,1.0,0,debt_consolidation,0
2000.0, 36 months,13.44,C,43500.0,27.61,687.0,11.0,25.8,0.0,6.0,0.0,MORTGAGE,AR,10.0,0.0,5.0,0,debt_consolidation,0
13000.0, 36 months,10.78,B,45000.0,26.64,697.0,16.0,24.0,0.0,0.0,0.0,MORTGAGE,KY,10.0,0.0,1.0,0,debt_consolidation,0
15000.0, 36 months,7.91,A,170000.0,7.24,747.0,5.0,77.2,0.0,0.0,0.0,OWN,PA,10.0,0.0,5.0,0,credit_card,0
17000.0, 36 months,12.88,C,89000.0,21.02,682.0,10.0,78.1,0.0,0.0,0.0,RENT,CA,9.0,0.0,0.0,0,debt_consolidation,0
14000.0, 36 months,6.99,A,65000.0,15.22,737.0,10.0,11.2,0.0,1.0,0.0,OWN,NJ,5.0,0.0,1.0,0,debt_consolidation,0
10500.0, 60 months,18.49,D,47000.0,29.55,687.0,10.0,68.8,0.0,0.0,0.0,MORTGAGE,NC,8.0,0.0,1.0,0,debt_consolidation,1
15000.0, 60 months,13.44,C,43500.0,24.61,667.0,10.0,57.9,0.0,0.0,0.0,OWN,TX,7.0,0.0,1.0,0,debt_consolidation,0
12600.0, 36 months,7.91,A,73000.0,21.58,687.0,9.0,51.0,1.0,0.0,0.0,RENT,IN,7.0,0.0,0.0,0,credit_card,0
12000.0, 36 months,5.32,A,98000.0,17.73,777.0,20.0,19.8,0.0,0.0,0.0,MORTGAGE,CA,9.0,0.0,2.0,0,major_purchase,0
28000.0, 60 months,15.77,D,118000.0,35.91,712.0,12.0,21.5,0.0,0.0,0.0,RENT,IN,1.0,0.0,1.0,0,debt_consolidation,0
11750.0, 60 months,28.49,G,28000.0,22.16,692.0,11.0,25.1,1.0,0.0,0.0,OWN,MS,1.0,0.0,0.0,0,debt_consolidation,1
24000.0, 60 months,9.8,B,105000.0,8.32,707.0,13.0,28.2,0.0,0.0,0.0,MORTGAGE,TX,2.0,0.0,5.0,0,debt_consolidation,0
8300.0, 36 months,7.91,A,52000.0,9.46,672.0,8.0,35.1,1.0,0.0,1.0,RENT,CO,,0.0,2.0,0,debt_consolidation,0
15000.0, 36 months,7.49,A,67879.0,29.6,732.0,18.0,40.4,0.0,0.0,0.0,MORTGAGE,NY,10.0,0.0,5.0,0,credit_card,0
24000.0, 60 months,14.85,C,65000.0,22.29,677.0,11.0,79.9,0.0,0.0,0.0,RENT,TX,5.0,0.0,2.0,0,debt_consolidation,0
8000.0, 36 months,10.78,B,53000.0,20.13,672.0,9.0,50.9,1.0,0.0,1.0,MORTGAGE,FL,5.0,0.0,1.0,0,debt_consolidation,0
24000.0, 60 months,18.99,E,230000.0,14.44,677.0,13.0,39.7,2.0,0.0,2.0,RENT,OR,4.0,0.0,5.0,0,debt_consolidation,1
35000.0, 60 months,14.85,C,90000.0,19.13,727.0,12.0,66.4,0.0,0.0,0.0,OWN,OH,10.0,0.0,2.0,0,debt_consolidation,0
12000.0, 36 months,11.48,B,85000.0,22.87,722.0,35.0,31.5,3.0,1.0,0.0,MORTGAGE,PA,7.0,0.0,4.0,0,debt_consolidation,0
13050.0, 60 months,26.06,F,43500.0,22.79,717.0,8.0,88.3,0.0,0.0,0.0,MORTGAGE,NC,10.0,0.0,3.0,0,debt_consolidation,0
14000.0, 60 months,11.99,C,160000.0,12.98,732.0,17.0,22.7,2.0,1.0,0.0,MORTGAGE,AL,10.0,0.0,2.0,0,debt_consolidation,0
8400.0, 36 months,5.32,A,95000.0,21.79,727.0,10.0,29.5,0.0,0.0,0.0,MORTGAGE,NJ,10.0,0.0,3.0,0,debt_consolidation,1
9600.0, 36 months,9.17,B,90000.0,15.15,707.0,13.0,31.3,1.0,1.0,1.0,MORTGAGE,KY,8.0,0.0,0.0,0,debt_consolidation,0
10000.0, 36 months,9.17,B,35000.0,10.55,707.0,7.0,37.0,0.0,0.0,0.0,RENT,FL,4.0,0.0,0.0,0,debt_consolidation,0
1800.0, 36 months,9.17,B,72000.0,13.42,757.0,22.0,9.9,1.0,0.0,0.0,MORTGAGE,GA,1.0,0.0,1.0,0,debt_consolidation,0
15000.0, 36 months,12.88,C,94000.0,13.21,672.0,19.0,52.0,5.0,0.0,2.0,MORTGAGE,OH,5.0,0.0,3.0,0,debt_consolidation,0
6000.0, 36 months,9.17,B,20000.0,16.99,717.0,2.0,79.3,0.0,0.0,0.0,RENT,WA,1.0,0.0,0.0,0,debt_consolidation,0
10000.0, 36 months,6.49,A,35000.0,19.44,757.0,3.0,19.7,0.0,0.0,0.0,MORTGAGE,MI,1.0,0.0,2.0,0,home_improvement,0
25000.0, 36 months,5.32,A,99000.0,18.47,747.0,20.0,43.3,0.0,0.0,0.0,RENT,IL,10.0,0.0,0.0,0,credit_card,0
8675.0, 36 months,19.89,E,36000.0,33.93,677.0,15.0,54.0,1.0,0.0,1.0,MORTGAGE,MD,,0.0,2.0,0,debt_consolidation,0
14000.0, 36 months,14.85,C,44500.0,20.05,672.0,12.0,82.3,0.0,0.0,0.0,RENT,LA,2.0,0.0,0.0,0,debt_consolidation,1
16000.0, 60 months,12.88,C,64000.0,5.76,687.0,5.0,79.2,1.0,0.0,0.0,MORTGAGE,FL,10.0,0.0,1.0,0,debt_consolidation,0
21700.0, 60 months,22.45,F,60300.0,24.74,672.0,10.0,71.1,0.0,1.0,0.0,OWN,MD,10.0,0.0,0.0,0,debt_consolidation,0
2800.0, 36 months,17.97,D,58000.0,18.6,697.0,6.0,53.9,1.0,0.0,0.0,RENT,CA,2.0,0.0,0.0,0,small_business,0
3600.0, 36 months,6.99,A,150000.0,28.08,727.0,11.0,58.8,0.0,0.0,0.0,MORTGAGE,MA,10.0,0.0,3.0,0,debt_consolidation,0
20000.0, 36 months,6.99,A,105000.0,19.02,712.0,11.0,66.9,1.0,0.0,0.0,RENT,OH,10.0,0.0,0.0,0,credit_card,0
30000.0, 60 months,19.48,E,88000.0,18.47,667.0,9.0,69.2,0.0,0.0,0.0,MORTGAGE,TX,10.0,0.0,1.0,0,debt_consolidation,0
20000.0, 36 months,7.49,A,105000.0,9.71,702.0,4.0,65.8,0.0,1.0,0.0,RENT,NC,4.0,0.0,1.0,0,debt_consolidation,0
30000.0, 60 months,20.5,E,98000.0,7.96,662.0,7.0,69.3,0.0,2.0,0.0,MORTGAGE,MA,1.0,0.0,2.0,0,debt_consolidation,0
10000.0, 36 months,9.8,B,75000.0,14.16,702.0,15.0,30.0,3.0,0.0,0.0,RENT,CA,1.0,0.0,0.0,0,debt_consolidation,0
30000.0, 60 months,13.99,C,70000.0,20.72,767.0,13.0,12.2,1.0,0.0,0.0,OWN,NC,1.0,0.0,6.0,0,home_improvement,0
3350.0, 36 months,7.91,A,42251.0,23.49,682.0,6.0,78.0,0.0,0.0,0.0,MORTGAGE,MS,,0.0,1.0,0,credit_card,0
12000.0, 60 months,18.99,E,50000.0,21.87,667.0,10.0,61.0,5.0,0.0,1.0,RENT,CA,1.0,0.0,0.0,0,credit_card,1
6000.0, 36 months,7.49,A,67000.0,29.05,717.0,12.0,87.1,0.0,0.0,0.0,MORTGAGE,UT,10.0,0.0,2.0,0,credit_card,0
19200.0, 60 months,10.78,B,65000.0,15.5,692.0,19.0,74.9,0.0,0.0,0.0,RENT,GA,1.0,0.0,0.0,0,debt_consolidation,0
12000.0, 60 months,11.48,B,110000.0,4.9,677.0,11.0,53.8,0.0,5.0,0.0,MORTGAGE,GA,5.0,0.0,2.0,0,debt_consolidation,0
20000.0, 36 months,6.49,A,78000.0,21.6,732.0,10.0,63.6,0.0,0.0,0.0,OWN,FL,10.0,0.0,7.0,0,credit_card,0
13200.0, 36 months,14.85,C,61000.0,15.42,682.0,15.0,46.5,1.0,0.0,0.0,OWN,NY,1.0,0.0,0.0,0,debt_consolidation,0
35000.0, 36 months,7.91,A,145000.0,13.77,712.0,11.0,50.6,0.0,0.0,0.0,OWN,NC,4.0,0.0,5.0,0,credit_card,0
14400.0, 36 months,8.49,B,47000.0,27.96,717.0,13.0,55.3,0.0,0.0,0.0,RENT,TX,1.0,0.0,0.0,0,debt_consolidation,0
3000.0, 36 months,11.48,B,45000.0,15.73,767.0,7.0,15.9,0.0,0.0,0.0,MORTGAGE,GA,5.0,0.0,4.0,0,debt_consolidation,0
23200.0, 36 months,9.17,B,110000.0,18.84,667.0,14.0,80.8,0.0,0.0,0.0,RENT,MA,1.0,0.0,0.0,0,credit_card,0
18250.0, 36 months,11.48,B,39696.0,24.55,667.0,7.0,54.9,0.0,0.0,0.0,MORTGAGE,GA,,0.0,2.0,0,credit_card,0
14000.0, 60 months,19.89,E,75000.0,16.03,662.0,7.0,78.1,1.0,0.0,0.0,MORTGAGE,OH,3.0,0.0,0.0,0,debt_consolidation,0
12000.0, 36 months,13.99,C,90000.0,29.15,672.0,12.0,82.8,2.0,2.0,0.0,MORTGAGE,OH,10.0,0.0,3.0,0,debt_consolidation,1
3000.0, 36 months,13.44,C,50740.0,17.24,672.0,7.0,64.3,1.0,0.0,1.0,RENT,AZ,2.0,0.0,0.0,0,other,0
4000.0, 36 months,7.49,A,83500.0,2.17,757.0,5.0,0.5,0.0,0.0,0.0,RENT,MI,5.0,0.0,0.0,0,car,0
5000.0, 36 months,11.99,C,65000.0,18.52,692.0,10.0,60.7,0.0,0.0,0.0,RENT,TX,2.0,0.0,0.0,0,major_purchase,1
12425.0, 60 months,18.99,E,24897.72,6.62,722.0,15.0,18.7,0.0,0.0,0.0,RENT,NY,,0.0,4.0,0,debt_consolidation,0
31325.0, 36 months,15.77,D,157000.0,30.13,692.0,14.0,70.5,0.0,0.0,0.0,RENT,NY,1.0,0.0,0.0,0,credit_card,0
28000.0, 36 months,6.49,A,82000.0,12.67,702.0,13.0,61.0,0.0,0.0,0.0,MORTGAGE,CT,10.0,0.0,5.0,0,credit_card,0
2500.0, 36 months,14.85,C,32000.0,16.73,672.0,6.0,59.2,1.0,0.0,0.0,RENT,CA,10.0,0.0,0.0,0,major_purchase,0
24000.0, 60 months,8.49,B,150000.0,23.7,687.0,12.0,91.5,0.0,1.0,0.0,MORTGAGE,CA,10.0,0.0,1.0,0,debt_consolidation,0
5000.0, 36 months,8.49,B,29000.0,6.46,692.0,21.0,56.0,0.0,0.0,0.0,MORTGAGE,AL,1.0,0.0,0.0,0,debt_consolidation,0
17200.0, 60 months,17.27,D,37440.0,33.37,682.0,8.0,90.8,0.0,0.0,0.0,RENT,MD,1.0,0.0,0.0,0,debt_consolidation,0
15000.0, 60 months,11.48,B,57000.0,20.67,682.0,10.0,58.0,1.0,0.0,1.0,RENT,IL,2.0,0.0,1.0,0,credit_card,0
14400.0, 60 months,11.99,C,85000.0,21.78,662.0,8.0,51.0,1.0,0.0,3.0,MORTGAGE,AL,1.0,0.0,4.0,0,home_improvement,0
1400.0, 36 months,16.59,D,54000.0,20.24,667.0,10.0,46.1,2.0,0.0,0.0,MORTGAGE,AL,10.0,0.0,1.0,0,home_improvement,0
8200.0, 36 months,16.59,D,79000.0,0.76,672.0,7.0,8.8,1.0,1.0,0.0,MORTGAGE,MI,3.0,0.0,0.0,0,debt_consolidation,0
5400.0, 36 months,5.32,A,41000.0,26.23,772.0,10.0,3.9,0.0,0.0,0.0,RENT,MA,2.0,0.0,0.0,0,credit_card,0
25000.0, 36 months,11.48,B,185000.0,14.03,707.0,10.0,46.8,2.0,0.0,0.0,RENT,AZ,10.0,0.0,0.0,0,debt_consolidation,0
20000.0, 36 months,12.88,C,50000.0,4.94,662.0,5.0,59.2,0.0,0.0,1.0,OWN,OH,10.0,0.0,0.0,0,debt_consolidation,0
24000.0, 60 months,9.8,B,75000.0,22.94,727.0,11.0,33.9,0.0,1.0,0.0,RENT,SC,1.0,0.0,0.0,0,debt_consolidation,0
25500.0, 36 months,11.99,C,72000.0,16.37,717.0,11.0,38.1,0.0,0.0,0.0,RENT,NJ,7.0,0.0,0.0,0,credit_card,0
13475.0, 36 months,7.91,A,120000.0,19.79,747.0,10.0,54.0,0.0,0.0,0.0,OWN,NJ,10.0,0.0,3.0,0,other,0
7200.0, 36 months,8.49,B,42000.0,13.54,692.0,5.0,18.2,0.0,0.0,0.0,RENT,GA,4.0,0.0,5.0,0,major_purchase,0
30000.0, 36 months,14.85,C,124000.0,15.61,677.0,13.0,74.1,0.0,0.0,0.0,MORTGAGE,NY,6.0,0.0,6.0,0,debt_consolidation,0
15000.0, 36 months,8.49,B,50500.0,24.76,782.0,20.0,20.5,0.0,0.0,0.0,RENT,MN,1.0,0.0,0.0,0,debt_consolidation,0
21600.0, 60 months,19.48,E,121000.0,19.93,667.0,22.0,70.0,1.0,2.0,0.0,MORTGAGE,KS,5.0,0.0,9.0,0,debt_consolidation,1
15000.0, 60 months,11.99,C,100000.0,7.58,662.0,13.0,23.8,1.0,0.0,1.0,MORTGAGE,PA,3.0,0.0,3.0,0,debt_consolidation,0
11000.0, 60 months,18.99,E,55000.0,0.94,732.0,14.0,4.5,3.0,0.0,0.0,RENT,NY,10.0,0.0,0.0,0,moving,0
6400.0, 36 months,13.44,C,54000.0,27.44,682.0,8.0,21.2,1.0,2.0,0.0,RENT,MA,10.0,0.0,0.0,0,debt_consolidation,1
10000.0, 36 months,8.49,B,63000.0,24.67,692.0,11.0,86.3,1.0,0.0,0.0,RENT,TX,4.0,0.0,0.0,0,debt_consolidation,1
25200.0, 60 months,10.78,B,90000.0,15.45,712.0,27.0,52.5,1.0,0.0,0.0,MORTGAGE,OH,10.0,0.0,2.0,0,debt_consolidation,0
5725.0, 36 months,6.99,A,25000.0,12.67,702.0,8.0,31.0,0.0,0.0,0.0,RENT,CA,3.0,0.0,0.0,0,debt_consolidation,0
15000.0, 60 months,16.59,D,58000.0,35.63,667.0,13.0,70.0,0.0,0.0,0.0,MORTGAGE,KS,2.0,0.0,1.0,0,debt_consolidation,0
15600.0, 36 months,8.49,B,38000.0,17.59,712.0,13.0,29.7,0.0,0.0,0.0,OWN,LA,5.0,0.0,0.0,0,debt_consolidation,1
11400.0, 60 months,14.85,C,56888.0,9.11,677.0,25.0,62.0,0.0,0.0,1.0,MORTGAGE,FL,1.0,0.0,0.0,0,home_improvement,0
20000.0, 60 months,17.27,D,124000.0,31.23,672.0,30.0,65.6,1.0,0.0,0.0,RENT,CA,9.0,0.0,0.0,0,credit_card,1
4550.0, 36 months,10.78,B,78000.0,26.08,672.0,16.0,56.1,0.0,0.0,1.0,MORTGAGE,IN,5.0,0.0,1.0,0,small_business,0
11000.0, 36 months,11.48,B,75000.0,10.78,667.0,6.0,92.3,0.0,0.0,1.0,MORTGAGE,MN,4.0,0.0,5.0,0,debt_consolidation,0
26825.0, 60 months,18.99,E,66548.0,31.61,687.0,9.0,84.0,1.0,0.0,1.0,MORTGAGE,MN,10.0,0.0,1.0,0,debt_consolidation,0
8375.0, 36 months,13.99,C,32000.0,7.5,662.0,11.0,29.3,0.0,0.0,1.0,OWN,AR,10.0,0.0,1.0,0,debt_consolidation,1
25000.0, 36 months,8.49,B,135000.0,22.37,717.0,8.0,37.3,0.0,2.0,1.0,MORTGAGE,NY,3.0,0.0,1.0,0,debt_consolidation,0
15000.0, 60 months,19.89,E,50000.0,21.87,692.0,23.0,26.8,0.0,0.0,0.0,RENT,GA,9.0,0.0,0.0,0,debt_consolidation,1
19200.0, 36 months,5.32,A,60000.0,17.84,722.0,11.0,75.9,0.0,0.0,0.0,RENT,NY,8.0,0.0,0.0,0,credit_card,0
16000.0, 36 months,14.85,C,70000.0,26.16,737.0,11.0,0.9,2.0,0.0,0.0,MORTGAGE,IL,5.0,0.0,5.0,0,small_business,0
18000.0, 60 months,20.5,E,60000.0,34.38,672.0,7.0,71.9,0.0,1.0,0.0,MORTGAGE,PA,8.0,0.0,1.0,0,moving,0
24000.0, 36 months,7.49,A,48000.0,16.58,737.0,7.0,47.5,0.0,0.0,0.0,MORTGAGE,AZ,,0.0,4.0,0,credit_card,0
12000.0, 36 months,5.32,A,50000.0,7.54,772.0,12.0,17.6,0.0,0.0,0.0,OWN,KY,2.0,0.0,0.0,0,credit_card,0
14400.0, 36 months,9.17,B,82000.0,12.47,672.0,5.0,39.0,1.0,1.0,3.0,RENT,IN,10.0,0.0,2.0,0,major_purchase,0
4325.0, 36 months,9.8,B,40000.0,14.79,662.0,3.0,60.0,0.0,0.0,1.0,MORTGAGE,MO,2.0,0.0,2.0,0,car,0
7500.0, 36 months,16.59,D,50000.0,26.76,667.0,12.0,44.6,1.0,1.0,0.0,OWN,WV,3.0,1.0,1.0,0,home_improvement,0
25000.0, 60 months,10.78,B,50000.0,39.3,727.0,6.0,71.6,0.0,0.0,0.0,RENT,TX,6.0,0.0,0.0,0,credit_card,0
14000.0, 36 months,10.78,B,120000.0,12.52,707.0,15.0,62.7,0.0,1.0,0.0,MORTGAGE,TN,,0.0,1.0,0,credit_card,0
13000.0, 60 months,13.99,C,62500.0,15.35,702.0,20.0,39.4,0.0,1.0,0.0,RENT,MI,1.0,0.0,0.0,0,credit_card,0
3525.0, 36 months,11.48,B,20000.0,25.63,677.0,3.0,68.0,1.0,0.0,0.0,RENT,FL,1.0,0.0,0.0,0,credit_card,0
5400.0, 36 months,9.8,B,80000.0,18.17,667.0,11.0,75.2,1.0,3.0,0.0,RENT,TX,2.0,0.0,0.0,0,debt_consolidation,1
24000.0, 60 months,23.13,F,104000.0,24.75,667.0,25.0,87.4,1.0,0.0,0.0,MORTGAGE,MD,6.0,0.0,1.0,0,debt_consolidation,0
17000.0, 36 months,6.49,A,52000.0,12.29,682.0,21.0,10.7,2.0,1.0,0.0,MORTGAGE,FL,2.0,0.0,0.0,0,debt_consolidation,0
10000.0, 36 months,13.44,C,90000.0,16.28,687.0,15.0,20.4,2.0,0.0,1.0,MORTGAGE,FL,10.0,0.0,4.0,0,credit_card,0
35000.0, 60 months,17.97,D,150000.0,25.11,672.0,27.0,85.3,1.0,1.0,0.0,MORTGAGE,PA,10.0,0.0,7.0,0,debt_consolidation,0
12000.0, 60 months,8.49,B,68000.0,12.02,742.0,5.0,37.3,0.0,0.0,0.0,MORTGAGE,NC,1.0,0.0,3.0,0,debt_consolidation,0
21600.0, 60 months,14.85,C,86000.0,13.58,687.0,26.0,25.4,0.0,0.0,0.0,MORTGAGE,MA,4.0,0.0,1.0,0,other,0
4000.0, 36 months,15.77,D,60000.0,38.02,697.0,24.0,30.3,1.0,0.0,0.0,RENT,VA,1.0,0.0,0.0,0,credit_card,0
18000.0, 36 months,5.32,A,200000.0,13.57,777.0,18.0,17.6,2.0,0.0,0.0,OWN,TX,7.0,0.0,1.0,0,debt_consolidation,0
20900.0, 36 months,18.49,D,55000.0,18.96,667.0,9.0,84.1,2.0,0.0,0.0,OWN,MA,2.0,0.0,0.0,0,car,0
20825.0, 60 months,16.59,D,81500.0,24.59,677.0,4.0,34.0,0.0,2.0,1.0,MORTGAGE,GA,10.0,0.0,1.0,0,debt_consolidation,0
10175.0, 36 months,9.8,B,65000.0,28.03,692.0,15.0,57.0,1.0,0.0,0.0,MORTGAGE,FL,3.0,0.0,6.0,0,debt_consolidation,0
12000.0, 60 months,16.59,D,101000.0,22.96,687.0,14.0,46.9,3.0,0.0,0.0,MORTGAGE,CA,10.0,0.0,4.0,0,debt_consolidation,0
20000.0, 60 months,15.77,D,57000.0,21.09,682.0,7.0,98.1,0.0,0.0,0.0,RENT,NC,6.0,0.0,0.0,0,debt_consolidation,1
4000.0, 36 months,9.8,B,47000.0,19.59,757.0,20.0,14.7,0.0,0.0,0.0,MORTGAGE,IL,10.0,0.0,1.0,0,home_improvement,0
15000.0, 36 months,10.78,B,200000.0,13.57,712.0,22.0,55.9,2.0,0.0,0.0,MORTGAGE,IL,10.0,0.0,6.0,0,credit_card,1
16000.0, 60 months,18.49,D,65000.0,15.73,682.0,8.0,77.1,0.0,0.0,1.0,RENT,GA,10.0,0.0,1.0,0,credit_card,0
15500.0, 60 months,8.49,B,135000.0,12.33,687.0,8.0,63.2,0.0,1.0,0.0,OWN,NY,1.0,0.0,2.0,0,credit_card,0
14000.0, 60 months,15.77,D,132700.0,25.38,662.0,11.0,78.0,5.0,2.0,0.0,RENT,PA,10.0,0.0,5.0,0,debt_consolidation,0
4175.0, 36 months,12.88,C,50720.0,9.16,667.0,9.0,85.0,0.0,0.0,0.0,MORTGAGE,MN,4.0,0.0,2.0,0,debt_consolidation,0
5000.0, 36 months,11.48,B,43498.0,26.2,662.0,5.0,75.2,1.0,1.0,0.0,OWN,TX,8.0,0.0,0.0,0,debt_consolidation,1
20000.0, 36 months,9.17,B,60000.0,10.45,667.0,10.0,52.3,0.0,0.0,1.0,MORTGAGE,WA,,0.0,5.0,0,credit_card,0
30000.0, 36 months,6.99,A,202000.0,11.65,732.0,6.0,82.2,0.0,0.0,0.0,MORTGAGE,NH,10.0,0.0,6.0,0,credit_card,0
5500.0, 36 months,11.99,C,37000.0,21.15,722.0,7.0,81.0,0.0,0.0,0.0,RENT,CA,3.0,0.0,0.0,0,debt_consolidation,0
30000.0, 36 months,12.88,C,100000.0,16.21,697.0,14.0,56.0,0.0,0.0,0.0,RENT,CA,3.0,0.0,0.0,0,debt_consolidation,0
24000.0, 60 months,13.99,C,69800.0,38.49,672.0,20.0,65.7,0.0,0.0,0.0,MORTGAGE,NC,10.0,0.0,2.0,0,debt_consolidation,0
24000.0, 36 months,13.44,C,120000.0,14.42,702.0,17.0,82.5,1.0,0.0,0.0,OWN,NY,3.0,0.0,1.0,0,debt_consolidation,0
9800.0, 36 months,10.78,B,47000.0,14.69,667.0,10.0,67.9,0.0,0.0,1.0,MORTGAGE,OH,10.0,0.0,1.0,0,debt_consolidation,0
12000.0, 36 months,9.17,B,110000.0,24.61,697.0,11.0,68.3,0.0,0.0,0.0,MORTGAGE,OH,3.0,0.0,1.0,0,credit_card,0
15000.0, 36 months,5.32,A,70000.0,22.77,707.0,14.0,58.8,0.0,0.0,0.0,OWN,CA,10.0,0.0,1.0,0,credit_card,0
24000.0, 36 months,7.91,A,80000.0,27.58,757.0,25.0,44.5,0.0,0.0,0.0,MORTGAGE,GA,6.0,0.0,4.0,0,debt_consolidation,0
10000.0, 36 months,8.49,B,45000.0,31.8,702.0,20.0,48.0,0.0,1.0,0.0,RENT,TX,1.0,0.0,0.0,0,debt_consolidation,0
19800.0, 36 months,12.88,C,78924.0,13.12,767.0,12.0,24.7,0.0,0.0,0.0,MORTGAGE,MD,7.0,0.0,1.0,0,debt_consolidation,0
8000.0, 36 months,9.17,B,38480.0,29.2,707.0,16.0,11.2,3.0,1.0,0.0,RENT,NY,3.0,0.0,0.0,0,credit_card,0
5600.0, 36 months,12.88,C,38000.0,30.98,687.0,12.0,55.7,0.0,1.0,0.0,RENT,FL,10.0,0.0,0.0,0,debt_consolidation,0
20000.0, 36 months,9.8,B,100000.0,15.83,682.0,11.0,37.7,1.0,0.0,0.0,OWN,NY,3.0,0.0,0.0,0,debt_consolidation,0
10000.0, 36 months,5.32,A,118000.0,7.37,712.0,8.0,44.3,1.0,0.0,0.0,MORTGAGE,MD,6.0,0.0,3.0,0,debt_consolidation,0
29000.0, 60 months,8.49,B,72000.0,21.03,742.0,10.0,40.4,0.0,0.0,0.0,MORTGAGE,FL,10.0,0.0,4.0,0,credit_card,0
3000.0, 36 months,11.99,C,42000.0,6.74,687.0,4.0,50.4,1.0,0.0,0.0,RENT,NY,1.0,0.0,0.0,0,house,0
23400.0, 60 months,13.44,C,65000.0,29.52,687.0,17.0,44.0,2.0,0.0,0.0,OWN,IL,8.0,0.0,0.0,0,debt_consolidation,0
9525.0, 36 months,20.5,E,35000.0,18.39,662.0,9.0,33.5,4.0,0.0,1.0,RENT,NY,3.0,0.0,0.0,0,debt_consolidation,0
10000.0, 36 months,9.8,B,52000.0,18.69,692.0,8.0,32.2,1.0,0.0,0.0,OWN,GA,3.0,0.0,0.0,0,debt_consolidation,0
22500.0, 60 months,11.99,C,50000.0,18.0,687.0,6.0,71.0,0.0,0.0,0.0,RENT,PA,1.0,0.0,5.0,0,debt_consolidation,1
10000.0, 36 months,7.49,A,60000.0,26.02,747.0,7.0,66.1,1.0,0.0,0.0,MORTGAGE,CA,8.0,0.0,1.0,0,debt_consolidation,0
15500.0, 36 months,11.99,C,55000.0,12.63,667.0,8.0,28.2,1.0,1.0,0.0,MORTGAGE,MN,10.0,1.0,7.0,0,debt_consolidation,0
3000.0, 36 months,7.49,A,86000.0,1.94,787.0,20.0,7.1,1.0,0.0,0.0,MORTGAGE,CA,10.0,0.0,3.0,0,medical,0
1000.0, 36 months,13.44,C,50000.0,3.07,662.0,5.0,29.8,0.0,1.0,0.0,RENT,NY,10.0,0.0,2.0,0,debt_consolidation,0
20000.0, 36 months,11.48,B,79000.0,8.39,672.0,10.0,31.4,2.0,0.0,1.0,OWN,NJ,4.0,0.0,0.0,0,debt_consolidation,1
16275.0, 60 months,27.49,G,37000.0,18.72,687.0,10.0,12.3,1.0,0.0,0.0,RENT,AZ,1.0,0.0,0.0,0,debt_consolidation,1
16000.0, 36 months,18.49,D,40000.0,34.41,682.0,8.0,50.0,2.0,0.0,0.0,OWN,FL,2.0,0.0,1.0,0,small_business,0
10000.0, 36 months,11.48,B,72000.0,22.83,692.0,19.0,16.0,2.0,0.0,0.0,RENT,TX,3.0,0.0,0.0,0,debt_consolidation,0
4000.0, 36 months,7.91,A,45000.0,19.07,742.0,7.0,11.6,2.0,0.0,1.0,RENT,MO,1.0,0.0,0.0,0,debt_consolidation,0
4000.0, 36 months,11.99,C,53000.0,15.53,702.0,8.0,50.5,1.0,1.0,0.0,RENT,PA,10.0,0.0,1.0,0,other,0
10650.0, 36 months,19.89,E,87500.0,11.41,692.0,14.0,25.1,3.0,2.0,0.0,RENT,MD,6.0,0.0,0.0,0,house,1
6950.0, 36 months,13.99,C,20000.0,24.13,667.0,6.0,84.7,0.0,0.0,0.0,MORTGAGE,OH,10.0,0.0,2.0,0,home_improvement,0
8000.0, 36 months,9.8,B,26000.0,5.68,712.0,3.0,66.8,0.0,0.0,0.0,RENT,WA,7.0,0.0,0.0,0,debt_consolidation,0
8000.0, 36 months,9.8,B,76000.0,12.29,687.0,6.0,83.2,0.0,0.0,0.0,MORTGAGE,NC,7.0,0.0,4.0,0,debt_consolidation,0
8000.0, 36 months,13.44,C,65000.0,38.63,672.0,12.0,77.1,1.0,0.0,1.0,MORTGAGE,TN,8.0,0.0,2.0,0,credit_card,0
7500.0, 36 months,5.32,A,60000.0,21.84,762.0,11.0,11.4,0.0,0.0,0.0,RENT,AZ,1.0,0.0,0.0,0,credit_card,0
13500.0, 60 months,11.99,C,65000.0,21.16,687.0,7.0,78.0,1.0,0.0,1.0,MORTGAGE,TX,10.0,0.0,1.0,0,debt_consolidation,0
22350.0, 60 months,19.48,E,85000.0,35.79,717.0,12.0,71.3,1.0,0.0,0.0,MORTGAGE,WV,9.0,0.0,2.0,0,credit_card,1
10000.0, 36 months,9.8,B,75000.0,10.94,732.0,7.0,39.1,0.0,0.0,0.0,RENT,KS,7.0,0.0,0.0,0,major_purchase,0
6000.0, 36 months,9.17,B,44000.0,20.62,682.0,4.0,56.8,0.0,0.0,1.0,RENT,TX,1.0,0.0,3.0,0,credit_card,0
15000.0, 60 months,19.89,E,62800.0,21.19,662.0,13.0,37.8,0.0,1.0,1.0,MORTGAGE,OR,10.0,0.0,1.0,0,debt_consolidation,0
4900.0, 36 months,15.77,D,36000.0,20.5,667.0,10.0,71.0,0.0,1.0,1.0,RENT,NY,3.0,0.0,0.0,0,major_purchase,0
13450.0, 60 months,17.97,D,52500.0,25.07,682.0,14.0,42.2,2.0,1.0,3.0,MORTGAGE,IN,8.0,0.0,0.0,0,other,0
5000.0, 36 months,11.99,C,95000.0,18.65,777.0,9.0,33.4,0.0,0.0,0.0,MORTGAGE,NV,1.0,0.0,5.0,0,credit_card,0
28000.0, 60 months,9.8,B,118000.0,19.34,717.0,13.0,69.1,0.0,1.0,0.0,MORTGAGE,MS,8.0,0.0,3.0,0,credit_card,0
9600.0, 36 months,11.99,C,43420.0,7.19,692.0,13.0,72.2,0.0,0.0,0.0,RENT,CA,10.0,0.0,0.0,0,debt_consolidation,0
14000.0, 36 months,6.49,A,40000.0,14.27,802.0,7.0,23.2,0.0,0.0,0.0,MORTGAGE,TX,3.0,0.0,1.0,0,credit_card,0
30000.0, 36 months,13.99,C,95000.0,18.97,687.0,15.0,61.0,3.0,0.0,0.0,MORTGAGE,NC,10.0,0.0,2.0,0,debt_consolidation,1
17600.0, 36 months,23.13,F,40000.0,39.23,682.0,13.0,94.6,1.0,0.0,0.0,RENT,OR,1.0,0.0,0.0,0,credit_card,0
5000.0, 36 months,12.88,C,25000.0,30.94,717.0,9.0,37.1,0.0,0.0,0.0,OWN,CA,5.0,0.0,0.0,0,other,0
35000.0, 36 months,13.44,C,86000.0,16.93,672.0,28.0,3.2,3.0,0.0,1.0,RENT,CA,9.0,0.0,1.0,0,home_improvement,0
5000.0, 36 months,10.78,B,42000.0,22.09,687.0,11.0,63.1,0.0,1.0,0.0,RENT,CT,1.0,0.0,3.0,0,debt_consolidation,0
30000.0, 36 months,7.91,A,153996.0,19.87,742.0,8.0,94.5,1.0,0.0,0.0,MORTGAGE,IL,10.0,0.0,2.0,0,debt_consolidation,0
31075.0, 60 months,13.99,C,107901.0,6.8,682.0,5.0,70.4,0.0,0.0,0.0,MORTGAGE,WA,6.0,0.0,3.0,0,debt_consolidation,0
15000.0, 36 months,10.78,B,100000.0,15.48,672.0,4.0,93.3,0.0,0.0,0.0,OWN,NY,7.0,0.0,0.0,0,debt_consolidation,0
24000.0, 60 months,7.91,A,116250.0,19.88,712.0,13.0,49.3,0.0,0.0,0.0,MORTGAGE,AR,8.0,0.0,2.0,0,debt_consolidation,0
24000.0, 36 months,6.49,A,100000.0,10.06,712.0,11.0,39.6,0.0,0.0,0.0,RENT,NC,6.0,0.0,1.0,0,credit_card,0
6225.0, 36 months,11.48,B,35000.0,34.16,697.0,12.0,73.5,0.0,0.0,0.0,MORTGAGE,CA,10.0,0.0,2.0,0,credit_card,0
16800.0, 60 months,11.48,B,72000.0,21.76,717.0,14.0,36.8,1.0,0.0,0.0,MORTGAGE,MN,4.0,0.0,4.0,0,credit_card,0
9500.0, 36 months,9.17,B,72500.0,9.63,682.0,17.0,25.6,0.0,1.0,1.0,RENT,AL,4.0,0.0,0.0,0,debt_consolidation,0
7800.0, 36 months,10.78,B,50500.0,12.02,662.0,5.0,46.6,0.0,0.0,0.0,RENT,MO,2.0,0.0,6.0,0,medical,1
14400.0, 36 months,7.49,A,78000.0,28.8,697.0,22.0,40.0,1.0,0.0,0.0,MORTGAGE,FL,10.0,0.0,2.0,0,credit_card,0
35000.0, 60 months,12.88,C,195300.0,17.64,737.0,16.0,57.6,0.0,0.0,0.0,RENT,AZ,5.0,0.0,6.0,0,debt_consolidation,0
35000.0, 60 months,19.48,E,70000.0,31.27,677.0,8.0,36.3,2.0,0.0,0.0,RENT,HI,6.0,0.0,0.0,0,major_purchase,0
15350.0, 36 months,18.99,E,61000.0,19.83,667.0,14.0,70.5,1.0,0.0,1.0,RENT,PA,10.0,0.0,1.0,0,debt_consolidation,0
12125.0, 36 months,17.97,D,27577.0,38.16,692.0,16.0,73.0,0.0,0.0,0.0,OWN,SC,,0.0,0.0,0,debt_consolidation,0
12000.0, 36 months,5.32,A,107000.0,21.61,767.0,22.0,10.5,0.0,0.0,0.0,MORTGAGE,VA,10.0,0.0,6.0,0,debt_consolidation,0
18000.0, 36 months,11.48,B,86000.0,31.23,757.0,25.0,18.9,1.0,0.0,0.0,RENT,CA,10.0,0.0,0.0,0,medical,1
14100.0, 36 months,16.59,D,42000.0,15.97,692.0,6.0,52.1,0.0,0.0,0.0,RENT,NY,1.0,0.0,0.0,0,credit_card,0
20000.0, 36 months,11.48,B,120000.0,13.83,697.0,21.0,44.7,1.0,0.0,0.0,MORTGAGE,MA,10.0,0.0,4.0,0,debt_consolidation,0
12000.0, 60 months,13.44,C,55000.0,15.75,692.0,6.0,44.3,1.0,1.0,0.0,MORTGAGE,IN,8.0,0.0,1.0,0,debt_consolidation,1
15850.0, 60 months,20.5,E,55000.0,14.82,722.0,4.0,97.8,0.0,0.0,0.0,MORTGAGE,MN,3.0,0.0,3.0,0,debt_consolidation,0
8000.0, 36 months,11.48,B,50000.0,12.67,682.0,21.0,30.0,1.0,0.0,0.0,RENT,CA,1.0,0.0,1.0,0,credit_card,0
5525.0, 36 months,17.97,D,60000.0,17.58,682.0,13.0,35.7,0.0,0.0,0.0,RENT,AZ,1.0,0.0,3.0,0,debt_consolidation,1
3600.0, 36 months,13.44,C,90791.91,13.03,667.0,17.0,8.5,1.0,0.0,0.0,MORTGAGE,MD,10.0,0.0,1.0,0,other,0
9600.0, 36 months,6.49,A,50000.0,8.76,712.0,8.0,8.2,0.0,0.0,0.0,MORTGAGE,NV,3.0,0.0,0.0,0,debt_consolidation,0
14225.0, 60 months,15.77,D,68000.0,11.33,662.0,7.0,25.0,3.0,0.0,0.0,MORTGAGE,AL,5.0,0.0,2.0,0,home_improvement,0
1500.0, 36 months,9.17,B,83000.0,22.4,677.0,12.0,79.0,0.0,0.0,0.0,MORTGAGE,TN,10.0,0.0,3.0,0,major_purchase,0
24000.0, 60 months,16.59,D,155000.0,16.89,672.0,9.0,72.5,0.0,2.0,0.0,MORTGAGE,GA,10.0,0.0,5.0,0,home_improvement,0
20000.0, 36 months,8.49,B,80000.0,19.26,682.0,12.0,41.5,3.0,0.0,0.0,MORTGAGE,KS,1.0,0.0,4.0,0,credit_card,0
24800.0, 60 months,21.48,E,70000.0,14.17,682.0,13.0,45.3,0.0,0.0,0.0,RENT,CO,5.0,0.0,0.0,0,credit_card,0
35000.0, 36 months,18.49,D,170000.0,16.04,672.0,14.0,55.8,1.0,1.0,0.0,OWN,TX,10.0,0.0,5.0,0,debt_consolidation,1
28000.0, 36 months,11.99,C,75000.0,11.36,662.0,14.0,64.0,0.0,4.0,0.0,MORTGAGE,KS,,0.0,1.0,0,debt_consolidation,0
21500.0, 36 months,18.99,E,65000.0,30.26,672.0,18.0,48.4,2.0,0.0,1.0,MORTGAGE,NV,10.0,0.0,3.0,0,debt_consolidation,0
10000.0, 36 months,12.88,C,160000.0,11.44,677.0,13.0,36.9,0.0,0.0,1.0,RENT,MD,3.0,0.0,0.0,0,debt_consolidation,0
10400.0, 36 months,7.91,A,35620.0,21.46,702.0,5.0,75.0,0.0,0.0,0.0,RENT,WA,8.0,0.0,0.0,0,debt_consolidation,0
2800.0, 36 months,16.59,D,29000.0,30.92,667.0,7.0,87.9,0.0,0.0,0.0,RENT,OH,1.0,0.0,0.0,0,other,0
24000.0, 60 months,12.88,C,70000.0,22.69,662.0,8.0,92.2,0.0,0.0,0.0,MORTGAGE,NC,9.0,0.0,1.0,0,debt_consolidation,1
24675.0, 60 months,18.49,D,75267.0,34.3,712.0,21.0,60.4,0.0,0.0,1.0,RENT,VA,9.0,0.0,1.0,0,debt_consolidation,0
28000.0, 60 months,15.77,D,95000.0,8.59,707.0,7.0,96.9,0.0,0.0,0.0,MORTGAGE,NY,8.0,0.0,1.0,0,credit_card,0
15200.0, 60 months,19.89,E,38000.0,39.23,662.0,9.0,62.1,1.0,0.0,1.0,OWN,CO,10.0,0.0,0.0,0,debt_consolidation,0
5000.0, 36 months,7.91,A,300000.0,8.69,687.0,20.0,45.6,1.0,0.0,1.0,MORTGAGE,PA,2.0,0.0,2.0,0,home_improvement,0
28000.0, 60 months,9.17,B,67000.0,28.1,692.0,18.0,73.0,0.0,2.0,0.0,MORTGAGE,FL,1.0,0.0,5.0,0,debt_consolidation,0
10000.0, 36 months,8.49,B,50000.0,21.75,677.0,9.0,56.0,0.0,0.0,1.0,MORTGAGE,FL,5.0,0.0,1.0,0,debt_consolidation,0
32000.0, 60 months,23.13,F,104800.0,14.92,712.0,8.0,88.4,0.0,0.0,0.0,MORTGAGE,AR,3.0,0.0,6.0,0,home_improvement,0
10000.0, 36 months,9.8,B,78000.0,12.28,687.0,7.0,89.2,0.0,0.0,0.0,RENT,CA,3.0,0.0,0.0,0,other,0
18625.0, 36 months,13.44,C,44400.0,7.78,682.0,5.0,88.6,0.0,1.0,0.0,MORTGAGE,TN,10.0,0.0,1.0,0,debt_consolidation,1
6000.0, 36 months,7.49,A,110000.0,18.8,712.0,14.0,71.7,0.0,0.0,0.0,MORTGAGE,CA,10.0,0.0,7.0,0,debt_consolidation,0
15000.0, 36 months,10.78,B,48000.0,33.6,707.0,10.0,60.2,0.0,0.0,0.0,RENT,CO,10.0,0.0,1.0,0,debt_consolidation,0
5000.0, 36 months,10.78,B,36000.0,24.03,747.0,12.0,33.8,0.0,0.0,0.0,RENT,NV,10.0,0.0,0.0,0,other,0
15000.0, 36 months,6.0,D,125000.0,23.15,697.0,7.0,95.3,3.0,0.0,0.0,MORTGAGE,IL,10.0,0.0,7.0,0,debt_consolidation,0
15000.0, 36 months,15.77,D,80350.0,26.88,712.0,23.0,17.1,0.0,0.0,0.0,MORTGAGE,TX,10.0,0.0,1.0,0,debt_consolidation,0
35000.0, 60 months,10.78,B,118000.0,20.47,722.0,13.0,51.8,0.0,0.0,0.0,OWN,CO,10.0,0.0,7.0,0,credit_card,0
15000.0, 36 months,9.17,B,90509.0,6.27,712.0,16.0,25.3,0.0,0.0,0.0,RENT,CA,10.0,0.0,0.0,0,debt_consolidation,0
3000.0, 36 months,10.78,B,48650.0,10.11,677.0,12.0,15.8,0.0,0.0,1.0,MORTGAGE,IL,,0.0,5.0,0,debt_consolidation,0
12000.0, 60 months,14.85,C,40000.0,13.62,702.0,4.0,51.1,0.0,0.0,0.0,RENT,NY,8.0,0.0,0.0,0,debt_consolidation,0
18000.0, 60 months,11.99,C,150000.0,17.39,672.0,12.0,52.7,2.0,0.0,0.0,MORTGAGE,AZ,10.0,0.0,2.0,0,debt_consolidation,0
5000.0, 36 months,12.88,C,59000.0,3.82,662.0,13.0,40.3,2.0,0.0,0.0,MORTGAGE,IL,7.0,0.0,1.0,0,debt_consolidation,0
10000.0, 36 months,6.99,A,80000.0,11.28,747.0,13.0,17.7,0.0,0.0,1.0,MORTGAGE,MA,10.0,0.0,2.0,0,credit_card,0
20000.0, 60 months,13.99,C,65000.0,14.31,677.0,7.0,71.5,0.0,0.0,0.0,MORTGAGE,TX,6.0,0.0,1.0,0,debt_consolidation,0
35000.0, 60 months,11.48,B,117000.0,27.81,687.0,23.0,65.0,0.0,1.0,0.0,MORTGAGE,DC,10.0,0.0,4.0,0,debt_consolidation,0
8000.0, 36 months,7.91,A,110000.0,22.32,727.0,13.0,34.9,2.0,0.0,0.0,MORTGAGE,TX,8.0,0.0,1.0,0,debt_consolidation,0
6000.0, 36 months,15.77,D,26000.0,24.52,662.0,9.0,36.4,2.0,0.0,0.0,OWN,TX,1.0,0.0,0.0,0,other,0
8000.0, 36 months,5.32,A,113000.0,10.44,732.0,16.0,29.2,0.0,0.0,0.0,MORTGAGE,NJ,1.0,0.0,1.0,0,credit_card,0
9000.0, 36 months,11.99,C,41000.0,34.95,717.0,16.0,65.8,1.0,0.0,0.0,RENT,AZ,2.0,0.0,2.0,0,credit_card,0
35000.0, 36 months,7.49,A,210000.0,21.9,707.0,20.0,78.0,2.0,0.0,0.0,MORTGAGE,NJ,10.0,0.0,5.0,0,debt_consolidation,0
12000.0, 60 months,11.99,C,45000.0,15.07,752.0,9.0,0.3,0.0,1.0,0.0,MORTGAGE,AZ,2.0,0.0,3.0,0,debt_consolidation,0
21000.0, 60 months,19.48,E,79500.0,16.91,697.0,8.0,96.0,3.0,0.0,0.0,MORTGAGE,PA,9.0,0.0,1.0,0,credit_card,0
6400.0, 36 months,14.85,C,45000.0,18.53,757.0,8.0,7.8,2.0,0.0,0.0,RENT,CA,5.0,0.0,0.0,0,debt_consolidation,0
12000.0, 36 months,11.48,B,36000.0,23.26,707.0,12.0,68.4,1.0,0.0,0.0,MORTGAGE,OH,10.0,0.0,1.0,0,debt_consolidation,0
15000.0, 36 months,11.48,B,60000.0,24.32,692.0,8.0,86.9,0.0,1.0,0.0,MORTGAGE,IL,3.0,0.0,2.0,0,debt_consolidation,0
16000.0, 60 months,18.49,D,97200.0,29.73,677.0,14.0,86.4,0.0,0.0,0.0,MORTGAGE,IN,10.0,0.0,3.0,0,debt_consolidation,0
22000.0, 36 months,6.99,A,75000.0,22.79,727.0,7.0,77.4,0.0,0.0,0.0,RENT,MA,2.0,0.0,0.0,0,debt_consolidation,0
30000.0, 36 months,8.49,B,160300.0,28.48,707.0,24.0,66.7,0.0,0.0,0.0,MORTGAGE,MD,10.0,0.0,3.0,0,credit_card,0
18000.0, 36 months,5.32,A,415000.0,8.59,772.0,11.0,43.0,4.0,0.0,0.0,MORTGAGE,GA,5.0,0.0,11.0,0,credit_card,0
5500.0, 36 months,11.99,C,135000.0,20.06,662.0,33.0,68.1,4.0,0.0,0.0,MORTGAGE,NY,10.0,0.0,2.0,0,home_improvement,1
10000.0, 36 months,9.17,B,40000.0,15.12,697.0,9.0,53.8,0.0,0.0,0.0,MORTGAGE,GA,10.0,0.0,3.0,0,debt_consolidation,0
10000.0, 36 months,13.99,C,35000.0,29.01,662.0,7.0,64.5,0.0,0.0,0.0,RENT,MA,10.0,0.0,0.0,0,credit_card,1
31500.0, 36 months,10.78,B,145000.0,29.82,722.0,13.0,86.2,0.0,2.0,0.0,MORTGAGE,IL,10.0,0.0,2.0,0,debt_consolidation,0
20000.0, 36 months,9.17,B,57500.0,12.06,697.0,2.0,100.1,0.0,0.0,0.0,RENT,CA,10.0,0.0,0.0,0,credit_card,0
3600.0, 36 months,14.85,C,41200.0,34.66,667.0,26.0,82.8,1.0,0.0,1.0,OWN,TX,10.0,0.0,0.0,0,medical,0
25000.0, 36 months,6.49,A,52000.0,27.03,727.0,19.0,40.7,1.0,0.0,0.0,MORTGAGE,IN,10.0,0.0,4.0,0,credit_card,0
24000.0, 60 months,9.17,B,85000.0,11.66,772.0,10.0,26.2,1.0,0.0,0.0,MORTGAGE,NJ,10.0,0.0,2.0,0,debt_consolidation,0
22950.0, 36 months,17.97,D,115000.0,10.66,692.0,22.0,27.6,0.0,0.0,1.0,OWN,NJ,8.0,0.0,3.0,0,debt_consolidation,0
35000.0, 36 months,12.88,C,145000.0,13.25,672.0,11.0,52.8,0.0,0.0,1.0,RENT,CA,10.0,0.0,3.0,0,credit_card,0
3600.0, 36 months,7.91,A,51000.0,12.92,692.0,9.0,25.9,0.0,0.0,1.0,MORTGAGE,VA,6.0,0.0,0.0,0,car,0
18000.0, 36 months,9.8,B,45000.0,21.39,732.0,14.0,8.8,3.0,0.0,0.0,MORTGAGE,CA,2.0,0.0,3.0,0,major_purchase,0
15000.0, 36 months,17.27,D,55000.0,33.86,667.0,12.0,77.0,2.0,0.0,0.0,RENT,VA,5.0,0.0,0.0,0,other,0
28000.0, 36 months,15.77,D,90000.0,11.12,667.0,22.0,67.0,2.0,0.0,0.0,MORTGAGE,CT,10.0,0.0,5.0,0,debt_consolidation,0
25000.0, 60 months,14.85,C,64000.0,33.38,692.0,30.0,50.0,2.0,0.0,0.0,MORTGAGE,AL,10.0,0.0,1.0,0,debt_consolidation,0
3850.0, 36 months,21.48,E,88000.0,6.23,717.0,8.0,0.5,3.0,1.0,0.0,RENT,NY,4.0,0.0,0.0,0,home_improvement,1
35000.0, 60 months,14.85,C,110000.0,4.64,702.0,8.0,58.1,0.0,0.0,0.0,RENT,CA,9.0,0.0,3.0,0,debt_consolidation,0
9000.0, 36 months,9.17,B,62000.0,19.32,662.0,14.0,40.1,0.0,0.0,0.0,RENT,TX,10.0,0.0,0.0,0,credit_card,0
35000.0, 36 months,14.85,C,100000.0,26.47,742.0,21.0,32.3,2.0,0.0,0.0,MORTGAGE,NV,7.0,0.0,5.0,0,home_improvement,0
7000.0, 36 months,8.49,B,41700.0,18.33,672.0,10.0,38.6,1.0,0.0,1.0,MORTGAGE,IN,10.0,0.0,3.0,0,debt_consolidation,0
4500.0, 36 months,13.99,C,140000.0,9.65,682.0,6.0,100.3,1.0,2.0,0.0,MORTGAGE,FL,10.0,0.0,1.0,0,home_improvement,0
8000.0, 36 months,11.48,B,125000.0,9.37,667.0,17.0,57.7,2.0,0.0,1.0,MORTGAGE,CA,5.0,0.0,1.0,0,home_improvement,0
20550.0, 60 months,18.49,D,70000.0,27.88,692.0,9.0,69.4,0.0,0.0,0.0,MORTGAGE,CA,2.0,0.0,2.0,0,debt_consolidation,0
30000.0, 60 months,18.49,D,210000.0,18.97,677.0,17.0,74.1,0.0,0.0,0.0,MORTGAGE,VA,10.0,0.0,2.0,0,debt_consolidation,0
9000.0, 36 months,5.32,A,100000.0,18.16,732.0,15.0,13.3,0.0,0.0,0.0,OWN,AZ,10.0,0.0,0.0,0,other,0
35000.0, 36 months,16.59,D,80000.0,17.39,687.0,19.0,70.2,2.0,1.0,0.0,MORTGAGE,MO,2.0,0.0,2.0,0,debt_consolidation,0
18000.0, 60 months,9.17,B,127000.0,18.68,807.0,9.0,16.1,0.0,0.0,0.0,MORTGAGE,VA,8.0,0.0,6.0,0,home_improvement,0
35000.0, 36 months,7.49,A,135000.0,18.15,692.0,11.0,35.6,0.0,2.0,0.0,MORTGAGE,NY,3.0,0.0,6.0,0,house,1
24000.0, 36 months,5.32,A,120000.0,23.2,707.0,29.0,32.3,0.0,0.0,0.0,MORTGAGE,MD,10.0,0.0,2.0,0,debt_consolidation,0
12000.0, 60 months,12.88,C,47000.0,33.78,707.0,11.0,65.6,1.0,1.0,0.0,MORTGAGE,SC,10.0,0.0,8.0,0,debt_consolidation,0
7000.0, 36 months,10.78,B,55000.0,23.19,712.0,10.0,32.5,0.0,0.0,0.0,MORTGAGE,AZ,10.0,0.0,3.0,0,debt_consolidation,0
4000.0, 36 months,11.48,B,54704.0,27.34,707.0,11.0,63.6,0.0,2.0,0.0,MORTGAGE,AR,10.0,0.0,4.0,0,other,0
20000.0, 60 months,14.85,C,155000.0,2.24,672.0,14.0,78.4,1.0,0.0,1.0,MORTGAGE,WA,1.0,0.0,5.0,0,major_purchase,0
25000.0, 60 months,26.99,G,62000.0,28.82,672.0,23.0,74.0,3.0,1.0,0.0,MORTGAGE,TX,10.0,0.0,5.0,0,debt_consolidation,0
7775.0, 36 months,6.49,A,40000.0,13.41,752.0,6.0,17.0,0.0,0.0,0.0,MORTGAGE,OH,9.0,0.0,3.0,0,credit_card,0
10000.0, 36 months,14.85,C,45000.0,31.04,662.0,13.0,51.2,3.0,0.0,0.0,RENT,KY,10.0,0.0,2.0,0,debt_consolidation,0
13350.0, 36 months,12.88,C,37500.0,12.74,677.0,8.0,69.8,2.0,0.0,0.0,MORTGAGE,MI,3.0,0.0,3.0,0,debt_consolidation,1
17500.0, 60 months,19.48,E,35000.0,35.12,667.0,17.0,53.7,0.0,0.0,1.0,MORTGAGE,IN,10.0,0.0,0.0,0,debt_consolidation,1
9600.0, 36 months,9.17,B,31000.0,18.97,662.0,10.0,54.0,2.0,1.0,0.0,RENT,PA,1.0,0.0,0.0,0,debt_consolidation,1
10000.0, 36 months,10.78,B,120000.0,14.61,667.0,10.0,84.3,0.0,0.0,0.0,RENT,CA,10.0,0.0,3.0,0,debt_consolidation,0
5575.0, 36 months,15.77,D,24000.0,32.9,662.0,17.0,52.0,1.0,0.0,1.0,MORTGAGE,MN,,0.0,1.0,0,credit_card,0
7100.0, 36 months,13.44,C,82000.0,22.04,667.0,15.0,27.2,2.0,0.0,1.0,RENT,OH,2.0,0.0,4.0,0,debt_consolidation,0
9000.0, 36 months,8.49,B,90000.0,8.2,677.0,17.0,41.8,1.0,0.0,1.0,MORTGAGE,CA,9.0,0.0,2.0,0,credit_card,0
7000.0, 36 months,8.49,B,50000.0,25.18,667.0,9.0,90.1,0.0,0.0,1.0,OWN,ND,6.0,0.0,0.0,0,credit_card,0
10850.0, 36 months,18.49,D,47000.0,0.0,797.0,2.0,0.0,0.0,0.0,0.0,MORTGAGE,CA,10.0,0.0,2.0,0,home_improvement,0
25000.0, 60 months,17.97,D,55000.0,26.64,722.0,15.0,55.7,0.0,0.0,0.0,RENT,WA,1.0,0.0,0.0,0,credit_card,0
20000.0, 36 months,6.49,A,65000.0,14.18,732.0,14.0,46.0,0.0,0.0,0.0,MORTGAGE,UT,10.0,0.0,3.0,0,debt_consolidation,0
12000.0, 36 months,10.78,B,30000.0,14.4,712.0,3.0,85.6,0.0,0.0,0.0,MORTGAGE,TX,2.0,0.0,0.0,0,debt_consolidation,0
10000.0, 36 months,11.48,B,35000.0,25.89,672.0,7.0,70.5,1.0,0.0,0.0,RENT,NV,6.0,0.0,0.0,0,credit_card,0
28000.0, 60 months,17.27,D,80000.0,37.32,667.0,19.0,67.7,0.0,0.0,1.0,MORTGAGE,AZ,3.0,0.0,1.0,0,debt_consolidation,1
5000.0, 36 months,6.49,A,38000.0,16.36,767.0,5.0,28.2,0.0,0.0,0.0,RENT,NY,1.0,0.0,0.0,0,debt_consolidation,0
12000.0, 36 months,8.49,B,100000.0,11.76,677.0,12.0,75.8,0.0,1.0,0.0,MORTGAGE,MO,9.0,0.0,3.0,0,debt_consolidation,0
4000.0, 36 months,7.91,A,41027.0,24.98,687.0,17.0,49.5,0.0,1.0,0.0,RENT,TX,10.0,0.0,0.0,0,debt_consolidation,1
28000.0, 36 months,7.91,A,150000.0,11.51,702.0,10.0,83.4,0.0,1.0,0.0,RENT,NY,6.0,0.0,0.0,0,debt_consolidation,0
15000.0, 60 months,18.49,D,64000.0,33.13,702.0,14.0,63.3,0.0,0.0,0.0,RENT,NY,7.0,0.0,1.0,0,debt_consolidation,1
10000.0, 36 months,9.17,B,52000.0,22.92,707.0,7.0,56.7,0.0,0.0,0.0,RENT,LA,9.0,0.0,0.0,0,debt_consolidation,0
3000.0, 36 months,12.88,C,40000.0,8.16,747.0,11.0,7.7,1.0,0.0,0.0,RENT,IL,4.0,0.0,0.0,0,credit_card,0
17000.0, 60 months,11.48,B,70000.0,17.21,707.0,10.0,92.4,0.0,0.0,0.0,OWN,MN,9.0,0.0,1.0,0,credit_card,0
5200.0, 36 months,9.17,B,51000.0,20.21,697.0,7.0,31.6,0.0,1.0,0.0,MORTGAGE,GA,5.0,0.0,3.0,0,car,0
5400.0, 36 months,6.49,A,50000.0,5.74,727.0,8.0,25.7,0.0,0.0,0.0,MORTGAGE,AZ,10.0,0.0,4.0,0,car,0
8000.0, 36 months,11.48,B,42000.0,17.23,682.0,7.0,47.3,0.0,0.0,0.0,OWN,CA,1.0,0.0,0.0,0,credit_card,0
10800.0, 60 months,17.27,D,45000.0,35.84,702.0,23.0,31.8,1.0,0.0,1.0,MORTGAGE,AL,3.0,0.0,3.0,0,debt_consolidation,0
8000.0, 36 months,7.91,A,86000.0,14.5,682.0,8.0,66.3,0.0,1.0,0.0,MORTGAGE,NJ,9.0,0.0,5.0,0,debt_consolidation,0
35000.0, 60 months,11.99,C,310250.0,15.25,747.0,12.0,59.0,0.0,0.0,0.0,MORTGAGE,VA,2.0,0.0,2.0,0,debt_consolidation,0
4800.0, 36 months,9.17,B,133760.0,25.16,672.0,8.0,96.7,0.0,1.0,0.0,MORTGAGE,CO,10.0,0.0,1.0,0,other,0
7200.0, 36 months,7.91,A,36000.0,12.62,667.0,8.0,68.0,0.0,0.0,0.0,RENT,NY,1.0,0.0,0.0,0,credit_card,0
17025.0, 60 months,17.97,D,38000.0,23.86,677.0,9.0,74.2,0.0,0.0,0.0,MORTGAGE,OH,10.0,0.0,1.0,0,debt_consolidation,0
30000.0, 60 months,18.49,D,110000.0,32.78,697.0,20.0,83.0,0.0,0.0,0.0,MORTGAGE,MA,1.0,0.0,5.0,0,debt_consolidation,0
26000.0, 60 months,15.77,D,138000.0,16.43,677.0,11.0,57.0,1.0,0.0,0.0,MORTGAGE,MT,2.0,0.0,1.0,0,debt_consolidation,0
2500.0, 36 months,8.49,B,38000.0,28.11,707.0,10.0,30.9,0.0,0.0,0.0,MORTGAGE,TX,8.0,0.0,1.0,0,debt_consolidation,0
15000.0, 36 months,9.17,B,65000.0,13.7,662.0,4.0,31.0,0.0,1.0,1.0,RENT,CA,4.0,0.0,1.0,0,credit_card,0
9000.0, 36 months,13.44,C,29600.0,26.97,662.0,13.0,71.4,1.0,0.0,0.0,OWN,PA,4.0,0.0,2.0,0,home_improvement,0
15000.0, 36 months,6.49,A,90000.0,14.24,812.0,13.0,4.9,0.0,0.0,0.0,RENT,NV,2.0,0.0,0.0,0,vacation,0
14425.0, 36 months,17.97,D,59304.0,12.93,662.0,6.0,54.9,3.0,2.0,0.0,OWN,AL,10.0,0.0,0.0,0,debt_consolidation,1
6400.0, 36 months,11.48,B,29000.0,21.56,707.0,8.0,35.8,0.0,0.0,0.0,RENT,FL,1.0,0.0,0.0,0,other,0
8000.0, 36 months,10.78,B,30000.0,26.71,662.0,9.0,10.3,0.0,0.0,0.0,OWN,MN,10.0,0.0,0.0,0,debt_consolidation,0
12000.0, 36 months,14.85,C,80000.0,31.37,667.0,15.0,96.4,2.0,0.0,0.0,RENT,CA,1.0,0.0,0.0,0,debt_consolidation,0
14075.0, 36 months,13.99,C,32000.0,18.23,677.0,10.0,56.5,0.0,0.0,0.0,RENT,WI,10.0,0.0,0.0,0,credit_card,0
12000.0, 36 months,6.99,A,76000.0,4.26,707.0,9.0,36.4,0.0,0.0,0.0,RENT,CA,1.0,0.0,0.0,0,debt_consolidation,0
30000.0, 36 months,7.49,A,160630.0,19.87,737.0,11.0,62.1,0.0,0.0,0.0,MORTGAGE,IL,10.0,0.0,3.0,0,credit_card,0
14000.0, 36 months,11.99,C,90000.0,24.15,687.0,9.0,60.0,2.0,1.0,1.0,MORTGAGE,IN,1.0,0.0,1.0,0,debt_consolidation,0
35000.0, 60 months,11.99,C,130000.0,18.91,727.0,11.0,60.4,2.0,0.0,1.0,MORTGAGE,IN,10.0,0.0,4.0,0,debt_consolidation,0
26575.0, 36 months,10.78,B,80900.0,31.55,732.0,10.0,56.4,0.0,0.0,0.0,MORTGAGE,MI,10.0,0.0,1.0,0,debt_consolidation,1
30000.0, 36 months,10.78,B,89775.0,21.44,662.0,22.0,63.8,1.0,3.0,0.0,MORTGAGE,NY,10.0,0.0,0.0,0,credit_card,0
28000.0, 60 months,15.77,D,105000.0,31.83,712.0,20.0,38.4,0.0,0.0,1.0,MORTGAGE,NJ,3.0,0.0,0.0,0,debt_consolidation,1
30000.0, 60 months,12.88,C,77045.0,21.73,707.0,10.0,87.5,1.0,0.0,0.0,MORTGAGE,VA,10.0,0.0,1.0,0,credit_card,1
18000.0, 60 months,13.99,C,80000.0,13.46,702.0,12.0,35.5,0.0,1.0,1.0,MORTGAGE,NC,1.0,0.0,5.0,0,home_improvement,0
28000.0, 36 months,6.99,A,135000.0,34.81,752.0,14.0,35.2,0.0,0.0,0.0,MORTGAGE,FL,10.0,0.0,3.0,0,credit_card,0
2000.0, 36 months,10.78,B,76000.0,18.84,682.0,17.0,65.7,2.0,0.0,0.0,OWN,MO,5.0,0.0,0.0,0,home_improvement,0
19500.0, 36 months,9.8,B,90000.0,10.17,742.0,10.0,28.0,0.0,0.0,0.0,MORTGAGE,OH,10.0,0.0,4.0,0,debt_consolidation,1
11875.0, 60 months,15.77,D,43000.0,26.96,697.0,8.0,35.4,1.0,0.0,0.0,OWN,MS,10.0,0.0,0.0,0,debt_consolidation,1
25000.0, 36 months,7.49,A,99413.0,19.17,712.0,6.0,53.7,0.0,0.0,1.0,MORTGAGE,OH,10.0,0.0,1.0,0,credit_card,0
8000.0, 36 months,11.48,B,50000.0,34.14,692.0,16.0,71.2,1.0,0.0,0.0,RENT,MN,10.0,0.0,0.0,0,debt_consolidation,0
5000.0, 36 months,9.17,B,39000.0,14.66,702.0,8.0,30.6,0.0,2.0,0.0,MORTGAGE,GA,10.0,1.0,2.0,0,home_improvement,0
25000.0, 36 months,6.99,A,90000.0,17.03,707.0,11.0,17.0,1.0,3.0,0.0,MORTGAGE,MD,1.0,0.0,1.0,0,credit_card,0
8000.0, 36 months,13.99,C,38000.0,31.81,662.0,11.0,66.1,1.0,0.0,0.0,MORTGAGE,MD,10.0,0.0,0.0,0,credit_card,0
17000.0, 36 months,8.49,B,90000.0,12.2,677.0,10.0,50.3,0.0,1.0,0.0,MORTGAGE,CA,9.0,0.0,2.0,0,credit_card,0
5000.0, 36 months,7.91,A,50000.0,25.85,747.0,7.0,44.4,1.0,0.0,0.0,MORTGAGE,PA,10.0,0.0,5.0,0,debt_consolidation,0
8000.0, 36 months,8.49,B,105000.0,19.71,667.0,14.0,50.0,0.0,2.0,0.0,MORTGAGE,MD,1.0,0.0,4.0,0,credit_card,0
9000.0, 36 months,6.99,A,75000.0,19.7,737.0,13.0,26.4,0.0,0.0,0.0,MORTGAGE,WA,10.0,0.0,10.0,0,debt_consolidation,0
4800.0, 36 months,13.44,C,70000.0,20.77,672.0,11.0,72.5,0.0,0.0,1.0,RENT,NY,2.0,0.0,0.0,0,debt_consolidation,0
16550.0, 36 months,19.48,E,46000.0,21.84,722.0,7.0,22.8,1.0,0.0,0.0,RENT,FL,8.0,0.0,0.0,0,small_business,1
10000.0, 60 months,11.99,C,50000.0,15.55,687.0,7.0,72.0,1.0,0.0,0.0,MORTGAGE,MS,10.0,0.0,2.0,0,debt_consolidation,1
3200.0, 36 months,12.88,C,12000.0,13.6,667.0,8.0,44.4,1.0,0.0,0.0,RENT,CO,4.0,0.0,0.0,0,credit_card,0
21825.0, 36 months,7.91,A,80000.0,29.35,777.0,40.0,14.7,0.0,0.0,0.0,MORTGAGE,NY,10.0,0.0,2.0,0,debt_consolidation,0
14000.0, 60 months,11.99,C,75000.0,34.64,672.0,13.0,94.3,0.0,0.0,0.0,MORTGAGE,PA,8.0,0.0,1.0,0,credit_card,0
25000.0, 60 months,13.44,C,104000.0,24.55,727.0,22.0,29.1,0.0,0.0,0.0,RENT,CA,8.0,0.0,0.0,0,debt_consolidation,0
28000.0, 36 months,5.32,A,265000.0,9.49,722.0,19.0,20.0,0.0,0.0,0.0,MORTGAGE,MN,1.0,0.0,3.0,0,home_improvement,0
11000.0, 36 months,5.32,A,50000.0,16.32,692.0,7.0,52.9,0.0,0.0,0.0,RENT,CA,4.0,0.0,0.0,0,credit_card,0
7850.0, 36 months,17.27,D,52625.0,7.18,677.0,8.0,80.2,0.0,0.0,0.0,RENT,CA,1.0,0.0,0.0,0,debt_consolidation,0
7075.0, 36 months,17.97,D,20000.0,10.73,727.0,8.0,12.3,3.0,0.0,0.0,RENT,NY,1.0,0.0,0.0,0,small_business,0
8000.0, 36 months,10.78,B,54000.0,28.1,707.0,20.0,40.1,1.0,0.0,0.0,RENT,NY,1.0,0.0,0.0,0,credit_card,0
28500.0, 36 months,17.97,D,75000.0,27.11,707.0,17.0,73.8,0.0,0.0,0.0,MORTGAGE,KS,1.0,0.0,2.0,0,debt_consolidation,0
13000.0, 36 months,5.32,A,76000.0,7.47,757.0,16.0,67.8,0.0,0.0,0.0,MORTGAGE,MA,4.0,0.0,1.0,0,other,0
3600.0, 36 months,15.77,D,106000.0,12.94,702.0,7.0,23.1,0.0,1.0,1.0,RENT,NJ,10.0,0.0,0.0,0,moving,0
35000.0, 60 months,22.45,F,160000.0,18.74,687.0,16.0,41.7,5.0,1.0,0.0,MORTGAGE,AR,1.0,0.0,1.0,0,home_improvement,0
10000.0, 36 months,10.78,B,136000.0,12.94,692.0,9.0,77.6,0.0,0.0,0.0,RENT,CA,10.0,0.0,3.0,0,other,0
8600.0, 36 months,9.17,B,42190.0,28.76,697.0,8.0,25.4,1.0,1.0,0.0,MORTGAGE,AL,10.0,0.0,0.0,0,debt_consolidation,1
13000.0, 36 months,8.49,B,70000.0,21.21,677.0,21.0,75.8,1.0,2.0,0.0,MORTGAGE,FL,3.0,0.0,5.0,0,debt_consolidation,0
5000.0, 36 months,11.99,C,35000.0,27.9,672.0,8.0,53.2,0.0,0.0,0.0,RENT,GA,1.0,0.0,0.0,0,debt_consolidation,0
28100.0, 36 months,17.27,D,160000.0,14.97,692.0,12.0,64.7,0.0,0.0,0.0,OWN,NY,10.0,0.0,8.0,0,credit_card,0
25000.0, 36 months,6.49,A,80000.0,17.11,707.0,8.0,73.7,0.0,0.0,0.0,MORTGAGE,FL,,0.0,1.0,0,debt_consolidation,0
14000.0, 60 months,18.49,D,32000.0,29.29,742.0,11.0,32.0,0.0,0.0,0.0,OWN,MI,,0.0,1.0,0,credit_card,0
25000.0, 60 months,15.77,D,143200.0,31.8,712.0,14.0,80.2,1.0,0.0,0.0,RENT,WA,10.0,0.0,6.0,0,debt_consolidation,1
15000.0, 36 months,12.88,C,46000.0,29.79,682.0,12.0,28.0,3.0,2.0,1.0,MORTGAGE,FL,10.0,0.0,0.0,0,credit_card,0
19350.0, 60 months,17.27,D,75000.0,33.54,677.0,24.0,51.0,0.0,1.0,0.0,MORTGAGE,VA,1.0,0.0,6.0,0,credit_card,0
10000.0, 36 months,25.09,F,110000.0,11.83,662.0,20.0,41.3,5.0,1.0,1.0,RENT,CA,4.0,0.0,0.0,0,medical,0
33550.0, 60 months,16.59,D,144000.0,32.18,682.0,12.0,64.0,2.0,1.0,0.0,OWN,CA,5.0,0.0,0.0,1,debt_consolidation,1
24000.0, 60 months,21.48,E,57774.0,24.05,697.0,10.0,88.9,1.0,0.0,0.0,MORTGAGE,IL,,0.0,3.0,0,credit_card,1
5000.0, 36 months,9.17,B,24000.0,14.75,727.0,8.0,31.8,0.0,0.0,0.0,RENT,HI,6.0,0.0,0.0,0,debt_consolidation,0
18000.0, 60 months,10.78,B,98000.0,2.78,742.0,6.0,81.7,0.0,0.0,0.0,MORTGAGE,AL,10.0,0.0,5.0,0,debt_consolidation,0
24000.0, 36 months,7.91,A,95000.0,9.8,697.0,8.0,84.3,0.0,0.0,0.0,MORTGAGE,TX,2.0,0.0,5.0,0,credit_card,0
9500.0, 36 months,7.49,A,49000.0,12.69,717.0,9.0,52.2,0.0,0.0,0.0,MORTGAGE,VA,10.0,0.0,2.0,0,debt_consolidation,0
7500.0, 36 months,6.49,A,75000.0,17.31,682.0,12.0,25.8,0.0,0.0,1.0,RENT,CA,1.0,0.0,0.0,0,debt_consolidation,0
14000.0, 60 months,13.99,C,36000.0,33.47,672.0,7.0,36.9,0.0,0.0,1.0,RENT,OH,1.0,0.0,0.0,0,debt_consolidation,0
18000.0, 60 months,14.85,C,49535.0,26.01,687.0,8.0,58.3,0.0,0.0,0.0,RENT,RI,1.0,0.0,0.0,0,debt_consolidation,0
12000.0, 36 months,11.48,B,125000.0,13.82,687.0,24.0,49.5,2.0,0.0,0.0,RENT,CA,1.0,0.0,0.0,0,debt_consolidation,0
13000.0, 60 months,14.85,C,42000.0,30.64,707.0,18.0,58.3,1.0,0.0,0.0,RENT,MS,1.0,0.0,0.0,0,debt_consolidation,0
15000.0, 60 months,18.99,E,50000.0,38.6,742.0,9.0,82.1,0.0,0.0,0.0,MORTGAGE,MO,10.0,0.0,1.0,0,other,0
13200.0, 60 months,8.49,B,108000.0,24.82,712.0,18.0,58.8,0.0,0.0,0.0,MORTGAGE,MI,10.0,0.0,1.0,0,home_improvement,1
5000.0, 36 months,10.78,B,50246.0,11.7,732.0,13.0,42.8,0.0,0.0,0.0,MORTGAGE,NC,10.0,0.0,4.0,0,credit_card,0
16000.0, 60 months,14.85,C,77000.0,14.84,672.0,25.0,87.3,0.0,0.0,0.0,MORTGAGE,MI,1.0,0.0,1.0,0,debt_consolidation,0
13600.0, 36 months,15.77,D,40000.0,13.92,777.0,18.0,17.1,1.0,0.0,0.0,OWN,MO,4.0,0.0,4.0,0,debt_consolidation,1
12000.0, 36 months,12.88,C,72000.0,8.72,667.0,6.0,86.8,0.0,0.0,1.0,MORTGAGE,IL,10.0,0.0,2.0,0,debt_consolidation,0
9000.0, 36 months,7.91,A,79300.0,11.24,697.0,7.0,45.3,0.0,1.0,0.0,RENT,MA,10.0,0.0,0.0,0,credit_card,0
13000.0, 36 months,5.32,A,76000.0,7.83,737.0,14.0,22.5,0.0,0.0,0.0,MORTGAGE,AL,9.0,0.0,2.0,0,debt_consolidation,0
10000.0, 36 months,11.48,B,150000.0,15.83,672.0,19.0,48.5,1.0,1.0,0.0,MORTGAGE,LA,10.0,0.0,6.0,0,debt_consolidation,0
16275.0, 60 months,17.97,D,36180.0,35.19,697.0,7.0,33.0,1.0,1.0,0.0,RENT,CA,10.0,0.0,0.0,0,debt_consolidation,1
10650.0, 36 months,15.77,D,33000.0,31.89,692.0,7.0,71.2,1.0,0.0,0.0,OWN,TX,1.0,0.0,0.0,0,debt_consolidation,0
15000.0, 36 months,9.8,B,58000.0,29.84,672.0,15.0,75.7,0.0,0.0,0.0,RENT,HI,10.0,0.0,0.0,0,debt_consolidation,1
21000.0, 60 months,9.8,B,162000.0,11.73,687.0,9.0,59.0,1.0,0.0,1.0,MORTGAGE,FL,10.0,0.0,4.0,0,debt_consolidation,0
15000.0, 36 months,11.48,B,55000.0,18.82,677.0,8.0,57.9,0.0,0.0,0.0,RENT,MD,3.0,0.0,0.0,0,debt_consolidation,0
16000.0, 36 months,17.27,D,48305.0,23.33,692.0,4.0,19.7,2.0,0.0,0.0,RENT,CO,,0.0,0.0,0,other,0
35000.0, 36 months,17.27,D,120000.0,25.62,677.0,20.0,66.4,1.0,0.0,0.0,RENT,TX,3.0,0.0,0.0,0,debt_consolidation,0
15300.0, 60 months,13.99,C,86000.0,23.67,677.0,14.0,60.1,2.0,0.0,1.0,MORTGAGE,AR,8.0,0.0,1.0,0,debt_consolidation,0
12000.0, 36 months,11.48,B,102000.0,13.56,712.0,17.0,32.5,0.0,0.0,0.0,MORTGAGE,GA,,0.0,9.0,0,credit_card,0
23250.0, 60 months,17.97,D,70000.0,19.51,667.0,11.0,78.0,0.0,0.0,0.0,MORTGAGE,AZ,10.0,0.0,2.0,0,credit_card,0
5000.0, 36 months,8.49,B,43000.0,17.25,672.0,13.0,36.2,1.0,0.0,1.0,RENT,NJ,,0.0,0.0,0,debt_consolidation,0
11450.0, 60 months,13.44,C,100000.0,12.35,722.0,16.0,42.0,1.0,0.0,0.0,MORTGAGE,TX,10.0,0.0,1.0,0,home_improvement,0
15000.0, 36 months,9.8,B,68000.0,31.61,692.0,17.0,82.4,1.0,0.0,0.0,RENT,IL,2.0,0.0,0.0,0,credit_card,0
6600.0, 36 months,19.48,E,22000.0,17.46,702.0,8.0,45.3,2.0,0.0,0.0,RENT,NC,6.0,0.0,0.0,0,debt_consolidation,0
10000.0, 36 months,8.49,B,59600.0,3.34,667.0,5.0,20.0,1.0,1.0,1.0,MORTGAGE,NY,8.0,0.0,2.0,0,home_improvement,0
12000.0, 36 months,8.49,B,70000.0,26.51,672.0,17.0,83.5,0.0,0.0,0.0,MORTGAGE,GA,10.0,0.0,3.0,0,credit_card,1
5250.0, 36 months,15.77,D,66000.0,17.71,677.0,6.0,73.1,1.0,2.0,0.0,MORTGAGE,OK,10.0,0.0,1.0,0,other,0
12000.0, 36 months,11.99,C,104000.0,11.33,672.0,9.0,60.4,1.0,1.0,0.0,MORTGAGE,CT,10.0,0.0,0.0,0,debt_consolidation,0
16000.0, 36 months,7.91,A,58000.0,10.83,797.0,16.0,11.2,0.0,0.0,0.0,MORTGAGE,CA,6.0,0.0,3.0,0,debt_consolidation,0
3775.0, 36 months,11.48,B,62000.0,8.75,692.0,11.0,28.9,0.0,0.0,0.0,RENT,TX,10.0,0.0,0.0,0,debt_consolidation,0
20000.0, 36 months,7.49,A,80000.0,15.95,692.0,13.0,49.6,0.0,1.0,0.0,MORTGAGE,OH,10.0,0.0,4.0,0,debt_consolidation,0
15000.0, 60 months,11.99,C,80000.0,15.3,737.0,9.0,32.5,0.0,0.0,0.0,RENT,KS,3.0,0.0,0.0,0,debt_consolidation,0
30000.0, 60 months,12.88,C,190617.0,25.57,677.0,12.0,87.0,0.0,0.0,0.0,RENT,CA,4.0,0.0,1.0,0,debt_consolidation,1
15000.0, 36 months,14.85,C,48000.0,7.03,667.0,7.0,59.2,3.0,0.0,0.0,OWN,CO,1.0,0.0,1.0,0,debt_consolidation,1
35000.0, 36 months,12.88,C,95000.0,7.19,702.0,14.0,33.6,1.0,0.0,0.0,RENT,IL,10.0,0.0,1.0,0,car,0
14400.0, 36 months,14.85,C,62000.0,12.5,677.0,14.0,44.5,2.0,0.0,0.0,RENT,GA,7.0,0.0,0.0,0,other,0
16000.0, 36 months,8.49,B,95000.0,22.49,667.0,27.0,60.2,0.0,4.0,1.0,MORTGAGE,MA,10.0,0.0,3.0,0,home_improvement,0
35000.0, 60 months,17.97,D,96310.0,13.84,732.0,13.0,39.4,0.0,0.0,0.0,MORTGAGE,AL,8.0,0.0,5.0,0,debt_consolidation,0
16000.0, 60 months,19.48,E,105000.0,7.62,662.0,4.0,99.5,0.0,1.0,0.0,OWN,WA,10.0,0.0,4.0,0,debt_consolidation,1
11775.0, 36 months,6.49,A,62000.0,20.05,712.0,14.0,31.8,1.0,1.0,0.0,MORTGAGE,AL,2.0,0.0,5.0,0,credit_card,0
6000.0, 36 months,10.78,B,44000.0,26.76,702.0,13.0,44.1,1.0,0.0,0.0,MORTGAGE,FL,10.0,0.0,2.0,0,debt_consolidation,0
5000.0, 36 months,7.91,A,55000.0,19.99,722.0,8.0,78.3,0.0,0.0,2.0,MORTGAGE,VA,3.0,0.0,0.0,0,home_improvement,0
11500.0, 60 months,19.48,E,32000.0,29.11,677.0,12.0,73.5,1.0,0.0,0.0,RENT,UT,4.0,0.0,0.0,0,small_business,0
25000.0, 60 months,10.78,B,93983.0,18.89,702.0,9.0,88.4,0.0,0.0,0.0,MORTGAGE,CA,,0.0,3.0,0,debt_consolidation,0
20000.0, 36 months,8.49,B,70000.0,25.15,682.0,26.0,38.5,0.0,0.0,0.0,RENT,TX,1.0,0.0,2.0,0,credit_card,0
16000.0, 36 months,9.17,B,67885.33,15.41,692.0,8.0,69.0,0.0,2.0,0.0,MORTGAGE,NY,10.0,0.0,3.0,0,debt_consolidation,0
16000.0, 36 months,8.49,B,60000.0,21.72,692.0,12.0,47.9,1.0,0.0,0.0,RENT,DC,4.0,0.0,3.0,0,debt_consolidation,0
8000.0, 36 months,13.99,C,180000.0,4.74,662.0,8.0,77.8,2.0,0.0,1.0,MORTGAGE,CA,2.0,0.0,3.0,0,debt_consolidation,0
14000.0, 36 months,5.32,A,87000.0,15.74,757.0,8.0,28.8,0.0,0.0,0.0,RENT,CA,1.0,0.0,0.0,0,debt_consolidation,0
5600.0, 36 months,11.99,C,160000.0,19.7,662.0,13.0,74.1,1.0,1.0,0.0,MORTGAGE,CO,1.0,0.0,4.0,0,debt_consolidation,0
2700.0, 36 months,11.48,B,35000.0,34.45,677.0,21.0,49.8,0.0,0.0,0.0,RENT,IN,2.0,0.0,0.0,0,other,0
16000.0, 60 months,11.99,C,75000.0,22.86,697.0,12.0,69.9,0.0,0.0,0.0,MORTGAGE,FL,10.0,0.0,1.0,0,debt_consolidation,0
1000.0, 36 months,12.88,C,65000.0,10.52,672.0,8.0,38.0,1.0,0.0,1.0,RENT,NY,3.0,0.0,0.0,0,credit_card,0
8000.0, 36 months,12.88,C,55000.0,9.03,717.0,5.0,96.6,0.0,0.0,0.0,MORTGAGE,CA,10.0,0.0,3.0,0,debt_consolidation,0
10000.0, 36 months,11.48,B,75000.0,25.06,662.0,18.0,58.2,1.0,0.0,0.0,OWN,OH,10.0,0.0,2.0,0,credit_card,0
5000.0, 36 months,19.48,E,24000.0,13.2,672.0,6.0,90.6,0.0,0.0,0.0,OWN,AL,2.0,0.0,0.0,0,vacation,1
17500.0, 36 months,18.49,D,78250.0,24.17,697.0,19.0,44.0,1.0,0.0,2.0,RENT,MD,10.0,0.0,1.0,0,debt_consolidation,1
30000.0, 60 months,15.77,D,110000.0,16.93,672.0,8.0,102.7,0.0,0.0,0.0,MORTGAGE,MD,10.0,0.0,0.0,0,debt_consolidation,0
6950.0, 36 months,13.99,C,24199.8,15.38,667.0,8.0,47.2,1.0,0.0,2.0,OWN,CA,,0.0,3.0,0,debt_consolidation,0
3000.0, 36 months,15.77,D,77500.0,25.74,682.0,8.0,80.0,2.0,0.0,0.0,OWN,CA,1.0,0.0,6.0,0,other,0
12000.0, 36 months,11.48,B,77000.0,25.25,667.0,12.0,78.6,1.0,1.0,0.0,MORTGAGE,TN,10.0,0.0,1.0,0,debt_consolidation,0
11200.0, 60 months,19.48,E,40000.0,25.98,672.0,15.0,38.0,2.0,1.0,1.0,MORTGAGE,AZ,1.0,1.0,2.0,0,debt_consolidation,0
10000.0, 36 months,9.17,B,38000.0,13.9,677.0,13.0,63.6,0.0,0.0,0.0,MORTGAGE,VA,10.0,0.0,2.0,0,credit_card,0
7200.0, 36 months,11.48,B,60000.0,26.64,672.0,16.0,44.9,1.0,0.0,0.0,RENT,KY,8.0,0.0,0.0,0,debt_consolidation,1
16800.0, 60 months,12.88,C,80000.0,21.87,662.0,15.0,94.8,0.0,1.0,0.0,RENT,GA,3.0,0.0,0.0,0,credit_card,0
26500.0, 60 months,13.44,C,53000.0,25.84,707.0,13.0,52.6,0.0,0.0,0.0,RENT,IL,1.0,0.0,0.0,0,debt_consolidation,0
7325.0, 36 months,16.59,D,45000.0,36.16,692.0,10.0,23.4,0.0,1.0,0.0,OWN,TX,10.0,0.0,3.0,0,debt_consolidation,0
21000.0, 60 months,18.49,D,65000.0,7.05,662.0,9.0,49.9,1.0,2.0,0.0,MORTGAGE,MN,9.0,0.0,1.0,0,debt_consolidation,0
12500.0, 36 months,5.32,A,150000.0,14.38,742.0,17.0,39.6,0.0,0.0,0.0,MORTGAGE,CA,1.0,0.0,1.0,0,credit_card,0
12000.0, 60 months,9.17,B,80000.0,23.9,742.0,14.0,26.0,1.0,0.0,0.0,MORTGAGE,LA,5.0,0.0,2.0,0,debt_consolidation,0
8000.0, 36 months,7.49,A,80000.0,3.23,737.0,4.0,42.7,1.0,0.0,0.0,MORTGAGE,IL,1.0,0.0,1.0,0,debt_consolidation,0
13000.0, 36 months,11.99,C,50000.0,31.73,667.0,13.0,46.9,0.0,0.0,0.0,MORTGAGE,PA,10.0,0.0,1.0,0,debt_consolidation,0
24000.0, 36 months,7.91,A,68000.0,26.88,712.0,19.0,54.7,0.0,0.0,0.0,MORTGAGE,IL,10.0,0.0,6.0,0,credit_card,0
12000.0, 60 months,13.99,C,60000.0,7.5,677.0,11.0,51.0,2.0,2.0,1.0,MORTGAGE,NJ,,0.0,2.0,0,debt_consolidation,0
20000.0, 36 months,6.49,A,145000.0,7.37,742.0,23.0,22.7,1.0,1.0,0.0,MORTGAGE,CA,10.0,0.0,12.0,0,credit_card,0
2800.0, 36 months,9.17,B,52000.0,3.76,712.0,11.0,15.9,0.0,7.0,0.0,RENT,OR,3.0,0.0,0.0,0,car,0
12000.0, 60 months,11.99,C,48000.0,19.45,662.0,5.0,67.7,0.0,0.0,1.0,RENT,FL,10.0,0.0,0.0,0,debt_consolidation,0
25000.0, 36 months,12.88,C,100000.0,10.5,667.0,9.0,69.3,0.0,0.0,0.0,RENT,CA,9.0,0.0,0.0,0,debt_consolidation,0
4200.0, 36 months,9.17,B,42000.0,8.85,667.0,7.0,37.9,0.0,0.0,1.0,RENT,TN,10.0,0.0,0.0,0,debt_consolidation,0
24000.0, 60 months,18.49,D,148500.0,18.6,667.0,25.0,40.5,3.0,0.0,1.0,RENT,CT,1.0,0.0,0.0,0,debt_consolidation,0
21000.0, 60 months,17.27,D,105000.0,12.58,677.0,8.0,76.9,0.0,0.0,1.0,RENT,CO,1.0,0.0,2.0,0,debt_consolidation,0
24000.0, 36 months,10.78,B,150000.0,14.91,662.0,18.0,65.9,2.0,0.0,0.0,OWN,CA,3.0,0.0,1.0,0,debt_consolidation,1
20000.0, 36 months,5.32,A,140000.0,16.65,777.0,10.0,32.4,0.0,0.0,0.0,OWN,OR,1.0,0.0,4.0,0,credit_card,0
7200.0, 36 months,7.91,A,75000.0,27.33,687.0,11.0,53.0,1.0,1.0,0.0,MORTGAGE,NE,10.0,0.0,1.0,0,debt_consolidation,1
9000.0, 36 months,11.99,C,76000.0,21.51,717.0,8.0,64.7,0.0,1.0,0.0,OWN,SC,10.0,0.0,4.0,0,small_business,0
23700.0, 60 months,13.44,C,64000.0,32.98,722.0,12.0,43.6,1.0,0.0,0.0,MORTGAGE,NY,4.0,0.0,2.0,0,credit_card,1
13800.0, 60 months,23.13,F,59000.0,13.14,697.0,19.0,56.3,2.0,0.0,0.0,MORTGAGE,CO,10.0,0.0,3.0,0,debt_consolidation,0
13000.0, 60 months,13.99,C,45156.0,32.98,732.0,13.0,14.8,0.0,0.0,4.0,MORTGAGE,OR,10.0,0.0,0.0,0,debt_consolidation,0
7500.0, 36 months,6.49,A,52513.0,17.05,717.0,13.0,16.6,0.0,0.0,0.0,RENT,AL,10.0,0.0,0.0,0,debt_consolidation,0
6400.0, 36 months,9.8,B,120000.0,24.64,697.0,23.0,52.9,1.0,0.0,0.0,MORTGAGE,MD,10.0,0.0,7.0,0,credit_card,0
2000.0, 36 months,6.49,A,98000.0,23.11,707.0,7.0,64.4,0.0,0.0,0.0,MORTGAGE,VA,4.0,0.0,1.0,0,home_improvement,0
20000.0, 60 months,22.45,F,40000.0,19.32,682.0,10.0,42.6,1.0,0.0,1.0,MORTGAGE,CA,1.0,0.0,2.0,0,debt_consolidation,0
6000.0, 36 months,7.91,A,66150.0,15.3,682.0,13.0,1.4,3.0,0.0,1.0,RENT,VA,1.0,0.0,0.0,0,other,0
11000.0, 36 months,10.78,B,55000.0,16.3,687.0,9.0,54.0,3.0,0.0,1.0,MORTGAGE,NV,8.0,0.0,1.0,0,debt_consolidation,0
30000.0, 60 months,9.17,B,80000.0,26.01,732.0,7.0,70.9,0.0,0.0,0.0,OWN,PA,10.0,0.0,2.0,0,debt_consolidation,0
10000.0, 60 months,13.44,C,61000.0,15.44,672.0,10.0,63.6,0.0,1.0,1.0,OWN,NJ,2.0,0.0,0.0,0,other,0
29650.0, 36 months,19.89,E,71000.0,29.51,677.0,15.0,56.4,0.0,0.0,0.0,MORTGAGE,ND,2.0,0.0,1.0,0,debt_consolidation,0
3300.0, 36 months,10.78,B,32000.0,10.77,662.0,5.0,51.0,1.0,5.0,0.0,OWN,VA,2.0,0.0,3.0,0,credit_card,0
10000.0, 36 months,9.8,B,95000.0,7.33,672.0,14.0,8.2,3.0,0.0,1.0,OWN,NV,10.0,0.0,2.0,0,debt_consolidation,0
8000.0, 36 months,10.78,B,35500.0,6.05,667.0,11.0,26.0,2.0,0.0,1.0,MORTGAGE,NM,10.0,0.0,2.0,0,debt_consolidation,0
19200.0, 36 months,11.48,B,125000.0,18.33,697.0,21.0,52.8,1.0,3.0,0.0,RENT,CA,1.0,0.0,0.0,0,credit_card,0
8000.0, 36 months,11.48,B,80000.0,13.95,692.0,7.0,91.2,0.0,0.0,0.0,RENT,CA,10.0,0.0,0.0,0,debt_consolidation,0
4500.0, 36 months,16.59,D,62275.0,3.17,717.0,7.0,34.1,3.0,0.0,0.0,RENT,NY,1.0,0.0,0.0,0,credit_card,0
13500.0, 36 months,6.49,A,105000.0,13.27,777.0,6.0,20.3,0.0,0.0,0.0,RENT,CO,1.0,0.0,2.0,0,debt_consolidation,0
5000.0, 36 months,6.99,A,106000.0,16.96,692.0,13.0,44.2,0.0,0.0,0.0,MORTGAGE,CA,2.0,0.0,1.0,0,credit_card,0
12000.0, 36 months,7.49,A,96000.0,10.9,732.0,14.0,39.7,0.0,0.0,1.0,MORTGAGE,CA,4.0,0.0,1.0,0,home_improvement,0
28000.0, 36 months,5.32,A,107000.0,24.41,692.0,24.0,63.0,0.0,2.0,0.0,MORTGAGE,PA,10.0,0.0,1.0,0,credit_card,0
5000.0, 36 months,12.88,C,55000.0,13.2,672.0,12.0,56.7,1.0,0.0,0.0,MORTGAGE,MI,3.0,0.0,1.0,0,debt_consolidation,0
10000.0, 36 months,13.99,C,107000.0,16.85,667.0,6.0,56.3,1.0,0.0,0.0,RENT,NJ,2.0,0.0,0.0,0,debt_consolidation,0
4000.0, 36 months,13.44,C,45000.0,14.43,677.0,10.0,51.0,0.0,0.0,0.0,RENT,CA,1.0,0.0,1.0,0,debt_consolidation,0
21000.0, 60 months,10.78,B,65000.0,17.39,697.0,14.0,27.4,1.0,0.0,0.0,MORTGAGE,WV,6.0,0.0,1.0,0,debt_consolidation,0
20800.0, 36 months,7.91,A,101000.0,8.5,667.0,6.0,46.1,0.0,0.0,1.0,RENT,MI,1.0,0.0,1.0,0,debt_consolidation,0
5500.0, 36 months,9.17,B,32000.0,12.68,737.0,6.0,79.9,1.0,0.0,0.0,MORTGAGE,AL,7.0,0.0,2.0,0,debt_consolidation,0
12000.0, 60 months,9.17,B,39500.0,18.54,707.0,10.0,26.2,0.0,0.0,0.0,OWN,GA,10.0,0.0,0.0,0,credit_card,0
14500.0, 60 months,18.49,D,42772.0,29.41,742.0,16.0,19.7,1.0,0.0,0.0,RENT,NV,1.0,0.0,0.0,0,debt_consolidation,0
11725.0, 60 months,18.49,D,58000.0,19.99,672.0,21.0,24.4,0.0,0.0,4.0,RENT,NM,5.0,0.0,1.0,0,debt_consolidation,0
11375.0, 36 months,15.77,D,45600.0,13.58,662.0,12.0,66.0,3.0,0.0,0.0,MORTGAGE,TN,1.0,0.0,1.0,0,debt_consolidation,0
23275.0, 60 months,16.59,D,54000.0,31.11,712.0,13.0,76.5,0.0,0.0,0.0,MORTGAGE,MO,3.0,0.0,3.0,0,debt_consolidation,1
20150.0, 60 months,22.45,F,56000.0,26.03,702.0,8.0,56.9,1.0,1.0,0.0,RENT,FL,10.0,0.0,3.0,0,debt_consolidation,0
20000.0, 36 months,9.17,B,125000.0,21.53,662.0,16.0,34.9,0.0,1.0,0.0,MORTGAGE,IL,10.0,0.0,5.0,0,credit_card,0
2400.0, 36 months,11.48,B,61000.0,11.73,662.0,5.0,33.3,2.0,0.0,0.0,RENT,CT,8.0,0.0,0.0,0,vacation,0
10000.0, 36 months,7.91,A,55000.0,21.14,717.0,18.0,17.0,2.0,0.0,0.0,MORTGAGE,NJ,7.0,0.0,3.0,0,debt_consolidation,0
15000.0, 36 months,7.91,A,31000.0,20.05,712.0,7.0,65.1,0.0,0.0,0.0,MORTGAGE,MO,10.0,0.0,0.0,0,credit_card,0
21000.0, 60 months,17.97,D,50000.0,30.58,662.0,24.0,68.4,1.0,0.0,0.0,MORTGAGE,KY,3.0,0.0,3.0,0,debt_consolidation,1
18500.0, 36 months,13.99,C,76000.0,21.63,682.0,9.0,69.5,2.0,0.0,0.0,MORTGAGE,MN,10.0,0.0,2.0,0,debt_consolidation,0
5000.0, 36 months,10.78,B,90000.0,7.04,702.0,5.0,68.1,0.0,0.0,0.0,RENT,OH,2.0,0.0,0.0,0,other,0
11200.0, 36 months,13.99,C,120000.0,6.54,687.0,21.0,15.6,2.0,0.0,1.0,MORTGAGE,CT,10.0,0.0,4.0,0,debt_consolidation,0
10000.0, 36 months,7.91,A,125000.0,17.89,747.0,7.0,39.8,0.0,0.0,0.0,OWN,TX,10.0,0.0,3.0,0,debt_consolidation,0
5000.0, 36 months,10.78,B,40000.0,20.97,672.0,5.0,88.4,0.0,1.0,0.0,RENT,NV,1.0,0.0,1.0,0,debt_consolidation,1
20000.0, 36 months,9.17,B,95000.0,19.37,712.0,16.0,20.1,0.0,0.0,0.0,RENT,NY,2.0,0.0,0.0,0,debt_consolidation,0
9600.0, 36 months,11.99,C,29000.0,10.16,662.0,9.0,58.0,1.0,2.0,0.0,RENT,MA,4.0,0.0,0.0,0,debt_consolidation,0
10100.0, 60 months,11.48,B,96000.0,13.64,667.0,12.0,49.0,2.0,3.0,0.0,RENT,MA,2.0,0.0,3.0,0,debt_consolidation,0
2000.0, 36 months,13.44,C,55000.0,23.43,702.0,6.0,92.9,0.0,1.0,0.0,RENT,IL,2.0,0.0,0.0,0,debt_consolidation,0
24000.0, 36 months,7.49,A,111000.0,16.42,742.0,19.0,43.6,1.0,0.0,0.0,RENT,CA,4.0,0.0,0.0,0,credit_card,0
35000.0, 60 months,17.97,D,140000.0,21.45,752.0,17.0,35.8,1.0,0.0,0.0,MORTGAGE,VA,2.0,0.0,3.0,0,credit_card,1
5000.0, 36 months,5.32,A,70000.0,6.62,817.0,7.0,3.5,1.0,0.0,0.0,OWN,ME,10.0,0.0,0.0,0,credit_card,0
23500.0, 36 months,10.78,B,61850.0,3.18,672.0,5.0,35.9,0.0,0.0,0.0,RENT,GA,1.0,0.0,0.0,0,debt_consolidation,1
30000.0, 36 months,15.77,D,110000.0,22.73,682.0,15.0,54.7,1.0,2.0,0.0,MORTGAGE,FL,10.0,0.0,2.0,0,credit_card,1
28000.0, 60 months,10.78,B,120000.0,32.58,697.0,14.0,77.0,0.0,0.0,0.0,MORTGAGE,TX,9.0,0.0,4.0,0,debt_consolidation,0
28000.0, 60 months,13.44,C,120000.0,12.25,662.0,4.0,88.1,0.0,0.0,0.0,RENT,NY,1.0,0.0,0.0,0,debt_consolidation,0
8000.0, 36 months,6.49,A,112000.0,14.52,757.0,19.0,10.3,2.0,0.0,0.0,MORTGAGE,IL,2.0,0.0,1.0,0,credit_card,0
28000.0, 36 months,12.88,C,80000.0,14.58,687.0,12.0,44.7,0.0,0.0,1.0,RENT,FL,1.0,0.0,2.0,0,debt_consolidation,0
3000.0, 36 months,9.17,B,85000.0,12.42,787.0,5.0,0.0,0.0,0.0,0.0,MORTGAGE,CO,7.0,0.0,8.0,0,home_improvement,0
18000.0, 60 months,13.99,C,70000.0,20.34,697.0,11.0,44.6,0.0,2.0,0.0,MORTGAGE,OH,3.0,0.0,1.0,0,debt_consolidation,1
5400.0, 36 months,6.49,A,90000.0,29.69,692.0,8.0,84.0,2.0,0.0,0.0,RENT,TX,4.0,0.0,0.0,0,debt_consolidation,0
15000.0, 36 months,12.88,C,109000.0,12.34,702.0,19.0,18.8,0.0,1.0,0.0,RENT,FL,9.0,0.0,2.0,0,debt_consolidation,0
16400.0, 36 months,21.48,E,56157.0,27.53,682.0,13.0,63.0,2.0,0.0,0.0,OWN,NY,3.0,0.0,0.0,0,other,0
20800.0, 36 months,13.99,C,55000.0,21.21,667.0,21.0,54.2,1.0,4.0,1.0,MORTGAGE,MN,2.0,0.0,1.0,0,debt_consolidation,0
10000.0, 36 months,13.99,C,52000.0,29.31,692.0,15.0,26.0,4.0,0.0,0.0,OWN,SC,10.0,0.0,5.0,0,debt_consolidation,0
20000.0, 36 months,8.49,B,85000.0,24.89,667.0,9.0,52.7,0.0,0.0,1.0,OWN,FL,10.0,0.0,3.0,0,debt_consolidation,1
15000.0, 60 months,14.85,C,50000.0,1.61,712.0,4.0,0.0,0.0,0.0,0.0,OWN,WY,2.0,0.0,3.0,0,other,0
6800.0, 36 months,8.49,B,40000.0,13.32,687.0,9.0,39.4,0.0,1.0,1.0,MORTGAGE,MO,2.0,0.0,4.0,0,car,0
8400.0, 36 months,12.88,C,44000.0,1.45,762.0,3.0,16.8,0.0,0.0,0.0,MORTGAGE,CO,10.0,0.0,0.0,0,debt_consolidation,0
4500.0, 36 months,9.8,B,24000.0,4.85,742.0,4.0,25.3,0.0,0.0,0.0,RENT,TX,7.0,0.0,0.0,0,credit_card,0
16800.0, 60 months,14.85,C,64000.0,16.88,702.0,9.0,44.7,2.0,0.0,0.0,RENT,OK,5.0,0.0,0.0,0,debt_consolidation,0
15000.0, 60 months,18.49,D,72000.0,27.32,717.0,12.0,93.3,0.0,0.0,0.0,MORTGAGE,CO,10.0,0.0,3.0,0,debt_consolidation,0
4000.0, 36 months,11.48,B,56000.0,12.82,682.0,11.0,55.5,1.0,0.0,0.0,RENT,CT,10.0,0.0,0.0,0,debt_consolidation,0
35000.0, 60 months,19.89,E,225000.0,31.96,667.0,19.0,100.0,1.0,0.0,0.0,MORTGAGE,TN,10.0,0.0,7.0,0,debt_consolidation,0
25000.0, 36 months,12.88,C,207000.0,5.43,687.0,10.0,8.5,0.0,1.0,1.0,RENT,GA,1.0,0.0,8.0,0,debt_consolidation,0
6000.0, 36 months,12.88,C,48000.0,10.47,732.0,13.0,12.4,0.0,3.0,0.0,RENT,TX,1.0,0.0,0.0,0,small_business,1
30000.0, 60 months,9.17,B,120000.0,18.53,682.0,14.0,21.4,1.0,0.0,2.0,MORTGAGE,AZ,4.0,0.0,1.0,0,home_improvement,0
5000.0, 36 months,8.49,B,38000.0,30.57,682.0,12.0,5.1,2.0,1.0,2.0,RENT,OH,4.0,0.0,0.0,0,major_purchase,0
12000.0, 60 months,17.97,D,40000.0,1.89,682.0,3.0,23.4,0.0,0.0,0.0,MORTGAGE,TN,,0.0,1.0,0,other,0
7200.0, 36 months,11.48,B,69460.0,22.98,667.0,8.0,99.8,1.0,1.0,0.0,RENT,VA,9.0,0.0,0.0,0,debt_consolidation,0
20000.0, 60 months,20.5,E,55000.0,28.89,672.0,10.0,79.9,0.0,0.0,0.0,MORTGAGE,CA,,0.0,2.0,0,debt_consolidation,0
3000.0, 36 months,17.27,D,40800.0,28.53,662.0,7.0,74.8,2.0,0.0,1.0,RENT,MD,10.0,0.0,0.0,0,other,1
16000.0, 60 months,18.99,E,85000.0,10.12,717.0,9.0,43.7,1.0,0.0,1.0,MORTGAGE,MI,10.0,0.0,1.0,0,debt_consolidation,0
10000.0, 36 months,16.59,D,28000.0,31.8,667.0,15.0,58.6,0.0,0.0,1.0,OWN,NV,3.0,0.0,0.0,0,debt_consolidation,1
9000.0, 36 months,13.99,C,28000.0,24.52,662.0,8.0,57.5,1.0,0.0,0.0,RENT,CT,2.0,0.0,0.0,0,debt_consolidation,0
11950.0, 36 months,13.99,C,75000.0,4.33,667.0,12.0,52.8,1.0,1.0,0.0,RENT,NY,5.0,0.0,0.0,0,debt_consolidation,1
18000.0, 36 months,11.99,C,88000.0,27.34,682.0,14.0,78.2,2.0,0.0,0.0,MORTGAGE,TX,8.0,0.0,0.0,0,debt_consolidation,1
16800.0, 60 months,8.49,B,58000.0,24.56,727.0,11.0,26.5,0.0,0.0,0.0,MORTGAGE,VA,3.0,0.0,7.0,0,credit_card,0
35000.0, 36 months,18.99,E,90000.0,3.04,707.0,3.0,74.4,1.0,0.0,0.0,MORTGAGE,NY,10.0,0.0,2.0,0,other,0
6125.0, 36 months,5.32,A,30000.0,16.6,727.0,13.0,16.7,0.0,0.0,0.0,MORTGAGE,MD,1.0,0.0,0.0,0,credit_card,1
11400.0, 36 months,11.48,B,50000.0,23.64,687.0,10.0,55.2,0.0,0.0,1.0,RENT,NJ,5.0,0.0,0.0,0,debt_consolidation,0
20000.0, 36 months,7.91,A,60000.0,14.56,692.0,14.0,48.0,1.0,0.0,1.0,MORTGAGE,FL,1.0,0.0,2.0,0,debt_consolidation,0
2000.0, 36 months,12.88,C,36000.0,29.46,677.0,4.0,0.0,0.0,1.0,0.0,MORTGAGE,OK,7.0,0.0,0.0,0,home_improvement,1
15000.0, 36 months,9.8,B,49282.0,25.06,697.0,32.0,47.2,1.0,0.0,0.0,RENT,NY,3.0,0.0,0.0,0,debt_consolidation,1
22400.0, 60 months,10.78,B,68557.0,18.07,697.0,11.0,82.6,0.0,2.0,0.0,MORTGAGE,FL,10.0,0.0,1.0,0,credit_card,0
24000.0, 60 months,13.99,C,129000.0,14.3,692.0,8.0,74.0,1.0,0.0,0.0,MORTGAGE,CA,10.0,0.0,3.0,0,home_improvement,1
10000.0, 60 months,14.85,C,35000.0,7.03,667.0,7.0,32.2,0.0,0.0,2.0,MORTGAGE,NV,9.0,0.0,0.0,0,debt_consolidation,0
29500.0, 36 months,13.44,C,59000.0,20.08,662.0,6.0,42.3,0.0,0.0,0.0,OWN,SC,10.0,0.0,0.0,0,debt_consolidation,0
31000.0, 60 months,18.49,D,70000.0,24.11,662.0,7.0,96.0,0.0,0.0,0.0,RENT,WA,5.0,0.0,0.0,0,debt_consolidation,0
30000.0, 60 months,11.48,B,75000.0,30.16,742.0,15.0,27.4,0.0,0.0,1.0,MORTGAGE,AL,3.0,0.0,2.0,0,debt_consolidation,0
5000.0, 36 months,18.99,E,48000.0,29.18,677.0,6.0,99.1,0.0,0.0,0.0,MORTGAGE,CA,10.0,0.0,3.0,0,house,0
11200.0, 36 months,11.48,B,80000.0,26.78,667.0,6.0,83.9,1.0,0.0,0.0,MORTGAGE,LA,10.0,0.0,1.0,0,debt_consolidation,0
16000.0, 36 months,11.48,B,62000.0,30.62,692.0,9.0,89.8,0.0,0.0,0.0,MORTGAGE,NC,10.0,0.0,3.0,0,debt_consolidation,1
7000.0, 36 months,9.17,B,75000.0,6.64,677.0,9.0,75.0,0.0,0.0,0.0,RENT,CA,5.0,0.0,0.0,0,debt_consolidation,0
7400.0, 36 months,17.97,D,88000.0,28.41,677.0,7.0,63.0,5.0,0.0,1.0,RENT,FL,6.0,0.0,0.0,0,debt_consolidation,0
2000.0, 36 months,8.49,B,45000.0,15.17,717.0,16.0,43.4,0.0,0.0,0.0,MORTGAGE,MD,10.0,0.0,2.0,0,car,0
12300.0, 36 months,9.8,B,125000.0,0.81,802.0,11.0,3.2,1.0,0.0,0.0,MORTGAGE,WI,1.0,0.0,4.0,0,major_purchase,0
8500.0, 36 months,9.8,B,98000.0,5.4,707.0,10.0,36.4,1.0,0.0,0.0,MORTGAGE,CA,,0.0,4.0,0,debt_consolidation,0
7300.0, 36 months,6.99,A,105000.0,18.29,687.0,12.0,29.9,1.0,0.0,1.0,RENT,CA,1.0,0.0,2.0,0,debt_consolidation,0
10075.0, 36 months,13.44,C,30000.0,18.88,667.0,6.0,34.4,0.0,0.0,1.0,RENT,CA,2.0,0.0,0.0,0,debt_consolidation,1
9600.0, 36 months,9.8,B,61000.0,23.35,722.0,15.0,27.4,0.0,1.0,0.0,MORTGAGE,CA,5.0,0.0,3.0,0,debt_consolidation,0
24000.0, 60 months,18.99,E,75000.0,34.77,667.0,10.0,64.9,0.0,1.0,0.0,MORTGAGE,OH,10.0,0.0,1.0,0,medical,0
5875.0, 36 months,19.89,E,54000.0,16.78,667.0,7.0,25.9,1.0,0.0,0.0,RENT,VA,9.0,0.0,0.0,0,debt_consolidation,0
13975.0, 36 months,19.48,E,62000.0,17.56,667.0,6.0,98.4,0.0,0.0,0.0,RENT,CA,1.0,0.0,0.0,0,debt_consolidation,1
14575.0, 36 months,9.8,B,65000.0,27.53,737.0,12.0,25.9,0.0,0.0,0.0,MORTGAGE,WA,10.0,0.0,1.0,0,debt_consolidation,0
16225.0, 60 months,23.13,F,63000.0,28.53,682.0,10.0,27.9,0.0,0.0,1.0,RENT,OR,4.0,0.0,4.0,0,credit_card,0
11975.0, 60 months,21.48,E,46000.0,34.31,662.0,14.0,81.2,0.0,1.0,0.0,MORTGAGE,CO,7.0,0.0,4.0,0,debt_consolidation,0
10000.0, 36 months,10.78,B,48000.0,22.43,687.0,12.0,71.8,0.0,0.0,0.0,RENT,CA,4.0,0.0,0.0,0,credit_card,0
7450.0, 36 months,18.99,E,58000.0,17.26,662.0,5.0,8.6,0.0,2.0,0.0,MORTGAGE,VA,10.0,1.0,2.0,0,debt_consolidation,1
17000.0, 60 months,9.17,B,78000.0,12.58,747.0,8.0,63.4,0.0,0.0,0.0,MORTGAGE,NV,7.0,0.0,3.0,0,credit_card,0
15000.0, 36 months,13.44,C,51480.0,18.28,662.0,11.0,84.7,0.0,0.0,0.0,RENT,UT,1.0,0.0,2.0,0,credit_card,1
20000.0, 36 months,9.17,B,86000.0,24.87,722.0,18.0,34.7,0.0,0.0,0.0,MORTGAGE,NY,10.0,0.0,0.0,0,other,0
5000.0, 36 months,9.8,B,102000.0,21.3,682.0,13.0,86.8,2.0,0.0,0.0,RENT,NY,6.0,0.0,3.0,0,debt_consolidation,0
16000.0, 60 months,8.49,B,50000.0,10.95,692.0,5.0,84.7,0.0,0.0,0.0,MORTGAGE,VA,5.0,0.0,5.0,0,credit_card,0
20000.0, 36 months,6.99,A,145000.0,9.89,682.0,9.0,40.9,0.0,0.0,1.0,OWN,CA,10.0,0.0,0.0,0,debt_consolidation,0
5000.0, 36 months,11.48,B,55000.0,11.61,677.0,8.0,19.7,0.0,0.0,0.0,MORTGAGE,VA,3.0,0.0,2.0,0,credit_card,0
8000.0, 36 months,9.17,B,52936.0,16.62,722.0,13.0,39.7,0.0,0.0,0.0,RENT,ND,2.0,0.0,0.0,0,credit_card,1
12000.0, 36 months,11.48,B,56000.0,11.23,662.0,16.0,82.0,1.0,0.0,1.0,RENT,NY,10.0,0.0,0.0,0,debt_consolidation,0
18000.0, 36 months,8.49,B,72000.0,14.5,722.0,18.0,8.9,0.0,0.0,0.0,RENT,MI,3.0,0.0,0.0,0,other,0
35000.0, 36 months,13.44,C,177000.0,21.43,667.0,13.0,76.5,1.0,3.0,0.0,OWN,CT,10.0,0.0,1.0,0,debt_consolidation,1
12000.0, 60 months,10.78,B,63000.0,13.27,722.0,9.0,61.9,0.0,0.0,0.0,RENT,NJ,3.0,0.0,0.0,0,credit_card,1
15000.0, 36 months,13.99,C,145000.0,28.43,677.0,17.0,56.6,2.0,1.0,0.0,MORTGAGE,OH,1.0,0.0,2.0,0,debt_consolidation,0
6000.0, 36 months,9.8,B,25000.0,25.25,672.0,14.0,20.5,0.0,0.0,1.0,RENT,FL,1.0,0.0,1.0,0,debt_consolidation,0
12000.0, 36 months,13.44,C,42600.0,3.38,687.0,5.0,57.7,0.0,0.0,0.0,OWN,SD,10.0,0.0,0.0,0,home_improvement,1
10000.0, 36 months,9.8,B,82000.0,17.44,677.0,12.0,47.0,1.0,0.0,0.0,RENT,FL,10.0,0.0,2.0,0,debt_consolidation,0
11175.0, 36 months,9.17,B,142654.66,9.3,662.0,9.0,70.5,0.0,4.0,0.0,RENT,AK,5.0,0.0,4.0,0,credit_card,0
6400.0, 36 months,8.49,B,115000.0,5.1,677.0,6.0,92.4,0.0,0.0,0.0,MORTGAGE,MO,3.0,0.0,4.0,0,debt_consolidation,0
20000.0, 60 months,13.99,C,66000.0,24.68,677.0,14.0,19.7,2.0,0.0,0.0,RENT,CA,8.0,0.0,0.0,0,debt_consolidation,0
35000.0, 60 months,21.48,E,650000.0,7.13,762.0,17.0,20.8,0.0,0.0,0.0,MORTGAGE,IL,10.0,0.0,8.0,0,home_improvement,0
27000.0, 36 months,19.48,E,60000.0,25.12,662.0,15.0,80.0,1.0,0.0,0.0,MORTGAGE,NC,1.0,0.0,3.0,0,debt_consolidation,0
6000.0, 36 months,11.48,B,48000.0,7.73,692.0,6.0,56.9,1.0,0.0,0.0,MORTGAGE,AR,1.0,0.0,1.0,0,debt_consolidation,0
7500.0, 36 months,6.99,A,51000.0,18.8,732.0,14.0,21.5,0.0,0.0,0.0,MORTGAGE,OH,10.0,0.0,3.0,0,debt_consolidation,0
30000.0, 60 months,23.13,F,87000.0,15.92,662.0,12.0,66.0,3.0,0.0,1.0,RENT,IL,8.0,0.0,4.0,0,debt_consolidation,0
16000.0, 36 months,7.91,A,300000.0,13.98,717.0,16.0,37.7,0.0,0.0,3.0,MORTGAGE,TX,1.0,0.0,0.0,0,debt_consolidation,0
9600.0, 36 months,12.88,C,89000.0,24.31,682.0,16.0,69.0,1.0,0.0,0.0,MORTGAGE,IL,10.0,0.0,3.0,0,debt_consolidation,1
24000.0, 60 months,14.85,C,70000.0,37.97,737.0,22.0,31.8,0.0,0.0,0.0,MORTGAGE,MO,10.0,0.0,1.0,0,debt_consolidation,1
15000.0, 36 months,17.27,D,65000.0,18.24,662.0,13.0,26.0,1.0,0.0,2.0,RENT,CA,10.0,0.0,2.0,0,debt_consolidation,0
8000.0, 36 months,11.99,C,57000.0,16.76,667.0,9.0,54.3,0.0,0.0,0.0,MORTGAGE,CA,7.0,0.0,1.0,0,debt_consolidation,0
34000.0, 36 months,15.77,D,118000.0,16.49,697.0,15.0,72.2,0.0,0.0,0.0,MORTGAGE,PA,10.0,0.0,4.0,0,debt_consolidation,0
12000.0, 60 months,21.48,E,30000.0,26.92,677.0,12.0,73.1,0.0,0.0,0.0,OWN,IN,10.0,0.0,0.0,0,debt_consolidation,0
20000.0, 60 months,20.5,E,67500.0,24.78,692.0,11.0,21.6,5.0,0.0,0.0,MORTGAGE,PA,8.0,0.0,1.0,0,debt_consolidation,0
5000.0, 36 months,10.78,B,50000.0,16.36,687.0,11.0,53.8,1.0,1.0,0.0,MORTGAGE,CT,1.0,0.0,4.0,0,home_improvement,0
8675.0, 36 months,13.99,C,40166.0,27.22,677.0,14.0,80.1,0.0,0.0,0.0,MORTGAGE,FL,9.0,0.0,0.0,0,debt_consolidation,0
7000.0, 36 months,6.99,A,65000.0,27.0,772.0,23.0,11.5,0.0,0.0,0.0,MORTGAGE,MD,,0.0,3.0,0,credit_card,0
15000.0, 36 months,7.49,A,76000.0,9.33,702.0,7.0,58.4,0.0,0.0,0.0,MORTGAGE,MN,,0.0,2.0,0,debt_consolidation,0
12000.0, 36 months,12.88,C,178500.0,19.31,717.0,23.0,29.0,1.0,0.0,0.0,OWN,SC,10.0,0.0,4.0,0,debt_consolidation,0
20000.0, 36 months,13.44,C,82500.0,15.49,697.0,10.0,50.8,0.0,0.0,0.0,OWN,PA,2.0,0.0,5.0,0,debt_consolidation,0
20000.0, 36 months,6.99,A,80000.0,11.76,702.0,6.0,63.4,0.0,0.0,0.0,RENT,NY,10.0,0.0,0.0,0,debt_consolidation,0
4875.0, 36 months,9.17,B,70000.0,26.01,782.0,16.0,19.7,2.0,0.0,0.0,MORTGAGE,WI,10.0,0.0,4.0,0,credit_card,0
24000.0, 60 months,11.99,C,130000.0,23.12,677.0,15.0,85.7,0.0,0.0,0.0,MORTGAGE,MA,10.0,0.0,2.0,0,credit_card,0
35000.0, 60 months,22.45,F,85000.0,24.92,717.0,11.0,80.2,0.0,0.0,0.0,MORTGAGE,CT,5.0,0.0,3.0,0,debt_consolidation,0
14400.0, 60 months,13.44,C,73500.0,33.47,682.0,16.0,56.5,1.0,0.0,0.0,MORTGAGE,MI,2.0,0.0,5.0,0,credit_card,0
35000.0, 60 months,13.44,C,86000.0,18.2,712.0,17.0,83.5,0.0,0.0,0.0,RENT,MN,10.0,0.0,0.0,0,debt_consolidation,0
14250.0, 36 months,15.77,D,31000.0,22.45,692.0,10.0,59.9,0.0,0.0,0.0,MORTGAGE,NV,5.0,0.0,2.0,0,credit_card,0
30000.0, 36 months,11.99,C,110000.0,22.97,697.0,16.0,80.3,0.0,0.0,0.0,MORTGAGE,MS,7.0,0.0,5.0,0,debt_consolidation,0
28800.0, 60 months,11.99,C,105000.0,12.78,702.0,14.0,34.1,0.0,0.0,0.0,RENT,NJ,10.0,0.0,0.0,0,debt_consolidation,0
6000.0, 36 months,13.44,C,22652.0,36.3,672.0,9.0,39.3,0.0,0.0,1.0,OWN,MO,6.0,0.0,1.0,0,other,0
16000.0, 36 months,11.99,C,98000.0,23.06,672.0,12.0,80.4,0.0,0.0,0.0,MORTGAGE,MO,10.0,0.0,0.0,0,debt_consolidation,0
4850.0, 36 months,11.99,C,39000.0,18.37,672.0,6.0,46.0,2.0,0.0,0.0,MORTGAGE,GA,5.0,0.0,3.0,0,debt_consolidation,0
25000.0, 36 months,11.48,B,60000.0,18.12,682.0,8.0,62.4,0.0,0.0,0.0,OWN,LA,10.0,0.0,0.0,0,debt_consolidation,0
13200.0, 36 months,6.49,A,110000.0,8.49,682.0,9.0,37.5,0.0,0.0,0.0,MORTGAGE,MD,10.0,0.0,5.0,0,credit_card,0
20000.0, 36 months,17.97,D,70200.0,7.59,667.0,4.0,69.8,0.0,0.0,0.0,RENT,CA,4.0,0.0,0.0,0,small_business,1
25000.0, 36 months,12.88,C,120000.0,16.57,727.0,10.0,64.8,0.0,0.0,0.0,RENT,CT,10.0,0.0,2.0,0,debt_consolidation,0
8000.0, 36 months,8.49,B,42000.0,21.57,697.0,7.0,33.6,0.0,0.0,1.0,MORTGAGE,LA,6.0,0.0,1.0,0,credit_card,0
10000.0, 36 months,13.99,C,120000.0,21.24,677.0,14.0,73.0,3.0,0.0,0.0,MORTGAGE,IL,10.0,0.0,6.0,0,debt_consolidation,0
14075.0, 36 months,11.99,C,32000.0,22.51,667.0,5.0,54.2,0.0,2.0,0.0,RENT,MI,10.0,0.0,0.0,0,debt_consolidation,0
6500.0, 36 months,11.48,B,62000.0,29.27,667.0,11.0,57.1,0.0,1.0,0.0,MORTGAGE,OH,1.0,0.0,2.0,0,credit_card,1
5000.0, 36 months,9.8,B,28000.0,20.75,707.0,9.0,24.9,0.0,0.0,1.0,RENT,CA,10.0,0.0,0.0,0,credit_card,0
15000.0, 36 months,10.78,B,128000.0,13.75,682.0,9.0,80.3,0.0,0.0,0.0,RENT,WA,10.0,0.0,2.0,0,debt_consolidation,0
9150.0, 36 months,17.27,D,26000.0,10.62,662.0,5.0,66.2,0.0,0.0,0.0,MORTGAGE,CA,6.0,0.0,2.0,0,debt_consolidation,0
6000.0, 36 months,9.8,B,45000.0,15.2,762.0,14.0,10.3,0.0,0.0,0.0,RENT,OK,1.0,0.0,0.0,0,debt_consolidation,0
10000.0, 36 months,7.91,A,105000.0,13.11,707.0,8.0,82.1,0.0,0.0,0.0,MORTGAGE,NY,7.0,0.0,2.0,0,debt_consolidation,1
3500.0, 36 months,7.49,A,32000.0,29.95,732.0,9.0,17.8,0.0,0.0,0.0,RENT,CA,3.0,0.0,0.0,0,debt_consolidation,0
11000.0, 36 months,6.49,A,75000.0,26.32,787.0,9.0,21.5,0.0,0.0,0.0,MORTGAGE,TX,10.0,0.0,2.0,0,credit_card,0
5000.0, 36 months,12.88,C,60000.0,13.34,672.0,7.0,19.1,1.0,0.0,1.0,RENT,OR,10.0,0.0,0.0,0,debt_consolidation,0
6000.0, 36 months,11.99,C,95000.0,20.37,662.0,10.0,43.8,3.0,0.0,0.0,MORTGAGE,NV,10.0,0.0,4.0,0,home_improvement,0
35000.0, 36 months,8.49,B,150000.0,6.59,737.0,19.0,15.9,1.0,0.0,0.0,RENT,NY,3.0,0.0,0.0,0,debt_consolidation,0
6000.0, 36 months,6.99,A,110000.0,11.71,737.0,10.0,35.0,0.0,0.0,0.0,RENT,CA,10.0,0.0,0.0,0,debt_consolidation,0
7500.0, 36 months,8.49,B,60000.0,4.5,687.0,10.0,20.5,0.0,0.0,1.0,OWN,FL,10.0,0.0,4.0,0,small_business,0
35000.0, 60 months,13.99,C,128000.0,24.96,677.0,15.0,82.0,0.0,1.0,0.0,MORTGAGE,SC,2.0,0.0,4.0,0,debt_consolidation,0
18000.0, 36 months,9.17,B,52000.0,25.36,742.0,13.0,15.2,0.0,0.0,0.0,RENT,NY,10.0,0.0,0.0,0,debt_consolidation,0
8700.0, 36 months,9.17,B,110000.0,2.19,662.0,5.0,21.9,0.0,1.0,0.0,MORTGAGE,TX,6.0,0.0,1.0,0,home_improvement,0
10800.0, 36 months,13.99,C,37000.0,32.18,677.0,15.0,34.7,1.0,0.0,0.0,RENT,MD,6.0,0.0,0.0,0,major_purchase,0
6000.0, 36 months,10.78,B,50000.0,25.58,672.0,5.0,,0.0,3.0,0.0,OWN,FL,9.0,0.0,2.0,0,home_improvement,0
10000.0, 36 months,11.99,C,75000.0,28.24,667.0,22.0,80.5,0.0,0.0,1.0,MORTGAGE,OH,3.0,0.0,2.0,0,debt_consolidation,0
6000.0, 36 months,13.44,C,60000.0,5.02,672.0,10.0,31.5,0.0,0.0,0.0,MORTGAGE,GA,3.0,0.0,0.0,0,credit_card,0
32450.0, 60 months,17.97,D,87000.0,30.94,702.0,9.0,59.6,0.0,0.0,0.0,MORTGAGE,GA,5.0,0.0,1.0,0,debt_consolidation,1
17150.0, 36 months,8.49,B,62675.0,27.5,672.0,12.0,63.0,1.0,0.0,0.0,OWN,NY,,0.0,2.0,0,credit_card,0
24000.0, 36 months,6.99,A,265000.0,32.28,722.0,55.0,20.9,2.0,0.0,0.0,MORTGAGE,NC,6.0,0.0,1.0,0,major_purchase,0
24000.0, 36 months,8.49,B,80000.0,11.8,667.0,25.0,25.2,0.0,0.0,0.0,MORTGAGE,WA,1.0,0.0,1.0,0,credit_card,0
6000.0, 36 months,9.8,B,59000.0,21.72,687.0,13.0,41.6,1.0,1.0,0.0,MORTGAGE,TX,10.0,0.0,1.0,0,debt_consolidation,1
14150.0, 60 months,19.89,E,68000.0,26.9,667.0,11.0,42.0,4.0,2.0,1.0,RENT,AZ,3.0,0.0,0.0,0,debt_consolidation,1
6000.0, 36 months,11.99,C,33680.0,15.87,702.0,7.0,3.4,0.0,0.0,0.0,MORTGAGE,CA,,0.0,4.0,0,other,0
5750.0, 36 months,15.77,D,65000.0,14.32,672.0,17.0,43.6,1.0,0.0,1.0,RENT,CA,4.0,0.0,6.0,0,debt_consolidation,0
11000.0, 36 months,5.32,A,76000.0,9.35,707.0,7.0,82.9,0.0,0.0,0.0,RENT,CA,1.0,0.0,0.0,0,credit_card,0
35000.0, 36 months,14.85,C,89000.0,26.21,707.0,13.0,66.7,2.0,2.0,0.0,MORTGAGE,GA,10.0,0.0,6.0,0,other,0
17850.0, 60 months,21.48,E,42500.0,30.25,672.0,11.0,70.5,0.0,0.0,0.0,MORTGAGE,FL,1.0,0.0,0.0,0,debt_consolidation,1
1000.0, 36 months,11.99,C,53000.0,18.57,662.0,9.0,51.8,1.0,0.0,0.0,RENT,TX,4.0,0.0,1.0,0,debt_consolidation,0
5600.0, 36 months,11.99,C,80000.0,16.41,662.0,11.0,80.3,0.0,2.0,0.0,RENT,SC,2.0,0.0,1.0,0,debt_consolidation,0
19500.0, 60 months,16.59,D,58000.0,15.17,692.0,8.0,70.2,2.0,0.0,0.0,MORTGAGE,AR,4.0,0.0,0.0,0,debt_consolidation,0
8000.0, 36 months,10.78,B,35000.0,8.2,702.0,4.0,87.6,0.0,0.0,0.0,RENT,TX,8.0,0.0,0.0,0,debt_consolidation,0
18800.0, 36 months,13.99,C,47000.0,19.28,742.0,13.0,35.1,2.0,0.0,0.0,MORTGAGE,SC,10.0,0.0,2.0,0,debt_consolidation,0
10525.0, 36 months,18.49,D,41104.0,38.42,672.0,21.0,81.3,1.0,4.0,0.0,RENT,WI,5.0,0.0,0.0,0,other,0
21000.0, 60 months,9.8,B,152000.0,18.68,682.0,20.0,29.5,1.0,0.0,0.0,RENT,NY,7.0,0.0,0.0,0,major_purchase,0
6700.0, 36 months,9.8,B,18395.0,25.76,662.0,7.0,13.6,1.0,0.0,1.0,RENT,NC,,0.0,0.0,0,debt_consolidation,0
6500.0, 36 months,10.78,B,60000.0,18.52,667.0,11.0,67.6,0.0,0.0,3.0,RENT,NC,1.0,0.0,0.0,0,debt_consolidation,0
20000.0, 36 months,7.49,A,125000.0,16.42,692.0,13.0,75.9,0.0,2.0,0.0,MORTGAGE,AR,9.0,0.0,1.0,0,debt_consolidation,0
16000.0, 60 months,13.99,C,80000.0,11.57,697.0,7.0,77.9,0.0,0.0,0.0,RENT,MN,10.0,0.0,0.0,0,debt_consolidation,0
18000.0, 60 months,19.48,E,65000.0,14.29,667.0,13.0,78.3,1.0,0.0,0.0,MORTGAGE,TX,8.0,0.0,2.0,0,debt_consolidation,0
25000.0, 60 months,17.97,D,55000.0,28.91,707.0,14.0,18.9,0.0,1.0,0.0,RENT,NC,10.0,0.0,0.0,0,debt_consolidation,1
15000.0, 36 months,9.8,B,60000.0,27.53,727.0,17.0,28.5,0.0,0.0,0.0,RENT,CA,7.0,0.0,0.0,0,credit_card,0
15000.0, 36 months,11.99,C,60000.0,16.58,672.0,8.0,56.1,0.0,0.0,0.0,OWN,PA,8.0,0.0,0.0,0,debt_consolidation,0
17600.0, 36 months,14.85,C,96000.0,16.45,677.0,18.0,35.6,0.0,0.0,1.0,MORTGAGE,CA,9.0,0.0,6.0,0,debt_consolidation,0
7675.0, 36 months,12.88,C,37835.0,31.59,697.0,4.0,80.3,0.0,0.0,0.0,RENT,MO,3.0,0.0,0.0,0,debt_consolidation,0
4800.0, 36 months,11.48,B,90000.0,20.51,682.0,13.0,60.2,0.0,0.0,0.0,MORTGAGE,MD,10.0,0.0,1.0,0,home_improvement,1
4000.0, 36 months,9.17,B,38000.0,4.58,712.0,9.0,15.8,0.0,0.0,0.0,OWN,TX,,0.0,2.0,0,credit_card,0
12000.0, 60 months,9.17,B,130000.0,6.38,747.0,4.0,82.0,2.0,1.0,0.0,MORTGAGE,CA,10.0,0.0,3.0,0,debt_consolidation,0
20000.0, 60 months,11.99,C,52000.0,10.96,732.0,13.0,34.4,0.0,0.0,1.0,RENT,PA,,0.0,1.0,0,debt_consolidation,0
30000.0, 60 months,13.44,C,115000.0,15.61,662.0,14.0,76.0,0.0,0.0,0.0,MORTGAGE,CT,9.0,0.0,1.0,0,credit_card,0
20000.0, 36 months,5.32,A,65000.0,10.97,732.0,23.0,9.1,0.0,2.0,0.0,MORTGAGE,MO,9.0,0.0,5.0,0,debt_consolidation,0
11000.0, 36 months,11.99,C,113000.0,7.63,667.0,11.0,64.6,1.0,0.0,1.0,RENT,CO,10.0,0.0,0.0,0,debt_consolidation,0
22500.0, 36 months,13.99,C,67000.0,16.28,687.0,7.0,71.9,1.0,1.0,0.0,MORTGAGE,MD,10.0,0.0,6.0,0,debt_consolidation,0
10000.0, 36 months,8.49,B,42000.0,33.77,682.0,15.0,49.7,0.0,0.0,0.0,MORTGAGE,MI,4.0,0.0,0.0,0,debt_consolidation,0
1000.0, 36 months,7.49,A,35360.0,24.95,727.0,7.0,69.3,0.0,0.0,0.0,MORTGAGE,PA,10.0,0.0,2.0,0,other,0
8000.0, 36 months,13.44,C,55000.0,36.18,667.0,9.0,59.2,0.0,5.0,0.0,MORTGAGE,SC,3.0,0.0,1.0,0,debt_consolidation,0
5000.0, 36 months,5.32,A,70000.0,9.53,727.0,8.0,31.8,1.0,0.0,0.0,MORTGAGE,TN,10.0,0.0,0.0,0,credit_card,0
16800.0, 60 months,22.45,F,50000.0,20.51,682.0,23.0,30.5,1.0,0.0,0.0,MORTGAGE,NY,,0.0,2.0,0,debt_consolidation,0
16000.0, 36 months,9.8,B,72000.0,21.45,677.0,17.0,71.1,1.0,0.0,0.0,MORTGAGE,GA,10.0,0.0,3.0,0,debt_consolidation,0
27200.0, 60 months,9.8,B,75000.0,21.58,752.0,4.0,72.6,0.0,0.0,0.0,MORTGAGE,TX,3.0,0.0,3.0,0,debt_consolidation,0
15500.0, 36 months,13.99,C,75000.0,20.34,687.0,14.0,32.0,2.0,0.0,0.0,MORTGAGE,VA,9.0,0.0,1.0,0,debt_consolidation,0
10000.0, 36 months,9.17,B,80000.0,31.17,682.0,9.0,95.0,2.0,0.0,0.0,RENT,FL,3.0,0.0,4.0,0,debt_consolidation,0
12000.0, 60 months,14.85,C,110000.0,31.42,672.0,6.0,101.1,0.0,1.0,0.0,MORTGAGE,NJ,10.0,0.0,1.0,0,debt_consolidation,0
21000.0, 60 months,21.48,E,150000.0,18.02,692.0,16.0,44.2,1.0,0.0,0.0,MORTGAGE,TX,10.0,0.0,0.0,0,debt_consolidation,1
10200.0, 36 months,19.48,E,30000.0,17.76,717.0,6.0,47.2,0.0,0.0,0.0,RENT,FL,2.0,0.0,0.0,0,other,0
18000.0, 60 months,13.99,C,105000.0,20.39,702.0,10.0,52.9,0.0,0.0,0.0,MORTGAGE,TX,2.0,0.0,4.0,0,credit_card,0
28000.0, 60 months,15.77,D,82000.0,31.77,697.0,8.0,77.1,1.0,0.0,0.0,MORTGAGE,MN,10.0,0.0,2.0,0,credit_card,0
28000.0, 36 months,6.99,A,95000.0,23.83,707.0,20.0,34.8,1.0,0.0,0.0,MORTGAGE,MA,4.0,0.0,4.0,0,debt_consolidation,0
17000.0, 36 months,8.49,B,41000.0,24.74,672.0,9.0,62.8,0.0,1.0,0.0,RENT,NY,3.0,0.0,0.0,0,debt_consolidation,0
5000.0, 36 months,6.49,A,23000.0,26.36,777.0,11.0,20.5,0.0,0.0,0.0,RENT,CA,1.0,0.0,0.0,0,debt_consolidation,0
16700.0, 36 months,10.78,B,110000.0,19.25,702.0,19.0,34.5,1.0,1.0,0.0,MORTGAGE,LA,3.0,0.0,3.0,0,debt_consolidation,0
22175.0, 60 months,14.85,C,110000.0,27.73,747.0,19.0,26.8,1.0,0.0,0.0,MORTGAGE,CT,10.0,0.0,3.0,0,credit_card,0
10000.0, 36 months,11.99,C,50000.0,15.05,677.0,5.0,98.9,2.0,0.0,0.0,MORTGAGE,OH,10.0,0.0,2.0,0,debt_consolidation,0
10000.0, 60 months,13.44,C,50403.0,16.95,697.0,7.0,69.2,0.0,0.0,0.0,RENT,MD,4.0,0.0,0.0,0,credit_card,0
28000.0, 36 months,5.32,A,205600.0,18.53,687.0,15.0,4.0,1.0,0.0,1.0,RENT,FL,4.0,0.0,9.0,0,debt_consolidation,0
10000.0, 36 months,13.44,C,48000.0,29.93,677.0,22.0,64.2,0.0,0.0,0.0,OWN,ME,2.0,0.0,0.0,0,debt_consolidation,0
10000.0, 36 months,5.32,A,73500.0,3.67,722.0,6.0,26.0,1.0,0.0,0.0,RENT,MA,10.0,0.0,0.0,0,debt_consolidation,0
20000.0, 36 months,15.77,D,60000.0,13.24,677.0,20.0,49.7,1.0,0.0,0.0,MORTGAGE,KY,10.0,0.0,4.0,0,debt_consolidation,1
21600.0, 60 months,18.99,E,75000.0,18.28,707.0,12.0,23.6,2.0,0.0,0.0,MORTGAGE,PA,2.0,0.0,0.0,0,debt_consolidation,0
20000.0, 60 months,20.5,E,90000.0,6.61,752.0,18.0,18.3,1.0,0.0,0.0,MORTGAGE,CA,10.0,0.0,2.0,0,vacation,0
11000.0, 36 months,10.78,B,54000.0,29.64,662.0,9.0,68.7,0.0,0.0,1.0,MORTGAGE,CA,10.0,0.0,3.0,0,debt_consolidation,0
25000.0, 60 months,21.48,E,98000.0,21.9,687.0,16.0,60.4,2.0,0.0,0.0,MORTGAGE,CT,10.0,0.0,3.0,0,debt_consolidation,1
28000.0, 60 months,15.77,D,255000.0,20.06,672.0,16.0,88.0,1.0,0.0,0.0,MORTGAGE,TX,10.0,0.0,3.0,0,debt_consolidation,0
21000.0, 60 months,11.48,B,113000.0,14.44,712.0,18.0,75.0,0.0,1.0,0.0,MORTGAGE,PA,5.0,0.0,4.0,0,debt_consolidation,0
8000.0, 36 months,11.48,B,40000.0,36.6,687.0,18.0,56.0,0.0,0.0,0.0,MORTGAGE,NY,10.0,0.0,2.0,0,credit_card,0
30000.0, 60 months,13.99,C,144000.0,15.14,662.0,9.0,24.6,0.0,0.0,4.0,RENT,CA,1.0,0.0,0.0,0,debt_consolidation,0
21275.0, 36 months,14.85,C,89000.0,20.19,707.0,11.0,83.6,0.0,1.0,0.0,MORTGAGE,NV,6.0,0.0,5.0,0,debt_consolidation,0
12000.0, 36 months,11.48,B,60000.0,16.44,707.0,13.0,34.9,1.0,1.0,0.0,RENT,MA,5.0,0.0,0.0,0,debt_consolidation,0
32000.0, 36 months,12.88,C,108000.0,25.63,672.0,21.0,68.5,2.0,1.0,0.0,MORTGAGE,MD,10.0,0.0,6.0,0,credit_card,0
15000.0, 36 months,7.49,A,54700.0,38.24,757.0,14.0,15.7,0.0,1.0,0.0,MORTGAGE,MS,10.0,0.0,0.0,0,debt_consolidation,0
16000.0, 36 months,8.49,B,65000.0,7.77,697.0,21.0,21.6,2.0,0.0,1.0,MORTGAGE,CA,10.0,0.0,1.0,0,credit_card,0
11300.0, 36 months,17.97,D,50250.0,32.41,677.0,11.0,61.9,0.0,0.0,0.0,RENT,VT,8.0,0.0,0.0,0,credit_card,1
14075.0, 36 months,17.97,D,120000.0,14.4,697.0,8.0,90.0,2.0,0.0,0.0,MORTGAGE,VA,10.0,0.0,3.0,0,debt_consolidation,0
12225.0, 60 months,18.99,E,106000.0,8.5,692.0,23.0,90.6,0.0,0.0,0.0,RENT,TX,3.0,0.0,0.0,0,credit_card,0
20000.0, 60 months,13.99,C,57570.0,5.4,677.0,13.0,6.6,1.0,1.0,1.0,MORTGAGE,VA,1.0,0.0,0.0,0,debt_consolidation,0
12000.0, 36 months,9.8,B,70000.0,13.46,707.0,9.0,33.8,0.0,1.0,0.0,MORTGAGE,ME,3.0,0.0,1.0,0,debt_consolidation,0
3225.0, 36 months,24.24,F,65000.0,14.18,682.0,6.0,99.6,2.0,0.0,0.0,MORTGAGE,MO,1.0,0.0,1.0,0,debt_consolidation,1
6500.0, 36 months,17.97,D,18100.0,34.58,667.0,18.0,20.5,3.0,0.0,0.0,RENT,FL,,0.0,0.0,0,debt_consolidation,1
15000.0, 60 months,11.48,B,85000.0,18.11,677.0,16.0,48.9,2.0,1.0,0.0,MORTGAGE,MN,1.0,0.0,1.0,0,debt_consolidation,0
15000.0, 36 months,10.78,B,65000.0,22.58,697.0,18.0,44.0,0.0,0.0,0.0,OWN,IL,,0.0,3.0,0,medical,0
6000.0, 36 months,11.48,B,45000.0,33.25,667.0,17.0,18.7,2.0,0.0,1.0,RENT,TX,10.0,0.0,3.0,0,credit_card,0
17250.0, 36 months,6.49,A,65000.0,6.54,702.0,9.0,26.8,0.0,0.0,0.0,MORTGAGE,TX,1.0,0.0,1.0,0,credit_card,0
21000.0, 60 months,14.85,C,75000.0,22.44,672.0,15.0,87.2,0.0,0.0,0.0,RENT,NY,1.0,0.0,0.0,0,credit_card,1
3500.0, 36 months,12.88,C,83200.0,1.3,662.0,7.0,15.6,2.0,4.0,0.0,RENT,FL,8.0,0.0,0.0,0,other,0
6000.0, 36 months,9.17,B,45000.0,38.56,717.0,9.0,96.7,0.0,1.0,0.0,MORTGAGE,CT,5.0,0.0,0.0,0,credit_card,0
4000.0, 36 months,21.48,E,28000.0,11.66,702.0,13.0,38.1,2.0,0.0,0.0,MORTGAGE,GA,10.0,0.0,2.0,0,debt_consolidation,0
28000.0, 60 months,9.17,B,78000.0,31.52,727.0,25.0,43.4,0.0,0.0,0.0,MORTGAGE,WV,10.0,0.0,2.0,0,debt_consolidation,0
34175.0, 60 months,13.99,C,136000.0,13.38,687.0,26.0,53.0,0.0,0.0,0.0,MORTGAGE,MI,10.0,0.0,2.0,0,debt_consolidation,0
8000.0, 36 months,11.48,B,38000.0,23.52,737.0,6.0,12.5,2.0,0.0,0.0,RENT,TX,2.0,0.0,0.0,0,debt_consolidation,0
26900.0, 36 months,9.8,B,87300.0,27.57,707.0,16.0,24.5,1.0,1.0,0.0,RENT,NJ,5.0,0.0,1.0,0,debt_consolidation,0
24000.0, 36 months,8.49,B,101000.0,29.26,672.0,24.0,32.4,0.0,0.0,0.0,MORTGAGE,MO,7.0,0.0,5.0,0,credit_card,0
12000.0, 36 months,9.17,B,48000.0,16.25,672.0,11.0,36.6,1.0,0.0,1.0,MORTGAGE,FL,10.0,0.0,4.0,0,debt_consolidation,0
10500.0, 60 months,13.99,C,88400.0,8.51,727.0,12.0,47.4,0.0,0.0,0.0,MORTGAGE,NY,2.0,0.0,3.0,0,credit_card,0
10000.0, 36 months,8.49,B,67000.0,13.63,707.0,8.0,47.9,0.0,0.0,0.0,RENT,CA,1.0,0.0,0.0,0,other,0
18000.0, 36 months,8.49,B,96000.0,22.55,712.0,18.0,23.7,0.0,1.0,0.0,MORTGAGE,MI,10.0,0.0,4.0,0,debt_consolidation,0
11000.0, 36 months,8.49,B,110000.0,11.88,727.0,10.0,37.0,2.0,0.0,0.0,OWN,NC,10.0,0.0,0.0,0,debt_consolidation,0
7000.0, 36 months,7.91,A,53185.0,11.59,727.0,21.0,14.2,2.0,1.0,0.0,MORTGAGE,PA,8.0,0.0,1.0,0,debt_consolidation,0
25000.0, 60 months,9.17,B,72000.0,9.28,692.0,10.0,54.6,1.0,0.0,0.0,MORTGAGE,TX,,0.0,4.0,0,credit_card,0
24000.0, 36 months,5.32,A,250000.0,18.43,717.0,30.0,28.1,1.0,1.0,0.0,MORTGAGE,VA,10.0,0.0,4.0,0,debt_consolidation,0
3000.0, 36 months,12.88,C,69922.0,38.86,687.0,21.0,26.4,1.0,9.0,0.0,RENT,MD,1.0,0.0,0.0,0,debt_consolidation,1
20000.0, 36 months,5.32,A,77865.0,7.0,692.0,14.0,46.6,1.0,0.0,1.0,MORTGAGE,AZ,10.0,0.0,2.0,0,credit_card,0
15000.0, 36 months,11.99,C,90823.0,19.98,742.0,7.0,48.8,0.0,0.0,0.0,RENT,MD,5.0,0.0,0.0,0,credit_card,0
5000.0, 36 months,11.48,B,11520.0,21.46,747.0,6.0,23.2,0.0,0.0,0.0,RENT,AZ,,0.0,0.0,0,debt_consolidation,0
1800.0, 36 months,9.17,B,33000.0,23.2,667.0,8.0,54.2,0.0,0.0,0.0,MORTGAGE,AZ,2.0,0.0,1.0,0,debt_consolidation,0
10000.0, 36 months,7.91,A,62000.0,8.19,717.0,10.0,4.7,0.0,1.0,0.0,OWN,OH,10.0,0.0,2.0,0,debt_consolidation,0
10000.0, 36 months,7.49,A,200000.0,10.68,752.0,15.0,15.3,0.0,1.0,0.0,MORTGAGE,NJ,10.0,0.0,5.0,0,debt_consolidation,0
5000.0, 36 months,11.99,C,63000.0,28.8,662.0,24.0,79.9,1.0,2.0,0.0,RENT,MI,8.0,0.0,0.0,0,debt_consolidation,0
12000.0, 36 months,8.49,B,120000.0,17.99,672.0,10.0,61.0,3.0,2.0,0.0,MORTGAGE,MD,6.0,0.0,6.0,0,debt_consolidation,0
27000.0, 36 months,11.99,C,85000.0,17.75,712.0,9.0,92.5,1.0,0.0,0.0,MORTGAGE,MS,10.0,0.0,1.0,0,debt_consolidation,1
12225.0, 60 months,24.24,F,34000.0,25.66,682.0,9.0,95.1,0.0,0.0,0.0,RENT,MI,10.0,0.0,0.0,0,credit_card,0
20000.0, 36 months,12.88,C,56000.0,22.4,692.0,6.0,46.8,0.0,0.0,0.0,MORTGAGE,CT,6.0,0.0,6.0,0,debt_consolidation,0
25200.0, 60 months,13.99,C,66300.0,22.91,677.0,6.0,82.5,0.0,4.0,0.0,MORTGAGE,MD,,0.0,4.0,0,debt_consolidation,0
17975.0, 36 months,10.78,B,40000.0,20.61,717.0,19.0,25.0,1.0,0.0,0.0,MORTGAGE,NJ,,0.0,6.0,0,credit_card,0
15000.0, 60 months,13.44,C,62000.0,15.37,677.0,9.0,43.6,0.0,0.0,1.0,MORTGAGE,KY,6.0,0.0,6.0,0,credit_card,0
16525.0, 60 months,16.59,D,42000.0,33.66,692.0,21.0,11.2,0.0,0.0,0.0,RENT,MI,3.0,0.0,0.0,0,debt_consolidation,0
10000.0, 36 months,13.44,C,130000.0,11.13,707.0,14.0,12.5,1.0,2.0,0.0,MORTGAGE,MA,8.0,0.0,2.0,0,medical,0
30000.0, 36 months,9.8,B,105000.0,16.85,677.0,9.0,86.5,0.0,1.0,0.0,MORTGAGE,NV,10.0,0.0,3.0,0,debt_consolidation,0
8000.0, 36 months,10.78,B,53000.0,23.19,702.0,10.0,47.4,1.0,0.0,1.0,MORTGAGE,CA,10.0,0.0,0.0,0,debt_consolidation,0
35000.0, 60 months,9.8,B,250000.0,10.97,687.0,14.0,86.0,0.0,1.0,0.0,MORTGAGE,MI,10.0,0.0,5.0,0,debt_consolidation,0
3000.0, 36 months,9.17,B,50000.0,28.52,672.0,25.0,26.0,0.0,0.0,1.0,OWN,NJ,4.0,0.0,0.0,0,credit_card,0
10000.0, 36 months,8.49,B,110000.0,5.09,667.0,14.0,87.3,0.0,10.0,0.0,RENT,CA,4.0,0.0,0.0,0,debt_consolidation,0
20000.0, 60 months,13.44,C,110000.0,16.64,677.0,11.0,88.6,0.0,1.0,0.0,MORTGAGE,CA,9.0,0.0,3.0,0,credit_card,0
14000.0, 36 months,9.17,B,70000.0,31.1,737.0,12.0,41.3,0.0,0.0,0.0,OWN,TX,6.0,0.0,0.0,0,home_improvement,0
12000.0, 60 months,11.99,C,70000.0,8.88,702.0,8.0,71.1,0.0,1.0,0.0,MORTGAGE,FL,1.0,0.0,3.0,0,debt_consolidation,0
15000.0, 60 months,14.85,C,77500.0,22.87,672.0,20.0,51.6,0.0,0.0,0.0,MORTGAGE,MN,1.0,0.0,2.0,0,debt_consolidation,0
13200.0, 60 months,24.24,F,44000.0,20.92,662.0,12.0,90.9,1.0,0.0,0.0,MORTGAGE,CT,3.0,0.0,1.0,0,debt_consolidation,1
20000.0, 60 months,9.17,B,65500.0,23.47,742.0,21.0,19.8,1.0,0.0,0.0,OWN,IL,2.0,0.0,1.0,0,debt_consolidation,0
15000.0, 36 months,10.78,B,72000.0,14.28,667.0,9.0,44.4,0.0,0.0,2.0,OWN,CO,3.0,0.0,1.0,0,credit_card,0
24000.0, 36 months,7.49,A,60000.0,16.84,782.0,10.0,13.0,1.0,0.0,0.0,MORTGAGE,FL,10.0,0.0,1.0,0,debt_consolidation,0
2400.0, 36 months,19.89,E,52000.0,12.99,727.0,5.0,0.0,0.0,1.0,0.0,MORTGAGE,AR,8.0,0.0,2.0,0,other,0
26575.0, 60 months,24.24,F,150000.0,26.28,707.0,13.0,57.4,2.0,0.0,0.0,OWN,GA,1.0,0.0,2.0,0,home_improvement,0
17650.0, 36 months,13.44,C,35300.0,24.7,687.0,12.0,73.9,1.0,2.0,0.0,MORTGAGE,OK,5.0,0.0,1.0,0,debt_consolidation,1
8000.0, 36 months,10.78,B,65000.0,17.66,667.0,9.0,82.3,1.0,0.0,0.0,RENT,CA,2.0,0.0,0.0,0,credit_card,0
10000.0, 36 months,12.88,C,62000.0,22.18,682.0,18.0,55.6,3.0,0.0,0.0,MORTGAGE,OH,10.0,0.0,1.0,0,home_improvement,0
12300.0, 60 months,22.45,F,43000.0,24.28,677.0,13.0,49.0,3.0,0.0,0.0,RENT,OH,10.0,0.0,0.0,0,debt_consolidation,1
7025.0, 36 months,15.77,D,22500.0,17.71,702.0,12.0,33.4,2.0,0.0,0.0,MORTGAGE,PA,2.0,0.0,1.0,0,debt_consolidation,0
12050.0, 36 months,14.85,C,85000.0,12.88,662.0,8.0,24.8,0.0,2.0,1.0,OWN,TX,10.0,0.0,0.0,0,vacation,1
8425.0, 36 months,9.8,B,115000.0,2.78,717.0,4.0,49.8,0.0,0.0,0.0,OWN,OH,1.0,0.0,6.0,0,credit_card,0
6000.0, 36 months,9.8,B,75000.0,9.66,727.0,5.0,93.8,1.0,0.0,0.0,RENT,CA,1.0,0.0,0.0,0,debt_consolidation,0
17500.0, 36 months,10.78,B,89000.0,24.61,697.0,24.0,46.4,1.0,0.0,0.0,MORTGAGE,AR,4.0,0.0,0.0,0,debt_consolidation,0
29125.0, 36 months,7.49,A,145000.0,25.75,737.0,13.0,36.5,0.0,0.0,0.0,RENT,NC,2.0,0.0,3.0,0,debt_consolidation,0
15000.0, 36 months,7.91,A,95000.0,23.04,727.0,10.0,74.0,0.0,0.0,0.0,MORTGAGE,CO,10.0,0.0,3.0,0,debt_consolidation,0
28000.0, 60 months,24.24,F,76000.0,23.26,702.0,23.0,44.2,1.0,1.0,0.0,MORTGAGE,NY,10.0,0.0,3.0,0,home_improvement,0
30000.0, 60 months,17.27,D,87500.0,21.01,682.0,16.0,61.9,3.0,0.0,0.0,MORTGAGE,GA,1.0,0.0,2.0,0,credit_card,0
14400.0, 60 months,11.48,B,46000.0,20.06,722.0,17.0,37.1,0.0,0.0,0.0,MORTGAGE,OR,1.0,0.0,1.0,0,debt_consolidation,0
2400.0, 36 months,13.44,C,33000.0,32.47,667.0,8.0,80.5,0.0,0.0,0.0,RENT,CA,3.0,0.0,0.0,0,credit_card,0
35000.0, 36 months,7.91,A,75000.0,19.09,702.0,15.0,70.3,0.0,0.0,0.0,RENT,CA,5.0,0.0,0.0,0,debt_consolidation,0
20000.0, 36 months,10.78,B,120000.0,30.81,662.0,21.0,95.6,0.0,0.0,0.0,MORTGAGE,MA,10.0,0.0,9.0,0,credit_card,0
28000.0, 60 months,21.48,E,103000.0,9.38,712.0,3.0,67.3,0.0,1.0,0.0,RENT,MD,10.0,0.0,2.0,0,small_business,0
15000.0, 60 months,7.91,A,47520.0,12.77,802.0,18.0,12.3,0.0,0.0,0.0,MORTGAGE,WI,,0.0,4.0,0,debt_consolidation,0
6150.0, 36 months,17.27,D,14000.0,39.71,692.0,5.0,49.6,0.0,0.0,0.0,RENT,CA,1.0,0.0,0.0,0,credit_card,1
35000.0, 60 months,15.77,D,300000.0,7.53,667.0,23.0,61.1,0.0,0.0,0.0,MORTGAGE,TX,2.0,0.0,4.0,0,credit_card,0
15000.0, 36 months,10.78,B,176000.0,15.09,722.0,21.0,30.8,1.0,0.0,0.0,MORTGAGE,TX,10.0,0.0,14.0,0,debt_consolidation,0
35000.0, 36 months,7.49,A,232000.0,13.44,727.0,10.0,74.5,0.0,0.0,0.0,RENT,NY,1.0,0.0,0.0,0,debt_consolidation,0
4000.0, 36 months,18.99,E,56000.0,20.94,662.0,7.0,42.1,1.0,1.0,0.0,RENT,CA,7.0,0.0,0.0,0,debt_consolidation,1
28800.0, 36 months,8.49,B,60000.0,26.56,817.0,9.0,6.2,0.0,0.0,0.0,MORTGAGE,MI,9.0,0.0,1.0,0,debt_consolidation,0
15000.0, 36 months,7.91,A,78000.0,3.4,697.0,6.0,52.7,0.0,0.0,0.0,OWN,IL,8.0,0.0,2.0,0,credit_card,0
20000.0, 36 months,10.78,B,127000.0,17.54,692.0,22.0,46.6,1.0,1.0,0.0,MORTGAGE,TN,9.0,0.0,6.0,0,credit_card,1
14550.0, 60 months,8.49,B,162500.0,24.05,697.0,24.0,57.2,0.0,1.0,0.0,MORTGAGE,OH,3.0,0.0,5.0,0,debt_consolidation,0
15025.0, 36 months,25.09,F,47000.0,11.54,677.0,3.0,6.3,0.0,0.0,0.0,RENT,MS,4.0,0.0,0.0,0,small_business,1
16000.0, 60 months,14.85,C,50000.0,19.14,672.0,16.0,10.2,0.0,0.0,0.0,MORTGAGE,NV,5.0,0.0,2.0,0,debt_consolidation,0
7200.0, 36 months,17.27,D,34800.0,20.72,672.0,7.0,30.5,0.0,0.0,0.0,RENT,CA,2.0,0.0,0.0,0,debt_consolidation,0
10000.0, 36 months,17.97,D,65000.0,8.51,672.0,5.0,55.4,0.0,0.0,1.0,RENT,FL,2.0,0.0,0.0,0,credit_card,0
13875.0, 36 months,13.99,C,100000.0,4.01,727.0,8.0,95.6,0.0,0.0,0.0,OWN,NY,4.0,0.0,0.0,0,debt_consolidation,0
35000.0, 60 months,21.48,E,150000.0,20.66,732.0,17.0,42.4,1.0,0.0,0.0,MORTGAGE,WI,9.0,0.0,1.0,0,other,0
31525.0, 36 months,15.77,D,85000.0,14.65,752.0,11.0,55.5,0.0,0.0,0.0,MORTGAGE,MA,10.0,0.0,7.0,0,home_improvement,0
16725.0, 60 months,21.48,E,58000.0,39.18,667.0,14.0,49.6,0.0,0.0,0.0,MORTGAGE,FL,8.0,0.0,1.0,0,debt_consolidation,1
18000.0, 36 months,11.99,C,65000.0,18.11,662.0,11.0,95.3,1.0,0.0,0.0,RENT,NY,3.0,0.0,0.0,0,debt_consolidation,1
19000.0, 36 months,7.91,A,100686.0,31.48,712.0,13.0,44.0,2.0,1.0,0.0,MORTGAGE,MS,3.0,0.0,4.0,0,debt_consolidation,0
5050.0, 36 months,9.8,B,40000.0,4.65,742.0,2.0,38.1,0.0,0.0,0.0,RENT,CA,2.0,0.0,0.0,0,debt_consolidation,0
4900.0, 36 months,11.48,B,31000.0,10.76,722.0,12.0,11.5,0.0,1.0,0.0,RENT,NC,1.0,0.0,0.0,0,medical,0
21000.0, 36 months,5.32,A,225000.0,14.99,682.0,15.0,94.4,0.0,1.0,0.0,MORTGAGE,CA,1.0,0.0,4.0,0,debt_consolidation,0
15000.0, 36 months,6.99,A,80000.0,6.96,727.0,7.0,35.3,3.0,0.0,0.0,MORTGAGE,PA,3.0,0.0,2.0,0,debt_consolidation,0
28000.0, 60 months,19.48,E,87500.0,21.03,682.0,17.0,33.6,2.0,0.0,0.0,MORTGAGE,MD,10.0,0.0,5.0,0,debt_consolidation,1
6000.0, 36 months,11.48,B,42000.0,26.99,717.0,7.0,77.5,0.0,0.0,0.0,MORTGAGE,OH,9.0,0.0,0.0,0,other,1
12000.0, 36 months,5.32,A,50000.0,15.25,782.0,11.0,23.0,1.0,0.0,0.0,MORTGAGE,TX,4.0,0.0,2.0,0,debt_consolidation,0
13200.0, 36 months,5.32,A,50000.0,27.89,692.0,11.0,51.0,0.0,0.0,1.0,MORTGAGE,IN,3.0,0.0,0.0,0,debt_consolidation,0
6500.0, 36 months,5.32,A,55250.0,1.98,717.0,13.0,6.6,1.0,0.0,0.0,MORTGAGE,OH,10.0,0.0,2.0,0,credit_card,0
5600.0, 36 months,14.85,C,39240.0,23.33,732.0,6.0,54.7,1.0,0.0,0.0,RENT,IL,6.0,0.0,0.0,0,other,1
10000.0, 60 months,16.59,D,250000.0,1.07,687.0,29.0,34.1,2.0,0.0,0.0,MORTGAGE,FL,3.0,0.0,1.0,0,debt_consolidation,0
11900.0, 36 months,13.44,C,65000.0,4.23,677.0,5.0,51.0,1.0,0.0,0.0,MORTGAGE,AZ,10.0,0.0,3.0,0,credit_card,0
19425.0, 36 months,18.99,E,46280.0,10.19,722.0,5.0,47.5,1.0,0.0,0.0,MORTGAGE,VT,5.0,0.0,1.0,0,debt_consolidation,0
6000.0, 36 months,11.99,C,40000.0,18.99,672.0,11.0,62.0,3.0,0.0,0.0,MORTGAGE,NY,10.0,0.0,2.0,0,debt_consolidation,1
22325.0, 60 months,15.77,D,65000.0,19.41,692.0,7.0,3.9,0.0,1.0,0.0,MORTGAGE,TX,10.0,0.0,4.0,0,debt_consolidation,0
24000.0, 36 months,9.8,B,65000.0,29.12,712.0,19.0,40.5,2.0,0.0,0.0,RENT,IL,8.0,0.0,0.0,0,credit_card,1
8000.0, 36 months,14.85,C,65000.0,17.41,662.0,32.0,56.4,1.0,2.0,0.0,OWN,NY,6.0,0.0,0.0,0,debt_consolidation,1
12500.0, 36 months,12.88,C,25000.0,23.09,672.0,15.0,62.7,0.0,0.0,0.0,MORTGAGE,OH,,0.0,0.0,0,debt_consolidation,0
4800.0, 36 months,9.17,B,78000.0,33.03,707.0,23.0,68.5,1.0,0.0,0.0,MORTGAGE,IL,1.0,0.0,3.0,0,debt_consolidation,0
15000.0, 60 months,14.85,C,74000.0,22.71,692.0,13.0,30.0,2.0,1.0,1.0,OWN,FL,3.0,0.0,2.0,0,debt_consolidation,1
13000.0, 60 months,13.99,C,48000.0,29.2,682.0,15.0,40.0,1.0,0.0,0.0,MORTGAGE,TX,9.0,0.0,3.0,0,debt_consolidation,1
9600.0, 36 months,11.99,C,45000.0,37.81,677.0,15.0,62.9,0.0,0.0,1.0,RENT,NY,1.0,0.0,0.0,0,debt_consolidation,1
11200.0, 60 months,12.88,C,52000.0,15.81,697.0,12.0,37.8,0.0,1.0,0.0,MORTGAGE,AL,10.0,0.0,3.0,0,debt_consolidation,0
8000.0, 36 months,10.78,B,41255.0,26.56,662.0,9.0,58.6,1.0,1.0,0.0,RENT,AR,2.0,0.0,0.0,0,credit_card,0
35000.0, 60 months,14.85,C,180000.0,19.61,677.0,18.0,56.0,2.0,1.0,0.0,MORTGAGE,NJ,10.0,0.0,6.0,0,debt_consolidation,0
11200.0, 60 months,16.59,D,97000.0,38.78,677.0,27.0,75.3,0.0,0.0,2.0,MORTGAGE,SC,4.0,0.0,2.0,0,debt_consolidation,0
24000.0, 60 months,17.97,D,100000.0,23.22,662.0,19.0,65.5,0.0,2.0,0.0,MORTGAGE,CA,10.0,0.0,4.0,0,debt_consolidation,1
32000.0, 60 months,17.97,D,115000.0,20.47,672.0,12.0,60.0,1.0,0.0,1.0,MORTGAGE,FL,,0.0,6.0,0,other,0
18500.0, 60 months,19.48,E,37000.0,24.55,722.0,6.0,94.6,0.0,0.0,0.0,MORTGAGE,IN,4.0,0.0,1.0,0,debt_consolidation,0
8000.0, 36 months,13.99,C,120000.0,17.42,662.0,14.0,34.7,2.0,1.0,1.0,MORTGAGE,CA,10.0,0.0,3.0,0,debt_consolidation,0
20000.0, 36 months,12.88,C,47484.0,29.54,672.0,7.0,88.8,0.0,0.0,0.0,OWN,PA,,0.0,1.0,0,home_improvement,0
20000.0, 36 months,14.85,C,70000.0,7.51,682.0,4.0,85.1,1.0,0.0,0.0,RENT,NY,1.0,0.0,0.0,0,home_improvement,0
35000.0, 60 months,14.85,C,126200.0,31.39,727.0,9.0,40.1,0.0,0.0,0.0,MORTGAGE,MD,10.0,0.0,6.0,0,debt_consolidation,0
19200.0, 60 months,14.85,C,108000.0,18.79,687.0,10.0,62.4,1.0,0.0,0.0,MORTGAGE,MI,3.0,0.0,6.0,0,debt_consolidation,0
16725.0, 36 months,13.44,C,33453.0,34.52,682.0,16.0,63.7,0.0,0.0,0.0,RENT,NY,10.0,0.0,0.0,0,credit_card,0
32325.0, 60 months,19.48,E,82000.0,24.56,672.0,8.0,69.5,3.0,0.0,0.0,MORTGAGE,TX,1.0,0.0,4.0,0,credit_card,1
4800.0, 36 months,9.8,B,44400.0,6.05,662.0,5.0,48.0,0.0,0.0,1.0,RENT,PA,1.0,0.0,1.0,0,debt_consolidation,0
22400.0, 36 months,9.8,B,100000.0,14.5,722.0,37.0,23.3,2.0,0.0,0.0,RENT,AR,9.0,0.0,1.0,0,debt_consolidation,1
18525.0, 36 months,17.97,D,70000.0,21.6,682.0,13.0,69.5,2.0,0.0,1.0,MORTGAGE,ME,3.0,0.0,1.0,0,debt_consolidation,0
32400.0, 60 months,25.09,F,85000.0,25.92,662.0,12.0,59.0,0.0,0.0,2.0,RENT,RI,10.0,0.0,0.0,0,debt_consolidation,1
15000.0, 60 months,11.99,C,51000.0,8.78,662.0,19.0,23.9,0.0,0.0,1.0,RENT,SC,9.0,0.0,5.0,0,debt_consolidation,0
12000.0, 60 months,19.48,E,60000.0,23.44,662.0,17.0,46.0,3.0,0.0,0.0,MORTGAGE,IL,5.0,0.0,1.0,0,debt_consolidation,0
22000.0, 36 months,8.49,B,93000.0,25.52,672.0,12.0,65.5,1.0,0.0,0.0,OWN,NY,8.0,0.0,1.0,0,debt_consolidation,0
15000.0, 60 months,16.59,D,90000.0,3.19,702.0,7.0,56.6,1.0,0.0,0.0,MORTGAGE,NV,8.0,0.0,1.0,0,debt_consolidation,1
10000.0, 36 months,5.32,A,95000.0,7.33,782.0,21.0,3.7,0.0,0.0,0.0,MORTGAGE,TN,6.0,0.0,4.0,0,home_improvement,0
9000.0, 36 months,6.99,A,70000.0,16.2,727.0,13.0,23.5,0.0,0.0,1.0,RENT,CA,10.0,0.0,0.0,0,credit_card,0
8400.0, 36 months,11.48,B,42000.0,34.06,682.0,6.0,83.8,0.0,1.0,0.0,RENT,OK,10.0,0.0,1.0,0,debt_consolidation,0
17000.0, 36 months,9.17,B,210000.0,11.37,662.0,6.0,70.8,0.0,1.0,0.0,OWN,TX,10.0,0.0,1.0,0,credit_card,0
6400.0, 36 months,12.88,C,87000.0,10.62,667.0,10.0,54.3,0.0,0.0,0.0,RENT,CA,1.0,0.0,0.0,0,debt_consolidation,0
20000.0, 60 months,13.44,C,120000.0,16.28,682.0,13.0,68.6,2.0,0.0,0.0,OWN,WI,8.0,0.0,1.0,0,debt_consolidation,0
12000.0, 36 months,9.17,B,80000.0,5.42,677.0,6.0,51.3,0.0,0.0,0.0,RENT,CT,5.0,0.0,0.0,0,debt_consolidation,0
5000.0, 36 months,7.49,A,100000.0,21.52,717.0,23.0,40.0,2.0,1.0,0.0,MORTGAGE,NJ,10.0,0.0,1.0,0,debt_consolidation,0
2000.0, 36 months,7.91,A,45000.0,28.08,747.0,9.0,35.7,1.0,0.0,0.0,RENT,GA,1.0,0.0,2.0,0,other,0
6000.0, 36 months,10.78,B,100000.0,30.21,667.0,18.0,84.2,0.0,1.0,0.0,MORTGAGE,SC,10.0,0.0,5.0,0,other,0
14275.0, 60 months,19.89,E,42000.0,29.2,682.0,15.0,75.2,0.0,0.0,0.0,RENT,CA,1.0,0.0,0.0,0,debt_consolidation,1
6000.0, 36 months,13.44,C,44543.0,12.8,687.0,9.0,26.2,1.0,0.0,0.0,RENT,KY,9.0,0.0,0.0,0,credit_card,0
9000.0, 36 months,7.91,A,31980.0,6.72,667.0,5.0,33.4,0.0,0.0,1.0,OWN,CA,,0.0,0.0,0,credit_card,0
10000.0, 36 months,7.91,A,65000.0,14.16,722.0,12.0,27.7,0.0,3.0,0.0,MORTGAGE,OH,10.0,0.0,3.0,0,debt_consolidation,0
27200.0, 60 months,9.8,B,97000.0,17.02,737.0,13.0,43.9,1.0,0.0,0.0,MORTGAGE,OH,4.0,0.0,4.0,0,credit_card,0
18000.0, 36 months,13.44,C,120000.0,11.86,662.0,17.0,69.4,4.0,0.0,1.0,MORTGAGE,CA,5.0,0.0,1.0,0,debt_consolidation,0
18400.0, 36 months,15.77,D,75000.0,22.93,677.0,13.0,65.9,0.0,2.0,0.0,MORTGAGE,OR,10.0,0.0,4.0,0,debt_consolidation,0
10000.0, 36 months,9.8,B,54500.0,24.1,697.0,33.0,40.1,1.0,0.0,0.0,OWN,FL,10.0,0.0,1.0,0,major_purchase,0
7000.0, 36 months,5.32,A,68000.0,1.41,697.0,9.0,50.2,0.0,0.0,0.0,OWN,GA,5.0,0.0,1.0,0,debt_consolidation,0
4550.0, 36 months,10.78,B,100500.0,28.74,697.0,16.0,44.8,0.0,0.0,1.0,MORTGAGE,GA,4.0,0.0,2.0,0,home_improvement,0
20000.0, 60 months,13.99,C,52000.0,17.06,697.0,11.0,33.9,0.0,0.0,0.0,RENT,AZ,2.0,0.0,0.0,0,debt_consolidation,1
8000.0, 36 months,11.48,B,33000.0,23.38,667.0,7.0,67.6,0.0,1.0,0.0,RENT,CA,10.0,0.0,0.0,0,debt_consolidation,0
27000.0, 36 months,7.49,A,55000.0,21.78,717.0,10.0,83.2,0.0,1.0,0.0,MORTGAGE,CA,2.0,0.0,0.0,0,debt_consolidation,0
14000.0, 36 months,8.49,B,45000.0,21.2,672.0,9.0,69.4,0.0,0.0,0.0,RENT,SC,1.0,0.0,0.0,0,credit_card,0
21000.0, 36 months,11.99,C,85000.0,19.37,687.0,15.0,49.0,3.0,0.0,2.0,MORTGAGE,KS,10.0,0.0,4.0,0,credit_card,0
12000.0, 60 months,15.77,D,44321.0,28.73,712.0,10.0,80.5,1.0,0.0,0.0,MORTGAGE,KY,,0.0,5.0,0,other,1
9600.0, 36 months,10.78,B,96000.0,14.71,702.0,9.0,58.2,0.0,1.0,0.0,MORTGAGE,AL,10.0,0.0,3.0,0,debt_consolidation,0
12000.0, 60 months,18.49,D,55000.0,18.5,662.0,8.0,46.8,1.0,1.0,1.0,MORTGAGE,CA,6.0,0.0,1.0,0,medical,0
3000.0, 36 months,13.44,C,68000.0,11.86,662.0,7.0,29.9,0.0,2.0,0.0,RENT,DC,3.0,0.0,0.0,0,debt_consolidation,0
14000.0, 60 months,11.48,B,85000.0,21.06,677.0,12.0,78.0,1.0,4.0,0.0,MORTGAGE,MA,10.0,0.0,8.0,0,credit_card,0
15000.0, 36 months,6.99,A,60000.0,24.68,722.0,28.0,50.2,1.0,1.0,0.0,MORTGAGE,OH,10.0,0.0,2.0,0,home_improvement,0
25000.0, 60 months,11.99,C,170000.0,14.77,687.0,17.0,55.9,1.0,0.0,0.0,RENT,VT,10.0,0.0,3.0,0,debt_consolidation,0
20000.0, 60 months,13.99,C,120000.0,11.36,667.0,10.0,62.1,0.0,2.0,2.0,OWN,NY,10.0,0.0,0.0,0,debt_consolidation,0
15000.0, 36 months,8.49,B,120000.0,10.66,672.0,14.0,51.2,0.0,0.0,0.0,OWN,NY,10.0,0.0,0.0,0,debt_consolidation,0
24200.0, 60 months,18.99,E,57668.0,31.52,677.0,9.0,81.0,0.0,1.0,0.0,RENT,HI,10.0,0.0,0.0,0,debt_consolidation,0
20000.0, 60 months,13.99,C,70000.0,24.34,767.0,8.0,71.0,0.0,0.0,0.0,MORTGAGE,NC,10.0,0.0,4.0,0,debt_consolidation,0
5000.0, 36 months,8.49,B,43507.2,18.46,677.0,13.0,28.5,1.0,0.0,0.0,RENT,FL,9.0,0.0,0.0,0,debt_consolidation,0
20000.0, 60 months,13.99,C,75000.0,21.53,702.0,11.0,65.2,0.0,0.0,0.0,RENT,GA,1.0,0.0,3.0,0,credit_card,0
14000.0, 60 months,11.99,C,110000.0,6.37,662.0,9.0,85.9,1.0,0.0,1.0,MORTGAGE,CO,6.0,0.0,4.0,0,debt_consolidation,0
10000.0, 36 months,5.32,A,50000.0,10.37,732.0,14.0,20.9,0.0,0.0,0.0,OWN,FL,3.0,0.0,0.0,0,debt_consolidation,0
14400.0, 60 months,12.88,C,120000.0,21.57,742.0,11.0,45.5,0.0,0.0,0.0,MORTGAGE,NY,10.0,0.0,6.0,0,debt_consolidation,0
24000.0, 36 months,11.48,B,80000.0,34.98,707.0,31.0,48.9,2.0,0.0,0.0,MORTGAGE,PA,9.0,0.0,1.0,0,credit_card,0
9100.0, 36 months,9.17,B,51376.0,10.88,667.0,6.0,60.7,0.0,0.0,2.0,RENT,MI,10.0,0.0,0.0,0,debt_consolidation,0
25000.0, 36 months,17.97,D,132000.0,9.05,682.0,8.0,57.6,0.0,0.0,0.0,MORTGAGE,CA,10.0,0.0,2.0,0,debt_consolidation,0
15000.0, 36 months,11.99,C,40000.0,29.77,682.0,8.0,68.5,1.0,0.0,0.0,RENT,CA,1.0,0.0,0.0,0,debt_consolidation,0
12000.0, 60 months,20.5,E,65000.0,32.7,662.0,39.0,39.4,3.0,0.0,1.0,OWN,MI,10.0,0.0,0.0,0,other,1
12000.0, 36 months,11.99,C,38350.0,33.08,672.0,16.0,66.3,0.0,2.0,1.0,MORTGAGE,NC,10.0,0.0,0.0,0,debt_consolidation,0
9000.0, 36 months,11.48,B,115000.0,9.47,732.0,12.0,2.8,2.0,0.0,0.0,RENT,MA,1.0,0.0,2.0,0,debt_consolidation,0
6500.0, 36 months,10.78,B,54000.0,24.61,662.0,8.0,29.7,0.0,0.0,0.0,MORTGAGE,FL,8.0,0.0,6.0,0,home_improvement,0
30000.0, 36 months,13.99,C,100000.0,26.23,747.0,18.0,25.7,1.0,0.0,0.0,MORTGAGE,MO,10.0,0.0,2.0,0,debt_consolidation,0
9000.0, 36 months,11.99,C,75000.0,12.45,667.0,9.0,62.4,0.0,4.0,2.0,RENT,PA,1.0,0.0,0.0,0,debt_consolidation,0
20000.0, 36 months,7.91,A,85000.0,3.4,697.0,5.0,41.5,0.0,1.0,0.0,OWN,NJ,1.0,0.0,2.0,0,home_improvement,0
4875.0, 36 months,17.97,D,49000.0,17.98,672.0,10.0,38.0,1.0,1.0,1.0,RENT,TX,2.0,0.0,4.0,0,debt_consolidation,0
9050.0, 36 months,15.77,D,56000.0,13.61,667.0,6.0,60.8,0.0,0.0,0.0,OWN,FL,2.0,0.0,0.0,0,debt_consolidation,0
18000.0, 36 months,10.78,B,47200.0,30.99,667.0,20.0,62.2,0.0,1.0,0.0,MORTGAGE,TN,1.0,0.0,5.0,0,credit_card,0
11050.0, 60 months,22.45,F,80000.0,38.36,712.0,14.0,92.2,2.0,0.0,0.0,MORTGAGE,MI,10.0,0.0,4.0,0,debt_consolidation,0
20000.0, 36 months,9.8,B,78000.0,16.74,672.0,10.0,78.5,0.0,0.0,0.0,MORTGAGE,NY,,0.0,4.0,0,credit_card,0
13200.0, 60 months,12.88,C,100000.0,23.39,712.0,21.0,34.2,2.0,0.0,0.0,MORTGAGE,NY,2.0,0.0,4.0,0,credit_card,0
7250.0, 36 months,13.99,C,14544.0,29.42,702.0,3.0,80.8,0.0,0.0,0.0,RENT,CA,,0.0,0.0,0,credit_card,0
18000.0, 60 months,11.99,C,75000.0,23.96,697.0,7.0,61.4,0.0,0.0,0.0,MORTGAGE,OH,10.0,0.0,0.0,0,debt_consolidation,1
15000.0, 36 months,9.8,B,59800.0,1.87,732.0,9.0,0.6,2.0,0.0,1.0,OWN,IL,3.0,0.0,1.0,0,home_improvement,0
9600.0, 36 months,9.8,B,130000.0,18.82,677.0,16.0,41.3,0.0,1.0,0.0,MORTGAGE,CA,4.0,0.0,6.0,0,debt_consolidation,0
11500.0, 36 months,12.88,C,75000.0,11.57,677.0,10.0,23.8,1.0,1.0,1.0,OWN,PA,1.0,0.0,2.0,0,debt_consolidation,0
2825.0, 36 months,11.48,B,47000.0,8.35,677.0,6.0,21.5,0.0,2.0,0.0,RENT,NY,10.0,0.0,2.0,0,credit_card,0
4500.0, 36 months,16.59,D,86000.0,28.79,692.0,25.0,60.5,2.0,0.0,0.0,MORTGAGE,TX,2.0,0.0,5.0,0,debt_consolidation,1
16000.0, 36 months,6.49,A,65000.0,26.74,702.0,20.0,52.3,1.0,0.0,0.0,MORTGAGE,MO,4.0,0.0,4.0,0,debt_consolidation,0
18000.0, 36 months,7.91,A,52000.0,19.52,717.0,11.0,47.3,2.0,0.0,0.0,RENT,WA,4.0,0.0,1.0,0,credit_card,0
10000.0, 60 months,11.99,C,40000.0,3.96,672.0,8.0,22.7,0.0,0.0,1.0,RENT,VA,6.0,0.0,1.0,0,credit_card,0
10000.0, 36 months,7.91,A,85000.0,10.77,677.0,10.0,64.8,0.0,0.0,0.0,MORTGAGE,FL,10.0,0.0,0.0,0,home_improvement,1
30000.0, 36 months,8.49,B,66000.0,14.76,742.0,4.0,95.4,0.0,0.0,0.0,MORTGAGE,ME,2.0,0.0,4.0,0,credit_card,0
31200.0, 60 months,15.77,D,106000.0,23.4,692.0,10.0,78.6,1.0,0.0,0.0,RENT,TX,5.0,0.0,0.0,0,debt_consolidation,0
8400.0, 36 months,11.99,C,62500.0,37.08,672.0,14.0,84.3,1.0,0.0,4.0,MORTGAGE,OH,3.0,0.0,5.0,0,other,0
35000.0, 60 months,10.78,B,225000.0,24.71,702.0,13.0,69.3,0.0,0.0,0.0,MORTGAGE,NE,4.0,0.0,3.0,0,credit_card,0
15000.0, 36 months,6.49,A,83000.0,16.69,727.0,5.0,65.8,0.0,0.0,0.0,MORTGAGE,VA,10.0,0.0,3.0,0,debt_consolidation,0
6000.0, 36 months,7.91,A,125000.0,10.12,767.0,19.0,13.1,0.0,0.0,0.0,MORTGAGE,MN,10.0,0.0,5.0,0,debt_consolidation,0
23900.0, 36 months,17.97,D,75000.0,12.0,687.0,6.0,92.0,1.0,0.0,0.0,RENT,CA,10.0,0.0,4.0,0,debt_consolidation,0
15200.0, 36 months,12.88,C,72000.0,28.13,687.0,10.0,30.4,3.0,0.0,0.0,OWN,TX,1.0,0.0,0.0,0,debt_consolidation,1
6600.0, 36 months,5.32,A,58000.0,24.79,712.0,14.0,58.5,0.0,0.0,0.0,RENT,MA,1.0,0.0,0.0,0,credit_card,0
14000.0, 36 months,5.32,A,200000.0,8.63,772.0,5.0,56.4,0.0,0.0,0.0,MORTGAGE,FL,9.0,0.0,2.0,0,credit_card,0
10000.0, 36 months,9.17,B,45500.0,28.09,712.0,35.0,31.5,1.0,0.0,0.0,MORTGAGE,TN,1.0,0.0,1.0,0,debt_consolidation,0
15300.0, 36 months,8.49,B,87000.0,12.0,667.0,9.0,53.6,0.0,3.0,0.0,OWN,GA,10.0,0.0,0.0,0,debt_consolidation,0
32000.0, 60 months,21.48,E,100000.0,20.75,722.0,14.0,40.7,0.0,0.0,0.0,MORTGAGE,SD,1.0,0.0,4.0,0,debt_consolidation,0
16325.0, 36 months,18.99,E,142000.0,19.89,677.0,13.0,59.7,2.0,0.0,0.0,MORTGAGE,AL,10.0,0.0,9.0,0,small_business,0
24000.0, 60 months,15.77,D,80000.0,26.97,702.0,25.0,63.7,0.0,1.0,1.0,MORTGAGE,IN,3.0,0.0,5.0,0,debt_consolidation,0
15000.0, 36 months,5.32,A,130000.0,14.31,717.0,13.0,37.7,0.0,0.0,0.0,MORTGAGE,FL,10.0,0.0,3.0,0,credit_card,0
21000.0, 36 months,16.59,D,81000.0,23.53,702.0,21.0,84.9,0.0,0.0,0.0,MORTGAGE,TX,10.0,0.0,1.0,0,debt_consolidation,1
7800.0, 36 months,7.91,A,44013.0,14.97,682.0,9.0,71.2,0.0,0.0,0.0,MORTGAGE,VA,3.0,0.0,2.0,0,debt_consolidation,0
9000.0, 36 months,5.32,A,56000.0,13.12,732.0,18.0,24.0,0.0,1.0,0.0,MORTGAGE,OR,3.0,0.0,3.0,0,debt_consolidation,0
15000.0, 36 months,9.17,B,100000.0,34.89,677.0,30.0,62.6,0.0,0.0,0.0,RENT,NY,2.0,0.0,0.0,0,credit_card,0
35000.0, 60 months,20.5,E,107000.0,29.89,677.0,23.0,61.0,4.0,0.0,0.0,RENT,WA,3.0,0.0,2.0,0,credit_card,0
20000.0, 36 months,8.49,B,175000.0,8.59,667.0,12.0,58.0,2.0,1.0,1.0,MORTGAGE,NJ,5.0,0.0,1.0,0,home_improvement,0
15000.0, 36 months,6.49,A,74000.0,15.87,707.0,5.0,48.8,0.0,0.0,0.0,RENT,CA,5.0,0.0,0.0,0,credit_card,0
6000.0, 36 months,7.91,A,41000.0,15.06,732.0,8.0,27.4,0.0,0.0,0.0,RENT,OH,2.0,0.0,0.0,0,debt_consolidation,0
30000.0, 60 months,13.99,C,150000.0,8.52,737.0,9.0,35.2,1.0,0.0,0.0,RENT,NC,6.0,0.0,1.0,0,debt_consolidation,1
35000.0, 60 months,13.44,C,105000.0,8.87,707.0,9.0,69.3,0.0,1.0,0.0,MORTGAGE,HI,10.0,0.0,1.0,0,home_improvement,0
20000.0, 36 months,6.99,A,153000.0,14.06,697.0,13.0,56.3,1.0,0.0,0.0,MORTGAGE,TX,2.0,0.0,5.0,0,debt_consolidation,0
8000.0, 36 months,10.78,B,45000.0,16.93,672.0,18.0,49.2,0.0,0.0,0.0,MORTGAGE,OH,2.0,0.0,1.0,0,debt_consolidation,1
13000.0, 36 months,6.99,A,75000.0,30.7,722.0,8.0,56.5,0.0,0.0,0.0,MORTGAGE,SD,10.0,0.0,4.0,0,credit_card,0
5000.0, 36 months,10.78,B,34600.0,28.62,667.0,3.0,84.1,0.0,1.0,0.0,OWN,AZ,4.0,0.0,0.0,0,home_improvement,0
3800.0, 36 months,27.49,G,43000.0,39.69,662.0,12.0,59.7,1.0,0.0,0.0,RENT,TN,3.0,0.0,0.0,0,debt_consolidation,1
10000.0, 36 months,9.8,B,50000.0,22.73,712.0,13.0,65.7,1.0,0.0,0.0,RENT,VA,10.0,0.0,0.0,0,debt_consolidation,0
3200.0, 36 months,10.78,B,18372.0,32.92,727.0,4.0,66.4,0.0,0.0,0.0,OWN,PA,,0.0,0.0,0,home_improvement,0
16000.0, 60 months,11.99,C,128000.0,5.98,667.0,12.0,76.4,1.0,7.0,0.0,MORTGAGE,MD,10.0,0.0,4.0,0,credit_card,0
12000.0, 36 months,7.49,A,58245.0,27.36,727.0,10.0,33.6,0.0,0.0,0.0,MORTGAGE,LA,4.0,0.0,3.0,0,debt_consolidation,1
2650.0, 36 months,12.88,C,23000.0,28.79,687.0,20.0,53.7,1.0,0.0,0.0,RENT,IL,6.0,0.0,0.0,0,other,0
21600.0, 60 months,18.49,D,48000.0,33.25,672.0,13.0,74.0,1.0,2.0,0.0,OWN,PA,10.0,0.0,0.0,0,debt_consolidation,1
15000.0, 36 months,11.99,C,56000.0,16.85,662.0,11.0,42.7,1.0,0.0,0.0,MORTGAGE,CA,10.0,0.0,1.0,0,debt_consolidation,1
6000.0, 36 months,11.99,C,95000.0,4.51,702.0,8.0,86.0,1.0,0.0,0.0,RENT,NY,10.0,0.0,0.0,0,debt_consolidation,0
16000.0, 60 months,13.44,C,60000.0,19.06,667.0,19.0,61.0,2.0,0.0,0.0,MORTGAGE,NY,,0.0,3.0,0,debt_consolidation,0
4000.0, 36 months,13.44,C,75000.0,14.94,662.0,16.0,77.2,1.0,0.0,0.0,MORTGAGE,OR,10.0,0.0,6.0,0,credit_card,0
20000.0, 60 months,8.49,B,165000.0,18.43,717.0,18.0,59.2,0.0,0.0,0.0,MORTGAGE,TX,10.0,0.0,3.0,0,debt_consolidation,0
25000.0, 36 months,9.8,B,70000.0,15.2,772.0,11.0,26.6,0.0,0.0,0.0,MORTGAGE,TX,10.0,0.0,3.0,0,debt_consolidation,0
35000.0, 60 months,21.48,E,160000.0,28.64,662.0,23.0,36.6,1.0,1.0,0.0,MORTGAGE,FL,1.0,0.0,2.0,0,credit_card,0
35000.0, 36 months,13.99,C,115000.0,18.67,682.0,15.0,76.3,1.0,0.0,0.0,RENT,WA,10.0,0.0,4.0,0,debt_consolidation,0
23800.0, 36 months,18.99,E,75000.0,17.92,662.0,14.0,67.5,1.0,0.0,1.0,RENT,MI,10.0,0.0,0.0,0,debt_consolidation,0
10550.0, 60 months,14.85,C,24000.0,32.95,677.0,16.0,61.8,0.0,0.0,0.0,RENT,MD,2.0,0.0,0.0,0,credit_card,0
10900.0, 60 months,8.49,B,122000.0,15.98,727.0,14.0,62.3,0.0,0.0,0.0,MORTGAGE,PA,1.0,0.0,4.0,0,debt_consolidation,0
15000.0, 36 months,16.59,D,75496.0,25.04,687.0,12.0,75.1,1.0,0.0,0.0,MORTGAGE,AZ,3.0,0.0,5.0,0,debt_consolidation,0
6400.0, 36 months,12.88,C,30000.0,23.24,677.0,18.0,70.9,1.0,0.0,0.0,RENT,MO,10.0,0.0,0.0,0,credit_card,0
4000.0, 36 months,6.49,A,87000.0,12.26,702.0,7.0,43.8,0.0,1.0,0.0,MORTGAGE,IL,5.0,0.0,5.0,0,debt_consolidation,0
2500.0, 36 months,9.8,B,75280.0,16.45,687.0,13.0,55.1,0.0,0.0,0.0,RENT,OH,10.0,0.0,0.0,0,other,0
18000.0, 36 months,13.99,C,53000.0,31.66,692.0,29.0,57.1,1.0,0.0,0.0,MORTGAGE,GA,10.0,0.0,3.0,0,credit_card,0
25000.0, 60 months,17.97,D,75000.0,34.56,707.0,27.0,35.3,0.0,0.0,0.0,MORTGAGE,LA,7.0,0.0,4.0,0,debt_consolidation,1
18000.0, 60 months,13.99,C,63000.0,23.25,712.0,21.0,46.6,1.0,0.0,0.0,MORTGAGE,AZ,1.0,0.0,1.0,0,debt_consolidation,0
22000.0, 60 months,15.77,D,55000.0,30.03,732.0,14.0,35.7,0.0,1.0,0.0,MORTGAGE,IN,10.0,0.0,4.0,0,debt_consolidation,0
12650.0, 36 months,14.85,C,36400.0,17.8,687.0,5.0,45.9,0.0,1.0,0.0,RENT,KY,10.0,0.0,0.0,0,major_purchase,0
9000.0, 36 months,5.32,A,34068.0,11.62,782.0,21.0,10.4,0.0,0.0,0.0,MORTGAGE,CT,,0.0,4.0,0,credit_card,0
24000.0, 36 months,9.17,B,80000.0,17.44,677.0,20.0,64.5,0.0,1.0,0.0,MORTGAGE,TX,10.0,0.0,3.0,0,debt_consolidation,0
35000.0, 60 months,11.99,C,111500.0,20.45,702.0,21.0,38.7,0.0,0.0,0.0,MORTGAGE,MD,,0.0,3.0,0,credit_card,0
5000.0, 36 months,10.78,B,30000.0,17.88,692.0,8.0,28.6,0.0,3.0,0.0,OWN,LA,10.0,0.0,0.0,0,debt_consolidation,0
35000.0, 36 months,13.99,C,110000.0,16.45,747.0,16.0,5.3,1.0,0.0,0.0,MORTGAGE,CA,9.0,0.0,2.0,0,home_improvement,0
28000.0, 60 months,12.88,C,121000.0,14.35,677.0,18.0,62.0,4.0,0.0,0.0,MORTGAGE,MI,10.0,0.0,1.0,0,debt_consolidation,0
2025.0, 36 months,19.48,E,75000.0,12.18,667.0,7.0,31.0,4.0,0.0,1.0,RENT,MO,10.0,0.0,2.0,0,small_business,0
15000.0, 60 months,14.85,C,40000.0,29.76,667.0,21.0,44.2,2.0,0.0,0.0,RENT,FL,3.0,0.0,0.0,0,major_purchase,0
10800.0, 60 months,18.99,E,30000.0,13.57,672.0,10.0,39.7,0.0,0.0,0.0,RENT,TX,3.0,0.0,0.0,0,debt_consolidation,0
28025.0, 36 months,12.88,C,120000.0,17.17,687.0,12.0,75.0,5.0,2.0,0.0,MORTGAGE,MA,10.0,0.0,1.0,0,debt_consolidation,1
18850.0, 36 months,11.99,C,50000.0,4.25,672.0,11.0,15.1,0.0,0.0,1.0,RENT,NE,1.0,0.0,4.0,0,debt_consolidation,0
18000.0, 60 months,18.99,E,57100.0,5.63,672.0,6.0,24.7,1.0,0.0,0.0,MORTGAGE,PA,8.0,0.0,0.0,0,debt_consolidation,0
30000.0, 36 months,13.99,C,100000.0,22.62,682.0,5.0,84.0,0.0,0.0,0.0,RENT,MA,1.0,0.0,2.0,0,debt_consolidation,0
20000.0, 60 months,13.99,C,50000.0,33.37,682.0,9.0,81.4,0.0,0.0,0.0,RENT,GA,5.0,0.0,0.0,0,debt_consolidation,1
24000.0, 36 months,9.17,B,130000.0,39.05,732.0,32.0,33.5,0.0,0.0,0.0,MORTGAGE,NY,10.0,0.0,3.0,0,credit_card,0
12800.0, 36 months,6.49,A,70000.0,23.93,682.0,23.0,30.2,2.0,0.0,0.0,OWN,MI,1.0,0.0,2.0,0,debt_consolidation,0
23100.0, 60 months,13.99,C,55000.0,28.74,667.0,11.0,54.1,0.0,0.0,0.0,RENT,NY,10.0,0.0,0.0,0,debt_consolidation,0
18000.0, 60 months,11.48,B,52000.0,26.26,697.0,13.0,46.5,0.0,1.0,0.0,MORTGAGE,TN,9.0,0.0,5.0,0,debt_consolidation,0
7525.0, 36 months,18.99,E,20930.0,31.6,737.0,8.0,21.6,0.0,0.0,0.0,OWN,FL,3.0,0.0,0.0,0,other,0
25000.0, 60 months,21.48,E,76000.0,35.58,662.0,19.0,91.0,1.0,0.0,0.0,RENT,WA,5.0,0.0,0.0,0,debt_consolidation,0
23100.0, 60 months,19.48,E,55000.0,22.24,667.0,24.0,11.8,0.0,0.0,0.0,MORTGAGE,SC,10.0,0.0,3.0,0,debt_consolidation,0
20000.0, 60 months,18.99,E,65000.0,20.2,682.0,9.0,43.2,2.0,0.0,0.0,MORTGAGE,MN,10.0,0.0,1.0,0,credit_card,1
21125.0, 36 months,14.85,C,78000.0,11.35,672.0,20.0,47.1,1.0,0.0,0.0,RENT,CA,10.0,0.0,0.0,0,debt_consolidation,0
3000.0, 36 months,7.49,A,45000.0,21.63,742.0,17.0,30.4,1.0,0.0,0.0,RENT,NY,10.0,0.0,0.0,0,other,0
27275.0, 60 months,21.48,E,62000.0,14.75,672.0,10.0,71.0,0.0,0.0,0.0,RENT,DE,6.0,0.0,1.0,0,debt_consolidation,1
2400.0, 36 months,7.91,A,85000.0,28.35,682.0,15.0,86.3,0.0,0.0,0.0,MORTGAGE,MO,10.0,0.0,2.0,0,debt_consolidation,0
18000.0, 36 months,9.8,B,100000.0,18.41,672.0,10.0,77.8,0.0,0.0,0.0,MORTGAGE,NC,6.0,0.0,1.0,0,debt_consolidation,0
3500.0, 36 months,13.44,C,47000.0,32.53,672.0,14.0,10.4,0.0,2.0,1.0,RENT,LA,4.0,0.0,0.0,0,debt_consolidation,0
13000.0, 36 months,11.48,B,47000.0,19.2,697.0,14.0,97.1,0.0,0.0,0.0,RENT,ME,1.0,0.0,0.0,0,debt_consolidation,0
12000.0, 36 months,11.99,C,110000.0,33.38,677.0,12.0,75.3,0.0,0.0,0.0,OWN,SC,3.0,0.0,4.0,0,credit_card,0
15000.0, 36 months,7.91,A,136000.0,13.59,717.0,22.0,41.0,0.0,4.0,0.0,MORTGAGE,MN,1.0,0.0,3.0,0,credit_card,0
1500.0, 36 months,7.91,A,72000.0,12.15,742.0,6.0,2.9,0.0,0.0,0.0,RENT,NY,10.0,0.0,1.0,0,other,0
17000.0, 36 months,8.49,B,85000.0,24.45,697.0,16.0,48.3,0.0,1.0,1.0,MORTGAGE,GA,1.0,0.0,1.0,0,debt_consolidation,0
13600.0, 60 months,13.99,C,48000.0,12.75,662.0,14.0,80.0,0.0,0.0,1.0,RENT,FL,1.0,0.0,0.0,0,debt_consolidation,0
5000.0, 36 months,5.32,A,25896.0,9.34,817.0,8.0,8.8,1.0,0.0,0.0,MORTGAGE,NC,,0.0,2.0,0,debt_consolidation,0
16000.0, 60 months,17.97,D,65000.0,29.71,702.0,18.0,29.5,0.0,0.0,1.0,MORTGAGE,NY,3.0,0.0,1.0,0,debt_consolidation,1
5400.0, 36 months,13.99,C,46000.0,24.94,687.0,19.0,32.1,3.0,0.0,1.0,RENT,FL,6.0,0.0,0.0,0,credit_card,1
14650.0, 60 months,19.48,E,49000.0,26.4,712.0,8.0,33.5,0.0,0.0,0.0,RENT,IL,10.0,0.0,0.0,0,debt_consolidation,0
10525.0, 36 months,17.97,D,88000.0,8.11,672.0,11.0,49.0,3.0,0.0,1.0,MORTGAGE,NY,10.0,0.0,0.0,0,debt_consolidation,0
4475.0, 36 months,15.77,D,35000.0,3.22,687.0,4.0,48.0,2.0,0.0,0.0,RENT,FL,1.0,0.0,0.0,0,debt_consolidation,1
16800.0, 36 months,13.99,C,97000.0,16.78,672.0,14.0,51.0,1.0,2.0,1.0,MORTGAGE,OH,3.0,0.0,2.0,0,credit_card,0
16500.0, 36 months,19.48,E,57000.0,34.36,692.0,10.0,93.1,1.0,2.0,0.0,MORTGAGE,CT,10.0,0.0,3.0,0,debt_consolidation,0
11000.0, 36 months,5.32,A,80000.0,11.66,797.0,10.0,27.3,0.0,0.0,0.0,MORTGAGE,NY,10.0,0.0,2.0,0,debt_consolidation,0
20000.0, 36 months,9.8,B,60000.0,25.44,712.0,8.0,66.0,0.0,0.0,0.0,MORTGAGE,LA,3.0,0.0,2.0,0,debt_consolidation,1
21000.0, 60 months,10.78,B,89000.0,21.88,717.0,15.0,55.2,1.0,0.0,0.0,MORTGAGE,PA,10.0,0.0,9.0,0,debt_consolidation,0
20000.0, 60 months,10.78,B,110000.0,26.17,722.0,47.0,20.6,2.0,0.0,0.0,MORTGAGE,TN,10.0,0.0,6.0,0,debt_consolidation,1
21000.0, 36 months,7.49,A,120000.0,14.44,732.0,12.0,53.1,0.0,0.0,0.0,MORTGAGE,NH,1.0,0.0,4.0,0,home_improvement,0
15000.0, 36 months,6.99,A,42000.0,20.54,697.0,17.0,33.0,1.0,0.0,0.0,MORTGAGE,WI,10.0,0.0,4.0,0,credit_card,0
9800.0, 36 months,13.99,C,24504.0,13.03,692.0,7.0,72.0,0.0,0.0,0.0,RENT,ME,,0.0,1.0,0,major_purchase,0
15000.0, 36 months,9.8,B,75000.0,20.21,697.0,11.0,64.7,0.0,0.0,0.0,RENT,TX,1.0,0.0,0.0,0,debt_consolidation,0
18000.0, 36 months,6.49,A,103000.0,11.58,707.0,17.0,48.2,0.0,0.0,0.0,MORTGAGE,CO,10.0,0.0,6.0,0,debt_consolidation,0
1600.0, 36 months,7.91,A,76500.0,16.42,752.0,6.0,7.1,1.0,0.0,0.0,MORTGAGE,MD,10.0,0.0,3.0,0,credit_card,0
20000.0, 36 months,9.17,B,60000.0,17.8,707.0,9.0,23.8,0.0,0.0,0.0,RENT,CO,10.0,0.0,2.0,0,debt_consolidation,0
27300.0, 60 months,11.99,C,155000.0,23.23,752.0,36.0,24.0,0.0,0.0,0.0,MORTGAGE,NY,1.0,0.0,2.0,0,debt_consolidation,0
10000.0, 36 months,7.49,A,120000.0,18.63,717.0,21.0,47.2,0.0,0.0,0.0,MORTGAGE,IL,5.0,0.0,2.0,0,home_improvement,0
35000.0, 36 months,16.59,D,90000.0,27.43,692.0,15.0,43.1,0.0,1.0,0.0,RENT,CA,10.0,0.0,1.0,0,credit_card,0
10000.0, 36 months,12.88,C,86000.0,11.57,672.0,7.0,47.2,0.0,0.0,0.0,OWN,PA,10.0,0.0,0.0,0,debt_consolidation,1
6025.0, 36 months,17.27,D,54000.0,33.6,662.0,10.0,86.4,2.0,0.0,0.0,RENT,MA,,0.0,0.0,0,debt_consolidation,0
15000.0, 60 months,12.88,C,77000.0,15.76,707.0,10.0,0.0,0.0,0.0,0.0,MORTGAGE,OH,8.0,0.0,3.0,0,medical,0
12000.0, 36 months,11.99,C,75000.0,32.34,732.0,14.0,37.1,1.0,0.0,0.0,RENT,KS,2.0,0.0,0.0,0,debt_consolidation,0
23000.0, 36 months,10.78,B,62341.0,17.31,682.0,5.0,65.5,0.0,0.0,1.0,RENT,TX,10.0,0.0,3.0,0,debt_consolidation,0
6000.0, 36 months,7.49,A,67000.0,12.7,707.0,10.0,47.4,0.0,0.0,0.0,MORTGAGE,FL,2.0,0.0,2.0,0,credit_card,0
1500.0, 36 months,9.8,B,63000.0,7.68,672.0,10.0,82.2,0.0,1.0,0.0,MORTGAGE,CO,6.0,0.0,2.0,0,vacation,0
8000.0, 36 months,12.88,C,60000.0,5.46,667.0,7.0,81.3,0.0,1.0,0.0,RENT,CT,6.0,0.0,2.0,0,debt_consolidation,1
15000.0, 36 months,17.27,D,55000.0,25.81,672.0,21.0,83.8,0.0,0.0,0.0,RENT,RI,3.0,0.0,0.0,0,debt_consolidation,0
25000.0, 36 months,7.49,A,150000.0,16.93,707.0,24.0,47.0,2.0,0.0,0.0,MORTGAGE,MN,2.0,0.0,2.0,0,home_improvement,0
2000.0, 36 months,14.85,C,42000.0,24.77,682.0,9.0,101.1,1.0,0.0,0.0,MORTGAGE,WA,1.0,0.0,5.0,0,credit_card,0
20000.0, 36 months,8.49,B,122815.0,15.43,692.0,27.0,66.0,3.0,0.0,0.0,MORTGAGE,NC,3.0,0.0,1.0,0,debt_consolidation,0
8400.0, 36 months,7.91,A,80000.0,6.42,757.0,7.0,24.7,1.0,0.0,0.0,RENT,NY,3.0,0.0,0.0,0,debt_consolidation,0
20000.0, 36 months,7.91,A,78000.0,11.32,692.0,5.0,78.2,0.0,0.0,0.0,RENT,CA,3.0,0.0,0.0,0,debt_consolidation,0
16025.0, 60 months,19.48,E,70000.0,25.54,687.0,15.0,60.0,2.0,0.0,0.0,RENT,NY,1.0,0.0,0.0,0,major_purchase,0
4250.0, 36 months,12.88,C,55950.0,15.59,667.0,4.0,39.0,0.0,0.0,2.0,MORTGAGE,MI,3.0,0.0,3.0,0,debt_consolidation,0
10000.0, 36 months,9.17,B,27600.0,12.96,667.0,7.0,78.2,1.0,2.0,0.0,MORTGAGE,IL,2.0,0.0,3.0,0,debt_consolidation,0
24000.0, 60 months,10.78,B,120000.0,12.97,712.0,9.0,62.2,0.0,0.0,0.0,MORTGAGE,CO,3.0,0.0,1.0,0,debt_consolidation,0
18000.0, 36 months,9.8,B,70000.0,24.29,692.0,14.0,53.4,2.0,0.0,0.0,OWN,MI,10.0,0.0,5.0,0,debt_consolidation,0
10000.0, 36 months,12.88,C,60000.0,23.9,672.0,7.0,84.0,0.0,0.0,0.0,RENT,CO,2.0,0.0,0.0,0,credit_card,0
5800.0, 36 months,21.48,E,90000.0,17.49,667.0,11.0,57.0,5.0,4.0,1.0,MORTGAGE,FL,4.0,0.0,1.0,0,small_business,0
16000.0, 36 months,5.32,A,100000.0,6.05,772.0,12.0,12.1,0.0,0.0,0.0,MORTGAGE,CA,7.0,0.0,5.0,0,home_improvement,0
10000.0, 36 months,13.44,C,55000.0,21.49,667.0,13.0,93.5,3.0,0.0,0.0,RENT,WI,4.0,0.0,0.0,0,debt_consolidation,0
12000.0, 60 months,13.44,C,95000.0,18.0,677.0,11.0,72.2,1.0,1.0,0.0,MORTGAGE,VA,4.0,0.0,3.0,0,credit_card,0
12000.0, 60 months,13.99,C,40000.0,31.68,707.0,12.0,61.6,1.0,0.0,0.0,MORTGAGE,NY,4.0,0.0,1.0,0,debt_consolidation,0
20000.0, 60 months,13.99,C,130000.0,14.86,712.0,15.0,54.1,0.0,0.0,0.0,MORTGAGE,MA,10.0,0.0,3.0,0,debt_consolidation,0
24000.0, 60 months,16.59,D,55000.0,12.46,662.0,6.0,86.3,1.0,0.0,1.0,MORTGAGE,MN,3.0,0.0,0.0,0,credit_card,0
10000.0, 60 months,18.49,D,55000.0,30.29,692.0,20.0,29.8,2.0,0.0,0.0,RENT,GA,2.0,0.0,0.0,0,debt_consolidation,1
17000.0, 36 months,13.99,C,90000.0,18.36,667.0,29.0,52.4,3.0,0.0,0.0,MORTGAGE,KS,1.0,0.0,4.0,0,debt_consolidation,0
7000.0, 36 months,9.17,B,90000.0,18.12,687.0,10.0,45.6,1.0,0.0,0.0,OWN,WV,6.0,0.0,2.0,0,debt_consolidation,0
3500.0, 36 months,16.59,D,48000.0,33.95,757.0,6.0,5.2,0.0,0.0,0.0,RENT,MD,4.0,0.0,0.0,0,vacation,1
25000.0, 60 months,10.78,B,80000.0,8.51,787.0,7.0,8.2,0.0,0.0,0.0,RENT,MD,,0.0,3.0,0,debt_consolidation,0
9500.0, 36 months,11.48,B,50000.0,25.13,677.0,17.0,43.0,3.0,0.0,0.0,RENT,CA,5.0,0.0,0.0,0,credit_card,0
20000.0, 60 months,15.77,D,77730.0,9.33,682.0,5.0,98.9,0.0,0.0,0.0,OWN,NH,3.0,0.0,0.0,0,debt_consolidation,0
4525.0, 36 months,14.85,C,50300.0,15.44,662.0,15.0,46.0,2.0,0.0,0.0,MORTGAGE,FL,3.0,0.0,5.0,0,credit_card,0
20000.0, 36 months,10.78,B,42000.0,23.66,697.0,18.0,36.4,2.0,0.0,0.0,RENT,TX,2.0,0.0,0.0,0,credit_card,0
6000.0, 36 months,13.99,C,30000.0,15.92,722.0,13.0,33.0,0.0,0.0,0.0,OWN,MI,,0.0,0.0,0,other,0
8000.0, 36 months,11.99,C,80000.0,25.55,692.0,19.0,74.3,2.0,0.0,0.0,RENT,WI,2.0,0.0,0.0,0,credit_card,1
2000.0, 36 months,9.17,B,36400.0,29.01,812.0,8.0,10.5,0.0,0.0,0.0,RENT,CA,10.0,0.0,0.0,0,other,0
20000.0, 36 months,7.91,A,125000.0,28.84,697.0,19.0,76.9,0.0,0.0,0.0,MORTGAGE,CT,1.0,0.0,3.0,0,debt_consolidation,0
10000.0, 36 months,7.49,A,44000.0,23.19,762.0,13.0,9.7,0.0,0.0,0.0,RENT,KS,9.0,0.0,0.0,0,major_purchase,0
18000.0, 36 months,11.48,B,134000.0,19.24,697.0,12.0,41.5,1.0,0.0,0.0,RENT,TX,8.0,0.0,0.0,0,debt_consolidation,0
16800.0, 60 months,17.97,D,76000.0,33.66,677.0,10.0,84.8,0.0,0.0,0.0,RENT,PA,7.0,0.0,0.0,0,debt_consolidation,0
11700.0, 36 months,14.85,C,38000.0,33.99,682.0,13.0,62.2,2.0,0.0,0.0,MORTGAGE,GA,3.0,0.0,1.0,0,credit_card,0
7000.0, 36 months,6.49,A,93000.0,34.35,692.0,11.0,69.0,0.0,2.0,0.0,MORTGAGE,TX,10.0,0.0,4.0,0,major_purchase,0
29000.0, 60 months,18.99,E,90000.0,1.83,732.0,5.0,37.2,0.0,0.0,0.0,MORTGAGE,GA,7.0,0.0,1.0,0,other,1
9600.0, 36 months,10.78,B,70000.0,17.07,717.0,14.0,33.8,0.0,0.0,0.0,MORTGAGE,FL,3.0,0.0,2.0,0,debt_consolidation,0
8600.0, 36 months,7.91,A,126202.0,11.84,757.0,21.0,13.1,1.0,0.0,0.0,MORTGAGE,TN,10.0,0.0,6.0,0,home_improvement,0
35000.0, 36 months,9.17,B,164000.0,7.08,697.0,14.0,71.7,0.0,0.0,0.0,MORTGAGE,NJ,10.0,0.0,4.0,0,credit_card,0
16000.0, 36 months,7.91,A,117000.0,12.0,712.0,10.0,41.0,2.0,0.0,0.0,RENT,NY,10.0,0.0,4.0,0,debt_consolidation,1
35000.0, 60 months,16.59,D,95800.0,27.35,697.0,28.0,40.4,0.0,0.0,0.0,RENT,CO,6.0,0.0,2.0,0,credit_card,0
9425.0, 36 months,18.99,E,74796.8,23.15,722.0,8.0,28.9,0.0,0.0,2.0,RENT,OR,10.0,0.0,1.0,0,debt_consolidation,0
10375.0, 60 months,19.89,E,100000.0,8.89,687.0,11.0,77.9,1.0,0.0,0.0,OWN,NC,10.0,0.0,3.0,0,medical,0
25000.0, 60 months,14.85,C,80000.0,16.94,712.0,10.0,0.0,1.0,1.0,1.0,RENT,OH,10.0,0.0,0.0,0,car,0
16000.0, 36 months,7.91,A,58000.0,10.32,687.0,8.0,77.2,0.0,3.0,0.0,RENT,MN,2.0,0.0,1.0,0,credit_card,0
15000.0, 60 months,18.99,E,100000.0,12.01,687.0,10.0,54.0,1.0,0.0,0.0,OWN,VA,3.0,0.0,1.0,0,credit_card,1
20850.0, 60 months,15.77,D,129500.0,34.59,722.0,14.0,71.1,0.0,0.0,0.0,MORTGAGE,NY,4.0,0.0,3.0,0,debt_consolidation,1
8000.0, 36 months,11.99,C,68000.0,8.65,662.0,7.0,71.1,0.0,0.0,0.0,RENT,PA,1.0,0.0,0.0,0,credit_card,0
35000.0, 36 months,13.44,C,280000.0,16.72,697.0,14.0,93.1,1.0,0.0,0.0,MORTGAGE,NC,1.0,0.0,4.0,0,debt_consolidation,0
4200.0, 36 months,9.17,B,68000.0,18.83,717.0,7.0,88.1,0.0,0.0,0.0,RENT,TX,10.0,0.0,9.0,0,debt_consolidation,0
20000.0, 36 months,11.48,B,135000.0,21.75,687.0,16.0,74.0,3.0,3.0,0.0,MORTGAGE,FL,10.0,0.0,4.0,0,small_business,1
5000.0, 36 months,7.91,A,79000.0,39.83,752.0,13.0,21.9,1.0,0.0,0.0,MORTGAGE,TX,10.0,0.0,2.0,0,debt_consolidation,0
20000.0, 60 months,22.45,F,65000.0,10.45,662.0,13.0,53.1,0.0,1.0,0.0,MORTGAGE,MN,5.0,0.0,5.0,0,debt_consolidation,1
34550.0, 60 months,17.27,D,72000.0,22.93,692.0,10.0,81.5,0.0,0.0,0.0,MORTGAGE,GA,10.0,0.0,5.0,0,debt_consolidation,0
15000.0, 36 months,9.8,B,66000.0,28.04,742.0,12.0,20.4,2.0,0.0,0.0,RENT,MN,5.0,0.0,0.0,0,debt_consolidation,0
14000.0, 36 months,11.48,B,99000.0,6.84,667.0,4.0,92.9,0.0,0.0,0.0,MORTGAGE,NV,6.0,0.0,1.0,0,debt_consolidation,0
7200.0, 36 months,9.17,B,65000.0,14.03,682.0,8.0,51.4,0.0,0.0,2.0,RENT,MD,9.0,0.0,0.0,0,debt_consolidation,1
28000.0, 36 months,6.99,A,100000.0,21.49,702.0,15.0,30.2,0.0,1.0,0.0,MORTGAGE,NY,10.0,0.0,2.0,0,credit_card,0
20000.0, 60 months,13.99,C,78000.0,17.6,707.0,9.0,78.9,0.0,0.0,0.0,MORTGAGE,OH,10.0,0.0,1.0,0,debt_consolidation,0
22350.0, 36 months,13.44,C,127000.0,23.64,677.0,23.0,51.0,1.0,1.0,2.0,MORTGAGE,MD,10.0,0.0,2.0,0,debt_consolidation,0
7600.0, 36 months,18.99,E,59500.0,18.76,677.0,13.0,49.9,1.0,0.0,0.0,RENT,NY,3.0,0.0,0.0,0,moving,1
30000.0, 36 months,10.78,B,80000.0,12.88,712.0,13.0,61.8,0.0,0.0,0.0,RENT,VA,1.0,0.0,0.0,0,credit_card,0
2125.0, 36 months,11.99,C,28800.0,3.17,662.0,5.0,71.0,1.0,0.0,0.0,MORTGAGE,CA,1.0,0.0,1.0,0,credit_card,0
11000.0, 60 months,13.99,C,54000.0,14.93,682.0,6.0,47.1,0.0,0.0,0.0,MORTGAGE,AZ,3.0,0.0,3.0,0,debt_consolidation,0
25500.0, 60 months,18.99,E,51000.0,7.65,722.0,7.0,90.7,0.0,0.0,0.0,MORTGAGE,NC,10.0,0.0,4.0,0,debt_consolidation,0
5000.0, 36 months,15.77,D,26000.0,27.47,662.0,8.0,88.0,0.0,0.0,0.0,RENT,GA,10.0,0.0,0.0,0,other,0
2400.0, 36 months,13.99,C,114000.0,17.02,682.0,10.0,25.2,0.0,1.0,0.0,MORTGAGE,MD,10.0,0.0,3.0,0,debt_consolidation,0
15000.0, 36 months,5.32,A,103000.0,15.54,797.0,6.0,21.3,0.0,0.0,0.0,RENT,CA,3.0,0.0,0.0,0,other,0
7200.0, 36 months,14.85,C,25958.0,18.4,662.0,9.0,64.6,1.0,0.0,0.0,RENT,WV,2.0,0.0,0.0,0,debt_consolidation,0
12000.0, 60 months,12.88,C,92000.0,9.94,692.0,14.0,42.8,2.0,0.0,0.0,MORTGAGE,AZ,6.0,0.0,5.0,0,credit_card,0
35000.0, 60 months,11.99,C,125000.0,24.01,717.0,12.0,96.6,0.0,0.0,0.0,OWN,NY,10.0,0.0,3.0,0,credit_card,0
28000.0, 36 months,5.32,A,140000.0,6.52,767.0,14.0,21.3,0.0,0.0,0.0,OWN,TX,3.0,0.0,1.0,0,debt_consolidation,0
14000.0, 36 months,7.49,A,94000.0,26.17,712.0,17.0,59.0,0.0,0.0,0.0,MORTGAGE,TX,10.0,0.0,4.0,0,credit_card,0
5000.0, 36 months,11.99,C,33600.0,25.54,682.0,16.0,16.1,3.0,0.0,1.0,MORTGAGE,KS,10.0,0.0,0.0,0,debt_consolidation,0
11300.0, 60 months,24.24,F,34320.0,35.31,687.0,13.0,38.0,0.0,0.0,1.0,MORTGAGE,TN,1.0,0.0,5.0,0,debt_consolidation,0
28000.0, 60 months,12.88,C,96000.0,31.0,697.0,15.0,66.0,1.0,0.0,0.0,MORTGAGE,FL,5.0,0.0,2.0,0,debt_consolidation,0
13250.0, 60 months,18.49,D,59000.0,31.63,672.0,16.0,69.6,0.0,0.0,0.0,MORTGAGE,AL,9.0,0.0,3.0,0,debt_consolidation,1
16000.0, 60 months,19.48,E,85000.0,14.32,692.0,6.0,52.0,0.0,0.0,0.0,RENT,CA,1.0,0.0,0.0,0,small_business,0
14825.0, 60 months,21.48,E,50000.0,15.89,667.0,9.0,38.0,2.0,0.0,1.0,MORTGAGE,MI,3.0,0.0,2.0,0,debt_consolidation,1
11400.0, 36 months,5.32,A,47000.0,12.21,742.0,10.0,43.8,0.0,0.0,0.0,RENT,IL,10.0,0.0,0.0,0,credit_card,0
20000.0, 36 months,9.8,B,295000.0,14.88,697.0,25.0,34.3,1.0,0.0,0.0,RENT,NY,1.0,0.0,0.0,0,debt_consolidation,0
3000.0, 36 months,6.49,A,24000.0,12.45,722.0,7.0,45.5,0.0,0.0,0.0,RENT,LA,1.0,0.0,0.0,0,credit_card,0
18000.0, 36 months,11.99,C,45000.0,35.09,667.0,13.0,59.2,0.0,0.0,0.0,RENT,AZ,10.0,0.0,0.0,0,debt_consolidation,0
30000.0, 36 months,15.77,D,180000.0,13.79,687.0,9.0,77.5,0.0,2.0,0.0,OWN,FL,2.0,0.0,1.0,0,other,0
8500.0, 36 months,14.85,C,80000.0,27.99,702.0,17.0,53.4,3.0,0.0,0.0,MORTGAGE,KY,10.0,0.0,4.0,0,debt_consolidation,0
10500.0, 36 months,8.49,B,52000.0,18.62,672.0,8.0,59.7,0.0,0.0,0.0,MORTGAGE,VA,,0.0,2.0,0,credit_card,0
10000.0, 36 months,8.49,B,106000.0,19.59,702.0,16.0,60.0,3.0,0.0,0.0,MORTGAGE,NY,10.0,0.0,2.0,0,home_improvement,0
3000.0, 36 months,11.48,B,62000.0,25.9,687.0,12.0,91.6,1.0,1.0,0.0,MORTGAGE,UT,1.0,0.0,2.0,0,medical,1
12000.0, 36 months,10.78,B,81900.0,11.59,687.0,16.0,41.2,0.0,1.0,0.0,RENT,TX,1.0,0.0,0.0,0,credit_card,0
19000.0, 60 months,17.97,D,80000.0,18.94,717.0,19.0,44.4,2.0,0.0,0.0,MORTGAGE,MO,1.0,0.0,2.0,0,debt_consolidation,0
7500.0, 36 months,13.44,C,105000.0,20.47,687.0,14.0,46.7,2.0,1.0,0.0,MORTGAGE,MD,10.0,0.0,3.0,0,debt_consolidation,0
24000.0, 36 months,6.49,A,157000.0,21.67,707.0,15.0,17.0,0.0,0.0,0.0,RENT,TX,2.0,0.0,3.0,0,credit_card,0
35000.0, 36 months,14.85,C,125000.0,15.9,662.0,27.0,63.0,3.0,0.0,0.0,MORTGAGE,MA,4.0,0.0,1.0,0,debt_consolidation,0
10000.0, 36 months,11.48,B,53000.0,24.8,692.0,8.0,66.9,3.0,0.0,0.0,RENT,CA,2.0,0.0,0.0,0,credit_card,1
3500.0, 36 months,9.17,B,70000.0,9.53,667.0,10.0,9.0,2.0,4.0,0.0,MORTGAGE,CO,3.0,0.0,5.0,0,credit_card,0
24000.0, 60 months,19.89,E,130000.0,16.22,662.0,9.0,19.7,1.0,3.0,3.0,MORTGAGE,MA,5.0,1.0,1.0,0,debt_consolidation,1
11000.0, 36 months,9.17,B,37000.0,10.9,702.0,4.0,55.8,2.0,0.0,0.0,MORTGAGE,IN,1.0,0.0,2.0,0,debt_consolidation,0
5600.0, 36 months,10.78,B,75000.0,12.26,677.0,13.0,52.6,0.0,0.0,1.0,MORTGAGE,TX,,0.0,1.0,0,other,0
27000.0, 60 months,19.89,E,54000.0,10.71,702.0,4.0,77.1,0.0,0.0,0.0,MORTGAGE,MD,5.0,0.0,1.0,0,debt_consolidation,1
15000.0, 36 months,6.49,A,82500.0,18.15,792.0,20.0,5.0,1.0,0.0,0.0,MORTGAGE,WI,1.0,0.0,2.0,0,home_improvement,0
20000.0, 36 months,5.32,A,125000.0,7.42,792.0,10.0,9.6,0.0,0.0,0.0,MORTGAGE,FL,1.0,0.0,3.0,0,other,0
30000.0, 36 months,9.17,B,129500.0,20.9,737.0,12.0,56.2,1.0,0.0,0.0,MORTGAGE,TX,1.0,0.0,5.0,0,debt_consolidation,0
20000.0, 60 months,12.88,C,47835.0,27.32,712.0,5.0,72.3,0.0,0.0,0.0,RENT,NC,4.0,0.0,0.0,0,debt_consolidation,0
11425.0, 36 months,9.8,B,69000.0,25.84,717.0,14.0,32.6,0.0,0.0,0.0,MORTGAGE,PA,9.0,0.0,4.0,0,credit_card,0
14400.0, 36 months,7.49,A,88186.0,2.24,792.0,32.0,1.7,0.0,0.0,0.0,MORTGAGE,CA,10.0,0.0,3.0,0,debt_consolidation,0
2000.0, 36 months,9.8,B,32000.0,16.73,662.0,7.0,54.0,1.0,1.0,0.0,RENT,NJ,7.0,0.0,0.0,0,other,1
11200.0, 60 months,12.88,C,42000.0,18.23,682.0,11.0,71.0,0.0,0.0,0.0,MORTGAGE,MO,10.0,0.0,5.0,0,debt_consolidation,0
12000.0, 60 months,18.99,E,100000.0,21.75,677.0,23.0,78.2,0.0,0.0,0.0,MORTGAGE,NJ,10.0,0.0,5.0,0,debt_consolidation,0
12675.0, 60 months,25.09,F,48000.0,20.83,677.0,6.0,69.2,2.0,0.0,0.0,RENT,PA,1.0,0.0,0.0,0,debt_consolidation,0
20000.0, 36 months,7.49,A,60000.0,9.04,692.0,8.0,57.5,1.0,0.0,0.0,MORTGAGE,WA,,0.0,4.0,0,debt_consolidation,0
15600.0, 36 months,8.49,B,38600.0,20.74,712.0,10.0,44.1,0.0,0.0,0.0,OWN,NY,1.0,0.0,1.0,0,credit_card,0
34000.0, 36 months,9.17,B,85000.0,19.67,687.0,12.0,35.1,0.0,2.0,0.0,RENT,PA,1.0,0.0,3.0,0,debt_consolidation,0
9600.0, 36 months,25.09,F,51000.0,20.6,687.0,20.0,35.8,4.0,0.0,1.0,RENT,OH,4.0,0.0,0.0,0,debt_consolidation,1
12000.0, 36 months,14.85,C,45000.0,14.85,682.0,25.0,51.8,0.0,0.0,0.0,RENT,OK,10.0,0.0,0.0,0,debt_consolidation,0
29000.0, 36 months,12.88,C,86075.0,27.75,707.0,7.0,97.0,0.0,0.0,0.0,MORTGAGE,GA,10.0,0.0,2.0,0,debt_consolidation,0
17475.0, 60 months,11.48,B,38000.0,26.03,712.0,19.0,23.0,1.0,0.0,0.0,MORTGAGE,TX,7.0,0.0,1.0,0,debt_consolidation,0
10000.0, 60 months,12.88,C,50000.0,13.01,717.0,6.0,37.9,0.0,0.0,0.0,MORTGAGE,IN,5.0,0.0,1.0,0,debt_consolidation,0
25000.0, 60 months,9.17,B,90000.0,9.05,752.0,13.0,25.1,1.0,0.0,0.0,MORTGAGE,SC,9.0,0.0,4.0,0,debt_consolidation,0
11500.0, 36 months,5.32,A,151000.0,18.99,772.0,13.0,20.7,1.0,0.0,0.0,MORTGAGE,NJ,10.0,0.0,5.0,0,credit_card,0
5000.0, 36 months,9.8,B,37200.0,27.94,687.0,12.0,44.7,0.0,1.0,0.0,RENT,WA,1.0,0.0,0.0,0,debt_consolidation,0
9100.0, 36 months,7.49,A,68000.0,19.31,727.0,10.0,40.2,1.0,0.0,0.0,OWN,KY,1.0,0.0,1.0,0,debt_consolidation,0
35000.0, 36 months,7.49,A,296000.0,16.24,727.0,24.0,60.2,0.0,0.0,0.0,OWN,MA,2.0,0.0,4.0,0,credit_card,0
24000.0, 36 months,6.49,A,51000.0,21.67,747.0,17.0,20.8,1.0,0.0,0.0,OWN,NY,10.0,0.0,4.0,0,credit_card,0
5500.0, 36 months,8.49,B,41000.0,32.29,712.0,18.0,31.3,1.0,0.0,0.0,MORTGAGE,TX,8.0,0.0,1.0,0,debt_consolidation,0
18000.0, 36 months,5.32,A,100000.0,13.69,742.0,5.0,30.2,0.0,0.0,0.0,MORTGAGE,TX,4.0,0.0,2.0,0,debt_consolidation,0
6000.0, 36 months,14.85,C,42000.0,10.29,692.0,4.0,51.0,1.0,0.0,0.0,RENT,OH,3.0,0.0,0.0,0,other,0
8000.0, 36 months,7.91,A,50000.0,12.75,712.0,7.0,75.0,0.0,0.0,0.0,MORTGAGE,MO,1.0,0.0,1.0,0,credit_card,0
4650.0, 36 months,13.99,C,45000.0,26.82,662.0,11.0,50.8,1.0,0.0,0.0,RENT,CA,4.0,0.0,0.0,0,debt_consolidation,1
20000.0, 60 months,16.59,D,108000.0,31.78,662.0,13.0,77.0,2.0,0.0,0.0,MORTGAGE,FL,,0.0,8.0,0,credit_card,0
2000.0, 36 months,11.99,C,44000.0,3.32,662.0,4.0,52.0,0.0,0.0,0.0,RENT,MD,2.0,0.0,0.0,0,debt_consolidation,0
15000.0, 36 months,6.49,A,105000.0,0.62,747.0,6.0,4.7,0.0,1.0,0.0,MORTGAGE,HI,10.0,0.0,0.0,0,major_purchase,0
3000.0, 36 months,9.8,B,26000.0,32.87,712.0,3.0,96.4,0.0,0.0,0.0,RENT,FL,2.0,0.0,2.0,0,credit_card,0
1000.0, 36 months,11.48,B,30000.0,34.32,662.0,10.0,91.8,2.0,0.0,0.0,MORTGAGE,FL,7.0,0.0,2.0,0,debt_consolidation,0
24900.0, 60 months,13.44,C,54139.0,22.59,707.0,8.0,76.7,0.0,0.0,0.0,MORTGAGE,WI,10.0,0.0,6.0,0,debt_consolidation,0
15250.0, 36 months,17.27,D,114000.0,10.37,682.0,9.0,94.6,1.0,0.0,0.0,MORTGAGE,OH,10.0,0.0,2.0,0,debt_consolidation,1
6025.0, 36 months,14.85,C,65000.0,27.14,662.0,9.0,65.8,2.0,2.0,0.0,MORTGAGE,LA,10.0,0.0,2.0,0,debt_consolidation,0
15000.0, 36 months,13.44,C,98000.0,37.42,672.0,35.0,66.0,1.0,0.0,1.0,MORTGAGE,GA,9.0,0.0,0.0,0,debt_consolidation,1
20000.0, 36 months,9.17,B,86000.0,30.32,737.0,16.0,8.5,0.0,0.0,0.0,RENT,TX,4.0,0.0,0.0,0,credit_card,0
12000.0, 36 months,10.78,B,85000.0,28.36,667.0,13.0,52.0,2.0,1.0,0.0,MORTGAGE,TX,9.0,0.0,2.0,0,credit_card,0
14000.0, 60 months,10.78,B,68000.0,20.65,722.0,16.0,20.4,1.0,0.0,0.0,MORTGAGE,NC,10.0,0.0,5.0,0,debt_consolidation,0
6000.0, 36 months,9.8,B,59245.0,11.83,722.0,3.0,4.4,1.0,0.0,1.0,MORTGAGE,DE,10.0,0.0,1.0,0,major_purchase,0
33600.0, 60 months,20.5,E,98000.0,22.62,667.0,24.0,51.1,0.0,0.0,1.0,MORTGAGE,GA,4.0,0.0,1.0,0,debt_consolidation,1
20400.0, 60 months,20.5,E,86000.0,11.85,687.0,10.0,74.2,1.0,0.0,0.0,MORTGAGE,MN,3.0,0.0,0.0,0,debt_consolidation,0
2000.0, 36 months,13.99,C,46000.0,33.0,707.0,18.0,22.7,0.0,3.0,0.0,RENT,GA,9.0,0.0,0.0,0,moving,0
8000.0, 36 months,8.49,B,75000.0,15.71,677.0,9.0,60.2,0.0,0.0,0.0,RENT,TX,3.0,0.0,1.0,0,debt_consolidation,0
10000.0, 36 months,11.99,C,54000.0,19.22,667.0,6.0,34.9,0.0,2.0,1.0,RENT,CA,2.0,1.0,0.0,0,debt_consolidation,0
13650.0, 60 months,21.48,E,37000.0,19.51,677.0,17.0,24.3,2.0,0.0,0.0,OWN,TX,9.0,0.0,0.0,0,debt_consolidation,1
2500.0, 36 months,13.44,C,38000.0,19.11,677.0,7.0,76.5,0.0,2.0,0.0,RENT,KY,10.0,0.0,0.0,0,vacation,0
5600.0, 36 months,9.17,B,41500.0,15.64,662.0,7.0,68.2,0.0,1.0,0.0,MORTGAGE,NJ,4.0,0.0,6.0,0,debt_consolidation,0
10000.0, 36 months,8.49,B,150000.0,4.62,667.0,11.0,39.5,0.0,0.0,1.0,MORTGAGE,TN,,0.0,2.0,0,debt_consolidation,0
10250.0, 36 months,16.59,D,57000.0,29.03,682.0,12.0,69.0,0.0,1.0,0.0,MORTGAGE,FL,,0.0,3.0,0,debt_consolidation,0
8000.0, 36 months,7.91,A,42000.0,24.14,692.0,8.0,94.3,0.0,0.0,0.0,RENT,AL,8.0,0.0,0.0,0,credit_card,0
12000.0, 36 months,6.99,A,130000.0,19.33,717.0,13.0,35.4,1.0,0.0,0.0,MORTGAGE,TX,10.0,0.0,8.0,0,debt_consolidation,0
1400.0, 36 months,12.88,C,93000.0,10.11,677.0,20.0,4.2,3.0,1.0,1.0,MORTGAGE,TX,10.0,0.0,1.0,0,debt_consolidation,0
17125.0, 36 months,15.77,D,51000.0,20.54,662.0,6.0,18.3,1.0,0.0,1.0,RENT,NJ,5.0,0.0,2.0,0,debt_consolidation,1
1000.0, 36 months,9.8,B,70000.0,11.75,687.0,7.0,80.2,1.0,0.0,0.0,RENT,FL,1.0,0.0,0.0,0,debt_consolidation,0
10000.0, 60 months,13.99,C,58800.0,33.53,742.0,17.0,36.1,0.0,0.0,0.0,OWN,PA,10.0,0.0,6.0,0,car,0
7000.0, 36 months,9.8,B,32000.0,26.26,722.0,10.0,28.5,1.0,0.0,0.0,RENT,TX,3.0,0.0,0.0,0,medical,0
16000.0, 36 months,11.48,B,185000.0,15.29,672.0,17.0,34.7,0.0,2.0,0.0,RENT,CA,8.0,0.0,1.0,0,debt_consolidation,0
10000.0, 36 months,5.32,A,109000.0,22.12,687.0,20.0,70.0,1.0,0.0,0.0,MORTGAGE,NV,1.0,0.0,4.0,0,debt_consolidation,0
30000.0, 36 months,9.8,B,94000.0,29.41,732.0,22.0,44.4,2.0,0.0,0.0,MORTGAGE,FL,10.0,0.0,5.0,0,debt_consolidation,0
18000.0, 36 months,9.17,B,80000.0,6.47,667.0,7.0,82.3,0.0,0.0,0.0,MORTGAGE,TX,10.0,0.0,3.0,0,credit_card,0
5000.0, 36 months,14.85,C,64000.0,25.37,677.0,19.0,51.8,1.0,0.0,2.0,RENT,TX,5.0,0.0,1.0,0,debt_consolidation,0
2400.0, 36 months,14.85,C,51000.0,22.8,702.0,21.0,34.4,1.0,0.0,0.0,RENT,TX,4.0,0.0,0.0,0,debt_consolidation,1
9000.0, 36 months,17.97,D,50000.0,30.68,682.0,8.0,44.4,1.0,0.0,0.0,MORTGAGE,TX,9.0,0.0,2.0,0,debt_consolidation,0
21000.0, 60 months,9.17,B,82000.0,15.1,712.0,12.0,34.0,0.0,0.0,0.0,RENT,CA,1.0,0.0,0.0,0,debt_consolidation,0
8000.0, 36 months,12.88,C,46000.0,8.87,677.0,12.0,18.5,0.0,1.0,0.0,RENT,FL,3.0,0.0,3.0,0,debt_consolidation,0
9550.0, 36 months,17.97,D,64627.0,36.04,662.0,16.0,89.5,1.0,0.0,0.0,MORTGAGE,ME,,0.0,3.0,0,debt_consolidation,1
14400.0, 36 months,9.17,B,60000.0,30.24,707.0,11.0,78.3,0.0,0.0,0.0,MORTGAGE,ME,10.0,0.0,4.0,0,debt_consolidation,1
15000.0, 36 months,11.48,B,45000.0,33.81,677.0,14.0,51.6,0.0,0.0,1.0,OWN,FL,7.0,0.0,1.0,0,debt_consolidation,0
7000.0, 36 months,5.32,A,75000.0,5.66,712.0,12.0,27.7,0.0,0.0,0.0,MORTGAGE,FL,8.0,0.0,5.0,0,debt_consolidation,0
28500.0, 60 months,18.49,D,75000.0,33.94,662.0,21.0,89.7,1.0,0.0,0.0,RENT,KY,2.0,0.0,0.0,0,debt_consolidation,0
35000.0, 36 months,13.99,C,139000.0,17.73,677.0,17.0,92.8,1.0,0.0,0.0,RENT,MI,3.0,0.0,0.0,0,credit_card,1
30000.0, 60 months,22.45,F,170000.0,22.57,697.0,16.0,42.5,0.0,2.0,0.0,MORTGAGE,PA,2.0,0.0,5.0,0,debt_consolidation,1
35000.0, 60 months,18.99,E,90000.0,22.97,707.0,9.0,59.1,0.0,0.0,0.0,RENT,MA,1.0,0.0,0.0,0,credit_card,1
20250.0, 36 months,13.99,C,45000.0,32.48,692.0,17.0,21.0,2.0,1.0,0.0,OWN,GA,5.0,0.0,2.0,0,debt_consolidation,0
21000.0, 36 months,5.32,A,72000.0,10.05,757.0,11.0,23.1,0.0,0.0,0.0,MORTGAGE,MN,,0.0,4.0,0,credit_card,0
18000.0, 60 months,7.91,A,72000.0,24.02,742.0,12.0,41.8,0.0,0.0,0.0,MORTGAGE,FL,10.0,0.0,3.0,0,major_purchase,0
7000.0, 36 months,14.85,C,120000.0,15.56,667.0,13.0,93.0,3.0,1.0,1.0,RENT,VA,10.0,0.0,6.0,0,debt_consolidation,0
10000.0, 36 months,9.17,B,24080.0,29.16,712.0,13.0,21.7,0.0,0.0,1.0,OWN,FL,,0.0,0.0,0,credit_card,0
35000.0, 36 months,7.91,A,239000.0,24.78,692.0,24.0,96.0,1.0,0.0,0.0,MORTGAGE,FL,10.0,0.0,5.0,0,debt_consolidation,0
10000.0, 36 months,6.49,A,77000.0,11.95,717.0,11.0,18.6,2.0,0.0,0.0,RENT,OK,3.0,0.0,3.0,0,debt_consolidation,0
10000.0, 36 months,8.49,B,70000.0,12.29,687.0,4.0,40.5,0.0,0.0,1.0,MORTGAGE,NY,10.0,0.0,1.0,0,debt_consolidation,0
12000.0, 36 months,5.32,A,84000.0,3.97,762.0,5.0,32.6,0.0,0.0,0.0,OWN,SC,10.0,0.0,0.0,0,credit_card,0
5600.0, 36 months,9.8,B,38110.0,7.59,677.0,11.0,22.0,0.0,1.0,1.0,MORTGAGE,OH,5.0,0.0,1.0,0,credit_card,0
6000.0, 36 months,13.44,C,29424.0,10.24,662.0,13.0,44.8,0.0,0.0,1.0,MORTGAGE,NC,8.0,0.0,4.0,0,debt_consolidation,0
6000.0, 36 months,7.49,A,99000.0,20.18,697.0,11.0,95.6,0.0,0.0,0.0,RENT,VA,4.0,0.0,0.0,0,major_purchase,0
1800.0, 36 months,14.85,C,38000.0,37.52,677.0,18.0,69.8,1.0,1.0,0.0,MORTGAGE,TX,8.0,0.0,1.0,0,debt_consolidation,0
10500.0, 60 months,18.49,D,28000.0,29.83,662.0,29.0,39.9,1.0,0.0,1.0,RENT,FL,4.0,0.0,0.0,0,credit_card,1
5450.0, 36 months,6.0,C,85000.0,20.92,677.0,12.0,55.0,2.0,4.0,0.0,RENT,AZ,1.0,0.0,0.0,0,debt_consolidation,0
14000.0, 60 months,7.91,A,114000.0,14.92,702.0,15.0,64.8,0.0,0.0,0.0,MORTGAGE,AL,3.0,0.0,6.0,0,debt_consolidation,0
15000.0, 36 months,11.48,B,50000.0,14.07,672.0,14.0,40.8,1.0,0.0,0.0,RENT,MA,3.0,0.0,0.0,0,debt_consolidation,1
8000.0, 36 months,9.8,B,55000.0,10.16,707.0,8.0,58.3,0.0,0.0,1.0,RENT,CO,6.0,0.0,0.0,0,home_improvement,1
25000.0, 36 months,13.99,C,70000.0,27.39,687.0,6.0,71.3,0.0,0.0,0.0,MORTGAGE,NJ,,0.0,1.0,0,debt_consolidation,0
30000.0, 60 months,12.88,C,127000.0,19.29,672.0,23.0,70.2,0.0,0.0,0.0,MORTGAGE,SC,1.0,0.0,5.0,0,debt_consolidation,0
25000.0, 36 months,7.91,A,124000.0,23.61,682.0,16.0,72.9,1.0,0.0,0.0,MORTGAGE,TN,10.0,0.0,4.0,0,credit_card,1
10000.0, 36 months,5.32,A,98000.0,6.71,797.0,6.0,6.4,0.0,0.0,0.0,MORTGAGE,NJ,4.0,0.0,1.0,0,home_improvement,0
28000.0, 36 months,5.32,A,350000.0,16.82,727.0,12.0,83.0,0.0,0.0,0.0,MORTGAGE,IL,10.0,0.0,4.0,0,credit_card,0
5600.0, 36 months,11.48,B,95000.0,13.3,662.0,10.0,18.4,0.0,1.0,1.0,RENT,CA,1.0,0.0,1.0,0,debt_consolidation,0
18000.0, 60 months,7.91,A,200000.0,25.75,707.0,22.0,53.9,0.0,1.0,0.0,MORTGAGE,TX,10.0,0.0,5.0,0,debt_consolidation,1
17000.0, 60 months,15.77,D,39500.0,32.42,732.0,22.0,23.2,4.0,0.0,0.0,MORTGAGE,NV,2.0,0.0,3.0,0,debt_consolidation,1
15000.0, 36 months,6.49,A,100000.0,23.72,682.0,28.0,43.0,1.0,1.0,0.0,MORTGAGE,OH,10.0,0.0,10.0,0,debt_consolidation,0
14000.0, 60 months,19.89,E,52000.0,10.44,662.0,11.0,40.0,2.0,0.0,2.0,RENT,CO,10.0,0.0,0.0,0,credit_card,1
10500.0, 36 months,10.78,B,115000.0,11.45,662.0,16.0,60.1,0.0,0.0,0.0,RENT,CA,1.0,0.0,0.0,0,credit_card,0
20800.0, 36 months,6.99,A,100000.0,23.7,697.0,16.0,30.0,0.0,1.0,0.0,MORTGAGE,MO,7.0,0.0,1.0,0,debt_consolidation,0
10000.0, 36 months,5.32,A,82000.0,4.81,762.0,10.0,14.0,0.0,0.0,0.0,RENT,CA,4.0,0.0,0.0,0,major_purchase,0
10000.0, 36 months,9.17,B,42000.0,13.0,707.0,9.0,50.5,0.0,0.0,0.0,RENT,FL,1.0,0.0,0.0,0,credit_card,0
6000.0, 36 months,6.49,A,65000.0,26.4,772.0,9.0,30.5,0.0,0.0,0.0,OWN,TN,6.0,0.0,3.0,0,major_purchase,0
3600.0, 36 months,13.99,C,50000.0,11.67,672.0,3.0,99.8,0.0,0.0,0.0,RENT,TX,10.0,0.0,2.0,0,debt_consolidation,1
15000.0, 36 months,9.8,B,62300.0,23.6,672.0,11.0,72.4,1.0,1.0,0.0,MORTGAGE,IL,10.0,0.0,4.0,0,debt_consolidation,0
24000.0, 60 months,14.85,C,120000.0,19.12,702.0,11.0,54.2,0.0,0.0,0.0,RENT,CA,8.0,0.0,0.0,0,debt_consolidation,0
8000.0, 36 months,13.44,C,100000.0,9.7,697.0,13.0,67.6,0.0,0.0,0.0,MORTGAGE,LA,10.0,0.0,5.0,0,debt_consolidation,0
24000.0, 60 months,14.85,C,125000.0,6.39,707.0,6.0,37.1,1.0,0.0,1.0,MORTGAGE,MA,7.0,0.0,6.0,0,debt_consolidation,0
21000.0, 36 months,18.49,D,90000.0,22.6,682.0,11.0,55.0,2.0,0.0,0.0,MORTGAGE,LA,7.0,0.0,1.0,0,debt_consolidation,1
20000.0, 60 months,12.88,C,75000.0,6.99,692.0,2.0,92.0,0.0,0.0,0.0,RENT,MA,10.0,0.0,0.0,0,credit_card,0
15500.0, 36 months,14.85,C,50000.0,25.54,667.0,9.0,81.2,0.0,2.0,0.0,MORTGAGE,GA,4.0,0.0,3.0,0,debt_consolidation,0
25000.0, 60 months,7.91,A,205000.0,12.89,742.0,13.0,53.8,1.0,0.0,0.0,MORTGAGE,MO,6.0,0.0,3.0,0,credit_card,0
4200.0, 36 months,11.99,C,40000.0,5.91,707.0,5.0,48.8,0.0,0.0,0.0,RENT,CT,3.0,0.0,0.0,0,debt_consolidation,0
15000.0, 60 months,19.89,E,180000.0,15.64,662.0,19.0,97.1,0.0,0.0,0.0,MORTGAGE,NY,4.0,0.0,1.0,0,debt_consolidation,0
10525.0, 60 months,19.48,E,50000.0,35.4,672.0,11.0,30.3,0.0,0.0,0.0,MORTGAGE,TX,2.0,0.0,3.0,0,debt_consolidation,0
25000.0, 36 months,7.49,A,61900.0,29.93,752.0,10.0,66.6,0.0,0.0,0.0,MORTGAGE,NY,10.0,0.0,1.0,0,debt_consolidation,0
1975.0, 36 months,13.99,C,19084.0,26.35,742.0,11.0,33.3,1.0,0.0,0.0,RENT,FL,3.0,0.0,0.0,0,other,0
8875.0, 36 months,15.77,D,50000.0,15.24,672.0,4.0,35.0,2.0,0.0,0.0,RENT,MA,2.0,0.0,0.0,0,debt_consolidation,0
25625.0, 60 months,25.09,F,91600.0,25.39,662.0,13.0,83.7,0.0,0.0,0.0,MORTGAGE,CO,2.0,0.0,7.0,0,debt_consolidation,0
15000.0, 36 months,9.17,B,95000.0,3.21,662.0,6.0,96.2,0.0,0.0,1.0,RENT,NY,4.0,0.0,0.0,0,credit_card,1
12000.0, 60 months,9.8,B,65000.0,12.67,722.0,7.0,56.4,0.0,0.0,0.0,MORTGAGE,CO,1.0,0.0,4.0,0,debt_consolidation,0
16100.0, 60 months,17.97,D,36000.0,31.1,702.0,18.0,41.0,0.0,0.0,0.0,MORTGAGE,FL,4.0,0.0,1.0,0,debt_consolidation,0
19300.0, 36 months,10.78,B,50000.0,13.27,682.0,20.0,49.3,1.0,0.0,0.0,OWN,TX,1.0,0.0,1.0,0,debt_consolidation,1
2800.0, 36 months,10.78,B,150000.0,8.66,682.0,10.0,65.9,0.0,1.0,0.0,RENT,NY,10.0,0.0,0.0,0,debt_consolidation,0
18000.0, 60 months,12.88,C,100000.0,16.19,697.0,9.0,75.3,1.0,0.0,0.0,MORTGAGE,OK,10.0,0.0,4.0,0,debt_consolidation,0
9000.0, 36 months,9.17,B,38000.0,32.6,717.0,6.0,51.3,0.0,0.0,0.0,RENT,NY,7.0,0.0,0.0,0,debt_consolidation,0
35000.0, 60 months,12.88,C,135000.0,18.77,742.0,11.0,50.0,0.0,1.0,0.0,MORTGAGE,TX,10.0,0.0,6.0,0,debt_consolidation,0
21600.0, 36 months,7.49,A,150000.0,19.34,697.0,14.0,81.5,0.0,1.0,0.0,OWN,SC,3.0,0.0,4.0,0,credit_card,0
20525.0, 36 months,18.99,E,90000.0,27.99,667.0,38.0,76.6,0.0,0.0,0.0,MORTGAGE,LA,5.0,0.0,4.0,0,debt_consolidation,1
5000.0, 36 months,12.88,C,85000.0,16.17,702.0,11.0,14.6,2.0,0.0,1.0,RENT,TN,8.0,0.0,0.0,0,car,0
5600.0, 36 months,6.49,A,81000.0,20.43,772.0,17.0,22.1,1.0,0.0,0.0,RENT,CA,8.0,0.0,0.0,0,credit_card,0
35000.0, 60 months,9.8,B,105000.0,2.78,767.0,11.0,18.1,1.0,0.0,0.0,MORTGAGE,LA,10.0,0.0,2.0,0,debt_consolidation,1
15000.0, 36 months,15.77,D,73000.0,20.88,682.0,15.0,77.8,0.0,0.0,2.0,MORTGAGE,IN,8.0,0.0,3.0,0,debt_consolidation,0
10000.0, 60 months,13.99,C,49000.0,13.49,707.0,9.0,78.3,1.0,0.0,0.0,MORTGAGE,OH,2.0,0.0,1.0,0,debt_consolidation,0
8000.0, 36 months,7.91,A,65000.0,14.9,717.0,5.0,32.8,1.0,0.0,0.0,OWN,TX,5.0,0.0,0.0,0,debt_consolidation,0
3500.0, 36 months,10.78,B,130000.0,19.69,682.0,10.0,74.6,0.0,0.0,3.0,MORTGAGE,TX,10.0,0.0,2.0,0,other,0
9800.0, 36 months,9.8,B,108000.0,12.81,672.0,10.0,33.3,2.0,0.0,1.0,MORTGAGE,IL,10.0,0.0,2.0,0,debt_consolidation,0
10000.0, 36 months,6.49,A,76000.0,28.69,737.0,14.0,35.6,0.0,0.0,0.0,OWN,FL,9.0,0.0,1.0,0,credit_card,0
32300.0, 60 months,22.45,F,72000.0,13.55,662.0,14.0,72.1,2.0,0.0,0.0,RENT,CT,7.0,0.0,4.0,0,debt_consolidation,0
6000.0, 36 months,17.27,D,27500.0,28.2,667.0,9.0,14.0,2.0,0.0,2.0,MORTGAGE,OH,1.0,0.0,2.0,0,debt_consolidation,1
10000.0, 36 months,9.17,B,80000.0,1.83,667.0,10.0,7.3,0.0,1.0,0.0,MORTGAGE,CA,10.0,0.0,4.0,0,debt_consolidation,1
16075.0, 60 months,21.48,E,36111.0,38.25,677.0,15.0,82.4,0.0,1.0,0.0,MORTGAGE,FL,2.0,0.0,3.0,0,debt_consolidation,0
8000.0, 36 months,6.99,A,32000.0,14.18,682.0,5.0,76.7,0.0,0.0,0.0,RENT,GA,6.0,0.0,0.0,0,credit_card,0
20000.0, 60 months,22.45,F,75000.0,37.95,682.0,10.0,97.0,0.0,1.0,0.0,MORTGAGE,WV,2.0,1.0,2.0,0,debt_consolidation,0
26400.0, 36 months,11.99,C,60000.0,8.55,682.0,5.0,6.2,0.0,0.0,0.0,RENT,MA,3.0,0.0,0.0,0,major_purchase,0
15000.0, 36 months,11.99,C,45000.0,26.88,662.0,17.0,45.0,2.0,1.0,1.0,RENT,CT,4.0,0.0,0.0,0,debt_consolidation,1
25000.0, 36 months,14.85,C,91500.0,4.64,672.0,12.0,55.7,1.0,0.0,0.0,OWN,NH,1.0,0.0,2.0,0,debt_consolidation,1
12000.0, 60 months,17.97,D,78000.0,13.81,662.0,12.0,82.5,2.0,0.0,0.0,RENT,NY,10.0,0.0,1.0,0,credit_card,0
20000.0, 36 months,7.49,A,107600.0,15.2,732.0,12.0,58.5,0.0,0.0,0.0,MORTGAGE,VA,10.0,0.0,3.0,0,credit_card,0
15000.0, 36 months,11.99,C,68000.0,30.85,682.0,14.0,88.9,0.0,0.0,0.0,RENT,ND,10.0,0.0,0.0,0,debt_consolidation,1
21900.0, 36 months,14.85,C,100000.0,20.22,672.0,12.0,72.0,1.0,0.0,1.0,MORTGAGE,FL,8.0,0.0,1.0,0,debt_consolidation,0
12500.0, 60 months,7.91,A,76000.0,26.65,722.0,10.0,62.2,1.0,1.0,0.0,OWN,WI,10.0,0.0,3.0,0,credit_card,0
7000.0, 36 months,12.88,C,65805.0,7.61,687.0,4.0,63.1,1.0,1.0,0.0,RENT,NY,1.0,0.0,0.0,0,credit_card,0
18000.0, 60 months,13.99,C,85000.0,6.72,662.0,5.0,16.8,1.0,0.0,1.0,MORTGAGE,PA,4.0,0.0,6.0,0,debt_consolidation,0
24000.0, 60 months,11.99,C,70000.0,13.46,762.0,16.0,18.5,0.0,0.0,0.0,RENT,CT,1.0,0.0,0.0,0,debt_consolidation,0
4000.0, 36 months,10.78,B,69000.0,19.06,707.0,13.0,28.9,0.0,2.0,0.0,MORTGAGE,CT,2.0,0.0,0.0,0,debt_consolidation,0
9400.0, 36 months,23.13,F,35760.0,20.7,692.0,7.0,33.3,1.0,0.0,0.0,MORTGAGE,TX,7.0,0.0,2.0,0,debt_consolidation,0
5050.0, 36 months,11.99,C,130000.0,31.36,712.0,17.0,75.9,0.0,0.0,0.0,MORTGAGE,MD,10.0,0.0,3.0,0,other,0
18750.0, 36 months,24.24,F,70000.0,23.06,682.0,12.0,31.5,5.0,1.0,0.0,MORTGAGE,TX,3.0,0.0,1.0,0,debt_consolidation,1
14400.0, 60 months,13.99,C,91000.0,20.86,682.0,21.0,49.4,1.0,0.0,0.0,RENT,AL,1.0,0.0,4.0,0,debt_consolidation,0
9000.0, 36 months,7.49,A,80000.0,21.6,727.0,12.0,45.0,0.0,0.0,0.0,OWN,TX,1.0,0.0,1.0,0,debt_consolidation,0
12000.0, 36 months,8.49,B,45000.0,5.5,672.0,9.0,34.7,1.0,0.0,0.0,OWN,MO,1.0,0.0,0.0,0,credit_card,0
2000.0, 36 months,12.88,C,52000.0,29.26,687.0,10.0,48.5,0.0,0.0,0.0,RENT,CA,10.0,0.0,0.0,0,credit_card,1
13000.0, 60 months,11.99,C,91000.0,18.57,782.0,14.0,17.2,0.0,0.0,0.0,RENT,NY,5.0,0.0,0.0,0,car,0
18000.0, 36 months,7.49,A,120000.0,34.07,712.0,14.0,29.4,0.0,0.0,0.0,MORTGAGE,AZ,9.0,0.0,9.0,0,debt_consolidation,0
24000.0, 60 months,9.8,B,60000.0,27.56,727.0,9.0,62.5,1.0,0.0,0.0,MORTGAGE,CT,1.0,0.0,2.0,0,debt_consolidation,0
18000.0, 36 months,6.49,A,55000.0,19.46,722.0,13.0,69.6,0.0,0.0,0.0,RENT,MA,5.0,0.0,0.0,0,debt_consolidation,0
5600.0, 36 months,11.99,C,30000.0,29.42,672.0,15.0,71.2,0.0,0.0,0.0,RENT,HI,5.0,0.0,0.0,0,debt_consolidation,0
16000.0, 60 months,15.77,D,90000.0,16.16,687.0,11.0,60.3,0.0,0.0,0.0,RENT,FL,10.0,0.0,2.0,0,small_business,1
15000.0, 36 months,8.49,B,43500.0,4.33,767.0,6.0,8.6,0.0,0.0,0.0,MORTGAGE,MD,3.0,0.0,1.0,0,other,0
21000.0, 60 months,12.88,C,90000.0,30.11,782.0,13.0,18.3,1.0,0.0,0.0,MORTGAGE,FL,2.0,0.0,1.0,0,debt_consolidation,0
28000.0, 36 months,12.88,C,450000.0,14.94,697.0,25.0,65.0,3.0,0.0,4.0,MORTGAGE,KS,8.0,0.0,4.0,0,credit_card,0
24000.0, 36 months,13.44,C,89000.0,24.2,667.0,18.0,76.0,2.0,1.0,1.0,MORTGAGE,MA,4.0,1.0,3.0,0,credit_card,0
15000.0, 36 months,11.48,B,70000.0,29.07,717.0,9.0,85.1,0.0,1.0,0.0,OWN,NY,,0.0,5.0,0,debt_consolidation,0
7200.0, 36 months,9.8,B,86000.0,13.24,672.0,13.0,68.9,0.0,0.0,0.0,MORTGAGE,TX,10.0,0.0,4.0,0,debt_consolidation,0
15000.0, 36 months,11.48,B,76995.0,12.91,662.0,5.0,72.1,0.0,0.0,1.0,MORTGAGE,MS,10.0,0.0,11.0,0,debt_consolidation,0
12000.0, 36 months,13.44,C,53500.0,31.83,667.0,22.0,29.3,0.0,0.0,1.0,MORTGAGE,CA,4.0,0.0,0.0,0,home_improvement,1
20000.0, 36 months,7.91,A,85000.0,21.21,722.0,16.0,35.6,1.0,0.0,0.0,MORTGAGE,FL,5.0,0.0,1.0,0,debt_consolidation,0
1500.0, 36 months,16.59,D,32000.0,29.0,692.0,12.0,12.2,3.0,1.0,0.0,MORTGAGE,AZ,10.0,0.0,5.0,0,home_improvement,0
10000.0, 60 months,18.99,E,50000.0,18.34,712.0,8.0,23.2,1.0,0.0,0.0,OWN,WA,,0.0,8.0,0,home_improvement,0
9600.0, 36 months,20.5,E,30000.0,5.4,737.0,6.0,34.9,1.0,0.0,0.0,RENT,FL,1.0,0.0,0.0,0,small_business,0
25000.0, 60 months,7.91,A,90000.0,11.29,787.0,11.0,33.1,0.0,0.0,0.0,OWN,VA,10.0,0.0,3.0,0,credit_card,0
16100.0, 60 months,23.13,F,35000.0,16.19,712.0,8.0,79.7,0.0,0.0,0.0,MORTGAGE,MO,10.0,0.0,2.0,0,debt_consolidation,0
15000.0, 60 months,11.48,B,113000.0,17.47,692.0,21.0,44.8,0.0,3.0,0.0,MORTGAGE,NJ,10.0,0.0,2.0,0,credit_card,0
33300.0, 36 months,13.99,C,125000.0,21.69,692.0,17.0,38.3,0.0,0.0,0.0,RENT,TX,10.0,0.0,0.0,0,debt_consolidation,0
7200.0, 36 months,9.8,B,68000.0,10.57,672.0,19.0,35.7,1.0,2.0,0.0,MORTGAGE,GA,1.0,0.0,4.0,0,home_improvement,0
15000.0, 36 months,12.88,C,66248.0,31.67,682.0,14.0,87.0,0.0,0.0,0.0,MORTGAGE,PA,6.0,0.0,6.0,0,debt_consolidation,0
14000.0, 36 months,9.8,B,50000.0,9.46,667.0,13.0,75.7,1.0,3.0,0.0,MORTGAGE,PA,8.0,0.0,0.0,0,debt_consolidation,0
17000.0, 36 months,7.49,A,81000.0,21.98,707.0,17.0,41.8,0.0,0.0,1.0,MORTGAGE,CA,3.0,0.0,2.0,0,debt_consolidation,0
15000.0, 36 months,6.49,A,35000.0,19.68,692.0,9.0,54.9,0.0,1.0,1.0,MORTGAGE,NY,3.0,0.0,1.0,0,debt_consolidation,0
18000.0, 36 months,12.88,C,81000.0,29.03,682.0,9.0,69.9,0.0,1.0,0.0,OWN,LA,8.0,0.0,0.0,0,home_improvement,0
4400.0, 36 months,7.49,A,49000.0,18.79,707.0,6.0,64.0,0.0,0.0,0.0,MORTGAGE,GA,4.0,0.0,2.0,0,credit_card,0
24000.0, 36 months,10.78,B,160000.0,12.66,672.0,20.0,65.1,0.0,0.0,2.0,MORTGAGE,MI,10.0,0.0,3.0,0,debt_consolidation,0
7000.0, 36 months,11.99,C,21000.0,17.43,672.0,12.0,47.7,1.0,0.0,0.0,RENT,NV,5.0,0.0,0.0,0,debt_consolidation,0
15000.0, 36 months,8.49,B,170000.0,17.14,702.0,22.0,69.0,1.0,0.0,0.0,MORTGAGE,CO,4.0,0.0,1.0,0,debt_consolidation,0
20000.0, 60 months,17.27,D,64000.0,24.26,692.0,6.0,94.5,1.0,0.0,0.0,OWN,NC,2.0,0.0,0.0,0,debt_consolidation,0
15000.0, 36 months,6.99,A,145000.0,17.98,747.0,17.0,21.1,1.0,0.0,0.0,MORTGAGE,CO,4.0,0.0,2.0,0,other,0
35000.0, 60 months,14.85,C,158000.0,25.27,677.0,33.0,74.4,0.0,0.0,0.0,OWN,PA,3.0,0.0,1.0,0,credit_card,0
10000.0, 36 months,8.49,B,55000.0,21.62,667.0,10.0,55.0,1.0,0.0,4.0,RENT,CT,3.0,0.0,0.0,0,debt_consolidation,0
12000.0, 36 months,12.88,C,52000.0,5.75,682.0,7.0,38.0,1.0,0.0,0.0,MORTGAGE,IL,8.0,0.0,0.0,0,debt_consolidation,0
2925.0, 36 months,17.27,D,50000.0,6.6,662.0,6.0,30.0,3.0,0.0,1.0,RENT,CO,2.0,0.0,3.0,0,debt_consolidation,0
3275.0, 36 months,14.85,C,22056.0,25.46,667.0,9.0,56.0,3.0,1.0,1.0,RENT,LA,,0.0,0.0,0,debt_consolidation,1
33600.0, 60 months,22.45,F,103000.0,28.85,692.0,21.0,79.4,2.0,0.0,0.0,MORTGAGE,FL,7.0,0.0,3.0,0,debt_consolidation,0
17000.0, 36 months,10.78,B,48000.0,33.95,717.0,16.0,39.5,0.0,0.0,0.0,OWN,TX,8.0,0.0,0.0,0,debt_consolidation,1
8975.0, 36 months,21.48,E,67000.0,21.53,757.0,6.0,0.0,3.0,0.0,0.0,OWN,TX,3.0,0.0,0.0,0,moving,0
20000.0, 36 months,7.49,A,58000.0,13.49,772.0,10.0,31.5,0.0,0.0,0.0,MORTGAGE,CA,7.0,0.0,2.0,0,debt_consolidation,0
11000.0, 36 months,7.91,A,40000.0,23.88,717.0,11.0,44.5,2.0,0.0,0.0,MORTGAGE,NE,3.0,0.0,2.0,0,debt_consolidation,0
15000.0, 36 months,10.78,B,60000.0,10.74,687.0,11.0,50.6,1.0,0.0,0.0,RENT,NY,2.0,0.0,0.0,0,debt_consolidation,1
20000.0, 36 months,9.17,B,80000.0,17.48,662.0,8.0,88.2,0.0,0.0,0.0,RENT,CA,10.0,0.0,0.0,0,credit_card,0
30000.0, 60 months,18.49,D,79000.0,24.64,682.0,6.0,91.3,0.0,0.0,0.0,RENT,CA,10.0,0.0,0.0,0,credit_card,0
26075.0, 36 months,18.99,E,72470.0,27.59,692.0,14.0,79.0,1.0,0.0,0.0,RENT,CA,10.0,0.0,2.0,0,debt_consolidation,0
3000.0, 36 months,13.99,C,70000.0,24.76,677.0,11.0,76.4,0.0,0.0,0.0,RENT,CA,6.0,0.0,0.0,0,debt_consolidation,1
30000.0, 60 months,14.85,C,103000.0,30.16,667.0,16.0,78.8,0.0,1.0,0.0,RENT,TX,2.0,0.0,2.0,0,debt_consolidation,0
15000.0, 60 months,15.77,D,65000.0,6.43,662.0,8.0,69.9,0.0,2.0,0.0,RENT,OR,1.0,0.0,0.0,0,debt_consolidation,0
5475.0, 36 months,18.49,D,21000.0,29.71,682.0,13.0,34.0,3.0,0.0,0.0,RENT,NY,10.0,0.0,0.0,0,debt_consolidation,0
22075.0, 36 months,22.45,F,69000.0,26.83,662.0,7.0,88.8,0.0,0.0,1.0,RENT,NC,1.0,0.0,0.0,0,debt_consolidation,1
20000.0, 36 months,9.8,B,88894.8,5.54,667.0,2.0,60.2,0.0,0.0,1.0,RENT,PA,,0.0,0.0,0,credit_card,0
22000.0, 36 months,11.48,B,117000.0,15.34,697.0,9.0,88.8,0.0,0.0,0.0,RENT,NY,6.0,0.0,0.0,0,credit_card,0
15000.0, 36 months,8.49,B,70000.0,16.12,677.0,6.0,76.0,0.0,1.0,0.0,RENT,FL,1.0,0.0,0.0,0,credit_card,0
20000.0, 36 months,13.44,C,72000.0,18.09,662.0,40.0,38.9,2.0,0.0,1.0,RENT,NJ,7.0,0.0,0.0,0,credit_card,0
18000.0, 60 months,9.17,B,58000.0,17.18,722.0,11.0,32.8,0.0,0.0,0.0,MORTGAGE,FL,5.0,0.0,0.0,0,debt_consolidation,0
35000.0, 36 months,14.85,C,110000.0,13.3,672.0,14.0,67.3,2.0,2.0,0.0,OWN,CA,10.0,0.0,2.0,0,debt_consolidation,1
28000.0, 60 months,19.48,E,91500.0,15.2,662.0,11.0,69.0,2.0,0.0,0.0,MORTGAGE,TX,3.0,0.0,3.0,0,debt_consolidation,0
6000.0, 36 months,5.32,A,109000.0,6.29,727.0,9.0,25.7,0.0,0.0,0.0,MORTGAGE,PA,3.0,0.0,3.0,0,credit_card,0
5000.0, 36 months,5.32,A,370000.0,9.8,707.0,7.0,85.1,0.0,0.0,0.0,OWN,CA,2.0,0.0,2.0,0,credit_card,0
15000.0, 36 months,9.17,B,40500.0,31.17,722.0,11.0,40.8,1.0,0.0,0.0,MORTGAGE,WI,,0.0,6.0,0,debt_consolidation,0
4800.0, 36 months,13.99,C,64000.0,21.45,682.0,13.0,54.0,0.0,2.0,1.0,OWN,KS,10.0,0.0,1.0,0,small_business,0
15000.0, 36 months,13.99,C,48100.0,28.32,672.0,7.0,62.9,1.0,0.0,0.0,RENT,NY,3.0,0.0,0.0,0,debt_consolidation,1
5000.0, 36 months,9.17,B,45000.0,18.23,682.0,4.0,29.8,0.0,0.0,0.0,MORTGAGE,NC,10.0,0.0,0.0,0,debt_consolidation,0
30000.0, 60 months,14.85,C,88000.0,23.26,677.0,12.0,73.4,0.0,0.0,0.0,RENT,NY,10.0,0.0,0.0,0,credit_card,0
25000.0, 60 months,17.97,D,69000.0,29.35,677.0,15.0,80.0,1.0,0.0,0.0,MORTGAGE,WA,5.0,0.0,2.0,0,debt_consolidation,1
7750.0, 36 months,9.8,B,54500.0,29.02,692.0,7.0,26.9,3.0,0.0,0.0,MORTGAGE,IN,10.0,0.0,4.0,0,debt_consolidation,1
21000.0, 36 months,9.8,B,92700.0,24.85,672.0,12.0,94.0,2.0,0.0,0.0,RENT,CA,2.0,0.0,4.0,0,credit_card,0
28000.0, 60 months,16.59,D,91500.0,11.29,677.0,8.0,83.0,1.0,0.0,0.0,MORTGAGE,NJ,10.0,0.0,7.0,0,debt_consolidation,0
28000.0, 36 months,5.32,A,97500.0,5.77,722.0,12.0,21.6,0.0,0.0,0.0,RENT,IL,10.0,0.0,0.0,0,debt_consolidation,0
25000.0, 36 months,5.32,A,150000.0,11.82,802.0,9.0,13.9,0.0,0.0,0.0,MORTGAGE,AR,4.0,0.0,1.0,0,small_business,0
3500.0, 36 months,9.8,B,53700.0,22.82,747.0,8.0,71.7,0.0,0.0,0.0,MORTGAGE,AR,10.0,0.0,2.0,0,other,0
10000.0, 36 months,11.99,C,90000.0,25.12,667.0,9.0,72.4,0.0,1.0,2.0,RENT,AZ,1.0,0.0,0.0,0,debt_consolidation,0
25000.0, 36 months,9.8,B,80000.0,28.65,672.0,20.0,53.5,1.0,7.0,0.0,RENT,NJ,2.0,0.0,1.0,0,debt_consolidation,0
25300.0, 36 months,11.99,C,55000.0,25.35,697.0,16.0,6.3,0.0,0.0,0.0,MORTGAGE,GA,7.0,0.0,2.0,0,debt_consolidation,0
10000.0, 36 months,10.78,B,70000.0,20.28,702.0,25.0,78.3,1.0,0.0,0.0,RENT,PA,6.0,0.0,0.0,0,debt_consolidation,1
35000.0, 60 months,17.97,D,75000.0,35.02,722.0,14.0,76.1,0.0,0.0,0.0,RENT,NC,1.0,0.0,3.0,0,debt_consolidation,1
18000.0, 60 months,13.99,C,112500.0,9.55,662.0,7.0,88.5,0.0,0.0,0.0,RENT,MI,1.0,0.0,0.0,0,moving,0
6000.0, 36 months,7.49,A,30000.0,12.4,727.0,11.0,4.3,0.0,0.0,0.0,RENT,CA,,0.0,3.0,0,car,0
28000.0, 36 months,6.99,A,190000.0,8.69,712.0,10.0,67.3,0.0,0.0,0.0,MORTGAGE,CA,10.0,0.0,2.0,0,debt_consolidation,0
17300.0, 36 months,18.99,E,88000.0,22.2,667.0,12.0,69.0,3.0,0.0,1.0,MORTGAGE,GA,3.0,0.0,1.0,0,debt_consolidation,0
23825.0, 60 months,17.97,D,59598.0,29.66,722.0,13.0,73.9,0.0,0.0,0.0,MORTGAGE,WA,10.0,0.0,0.0,0,credit_card,0
29050.0, 60 months,19.48,E,84000.0,10.9,732.0,6.0,96.8,1.0,0.0,0.0,OWN,NY,9.0,0.0,0.0,0,other,1
10200.0, 36 months,6.49,A,110000.0,21.44,712.0,16.0,50.4,0.0,0.0,0.0,MORTGAGE,NC,1.0,0.0,3.0,0,credit_card,0
5000.0, 36 months,11.48,B,90000.0,17.41,677.0,12.0,55.0,0.0,0.0,0.0,RENT,CA,10.0,0.0,3.0,0,car,0
32000.0, 60 months,23.13,F,300000.0,12.8,667.0,24.0,66.1,2.0,2.0,0.0,OWN,CA,10.0,0.0,3.0,0,debt_consolidation,0
9000.0, 36 months,9.8,B,137000.0,10.93,667.0,11.0,79.9,0.0,0.0,0.0,RENT,CA,8.0,0.0,0.0,0,debt_consolidation,0
15000.0, 60 months,18.99,E,80000.0,14.6,717.0,6.0,47.4,1.0,0.0,0.0,OWN,FL,4.0,0.0,0.0,0,debt_consolidation,0
2000.0, 36 months,11.99,C,90000.0,21.08,707.0,17.0,40.8,0.0,0.0,0.0,RENT,IL,5.0,0.0,0.0,0,debt_consolidation,0
7200.0, 36 months,12.88,C,50000.0,23.33,662.0,12.0,81.0,1.0,4.0,0.0,MORTGAGE,TX,10.0,0.0,2.0,0,debt_consolidation,0
5000.0, 36 months,7.49,A,25000.0,14.4,722.0,4.0,61.9,0.0,0.0,0.0,RENT,MO,3.0,0.0,0.0,0,debt_consolidation,1
15550.0, 36 months,17.27,D,85000.0,20.19,677.0,8.0,71.1,2.0,0.0,1.0,RENT,FL,5.0,0.0,0.0,0,debt_consolidation,0
16000.0, 36 months,8.49,B,65800.0,18.62,727.0,5.0,71.0,0.0,0.0,0.0,RENT,NY,8.0,0.0,0.0,0,credit_card,0
10000.0, 36 months,13.99,C,67000.0,15.74,737.0,8.0,72.0,3.0,0.0,0.0,OWN,TN,10.0,0.0,1.0,0,debt_consolidation,1
20000.0, 60 months,13.44,C,93851.0,13.28,707.0,18.0,97.8,0.0,0.0,0.0,OWN,VA,3.0,0.0,2.0,0,debt_consolidation,0
16000.0, 60 months,16.59,D,40000.0,26.48,667.0,14.0,35.4,2.0,1.0,0.0,MORTGAGE,CT,6.0,0.0,2.0,0,debt_consolidation,0
10000.0, 36 months,7.49,A,60000.0,12.33,697.0,7.0,55.3,1.0,0.0,0.0,MORTGAGE,WA,7.0,0.0,1.0,0,debt_consolidation,0
11850.0, 36 months,10.78,B,70000.0,4.8,667.0,5.0,40.0,2.0,0.0,1.0,MORTGAGE,NY,3.0,0.0,0.0,0,debt_consolidation,0
8400.0, 36 months,12.88,C,130000.0,10.51,677.0,14.0,21.7,4.0,0.0,1.0,OWN,FL,10.0,0.0,4.0,0,debt_consolidation,0
2000.0, 36 months,13.44,C,47000.0,5.67,662.0,9.0,17.7,0.0,0.0,1.0,MORTGAGE,OR,10.0,0.0,5.0,0,other,0
7200.0, 36 months,15.77,D,54000.0,33.56,662.0,25.0,44.0,1.0,0.0,0.0,MORTGAGE,NC,4.0,0.0,2.0,0,debt_consolidation,0
7000.0, 36 months,9.17,B,109000.0,33.02,672.0,15.0,78.0,1.0,2.0,0.0,MORTGAGE,MD,10.0,0.0,2.0,0,debt_consolidation,0
4350.0, 36 months,15.77,D,42000.0,24.03,672.0,11.0,12.0,1.0,0.0,1.0,RENT,CA,10.0,0.0,1.0,0,debt_consolidation,0
9650.0, 36 months,11.99,C,30000.0,28.52,667.0,14.0,34.7,0.0,1.0,0.0,RENT,TX,10.0,0.0,0.0,0,credit_card,0
35000.0, 60 months,22.45,F,100000.0,24.06,677.0,11.0,92.5,0.0,1.0,0.0,RENT,CA,1.0,0.0,0.0,0,debt_consolidation,0
20800.0, 36 months,7.91,A,109000.0,32.55,707.0,21.0,62.2,0.0,3.0,0.0,MORTGAGE,TX,6.0,0.0,3.0,0,debt_consolidation,0
18025.0, 60 months,21.48,E,41000.0,38.29,707.0,24.0,3.2,0.0,0.0,0.0,RENT,CO,4.0,0.0,0.0,0,debt_consolidation,1
10000.0, 60 months,17.97,D,24000.0,3.75,682.0,13.0,13.5,0.0,0.0,0.0,RENT,CO,1.0,0.0,0.0,0,other,1
11000.0, 36 months,9.8,B,28000.0,15.43,667.0,2.0,54.5,0.0,0.0,0.0,RENT,VT,1.0,0.0,0.0,0,debt_consolidation,0
20000.0, 36 months,9.8,B,250000.0,10.17,677.0,8.0,71.2,0.0,0.0,0.0,MORTGAGE,NJ,10.0,0.0,3.0,0,debt_consolidation,0
7000.0, 36 months,11.99,C,39500.0,32.12,702.0,16.0,52.0,1.0,0.0,0.0,RENT,NJ,4.0,0.0,0.0,0,debt_consolidation,0
30000.0, 60 months,9.17,B,400000.0,8.54,727.0,13.0,37.6,0.0,0.0,1.0,RENT,OR,2.0,0.0,1.0,0,house,0
28000.0, 36 months,12.88,C,143500.0,4.07,662.0,11.0,25.5,2.0,0.0,2.0,MORTGAGE,CA,1.0,0.0,5.0,0,major_purchase,0
15000.0, 60 months,13.44,C,31000.0,6.81,682.0,11.0,61.0,0.0,1.0,0.0,RENT,CO,1.0,0.0,0.0,0,credit_card,0
19475.0, 60 months,11.48,B,106000.0,23.55,732.0,15.0,48.4,1.0,0.0,0.0,MORTGAGE,TX,1.0,0.0,1.0,0,credit_card,0
17550.0, 36 months,13.99,C,39000.0,33.78,732.0,20.0,25.0,1.0,0.0,0.0,MORTGAGE,CO,,0.0,0.0,0,debt_consolidation,1
8750.0, 36 months,13.44,C,25000.0,29.81,682.0,7.0,58.0,3.0,0.0,1.0,MORTGAGE,FL,10.0,0.0,2.0,0,credit_card,0
21000.0, 36 months,11.99,C,52000.0,15.79,687.0,12.0,39.3,1.0,0.0,1.0,MORTGAGE,AZ,6.0,0.0,5.0,0,debt_consolidation,0
16000.0, 60 months,18.99,E,90000.0,22.09,692.0,19.0,41.0,5.0,0.0,0.0,MORTGAGE,IN,10.0,0.0,1.0,0,debt_consolidation,0
16000.0, 60 months,9.17,B,56000.0,20.92,722.0,17.0,36.5,0.0,2.0,0.0,MORTGAGE,VA,3.0,0.0,3.0,0,credit_card,0
12000.0, 60 months,11.48,B,35000.0,34.29,697.0,21.0,67.4,0.0,0.0,0.0,RENT,PA,3.0,0.0,0.0,0,credit_card,0
6000.0, 36 months,11.48,B,59500.0,16.42,687.0,13.0,51.1,1.0,0.0,2.0,MORTGAGE,MI,2.0,0.0,0.0,0,credit_card,1
6700.0, 36 months,7.49,A,75000.0,24.31,707.0,19.0,34.1,0.0,1.0,0.0,MORTGAGE,DE,10.0,0.0,7.0,0,debt_consolidation,0
21000.0, 36 months,15.77,D,120000.0,24.36,662.0,10.0,72.3,3.0,1.0,0.0,MORTGAGE,DE,3.0,0.0,5.0,0,moving,0
15000.0, 36 months,13.44,C,60000.0,28.88,672.0,15.0,79.8,0.0,0.0,0.0,MORTGAGE,TX,5.0,0.0,1.0,0,credit_card,0
35000.0, 60 months,19.48,E,75000.0,25.59,707.0,12.0,59.1,0.0,0.0,0.0,MORTGAGE,TN,10.0,0.0,7.0,0,debt_consolidation,0
24000.0, 60 months,17.97,D,60000.0,9.0,692.0,5.0,88.7,2.0,0.0,0.0,MORTGAGE,SC,10.0,0.0,3.0,0,credit_card,0
8450.0, 36 months,16.59,D,50000.0,30.32,697.0,11.0,72.5,0.0,0.0,0.0,MORTGAGE,AL,4.0,0.0,2.0,0,credit_card,1
12000.0, 36 months,11.48,B,53000.0,11.77,692.0,30.0,25.9,2.0,0.0,0.0,MORTGAGE,SC,10.0,0.0,1.0,0,credit_card,0
24000.0, 60 months,11.48,B,53000.0,3.49,707.0,12.0,28.6,1.0,0.0,0.0,MORTGAGE,IL,4.0,0.0,1.0,0,other,0
21000.0, 36 months,7.91,A,75000.0,38.98,702.0,13.0,55.5,0.0,0.0,0.0,MORTGAGE,PA,10.0,0.0,7.0,0,credit_card,0
10000.0, 36 months,9.17,B,81000.0,13.97,717.0,20.0,31.3,1.0,1.0,0.0,MORTGAGE,MA,10.0,0.0,2.0,0,credit_card,1
15000.0, 60 months,13.44,C,52000.0,20.72,667.0,6.0,97.0,0.0,0.0,0.0,RENT,NC,2.0,0.0,0.0,0,credit_card,0
15000.0, 60 months,13.99,C,80000.0,29.06,722.0,18.0,74.1,0.0,0.0,0.0,RENT,OH,1.0,0.0,0.0,0,small_business,0
15000.0, 36 months,13.99,C,68000.0,28.29,667.0,7.0,99.5,0.0,0.0,0.0,RENT,CA,4.0,0.0,0.0,0,debt_consolidation,0
35000.0, 36 months,13.99,C,135000.0,21.05,662.0,18.0,43.4,0.0,0.0,1.0,MORTGAGE,CA,8.0,0.0,0.0,0,debt_consolidation,1
8400.0, 36 months,6.49,A,48500.0,29.04,697.0,7.0,97.5,0.0,0.0,0.0,MORTGAGE,AR,7.0,0.0,5.0,0,debt_consolidation,0
11800.0, 60 months,20.5,E,45000.0,23.67,717.0,17.0,59.1,0.0,0.0,0.0,MORTGAGE,CT,3.0,0.0,1.0,0,debt_consolidation,0
24000.0, 60 months,11.99,C,100000.0,13.2,732.0,12.0,11.7,1.0,0.0,0.0,MORTGAGE,WI,2.0,0.0,1.0,0,debt_consolidation,1
5500.0, 36 months,11.48,B,54000.0,38.0,687.0,12.0,66.9,2.0,1.0,0.0,OWN,OH,10.0,0.0,1.0,0,debt_consolidation,1
35000.0, 36 months,8.49,B,105000.0,25.62,697.0,14.0,78.5,0.0,0.0,0.0,MORTGAGE,MS,10.0,0.0,2.0,0,credit_card,0
5000.0, 36 months,17.97,D,24500.0,24.55,692.0,8.0,100.7,0.0,0.0,0.0,RENT,WA,9.0,0.0,0.0,0,debt_consolidation,1
17000.0, 60 months,8.49,B,75000.0,16.69,752.0,21.0,29.5,0.0,0.0,0.0,MORTGAGE,AZ,3.0,0.0,2.0,0,credit_card,0
24000.0, 36 months,9.17,B,145000.0,9.96,692.0,9.0,84.5,1.0,0.0,0.0,MORTGAGE,CA,10.0,0.0,1.0,0,debt_consolidation,0
15000.0, 36 months,7.49,A,72000.0,5.93,682.0,14.0,33.2,1.0,0.0,1.0,MORTGAGE,OR,10.0,0.0,2.0,0,credit_card,1
35000.0, 60 months,15.77,D,213100.0,15.63,662.0,29.0,62.0,1.0,0.0,0.0,MORTGAGE,NJ,1.0,0.0,4.0,0,debt_consolidation,0
28000.0, 60 months,9.17,B,85000.0,23.15,697.0,44.0,26.4,0.0,0.0,0.0,RENT,NY,10.0,0.0,0.0,0,credit_card,0
10000.0, 60 months,12.88,C,48500.0,23.29,667.0,14.0,55.4,0.0,2.0,0.0,RENT,CA,2.0,0.0,0.0,0,debt_consolidation,0
11000.0, 36 months,8.49,B,140000.0,9.27,672.0,16.0,40.2,1.0,0.0,0.0,MORTGAGE,ME,1.0,0.0,3.0,0,credit_card,0
5000.0, 36 months,9.8,B,60250.0,1.41,687.0,7.0,23.1,1.0,0.0,0.0,RENT,NJ,1.0,0.0,0.0,0,debt_consolidation,0
10000.0, 60 months,14.85,C,45000.0,26.76,672.0,14.0,48.3,0.0,0.0,0.0,MORTGAGE,IN,10.0,0.0,1.0,0,debt_consolidation,0
12000.0, 36 months,9.8,B,101000.0,14.9,682.0,15.0,55.3,0.0,0.0,0.0,RENT,CA,1.0,0.0,0.0,0,debt_consolidation,0
35000.0, 60 months,21.48,E,100000.0,33.52,692.0,17.0,97.3,0.0,0.0,0.0,RENT,CT,10.0,0.0,0.0,0,debt_consolidation,0
2400.0, 36 months,11.48,B,94000.0,22.3,672.0,34.0,52.7,1.0,0.0,0.0,MORTGAGE,IL,10.0,0.0,1.0,0,home_improvement,0
10000.0, 36 months,8.49,B,49000.0,19.25,722.0,10.0,25.5,0.0,0.0,0.0,MORTGAGE,WA,1.0,0.0,1.0,0,credit_card,1
30000.0, 36 months,13.44,C,114000.0,30.78,712.0,18.0,17.9,2.0,1.0,0.0,MORTGAGE,TX,1.0,0.0,3.0,0,debt_consolidation,0
14000.0, 60 months,16.59,D,50000.0,31.11,662.0,9.0,87.5,0.0,0.0,0.0,RENT,GA,3.0,0.0,0.0,0,debt_consolidation,1
8000.0, 36 months,11.48,B,100000.0,19.88,697.0,12.0,97.1,0.0,1.0,0.0,RENT,FL,8.0,0.0,0.0,0,credit_card,0
18000.0, 36 months,6.99,A,98000.0,20.7,742.0,20.0,28.6,0.0,0.0,0.0,MORTGAGE,NC,10.0,0.0,4.0,0,debt_consolidation,0
13500.0, 36 months,10.78,B,42000.0,11.8,692.0,6.0,86.7,0.0,0.0,0.0,MORTGAGE,GA,4.0,0.0,1.0,0,debt_consolidation,0
21000.0, 60 months,11.48,B,127000.0,28.36,742.0,37.0,24.6,0.0,0.0,0.0,MORTGAGE,VA,10.0,0.0,10.0,0,debt_consolidation,1
13000.0, 36 months,6.49,A,50000.0,11.21,712.0,9.0,30.9,0.0,0.0,0.0,RENT,WA,10.0,0.0,1.0,0,debt_consolidation,0
16800.0, 60 months,15.77,D,55555.0,26.23,677.0,12.0,44.0,0.0,0.0,1.0,RENT,CA,10.0,0.0,1.0,0,debt_consolidation,1
5000.0, 36 months,15.77,D,55000.0,30.15,687.0,8.0,35.1,1.0,0.0,0.0,MORTGAGE,GA,5.0,0.0,0.0,0,debt_consolidation,0
8000.0, 36 months,9.8,B,65000.0,34.98,662.0,28.0,62.0,0.0,2.0,0.0,OWN,KY,5.0,0.0,0.0,0,home_improvement,1
24800.0, 60 months,15.77,D,70000.0,37.29,722.0,8.0,58.5,0.0,0.0,0.0,OWN,AZ,1.0,0.0,1.0,0,credit_card,1
30000.0, 36 months,13.99,C,95000.0,12.39,677.0,18.0,35.3,1.0,0.0,0.0,RENT,NY,2.0,0.0,1.0,0,credit_card,0
18000.0, 36 months,5.32,A,111000.0,6.5,707.0,14.0,21.5,0.0,1.0,0.0,RENT,WA,4.0,0.0,2.0,0,moving,1
30000.0, 36 months,7.49,A,130000.0,9.73,752.0,23.0,24.4,0.0,0.0,0.0,OWN,VA,6.0,0.0,3.0,0,debt_consolidation,0
25000.0, 36 months,5.32,A,80000.0,21.0,707.0,14.0,68.0,1.0,0.0,0.0,MORTGAGE,MD,5.0,0.0,4.0,0,debt_consolidation,0
10000.0, 36 months,13.44,C,80000.0,29.28,672.0,13.0,87.9,1.0,0.0,0.0,RENT,OR,5.0,0.0,0.0,0,credit_card,1
24000.0, 36 months,5.32,A,158000.0,8.65,762.0,16.0,20.5,0.0,0.0,0.0,MORTGAGE,NJ,8.0,0.0,2.0,0,other,0
2325.0, 36 months,16.59,D,72000.0,13.55,677.0,7.0,41.0,1.0,3.0,0.0,MORTGAGE,MD,10.0,0.0,3.0,0,debt_consolidation,1
15000.0, 60 months,17.27,D,45000.0,30.99,662.0,19.0,40.2,1.0,0.0,1.0,MORTGAGE,MA,1.0,0.0,2.0,0,debt_consolidation,1
4800.0, 36 months,9.17,B,66000.0,17.85,667.0,12.0,72.3,1.0,0.0,0.0,MORTGAGE,WI,8.0,0.0,4.0,0,credit_card,0
8400.0, 36 months,13.44,C,40000.0,16.06,667.0,22.0,72.8,1.0,0.0,0.0,RENT,CA,6.0,0.0,0.0,0,other,0
27000.0, 36 months,15.77,D,80000.0,25.86,672.0,15.0,81.0,4.0,0.0,0.0,MORTGAGE,TX,10.0,0.0,1.0,0,debt_consolidation,0
10900.0, 36 months,18.49,D,39000.0,36.71,697.0,10.0,31.9,0.0,0.0,0.0,MORTGAGE,OK,2.0,0.0,1.0,0,home_improvement,1
10000.0, 36 months,11.48,B,50000.0,26.07,687.0,8.0,65.2,0.0,0.0,0.0,RENT,FL,1.0,0.0,0.0,0,debt_consolidation,0
16000.0, 60 months,8.49,B,85000.0,12.95,702.0,6.0,16.1,0.0,0.0,0.0,RENT,TX,10.0,0.0,2.0,0,debt_consolidation,0
15000.0, 36 months,5.32,A,85000.0,13.47,732.0,14.0,35.9,0.0,2.0,0.0,MORTGAGE,MA,10.0,0.0,1.0,0,debt_consolidation,0
10000.0, 36 months,12.88,C,56000.0,30.63,672.0,7.0,58.0,3.0,0.0,1.0,RENT,WA,8.0,0.0,0.0,0,debt_consolidation,0
23000.0, 36 months,10.78,B,50000.0,29.5,692.0,23.0,47.1,0.0,2.0,0.0,MORTGAGE,MI,1.0,0.0,1.0,0,credit_card,0
21125.0, 60 months,17.97,D,120000.0,1.55,772.0,10.0,6.6,0.0,1.0,0.0,RENT,IL,3.0,0.0,0.0,0,medical,1
20000.0, 36 months,7.91,A,98000.0,17.79,687.0,12.0,83.5,0.0,1.0,0.0,MORTGAGE,NM,5.0,0.0,2.0,0,debt_consolidation,1
10250.0, 36 months,10.78,B,68000.0,29.15,702.0,7.0,99.6,0.0,0.0,0.0,MORTGAGE,CA,10.0,0.0,6.0,0,debt_consolidation,0
15450.0, 36 months,14.85,C,47471.06,27.43,702.0,16.0,33.8,0.0,0.0,0.0,RENT,CA,2.0,0.0,0.0,0,debt_consolidation,0
19200.0, 36 months,8.49,B,168000.0,13.49,672.0,14.0,93.2,0.0,0.0,0.0,RENT,CA,1.0,0.0,0.0,0,credit_card,0
15200.0, 36 months,17.97,D,132000.0,10.83,667.0,21.0,58.0,5.0,0.0,1.0,MORTGAGE,MA,10.0,0.0,2.0,0,debt_consolidation,0
28625.0, 36 months,14.85,C,57286.8,22.86,737.0,31.0,53.1,0.0,0.0,0.0,MORTGAGE,OH,,0.0,3.0,0,debt_consolidation,0
8400.0, 36 months,10.78,B,70000.0,17.4,662.0,12.0,25.5,2.0,0.0,0.0,MORTGAGE,WA,3.0,0.0,0.0,0,credit_card,0
13000.0, 36 months,8.49,B,63000.0,13.68,667.0,11.0,81.0,2.0,1.0,0.0,MORTGAGE,TX,9.0,0.0,2.0,0,debt_consolidation,0
26000.0, 36 months,6.99,A,86000.0,12.1,707.0,7.0,74.2,0.0,0.0,0.0,MORTGAGE,WI,10.0,0.0,5.0,0,debt_consolidation,0
11000.0, 36 months,16.59,D,25000.0,15.41,692.0,5.0,53.0,0.0,1.0,0.0,RENT,SC,6.0,0.0,0.0,0,debt_consolidation,0
13150.0, 36 months,14.85,C,63700.0,16.26,677.0,14.0,59.2,1.0,1.0,0.0,RENT,FL,9.0,0.0,2.0,0,debt_consolidation,0
12000.0, 60 months,13.44,C,42200.0,17.72,707.0,16.0,28.3,3.0,3.0,0.0,RENT,DE,2.0,0.0,0.0,0,credit_card,1
8000.0, 36 months,11.48,B,48000.0,17.18,677.0,11.0,24.4,1.0,1.0,2.0,RENT,NY,10.0,0.0,0.0,0,other,0
5000.0, 36 months,17.27,D,45000.0,18.93,682.0,12.0,72.8,0.0,0.0,2.0,RENT,ND,1.0,0.0,0.0,0,renewable_energy,0
20000.0, 36 months,11.48,B,210000.0,15.35,702.0,10.0,45.5,1.0,1.0,0.0,RENT,CA,1.0,0.0,5.0,0,credit_card,0
18700.0, 60 months,18.49,D,61259.0,9.89,742.0,12.0,17.5,0.0,0.0,0.0,RENT,VA,6.0,0.0,2.0,0,debt_consolidation,1
8000.0, 36 months,13.44,C,80000.0,22.14,692.0,9.0,43.2,1.0,4.0,1.0,MORTGAGE,TX,10.0,0.0,0.0,0,home_improvement,0
30000.0, 60 months,11.99,C,120000.0,33.15,682.0,13.0,61.5,0.0,0.0,0.0,RENT,VA,5.0,0.0,2.0,0,debt_consolidation,1
10000.0, 36 months,8.49,B,72000.0,22.62,707.0,32.0,27.8,0.0,0.0,0.0,MORTGAGE,NY,9.0,0.0,5.0,0,major_purchase,0
27000.0, 36 months,7.49,A,120000.0,11.28,692.0,11.0,80.6,1.0,0.0,0.0,MORTGAGE,NY,10.0,0.0,2.0,0,debt_consolidation,0
18175.0, 36 months,9.8,B,38000.0,15.6,687.0,20.0,39.1,3.0,0.0,0.0,OWN,IL,,0.0,2.0,0,credit_card,0
1050.0, 36 months,12.88,C,130000.0,25.43,697.0,16.0,84.0,4.0,0.0,0.0,MORTGAGE,CT,9.0,0.0,4.0,0,credit_card,0
12000.0, 36 months,9.17,B,125000.0,3.06,692.0,17.0,22.8,2.0,1.0,0.0,MORTGAGE,NY,1.0,0.0,3.0,0,debt_consolidation,0
18500.0, 60 months,14.85,C,75000.0,24.27,727.0,13.0,56.6,0.0,0.0,0.0,MORTGAGE,KS,6.0,0.0,1.0,0,debt_consolidation,0
26875.0, 60 months,17.97,D,160000.0,26.21,667.0,22.0,98.3,0.0,0.0,0.0,RENT,CA,2.0,0.0,0.0,0,other,0
7000.0, 36 months,15.77,D,60000.0,7.28,672.0,5.0,18.0,1.0,0.0,0.0,MORTGAGE,OR,10.0,0.0,3.0,0,debt_consolidation,0
15200.0, 36 months,13.44,C,78000.0,19.4,717.0,17.0,43.4,1.0,0.0,0.0,MORTGAGE,TX,10.0,0.0,2.0,0,credit_card,0
4500.0, 36 months,13.44,C,44900.0,30.36,662.0,16.0,54.8,2.0,1.0,0.0,OWN,TX,2.0,0.0,0.0,0,credit_card,0
7200.0, 36 months,9.17,B,85000.0,14.57,757.0,8.0,37.2,0.0,0.0,0.0,OWN,NY,3.0,0.0,0.0,0,debt_consolidation,0
7200.0, 36 months,9.17,B,32000.0,25.43,687.0,7.0,30.0,1.0,0.0,0.0,RENT,IL,6.0,0.0,0.0,0,other,0
12000.0, 60 months,13.99,C,90000.0,13.49,672.0,10.0,61.3,1.0,0.0,0.0,MORTGAGE,MT,4.0,0.0,2.0,0,credit_card,0
7375.0, 36 months,19.48,E,60000.0,16.08,662.0,10.0,50.6,2.0,1.0,0.0,RENT,MA,2.0,0.0,0.0,0,debt_consolidation,0
4000.0, 36 months,16.59,D,20100.0,18.99,672.0,7.0,56.9,1.0,0.0,0.0,RENT,NY,8.0,0.0,0.0,0,debt_consolidation,0
6000.0, 36 months,7.91,A,65000.0,23.06,707.0,14.0,57.6,0.0,0.0,0.0,MORTGAGE,FL,10.0,0.0,2.0,0,other,0
6000.0, 36 months,11.99,C,100000.0,13.82,662.0,10.0,20.9,0.0,1.0,0.0,RENT,CA,10.0,0.0,0.0,0,vacation,0
3700.0, 36 months,10.78,B,60000.0,13.56,667.0,5.0,100.7,0.0,0.0,2.0,RENT,CT,4.0,0.0,0.0,0,credit_card,0
20525.0, 36 months,11.99,C,54600.0,23.16,672.0,8.0,41.0,1.0,0.0,2.0,MORTGAGE,IL,5.0,0.0,2.0,0,debt_consolidation,1
8000.0, 36 months,15.77,D,52000.0,32.73,677.0,8.0,50.2,0.0,0.0,0.0,RENT,NY,5.0,0.0,0.0,0,debt_consolidation,0
5925.0, 36 months,8.49,B,47000.0,17.9,672.0,9.0,72.6,0.0,0.0,0.0,OWN,CA,10.0,0.0,0.0,0,moving,0
3600.0, 36 months,11.99,C,57000.0,12.55,662.0,12.0,38.7,0.0,1.0,0.0,MORTGAGE,IL,10.0,0.0,2.0,0,debt_consolidation,0
20000.0, 36 months,16.59,D,64500.0,27.57,667.0,16.0,46.5,1.0,0.0,1.0,MORTGAGE,WA,1.0,0.0,0.0,0,debt_consolidation,0
12000.0, 36 months,9.8,B,80000.0,17.31,682.0,13.0,53.7,1.0,0.0,0.0,MORTGAGE,MI,10.0,0.0,2.0,0,debt_consolidation,0
12000.0, 60 months,13.44,C,70000.0,9.79,662.0,11.0,64.7,1.0,0.0,0.0,MORTGAGE,NC,10.0,0.0,5.0,0,debt_consolidation,1
16000.0, 36 months,6.49,A,70000.0,25.22,732.0,12.0,68.2,0.0,0.0,0.0,RENT,PA,3.0,0.0,0.0,0,credit_card,0
30000.0, 60 months,11.48,B,103000.0,20.54,717.0,9.0,71.5,1.0,0.0,0.0,MORTGAGE,AL,10.0,0.0,3.0,0,debt_consolidation,0
8675.0, 36 months,14.85,C,44000.0,26.49,662.0,11.0,77.9,0.0,0.0,0.0,RENT,CA,1.0,0.0,0.0,0,debt_consolidation,0
12000.0, 36 months,6.99,A,114000.0,18.99,772.0,13.0,12.4,1.0,0.0,0.0,MORTGAGE,WA,2.0,0.0,1.0,0,house,0
10725.0, 60 months,26.06,F,33000.0,32.33,672.0,16.0,102.0,1.0,0.0,0.0,MORTGAGE,MA,2.0,0.0,0.0,0,debt_consolidation,1
30000.0, 60 months,11.48,B,70000.0,22.22,747.0,19.0,33.5,0.0,0.0,0.0,MORTGAGE,TN,1.0,0.0,6.0,0,debt_consolidation,0
5000.0, 36 months,6.49,A,96000.0,10.45,767.0,7.0,60.0,0.0,0.0,0.0,RENT,NY,10.0,0.0,0.0,0,car,0
16000.0, 60 months,17.27,D,60000.0,31.84,667.0,16.0,62.0,1.0,0.0,0.0,MORTGAGE,IL,4.0,0.0,2.0,0,other,1
6000.0, 36 months,6.99,A,43000.0,27.88,817.0,18.0,12.7,0.0,0.0,0.0,OWN,SC,4.0,0.0,1.0,0,credit_card,0
12000.0, 36 months,9.17,B,86000.0,13.37,717.0,38.0,6.6,5.0,0.0,0.0,RENT,NJ,10.0,0.0,0.0,0,major_purchase,1
15000.0, 36 months,11.99,C,46000.0,31.23,667.0,18.0,81.4,0.0,0.0,0.0,RENT,TX,2.0,0.0,0.0,0,debt_consolidation,0
35000.0, 60 months,13.44,C,104000.0,29.19,717.0,8.0,0.0,1.0,0.0,0.0,RENT,CA,3.0,0.0,1.0,0,debt_consolidation,0
10825.0, 36 months,18.99,E,36000.0,15.9,692.0,9.0,53.5,0.0,0.0,0.0,RENT,CA,10.0,0.0,0.0,0,debt_consolidation,1
3500.0, 36 months,7.91,A,80000.0,7.92,707.0,5.0,80.9,1.0,0.0,0.0,RENT,NV,5.0,0.0,0.0,0,credit_card,0
5000.0, 36 months,5.32,A,80000.0,3.89,697.0,9.0,32.8,0.0,0.0,1.0,MORTGAGE,NY,5.0,0.0,1.0,0,debt_consolidation,0
5600.0, 36 months,9.8,B,80000.0,14.78,677.0,8.0,90.6,0.0,0.0,0.0,RENT,WA,3.0,0.0,0.0,0,credit_card,0
25000.0, 60 months,19.89,E,100000.0,38.69,677.0,11.0,97.1,2.0,0.0,0.0,RENT,CA,10.0,0.0,3.0,0,other,0
15000.0, 36 months,11.99,C,97000.0,0.25,667.0,5.0,4.5,0.0,4.0,0.0,OWN,IL,7.0,0.0,1.0,0,house,0
25000.0, 60 months,18.99,E,37856.0,23.17,672.0,6.0,89.1,0.0,0.0,2.0,MORTGAGE,WA,10.0,0.0,3.0,0,debt_consolidation,0
15000.0, 36 months,13.99,C,30000.0,22.51,667.0,13.0,57.8,0.0,0.0,0.0,RENT,CA,1.0,0.0,0.0,0,credit_card,0
24000.0, 60 months,9.8,B,85000.0,39.37,762.0,17.0,38.5,0.0,0.0,0.0,MORTGAGE,TN,6.0,0.0,0.0,0,debt_consolidation,0
15000.0, 36 months,9.17,B,56000.0,6.97,687.0,4.0,80.7,0.0,0.0,0.0,RENT,CA,5.0,0.0,0.0,0,credit_card,0
24000.0, 36 months,9.8,B,67000.0,19.67,697.0,15.0,86.2,1.0,0.0,0.0,MORTGAGE,TX,6.0,0.0,2.0,0,credit_card,0
9450.0, 36 months,13.44,C,22500.0,36.85,677.0,10.0,17.5,0.0,0.0,1.0,OWN,VA,10.0,0.0,0.0,0,debt_consolidation,0
15000.0, 36 months,9.8,B,79500.0,34.23,707.0,8.0,46.3,0.0,0.0,0.0,RENT,NY,10.0,0.0,1.0,0,debt_consolidation,0
27500.0, 60 months,13.44,C,187000.0,17.41,717.0,18.0,54.4,1.0,0.0,0.0,MORTGAGE,KY,10.0,0.0,6.0,0,debt_consolidation,0
10000.0, 36 months,5.32,A,92000.0,18.01,687.0,8.0,40.1,0.0,2.0,0.0,OWN,PA,10.0,0.0,6.0,0,debt_consolidation,0
7975.0, 36 months,12.88,C,55000.0,23.39,662.0,16.0,49.0,1.0,0.0,1.0,MORTGAGE,NC,1.0,0.0,1.0,0,home_improvement,0
12000.0, 36 months,7.49,A,67000.0,9.92,682.0,7.0,62.5,0.0,1.0,1.0,RENT,CA,10.0,0.0,0.0,0,debt_consolidation,0
35000.0, 36 months,7.49,A,150000.0,23.34,722.0,24.0,43.0,0.0,0.0,0.0,MORTGAGE,TX,1.0,0.0,2.0,0,credit_card,0
7200.0, 36 months,11.99,C,19000.0,37.97,707.0,7.0,51.8,1.0,0.0,0.0,RENT,CA,5.0,0.0,0.0,0,credit_card,0
29000.0, 60 months,21.48,E,92500.0,17.06,712.0,17.0,52.8,1.0,0.0,0.0,MORTGAGE,WI,10.0,0.0,1.0,0,credit_card,0
18000.0, 60 months,12.88,C,61000.0,29.81,697.0,12.0,39.8,2.0,0.0,0.0,MORTGAGE,FL,8.0,0.0,1.0,0,debt_consolidation,0
5175.0, 36 months,13.99,C,46000.0,21.16,702.0,19.0,72.1,1.0,0.0,0.0,RENT,AZ,1.0,0.0,0.0,0,other,0
15000.0, 36 months,9.8,B,85000.0,12.04,662.0,10.0,55.4,0.0,1.0,1.0,OWN,NC,10.0,0.0,4.0,0,credit_card,0
14400.0, 36 months,7.91,A,70000.0,18.7,692.0,7.0,73.9,2.0,0.0,0.0,MORTGAGE,KS,2.0,0.0,0.0,0,debt_consolidation,0
24150.0, 60 months,21.48,E,57500.0,22.6,677.0,9.0,70.3,0.0,0.0,1.0,RENT,TX,6.0,0.0,1.0,0,debt_consolidation,1
12000.0, 60 months,13.44,C,106000.0,10.18,672.0,6.0,76.1,0.0,1.0,0.0,OWN,MD,10.0,0.0,1.0,0,debt_consolidation,0
15000.0, 36 months,6.49,A,97000.0,10.79,702.0,13.0,44.7,1.0,0.0,0.0,MORTGAGE,PA,10.0,0.0,3.0,0,debt_consolidation,0
15000.0, 36 months,14.85,C,130000.0,27.43,672.0,28.0,46.0,4.0,1.0,0.0,MORTGAGE,NY,7.0,0.0,4.0,0,debt_consolidation,0
28000.0, 36 months,5.32,A,162000.0,13.52,767.0,16.0,33.0,0.0,0.0,0.0,MORTGAGE,TN,10.0,0.0,3.0,0,debt_consolidation,0
25000.0, 60 months,13.99,C,64000.0,7.39,697.0,6.0,69.5,0.0,0.0,0.0,MORTGAGE,MA,6.0,0.0,4.0,0,credit_card,0
10000.0, 60 months,11.99,C,149000.0,9.83,687.0,8.0,63.7,0.0,0.0,0.0,MORTGAGE,NJ,10.0,0.0,2.0,0,other,0
7350.0, 36 months,25.09,F,41500.0,31.17,667.0,10.0,67.9,1.0,0.0,1.0,RENT,VA,10.0,0.0,0.0,0,debt_consolidation,1
14000.0, 36 months,15.77,D,67200.0,7.86,672.0,7.0,45.9,1.0,0.0,0.0,RENT,CA,1.0,0.0,0.0,0,other,1
9000.0, 36 months,13.44,C,68000.0,24.83,712.0,12.0,91.9,1.0,0.0,0.0,MORTGAGE,VA,9.0,0.0,1.0,0,debt_consolidation,0
35000.0, 60 months,19.48,E,80500.0,18.93,742.0,11.0,38.3,0.0,0.0,0.0,MORTGAGE,KY,10.0,0.0,2.0,0,debt_consolidation,0
17500.0, 36 months,11.48,B,48720.0,23.0,682.0,11.0,66.7,1.0,0.0,0.0,RENT,HI,6.0,0.0,0.0,0,debt_consolidation,0
15000.0, 36 months,9.8,B,45000.0,19.44,667.0,11.0,54.3,0.0,1.0,2.0,OWN,VA,6.0,0.0,0.0,0,debt_consolidation,0
10000.0, 36 months,12.88,C,64000.0,26.93,677.0,24.0,37.0,1.0,0.0,1.0,MORTGAGE,OR,7.0,0.0,2.0,0,debt_consolidation,0
18450.0, 36 months,11.99,C,41000.0,22.07,687.0,7.0,72.0,0.0,0.0,0.0,RENT,IL,8.0,0.0,0.0,0,debt_consolidation,0
12000.0, 36 months,12.88,C,76000.0,24.37,677.0,13.0,58.9,0.0,0.0,0.0,MORTGAGE,TX,1.0,0.0,1.0,0,debt_consolidation,1
5000.0, 36 months,6.99,A,80000.0,14.3,837.0,6.0,0.0,0.0,0.0,0.0,MORTGAGE,CA,10.0,0.0,2.0,0,car,0
28800.0, 36 months,19.89,E,72746.64,10.57,662.0,14.0,41.4,2.0,0.0,2.0,MORTGAGE,TX,,0.0,1.0,0,other,0
32000.0, 60 months,17.27,D,146000.0,10.26,697.0,7.0,49.3,0.0,0.0,3.0,RENT,NY,2.0,0.0,0.0,0,debt_consolidation,1
13500.0, 36 months,17.97,D,73000.0,35.95,712.0,15.0,72.4,0.0,0.0,0.0,RENT,CO,5.0,0.0,4.0,0,debt_consolidation,0
12000.0, 36 months,10.78,B,35000.0,4.6,697.0,6.0,39.5,1.0,0.0,4.0,RENT,CA,1.0,0.0,0.0,0,debt_consolidation,0
10800.0, 36 months,12.88,C,27000.0,8.58,672.0,6.0,52.4,0.0,0.0,2.0,OWN,AZ,3.0,0.0,0.0,0,debt_consolidation,0
6000.0, 36 months,7.49,A,242000.0,19.22,742.0,28.0,43.4,0.0,0.0,0.0,RENT,CA,10.0,0.0,3.0,0,major_purchase,0
30000.0, 60 months,9.17,B,116000.0,10.98,722.0,7.0,78.0,1.0,0.0,0.0,RENT,OH,10.0,0.0,1.0,0,credit_card,0
8000.0, 36 months,6.49,A,128000.0,24.73,802.0,19.0,4.3,0.0,0.0,0.0,MORTGAGE,PA,10.0,0.0,4.0,0,home_improvement,0
35000.0, 36 months,11.99,C,105000.0,38.07,732.0,6.0,99.4,1.0,0.0,0.0,MORTGAGE,VA,10.0,0.0,3.0,0,credit_card,0
15000.0, 36 months,7.91,A,78000.0,16.48,682.0,10.0,84.2,0.0,0.0,0.0,MORTGAGE,IL,10.0,0.0,2.0,0,credit_card,0
8000.0, 36 months,9.8,B,46000.0,28.96,712.0,8.0,80.6,0.0,0.0,0.0,RENT,FL,10.0,0.0,0.0,0,credit_card,0
35000.0, 36 months,7.91,A,99400.0,31.82,702.0,17.0,53.0,0.0,1.0,0.0,MORTGAGE,MI,9.0,0.0,1.0,0,debt_consolidation,0
24000.0, 60 months,9.17,B,79000.0,9.62,692.0,8.0,50.0,2.0,2.0,0.0,MORTGAGE,NJ,10.0,0.0,4.0,0,debt_consolidation,0
15000.0, 36 months,7.49,A,105000.0,5.01,697.0,9.0,34.4,0.0,0.0,0.0,MORTGAGE,NY,3.0,0.0,0.0,0,debt_consolidation,1
30000.0, 36 months,7.49,A,160000.0,17.12,777.0,13.0,25.7,1.0,0.0,0.0,MORTGAGE,CA,5.0,0.0,2.0,0,debt_consolidation,0
6000.0, 36 months,11.48,B,61000.0,28.49,707.0,8.0,85.4,0.0,0.0,0.0,MORTGAGE,OR,5.0,0.0,2.0,0,debt_consolidation,1
1000.0, 36 months,17.97,D,80000.0,9.84,667.0,9.0,55.3,2.0,1.0,0.0,RENT,NY,10.0,0.0,0.0,0,other,0
28000.0, 36 months,7.49,A,135000.0,14.64,697.0,7.0,75.1,1.0,0.0,0.0,MORTGAGE,NC,6.0,0.0,4.0,0,credit_card,0
22000.0, 36 months,7.49,A,50000.0,21.22,712.0,15.0,72.6,0.0,0.0,0.0,RENT,CA,1.0,0.0,2.0,0,credit_card,0
16000.0, 60 months,7.91,A,260000.0,12.71,717.0,19.0,66.3,0.0,0.0,0.0,MORTGAGE,MN,10.0,0.0,6.0,0,credit_card,0
16800.0, 60 months,20.5,E,57000.0,23.85,677.0,11.0,35.8,0.0,1.0,1.0,RENT,OR,6.0,0.0,5.0,0,debt_consolidation,0
20000.0, 60 months,13.99,C,67000.0,16.3,692.0,17.0,58.1,2.0,0.0,0.0,RENT,MD,5.0,0.0,0.0,0,credit_card,0
11475.0, 60 months,21.48,E,35000.0,36.98,662.0,22.0,48.8,1.0,0.0,0.0,OWN,TX,10.0,0.0,0.0,0,debt_consolidation,0
15675.0, 36 months,17.97,D,48000.0,29.48,662.0,16.0,66.8,0.0,1.0,0.0,MORTGAGE,IN,2.0,1.0,3.0,0,debt_consolidation,0
18450.0, 36 months,11.48,B,41000.0,27.66,662.0,11.0,67.0,1.0,1.0,0.0,RENT,CA,1.0,0.0,0.0,0,credit_card,1
25200.0, 36 months,7.49,A,108000.0,16.31,727.0,9.0,83.0,0.0,0.0,0.0,RENT,WI,1.0,0.0,0.0,0,debt_consolidation,0
7200.0, 36 months,15.77,D,50000.0,28.05,687.0,11.0,58.4,1.0,0.0,0.0,MORTGAGE,NJ,6.0,0.0,1.0,0,home_improvement,0
10500.0, 36 months,9.8,B,65000.0,21.49,667.0,29.0,83.9,1.0,1.0,0.0,MORTGAGE,AZ,1.0,0.0,1.0,0,debt_consolidation,0
35000.0, 60 months,20.5,E,240000.0,15.26,677.0,20.0,2.1,1.0,0.0,1.0,MORTGAGE,CA,5.0,0.0,4.0,0,debt_consolidation,0
15000.0, 36 months,11.48,B,50000.0,26.79,667.0,15.0,62.0,0.0,0.0,0.0,RENT,CA,6.0,0.0,0.0,0,credit_card,0
32000.0, 36 months,12.88,C,110000.0,13.84,667.0,8.0,16.2,0.0,3.0,0.0,MORTGAGE,KS,10.0,0.0,9.0,0,debt_consolidation,0
35000.0, 36 months,14.85,C,100000.0,11.27,662.0,10.0,47.7,1.0,0.0,1.0,RENT,MO,2.0,0.0,5.0,0,debt_consolidation,0
2975.0, 36 months,21.48,E,40000.0,6.9,662.0,9.0,49.0,2.0,0.0,0.0,RENT,CA,1.0,0.0,0.0,0,other,1
6000.0, 36 months,8.49,B,90000.0,11.2,662.0,5.0,64.3,0.0,0.0,11.0,RENT,CA,6.0,0.0,0.0,0,credit_card,0
16450.0, 36 months,9.17,B,63000.0,28.39,757.0,7.0,1.1,0.0,0.0,0.0,MORTGAGE,MD,10.0,0.0,1.0,0,credit_card,0
30600.0, 60 months,17.97,D,88500.0,39.98,687.0,17.0,36.5,0.0,0.0,0.0,RENT,CA,5.0,0.0,0.0,0,debt_consolidation,1
35000.0, 60 months,17.97,D,79000.0,18.49,692.0,11.0,64.5,0.0,0.0,0.0,MORTGAGE,CA,7.0,0.0,1.0,0,credit_card,1
15000.0, 36 months,9.8,B,77000.0,21.52,682.0,15.0,87.4,0.0,0.0,0.0,RENT,MI,2.0,0.0,0.0,0,debt_consolidation,0
35000.0, 60 months,17.27,D,126000.0,18.33,697.0,23.0,57.8,0.0,0.0,0.0,MORTGAGE,CT,1.0,0.0,2.0,0,debt_consolidation,0
18000.0, 36 months,5.32,A,140000.0,12.62,712.0,8.0,28.0,1.0,0.0,0.0,MORTGAGE,CA,9.0,0.0,6.0,0,debt_consolidation,0
20000.0, 60 months,10.78,B,56000.0,28.5,722.0,12.0,70.7,0.0,0.0,0.0,MORTGAGE,DE,10.0,0.0,3.0,0,debt_consolidation,0
19600.0, 60 months,12.88,C,99901.0,37.61,717.0,18.0,62.6,0.0,0.0,0.0,MORTGAGE,NY,10.0,0.0,3.0,0,debt_consolidation,0
10000.0, 36 months,7.91,A,52387.0,12.03,712.0,8.0,37.4,0.0,1.0,0.0,MORTGAGE,TX,8.0,0.0,2.0,0,debt_consolidation,0
20000.0, 60 months,13.44,C,51000.0,38.8,672.0,19.0,41.3,0.0,0.0,0.0,RENT,CO,4.0,0.0,0.0,0,credit_card,0
10700.0, 36 months,6.49,A,65000.0,28.03,687.0,10.0,88.0,0.0,1.0,0.0,MORTGAGE,MA,1.0,0.0,3.0,0,debt_consolidation,0
28000.0, 36 months,5.32,A,200000.0,13.82,762.0,21.0,20.2,0.0,0.0,0.0,MORTGAGE,CO,2.0,0.0,4.0,0,home_improvement,0
35000.0, 60 months,17.97,D,95000.0,27.29,667.0,27.0,99.9,0.0,0.0,0.0,MORTGAGE,TX,3.0,0.0,1.0,0,credit_card,1
10000.0, 60 months,17.27,D,30200.0,9.02,682.0,7.0,43.5,0.0,2.0,0.0,RENT,FL,10.0,0.0,3.0,0,debt_consolidation,0
21000.0, 60 months,14.85,C,98000.0,28.57,697.0,18.0,71.3,3.0,0.0,0.0,RENT,HI,10.0,0.0,1.0,0,debt_consolidation,0
10000.0, 60 months,12.88,C,120000.0,15.66,662.0,6.0,22.9,0.0,0.0,0.0,MORTGAGE,MO,10.0,0.0,5.0,0,debt_consolidation,0
25000.0, 36 months,13.44,C,79000.0,8.85,662.0,10.0,31.3,1.0,2.0,0.0,OWN,MI,,0.0,0.0,0,debt_consolidation,0
21000.0, 36 months,11.99,C,140000.0,22.95,692.0,15.0,75.7,1.0,0.0,0.0,MORTGAGE,CT,2.0,0.0,3.0,0,credit_card,0
23825.0, 36 months,17.97,D,117132.0,20.54,677.0,14.0,94.0,0.0,0.0,0.0,MORTGAGE,FL,,0.0,2.0,0,debt_consolidation,0
12000.0, 36 months,8.49,B,105000.0,20.16,672.0,7.0,52.9,0.0,0.0,1.0,MORTGAGE,CA,,0.0,4.0,0,home_improvement,0
13650.0, 36 months,14.85,C,60000.0,28.04,702.0,12.0,51.7,0.0,0.0,0.0,RENT,FL,10.0,0.0,0.0,0,debt_consolidation,0
2000.0, 36 months,13.44,C,42536.0,29.35,667.0,7.0,52.5,0.0,2.0,0.0,OWN,WA,1.0,0.0,0.0,0,medical,0
13300.0, 36 months,11.99,C,37000.0,15.8,692.0,7.0,61.6,0.0,0.0,0.0,OWN,IL,,0.0,0.0,0,debt_consolidation,0
15000.0, 36 months,11.99,C,42400.0,31.44,667.0,28.0,53.8,1.0,0.0,0.0,RENT,NY,8.0,0.0,0.0,0,debt_consolidation,0
12000.0, 60 months,13.99,C,38000.0,31.43,702.0,9.0,94.0,0.0,0.0,0.0,OWN,OH,10.0,0.0,1.0,0,credit_card,0
11000.0, 36 months,6.99,A,78000.0,21.64,777.0,22.0,18.5,0.0,0.0,0.0,MORTGAGE,TX,1.0,0.0,2.0,0,credit_card,0
21000.0, 60 months,19.48,E,133308.0,24.17,717.0,27.0,68.6,4.0,0.0,0.0,MORTGAGE,WA,10.0,0.0,5.0,0,credit_card,0
18000.0, 60 months,13.99,C,70000.0,24.29,722.0,25.0,30.0,0.0,0.0,0.0,RENT,NJ,4.0,0.0,0.0,0,debt_consolidation,0
10800.0, 36 months,10.78,B,100000.0,13.48,677.0,12.0,67.0,1.0,0.0,0.0,RENT,CA,3.0,0.0,2.0,0,debt_consolidation,0
3900.0, 36 months,21.48,E,50000.0,20.31,672.0,11.0,39.0,0.0,0.0,1.0,RENT,NY,2.0,0.0,0.0,0,home_improvement,0
10000.0, 36 months,14.85,C,56200.0,8.2,662.0,14.0,67.0,0.0,8.0,0.0,RENT,NY,2.0,0.0,0.0,0,debt_consolidation,0
16100.0, 60 months,17.27,D,35000.0,32.67,697.0,20.0,35.9,2.0,0.0,0.0,RENT,AZ,5.0,0.0,1.0,0,debt_consolidation,0
15000.0, 36 months,8.49,B,50000.0,21.24,702.0,10.0,52.0,1.0,0.0,0.0,RENT,NY,8.0,0.0,0.0,0,credit_card,0
20000.0, 36 months,13.99,C,70000.0,34.54,662.0,13.0,62.0,0.0,1.0,0.0,MORTGAGE,WI,10.0,0.0,5.0,0,debt_consolidation,0
24000.0, 60 months,13.44,C,80000.0,19.13,692.0,19.0,28.8,0.0,0.0,1.0,MORTGAGE,CA,7.0,0.0,0.0,0,home_improvement,1
28000.0, 60 months,12.88,C,140000.0,11.14,697.0,26.0,28.2,1.0,0.0,0.0,MORTGAGE,IL,1.0,0.0,3.0,0,debt_consolidation,0
15000.0, 36 months,17.97,D,50000.0,26.04,687.0,9.0,100.2,0.0,0.0,0.0,MORTGAGE,CA,1.0,0.0,0.0,0,debt_consolidation,1
35000.0, 60 months,13.44,C,121000.0,19.27,702.0,13.0,33.4,1.0,0.0,0.0,MORTGAGE,NJ,3.0,0.0,7.0,0,credit_card,0
3200.0, 36 months,14.85,C,87000.0,24.69,667.0,12.0,87.1,0.0,0.0,0.0,RENT,CO,5.0,0.0,0.0,0,vacation,0
12000.0, 36 months,14.85,C,32000.0,21.49,667.0,8.0,54.5,1.0,0.0,1.0,RENT,NY,2.0,0.0,0.0,0,debt_consolidation,0
12800.0, 36 months,11.99,C,42000.0,9.28,672.0,10.0,53.9,0.0,0.0,0.0,RENT,NY,1.0,0.0,0.0,0,debt_consolidation,0
9000.0, 36 months,9.17,B,55000.0,19.91,742.0,14.0,19.7,2.0,0.0,0.0,MORTGAGE,TN,10.0,0.0,2.0,0,debt_consolidation,0
25600.0, 60 months,9.17,B,84000.0,12.39,732.0,8.0,39.1,0.0,0.0,0.0,RENT,CA,1.0,0.0,0.0,0,debt_consolidation,0
9800.0, 36 months,5.32,A,68000.0,4.08,727.0,3.0,56.9,0.0,0.0,0.0,RENT,TX,10.0,0.0,1.0,0,credit_card,0
5600.0, 36 months,9.17,B,56000.0,19.95,662.0,22.0,29.0,0.0,0.0,0.0,MORTGAGE,MA,1.0,0.0,0.0,0,debt_consolidation,0
23700.0, 60 months,15.77,D,62000.0,33.64,692.0,28.0,45.4,3.0,0.0,1.0,RENT,IN,3.0,0.0,0.0,0,credit_card,1
32750.0, 60 months,20.5,E,78000.0,25.43,672.0,18.0,62.3,1.0,1.0,0.0,RENT,GA,4.0,0.0,3.0,0,debt_consolidation,0
5000.0, 36 months,7.49,A,45000.0,27.07,797.0,12.0,15.4,0.0,0.0,0.0,MORTGAGE,NV,7.0,0.0,3.0,0,debt_consolidation,0
18000.0, 36 months,6.49,A,95000.0,12.2,687.0,10.0,67.4,0.0,0.0,0.0,MORTGAGE,CA,5.0,0.0,1.0,0,debt_consolidation,0
15000.0, 60 months,13.44,C,129000.0,18.95,692.0,12.0,33.6,1.0,1.0,0.0,OWN,AL,1.0,0.0,4.0,0,debt_consolidation,0
27000.0, 36 months,18.99,E,60000.0,21.4,677.0,8.0,78.0,2.0,0.0,1.0,MORTGAGE,CA,2.0,0.0,0.0,0,debt_consolidation,1
11500.0, 36 months,11.99,C,40000.0,23.4,677.0,9.0,39.0,1.0,0.0,0.0,OWN,NY,8.0,0.0,0.0,0,debt_consolidation,0
20250.0, 36 months,9.8,B,75000.0,20.56,707.0,9.0,87.0,0.0,0.0,0.0,RENT,NC,1.0,0.0,1.0,0,debt_consolidation,0
8000.0, 36 months,10.78,B,35000.0,11.83,682.0,27.0,41.8,0.0,0.0,0.0,MORTGAGE,OH,3.0,0.0,3.0,0,debt_consolidation,0
35000.0, 60 months,18.49,D,150000.0,16.97,702.0,14.0,58.4,0.0,0.0,0.0,MORTGAGE,TX,10.0,0.0,3.0,0,debt_consolidation,0
10125.0, 36 months,13.44,C,90000.0,25.43,682.0,8.0,70.3,0.0,0.0,2.0,MORTGAGE,AL,10.0,0.0,3.0,0,debt_consolidation,0
35000.0, 60 months,9.8,B,100000.0,14.78,717.0,15.0,68.0,0.0,0.0,0.0,MORTGAGE,AR,10.0,0.0,4.0,0,credit_card,0
18000.0, 60 months,8.49,B,117208.0,10.17,722.0,10.0,40.5,0.0,0.0,0.0,MORTGAGE,CA,10.0,0.0,4.0,0,debt_consolidation,0
5575.0, 36 months,8.49,B,25000.0,27.89,672.0,4.0,74.9,0.0,0.0,0.0,OWN,TX,1.0,0.0,0.0,0,debt_consolidation,0
4800.0, 36 months,14.85,C,15000.0,6.0,797.0,3.0,16.2,0.0,0.0,0.0,RENT,CA,1.0,0.0,0.0,0,other,0
20000.0, 60 months,13.99,C,84240.0,33.92,682.0,18.0,77.3,1.0,1.0,0.0,MORTGAGE,TX,10.0,0.0,1.0,0,debt_consolidation,0
18000.0, 60 months,13.44,C,57000.0,18.4,662.0,14.0,56.0,1.0,1.0,0.0,RENT,TX,1.0,0.0,0.0,0,debt_consolidation,0
19575.0, 36 months,19.48,E,68000.0,34.95,662.0,26.0,83.0,2.0,0.0,0.0,RENT,TX,4.0,0.0,0.0,0,debt_consolidation,1
26000.0, 36 months,13.44,C,85000.0,28.14,707.0,26.0,32.7,2.0,0.0,0.0,MORTGAGE,MA,3.0,0.0,0.0,0,credit_card,1
11525.0, 36 months,14.85,C,40000.0,16.68,667.0,22.0,26.2,1.0,2.0,0.0,MORTGAGE,TX,1.0,0.0,0.0,0,other,0
20000.0, 60 months,13.44,C,48000.0,22.85,707.0,10.0,35.0,0.0,0.0,0.0,MORTGAGE,MI,5.0,0.0,1.0,0,debt_consolidation,0
1200.0, 36 months,9.8,B,35000.0,19.41,702.0,8.0,18.4,1.0,0.0,0.0,RENT,CA,4.0,0.0,3.0,0,major_purchase,0
35000.0, 60 months,20.5,E,103000.0,20.31,677.0,17.0,68.0,1.0,0.0,0.0,RENT,NY,10.0,0.0,0.0,0,debt_consolidation,0
4175.0, 36 months,24.24,F,20000.0,15.19,667.0,3.0,60.7,0.0,0.0,0.0,OWN,AL,,0.0,0.0,0,debt_consolidation,1
26975.0, 60 months,12.88,C,120000.0,27.16,667.0,20.0,72.0,2.0,0.0,0.0,MORTGAGE,NY,10.0,0.0,1.0,0,debt_consolidation,0
16000.0, 36 months,11.99,C,38000.0,18.95,727.0,13.0,30.8,1.0,0.0,1.0,RENT,RI,10.0,0.0,0.0,0,debt_consolidation,1
2750.0, 36 months,11.48,B,104000.0,24.65,672.0,17.0,73.4,0.0,2.0,0.0,MORTGAGE,NY,10.0,0.0,4.0,0,major_purchase,0
10000.0, 36 months,6.99,A,47000.0,19.08,702.0,8.0,18.0,1.0,0.0,1.0,MORTGAGE,VA,10.0,0.0,2.0,0,debt_consolidation,1
2400.0, 36 months,7.91,A,26000.0,25.92,727.0,19.0,29.8,0.0,0.0,0.0,RENT,MA,8.0,0.0,0.0,0,debt_consolidation,0
12000.0, 36 months,5.32,A,130000.0,14.76,772.0,10.0,45.2,0.0,0.0,0.0,MORTGAGE,MD,10.0,0.0,3.0,0,debt_consolidation,0
4800.0, 36 months,9.17,B,55000.0,19.79,667.0,10.0,63.3,0.0,2.0,1.0,RENT,IL,3.0,0.0,0.0,0,debt_consolidation,0
20000.0, 36 months,10.78,B,75000.0,24.89,692.0,10.0,77.0,0.0,0.0,0.0,RENT,NY,1.0,0.0,0.0,0,debt_consolidation,0
7200.0, 36 months,12.88,C,64000.0,11.55,697.0,13.0,34.5,2.0,0.0,0.0,MORTGAGE,VA,1.0,0.0,0.0,0,car,0
10000.0, 36 months,12.88,C,68000.0,18.14,682.0,15.0,26.0,2.0,0.0,0.0,MORTGAGE,MI,10.0,0.0,1.0,0,credit_card,0
11000.0, 36 months,15.77,D,110000.0,14.45,662.0,16.0,44.2,2.0,0.0,0.0,MORTGAGE,FL,1.0,0.0,1.0,0,debt_consolidation,0
23250.0, 60 months,18.99,E,46500.0,17.28,692.0,9.0,63.0,1.0,0.0,0.0,RENT,FL,3.0,0.0,0.0,0,credit_card,0
12000.0, 36 months,11.99,C,45000.0,25.68,662.0,9.0,88.8,1.0,0.0,0.0,RENT,NH,10.0,0.0,0.0,0,debt_consolidation,0
24375.0, 60 months,18.99,E,53000.0,8.7,697.0,3.0,88.9,0.0,0.0,0.0,RENT,MD,8.0,0.0,0.0,0,home_improvement,0
5600.0, 36 months,13.44,C,57000.0,11.94,667.0,8.0,73.9,1.0,0.0,3.0,RENT,RI,2.0,0.0,0.0,0,credit_card,0
7000.0, 36 months,12.88,C,24000.0,36.2,677.0,5.0,78.8,0.0,0.0,0.0,OWN,CA,1.0,0.0,0.0,0,debt_consolidation,0
12000.0, 60 months,17.27,D,30000.0,12.2,662.0,12.0,64.2,0.0,0.0,0.0,MORTGAGE,SC,8.0,0.0,1.0,0,credit_card,1
20000.0, 36 months,7.49,A,89600.0,6.39,727.0,1.0,97.7,1.0,0.0,0.0,MORTGAGE,NJ,10.0,0.0,1.0,0,credit_card,0
25000.0, 60 months,19.89,E,93000.0,33.92,687.0,13.0,84.4,0.0,2.0,0.0,MORTGAGE,NY,10.0,0.0,1.0,0,debt_consolidation,0
15000.0, 60 months,17.97,D,55000.0,16.17,672.0,6.0,49.6,0.0,0.0,0.0,RENT,CA,9.0,0.0,0.0,0,debt_consolidation,1
20550.0, 36 months,17.27,D,70000.0,29.21,662.0,12.0,36.0,0.0,8.0,1.0,RENT,MN,6.0,0.0,3.0,0,debt_consolidation,0
10000.0, 36 months,8.49,B,68000.0,25.27,727.0,10.0,74.2,0.0,0.0,0.0,OWN,MA,10.0,0.0,5.0,0,home_improvement,0
5000.0, 36 months,6.99,A,51782.0,21.62,682.0,7.0,38.7,0.0,0.0,0.0,MORTGAGE,TX,3.0,0.0,4.0,0,credit_card,0
6400.0, 36 months,6.99,A,42000.0,17.29,707.0,11.0,41.5,0.0,0.0,0.0,MORTGAGE,VT,10.0,0.0,5.0,0,credit_card,0
10150.0, 60 months,18.99,E,80000.0,16.55,692.0,4.0,85.1,0.0,0.0,0.0,RENT,NY,10.0,0.0,0.0,0,medical,0
35000.0, 60 months,20.5,E,87250.0,17.04,662.0,8.0,95.3,0.0,0.0,0.0,MORTGAGE,AL,10.0,0.0,3.0,0,debt_consolidation,0
17500.0, 36 months,8.49,B,59000.0,18.96,717.0,7.0,70.3,0.0,0.0,0.0,MORTGAGE,LA,1.0,0.0,0.0,0,debt_consolidation,0
13000.0, 36 months,8.49,B,72000.0,12.5,682.0,19.0,40.7,0.0,0.0,0.0,RENT,CA,5.0,0.0,0.0,0,credit_card,1
19625.0, 36 months,18.49,D,79500.0,18.9,677.0,14.0,41.5,0.0,2.0,0.0,MORTGAGE,CA,5.0,0.0,0.0,0,debt_consolidation,0
12050.0, 36 months,11.48,B,63000.0,29.6,677.0,23.0,49.0,1.0,0.0,1.0,MORTGAGE,MA,10.0,0.0,3.0,0,debt_consolidation,0
24000.0, 36 months,8.49,B,107000.0,16.23,752.0,9.0,70.6,0.0,0.0,0.0,OWN,FL,1.0,0.0,1.0,0,debt_consolidation,0
19300.0, 36 months,13.44,C,48261.96,17.11,662.0,12.0,82.0,0.0,0.0,1.0,MORTGAGE,WI,,0.0,5.0,0,debt_consolidation,1
21200.0, 60 months,21.48,E,53000.0,25.26,672.0,10.0,73.4,2.0,0.0,0.0,MORTGAGE,NY,7.0,0.0,2.0,0,credit_card,1
13000.0, 60 months,8.49,B,80000.0,21.45,742.0,22.0,13.5,0.0,2.0,0.0,OWN,CA,7.0,0.0,1.0,0,credit_card,0
25000.0, 60 months,10.78,B,60000.0,21.96,717.0,13.0,17.8,0.0,0.0,0.0,OWN,MA,7.0,0.0,3.0,0,debt_consolidation,0
19800.0, 36 months,11.48,B,81400.0,22.56,667.0,11.0,64.9,0.0,0.0,1.0,MORTGAGE,IN,7.0,0.0,1.0,0,debt_consolidation,0
22000.0, 36 months,6.99,A,230000.0,13.6,692.0,7.0,81.1,1.0,0.0,0.0,MORTGAGE,VA,10.0,0.0,4.0,0,credit_card,0
9600.0, 36 months,9.17,B,92000.0,31.52,667.0,38.0,38.6,1.0,4.0,0.0,MORTGAGE,TX,1.0,0.0,0.0,0,debt_consolidation,0
12000.0, 36 months,13.44,C,58000.0,12.77,677.0,7.0,56.7,0.0,0.0,0.0,MORTGAGE,SC,5.0,0.0,4.0,0,debt_consolidation,0
14400.0, 60 months,16.59,D,93000.0,17.29,662.0,26.0,29.6,5.0,1.0,0.0,OWN,NY,10.0,0.0,8.0,0,debt_consolidation,1
5900.0, 36 months,9.17,B,37000.0,11.71,697.0,8.0,21.6,0.0,5.0,0.0,OWN,NC,10.0,0.0,0.0,0,credit_card,0
10925.0, 36 months,14.85,C,60000.0,17.44,697.0,7.0,81.0,0.0,0.0,0.0,RENT,NY,8.0,0.0,0.0,0,debt_consolidation,0
14600.0, 60 months,10.78,B,30458.0,29.35,702.0,11.0,48.2,0.0,0.0,0.0,RENT,MO,1.0,0.0,0.0,0,credit_card,0
10000.0, 36 months,10.78,B,50000.0,6.58,702.0,8.0,24.5,0.0,0.0,0.0,RENT,WA,8.0,0.0,0.0,0,credit_card,0
8400.0, 36 months,12.88,C,39000.0,34.4,682.0,5.0,83.1,0.0,0.0,0.0,RENT,TN,9.0,0.0,1.0,0,debt_consolidation,0
25000.0, 60 months,9.8,B,75900.0,6.92,697.0,8.0,19.1,0.0,0.0,1.0,MORTGAGE,TX,8.0,0.0,1.0,0,home_improvement,0
1400.0, 36 months,9.8,B,42000.0,38.71,682.0,24.0,23.6,0.0,0.0,1.0,MORTGAGE,NC,10.0,0.0,2.0,0,home_improvement,0
6000.0, 36 months,11.48,B,38000.0,13.61,662.0,21.0,98.9,0.0,0.0,0.0,RENT,CA,10.0,0.0,0.0,0,credit_card,1
9450.0, 36 months,21.48,E,60000.0,36.76,672.0,10.0,62.6,1.0,0.0,0.0,RENT,TX,1.0,0.0,0.0,0,debt_consolidation,1
3000.0, 36 months,11.48,B,26000.0,14.4,667.0,12.0,8.4,0.0,1.0,2.0,MORTGAGE,MI,10.0,0.0,4.0,0,other,0
20000.0, 36 months,13.44,C,65000.0,16.91,732.0,13.0,19.9,0.0,0.0,0.0,OWN,NH,10.0,0.0,0.0,0,debt_consolidation,0
1000.0, 36 months,12.88,C,70000.0,6.1,682.0,13.0,21.2,3.0,0.0,1.0,RENT,NV,10.0,0.0,1.0,0,other,0
10000.0, 36 months,18.49,D,77000.0,10.88,692.0,4.0,81.4,2.0,0.0,0.0,RENT,IL,10.0,0.0,0.0,0,debt_consolidation,0
7800.0, 36 months,6.49,A,70000.0,26.71,697.0,15.0,65.8,1.0,0.0,0.0,RENT,IL,2.0,0.0,1.0,0,debt_consolidation,0
15000.0, 36 months,12.88,C,43000.0,27.15,682.0,12.0,64.1,0.0,0.0,0.0,OWN,NY,10.0,0.0,0.0,0,debt_consolidation,0
16000.0, 36 months,11.48,B,75000.0,17.19,687.0,12.0,51.0,1.0,2.0,0.0,RENT,IL,3.0,0.0,0.0,0,debt_consolidation,0
16000.0, 36 months,5.32,A,120000.0,15.24,777.0,16.0,14.3,0.0,0.0,0.0,OWN,CA,5.0,0.0,4.0,0,debt_consolidation,0
5600.0, 36 months,8.49,B,30000.0,25.24,742.0,7.0,28.7,0.0,0.0,0.0,MORTGAGE,NV,1.0,0.0,1.0,0,home_improvement,0
25600.0, 36 months,13.99,C,108000.0,33.27,677.0,9.0,94.2,1.0,0.0,2.0,RENT,CA,10.0,0.0,2.0,0,debt_consolidation,0
21000.0, 36 months,13.44,C,115000.0,18.72,697.0,14.0,62.6,1.0,0.0,0.0,MORTGAGE,NC,2.0,0.0,2.0,0,debt_consolidation,0
24000.0, 60 months,14.85,C,48000.0,20.62,707.0,13.0,59.1,0.0,0.0,0.0,MORTGAGE,MN,1.0,0.0,1.0,0,debt_consolidation,0
13750.0, 60 months,23.13,F,81600.0,13.87,677.0,15.0,41.0,2.0,1.0,1.0,MORTGAGE,NV,10.0,0.0,1.0,0,debt_consolidation,1
6000.0, 36 months,16.59,D,48000.0,7.23,672.0,8.0,55.6,1.0,0.0,0.0,MORTGAGE,OH,8.0,0.0,0.0,0,debt_consolidation,1
10000.0, 36 months,5.32,A,67000.0,9.8,762.0,11.0,26.0,0.0,0.0,0.0,MORTGAGE,WA,4.0,0.0,0.0,0,debt_consolidation,0
20000.0, 36 months,11.48,B,96000.0,9.81,677.0,12.0,59.8,0.0,0.0,0.0,MORTGAGE,GA,2.0,0.0,4.0,0,credit_card,0
18000.0, 36 months,6.49,A,174000.0,17.03,752.0,15.0,46.9,0.0,0.0,0.0,MORTGAGE,CA,10.0,0.0,5.0,0,debt_consolidation,0
11825.0, 60 months,24.24,F,85000.0,21.4,662.0,13.0,47.0,1.0,0.0,1.0,RENT,TN,8.0,0.0,1.0,0,debt_consolidation,0
18225.0, 60 months,28.99,G,50000.0,20.91,672.0,13.0,88.5,2.0,0.0,0.0,RENT,NC,3.0,0.0,0.0,0,small_business,1
9275.0, 36 months,19.89,E,62000.0,14.34,692.0,32.0,28.0,3.0,0.0,0.0,MORTGAGE,MD,1.0,0.0,3.0,0,debt_consolidation,0
7000.0, 36 months,8.49,B,46000.0,1.54,712.0,4.0,23.5,0.0,0.0,1.0,RENT,MI,,0.0,1.0,0,debt_consolidation,0
20000.0, 36 months,5.32,A,51685.22,28.6,697.0,13.0,69.0,0.0,0.0,0.0,MORTGAGE,MI,4.0,0.0,1.0,0,debt_consolidation,0
6000.0, 36 months,9.8,B,60000.0,39.84,727.0,16.0,76.0,1.0,0.0,0.0,MORTGAGE,GA,1.0,0.0,2.0,0,home_improvement,0
12000.0, 36 months,10.78,B,54000.0,15.07,662.0,14.0,45.8,0.0,3.0,0.0,RENT,FL,1.0,0.0,0.0,0,debt_consolidation,0
19200.0, 60 months,15.77,D,113500.0,16.38,667.0,11.0,66.7,2.0,0.0,1.0,MORTGAGE,CO,10.0,0.0,2.0,0,debt_consolidation,0
32625.0, 60 months,17.97,D,68000.0,16.63,687.0,7.0,43.8,0.0,3.0,0.0,RENT,CA,1.0,0.0,6.0,0,debt_consolidation,1
28000.0, 36 months,7.91,A,115000.0,10.15,712.0,15.0,26.3,1.0,0.0,0.0,MORTGAGE,MD,8.0,0.0,2.0,0,credit_card,0
35000.0, 60 months,20.5,E,90000.0,11.89,667.0,14.0,65.0,1.0,0.0,0.0,RENT,CA,10.0,0.0,0.0,0,credit_card,0
7275.0, 36 months,16.59,D,80000.0,23.27,667.0,10.0,59.3,2.0,1.0,0.0,MORTGAGE,LA,8.0,0.0,1.0,0,debt_consolidation,0
10000.0, 36 months,9.8,B,40000.0,8.91,677.0,9.0,34.0,0.0,1.0,1.0,MORTGAGE,CA,9.0,0.0,1.0,0,debt_consolidation,0
25000.0, 60 months,13.99,C,150000.0,11.41,667.0,10.0,66.0,2.0,2.0,0.0,RENT,TX,2.0,0.0,2.0,0,credit_card,0
5000.0, 36 months,5.32,A,90000.0,4.38,797.0,17.0,6.6,0.0,0.0,0.0,MORTGAGE,GA,10.0,0.0,3.0,0,home_improvement,0
20000.0, 36 months,8.49,B,60000.0,34.56,692.0,13.0,61.5,0.0,0.0,0.0,MORTGAGE,CA,6.0,0.0,0.0,0,debt_consolidation,0
35000.0, 36 months,17.27,D,255000.0,13.68,672.0,14.0,76.5,1.0,0.0,0.0,MORTGAGE,FL,2.0,0.0,9.0,0,debt_consolidation,0
2500.0, 36 months,9.17,B,165000.0,8.56,677.0,8.0,86.7,0.0,2.0,0.0,MORTGAGE,VA,10.0,0.0,6.0,0,credit_card,0
5725.0, 36 months,12.88,C,12468.0,22.96,717.0,8.0,23.2,0.0,0.0,0.0,OWN,CA,,0.0,0.0,0,credit_card,0
12000.0, 36 months,10.78,B,42000.0,36.66,707.0,25.0,28.5,1.0,1.0,0.0,OWN,CA,10.0,0.0,0.0,0,credit_card,0
14150.0, 60 months,16.59,D,30798.0,9.28,682.0,4.0,26.0,2.0,0.0,0.0,RENT,OH,10.0,0.0,3.0,0,credit_card,1
22500.0, 36 months,13.99,C,45000.0,24.22,742.0,16.0,43.0,0.0,0.0,0.0,RENT,FL,9.0,0.0,0.0,0,credit_card,0
20000.0, 36 months,6.49,A,58000.0,14.34,827.0,8.0,14.3,0.0,0.0,0.0,OWN,MA,10.0,0.0,0.0,0,other,0
10000.0, 36 months,14.85,C,40000.0,23.64,672.0,8.0,57.3,1.0,0.0,0.0,RENT,AR,1.0,0.0,0.0,0,debt_consolidation,0
5000.0, 36 months,11.48,B,28000.0,25.46,667.0,15.0,28.3,0.0,1.0,1.0,MORTGAGE,AR,10.0,0.0,3.0,0,other,0
10000.0, 36 months,11.48,B,30048.0,17.85,667.0,4.0,86.9,0.0,0.0,0.0,RENT,MA,7.0,0.0,0.0,0,credit_card,0
5000.0, 36 months,13.44,C,35000.0,39.37,677.0,5.0,97.3,1.0,2.0,1.0,MORTGAGE,AR,6.0,0.0,4.0,0,debt_consolidation,1
6000.0, 36 months,9.8,B,151000.0,16.99,672.0,31.0,36.0,1.0,0.0,0.0,MORTGAGE,CO,5.0,0.0,0.0,0,credit_card,0
15000.0, 36 months,9.17,B,60000.0,28.2,692.0,20.0,57.0,2.0,1.0,0.0,RENT,NY,,0.0,0.0,0,credit_card,1
28000.0, 36 months,7.91,A,100000.0,28.01,702.0,11.0,90.7,0.0,0.0,0.0,RENT,KS,3.0,0.0,0.0,0,credit_card,1
8525.0, 36 months,13.44,C,60000.0,30.44,677.0,11.0,81.0,3.0,0.0,0.0,MORTGAGE,DE,4.0,0.0,4.0,0,credit_card,1
20000.0, 60 months,16.59,D,60000.0,31.88,707.0,11.0,41.2,0.0,0.0,1.0,RENT,CA,3.0,0.0,0.0,0,debt_consolidation,1
9000.0, 36 months,15.77,D,28000.0,12.39,677.0,12.0,42.9,1.0,0.0,0.0,MORTGAGE,WV,10.0,0.0,3.0,0,debt_consolidation,0
20000.0, 60 months,18.99,E,92000.0,36.12,697.0,17.0,42.4,0.0,0.0,0.0,MORTGAGE,VA,10.0,0.0,2.0,0,debt_consolidation,1
12000.0, 60 months,19.48,E,45000.0,28.56,747.0,11.0,15.0,0.0,0.0,0.0,OWN,NJ,4.0,0.0,0.0,0,home_improvement,0
4425.0, 36 months,14.85,C,48000.0,24.74,702.0,14.0,52.7,0.0,0.0,0.0,MORTGAGE,NV,10.0,0.0,2.0,0,debt_consolidation,1
8000.0, 36 months,8.49,B,60000.0,19.36,682.0,6.0,75.7,0.0,0.0,0.0,MORTGAGE,WA,1.0,0.0,0.0,0,debt_consolidation,0
28000.0, 60 months,8.49,B,82000.0,18.1,712.0,22.0,23.4,0.0,2.0,0.0,MORTGAGE,MO,10.0,0.0,2.0,0,debt_consolidation,0
16000.0, 60 months,13.99,C,83000.0,23.89,697.0,28.0,23.9,2.0,0.0,0.0,MORTGAGE,MA,2.0,0.0,5.0,0,debt_consolidation,0
26600.0, 60 months,19.48,E,65000.0,51.2,687.0,18.0,94.1,1.0,0.0,0.0,MORTGAGE,NY,9.0,0.0,3.0,0,debt_consolidation,0
9600.0, 36 months,11.48,B,60000.0,13.84,662.0,4.0,97.0,0.0,1.0,0.0,RENT,AZ,4.0,0.0,0.0,0,debt_consolidation,0
10800.0, 36 months,11.48,B,79000.0,10.57,692.0,9.0,48.1,0.0,0.0,0.0,RENT,OR,3.0,0.0,0.0,0,debt_consolidation,0
5500.0, 36 months,6.99,A,100000.0,23.02,777.0,19.0,41.5,0.0,0.0,0.0,MORTGAGE,FL,9.0,0.0,3.0,0,home_improvement,0
7200.0, 36 months,13.99,C,34000.0,8.4,662.0,6.0,36.5,4.0,0.0,1.0,RENT,CA,4.0,0.0,0.0,0,debt_consolidation,0
15000.0, 60 months,11.48,B,65000.0,8.44,697.0,13.0,27.7,1.0,1.0,0.0,RENT,NY,2.0,0.0,0.0,0,car,0
21000.0, 60 months,19.89,E,66500.0,26.76,687.0,19.0,38.1,0.0,0.0,0.0,RENT,CA,3.0,0.0,0.0,0,credit_card,1
22450.0, 36 months,11.48,B,56160.0,27.88,757.0,13.0,35.2,0.0,0.0,0.0,MORTGAGE,AR,8.0,0.0,2.0,0,debt_consolidation,0
30000.0, 60 months,9.8,B,90000.0,20.3,702.0,12.0,38.9,0.0,1.0,0.0,MORTGAGE,TX,5.0,0.0,7.0,0,credit_card,0
3000.0, 36 months,12.88,C,41000.0,22.01,697.0,14.0,37.5,0.0,0.0,0.0,RENT,UT,2.0,0.0,0.0,0,credit_card,1
17750.0, 60 months,9.17,B,47000.0,28.12,732.0,8.0,68.6,0.0,0.0,0.0,MORTGAGE,FL,5.0,0.0,1.0,0,credit_card,0
14075.0, 60 months,14.85,C,30600.0,26.27,717.0,7.0,33.5,0.0,0.0,0.0,MORTGAGE,FL,,0.0,0.0,0,debt_consolidation,1
11200.0, 36 months,13.44,C,28026.0,8.44,702.0,4.0,80.3,0.0,0.0,0.0,MORTGAGE,CA,,0.0,2.0,0,credit_card,0
11675.0, 60 months,17.97,D,50000.0,33.29,692.0,12.0,41.0,2.0,0.0,0.0,RENT,AZ,10.0,0.0,0.0,0,debt_consolidation,0
16050.0, 36 months,8.49,B,43000.0,28.36,677.0,16.0,21.5,2.0,0.0,1.0,OWN,FL,1.0,0.0,0.0,0,debt_consolidation,0
6000.0, 36 months,6.99,A,77000.0,8.95,722.0,8.0,75.4,0.0,0.0,0.0,OWN,CA,8.0,0.0,4.0,0,other,0
7025.0, 36 months,14.85,C,23427.0,20.65,672.0,5.0,56.3,0.0,1.0,0.0,OWN,AZ,10.0,0.0,0.0,0,other,0
15000.0, 36 months,9.17,B,110000.0,5.41,662.0,10.0,85.7,1.0,0.0,0.0,MORTGAGE,MA,4.0,0.0,2.0,0,home_improvement,0
30000.0, 36 months,11.99,C,77000.0,23.74,697.0,18.0,74.5,0.0,0.0,0.0,RENT,CA,10.0,0.0,0.0,0,credit_card,0
9200.0, 36 months,12.88,C,50000.0,23.16,667.0,10.0,78.0,0.0,0.0,0.0,MORTGAGE,LA,3.0,0.0,1.0,0,credit_card,0
15000.0, 60 months,16.59,D,34880.0,11.29,697.0,19.0,32.6,1.0,2.0,0.0,OWN,NV,,0.0,3.0,0,debt_consolidation,0
10000.0, 60 months,14.85,C,39000.0,30.68,717.0,26.0,50.3,0.0,0.0,0.0,MORTGAGE,WI,8.0,0.0,6.0,0,home_improvement,0
10000.0, 36 months,15.77,D,36048.0,31.89,672.0,7.0,40.8,0.0,0.0,0.0,RENT,FL,,0.0,0.0,0,vacation,0
10000.0, 36 months,8.49,B,120000.0,35.56,722.0,26.0,63.0,1.0,0.0,0.0,MORTGAGE,CT,10.0,0.0,4.0,0,credit_card,0
15000.0, 36 months,11.48,B,65000.0,2.01,672.0,8.0,44.0,0.0,0.0,0.0,MORTGAGE,MT,10.0,0.0,3.0,0,credit_card,0
30375.0, 36 months,16.59,D,120000.0,19.82,667.0,20.0,30.3,1.0,0.0,0.0,MORTGAGE,NJ,7.0,0.0,5.0,0,debt_consolidation,0
18000.0, 36 months,9.17,B,140000.0,10.05,702.0,17.0,60.2,1.0,0.0,0.0,MORTGAGE,NJ,10.0,0.0,3.0,0,debt_consolidation,0
10000.0, 36 months,6.99,A,90000.0,12.32,727.0,7.0,89.1,0.0,0.0,0.0,RENT,CA,9.0,0.0,0.0,0,debt_consolidation,0
35000.0, 36 months,11.48,B,112000.0,15.66,692.0,9.0,62.4,0.0,1.0,0.0,MORTGAGE,CO,3.0,0.0,6.0,0,credit_card,0
21000.0, 36 months,9.8,B,127000.0,23.94,692.0,23.0,25.7,1.0,0.0,1.0,MORTGAGE,CA,5.0,0.0,0.0,0,house,0
5000.0, 36 months,11.99,C,44268.0,20.36,682.0,8.0,71.0,2.0,0.0,0.0,MORTGAGE,NJ,,0.0,6.0,0,home_improvement,0
21000.0, 36 months,14.85,C,67000.0,36.24,692.0,20.0,64.8,1.0,0.0,0.0,OWN,OH,1.0,0.0,3.0,0,debt_consolidation,0
7000.0, 36 months,8.49,B,70000.0,18.04,677.0,9.0,79.3,0.0,0.0,0.0,MORTGAGE,OH,2.0,0.0,1.0,0,credit_card,1
20000.0, 36 months,9.8,B,58000.0,26.98,662.0,17.0,72.1,0.0,0.0,0.0,RENT,AK,10.0,0.0,0.0,0,debt_consolidation,0
28000.0, 60 months,17.97,D,120000.0,21.82,687.0,34.0,66.7,1.0,0.0,0.0,MORTGAGE,OR,10.0,0.0,1.0,0,credit_card,0
25000.0, 60 months,16.59,D,62000.0,34.59,712.0,12.0,71.4,0.0,0.0,0.0,RENT,MD,3.0,0.0,0.0,0,debt_consolidation,0
3600.0, 36 months,9.17,B,65986.0,11.46,672.0,16.0,12.2,1.0,0.0,1.0,OWN,TX,10.0,0.0,5.0,0,home_improvement,0
13925.0, 36 months,19.89,E,80000.0,21.77,682.0,8.0,96.0,2.0,0.0,0.0,MORTGAGE,MO,10.0,0.0,3.0,0,debt_consolidation,0
20000.0, 60 months,21.48,E,120000.0,14.71,692.0,13.0,88.4,4.0,0.0,0.0,RENT,CA,1.0,0.0,3.0,0,debt_consolidation,0
24925.0, 60 months,24.24,F,78000.0,25.85,662.0,8.0,19.9,1.0,0.0,1.0,RENT,CA,10.0,0.0,0.0,0,debt_consolidation,0
30225.0, 60 months,28.99,G,83400.0,21.56,697.0,8.0,49.0,1.0,0.0,1.0,RENT,NY,10.0,0.0,1.0,0,debt_consolidation,0
9600.0, 36 months,6.49,A,130000.0,15.88,767.0,11.0,48.9,2.0,0.0,0.0,MORTGAGE,AL,10.0,0.0,1.0,0,credit_card,0
12000.0, 36 months,8.49,B,100000.0,14.53,727.0,6.0,48.7,0.0,0.0,0.0,MORTGAGE,CA,6.0,0.0,1.0,0,credit_card,0
30000.0, 36 months,17.27,D,88000.0,28.06,672.0,11.0,62.5,0.0,0.0,0.0,MORTGAGE,TX,1.0,0.0,1.0,0,debt_consolidation,0
16000.0, 60 months,12.88,C,75000.0,33.82,677.0,16.0,92.0,2.0,0.0,0.0,MORTGAGE,CA,7.0,0.0,2.0,0,debt_consolidation,0
10000.0, 36 months,9.8,B,38480.0,23.71,717.0,17.0,80.3,0.0,0.0,0.0,RENT,VA,5.0,0.0,0.0,0,credit_card,1
8000.0, 36 months,9.17,B,90000.0,8.37,662.0,11.0,69.9,0.0,0.0,0.0,RENT,NY,2.0,0.0,1.0,0,credit_card,0
5400.0, 36 months,14.85,C,53000.0,28.83,712.0,24.0,51.3,0.0,0.0,0.0,RENT,OR,3.0,0.0,0.0,0,debt_consolidation,0
21000.0, 60 months,21.48,E,78000.0,20.74,707.0,17.0,79.4,2.0,0.0,0.0,MORTGAGE,IL,3.0,0.0,4.0,0,debt_consolidation,1
4800.0, 36 months,9.8,B,33000.0,6.91,697.0,7.0,34.4,0.0,0.0,1.0,RENT,NY,8.0,0.0,0.0,0,debt_consolidation,0
10000.0, 36 months,11.48,B,70000.0,28.27,667.0,13.0,60.9,0.0,0.0,0.0,MORTGAGE,WI,10.0,0.0,1.0,0,credit_card,0
13700.0, 36 months,17.97,D,38500.0,21.13,667.0,12.0,83.5,1.0,0.0,0.0,RENT,AZ,,0.0,0.0,0,debt_consolidation,1
15000.0, 36 months,13.99,C,62000.0,27.75,662.0,8.0,72.3,0.0,0.0,0.0,RENT,AK,8.0,0.0,0.0,0,debt_consolidation,1
12000.0, 60 months,18.49,D,25000.0,34.9,662.0,9.0,77.1,2.0,0.0,0.0,RENT,NY,10.0,0.0,0.0,0,debt_consolidation,0
12000.0, 36 months,7.91,A,46105.0,15.85,702.0,23.0,38.4,0.0,0.0,0.0,MORTGAGE,VA,,0.0,3.0,0,other,0
8500.0, 36 months,6.99,A,45000.0,14.61,692.0,7.0,50.1,0.0,0.0,0.0,RENT,SC,1.0,0.0,1.0,0,debt_consolidation,0
18000.0, 60 months,11.99,C,80000.0,14.41,692.0,12.0,58.3,1.0,2.0,0.0,MORTGAGE,NY,10.0,0.0,1.0,0,debt_consolidation,0
12500.0, 60 months,15.77,D,25000.0,7.44,697.0,2.0,92.1,0.0,0.0,0.0,MORTGAGE,GA,,0.0,2.0,0,debt_consolidation,0
15000.0, 36 months,10.78,B,35000.0,10.91,682.0,5.0,38.0,0.0,0.0,1.0,RENT,NY,4.0,0.0,0.0,0,credit_card,1
35000.0, 36 months,8.49,B,90000.0,15.71,707.0,16.0,18.3,0.0,0.0,0.0,OWN,TX,10.0,0.0,4.0,0,debt_consolidation,0
8000.0, 36 months,6.99,A,119000.0,7.48,687.0,6.0,38.0,0.0,2.0,0.0,RENT,NY,3.0,0.0,0.0,0,debt_consolidation,0
18000.0, 36 months,13.99,C,90000.0,37.49,717.0,16.0,47.3,0.0,0.0,0.0,MORTGAGE,MO,8.0,0.0,2.0,0,credit_card,0
11425.0, 60 months,17.97,D,38500.0,15.8,682.0,10.0,29.7,2.0,1.0,2.0,RENT,PA,2.0,0.0,0.0,0,debt_consolidation,1
10000.0, 36 months,7.49,A,115000.0,21.04,702.0,13.0,41.2,0.0,0.0,0.0,MORTGAGE,IL,1.0,0.0,3.0,0,home_improvement,0
16000.0, 60 months,15.77,D,65000.0,13.77,752.0,20.0,18.8,2.0,0.0,0.0,OWN,OH,9.0,0.0,0.0,0,credit_card,0
20000.0, 60 months,12.88,C,61339.0,2.11,682.0,3.0,67.0,2.0,0.0,0.0,MORTGAGE,CT,2.0,0.0,3.0,0,home_improvement,0
12000.0, 36 months,7.49,A,48000.0,25.05,687.0,27.0,31.0,1.0,1.0,0.0,MORTGAGE,AZ,,0.0,1.0,0,debt_consolidation,0
23450.0, 60 months,15.77,D,65440.0,30.92,742.0,8.0,89.7,0.0,0.0,0.0,MORTGAGE,FL,10.0,0.0,2.0,0,debt_consolidation,0
19300.0, 60 months,15.77,D,42000.0,34.4,682.0,8.0,80.7,0.0,0.0,0.0,MORTGAGE,TX,7.0,0.0,2.0,0,debt_consolidation,0
4500.0, 36 months,16.59,D,50000.0,8.35,682.0,12.0,30.0,0.0,1.0,0.0,RENT,OH,1.0,0.0,0.0,0,debt_consolidation,1
23850.0, 60 months,19.48,E,53000.0,26.02,662.0,10.0,30.0,3.0,1.0,0.0,MORTGAGE,FL,6.0,0.0,1.0,0,debt_consolidation,0
19525.0, 36 months,13.44,C,39072.0,20.42,757.0,8.0,44.5,0.0,0.0,0.0,MORTGAGE,FL,,0.0,1.0,0,debt_consolidation,0
28000.0, 60 months,19.89,E,125000.0,17.67,672.0,16.0,54.0,0.0,0.0,0.0,MORTGAGE,CO,6.0,0.0,2.0,0,debt_consolidation,0
24000.0, 36 months,13.99,C,78600.0,11.36,667.0,7.0,95.0,2.0,0.0,0.0,MORTGAGE,SC,1.0,0.0,1.0,0,credit_card,0
35000.0, 60 months,17.97,D,116000.0,18.08,692.0,14.0,42.7,0.0,0.0,0.0,MORTGAGE,IL,8.0,0.0,4.0,0,credit_card,0
19000.0, 60 months,16.59,D,55000.0,31.72,667.0,10.0,79.6,0.0,0.0,0.0,MORTGAGE,AZ,10.0,0.0,7.0,0,credit_card,0
16800.0, 36 months,7.91,A,78000.0,13.8,682.0,10.0,48.8,0.0,1.0,0.0,MORTGAGE,CA,9.0,0.0,3.0,0,debt_consolidation,0
10000.0, 36 months,7.91,A,75000.0,26.19,697.0,9.0,69.0,0.0,1.0,1.0,MORTGAGE,ME,10.0,0.0,1.0,0,debt_consolidation,0
12000.0, 36 months,8.49,B,52000.0,23.1,682.0,14.0,31.0,2.0,0.0,1.0,MORTGAGE,MI,8.0,0.0,1.0,0,debt_consolidation,1
28000.0, 36 months,6.49,A,130000.0,15.89,702.0,27.0,53.0,1.0,1.0,0.0,MORTGAGE,MI,10.0,0.0,5.0,0,credit_card,0
8000.0, 36 months,11.99,C,48000.0,8.78,677.0,6.0,73.3,0.0,0.0,0.0,MORTGAGE,AR,8.0,0.0,3.0,0,debt_consolidation,0
35000.0, 60 months,16.59,D,190000.0,13.38,712.0,16.0,44.0,0.0,0.0,0.0,OWN,MI,3.0,0.0,0.0,0,credit_card,0
10200.0, 60 months,14.85,C,37500.0,17.92,682.0,36.0,44.8,0.0,2.0,0.0,MORTGAGE,AL,6.0,0.0,3.0,0,debt_consolidation,1
11000.0, 36 months,6.49,A,62000.0,16.59,702.0,8.0,63.8,0.0,0.0,0.0,RENT,NY,3.0,0.0,0.0,0,debt_consolidation,0
34300.0, 60 months,18.49,D,78000.0,20.63,682.0,11.0,37.4,1.0,1.0,0.0,RENT,AZ,5.0,0.0,0.0,0,debt_consolidation,0
25000.0, 36 months,13.44,C,176000.0,15.91,707.0,9.0,90.8,0.0,0.0,0.0,MORTGAGE,MD,1.0,0.0,3.0,0,debt_consolidation,0
8000.0, 36 months,13.44,C,95000.0,38.42,682.0,14.0,62.8,0.0,0.0,0.0,RENT,FL,4.0,0.0,0.0,0,debt_consolidation,0
8000.0, 36 months,11.48,B,125000.0,38.65,677.0,13.0,99.2,0.0,1.0,0.0,MORTGAGE,GA,5.0,0.0,3.0,0,debt_consolidation,0
11500.0, 36 months,18.49,D,32000.0,38.45,662.0,19.0,69.0,0.0,0.0,0.0,MORTGAGE,TX,3.0,0.0,0.0,0,debt_consolidation,0
18025.0, 36 months,13.44,C,48000.0,24.95,662.0,15.0,59.7,0.0,0.0,1.0,MORTGAGE,IN,1.0,0.0,1.0,0,credit_card,0
9400.0, 36 months,11.48,B,100000.0,14.77,712.0,6.0,48.5,0.0,0.0,1.0,RENT,TX,10.0,0.0,0.0,0,debt_consolidation,0
9000.0, 36 months,6.99,A,75000.0,11.82,792.0,5.0,14.6,0.0,0.0,0.0,MORTGAGE,CO,10.0,0.0,5.0,0,debt_consolidation,0
18000.0, 36 months,12.88,C,49583.0,38.45,677.0,6.0,87.0,0.0,0.0,0.0,OWN,WA,10.0,0.0,5.0,0,debt_consolidation,0
7700.0, 36 months,11.48,B,90000.0,12.02,662.0,7.0,95.9,2.0,0.0,0.0,RENT,CA,5.0,0.0,0.0,0,credit_card,0
5000.0, 36 months,9.8,B,47000.0,16.47,702.0,7.0,52.7,0.0,0.0,0.0,MORTGAGE,FL,2.0,0.0,1.0,0,debt_consolidation,0
15000.0, 36 months,21.48,E,75000.0,14.97,672.0,14.0,30.2,3.0,0.0,2.0,MORTGAGE,VA,8.0,0.0,3.0,0,small_business,1
8000.0, 36 months,13.99,C,90000.0,2.55,662.0,5.0,87.9,1.0,0.0,2.0,OWN,GA,7.0,0.0,5.0,0,debt_consolidation,0
8000.0, 36 months,13.44,C,98500.0,9.23,667.0,18.0,41.2,1.0,0.0,2.0,RENT,NY,10.0,0.0,0.0,0,debt_consolidation,0
10000.0, 36 months,17.97,D,80000.0,9.62,662.0,27.0,35.6,4.0,1.0,0.0,RENT,MI,1.0,0.0,0.0,0,debt_consolidation,0
10000.0, 36 months,8.49,B,100000.0,5.27,672.0,9.0,35.1,0.0,0.0,0.0,RENT,CA,10.0,0.0,0.0,0,debt_consolidation,0
15000.0, 60 months,12.88,C,55000.0,32.05,667.0,10.0,69.0,1.0,0.0,1.0,MORTGAGE,PA,10.0,0.0,1.0,0,debt_consolidation,1
16000.0, 36 months,11.48,B,36400.0,9.96,702.0,4.0,59.8,0.0,0.0,0.0,RENT,NY,5.0,0.0,0.0,0,credit_card,0
28050.0, 60 months,18.99,E,159500.0,11.62,672.0,17.0,22.6,2.0,0.0,2.0,RENT,GA,1.0,0.0,2.0,0,debt_consolidation,0
19200.0, 60 months,14.85,C,48961.0,25.47,727.0,11.0,90.5,0.0,0.0,0.0,MORTGAGE,WI,5.0,0.0,1.0,0,debt_consolidation,1
12000.0, 60 months,13.44,C,35000.0,29.8,662.0,10.0,75.3,1.0,0.0,1.0,RENT,OK,2.0,0.0,0.0,0,debt_consolidation,0
15000.0, 36 months,9.17,B,50000.0,18.44,732.0,14.0,42.3,0.0,0.0,0.0,MORTGAGE,KY,8.0,0.0,2.0,0,debt_consolidation,0
6000.0, 36 months,6.49,A,90000.0,6.55,682.0,13.0,6.5,0.0,0.0,2.0,RENT,UT,10.0,0.0,0.0,0,debt_consolidation,0
20000.0, 36 months,10.78,B,231000.0,20.09,692.0,16.0,76.8,2.0,0.0,0.0,MORTGAGE,ME,10.0,0.0,4.0,0,debt_consolidation,0
10400.0, 60 months,15.77,D,55000.0,11.35,697.0,10.0,47.6,2.0,0.0,0.0,RENT,OH,2.0,0.0,1.0,0,debt_consolidation,1
15000.0, 36 months,9.8,B,92000.0,6.17,662.0,9.0,72.8,0.0,0.0,3.0,RENT,CA,4.0,0.0,2.0,0,credit_card,0
13200.0, 60 months,13.99,C,60000.0,16.98,682.0,5.0,88.8,1.0,0.0,0.0,RENT,NJ,8.0,0.0,0.0,0,debt_consolidation,0
15000.0, 60 months,11.99,C,47000.0,10.11,692.0,8.0,43.5,1.0,0.0,0.0,RENT,MD,2.0,0.0,2.0,0,credit_card,0
25000.0, 36 months,13.44,C,70000.0,22.15,757.0,9.0,10.5,1.0,0.0,0.0,RENT,OK,3.0,0.0,0.0,0,debt_consolidation,1
2950.0, 36 months,13.99,C,70000.0,20.47,672.0,11.0,41.0,0.0,0.0,0.0,RENT,TX,10.0,0.0,0.0,0,credit_card,0
12500.0, 36 months,9.17,B,34000.0,12.9,712.0,9.0,58.7,0.0,0.0,0.0,RENT,IN,5.0,0.0,0.0,0,debt_consolidation,0
12000.0, 36 months,12.88,C,160000.0,18.95,667.0,16.0,67.9,0.0,0.0,0.0,MORTGAGE,GA,2.0,0.0,4.0,0,debt_consolidation,1
35000.0, 36 months,13.99,C,83000.0,15.49,717.0,14.0,60.1,0.0,0.0,0.0,MORTGAGE,MA,4.0,0.0,1.0,0,debt_consolidation,0
11000.0, 60 months,19.89,E,40000.0,27.3,667.0,8.0,40.6,1.0,0.0,0.0,RENT,NC,5.0,0.0,0.0,0,debt_consolidation,0
8800.0, 36 months,7.49,A,64000.0,12.43,717.0,9.0,45.6,0.0,0.0,0.0,MORTGAGE,MN,8.0,0.0,1.0,0,debt_consolidation,0
30150.0, 60 months,21.48,E,67000.0,22.01,677.0,11.0,94.0,0.0,0.0,0.0,MORTGAGE,FL,10.0,0.0,4.0,0,credit_card,0
24000.0, 36 months,6.49,A,155000.0,27.15,697.0,25.0,55.1,1.0,0.0,0.0,MORTGAGE,MN,10.0,0.0,3.0,0,credit_card,0
15000.0, 36 months,6.49,A,60000.0,15.86,697.0,7.0,38.4,0.0,0.0,0.0,MORTGAGE,AZ,10.0,0.0,6.0,0,credit_card,0
12000.0, 36 months,9.8,B,65000.0,7.37,672.0,8.0,50.0,1.0,0.0,1.0,MORTGAGE,FL,5.0,0.0,1.0,0,debt_consolidation,0
24000.0, 36 months,9.17,B,195000.0,12.54,677.0,17.0,38.1,1.0,0.0,0.0,RENT,TX,10.0,0.0,3.0,0,other,1
7000.0, 36 months,6.99,A,79000.0,21.67,712.0,18.0,29.2,0.0,0.0,0.0,MORTGAGE,CO,1.0,0.0,3.0,0,debt_consolidation,0
12000.0, 36 months,7.49,A,41000.0,5.71,682.0,11.0,0.4,0.0,0.0,0.0,MORTGAGE,UT,,0.0,4.0,0,credit_card,0
10100.0, 36 months,5.32,A,45000.0,9.47,707.0,10.0,32.2,0.0,1.0,0.0,MORTGAGE,NY,10.0,0.0,2.0,0,debt_consolidation,0
10000.0, 36 months,9.8,B,100000.0,4.84,667.0,9.0,89.7,0.0,0.0,0.0,RENT,TX,1.0,0.0,0.0,0,credit_card,1
6500.0, 36 months,10.78,B,22000.0,33.99,662.0,9.0,39.7,0.0,0.0,1.0,OWN,NV,1.0,0.0,0.0,0,credit_card,0
10000.0, 36 months,14.85,C,42000.0,19.23,697.0,8.0,17.8,0.0,0.0,0.0,MORTGAGE,TX,4.0,0.0,1.0,0,other,0
24000.0, 60 months,11.48,B,200000.0,20.93,677.0,22.0,88.0,1.0,0.0,0.0,MORTGAGE,VA,1.0,0.0,3.0,0,other,0
15300.0, 60 months,22.45,F,45000.0,27.44,687.0,9.0,84.5,1.0,0.0,0.0,OWN,WV,2.0,0.0,0.0,0,debt_consolidation,1
12000.0, 60 months,13.99,C,45000.0,37.81,677.0,12.0,71.6,0.0,0.0,0.0,RENT,CA,2.0,0.0,0.0,0,debt_consolidation,0
20000.0, 60 months,10.78,B,65000.0,24.31,742.0,17.0,44.7,3.0,0.0,0.0,MORTGAGE,NY,10.0,0.0,2.0,0,debt_consolidation,0
15000.0, 36 months,10.78,B,65000.0,24.1,677.0,24.0,8.9,1.0,1.0,0.0,MORTGAGE,NM,2.0,0.0,3.0,0,credit_card,0
14225.0, 60 months,17.97,D,35600.0,24.24,672.0,11.0,75.9,0.0,0.0,0.0,OWN,IL,1.0,0.0,0.0,0,debt_consolidation,1
12000.0, 60 months,9.17,B,69824.0,11.74,752.0,12.0,24.1,0.0,0.0,0.0,RENT,NY,3.0,0.0,0.0,0,debt_consolidation,0
11000.0, 60 months,9.17,B,87000.0,18.88,712.0,22.0,11.6,1.0,0.0,0.0,RENT,MD,10.0,0.0,3.0,0,debt_consolidation,1
18000.0, 36 months,5.32,A,135000.0,8.48,757.0,9.0,24.5,0.0,0.0,0.0,RENT,VA,1.0,0.0,0.0,0,other,0
12000.0, 60 months,11.99,C,98000.0,10.36,682.0,13.0,47.9,0.0,0.0,0.0,RENT,RI,5.0,0.0,0.0,0,debt_consolidation,0
6775.0, 36 months,11.99,C,170000.0,2.49,682.0,8.0,30.0,1.0,1.0,0.0,MORTGAGE,MI,10.0,0.0,1.0,0,small_business,0
33500.0, 60 months,13.99,C,265000.0,25.96,707.0,20.0,54.0,1.0,0.0,1.0,MORTGAGE,GA,5.0,0.0,6.0,0,debt_consolidation,1
12000.0, 36 months,11.99,C,46000.0,13.93,717.0,8.0,25.9,0.0,0.0,0.0,RENT,MA,1.0,0.0,0.0,0,debt_consolidation,0
15000.0, 36 months,17.97,D,69000.0,16.92,667.0,20.0,29.0,0.0,1.0,0.0,RENT,OH,6.0,0.0,0.0,0,debt_consolidation,0
10000.0, 36 months,11.99,C,65000.0,4.69,662.0,16.0,42.7,1.0,0.0,0.0,MORTGAGE,MO,10.0,0.0,5.0,0,credit_card,0
28000.0, 60 months,18.49,D,76000.0,13.66,697.0,12.0,64.3,1.0,0.0,0.0,OWN,AZ,10.0,0.0,0.0,0,credit_card,0
1500.0, 36 months,13.99,C,48000.0,24.33,687.0,6.0,53.0,0.0,0.0,1.0,RENT,AL,10.0,0.0,2.0,0,other,0
11825.0, 36 months,13.44,C,26900.0,28.87,697.0,11.0,65.0,0.0,0.0,0.0,RENT,CA,4.0,0.0,0.0,0,debt_consolidation,0
2000.0, 36 months,13.44,C,33000.0,38.33,692.0,10.0,37.2,1.0,0.0,0.0,OWN,TX,1.0,0.0,4.0,0,debt_consolidation,0
10000.0, 36 months,7.91,A,162000.0,38.86,692.0,27.0,83.0,0.0,0.0,0.0,MORTGAGE,CT,10.0,0.0,3.0,0,credit_card,0
16700.0, 36 months,8.49,B,42000.0,19.66,692.0,11.0,54.0,1.0,0.0,0.0,MORTGAGE,CA,1.0,0.0,5.0,0,debt_consolidation,1
10000.0, 60 months,19.48,E,67900.0,13.01,672.0,12.0,55.6,1.0,0.0,1.0,MORTGAGE,IN,7.0,0.0,4.0,0,debt_consolidation,0
12000.0, 60 months,9.8,B,85000.0,18.03,687.0,17.0,50.3,0.0,2.0,0.0,MORTGAGE,MO,6.0,0.0,4.0,0,debt_consolidation,1
5000.0, 36 months,18.49,D,38000.0,22.96,667.0,8.0,27.8,2.0,0.0,1.0,OWN,MI,10.0,0.0,1.0,0,house,1
5000.0, 36 months,10.78,B,56000.0,15.5,672.0,6.0,49.8,0.0,0.0,0.0,RENT,TX,10.0,0.0,0.0,0,debt_consolidation,0
12000.0, 36 months,7.49,A,75000.0,24.94,772.0,13.0,9.1,1.0,0.0,0.0,RENT,MT,10.0,0.0,3.0,0,car,0
8000.0, 36 months,11.48,B,65000.0,13.0,662.0,6.0,70.4,0.0,0.0,1.0,MORTGAGE,TX,10.0,0.0,2.0,0,vacation,0
14400.0, 60 months,11.99,C,80000.0,9.17,677.0,12.0,49.5,1.0,2.0,0.0,MORTGAGE,CA,10.0,0.0,2.0,0,debt_consolidation,0
35000.0, 60 months,11.99,C,116000.0,11.39,697.0,15.0,38.5,0.0,0.0,0.0,MORTGAGE,WI,2.0,0.0,1.0,0,credit_card,0
10000.0, 60 months,17.27,D,110000.0,16.43,667.0,29.0,62.3,4.0,0.0,0.0,RENT,MD,1.0,0.0,0.0,0,other,0
15000.0, 60 months,13.44,C,60000.0,10.32,677.0,9.0,47.5,0.0,0.0,1.0,MORTGAGE,NJ,10.0,0.0,6.0,0,debt_consolidation,1
20000.0, 60 months,16.59,D,100000.0,12.38,692.0,14.0,93.5,1.0,0.0,0.0,MORTGAGE,CA,10.0,0.0,5.0,0,debt_consolidation,1
30000.0, 60 months,15.77,D,85000.0,25.38,762.0,26.0,31.8,1.0,0.0,0.0,MORTGAGE,OH,10.0,0.0,3.0,0,debt_consolidation,1
25000.0, 36 months,14.85,C,81000.0,16.79,677.0,6.0,78.6,1.0,1.0,0.0,MORTGAGE,CA,8.0,0.0,4.0,0,debt_consolidation,0
25000.0, 36 months,15.77,D,105000.0,10.19,667.0,6.0,0.2,1.0,0.0,1.0,MORTGAGE,GA,7.0,0.0,2.0,0,home_improvement,1
12000.0, 60 months,11.99,C,70000.0,19.0,742.0,39.0,4.9,1.0,0.0,0.0,RENT,TX,10.0,0.0,0.0,0,debt_consolidation,0
12000.0, 36 months,5.32,A,134000.0,6.65,812.0,6.0,13.5,0.0,0.0,0.0,MORTGAGE,NY,9.0,0.0,2.0,0,debt_consolidation,0
15000.0, 36 months,8.49,B,36000.0,28.43,732.0,14.0,35.2,1.0,1.0,0.0,MORTGAGE,OK,10.0,0.0,5.0,0,debt_consolidation,0
20000.0, 36 months,6.49,A,75000.0,21.62,692.0,13.0,49.8,0.0,0.0,1.0,OWN,MO,2.0,0.0,0.0,0,credit_card,0
8400.0, 36 months,9.17,B,62000.0,10.88,752.0,12.0,40.9,1.0,0.0,0.0,MORTGAGE,MI,10.0,0.0,3.0,0,debt_consolidation,0
6000.0, 36 months,9.8,B,24000.0,18.15,667.0,8.0,30.0,0.0,2.0,0.0,RENT,CA,1.0,0.0,0.0,0,debt_consolidation,0
20000.0, 36 months,6.49,A,150000.0,1.14,772.0,4.0,80.8,0.0,0.0,0.0,MORTGAGE,CA,6.0,0.0,2.0,0,credit_card,0
8000.0, 36 months,7.49,A,46000.0,19.7,697.0,12.0,45.3,0.0,0.0,0.0,RENT,CA,3.0,0.0,3.0,0,credit_card,0
19675.0, 60 months,16.59,D,82000.0,17.77,672.0,16.0,69.0,0.0,0.0,1.0,MORTGAGE,OH,3.0,0.0,3.0,0,debt_consolidation,0
15200.0, 36 months,9.8,B,55000.0,16.07,732.0,6.0,60.6,0.0,0.0,0.0,RENT,TX,5.0,0.0,0.0,0,debt_consolidation,0
22000.0, 36 months,7.91,A,90000.0,17.59,712.0,12.0,54.8,0.0,1.0,0.0,RENT,CT,1.0,0.0,2.0,0,debt_consolidation,0
12000.0, 60 months,17.97,D,40000.0,33.48,677.0,11.0,52.9,1.0,0.0,1.0,MORTGAGE,IN,5.0,0.0,3.0,0,home_improvement,0
12000.0, 36 months,6.49,A,50000.0,28.18,752.0,9.0,30.2,0.0,0.0,0.0,RENT,NC,10.0,0.0,0.0,0,debt_consolidation,0
15600.0, 60 months,13.99,C,60000.0,18.76,697.0,13.0,11.5,0.0,1.0,0.0,RENT,VA,1.0,0.0,0.0,0,debt_consolidation,0
10000.0, 36 months,16.59,D,75000.0,21.31,672.0,11.0,85.5,0.0,0.0,0.0,MORTGAGE,LA,3.0,0.0,1.0,0,medical,0
33600.0, 60 months,19.48,E,110000.0,16.32,687.0,17.0,70.6,0.0,0.0,0.0,MORTGAGE,NC,8.0,0.0,5.0,0,debt_consolidation,0
15000.0, 36 months,5.32,A,85000.0,18.48,737.0,15.0,41.5,0.0,0.0,0.0,RENT,NJ,10.0,0.0,0.0,0,credit_card,0
21675.0, 36 months,17.27,D,61000.0,23.23,662.0,10.0,71.7,0.0,0.0,0.0,RENT,CA,10.0,0.0,0.0,0,debt_consolidation,0
10000.0, 60 months,14.85,C,125000.0,9.33,677.0,18.0,49.7,1.0,1.0,0.0,MORTGAGE,FL,2.0,0.0,2.0,0,debt_consolidation,1
24000.0, 36 months,6.49,A,65000.0,16.97,802.0,12.0,16.1,0.0,0.0,0.0,MORTGAGE,TX,3.0,0.0,3.0,0,debt_consolidation,0
13600.0, 60 months,19.48,E,247000.0,11.44,707.0,10.0,47.3,0.0,1.0,0.0,MORTGAGE,MO,6.0,0.0,6.0,0,small_business,0
2400.0, 36 months,9.17,B,250000.0,7.46,667.0,10.0,85.4,0.0,0.0,1.0,RENT,CA,1.0,0.0,0.0,0,debt_consolidation,0
15000.0, 60 months,13.99,C,70000.0,4.32,702.0,6.0,69.6,1.0,0.0,0.0,OWN,CA,10.0,0.0,6.0,0,credit_card,0
3425.0, 36 months,15.77,D,40000.0,21.57,677.0,7.0,76.0,0.0,0.0,1.0,RENT,PA,,0.0,0.0,0,debt_consolidation,0
15000.0, 60 months,15.77,D,42000.0,18.6,697.0,7.0,52.1,1.0,0.0,0.0,RENT,MO,2.0,0.0,1.0,0,debt_consolidation,0
5000.0, 36 months,6.99,A,45000.0,12.24,702.0,9.0,49.0,0.0,0.0,0.0,OWN,NM,5.0,0.0,0.0,0,credit_card,0
3500.0, 36 months,11.48,B,17000.0,6.0,707.0,7.0,83.4,0.0,0.0,0.0,RENT,OR,1.0,0.0,0.0,0,credit_card,0
15000.0, 36 months,14.85,C,60000.0,31.76,682.0,15.0,21.9,0.0,0.0,0.0,OWN,TX,1.0,0.0,2.0,0,house,0
15000.0, 36 months,10.78,B,45000.0,17.28,722.0,8.0,40.3,0.0,0.0,0.0,MORTGAGE,FL,,0.0,2.0,0,credit_card,0
18000.0, 60 months,11.99,C,120000.0,19.46,682.0,12.0,75.2,1.0,0.0,1.0,MORTGAGE,AZ,2.0,0.0,5.0,0,credit_card,0
12875.0, 36 months,15.77,D,70000.0,19.66,662.0,17.0,67.1,0.0,0.0,1.0,RENT,HI,2.0,0.0,5.0,0,debt_consolidation,0
22000.0, 60 months,10.78,B,100000.0,6.82,712.0,8.0,44.0,2.0,0.0,0.0,MORTGAGE,MN,10.0,0.0,0.0,0,debt_consolidation,0
16000.0, 36 months,17.27,D,32000.0,35.3,677.0,11.0,79.7,0.0,0.0,0.0,MORTGAGE,MO,4.0,0.0,0.0,0,credit_card,0
21000.0, 60 months,17.27,D,83700.0,35.08,702.0,11.0,56.8,1.0,0.0,2.0,RENT,ME,2.0,0.0,0.0,0,debt_consolidation,0
24000.0, 60 months,7.49,A,147000.0,23.81,712.0,13.0,64.9,0.0,0.0,0.0,OWN,TX,10.0,0.0,2.0,0,home_improvement,0
5500.0, 36 months,6.49,A,47000.0,16.32,737.0,11.0,22.2,0.0,0.0,0.0,RENT,PA,1.0,0.0,0.0,0,credit_card,0
20000.0, 36 months,10.78,B,82988.0,13.01,707.0,12.0,62.0,0.0,0.0,0.0,RENT,VA,3.0,0.0,0.0,0,credit_card,0
25000.0, 60 months,19.48,E,50000.0,27.96,712.0,21.0,30.3,1.0,1.0,1.0,RENT,CA,1.0,0.0,3.0,0,credit_card,0
5000.0, 36 months,7.49,A,84000.0,8.62,697.0,10.0,73.0,0.0,1.0,0.0,RENT,NJ,2.0,0.0,0.0,0,credit_card,0
24000.0, 36 months,9.17,B,145000.0,4.37,707.0,29.0,48.0,0.0,0.0,0.0,RENT,NY,2.0,0.0,0.0,0,credit_card,0
32000.0, 36 months,12.88,C,180000.0,6.36,667.0,16.0,71.0,2.0,0.0,3.0,MORTGAGE,MI,10.0,0.0,3.0,0,debt_consolidation,0
12000.0, 36 months,8.49,B,130000.0,4.82,692.0,13.0,23.7,1.0,4.0,0.0,RENT,MN,10.0,0.0,4.0,0,debt_consolidation,0
3400.0, 36 months,9.8,B,45000.0,15.09,702.0,12.0,28.7,0.0,2.0,0.0,MORTGAGE,NV,10.0,0.0,1.0,0,home_improvement,0
20000.0, 36 months,10.78,B,50000.0,11.28,682.0,7.0,69.8,1.0,0.0,0.0,RENT,NY,7.0,0.0,0.0,0,debt_consolidation,0
12000.0, 36 months,13.44,C,50000.0,24.57,702.0,7.0,54.0,2.0,0.0,0.0,RENT,NE,10.0,0.0,1.0,0,debt_consolidation,0
16500.0, 36 months,8.49,B,55000.0,15.54,707.0,9.0,60.2,0.0,0.0,0.0,RENT,TX,1.0,0.0,0.0,0,credit_card,0
14000.0, 36 months,11.48,B,52000.0,31.13,672.0,25.0,84.2,0.0,1.0,1.0,RENT,TX,4.0,0.0,0.0,0,debt_consolidation,0
22000.0, 36 months,9.8,B,80000.0,12.08,687.0,10.0,54.1,0.0,0.0,0.0,RENT,NY,7.0,0.0,0.0,0,debt_consolidation,0
13800.0, 36 months,11.99,C,50000.0,19.49,737.0,4.0,97.4,0.0,0.0,0.0,MORTGAGE,FL,10.0,0.0,2.0,0,credit_card,0
6000.0, 36 months,5.32,A,59000.0,10.59,757.0,11.0,18.4,0.0,0.0,0.0,MORTGAGE,NH,7.0,0.0,1.0,0,major_purchase,0
13000.0, 60 months,7.91,A,60000.0,7.9,712.0,6.0,48.0,0.0,0.0,1.0,RENT,PA,10.0,0.0,2.0,0,debt_consolidation,0
12500.0, 36 months,11.99,C,45000.0,13.71,687.0,8.0,19.0,2.0,0.0,1.0,MORTGAGE,OR,10.0,0.0,9.0,0,debt_consolidation,0
15000.0, 36 months,5.32,A,99000.0,2.08,827.0,8.0,6.3,0.0,0.0,0.0,OWN,CA,10.0,0.0,4.0,0,home_improvement,0
12000.0, 60 months,21.48,E,160000.0,18.09,692.0,14.0,63.9,0.0,2.0,0.0,MORTGAGE,NY,1.0,0.0,4.0,0,other,1
8000.0, 36 months,8.49,B,75000.0,7.39,682.0,17.0,42.9,0.0,0.0,1.0,RENT,NY,10.0,0.0,0.0,0,debt_consolidation,0
9425.0, 36 months,11.99,C,31000.0,27.52,672.0,12.0,53.1,0.0,0.0,0.0,RENT,MA,2.0,0.0,0.0,0,credit_card,0
20000.0, 36 months,13.99,C,53000.0,20.54,692.0,13.0,54.9,2.0,0.0,0.0,RENT,NJ,10.0,0.0,0.0,0,debt_consolidation,0
24000.0, 36 months,8.49,B,525000.0,5.14,667.0,9.0,87.0,1.0,0.0,1.0,MORTGAGE,FL,4.0,0.0,7.0,0,credit_card,0
23050.0, 36 months,12.88,C,60000.0,33.78,682.0,17.0,84.4,0.0,0.0,0.0,RENT,CA,3.0,0.0,0.0,0,debt_consolidation,1
15000.0, 36 months,9.8,B,60000.0,14.56,707.0,6.0,18.7,0.0,0.0,3.0,RENT,CA,5.0,0.0,0.0,0,house,0
9000.0, 36 months,9.17,B,47000.0,26.0,752.0,8.0,35.3,0.0,0.0,0.0,MORTGAGE,GA,5.0,0.0,1.0,0,debt_consolidation,0
15000.0, 36 months,10.78,B,35000.0,30.98,692.0,24.0,29.8,0.0,1.0,0.0,MORTGAGE,KY,,0.0,4.0,0,credit_card,0
10000.0, 36 months,11.99,C,35000.0,36.21,737.0,12.0,7.4,1.0,1.0,0.0,RENT,FL,8.0,0.0,0.0,0,house,0
7200.0, 36 months,12.88,C,55000.0,18.5,677.0,7.0,46.1,2.0,0.0,0.0,RENT,KY,1.0,0.0,0.0,0,debt_consolidation,0
7200.0, 36 months,10.78,B,102000.0,17.08,697.0,4.0,43.4,0.0,0.0,0.0,MORTGAGE,WA,4.0,0.0,2.0,0,debt_consolidation,0
8000.0, 36 months,11.99,C,50000.0,15.19,687.0,6.0,20.8,1.0,0.0,0.0,RENT,CA,8.0,0.0,0.0,0,debt_consolidation,0
21000.0, 36 months,8.49,B,92000.0,19.89,767.0,12.0,37.0,2.0,0.0,0.0,MORTGAGE,HI,10.0,0.0,2.0,0,debt_consolidation,0
6000.0, 36 months,10.78,B,100000.0,24.34,687.0,10.0,69.7,1.0,0.0,0.0,RENT,NY,10.0,0.0,1.0,0,vacation,0
20000.0, 36 months,11.99,C,65000.0,12.87,712.0,23.0,7.3,1.0,0.0,0.0,MORTGAGE,MI,10.0,0.0,4.0,0,credit_card,0
24000.0, 36 months,5.32,A,120000.0,27.06,732.0,10.0,22.5,0.0,0.0,0.0,MORTGAGE,FL,10.0,0.0,0.0,0,debt_consolidation,0
14000.0, 60 months,13.44,C,40000.0,15.54,692.0,6.0,65.0,0.0,0.0,0.0,RENT,VA,5.0,0.0,0.0,0,debt_consolidation,0
18675.0, 60 months,18.49,D,65000.0,26.74,677.0,17.0,71.3,0.0,1.0,0.0,RENT,MD,7.0,0.0,0.0,0,debt_consolidation,0
24000.0, 36 months,11.48,B,95000.0,23.43,712.0,21.0,45.7,1.0,0.0,0.0,MORTGAGE,CA,10.0,0.0,1.0,0,credit_card,0
2500.0, 36 months,13.99,C,40000.0,26.55,727.0,6.0,27.5,0.0,0.0,0.0,RENT,NC,2.0,0.0,0.0,0,debt_consolidation,0
10000.0, 60 months,17.27,D,33500.0,35.9,677.0,15.0,33.8,1.0,0.0,1.0,MORTGAGE,IL,,0.0,2.0,0,credit_card,0
15000.0, 36 months,11.48,B,155000.0,13.76,692.0,10.0,30.3,1.0,1.0,0.0,RENT,CA,2.0,1.0,0.0,0,debt_consolidation,0
24000.0, 36 months,6.49,A,110000.0,7.87,712.0,15.0,37.4,0.0,0.0,0.0,OWN,CA,10.0,0.0,8.0,0,credit_card,0
16800.0, 60 months,11.99,C,80000.0,10.58,712.0,9.0,32.1,0.0,0.0,0.0,OWN,MI,4.0,0.0,0.0,0,credit_card,0
16225.0, 36 months,15.77,D,55000.0,17.94,692.0,11.0,37.1,0.0,0.0,0.0,MORTGAGE,TX,3.0,0.0,2.0,0,debt_consolidation,0
31200.0, 36 months,11.99,C,100000.0,8.34,697.0,6.0,56.5,2.0,0.0,0.0,RENT,PA,4.0,0.0,0.0,0,debt_consolidation,0
10000.0, 36 months,8.49,B,55000.0,11.08,697.0,8.0,68.2,0.0,0.0,1.0,MORTGAGE,TX,10.0,0.0,3.0,0,debt_consolidation,0
24000.0, 60 months,15.77,D,65000.0,27.58,667.0,18.0,81.0,1.0,1.0,1.0,MORTGAGE,VA,10.0,0.0,2.0,0,debt_consolidation,1
35000.0, 60 months,14.85,C,150000.0,31.65,712.0,14.0,94.0,0.0,0.0,0.0,MORTGAGE,VA,10.0,0.0,2.0,0,debt_consolidation,1
35000.0, 36 months,14.85,C,80365.0,21.79,682.0,10.0,106.1,0.0,0.0,0.0,RENT,IL,1.0,0.0,0.0,0,debt_consolidation,0
16400.0, 36 months,7.49,A,80000.0,11.84,742.0,10.0,62.7,0.0,0.0,0.0,MORTGAGE,WI,10.0,0.0,4.0,0,credit_card,0
20000.0, 60 months,18.49,D,54000.0,30.27,677.0,14.0,48.4,1.0,0.0,0.0,MORTGAGE,GA,10.0,0.0,3.0,0,debt_consolidation,1
30000.0, 36 months,6.99,A,75000.0,18.91,752.0,15.0,23.0,0.0,0.0,0.0,RENT,KS,2.0,0.0,1.0,0,debt_consolidation,0
24000.0, 36 months,6.49,A,145000.0,18.4,697.0,22.0,81.9,1.0,0.0,0.0,MORTGAGE,TX,4.0,0.0,3.0,0,credit_card,0
6000.0, 36 months,7.91,A,46000.0,4.38,682.0,4.0,88.4,1.0,0.0,0.0,MORTGAGE,OH,2.0,0.0,2.0,0,credit_card,0
15600.0, 36 months,9.8,B,54000.0,19.33,682.0,26.0,14.7,0.0,0.0,0.0,MORTGAGE,NV,10.0,0.0,2.0,0,debt_consolidation,0
4000.0, 36 months,9.8,B,80000.0,4.79,667.0,12.0,32.7,0.0,1.0,0.0,RENT,NY,9.0,0.0,0.0,0,debt_consolidation,0
8000.0, 36 months,8.49,B,55000.0,20.18,667.0,6.0,40.0,1.0,1.0,1.0,RENT,TN,1.0,0.0,1.0,0,credit_card,1
24000.0, 60 months,9.17,B,100000.0,18.6,707.0,16.0,33.8,0.0,0.0,0.0,RENT,NJ,1.0,0.0,0.0,0,debt_consolidation,0
35000.0, 60 months,21.48,E,180000.0,7.28,672.0,25.0,34.7,0.0,0.0,0.0,MORTGAGE,GA,2.0,0.0,2.0,0,small_business,1
22025.0, 36 months,18.99,E,145000.0,18.56,692.0,9.0,86.0,1.0,0.0,0.0,RENT,TX,1.0,0.0,1.0,0,credit_card,0
10000.0, 36 months,6.49,A,80000.0,22.17,697.0,16.0,44.1,2.0,0.0,0.0,MORTGAGE,PA,10.0,0.0,4.0,0,debt_consolidation,0
14000.0, 60 months,13.44,C,80000.0,20.73,762.0,23.0,25.3,0.0,0.0,0.0,MORTGAGE,NC,2.0,0.0,0.0,0,home_improvement,0
35000.0, 60 months,11.48,B,200000.0,6.34,697.0,10.0,63.8,0.0,1.0,0.0,MORTGAGE,CA,10.0,0.0,4.0,0,debt_consolidation,0
17500.0, 60 months,14.85,C,93288.0,23.9,682.0,10.0,80.1,1.0,1.0,0.0,RENT,MD,,0.0,6.0,0,debt_consolidation,0
6500.0, 36 months,7.91,A,85000.0,3.97,707.0,9.0,27.6,0.0,3.0,0.0,MORTGAGE,NY,10.0,0.0,2.0,0,debt_consolidation,0
5000.0, 36 months,13.99,C,70000.0,24.26,692.0,18.0,45.8,2.0,0.0,0.0,RENT,WA,2.0,0.0,0.0,0,credit_card,1
10000.0, 36 months,7.91,A,52000.0,27.65,692.0,9.0,77.0,1.0,0.0,0.0,RENT,MT,8.0,0.0,1.0,0,debt_consolidation,0
9000.0, 36 months,11.48,B,128000.0,17.72,672.0,12.0,89.2,1.0,1.0,0.0,OWN,NY,10.0,0.0,2.0,0,other,1
5500.0, 36 months,9.17,B,39000.0,17.11,662.0,7.0,48.0,1.0,0.0,1.0,MORTGAGE,KY,9.0,0.0,1.0,0,credit_card,0
9000.0, 36 months,9.8,B,70000.0,23.11,672.0,13.0,49.2,0.0,0.0,1.0,RENT,NJ,1.0,0.0,0.0,0,credit_card,0
3500.0, 36 months,18.49,D,56000.0,14.57,667.0,5.0,35.6,1.0,0.0,1.0,RENT,IN,7.0,0.0,0.0,0,debt_consolidation,0
12000.0, 36 months,5.32,A,110000.0,13.58,697.0,17.0,52.4,1.0,0.0,0.0,RENT,IL,1.0,0.0,0.0,0,debt_consolidation,0
25000.0, 60 months,9.17,B,140000.0,17.91,767.0,24.0,29.4,0.0,0.0,0.0,MORTGAGE,NJ,2.0,0.0,3.0,0,credit_card,0
35000.0, 36 months,11.48,B,110000.0,24.98,672.0,27.0,12.7,0.0,0.0,0.0,OWN,VA,10.0,0.0,5.0,0,debt_consolidation,0
30000.0, 60 months,16.59,D,125000.0,32.13,677.0,11.0,83.7,0.0,0.0,0.0,MORTGAGE,FL,10.0,0.0,1.0,0,debt_consolidation,0
6275.0, 36 months,5.32,A,60000.0,2.78,762.0,7.0,16.8,1.0,0.0,0.0,OWN,NV,1.0,0.0,0.0,0,debt_consolidation,0
28000.0, 36 months,6.99,A,425000.0,2.49,727.0,13.0,10.4,1.0,1.0,0.0,MORTGAGE,WA,7.0,0.0,14.0,0,home_improvement,1
20000.0, 60 months,13.44,C,80000.0,16.7,697.0,18.0,82.1,0.0,0.0,0.0,RENT,NY,3.0,0.0,0.0,0,credit_card,0
20000.0, 36 months,9.17,B,48000.0,20.78,677.0,14.0,66.9,0.0,0.0,0.0,MORTGAGE,TX,8.0,0.0,3.0,0,debt_consolidation,1
5000.0, 36 months,14.85,C,90000.0,23.01,682.0,12.0,48.6,2.0,0.0,0.0,MORTGAGE,TX,8.0,0.0,2.0,0,moving,0
8325.0, 36 months,12.88,C,27000.0,27.69,662.0,9.0,44.8,0.0,0.0,0.0,RENT,FL,6.0,0.0,0.0,0,medical,1
17000.0, 36 months,10.78,B,139000.0,30.46,667.0,19.0,46.9,0.0,2.0,0.0,MORTGAGE,CA,4.0,0.0,1.0,0,credit_card,0
16000.0, 36 months,9.8,B,60000.0,15.3,697.0,6.0,71.6,0.0,0.0,0.0,RENT,GA,8.0,0.0,0.0,0,credit_card,0
8950.0, 36 months,8.49,B,48000.0,8.06,662.0,4.0,45.3,1.0,0.0,2.0,MORTGAGE,NY,10.0,0.0,2.0,0,credit_card,0
11200.0, 36 months,11.48,B,60000.0,18.94,662.0,10.0,66.7,0.0,1.0,0.0,MORTGAGE,FL,4.0,0.0,2.0,0,credit_card,0
14400.0, 60 months,17.97,D,40000.0,7.59,677.0,8.0,73.5,1.0,0.0,0.0,MORTGAGE,SD,5.0,0.0,1.0,0,debt_consolidation,1
10000.0, 36 months,9.8,B,50000.0,27.44,717.0,15.0,35.5,3.0,0.0,0.0,RENT,CA,10.0,0.0,0.0,0,debt_consolidation,0
18000.0, 60 months,15.77,D,54000.0,25.67,667.0,15.0,22.9,1.0,0.0,1.0,RENT,IN,10.0,0.0,2.0,0,debt_consolidation,0
15100.0, 60 months,16.59,D,42000.0,26.31,682.0,15.0,68.6,0.0,0.0,0.0,MORTGAGE,KY,3.0,0.0,1.0,0,debt_consolidation,0
24000.0, 60 months,11.99,C,200000.0,23.65,717.0,12.0,93.7,2.0,0.0,0.0,MORTGAGE,MA,3.0,0.0,4.0,0,credit_card,0
8800.0, 36 months,15.77,D,60000.0,15.92,692.0,6.0,21.4,0.0,0.0,0.0,OWN,NY,3.0,0.0,0.0,0,other,1
20000.0, 36 months,14.85,C,91255.0,13.2,667.0,4.0,87.7,1.0,1.0,0.0,RENT,KS,10.0,0.0,1.0,0,medical,0
15525.0, 60 months,18.99,E,37000.0,31.43,702.0,10.0,95.8,2.0,0.0,0.0,RENT,WI,10.0,0.0,0.0,0,debt_consolidation,0
12975.0, 60 months,17.97,D,116000.0,27.8,707.0,16.0,43.7,1.0,0.0,0.0,MORTGAGE,TX,2.0,0.0,0.0,0,credit_card,0
10800.0, 60 months,15.77,D,87261.0,7.89,672.0,10.0,51.4,1.0,0.0,7.0,RENT,CA,2.0,0.0,0.0,0,debt_consolidation,0
10000.0, 36 months,9.8,B,46000.0,33.39,702.0,16.0,54.8,1.0,0.0,0.0,MORTGAGE,KS,7.0,0.0,1.0,0,home_improvement,0
24000.0, 60 months,7.91,A,250000.0,15.82,742.0,22.0,35.0,3.0,0.0,0.0,MORTGAGE,NY,10.0,0.0,4.0,0,debt_consolidation,0
30000.0, 60 months,9.17,B,150000.0,17.27,717.0,23.0,43.2,0.0,0.0,0.0,RENT,NJ,1.0,0.0,0.0,0,credit_card,1
4500.0, 36 months,11.99,C,64000.0,27.45,667.0,13.0,56.9,0.0,2.0,0.0,OWN,MN,3.0,0.0,0.0,0,home_improvement,0
6475.0, 36 months,15.77,D,80000.0,12.26,707.0,6.0,17.6,1.0,0.0,0.0,MORTGAGE,GA,10.0,0.0,2.0,0,debt_consolidation,0
9475.0, 36 months,19.48,E,50000.0,19.49,662.0,20.0,26.4,2.0,0.0,0.0,OWN,PA,5.0,0.0,0.0,0,other,1
6000.0, 36 months,13.44,C,60000.0,10.28,697.0,8.0,4.8,0.0,0.0,0.0,RENT,MS,6.0,0.0,0.0,0,major_purchase,0
8000.0, 36 months,9.17,B,53000.0,27.94,677.0,17.0,46.0,2.0,7.0,2.0,MORTGAGE,FL,10.0,0.0,1.0,0,debt_consolidation,0
28000.0, 36 months,6.49,A,125000.0,18.63,697.0,19.0,68.0,0.0,1.0,0.0,MORTGAGE,NJ,10.0,0.0,4.0,0,credit_card,0
6525.0, 36 months,17.97,D,65000.0,27.02,662.0,12.0,49.3,2.0,7.0,0.0,RENT,NJ,,0.0,2.0,0,debt_consolidation,1
6000.0, 36 months,13.44,C,35000.0,16.74,677.0,6.0,75.8,1.0,0.0,0.0,RENT,CA,6.0,0.0,0.0,0,debt_consolidation,0
12000.0, 36 months,11.48,B,60000.0,21.78,702.0,7.0,55.0,0.0,0.0,1.0,RENT,HI,8.0,0.0,0.0,0,debt_consolidation,0
4000.0, 36 months,12.88,C,130000.0,14.01,687.0,7.0,93.4,0.0,0.0,0.0,MORTGAGE,FL,10.0,0.0,2.0,0,other,0
28000.0, 60 months,16.59,D,95660.0,32.71,677.0,16.0,92.7,0.0,0.0,0.0,MORTGAGE,MO,10.0,0.0,3.0,0,home_improvement,1
20000.0, 36 months,13.99,C,70000.0,33.48,662.0,13.0,74.5,0.0,0.0,0.0,RENT,CA,2.0,0.0,2.0,0,debt_consolidation,1
4000.0, 36 months,12.88,C,80000.0,6.45,667.0,8.0,31.0,1.0,0.0,0.0,RENT,FL,10.0,0.0,0.0,0,debt_consolidation,0
28000.0, 60 months,15.77,D,90000.0,36.36,707.0,9.0,37.8,2.0,0.0,0.0,MORTGAGE,AK,5.0,0.0,1.0,0,debt_consolidation,1
8000.0, 36 months,7.91,A,65000.0,24.5,682.0,19.0,51.2,0.0,0.0,0.0,MORTGAGE,FL,,0.0,5.0,0,credit_card,0
16000.0, 36 months,11.48,B,101000.0,26.76,742.0,15.0,52.0,0.0,0.0,0.0,RENT,CA,10.0,0.0,0.0,0,debt_consolidation,0
20800.0, 60 months,9.8,B,81000.0,22.73,727.0,10.0,43.0,0.0,0.0,0.0,MORTGAGE,TN,2.0,0.0,2.0,0,credit_card,0
20000.0, 36 months,11.48,B,250000.0,17.08,687.0,18.0,54.2,0.0,0.0,0.0,OWN,MA,10.0,0.0,5.0,0,debt_consolidation,0
30400.0, 36 months,10.78,B,90000.0,13.27,662.0,5.0,82.3,0.0,2.0,0.0,RENT,MA,10.0,0.0,0.0,0,debt_consolidation,0
15000.0, 36 months,11.99,C,80000.0,22.14,697.0,7.0,64.7,0.0,0.0,0.0,RENT,NC,2.0,0.0,0.0,0,debt_consolidation,0
12000.0, 36 months,5.32,A,65000.0,7.4,752.0,5.0,56.9,0.0,0.0,0.0,MORTGAGE,NY,5.0,0.0,1.0,0,credit_card,0
15000.0, 36 months,9.8,B,125000.0,11.11,707.0,15.0,44.8,0.0,0.0,0.0,MORTGAGE,FL,8.0,0.0,2.0,0,home_improvement,0
23500.0, 60 months,9.17,B,60000.0,21.15,692.0,6.0,96.9,0.0,0.0,0.0,RENT,CT,3.0,0.0,0.0,0,credit_card,0
30000.0, 60 months,9.8,B,104000.0,22.57,727.0,23.0,47.2,1.0,0.0,0.0,MORTGAGE,MO,1.0,0.0,4.0,0,credit_card,0
21000.0, 36 months,10.78,B,130000.0,13.72,732.0,14.0,64.4,0.0,0.0,0.0,MORTGAGE,VA,10.0,0.0,4.0,0,debt_consolidation,0
16000.0, 36 months,18.49,D,57000.0,27.15,687.0,10.0,68.2,3.0,0.0,0.0,RENT,NY,10.0,0.0,0.0,0,debt_consolidation,0
24000.0, 60 months,12.88,C,68000.0,23.91,717.0,12.0,56.2,0.0,0.0,0.0,RENT,FL,4.0,0.0,1.0,0,debt_consolidation,0
12000.0, 36 months,6.49,A,100000.0,14.58,742.0,6.0,26.5,0.0,0.0,0.0,RENT,CO,1.0,0.0,0.0,0,credit_card,0
6475.0, 36 months,19.89,E,30000.0,32.12,677.0,12.0,29.0,2.0,0.0,1.0,RENT,FL,10.0,0.0,0.0,0,home_improvement,0
20000.0, 60 months,13.44,C,120000.0,9.6,737.0,2.0,68.3,0.0,0.0,0.0,MORTGAGE,CO,3.0,0.0,3.0,0,home_improvement,0
14400.0, 60 months,9.8,B,62000.0,17.03,737.0,11.0,33.1,0.0,1.0,1.0,RENT,NY,10.0,0.0,0.0,0,debt_consolidation,0
15000.0, 36 months,16.59,D,67000.0,15.22,682.0,6.0,64.0,1.0,0.0,0.0,OWN,TX,1.0,0.0,0.0,0,other,0
24500.0, 36 months,7.49,A,79000.0,7.98,687.0,7.0,72.3,0.0,0.0,0.0,RENT,CO,4.0,0.0,0.0,0,debt_consolidation,0
8000.0, 36 months,12.88,C,78000.0,13.15,672.0,7.0,38.9,1.0,0.0,0.0,MORTGAGE,TX,2.0,0.0,1.0,0,major_purchase,0
1675.0, 36 months,14.85,C,25000.0,7.63,662.0,7.0,39.7,0.0,0.0,0.0,MORTGAGE,CA,2.0,0.0,2.0,0,debt_consolidation,0
11675.0, 36 months,10.78,B,100000.0,18.1,677.0,11.0,79.0,2.0,0.0,0.0,MORTGAGE,VA,4.0,0.0,3.0,0,credit_card,0
8000.0, 36 months,9.17,B,60768.0,12.56,747.0,10.0,20.7,0.0,0.0,0.0,RENT,AK,6.0,0.0,0.0,0,credit_card,0
18000.0, 36 months,9.8,B,250000.0,14.24,672.0,14.0,78.3,0.0,0.0,6.0,MORTGAGE,GA,10.0,0.0,7.0,0,debt_consolidation,0
15000.0, 60 months,11.99,C,135000.0,6.64,677.0,9.0,81.6,0.0,1.0,0.0,OWN,CT,10.0,0.0,3.0,0,credit_card,0
20000.0, 60 months,14.85,C,80000.0,25.17,687.0,16.0,83.7,1.0,0.0,0.0,MORTGAGE,TX,8.0,0.0,0.0,0,credit_card,1
8000.0, 36 months,17.27,D,35000.0,20.54,677.0,12.0,52.0,1.0,0.0,0.0,RENT,OR,1.0,0.0,0.0,0,debt_consolidation,1
12000.0, 60 months,12.88,C,62000.0,21.06,742.0,6.0,97.9,0.0,0.0,0.0,MORTGAGE,AZ,10.0,0.0,9.0,0,credit_card,0
25000.0, 60 months,15.77,D,65000.0,36.83,717.0,9.0,97.6,0.0,0.0,0.0,OWN,WA,6.0,0.0,0.0,0,other,0
15000.0, 36 months,11.99,C,68000.0,13.61,672.0,7.0,61.8,0.0,0.0,0.0,RENT,CA,10.0,0.0,0.0,0,debt_consolidation,0
12000.0, 36 months,6.99,A,45000.0,15.52,742.0,9.0,40.5,0.0,0.0,0.0,MORTGAGE,PA,1.0,0.0,1.0,0,debt_consolidation,0
20000.0, 36 months,7.91,A,117000.0,27.9,727.0,14.0,54.4,0.0,0.0,0.0,MORTGAGE,CO,2.0,0.0,4.0,0,debt_consolidation,0
1500.0, 36 months,13.44,C,39600.0,22.51,702.0,12.0,61.5,0.0,0.0,0.0,RENT,VA,1.0,0.0,0.0,0,major_purchase,0
12000.0, 36 months,9.17,B,90000.0,11.76,667.0,20.0,51.3,3.0,5.0,0.0,RENT,IL,1.0,0.0,0.0,0,debt_consolidation,1
12000.0, 36 months,12.88,C,54000.0,16.0,667.0,9.0,57.2,0.0,0.0,1.0,RENT,NV,10.0,0.0,0.0,0,credit_card,0
11000.0, 36 months,13.99,C,30600.0,30.67,762.0,6.0,19.3,0.0,0.0,0.0,RENT,MD,2.0,0.0,0.0,0,other,1
22925.0, 60 months,16.55,D,49872.95,24.62,722.0,7.0,60.9,0.0,0.0,0.0,MORTGAGE,MN,6.0,0.0,2.0,0,debt_consolidation,1
18000.0, 36 months,11.48,B,220000.0,19.56,702.0,20.0,35.1,1.0,0.0,0.0,MORTGAGE,TX,10.0,0.0,6.0,0,debt_consolidation,0
24000.0, 36 months,5.32,A,74000.0,14.77,757.0,19.0,35.1,0.0,0.0,0.0,RENT,PA,1.0,0.0,2.0,0,debt_consolidation,0
20000.0, 60 months,17.27,D,81360.0,27.78,762.0,16.0,26.6,0.0,0.0,0.0,MORTGAGE,CT,10.0,0.0,3.0,0,debt_consolidation,0
16800.0, 60 months,23.13,F,50000.0,28.61,677.0,19.0,51.1,1.0,0.0,1.0,RENT,KY,1.0,0.0,5.0,0,debt_consolidation,1
12000.0, 60 months,10.78,B,58000.0,19.9,687.0,22.0,35.2,0.0,0.0,2.0,RENT,MD,1.0,0.0,0.0,0,debt_consolidation,0
35000.0, 36 months,9.17,B,123000.0,23.98,752.0,16.0,22.9,2.0,0.0,0.0,MORTGAGE,KY,1.0,0.0,4.0,0,credit_card,0
16200.0, 60 months,10.78,B,60000.0,25.5,737.0,9.0,44.5,0.0,0.0,0.0,MORTGAGE,NJ,10.0,0.0,5.0,0,credit_card,0
3600.0, 36 months,13.99,C,65000.0,18.41,712.0,9.0,53.3,0.0,0.0,0.0,OWN,OH,10.0,0.0,1.0,0,other,1
12000.0, 36 months,9.8,B,34180.0,30.34,727.0,6.0,69.2,1.0,0.0,0.0,RENT,MD,,0.0,0.0,0,debt_consolidation,0
5000.0, 36 months,10.78,B,65631.9,18.12,682.0,19.0,53.8,1.0,3.0,0.0,MORTGAGE,CA,10.0,0.0,3.0,0,debt_consolidation,0
13000.0, 36 months,5.32,A,72000.0,21.02,782.0,10.0,17.2,0.0,0.0,0.0,MORTGAGE,FL,1.0,0.0,1.0,0,debt_consolidation,0
20000.0, 60 months,13.99,C,62000.0,18.65,682.0,9.0,76.2,3.0,0.0,0.0,OWN,IL,1.0,0.0,2.0,0,credit_card,0
5000.0, 36 months,7.91,A,53000.0,11.5,707.0,15.0,36.1,0.0,0.0,0.0,RENT,CA,10.0,0.0,0.0,0,credit_card,0
10550.0, 36 months,17.97,D,24000.0,25.75,722.0,5.0,26.0,1.0,0.0,0.0,RENT,CA,6.0,0.0,0.0,0,debt_consolidation,0
13000.0, 60 months,11.99,C,63000.0,24.7,717.0,10.0,55.8,0.0,1.0,0.0,MORTGAGE,TX,8.0,0.0,2.0,0,credit_card,0
5000.0, 36 months,9.17,B,65000.0,15.39,662.0,7.0,24.6,0.0,3.0,0.0,MORTGAGE,CA,5.0,0.0,4.0,0,debt_consolidation,0
4000.0, 36 months,9.8,B,104000.0,17.01,662.0,6.0,86.8,0.0,1.0,0.0,MORTGAGE,FL,10.0,0.0,3.0,0,debt_consolidation,0
35000.0, 60 months,14.85,C,333600.0,4.29,732.0,8.0,43.4,0.0,0.0,0.0,OWN,VA,4.0,0.0,2.0,0,small_business,0
5600.0, 36 months,13.44,C,46000.0,7.99,672.0,10.0,91.9,1.0,0.0,0.0,RENT,NY,8.0,0.0,0.0,0,debt_consolidation,0
9600.0, 36 months,9.8,B,54000.0,11.61,692.0,11.0,48.0,0.0,0.0,0.0,MORTGAGE,VA,10.0,0.0,2.0,0,debt_consolidation,0
5000.0, 36 months,17.27,D,100000.0,31.1,692.0,8.0,101.8,0.0,1.0,0.0,MORTGAGE,CA,7.0,0.0,2.0,0,other,0
30000.0, 36 months,11.99,C,110723.0,28.82,727.0,8.0,84.6,1.0,0.0,0.0,RENT,CA,4.0,0.0,3.0,0,credit_card,1
7675.0, 36 months,11.48,B,35000.0,10.12,767.0,10.0,15.2,0.0,0.0,0.0,OWN,OR,2.0,0.0,0.0,0,major_purchase,1
26025.0, 60 months,21.48,E,101000.0,11.8,662.0,6.0,59.9,0.0,0.0,0.0,MORTGAGE,CA,10.0,0.0,6.0,0,debt_consolidation,0
5000.0, 36 months,10.78,B,14400.0,12.25,672.0,4.0,63.8,0.0,0.0,1.0,OWN,WA,,0.0,0.0,0,debt_consolidation,1
20000.0, 36 months,7.49,A,80000.0,20.16,687.0,19.0,43.2,0.0,0.0,0.0,MORTGAGE,LA,10.0,0.0,2.0,0,debt_consolidation,0
5000.0, 36 months,13.44,C,25000.0,29.91,662.0,7.0,78.9,1.0,1.0,0.0,OWN,IN,1.0,0.0,0.0,0,debt_consolidation,0
26000.0, 36 months,14.85,C,108000.0,29.88,712.0,15.0,48.2,0.0,0.0,0.0,MORTGAGE,WA,10.0,0.0,2.0,0,debt_consolidation,0
12000.0, 60 months,9.8,B,55000.0,19.99,722.0,7.0,63.5,0.0,0.0,0.0,RENT,PA,3.0,0.0,0.0,0,credit_card,0
30000.0, 60 months,23.13,F,100000.0,26.66,667.0,18.0,48.5,0.0,0.0,0.0,MORTGAGE,NC,,0.0,2.0,0,debt_consolidation,1
10000.0, 36 months,11.99,C,47000.0,17.31,677.0,13.0,33.7,1.0,0.0,0.0,MORTGAGE,NY,8.0,0.0,1.0,0,debt_consolidation,0
7850.0, 36 months,17.27,D,45000.0,28.96,662.0,10.0,85.9,1.0,0.0,0.0,RENT,TX,1.0,0.0,0.0,0,debt_consolidation,0
24000.0, 60 months,12.88,C,67600.0,20.6,692.0,13.0,48.8,0.0,0.0,0.0,RENT,TX,2.0,0.0,0.0,0,debt_consolidation,0
35000.0, 60 months,19.89,E,166400.0,5.99,662.0,5.0,43.0,2.0,0.0,1.0,MORTGAGE,MD,3.0,0.0,4.0,0,home_improvement,1
30000.0, 36 months,15.77,D,80000.0,16.97,687.0,12.0,46.3,0.0,0.0,1.0,RENT,WA,4.0,0.0,0.0,0,debt_consolidation,0
11900.0, 60 months,13.44,C,34000.0,34.7,672.0,18.0,61.0,0.0,0.0,1.0,MORTGAGE,MI,,0.0,0.0,0,credit_card,1
15375.0, 60 months,18.49,D,89450.55,8.21,717.0,6.0,63.7,0.0,0.0,0.0,RENT,NY,10.0,0.0,0.0,0,other,0
9400.0, 36 months,8.49,B,31000.0,11.11,677.0,4.0,67.6,0.0,0.0,1.0,RENT,FL,7.0,0.0,1.0,0,credit_card,0
24000.0, 36 months,6.99,A,92000.0,19.83,742.0,9.0,59.0,1.0,0.0,0.0,MORTGAGE,KS,10.0,0.0,6.0,0,debt_consolidation,0
21000.0, 60 months,19.48,E,120000.0,24.44,697.0,11.0,67.1,0.0,0.0,0.0,RENT,CA,1.0,0.0,0.0,0,debt_consolidation,1
8950.0, 36 months,6.49,A,72576.0,1.27,702.0,5.0,30.0,1.0,0.0,1.0,MORTGAGE,CA,6.0,0.0,3.0,0,debt_consolidation,0
12000.0, 36 months,15.77,D,120000.0,7.7,752.0,28.0,5.0,5.0,0.0,0.0,MORTGAGE,CA,8.0,0.0,2.0,0,home_improvement,0
10850.0, 36 months,15.77,D,65000.0,13.42,697.0,16.0,22.6,1.0,0.0,0.0,RENT,MA,2.0,0.0,0.0,0,debt_consolidation,0
10850.0, 36 months,12.88,C,50000.0,16.77,707.0,11.0,35.0,1.0,0.0,0.0,MORTGAGE,AL,10.0,0.0,4.0,0,debt_consolidation,0
14000.0, 60 months,9.8,B,120000.0,29.2,682.0,13.0,87.0,0.0,0.0,0.0,MORTGAGE,NY,10.0,0.0,5.0,0,credit_card,0
10000.0, 36 months,13.99,C,41200.0,18.23,667.0,8.0,70.6,1.0,0.0,2.0,RENT,MN,1.0,0.0,0.0,0,debt_consolidation,0
22000.0, 60 months,17.97,D,57000.0,29.12,682.0,21.0,55.9,2.0,0.0,0.0,MORTGAGE,OH,10.0,0.0,3.0,0,debt_consolidation,0
10000.0, 60 months,20.5,E,75000.0,12.13,687.0,13.0,52.0,1.0,0.0,0.0,RENT,NY,1.0,0.0,0.0,0,small_business,0
10000.0, 36 months,11.48,B,58196.4,27.92,717.0,11.0,80.2,1.0,0.0,0.0,RENT,MA,2.0,0.0,0.0,0,credit_card,0
12450.0, 60 months,21.48,E,41558.0,21.72,677.0,8.0,101.2,0.0,1.0,0.0,MORTGAGE,MD,6.0,0.0,2.0,0,debt_consolidation,1
2525.0, 36 months,19.89,E,28750.0,37.91,677.0,10.0,97.5,0.0,0.0,0.0,MORTGAGE,WI,1.0,0.0,3.0,0,credit_card,1
12000.0, 60 months,9.8,B,125000.0,19.22,737.0,9.0,25.8,0.0,0.0,0.0,RENT,CA,1.0,0.0,2.0,0,credit_card,0
25000.0, 60 months,19.48,E,82000.0,32.27,667.0,11.0,72.0,2.0,1.0,1.0,RENT,NY,2.0,0.0,0.0,0,small_business,0
25000.0, 36 months,6.0,C,110000.0,25.97,717.0,26.0,36.7,2.0,1.0,0.0,RENT,KS,8.0,0.0,1.0,0,debt_consolidation,0
28000.0, 36 months,5.32,A,116000.0,29.45,697.0,17.0,89.3,0.0,0.0,0.0,MORTGAGE,CO,3.0,0.0,4.0,0,debt_consolidation,1
24000.0, 36 months,7.91,A,165000.0,8.29,697.0,11.0,40.2,0.0,0.0,1.0,MORTGAGE,NY,6.0,0.0,2.0,0,other,0
35000.0, 36 months,9.17,B,215099.0,24.62,707.0,19.0,72.5,2.0,0.0,0.0,MORTGAGE,CA,10.0,0.0,6.0,0,debt_consolidation,0
20000.0, 36 months,7.91,A,62000.0,28.97,682.0,15.0,59.8,0.0,4.0,0.0,MORTGAGE,FL,10.0,0.0,3.0,0,debt_consolidation,0
6000.0, 36 months,8.49,B,100000.0,29.96,692.0,15.0,57.9,2.0,0.0,0.0,MORTGAGE,MI,1.0,0.0,2.0,0,debt_consolidation,0
18475.0, 36 months,9.8,B,42000.0,18.21,682.0,5.0,88.6,0.0,1.0,0.0,MORTGAGE,FL,3.0,0.0,1.0,0,debt_consolidation,0
24000.0, 36 months,5.32,A,93750.0,20.57,752.0,10.0,31.0,0.0,0.0,0.0,RENT,NJ,1.0,0.0,0.0,0,debt_consolidation,0
15000.0, 60 months,9.17,B,42000.0,11.03,772.0,13.0,21.0,0.0,0.0,0.0,OWN,NY,9.0,0.0,0.0,0,debt_consolidation,0
2850.0, 36 months,9.8,B,103000.0,6.16,702.0,10.0,28.5,0.0,0.0,0.0,RENT,CA,4.0,0.0,0.0,0,debt_consolidation,1
15000.0, 60 months,18.49,D,55000.0,23.61,667.0,16.0,46.3,0.0,1.0,0.0,RENT,FL,3.0,0.0,0.0,0,credit_card,1
10000.0, 36 months,9.8,B,50000.0,22.9,682.0,18.0,49.4,1.0,1.0,0.0,MORTGAGE,TX,6.0,0.0,3.0,0,credit_card,0
20000.0, 36 months,9.17,B,82000.0,21.03,717.0,10.0,78.6,1.0,0.0,0.0,MORTGAGE,MO,10.0,0.0,5.0,0,debt_consolidation,0
12500.0, 36 months,9.17,B,45000.0,23.33,672.0,10.0,48.3,0.0,1.0,0.0,OWN,MD,1.0,0.0,0.0,0,debt_consolidation,0
15000.0, 36 months,6.99,A,100000.0,22.01,697.0,21.0,33.2,0.0,0.0,0.0,MORTGAGE,IL,2.0,0.0,4.0,0,debt_consolidation,0
18000.0, 36 months,11.48,B,45000.0,20.48,707.0,13.0,48.7,2.0,0.0,0.0,MORTGAGE,FL,5.0,0.0,3.0,0,credit_card,1
7000.0, 36 months,11.99,C,30000.0,25.7,747.0,10.0,28.1,0.0,0.0,0.0,RENT,CA,6.0,0.0,0.0,0,other,0
6000.0, 36 months,11.99,C,35000.0,31.42,662.0,13.0,55.2,0.0,1.0,0.0,RENT,NC,7.0,0.0,0.0,0,debt_consolidation,0
20000.0, 60 months,13.44,C,52000.0,15.74,697.0,4.0,83.1,0.0,0.0,0.0,RENT,VA,1.0,0.0,0.0,0,debt_consolidation,0
20000.0, 60 months,11.99,C,80000.0,19.67,732.0,16.0,38.1,0.0,0.0,0.0,RENT,CA,5.0,0.0,0.0,0,credit_card,0
6000.0, 36 months,9.17,B,89000.0,9.01,697.0,6.0,57.8,0.0,0.0,1.0,MORTGAGE,CA,10.0,0.0,1.0,0,debt_consolidation,0
1500.0, 36 months,7.91,A,70000.0,0.96,692.0,10.0,33.8,0.0,1.0,0.0,MORTGAGE,IL,10.0,0.0,1.0,0,home_improvement,0
7525.0, 36 months,17.27,D,32000.0,33.91,707.0,10.0,55.8,0.0,0.0,0.0,RENT,NV,10.0,0.0,0.0,0,debt_consolidation,1
25000.0, 60 months,21.48,E,65000.0,16.84,702.0,5.0,47.9,0.0,1.0,1.0,RENT,HI,4.0,0.0,0.0,0,debt_consolidation,1
13550.0, 36 months,9.8,B,52500.0,17.1,747.0,11.0,16.4,1.0,0.0,0.0,MORTGAGE,NC,10.0,0.0,3.0,0,debt_consolidation,0
6000.0, 36 months,9.17,B,65000.0,20.9,727.0,15.0,34.9,3.0,0.0,1.0,RENT,NC,1.0,0.0,0.0,0,other,0
20425.0, 60 months,16.59,D,80000.0,4.8,667.0,7.0,49.6,0.0,1.0,0.0,RENT,NY,10.0,0.0,0.0,0,debt_consolidation,0
18000.0, 60 months,15.77,D,90000.0,16.44,677.0,6.0,50.0,2.0,2.0,0.0,MORTGAGE,VT,4.0,0.0,4.0,0,major_purchase,1
3975.0, 36 months,12.88,C,62000.0,9.91,677.0,6.0,25.0,1.0,1.0,1.0,MORTGAGE,MD,2.0,0.0,1.0,0,debt_consolidation,0
20000.0, 36 months,7.49,A,47000.0,30.5,717.0,17.0,54.5,0.0,0.0,0.0,OWN,FL,4.0,0.0,1.0,0,debt_consolidation,0
19200.0, 60 months,18.99,E,58460.0,31.14,692.0,18.0,41.0,0.0,0.0,0.0,RENT,MD,10.0,0.0,0.0,0,credit_card,0
11800.0, 36 months,15.77,D,75000.0,21.86,672.0,17.0,84.0,1.0,5.0,0.0,MORTGAGE,AL,10.0,0.0,1.0,0,debt_consolidation,0
24000.0, 36 months,9.8,B,100000.0,25.55,662.0,19.0,56.1,0.0,0.0,0.0,RENT,LA,2.0,0.0,1.0,0,debt_consolidation,0
24000.0, 60 months,7.91,A,123000.0,17.0,732.0,24.0,46.1,1.0,0.0,0.0,MORTGAGE,PA,7.0,0.0,2.0,0,debt_consolidation,0
14000.0, 36 months,5.32,A,100000.0,21.38,692.0,10.0,44.9,0.0,2.0,1.0,MORTGAGE,CA,10.0,0.0,2.0,0,debt_consolidation,0
18000.0, 36 months,9.17,B,55000.0,30.92,707.0,8.0,82.7,0.0,1.0,0.0,RENT,TX,10.0,0.0,0.0,0,other,0
25000.0, 36 months,9.8,B,130000.0,11.73,672.0,15.0,59.6,2.0,0.0,1.0,MORTGAGE,CA,2.0,0.0,4.0,0,credit_card,0
25775.0, 60 months,16.59,D,108000.0,26.69,702.0,12.0,68.4,1.0,1.0,0.0,MORTGAGE,CO,3.0,0.0,6.0,0,debt_consolidation,0
27500.0, 36 months,18.99,E,55000.0,22.58,692.0,7.0,70.5,0.0,1.0,0.0,RENT,TX,10.0,0.0,1.0,0,debt_consolidation,0
15000.0, 36 months,8.49,B,140000.0,21.42,672.0,10.0,79.3,1.0,0.0,0.0,MORTGAGE,FL,1.0,0.0,3.0,0,credit_card,0
26575.0, 60 months,23.13,F,76000.0,19.88,687.0,13.0,52.0,1.0,0.0,1.0,MORTGAGE,NC,10.0,0.0,0.0,0,debt_consolidation,0
17600.0, 36 months,17.27,D,40000.0,26.35,667.0,17.0,62.1,0.0,1.0,0.0,OWN,GA,3.0,0.0,0.0,0,major_purchase,0
5000.0, 36 months,8.49,B,37000.0,21.67,687.0,8.0,45.4,2.0,0.0,0.0,MORTGAGE,SD,3.0,0.0,3.0,0,credit_card,0
28000.0, 60 months,9.17,B,125000.0,16.95,757.0,11.0,36.1,0.0,0.0,0.0,MORTGAGE,MT,8.0,0.0,1.0,0,debt_consolidation,1
25000.0, 36 months,5.32,A,80000.0,19.4,767.0,12.0,36.3,2.0,0.0,0.0,MORTGAGE,NH,1.0,0.0,3.0,0,debt_consolidation,0
9000.0, 36 months,6.49,A,59000.0,8.67,787.0,6.0,30.4,0.0,0.0,0.0,MORTGAGE,PA,1.0,0.0,1.0,0,debt_consolidation,0
19200.0, 36 months,6.99,A,96000.0,21.59,737.0,8.0,81.4,0.0,0.0,0.0,MORTGAGE,CA,10.0,0.0,3.0,0,credit_card,0
21000.0, 36 months,10.78,B,130000.0,32.88,702.0,23.0,76.5,0.0,1.0,0.0,MORTGAGE,MI,10.0,0.0,3.0,0,debt_consolidation,0
15000.0, 60 months,11.48,B,96000.0,14.95,677.0,14.0,55.3,0.0,0.0,0.0,RENT,IL,10.0,0.0,0.0,0,debt_consolidation,0
8000.0, 36 months,9.8,B,80000.0,22.08,702.0,16.0,36.4,1.0,0.0,0.0,OWN,TX,1.0,0.0,0.0,0,debt_consolidation,1
14400.0, 36 months,11.99,C,50000.0,25.32,717.0,7.0,40.3,0.0,1.0,0.0,MORTGAGE,OH,2.0,0.0,1.0,0,debt_consolidation,0
10000.0, 36 months,9.8,B,80000.0,3.65,677.0,9.0,27.4,1.0,0.0,0.0,MORTGAGE,CA,7.0,0.0,2.0,0,debt_consolidation,0
12000.0, 60 months,13.99,C,70000.0,3.89,677.0,6.0,38.2,0.0,0.0,0.0,MORTGAGE,TX,10.0,0.0,3.0,0,home_improvement,0
13000.0, 36 months,7.89,A,57660.0,8.2,687.0,4.0,78.0,1.0,0.0,0.0,RENT,FL,5.0,0.0,0.0,0,credit_card,0
28000.0, 60 months,19.48,E,88000.0,22.83,672.0,12.0,76.2,1.0,0.0,0.0,MORTGAGE,FL,5.0,0.0,0.0,0,home_improvement,1
9000.0, 36 months,9.8,B,74000.0,6.91,677.0,6.0,86.7,1.0,0.0,0.0,MORTGAGE,PA,10.0,0.0,5.0,0,credit_card,0
15000.0, 36 months,14.85,C,115000.0,17.7,677.0,29.0,37.0,4.0,0.0,0.0,MORTGAGE,NY,9.0,0.0,1.0,0,credit_card,0
32000.0, 36 months,17.27,D,88000.0,14.07,702.0,5.0,0.0,0.0,0.0,0.0,MORTGAGE,MD,9.0,0.0,1.0,0,home_improvement,0
6025.0, 36 months,12.59,C,38000.0,27.99,707.0,13.0,37.5,1.0,0.0,0.0,OWN,MA,,0.0,0.0,0,other,0
24000.0, 60 months,9.8,B,75000.0,7.02,802.0,8.0,13.0,0.0,0.0,0.0,OWN,AZ,4.0,0.0,1.0,0,home_improvement,0
10400.0, 60 months,12.88,C,52000.0,8.7,807.0,15.0,10.3,0.0,0.0,0.0,RENT,NY,5.0,0.0,0.0,0,debt_consolidation,1
2700.0, 36 months,10.78,B,29000.0,2.48,672.0,8.0,17.6,2.0,0.0,0.0,OWN,OH,,0.0,0.0,0,credit_card,0
4000.0, 36 months,9.17,B,49000.0,12.93,697.0,12.0,43.1,0.0,0.0,0.0,MORTGAGE,MO,10.0,0.0,4.0,0,debt_consolidation,0
6375.0, 36 months,17.97,D,107000.0,8.24,677.0,6.0,26.6,0.0,0.0,0.0,RENT,AK,3.0,0.0,0.0,0,debt_consolidation,1
21300.0, 60 months,18.49,D,70095.0,8.08,757.0,3.0,100.0,0.0,0.0,0.0,MORTGAGE,MD,8.0,0.0,1.0,0,debt_consolidation,0
2000.0, 36 months,13.99,C,26700.0,34.02,662.0,15.0,33.4,0.0,0.0,0.0,MORTGAGE,KY,10.0,0.0,6.0,0,credit_card,0
20000.0, 60 months,12.88,C,100000.0,8.41,677.0,11.0,90.0,1.0,0.0,0.0,RENT,CA,10.0,0.0,0.0,0,debt_consolidation,0
35000.0, 36 months,13.99,C,104640.0,16.51,692.0,19.0,93.4,0.0,0.0,0.0,MORTGAGE,MN,,0.0,2.0,0,debt_consolidation,0
12000.0, 36 months,11.99,C,110000.0,15.01,692.0,9.0,99.3,1.0,0.0,0.0,MORTGAGE,NY,1.0,0.0,1.0,0,debt_consolidation,0
15000.0, 60 months,9.17,B,55000.0,7.35,687.0,11.0,35.4,0.0,1.0,0.0,MORTGAGE,TX,3.0,0.0,3.0,0,credit_card,0
8000.0, 36 months,9.8,B,37000.0,39.09,712.0,10.0,28.9,0.0,0.0,0.0,MORTGAGE,OH,3.0,0.0,1.0,0,debt_consolidation,0
6600.0, 36 months,10.78,B,71000.0,10.6,667.0,5.0,79.7,0.0,0.0,0.0,RENT,FL,10.0,0.0,0.0,0,debt_consolidation,0
19300.0, 36 months,13.99,C,42000.0,23.2,712.0,25.0,35.9,0.0,0.0,0.0,RENT,CA,10.0,0.0,0.0,0,debt_consolidation,0
35000.0, 60 months,11.48,B,90000.0,25.67,702.0,21.0,70.0,2.0,0.0,0.0,MORTGAGE,NC,1.0,0.0,3.0,0,debt_consolidation,1
35000.0, 60 months,16.59,D,150000.0,14.56,667.0,12.0,47.5,0.0,2.0,0.0,MORTGAGE,CA,8.0,0.0,2.0,0,debt_consolidation,0
13000.0, 36 months,5.32,A,86000.0,18.53,807.0,16.0,4.2,0.0,0.0,0.0,RENT,NY,4.0,0.0,0.0,0,debt_consolidation,0
16000.0, 36 months,9.17,B,120000.0,22.61,692.0,14.0,79.5,0.0,0.0,0.0,RENT,NJ,1.0,0.0,0.0,0,credit_card,0
24000.0, 36 months,13.44,C,89000.0,37.63,707.0,17.0,78.5,1.0,0.0,0.0,MORTGAGE,MD,,0.0,8.0,0,credit_card,0
15000.0, 36 months,5.32,A,155000.0,8.66,717.0,7.0,30.4,0.0,1.0,0.0,RENT,CA,1.0,0.0,2.0,0,debt_consolidation,0
20000.0, 36 months,7.91,A,124000.0,11.4,692.0,17.0,34.7,1.0,2.0,0.0,MORTGAGE,IN,10.0,0.0,3.0,0,credit_card,0
22725.0, 60 months,16.59,D,160000.0,8.59,672.0,10.0,67.5,1.0,0.0,0.0,MORTGAGE,FL,5.0,0.0,0.0,0,credit_card,1
16000.0, 60 months,18.99,E,75000.0,38.48,682.0,10.0,42.2,2.0,0.0,1.0,OWN,MI,10.0,0.0,1.0,0,debt_consolidation,0
15000.0, 60 months,17.27,D,60000.0,35.43,667.0,16.0,45.6,0.0,3.0,0.0,MORTGAGE,TX,2.0,0.0,2.0,0,debt_consolidation,1
20000.0, 36 months,8.49,B,61097.0,27.14,707.0,15.0,54.9,0.0,0.0,0.0,RENT,CO,3.0,0.0,0.0,0,credit_card,0
18000.0, 36 months,9.17,B,120000.0,20.13,662.0,11.0,66.5,0.0,0.0,0.0,RENT,CA,8.0,0.0,0.0,0,credit_card,0
12000.0, 36 months,9.17,B,105000.0,7.39,662.0,7.0,49.6,0.0,0.0,3.0,RENT,NJ,10.0,0.0,5.0,0,debt_consolidation,0
4800.0, 36 months,9.17,B,96400.0,19.31,682.0,16.0,34.0,0.0,2.0,0.0,RENT,CO,10.0,0.0,6.0,0,debt_consolidation,0
25000.0, 60 months,11.99,C,82300.0,36.53,717.0,22.0,64.4,0.0,0.0,0.0,OWN,TX,10.0,0.0,1.0,0,debt_consolidation,0
8800.0, 36 months,6.49,A,87100.0,12.87,727.0,12.0,38.8,0.0,0.0,0.0,MORTGAGE,WA,10.0,0.0,3.0,0,credit_card,0
1000.0, 36 months,13.99,C,35000.0,26.82,662.0,18.0,59.2,1.0,0.0,0.0,RENT,MS,2.0,0.0,0.0,0,other,0
27975.0, 36 months,7.91,A,192000.0,1.75,782.0,10.0,4.2,0.0,0.0,0.0,RENT,CA,1.0,0.0,0.0,0,major_purchase,0
18700.0, 36 months,7.49,A,105000.0,31.94,722.0,13.0,18.5,0.0,0.0,0.0,MORTGAGE,VA,10.0,0.0,5.0,0,debt_consolidation,0
30000.0, 36 months,17.97,D,70000.0,20.18,682.0,18.0,35.5,2.0,1.0,0.0,OWN,NY,10.0,0.0,4.0,0,debt_consolidation,0
6400.0, 36 months,9.8,B,46000.0,27.39,712.0,7.0,54.1,0.0,0.0,0.0,RENT,LA,1.0,0.0,1.0,0,debt_consolidation,0
30950.0, 60 months,23.13,F,90000.0,25.83,697.0,11.0,76.0,3.0,0.0,0.0,MORTGAGE,AR,5.0,0.0,5.0,0,debt_consolidation,1
3000.0, 36 months,9.17,B,25255.0,21.23,672.0,5.0,30.3,0.0,1.0,1.0,RENT,OR,,0.0,0.0,0,credit_card,0
18000.0, 36 months,9.17,B,90000.0,14.28,662.0,17.0,92.4,1.0,1.0,0.0,MORTGAGE,OR,10.0,0.0,7.0,0,credit_card,0
35000.0, 60 months,9.8,B,145000.0,16.12,727.0,13.0,38.9,0.0,0.0,0.0,MORTGAGE,NC,3.0,0.0,4.0,0,credit_card,0
4800.0, 36 months,13.99,C,45000.0,25.36,707.0,10.0,15.5,0.0,0.0,0.0,MORTGAGE,CA,5.0,0.0,1.0,0,major_purchase,0
16000.0, 36 months,14.85,C,81500.0,29.24,692.0,10.0,91.1,0.0,0.0,0.0,MORTGAGE,CO,4.0,0.0,2.0,0,credit_card,0
16000.0, 36 months,5.32,A,75000.0,13.23,702.0,14.0,39.3,0.0,1.0,0.0,MORTGAGE,CA,10.0,0.0,0.0,0,debt_consolidation,0
21000.0, 36 months,8.49,B,144000.0,20.24,672.0,17.0,88.6,0.0,0.0,0.0,MORTGAGE,CA,4.0,0.0,2.0,0,credit_card,0
15000.0, 60 months,12.88,C,125000.0,20.74,697.0,19.0,71.0,0.0,0.0,0.0,MORTGAGE,CA,2.0,0.0,0.0,0,debt_consolidation,0
9000.0, 36 months,5.32,A,25000.0,15.6,767.0,13.0,7.3,1.0,0.0,0.0,OWN,NH,,0.0,1.0,0,credit_card,0
14600.0, 36 months,8.49,B,67000.0,19.63,697.0,10.0,31.5,0.0,0.0,0.0,MORTGAGE,RI,4.0,0.0,1.0,0,debt_consolidation,0
18000.0, 36 months,14.85,C,35000.0,28.4,672.0,11.0,61.0,1.0,0.0,0.0,RENT,CA,3.0,0.0,0.0,0,credit_card,1
15000.0, 60 months,13.99,C,34980.0,38.25,662.0,15.0,42.5,0.0,0.0,1.0,OWN,CA,1.0,0.0,0.0,0,debt_consolidation,1
16650.0, 36 months,10.78,B,70000.0,21.4,717.0,10.0,39.1,0.0,1.0,0.0,OWN,CA,10.0,0.0,0.0,0,debt_consolidation,1
20000.0, 36 months,11.99,C,170000.0,15.9,672.0,14.0,85.2,1.0,1.0,2.0,MORTGAGE,NY,10.0,0.0,4.0,0,home_improvement,0
16100.0, 60 months,15.77,D,65000.0,21.94,747.0,10.0,35.7,0.0,0.0,0.0,MORTGAGE,OH,9.0,0.0,2.0,0,debt_consolidation,0
6500.0, 36 months,11.48,B,38000.0,24.35,712.0,14.0,43.1,0.0,0.0,1.0,MORTGAGE,GA,,0.0,1.0,0,debt_consolidation,0
8000.0, 36 months,13.44,C,74000.0,6.88,667.0,16.0,2.8,1.0,0.0,1.0,MORTGAGE,NJ,,0.0,1.0,0,major_purchase,0
27000.0, 60 months,14.85,C,96000.0,18.39,697.0,16.0,58.2,0.0,1.0,0.0,MORTGAGE,NJ,10.0,0.0,2.0,0,debt_consolidation,0
7000.0, 36 months,9.8,B,32000.0,20.07,712.0,16.0,25.6,1.0,1.0,0.0,MORTGAGE,MO,1.0,0.0,6.0,0,debt_consolidation,0
5000.0, 36 months,9.8,B,150000.0,8.5,672.0,10.0,48.6,0.0,2.0,0.0,MORTGAGE,NJ,1.0,0.0,0.0,0,other,0
30000.0, 60 months,26.06,F,125000.0,23.25,662.0,21.0,45.3,3.0,0.0,1.0,RENT,CA,2.0,0.0,3.0,0,debt_consolidation,1
25000.0, 60 months,18.99,E,75000.0,38.37,687.0,11.0,75.9,1.0,0.0,0.0,MORTGAGE,VA,4.0,0.0,0.0,0,debt_consolidation,0
9200.0, 36 months,11.48,B,55000.0,5.63,667.0,8.0,64.3,0.0,3.0,2.0,RENT,CA,3.0,0.0,0.0,0,car,0
35000.0, 60 months,17.97,D,100000.0,34.84,667.0,13.0,80.1,1.0,2.0,0.0,MORTGAGE,WA,1.0,0.0,4.0,0,credit_card,0
20400.0, 60 months,16.59,D,60000.0,23.76,662.0,10.0,78.0,3.0,1.0,2.0,MORTGAGE,FL,1.0,0.0,5.0,0,debt_consolidation,0
5000.0, 36 months,9.17,B,86000.0,17.15,662.0,6.0,96.7,0.0,0.0,1.0,RENT,CA,1.0,0.0,2.0,0,medical,0
24000.0, 36 months,9.17,B,110000.0,17.27,722.0,11.0,58.8,2.0,0.0,0.0,RENT,CA,1.0,0.0,2.0,0,debt_consolidation,1
9600.0, 36 months,5.32,A,250000.0,13.52,717.0,17.0,46.8,0.0,0.0,0.0,MORTGAGE,NJ,1.0,0.0,6.0,0,home_improvement,0
10000.0, 60 months,16.59,D,80000.0,7.41,687.0,10.0,42.3,0.0,0.0,0.0,RENT,TX,10.0,0.0,0.0,0,debt_consolidation,0
34550.0, 60 months,14.85,C,72000.0,15.61,782.0,12.0,16.6,1.0,0.0,0.0,RENT,FL,1.0,0.0,0.0,0,debt_consolidation,0
7500.0, 36 months,12.88,C,50000.0,26.26,667.0,24.0,10.7,1.0,0.0,0.0,RENT,FL,3.0,0.0,4.0,0,other,0
6000.0, 36 months,11.48,B,48000.0,2.83,662.0,8.0,36.4,0.0,0.0,1.0,OWN,CA,1.0,0.0,3.0,0,debt_consolidation,0
16000.0, 36 months,14.85,C,46000.0,23.64,677.0,9.0,71.1,0.0,0.0,1.0,MORTGAGE,TX,6.0,0.0,2.0,0,credit_card,0
6000.0, 36 months,6.49,A,101000.0,4.19,707.0,5.0,73.8,0.0,0.0,0.0,MORTGAGE,NC,2.0,0.0,0.0,0,credit_card,0
6000.0, 36 months,11.48,B,31452.0,32.66,687.0,7.0,45.8,0.0,0.0,0.0,RENT,CA,,0.0,1.0,0,vacation,1
35000.0, 36 months,7.91,A,105000.0,19.39,757.0,11.0,44.2,1.0,0.0,0.0,MORTGAGE,TX,10.0,0.0,3.0,0,credit_card,0
1000.0, 36 months,15.77,D,31999.0,24.83,672.0,7.0,92.2,0.0,1.0,0.0,RENT,GA,1.0,0.0,3.0,0,other,0
20000.0, 60 months,11.48,B,55000.0,9.25,717.0,11.0,41.4,0.0,0.0,0.0,MORTGAGE,KS,6.0,0.0,0.0,0,credit_card,0
16000.0, 36 months,15.77,D,124000.0,31.42,717.0,22.0,76.7,1.0,0.0,0.0,OWN,MD,10.0,0.0,2.0,0,debt_consolidation,0
35000.0, 60 months,13.99,C,108000.0,35.9,757.0,20.0,31.9,1.0,0.0,0.0,MORTGAGE,CA,6.0,0.0,5.0,0,debt_consolidation,0
23650.0, 60 months,16.59,D,87000.0,15.68,662.0,15.0,58.5,0.0,0.0,0.0,RENT,NC,10.0,0.0,1.0,0,house,1
21000.0, 36 months,7.91,A,145000.0,10.97,682.0,6.0,65.2,1.0,0.0,1.0,MORTGAGE,CA,1.0,0.0,3.0,0,debt_consolidation,0
4000.0, 36 months,9.8,B,100000.0,31.02,672.0,13.0,100.4,0.0,0.0,0.0,RENT,CA,3.0,0.0,0.0,0,debt_consolidation,0
25000.0, 60 months,14.85,C,60000.0,30.39,737.0,21.0,43.8,0.0,0.0,0.0,MORTGAGE,PA,,0.0,4.0,0,debt_consolidation,0
21000.0, 60 months,14.85,C,100000.0,30.78,662.0,23.0,66.5,3.0,0.0,0.0,RENT,CO,3.0,0.0,0.0,0,credit_card,1
4800.0, 36 months,11.48,B,57500.0,9.1,662.0,9.0,53.0,2.0,0.0,0.0,MORTGAGE,VA,1.0,0.0,2.0,0,debt_consolidation,0
7200.0, 36 months,14.85,C,55000.0,10.84,697.0,12.0,31.8,0.0,0.0,0.0,RENT,CA,2.0,0.0,0.0,0,debt_consolidation,0
16000.0, 36 months,18.99,E,38168.0,27.23,677.0,6.0,28.0,2.0,2.0,0.0,MORTGAGE,TN,2.0,0.0,1.0,0,other,1
21600.0, 60 months,11.99,C,45000.0,10.05,682.0,5.0,70.5,1.0,0.0,0.0,MORTGAGE,FL,,0.0,4.0,0,credit_card,0
10000.0, 36 months,5.32,A,49000.0,23.56,732.0,15.0,27.0,0.0,0.0,0.0,OWN,NY,10.0,0.0,0.0,0,credit_card,0
5900.0, 36 months,11.48,B,130000.0,16.99,662.0,6.0,56.0,1.0,0.0,2.0,RENT,FL,10.0,0.0,2.0,0,credit_card,0
18500.0, 36 months,6.49,A,72450.0,17.23,737.0,21.0,18.5,0.0,0.0,0.0,MORTGAGE,MN,10.0,0.0,4.0,0,debt_consolidation,0
6000.0, 36 months,9.17,B,101947.0,8.13,677.0,13.0,47.7,2.0,3.0,0.0,MORTGAGE,PA,10.0,0.0,4.0,0,debt_consolidation,0
15000.0, 36 months,5.32,A,72000.0,13.6,757.0,10.0,39.3,0.0,0.0,0.0,MORTGAGE,NY,,0.0,6.0,0,debt_consolidation,0
16000.0, 36 months,10.78,B,91000.0,32.18,667.0,24.0,44.6,3.0,2.0,0.0,RENT,TX,1.0,0.0,2.0,0,credit_card,0
10000.0, 60 months,12.88,C,52000.0,35.01,707.0,9.0,71.0,2.0,1.0,0.0,MORTGAGE,VA,10.0,0.0,5.0,0,debt_consolidation,0
10000.0, 36 months,7.91,A,55500.0,18.37,732.0,12.0,18.8,0.0,0.0,0.0,MORTGAGE,NY,,0.0,1.0,0,home_improvement,0
15000.0, 36 months,13.44,C,65000.0,26.22,687.0,13.0,48.6,2.0,0.0,0.0,RENT,TN,1.0,0.0,1.0,0,debt_consolidation,1
16000.0, 60 months,19.89,E,90000.0,24.9,677.0,14.0,90.3,0.0,0.0,0.0,RENT,OR,4.0,0.0,0.0,0,credit_card,0
16000.0, 36 months,7.49,A,90000.0,10.87,682.0,6.0,53.0,1.0,0.0,0.0,MORTGAGE,MA,10.0,0.0,5.0,0,debt_consolidation,0
8000.0, 36 months,13.99,C,31000.0,12.54,667.0,14.0,52.4,1.0,0.0,0.0,RENT,FL,9.0,0.0,0.0,0,debt_consolidation,1
15000.0, 36 months,9.17,B,55000.0,22.69,677.0,10.0,76.6,1.0,0.0,1.0,RENT,CA,10.0,0.0,2.0,0,credit_card,1
10000.0, 36 months,11.48,B,32000.0,10.95,692.0,13.0,41.7,1.0,0.0,2.0,MORTGAGE,GA,2.0,0.0,0.0,0,debt_consolidation,0
12000.0, 60 months,8.49,B,42500.0,7.22,747.0,12.0,24.8,0.0,0.0,0.0,RENT,IL,1.0,0.0,0.0,0,credit_card,0
8500.0, 36 months,10.78,B,55040.0,9.18,662.0,11.0,8.4,3.0,0.0,1.0,MORTGAGE,AZ,8.0,0.0,1.0,0,debt_consolidation,0
10000.0, 36 months,9.8,B,60000.0,3.4,717.0,2.0,58.1,0.0,0.0,0.0,RENT,CA,1.0,0.0,0.0,0,debt_consolidation,0
24150.0, 60 months,19.48,E,56000.0,22.7,662.0,9.0,88.0,0.0,0.0,0.0,MORTGAGE,KY,2.0,0.0,1.0,0,debt_consolidation,1
35000.0, 36 months,13.67,C,256000.0,15.72,702.0,32.0,54.9,0.0,1.0,0.0,MORTGAGE,VA,1.0,0.0,3.0,0,home_improvement,0
8000.0, 36 months,12.88,C,54000.0,19.16,702.0,19.0,17.0,0.0,0.0,0.0,MORTGAGE,MA,10.0,0.0,0.0,0,home_improvement,1
5000.0, 36 months,11.48,B,60000.0,18.65,667.0,9.0,46.4,2.0,0.0,1.0,RENT,UT,1.0,0.0,2.0,0,credit_card,0
12000.0, 60 months,9.17,B,72000.0,28.13,742.0,8.0,24.2,1.0,0.0,0.0,MORTGAGE,LA,1.0,0.0,4.0,0,major_purchase,0
10000.0, 36 months,10.78,B,39000.0,27.24,722.0,5.0,40.2,0.0,0.0,0.0,RENT,NC,10.0,0.0,1.0,0,debt_consolidation,0
16000.0, 36 months,11.48,B,70000.0,26.11,687.0,13.0,66.3,0.0,0.0,0.0,RENT,FL,3.0,0.0,0.0,0,debt_consolidation,1
20000.0, 36 months,14.85,C,110000.0,18.72,697.0,14.0,38.8,1.0,1.0,0.0,RENT,CA,3.0,0.0,0.0,0,debt_consolidation,0
11000.0, 36 months,16.59,D,55000.0,22.37,667.0,10.0,32.9,0.0,0.0,1.0,RENT,IN,10.0,0.0,0.0,0,debt_consolidation,1
13600.0, 60 months,16.59,D,62000.0,30.64,662.0,12.0,63.7,2.0,0.0,1.0,RENT,KY,9.0,0.0,5.0,0,credit_card,0
26475.0, 60 months,21.48,E,84000.0,20.14,712.0,8.0,76.6,0.0,0.0,0.0,RENT,OH,,0.0,0.0,0,credit_card,1
5000.0, 36 months,10.78,B,45036.0,17.29,687.0,11.0,50.1,3.0,0.0,1.0,OWN,KS,3.0,0.0,0.0,0,home_improvement,0
17475.0, 36 months,8.49,B,65000.0,23.9,747.0,12.0,35.3,0.0,0.0,0.0,MORTGAGE,VA,10.0,0.0,0.0,0,credit_card,0
2500.0, 36 months,8.49,B,51500.0,15.08,702.0,7.0,59.8,1.0,0.0,0.0,MORTGAGE,NY,2.0,0.0,1.0,0,credit_card,0
20000.0, 60 months,19.48,E,50000.0,23.31,692.0,9.0,49.4,1.0,1.0,0.0,OWN,NH,1.0,0.0,1.0,0,home_improvement,0
8000.0, 36 months,8.49,B,65000.0,16.16,697.0,12.0,36.7,3.0,1.0,0.0,RENT,CA,10.0,0.0,0.0,0,debt_consolidation,0
23825.0, 60 months,10.78,B,125000.0,25.14,707.0,9.0,85.0,2.0,1.0,0.0,MORTGAGE,CA,10.0,0.0,5.0,0,debt_consolidation,1
12675.0, 60 months,22.45,F,27600.0,26.7,697.0,6.0,52.3,0.0,0.0,0.0,RENT,FL,1.0,0.0,0.0,0,debt_consolidation,1
1000.0, 36 months,16.59,D,21600.0,37.44,677.0,8.0,73.6,1.0,0.0,0.0,RENT,CA,6.0,0.0,0.0,0,debt_consolidation,0
5000.0, 36 months,13.99,C,35050.0,5.24,662.0,5.0,77.1,2.0,0.0,0.0,RENT,CA,,0.0,0.0,0,credit_card,1
20000.0, 36 months,6.49,A,99750.0,11.73,722.0,17.0,39.1,1.0,0.0,0.0,MORTGAGE,GA,3.0,0.0,2.0,0,debt_consolidation,0
30000.0, 36 months,12.88,C,95000.0,34.7,697.0,14.0,97.9,0.0,0.0,0.0,MORTGAGE,OH,9.0,0.0,1.0,0,credit_card,0
7850.0, 36 months,13.44,C,50441.0,26.98,677.0,7.0,74.1,2.0,0.0,1.0,RENT,CA,7.0,0.0,0.0,0,debt_consolidation,0
10325.0, 36 months,22.45,F,90000.0,31.85,672.0,11.0,62.0,3.0,1.0,1.0,MORTGAGE,VA,10.0,0.0,1.0,0,debt_consolidation,1
18500.0, 36 months,5.32,A,48700.0,25.33,792.0,15.0,24.2,0.0,0.0,0.0,OWN,MI,3.0,0.0,1.0,0,debt_consolidation,1
20000.0, 60 months,11.99,C,75000.0,18.41,717.0,20.0,38.8,1.0,0.0,0.0,MORTGAGE,MI,1.0,0.0,1.0,0,debt_consolidation,0
8375.0, 36 months,10.78,B,68000.0,25.5,717.0,17.0,38.3,0.0,0.0,0.0,MORTGAGE,GA,10.0,0.0,1.0,0,debt_consolidation,1
10000.0, 36 months,17.27,D,40000.0,17.05,667.0,17.0,48.7,2.0,0.0,0.0,OWN,MA,4.0,0.0,0.0,0,debt_consolidation,0
9000.0, 36 months,9.17,B,84000.0,15.36,667.0,10.0,24.8,0.0,1.0,0.0,MORTGAGE,IN,1.0,0.0,3.0,0,debt_consolidation,0
10000.0, 60 months,18.99,E,65000.0,26.48,682.0,7.0,94.6,1.0,0.0,0.0,OWN,MO,10.0,0.0,0.0,0,debt_consolidation,0
11000.0, 60 months,13.99,C,40000.0,26.21,677.0,11.0,98.4,0.0,0.0,0.0,RENT,OR,2.0,0.0,0.0,0,debt_consolidation,0
10500.0, 36 months,11.48,B,50000.0,9.24,682.0,4.0,73.2,0.0,0.0,0.0,RENT,NY,1.0,0.0,0.0,0,credit_card,0
28000.0, 60 months,21.48,E,78000.0,26.35,682.0,6.0,61.8,1.0,0.0,0.0,MORTGAGE,TX,10.0,0.0,3.0,0,major_purchase,1
7000.0, 36 months,15.77,D,80000.0,13.28,677.0,6.0,31.5,1.0,0.0,0.0,MORTGAGE,NC,6.0,0.0,4.0,0,debt_consolidation,0
5000.0, 36 months,17.27,D,45000.0,19.76,712.0,5.0,55.7,2.0,0.0,0.0,MORTGAGE,TN,10.0,0.0,1.0,0,medical,0
7200.0, 36 months,10.78,B,65000.0,24.15,662.0,5.0,94.8,0.0,0.0,1.0,OWN,GA,10.0,0.0,0.0,0,debt_consolidation,0
2500.0, 36 months,15.77,D,48000.0,17.13,672.0,9.0,78.7,0.0,0.0,0.0,OWN,PA,2.0,0.0,1.0,0,other,0
7000.0, 36 months,9.17,B,100143.0,24.05,697.0,12.0,35.9,0.0,0.0,0.0,RENT,WA,6.0,0.0,0.0,0,medical,1
15000.0, 60 months,17.97,D,55000.0,31.55,662.0,13.0,79.1,1.0,0.0,0.0,RENT,TX,7.0,0.0,0.0,0,debt_consolidation,1
16000.0, 36 months,7.91,A,97000.0,17.17,737.0,14.0,49.1,0.0,0.0,0.0,MORTGAGE,NY,10.0,0.0,2.0,0,credit_card,0
16500.0, 60 months,13.99,C,52000.0,33.69,717.0,10.0,57.2,0.0,0.0,0.0,RENT,MA,8.0,0.0,2.0,0,credit_card,0
6000.0, 36 months,10.78,B,30000.0,8.16,707.0,6.0,28.2,0.0,0.0,0.0,RENT,NY,5.0,0.0,0.0,0,debt_consolidation,0
17500.0, 36 months,5.32,A,100000.0,16.55,757.0,6.0,54.0,0.0,0.0,0.0,OWN,AR,10.0,0.0,4.0,0,credit_card,0
2000.0, 36 months,13.99,C,46000.0,25.18,672.0,13.0,54.0,2.0,2.0,0.0,RENT,VA,1.0,0.0,0.0,0,other,0
23000.0, 36 months,8.49,B,100000.0,12.35,677.0,8.0,66.8,2.0,1.0,0.0,OWN,AL,3.0,0.0,0.0,0,credit_card,0
26000.0, 36 months,22.45,F,52000.0,23.19,697.0,8.0,45.0,1.0,0.0,0.0,MORTGAGE,GA,8.0,0.0,0.0,0,debt_consolidation,1
10000.0, 36 months,15.77,D,32000.0,38.3,667.0,14.0,26.4,1.0,0.0,1.0,RENT,NV,10.0,0.0,0.0,0,debt_consolidation,0
13725.0, 36 months,12.88,C,105000.0,6.05,667.0,2.0,9.9,0.0,0.0,0.0,RENT,VA,3.0,0.0,0.0,0,other,1
9675.0, 36 months,11.48,B,70000.0,30.71,677.0,17.0,73.5,0.0,0.0,1.0,MORTGAGE,NY,10.0,0.0,1.0,0,home_improvement,0
35000.0, 36 months,14.85,C,155000.0,20.02,672.0,20.0,68.3,3.0,0.0,0.0,MORTGAGE,FL,10.0,0.0,4.0,0,credit_card,0
12000.0, 36 months,14.85,C,39500.0,21.76,707.0,17.0,56.3,0.0,0.0,0.0,OWN,MI,10.0,0.0,3.0,0,debt_consolidation,0
28800.0, 60 months,17.97,D,103000.0,16.53,672.0,8.0,54.4,0.0,2.0,0.0,MORTGAGE,FL,9.0,0.0,4.0,0,debt_consolidation,0
16000.0, 60 months,13.44,C,80000.0,7.26,672.0,12.0,45.5,1.0,1.0,0.0,MORTGAGE,RI,4.0,0.0,0.0,0,debt_consolidation,0
22500.0, 60 months,18.49,D,45000.0,34.59,732.0,14.0,42.0,0.0,0.0,0.0,MORTGAGE,TX,3.0,0.0,0.0,0,debt_consolidation,0
20000.0, 36 months,16.59,D,75000.0,30.1,662.0,16.0,67.8,0.0,0.0,0.0,MORTGAGE,IL,3.0,0.0,2.0,0,debt_consolidation,0
10000.0, 36 months,10.78,B,45000.0,20.37,667.0,11.0,79.4,2.0,0.0,0.0,RENT,PA,8.0,0.0,0.0,0,credit_card,0
4200.0, 36 months,9.17,B,100000.0,13.2,672.0,6.0,71.9,0.0,4.0,0.0,MORTGAGE,DC,10.0,0.0,5.0,0,debt_consolidation,0
20000.0, 36 months,9.17,B,101000.0,36.23,757.0,13.0,37.9,0.0,0.0,0.0,OWN,TX,10.0,0.0,0.0,0,debt_consolidation,0
10000.0, 36 months,9.17,B,81000.0,21.84,707.0,7.0,94.1,0.0,0.0,0.0,MORTGAGE,WA,10.0,0.0,1.0,0,debt_consolidation,0
12000.0, 60 months,10.78,B,60000.0,21.86,747.0,7.0,61.8,0.0,0.0,0.0,MORTGAGE,MN,7.0,0.0,4.0,0,debt_consolidation,0
12000.0, 60 months,9.8,B,110000.0,11.79,697.0,7.0,89.3,0.0,0.0,1.0,MORTGAGE,CT,4.0,0.0,3.0,0,home_improvement,0
10000.0, 36 months,7.49,A,85000.0,39.7,732.0,10.0,26.6,0.0,0.0,0.0,MORTGAGE,TX,5.0,0.0,3.0,0,home_improvement,0
8000.0, 36 months,10.78,B,108000.0,15.01,697.0,24.0,25.0,2.0,1.0,0.0,MORTGAGE,FL,10.0,0.0,3.0,0,debt_consolidation,0
7500.0, 36 months,14.85,C,111800.0,36.23,667.0,15.0,95.6,0.0,0.0,0.0,OWN,TX,10.0,0.0,4.0,0,debt_consolidation,0
35000.0, 60 months,18.49,D,125000.0,18.15,662.0,38.0,68.9,0.0,0.0,1.0,RENT,FL,2.0,0.0,0.0,0,debt_consolidation,1
20000.0, 36 months,9.17,B,113544.0,21.86,697.0,10.0,98.2,0.0,0.0,0.0,MORTGAGE,WA,9.0,0.0,2.0,0,debt_consolidation,0
15000.0, 36 months,7.49,A,99000.0,12.17,742.0,9.0,35.3,0.0,0.0,0.0,MORTGAGE,FL,4.0,0.0,4.0,0,debt_consolidation,0
19750.0, 36 months,14.85,C,210000.0,20.65,682.0,15.0,45.5,0.0,1.0,0.0,MORTGAGE,VA,,0.0,1.0,0,debt_consolidation,0
20000.0, 36 months,9.17,B,94000.0,28.25,712.0,10.0,46.7,0.0,0.0,0.0,MORTGAGE,ND,4.0,0.0,1.0,0,debt_consolidation,0
25000.0, 60 months,11.99,C,90000.0,37.0,727.0,11.0,85.7,0.0,0.0,0.0,RENT,IL,2.0,0.0,0.0,0,credit_card,1
10000.0, 36 months,9.17,B,49000.0,21.59,662.0,11.0,68.5,0.0,1.0,0.0,RENT,SC,5.0,0.0,0.0,0,credit_card,0
15000.0, 36 months,5.32,A,47000.0,22.06,757.0,5.0,33.3,0.0,0.0,0.0,RENT,VA,8.0,0.0,1.0,0,debt_consolidation,0
4125.0, 36 months,26.06,F,69000.0,15.13,662.0,8.0,51.0,5.0,1.0,1.0,MORTGAGE,PA,6.0,0.0,1.0,0,debt_consolidation,0
23000.0, 36 months,11.48,B,66000.0,19.65,737.0,20.0,33.1,2.0,0.0,0.0,MORTGAGE,TX,3.0,0.0,1.0,0,debt_consolidation,1
21000.0, 36 months,10.78,B,80000.0,12.04,677.0,21.0,42.8,2.0,0.0,0.0,RENT,CA,10.0,0.0,0.0,0,debt_consolidation,0
20000.0, 36 months,8.49,B,50000.0,26.81,687.0,14.0,75.3,0.0,2.0,0.0,OWN,MA,,0.0,4.0,0,debt_consolidation,0
27600.0, 60 months,9.17,B,127421.0,20.32,682.0,10.0,89.1,1.0,2.0,1.0,MORTGAGE,AR,1.0,0.0,2.0,0,credit_card,0
26000.0, 36 months,7.91,A,85000.0,24.88,687.0,20.0,52.3,0.0,0.0,0.0,MORTGAGE,ME,10.0,0.0,4.0,0,debt_consolidation,0
6000.0, 36 months,13.99,C,100000.0,25.94,677.0,18.0,75.2,1.0,0.0,0.0,MORTGAGE,FL,8.0,0.0,2.0,0,credit_card,0
5600.0, 36 months,9.8,B,100000.0,15.1,667.0,11.0,81.8,1.0,1.0,0.0,MORTGAGE,FL,7.0,0.0,2.0,0,debt_consolidation,0
20000.0, 36 months,9.17,B,71500.0,17.49,662.0,16.0,48.4,0.0,0.0,0.0,MORTGAGE,TX,5.0,0.0,2.0,0,debt_consolidation,0
6000.0, 36 months,10.78,B,79000.0,22.62,702.0,7.0,100.0,0.0,0.0,0.0,MORTGAGE,OH,10.0,0.0,4.0,0,other,0
7200.0, 36 months,13.44,C,276000.0,7.44,682.0,10.0,76.0,1.0,1.0,0.0,MORTGAGE,VA,2.0,0.0,3.0,0,debt_consolidation,0
24000.0, 60 months,14.85,C,80000.0,24.3,687.0,18.0,56.3,1.0,0.0,1.0,MORTGAGE,AZ,1.0,0.0,3.0,0,credit_card,1
17000.0, 60 months,13.99,C,48000.0,11.05,672.0,7.0,66.3,0.0,0.0,0.0,MORTGAGE,AZ,3.0,0.0,2.0,0,debt_consolidation,0
16800.0, 36 months,10.78,B,55000.0,16.34,697.0,13.0,56.0,0.0,1.0,0.0,MORTGAGE,WA,4.0,0.0,1.0,0,home_improvement,0
28000.0, 60 months,8.49,B,95000.0,14.26,727.0,11.0,65.1,0.0,0.0,0.0,MORTGAGE,OR,8.0,0.0,1.0,0,car,0
30000.0, 60 months,20.5,E,90000.0,14.71,737.0,14.0,13.1,1.0,0.0,4.0,RENT,GA,3.0,0.0,2.0,0,debt_consolidation,1
20000.0, 60 months,13.99,C,80000.0,10.23,662.0,8.0,89.5,0.0,1.0,0.0,OWN,SC,10.0,0.0,2.0,0,debt_consolidation,0
20000.0, 60 months,19.48,E,68400.0,22.71,692.0,19.0,28.6,4.0,0.0,0.0,RENT,VA,2.0,0.0,0.0,0,other,0
9100.0, 36 months,8.49,B,54000.0,15.51,702.0,19.0,32.2,0.0,0.0,0.0,RENT,NJ,10.0,0.0,0.0,0,debt_consolidation,0
20800.0, 60 months,12.88,C,60000.0,18.72,682.0,8.0,11.0,1.0,0.0,1.0,RENT,VA,8.0,0.0,0.0,0,debt_consolidation,1
28000.0, 60 months,23.13,F,78000.0,20.29,662.0,14.0,26.6,3.0,0.0,1.0,MORTGAGE,IN,10.0,0.0,6.0,0,debt_consolidation,0
8000.0, 36 months,15.77,D,93000.0,37.44,677.0,31.0,56.0,0.0,0.0,0.0,MORTGAGE,FL,,0.0,6.0,0,debt_consolidation,1
7000.0, 36 months,9.8,B,106500.0,14.49,792.0,14.0,1.8,0.0,0.0,0.0,RENT,NY,10.0,0.0,2.0,0,debt_consolidation,0
6000.0, 36 months,11.48,B,270000.0,11.14,662.0,22.0,17.1,2.0,0.0,0.0,OWN,TX,7.0,0.0,2.0,0,home_improvement,0
9000.0, 36 months,8.49,B,46000.0,18.5,687.0,10.0,63.4,0.0,0.0,1.0,RENT,WI,2.0,0.0,0.0,0,debt_consolidation,0
10800.0, 36 months,9.8,B,50000.0,29.86,662.0,9.0,44.1,0.0,0.0,1.0,RENT,NJ,1.0,0.0,2.0,0,debt_consolidation,0
35000.0, 60 months,24.24,F,140000.0,10.77,682.0,21.0,37.2,1.0,0.0,0.0,RENT,NY,10.0,0.0,0.0,0,debt_consolidation,0
5000.0, 36 months,11.99,C,108250.0,29.85,707.0,31.0,6.6,0.0,0.0,0.0,RENT,CO,2.0,0.0,1.0,0,debt_consolidation,0
18000.0, 60 months,13.99,C,90500.0,29.35,662.0,19.0,66.0,0.0,0.0,0.0,MORTGAGE,OH,8.0,0.0,0.0,0,credit_card,0
35000.0, 60 months,13.44,C,120000.0,10.9,742.0,12.0,30.4,2.0,0.0,1.0,MORTGAGE,CT,10.0,0.0,6.0,0,debt_consolidation,0
13200.0, 60 months,17.27,D,30000.0,32.4,717.0,10.0,43.0,0.0,0.0,0.0,RENT,FL,7.0,0.0,0.0,0,credit_card,0
10000.0, 36 months,11.99,C,110000.0,20.33,682.0,9.0,80.5,0.0,4.0,0.0,MORTGAGE,NJ,10.0,0.0,3.0,0,debt_consolidation,0
11000.0, 36 months,17.27,D,54000.0,27.47,672.0,10.0,63.0,5.0,0.0,0.0,RENT,TX,1.0,0.0,0.0,0,debt_consolidation,0
20800.0, 60 months,11.99,C,115000.0,23.13,672.0,25.0,57.2,1.0,0.0,0.0,RENT,MD,1.0,0.0,1.0,0,debt_consolidation,0
15000.0, 36 months,17.97,D,220000.0,21.68,677.0,15.0,57.0,0.0,0.0,0.0,MORTGAGE,CA,4.0,0.0,2.0,0,moving,0
26875.0, 60 months,21.48,E,70000.0,19.1,722.0,7.0,75.8,0.0,1.0,0.0,OWN,WI,6.0,0.0,5.0,0,debt_consolidation,1
4000.0, 36 months,15.77,D,47000.0,30.39,687.0,12.0,57.5,0.0,0.0,0.0,MORTGAGE,KY,6.0,0.0,1.0,0,vacation,0
15000.0, 36 months,9.8,B,45760.0,13.22,707.0,6.0,72.4,0.0,0.0,0.0,RENT,CA,1.0,0.0,0.0,0,debt_consolidation,0
5000.0, 36 months,6.99,A,41000.0,22.78,692.0,4.0,30.0,0.0,0.0,0.0,RENT,KY,10.0,0.0,0.0,0,other,0
8500.0, 36 months,17.27,D,85000.0,15.76,667.0,9.0,36.5,2.0,0.0,2.0,MORTGAGE,IL,10.0,0.0,0.0,0,vacation,0
18000.0, 60 months,10.78,B,140000.0,22.22,707.0,21.0,62.5,0.0,0.0,0.0,RENT,TN,2.0,0.0,1.0,0,house,0
20000.0, 36 months,14.85,C,90000.0,2.64,707.0,17.0,67.5,2.0,0.0,0.0,MORTGAGE,WA,1.0,0.0,3.0,0,home_improvement,0
12000.0, 36 months,5.32,A,135000.0,13.35,782.0,27.0,17.6,0.0,0.0,0.0,RENT,WA,1.0,0.0,0.0,0,debt_consolidation,0
9800.0, 36 months,9.17,B,52000.0,17.29,697.0,12.0,44.7,0.0,1.0,0.0,RENT,AR,1.0,0.0,0.0,0,debt_consolidation,0
5000.0, 36 months,7.49,A,80000.0,24.15,707.0,22.0,23.8,1.0,0.0,0.0,RENT,FL,1.0,0.0,8.0,0,debt_consolidation,0
27025.0, 36 months,7.49,A,675000.0,13.44,702.0,24.0,40.7,0.0,0.0,0.0,MORTGAGE,GA,10.0,0.0,4.0,0,debt_consolidation,0
12000.0, 36 months,7.91,A,150000.0,13.39,752.0,12.0,21.1,0.0,0.0,1.0,RENT,NY,5.0,0.0,1.0,0,debt_consolidation,0
28000.0, 60 months,17.97,D,80000.0,7.18,662.0,18.0,38.1,1.0,1.0,1.0,RENT,NY,5.0,0.0,0.0,0,debt_consolidation,0
20000.0, 36 months,11.48,B,40000.0,12.84,712.0,9.0,57.7,0.0,0.0,0.0,MORTGAGE,PA,1.0,0.0,5.0,0,major_purchase,0
24000.0, 60 months,14.85,C,175000.0,11.38,682.0,8.0,64.1,1.0,0.0,5.0,MORTGAGE,FL,1.0,0.0,0.0,0,debt_consolidation,1
7050.0, 36 months,7.91,A,40000.0,20.55,707.0,18.0,21.3,1.0,0.0,1.0,RENT,NY,8.0,0.0,0.0,0,credit_card,0
9000.0, 36 months,5.32,A,105000.0,20.22,717.0,11.0,64.8,0.0,0.0,0.0,MORTGAGE,CA,8.0,0.0,2.0,0,debt_consolidation,0
6000.0, 36 months,11.99,C,27000.0,7.11,692.0,8.0,25.2,2.0,0.0,1.0,RENT,AZ,4.0,0.0,1.0,0,credit_card,1
12600.0, 36 months,17.97,D,30000.0,29.48,667.0,7.0,25.6,0.0,1.0,0.0,RENT,IL,2.0,0.0,0.0,0,debt_consolidation,1
7000.0, 36 months,5.32,A,87600.0,28.59,727.0,21.0,53.1,0.0,0.0,0.0,MORTGAGE,NC,10.0,0.0,3.0,0,credit_card,0
15000.0, 60 months,18.49,D,36500.0,38.21,697.0,7.0,61.7,0.0,1.0,0.0,RENT,NY,7.0,0.0,0.0,0,debt_consolidation,1
12000.0, 36 months,9.17,B,200000.0,8.3,707.0,13.0,50.9,0.0,1.0,0.0,OWN,CA,2.0,0.0,14.0,0,debt_consolidation,0
35000.0, 36 months,7.91,A,150000.0,21.26,717.0,13.0,65.1,0.0,0.0,0.0,RENT,CA,9.0,0.0,0.0,0,credit_card,0
32000.0, 60 months,10.78,B,112000.0,16.73,707.0,17.0,25.5,2.0,0.0,0.0,MORTGAGE,CA,3.0,0.0,2.0,0,credit_card,1
24000.0, 60 months,9.8,B,80000.0,13.14,747.0,11.0,28.0,2.0,0.0,0.0,MORTGAGE,SC,4.0,0.0,1.0,0,debt_consolidation,0
7000.0, 36 months,7.91,A,105000.0,13.62,677.0,8.0,53.4,0.0,1.0,0.0,MORTGAGE,NJ,1.0,0.0,1.0,0,debt_consolidation,0
9800.0, 36 months,12.88,C,103000.0,16.91,682.0,15.0,5.8,2.0,1.0,0.0,RENT,CO,3.0,0.0,0.0,0,debt_consolidation,0
15400.0, 36 months,5.32,A,85000.0,8.92,742.0,9.0,30.5,0.0,0.0,0.0,MORTGAGE,CO,1.0,0.0,5.0,0,credit_card,0
3000.0, 36 months,13.99,C,115000.0,17.48,667.0,27.0,69.7,1.0,0.0,0.0,MORTGAGE,MN,10.0,0.0,1.0,0,home_improvement,0
12000.0, 36 months,12.88,C,75000.0,33.53,687.0,34.0,36.8,0.0,0.0,0.0,OWN,NJ,8.0,0.0,1.0,0,medical,0
18000.0, 60 months,12.88,C,48000.0,30.35,677.0,13.0,58.9,1.0,1.0,0.0,MORTGAGE,ME,,0.0,8.0,0,credit_card,0
21000.0, 60 months,21.48,E,72144.0,29.21,687.0,10.0,87.1,0.0,0.0,0.0,RENT,FL,10.0,0.0,0.0,0,debt_consolidation,0
4000.0, 36 months,10.78,B,68000.0,12.35,682.0,12.0,52.1,2.0,0.0,0.0,RENT,PA,1.0,0.0,1.0,0,home_improvement,0
20000.0, 36 months,6.49,A,121900.0,19.65,787.0,16.0,16.6,1.0,0.0,0.0,RENT,CA,1.0,0.0,0.0,0,debt_consolidation,0
6000.0, 36 months,5.32,A,185000.0,7.97,707.0,4.0,44.0,0.0,0.0,0.0,MORTGAGE,CT,3.0,0.0,4.0,0,home_improvement,0
10400.0, 60 months,12.88,C,90000.0,16.85,702.0,8.0,58.8,0.0,0.0,0.0,MORTGAGE,CT,10.0,0.0,2.0,0,credit_card,0
8000.0, 36 months,9.8,B,47500.0,19.1,777.0,7.0,22.3,0.0,0.0,0.0,MORTGAGE,NC,5.0,0.0,4.0,0,debt_consolidation,0
20000.0, 36 months,11.99,C,110000.0,15.15,687.0,9.0,61.7,0.0,0.0,0.0,MORTGAGE,VA,2.0,0.0,3.0,0,debt_consolidation,0
15000.0, 60 months,10.78,B,107000.0,5.91,732.0,10.0,57.7,2.0,0.0,0.0,MORTGAGE,TX,9.0,0.0,2.0,0,home_improvement,0
15200.0, 36 months,12.88,C,75000.0,33.5,712.0,15.0,59.9,0.0,0.0,0.0,MORTGAGE,WA,10.0,0.0,3.0,0,debt_consolidation,0
8000.0, 36 months,12.88,C,58000.0,25.59,692.0,14.0,49.0,0.0,0.0,0.0,MORTGAGE,GA,1.0,0.0,0.0,0,debt_consolidation,0
35000.0, 60 months,19.89,E,84240.0,13.9,697.0,8.0,39.8,0.0,0.0,0.0,MORTGAGE,WY,10.0,0.0,3.0,0,debt_consolidation,0
4000.0, 36 months,10.78,B,36000.0,0.0,732.0,5.0,0.0,0.0,0.0,0.0,OWN,CT,2.0,0.0,1.0,0,car,0
28000.0, 36 months,5.32,A,90000.0,14.96,752.0,9.0,34.5,0.0,0.0,0.0,MORTGAGE,RI,10.0,0.0,2.0,0,credit_card,0
32000.0, 36 months,12.88,C,100000.0,23.08,692.0,16.0,80.3,2.0,0.0,0.0,MORTGAGE,PA,10.0,0.0,2.0,0,debt_consolidation,0
5000.0, 36 months,7.49,A,109000.0,5.24,687.0,11.0,32.9,0.0,0.0,2.0,MORTGAGE,MI,2.0,0.0,0.0,0,debt_consolidation,0
10375.0, 36 months,14.85,C,45000.0,10.5,662.0,9.0,65.8,0.0,0.0,0.0,RENT,NJ,3.0,0.0,0.0,0,debt_consolidation,0
12000.0, 36 months,7.49,A,53000.0,21.17,682.0,12.0,54.7,1.0,0.0,0.0,RENT,OH,5.0,0.0,0.0,0,credit_card,0
5000.0, 36 months,8.49,B,56000.0,22.72,672.0,9.0,31.7,0.0,1.0,1.0,RENT,NJ,10.0,0.0,0.0,0,other,0
16000.0, 60 months,13.44,C,60000.0,25.94,662.0,14.0,57.4,0.0,0.0,0.0,RENT,TX,10.0,0.0,1.0,0,debt_consolidation,0
20000.0, 36 months,8.49,B,65000.0,8.94,712.0,12.0,46.6,0.0,0.0,0.0,MORTGAGE,FL,3.0,0.0,8.0,0,debt_consolidation,0
35000.0, 36 months,18.49,D,109000.0,29.88,682.0,17.0,91.0,1.0,0.0,0.0,MORTGAGE,GA,10.0,0.0,2.0,0,debt_consolidation,1
25000.0, 36 months,7.91,A,151000.0,12.49,717.0,7.0,71.2,0.0,0.0,0.0,MORTGAGE,LA,10.0,0.0,1.0,0,debt_consolidation,0
16000.0, 36 months,9.8,B,145000.0,32.09,662.0,16.0,71.9,0.0,1.0,1.0,RENT,CA,2.0,0.0,2.0,0,debt_consolidation,1
20000.0, 36 months,11.99,C,118000.0,25.76,707.0,24.0,70.4,0.0,0.0,0.0,MORTGAGE,TX,10.0,0.0,2.0,0,credit_card,0
15000.0, 36 months,9.8,B,55000.0,35.23,762.0,18.0,27.5,0.0,0.0,0.0,RENT,OH,2.0,0.0,0.0,0,credit_card,0
10000.0, 36 months,9.8,B,115000.0,16.04,672.0,10.0,58.3,1.0,4.0,0.0,RENT,NY,10.0,0.0,0.0,0,other,0
6200.0, 36 months,13.44,C,12406.8,22.36,762.0,9.0,18.8,0.0,0.0,0.0,OWN,MA,,0.0,0.0,0,debt_consolidation,0
16000.0, 36 months,9.17,B,135000.0,28.08,707.0,15.0,83.9,0.0,0.0,0.0,RENT,SC,1.0,0.0,2.0,0,debt_consolidation,0
28000.0, 36 months,7.91,A,230000.0,14.85,722.0,12.0,72.7,0.0,0.0,0.0,MORTGAGE,OH,2.0,0.0,3.0,0,credit_card,0
15000.0, 36 months,9.8,B,35880.0,29.83,667.0,3.0,25.9,0.0,0.0,2.0,MORTGAGE,CA,10.0,0.0,1.0,0,debt_consolidation,0
12000.0, 60 months,10.78,B,60000.0,4.36,702.0,17.0,33.9,1.0,0.0,1.0,MORTGAGE,GA,2.0,0.0,3.0,0,debt_consolidation,0
7075.0, 36 months,11.48,B,34980.0,28.06,662.0,18.0,29.8,1.0,1.0,0.0,RENT,CA,10.0,0.0,0.0,0,debt_consolidation,0
10000.0, 36 months,16.59,D,75000.0,13.53,672.0,9.0,79.5,2.0,0.0,0.0,MORTGAGE,NY,10.0,0.0,2.0,0,credit_card,0
7000.0, 36 months,8.49,B,50000.0,8.04,667.0,9.0,76.8,0.0,0.0,0.0,MORTGAGE,FL,,0.0,3.0,0,credit_card,0
5000.0, 36 months,14.85,C,40000.0,31.35,677.0,16.0,69.2,2.0,0.0,0.0,RENT,PA,4.0,0.0,0.0,0,other,0
6000.0, 36 months,11.48,B,50000.0,16.73,682.0,8.0,51.4,0.0,0.0,0.0,MORTGAGE,TX,1.0,0.0,0.0,0,home_improvement,0
17000.0, 60 months,15.77,D,74000.0,27.51,692.0,18.0,18.0,1.0,0.0,2.0,MORTGAGE,AL,,0.0,2.0,0,debt_consolidation,1
7000.0, 36 months,8.49,B,25000.0,24.29,717.0,12.0,33.6,0.0,1.0,0.0,OWN,FL,,0.0,0.0,0,home_improvement,1
30000.0, 36 months,7.91,A,100000.0,17.66,697.0,13.0,52.4,1.0,0.0,0.0,MORTGAGE,MA,2.0,0.0,5.0,0,debt_consolidation,0
20000.0, 60 months,12.88,C,55000.0,19.7,677.0,19.0,66.2,0.0,0.0,0.0,OWN,OH,1.0,0.0,1.0,0,credit_card,0
7000.0, 36 months,7.91,A,52000.0,8.47,722.0,10.0,16.2,1.0,1.0,0.0,MORTGAGE,GA,10.0,0.0,2.0,0,debt_consolidation,0
15600.0, 36 months,13.99,C,220000.0,7.73,682.0,8.0,76.5,2.0,0.0,1.0,MORTGAGE,MN,4.0,0.0,1.0,0,debt_consolidation,0
9000.0, 36 months,5.32,A,45000.0,15.18,767.0,8.0,37.4,0.0,0.0,0.0,MORTGAGE,NC,1.0,0.0,1.0,0,credit_card,0
21000.0, 60 months,18.99,E,215000.0,13.04,677.0,16.0,94.2,1.0,0.0,0.0,MORTGAGE,PA,1.0,0.0,5.0,0,debt_consolidation,0
10000.0, 36 months,9.8,B,80000.0,8.94,667.0,6.0,55.3,0.0,0.0,2.0,MORTGAGE,MO,1.0,0.0,3.0,0,debt_consolidation,0
26000.0, 36 months,10.78,B,88000.0,24.04,702.0,8.0,55.5,0.0,0.0,0.0,MORTGAGE,MO,4.0,0.0,2.0,0,debt_consolidation,0
19675.0, 36 months,12.88,C,41000.0,22.34,692.0,15.0,43.9,2.0,1.0,0.0,OWN,NY,,0.0,0.0,0,credit_card,1
10000.0, 36 months,9.8,B,45000.0,27.97,692.0,8.0,37.3,0.0,0.0,1.0,RENT,MA,4.0,0.0,0.0,0,credit_card,0
11500.0, 36 months,7.91,A,65000.0,21.94,717.0,16.0,25.7,0.0,0.0,0.0,RENT,CT,7.0,0.0,0.0,0,debt_consolidation,0
21000.0, 60 months,14.85,C,120000.0,18.79,682.0,13.0,61.7,1.0,0.0,0.0,MORTGAGE,TX,7.0,0.0,1.0,0,home_improvement,0
3500.0, 36 months,8.49,B,54000.0,11.33,707.0,7.0,5.9,1.0,1.0,0.0,RENT,MA,1.0,0.0,0.0,0,debt_consolidation,1
13500.0, 36 months,6.99,A,42000.0,12.83,702.0,7.0,70.0,1.0,1.0,0.0,MORTGAGE,IN,10.0,0.0,2.0,0,home_improvement,0
15200.0, 36 months,9.17,B,136000.0,9.35,707.0,11.0,67.0,3.0,0.0,0.0,RENT,TX,10.0,0.0,3.0,0,credit_card,0
4900.0, 36 months,8.49,B,43000.0,5.92,707.0,7.0,20.3,2.0,0.0,0.0,RENT,NJ,1.0,0.0,0.0,0,debt_consolidation,0
1000.0, 36 months,14.85,C,9000.0,28.46,672.0,6.0,16.4,2.0,0.0,0.0,RENT,MD,,0.0,0.0,0,other,0
8000.0, 36 months,10.78,B,60000.0,13.59,662.0,15.0,42.3,0.0,0.0,0.0,MORTGAGE,FL,7.0,0.0,0.0,0,credit_card,0
10000.0, 36 months,9.8,B,68000.0,10.08,692.0,9.0,35.9,1.0,0.0,0.0,MORTGAGE,FL,8.0,0.0,1.0,0,debt_consolidation,0
15000.0, 60 months,12.88,C,105000.0,11.06,742.0,9.0,19.3,1.0,0.0,0.0,MORTGAGE,KS,1.0,0.0,7.0,0,small_business,0
10000.0, 60 months,23.13,F,30000.0,19.92,687.0,5.0,56.4,2.0,0.0,0.0,RENT,CA,1.0,0.0,0.0,0,debt_consolidation,1
26900.0, 36 months,11.99,C,125000.0,21.6,712.0,11.0,77.0,0.0,0.0,0.0,MORTGAGE,WI,1.0,0.0,6.0,0,credit_card,1
35000.0, 36 months,17.97,D,115000.0,16.1,772.0,15.0,4.2,0.0,0.0,0.0,RENT,FL,4.0,0.0,0.0,0,debt_consolidation,0
18000.0, 60 months,13.44,C,58000.0,24.79,672.0,15.0,47.7,0.0,2.0,0.0,MORTGAGE,CT,10.0,1.0,3.0,0,debt_consolidation,0
8000.0, 36 months,12.88,C,42000.0,10.23,672.0,9.0,51.4,0.0,0.0,0.0,MORTGAGE,TX,7.0,0.0,0.0,0,debt_consolidation,0
10800.0, 36 months,10.78,B,58000.0,11.94,672.0,7.0,55.3,0.0,0.0,0.0,RENT,GA,4.0,0.0,0.0,0,debt_consolidation,1
25000.0, 36 months,11.48,B,110000.0,14.3,712.0,11.0,34.7,0.0,3.0,0.0,MORTGAGE,MO,10.0,0.0,4.0,0,debt_consolidation,0
15000.0, 60 months,13.99,C,65000.0,20.94,692.0,11.0,50.2,0.0,0.0,0.0,RENT,NY,1.0,0.0,1.0,0,debt_consolidation,0
10000.0, 60 months,9.8,B,52500.0,23.45,737.0,19.0,22.6,1.0,0.0,0.0,RENT,NY,4.0,0.0,1.0,0,debt_consolidation,0
18000.0, 60 months,10.78,B,84000.0,28.14,702.0,22.0,54.7,0.0,0.0,0.0,MORTGAGE,VA,8.0,0.0,2.0,0,debt_consolidation,1
9000.0, 36 months,7.49,A,64000.0,12.32,702.0,21.0,11.1,0.0,1.0,0.0,MORTGAGE,NJ,9.0,0.0,4.0,0,debt_consolidation,0
16000.0, 36 months,9.17,B,55000.0,17.11,712.0,14.0,48.5,1.0,0.0,0.0,MORTGAGE,KS,10.0,0.0,1.0,0,debt_consolidation,0
13625.0, 36 months,13.44,C,31000.0,17.58,707.0,20.0,18.6,0.0,0.0,0.0,OWN,RI,3.0,0.0,1.0,0,debt_consolidation,1
5000.0, 36 months,11.48,B,52000.0,18.23,722.0,12.0,21.3,0.0,0.0,1.0,MORTGAGE,TN,5.0,0.0,5.0,0,debt_consolidation,0
29325.0, 36 months,9.17,B,58656.0,26.43,747.0,8.0,92.8,0.0,0.0,0.0,MORTGAGE,VA,,0.0,3.0,0,credit_card,0
19200.0, 36 months,7.49,A,95000.0,16.94,707.0,33.0,34.7,0.0,0.0,0.0,MORTGAGE,MD,9.0,0.0,4.0,0,credit_card,0
16000.0, 60 months,13.99,C,40000.0,30.81,732.0,24.0,21.5,0.0,0.0,0.0,MORTGAGE,NY,5.0,0.0,2.0,0,debt_consolidation,0
30000.0, 36 months,17.97,D,79000.0,21.89,667.0,8.0,60.9,2.0,0.0,0.0,MORTGAGE,NY,10.0,0.0,5.0,0,debt_consolidation,0
4500.0, 36 months,15.77,D,68200.0,18.13,692.0,23.0,37.2,5.0,1.0,1.0,RENT,KS,4.0,0.0,0.0,0,debt_consolidation,1
10000.0, 36 months,6.99,A,54000.0,14.96,707.0,10.0,38.0,0.0,0.0,0.0,RENT,FL,10.0,0.0,3.0,0,credit_card,0
10000.0, 36 months,13.44,C,102000.0,2.64,697.0,8.0,26.5,0.0,0.0,1.0,MORTGAGE,OK,5.0,0.0,1.0,0,other,0
12000.0, 36 months,8.49,B,95000.0,12.35,672.0,12.0,61.9,0.0,0.0,1.0,OWN,SC,10.0,0.0,0.0,0,debt_consolidation,0
7000.0, 36 months,6.49,A,78000.0,13.37,817.0,9.0,7.9,0.0,0.0,0.0,RENT,CO,10.0,0.0,2.0,0,debt_consolidation,0
8000.0, 36 months,12.88,C,125400.0,12.92,662.0,17.0,53.3,1.0,0.0,1.0,MORTGAGE,TX,10.0,0.0,1.0,0,credit_card,1
9000.0, 36 months,10.78,B,50000.0,24.74,672.0,7.0,35.4,0.0,1.0,1.0,MORTGAGE,KY,9.0,0.0,1.0,0,debt_consolidation,0
11200.0, 36 months,6.49,A,58000.0,28.35,717.0,12.0,60.0,0.0,0.0,0.0,RENT,NY,4.0,0.0,0.0,0,credit_card,0
12000.0, 36 months,7.49,A,88000.0,14.01,687.0,11.0,65.3,1.0,4.0,0.0,MORTGAGE,IN,10.0,0.0,4.0,0,debt_consolidation,0
9000.0, 36 months,17.27,D,48000.0,38.68,702.0,12.0,67.1,0.0,0.0,0.0,RENT,MA,10.0,0.0,0.0,0,credit_card,1
12225.0, 36 months,16.59,D,94000.0,10.62,672.0,10.0,82.0,1.0,0.0,0.0,MORTGAGE,KY,,0.0,1.0,0,debt_consolidation,0
21000.0, 60 months,16.59,D,65000.0,34.71,697.0,21.0,78.0,2.0,0.0,0.0,MORTGAGE,KY,,0.0,2.0,0,other,1
10000.0, 36 months,13.44,C,83000.0,15.17,677.0,9.0,36.0,2.0,0.0,1.0,MORTGAGE,FL,10.0,0.0,7.0,0,debt_consolidation,0
22675.0, 60 months,21.48,E,72000.0,20.06,682.0,30.0,22.2,1.0,0.0,2.0,MORTGAGE,MI,1.0,0.0,1.0,0,home_improvement,0
15125.0, 60 months,23.13,F,45000.0,27.02,707.0,17.0,25.5,1.0,0.0,0.0,RENT,CA,1.0,0.0,0.0,0,debt_consolidation,0
6000.0, 36 months,11.48,B,28000.0,19.72,697.0,9.0,51.0,1.0,0.0,0.0,RENT,IL,9.0,0.0,0.0,0,debt_consolidation,0
9000.0, 36 months,11.48,B,42000.0,31.46,687.0,10.0,84.6,0.0,0.0,0.0,MORTGAGE,PA,4.0,0.0,1.0,0,debt_consolidation,0
12900.0, 60 months,18.99,E,38000.0,23.26,712.0,5.0,69.3,0.0,1.0,0.0,MORTGAGE,KY,10.0,0.0,1.0,0,medical,0
20950.0, 60 months,17.97,D,87500.0,10.81,737.0,7.0,7.6,0.0,0.0,0.0,MORTGAGE,NJ,5.0,0.0,3.0,0,debt_consolidation,0
12000.0, 36 months,6.49,A,223000.0,7.22,742.0,25.0,19.3,0.0,0.0,1.0,OWN,NY,3.0,0.0,0.0,0,debt_consolidation,0
2500.0, 36 months,13.99,C,130000.0,22.39,727.0,8.0,94.8,0.0,0.0,0.0,RENT,FL,10.0,0.0,2.0,0,vacation,0
14000.0, 36 months,6.99,A,73000.0,32.63,702.0,15.0,50.0,1.0,0.0,1.0,MORTGAGE,NJ,7.0,0.0,1.0,0,credit_card,0
16100.0, 36 months,13.99,C,35000.0,20.27,752.0,21.0,17.4,4.0,0.0,0.0,OWN,GA,6.0,0.0,2.0,0,credit_card,1
24000.0, 60 months,11.99,C,56000.0,32.1,712.0,12.0,64.1,0.0,0.0,0.0,MORTGAGE,NY,2.0,0.0,1.0,0,credit_card,0
8000.0, 36 months,8.49,B,75000.0,19.06,672.0,11.0,58.5,0.0,0.0,2.0,OWN,MI,1.0,0.0,1.0,0,credit_card,0
2400.0, 36 months,13.99,C,47000.0,35.59,712.0,13.0,56.0,2.0,0.0,0.0,MORTGAGE,PA,7.0,0.0,2.0,0,vacation,0
16000.0, 60 months,8.49,B,84000.0,19.06,757.0,24.0,20.7,0.0,0.0,0.0,MORTGAGE,FL,10.0,0.0,1.0,0,credit_card,0
8000.0, 36 months,6.99,A,78000.0,13.49,732.0,9.0,50.1,0.0,0.0,0.0,MORTGAGE,CA,10.0,0.0,0.0,0,credit_card,0
22000.0, 60 months,11.99,C,62000.0,14.73,712.0,10.0,31.6,0.0,0.0,0.0,MORTGAGE,GA,1.0,0.0,2.0,0,debt_consolidation,0
3600.0, 36 months,12.88,C,98000.0,32.83,662.0,26.0,88.7,0.0,1.0,0.0,RENT,NY,10.0,0.0,0.0,0,moving,0
7000.0, 36 months,9.8,B,36000.0,21.4,712.0,18.0,36.0,1.0,0.0,1.0,RENT,NY,10.0,0.0,0.0,0,debt_consolidation,1
18000.0, 36 months,13.44,C,108000.0,16.26,662.0,6.0,87.7,1.0,1.0,0.0,RENT,FL,10.0,0.0,0.0,0,credit_card,0
13700.0, 36 months,8.49,B,29826.0,28.65,712.0,15.0,24.1,1.0,0.0,1.0,RENT,TN,,0.0,2.0,0,credit_card,0
11150.0, 36 months,17.97,D,78000.0,34.95,687.0,18.0,42.5,0.0,0.0,0.0,MORTGAGE,CO,10.0,0.0,1.0,0,debt_consolidation,0
26000.0, 36 months,10.78,B,89000.0,19.71,687.0,19.0,54.5,0.0,0.0,0.0,MORTGAGE,CT,10.0,0.0,3.0,0,credit_card,0
35000.0, 60 months,11.48,B,220000.0,16.8,692.0,10.0,78.0,0.0,0.0,0.0,MORTGAGE,NY,10.0,0.0,4.0,0,credit_card,0
20000.0, 60 months,13.44,C,80000.0,26.79,677.0,16.0,93.1,0.0,1.0,0.0,RENT,FL,4.0,0.0,0.0,0,credit_card,0
29200.0, 60 months,12.88,C,90000.0,7.59,687.0,16.0,39.0,0.0,0.0,0.0,MORTGAGE,TX,10.0,0.0,2.0,0,debt_consolidation,0
32000.0, 36 months,11.99,C,150000.0,13.46,697.0,20.0,86.3,1.0,0.0,1.0,MORTGAGE,TX,10.0,0.0,2.0,0,debt_consolidation,0
7500.0, 36 months,5.32,A,100000.0,4.62,702.0,9.0,51.2,0.0,0.0,0.0,MORTGAGE,FL,10.0,0.0,4.0,0,credit_card,0
12000.0, 60 months,13.44,C,54000.0,6.07,692.0,10.0,46.7,0.0,0.0,0.0,MORTGAGE,FL,10.0,0.0,1.0,0,debt_consolidation,1
7500.0, 36 months,13.99,C,43033.0,12.35,692.0,5.0,41.7,1.0,0.0,0.0,RENT,OK,10.0,0.0,1.0,0,credit_card,1
15000.0, 60 months,17.97,D,88915.0,33.26,687.0,10.0,93.0,1.0,1.0,0.0,MORTGAGE,LA,5.0,0.0,2.0,0,debt_consolidation,1
5000.0, 36 months,20.5,E,18406.0,31.89,692.0,14.0,45.8,0.0,0.0,0.0,RENT,GA,3.0,0.0,0.0,0,other,0
12000.0, 36 months,9.8,B,41000.0,17.39,677.0,19.0,26.5,0.0,0.0,1.0,MORTGAGE,AZ,5.0,0.0,0.0,0,debt_consolidation,1
4900.0, 36 months,6.49,A,48500.0,11.85,732.0,6.0,35.3,0.0,0.0,0.0,MORTGAGE,IN,10.0,0.0,3.0,0,debt_consolidation,0
20000.0, 60 months,12.88,C,65000.0,20.11,662.0,12.0,84.3,0.0,0.0,0.0,RENT,FL,2.0,0.0,0.0,0,credit_card,0
8000.0, 36 months,14.85,C,72000.0,15.83,662.0,7.0,56.4,0.0,0.0,2.0,RENT,AZ,1.0,0.0,1.0,0,debt_consolidation,1
34000.0, 60 months,11.99,C,106000.0,19.35,697.0,13.0,66.0,1.0,1.0,0.0,MORTGAGE,UT,10.0,0.0,7.0,0,debt_consolidation,0
24000.0, 36 months,6.99,A,100000.0,8.0,712.0,7.0,54.3,0.0,0.0,0.0,MORTGAGE,MA,10.0,0.0,5.0,0,debt_consolidation,0
3000.0, 36 months,11.48,B,10000.0,21.01,662.0,4.0,34.0,1.0,1.0,1.0,RENT,MO,,0.0,2.0,0,credit_card,0
6000.0, 36 months,10.78,B,54000.0,31.56,692.0,16.0,40.1,0.0,2.0,0.0,OWN,CA,1.0,0.0,0.0,0,debt_consolidation,0
12500.0, 36 months,12.88,C,53220.0,14.16,672.0,15.0,20.0,2.0,2.0,1.0,MORTGAGE,SC,,0.0,1.0,0,debt_consolidation,0
15800.0, 60 months,10.78,B,55000.0,8.43,762.0,7.0,38.7,2.0,0.0,0.0,MORTGAGE,IL,1.0,0.0,3.0,0,credit_card,0
10000.0, 36 months,7.91,A,105000.0,10.42,677.0,5.0,88.2,0.0,1.0,0.0,RENT,RI,10.0,0.0,0.0,0,debt_consolidation,0
10000.0, 36 months,11.99,C,80000.0,15.27,707.0,12.0,45.2,1.0,0.0,0.0,MORTGAGE,OH,7.0,0.0,2.0,0,debt_consolidation,0
6025.0, 36 months,13.99,C,100000.0,13.28,687.0,13.0,81.7,0.0,0.0,0.0,OWN,MA,8.0,0.0,1.0,0,other,0
19925.0, 60 months,26.99,G,55400.0,19.41,667.0,12.0,68.5,0.0,0.0,0.0,RENT,MD,3.0,0.0,0.0,0,debt_consolidation,0
15000.0, 60 months,19.48,E,128000.0,13.61,662.0,9.0,72.5,2.0,0.0,0.0,MORTGAGE,NY,5.0,0.0,1.0,0,debt_consolidation,1
8000.0, 36 months,12.88,C,104986.0,11.9,667.0,5.0,98.0,0.0,3.0,0.0,OWN,AL,6.0,0.0,1.0,0,home_improvement,0
10000.0, 36 months,10.78,B,43747.0,20.96,717.0,7.0,41.5,0.0,0.0,0.0,RENT,NY,10.0,0.0,0.0,0,debt_consolidation,0
21000.0, 60 months,12.88,C,66000.0,18.15,712.0,17.0,32.6,0.0,0.0,0.0,MORTGAGE,CO,7.0,0.0,1.0,0,debt_consolidation,0
26400.0, 60 months,15.77,D,72000.0,33.47,712.0,14.0,28.4,0.0,0.0,0.0,OWN,VA,9.0,0.0,0.0,0,debt_consolidation,0
12000.0, 60 months,13.99,C,60000.0,12.42,662.0,16.0,9.9,0.0,2.0,0.0,RENT,NJ,10.0,0.0,0.0,0,debt_consolidation,1
25000.0, 36 months,7.91,A,55000.0,10.54,717.0,4.0,71.4,0.0,0.0,0.0,MORTGAGE,KY,1.0,0.0,2.0,0,credit_card,0
4800.0, 36 months,10.78,B,160000.0,23.3,667.0,15.0,97.9,0.0,1.0,0.0,MORTGAGE,VA,10.0,0.0,9.0,0,home_improvement,0
5000.0, 36 months,9.17,B,50000.0,9.58,662.0,7.0,35.4,0.0,0.0,0.0,OWN,OH,10.0,0.0,0.0,0,other,1
4200.0, 36 months,13.44,C,24000.0,22.1,707.0,4.0,96.2,0.0,0.0,0.0,MORTGAGE,MT,10.0,0.0,4.0,0,credit_card,0
5000.0, 36 months,8.49,B,157000.0,12.24,672.0,12.0,51.3,0.0,0.0,2.0,MORTGAGE,NY,5.0,0.0,3.0,0,home_improvement,0
28000.0, 60 months,11.99,C,101000.0,29.81,777.0,27.0,23.2,1.0,0.0,0.0,MORTGAGE,TX,3.0,0.0,3.0,0,credit_card,0
20000.0, 60 months,16.59,D,50000.0,28.18,662.0,12.0,87.0,0.0,0.0,0.0,RENT,IL,10.0,0.0,0.0,0,debt_consolidation,0
15000.0, 36 months,10.78,B,90000.0,18.47,662.0,15.0,89.6,0.0,1.0,0.0,RENT,AL,2.0,0.0,0.0,0,credit_card,0
20000.0, 60 months,18.49,D,70000.0,28.34,682.0,10.0,77.6,0.0,1.0,0.0,MORTGAGE,OK,1.0,0.0,4.0,0,debt_consolidation,0
27000.0, 60 months,18.49,D,55000.0,36.18,682.0,15.0,13.4,0.0,0.0,1.0,RENT,AL,7.0,0.0,2.0,0,debt_consolidation,1
24000.0, 36 months,11.48,B,78000.0,23.26,702.0,17.0,61.0,0.0,0.0,0.0,MORTGAGE,FL,4.0,0.0,4.0,0,debt_consolidation,0
28800.0, 60 months,8.49,B,105000.0,12.41,737.0,9.0,51.6,0.0,0.0,0.0,MORTGAGE,TX,3.0,0.0,3.0,0,credit_card,0
2000.0, 36 months,10.78,B,34000.0,13.94,682.0,3.0,92.4,1.0,1.0,0.0,OWN,NJ,,0.0,0.0,0,debt_consolidation,0
2200.0, 36 months,11.99,C,26000.0,31.53,682.0,11.0,58.5,1.0,0.0,0.0,RENT,NV,3.0,0.0,0.0,0,home_improvement,0
28000.0, 36 months,6.99,A,300000.0,5.0,737.0,7.0,8.2,0.0,0.0,0.0,MORTGAGE,CA,4.0,0.0,5.0,0,home_improvement,0
9025.0, 36 months,13.99,C,58000.0,24.85,662.0,14.0,59.4,0.0,0.0,1.0,RENT,NY,10.0,0.0,5.0,0,debt_consolidation,0
4200.0, 36 months,12.88,C,45000.0,15.87,667.0,5.0,24.8,0.0,1.0,0.0,MORTGAGE,AL,6.0,0.0,2.0,0,debt_consolidation,0
5000.0, 36 months,11.48,B,50000.0,26.85,702.0,18.0,30.6,0.0,0.0,0.0,MORTGAGE,MI,10.0,0.0,2.0,0,credit_card,0
5000.0, 36 months,8.49,B,100000.0,27.29,682.0,26.0,65.6,2.0,1.0,0.0,MORTGAGE,AZ,3.0,0.0,3.0,0,renewable_energy,0
13000.0, 36 months,13.44,C,85000.0,14.98,687.0,32.0,39.7,1.0,1.0,0.0,MORTGAGE,MO,6.0,0.0,6.0,0,credit_card,0
20000.0, 36 months,11.48,B,120000.0,17.82,672.0,16.0,61.5,2.0,2.0,0.0,MORTGAGE,NY,10.0,0.0,1.0,0,debt_consolidation,1
18750.0, 60 months,16.59,D,65000.0,30.45,682.0,8.0,71.8,0.0,0.0,0.0,RENT,AK,10.0,0.0,1.0,0,credit_card,0
11200.0, 36 months,9.8,B,69500.0,19.6,697.0,37.0,25.6,0.0,1.0,1.0,OWN,FL,10.0,0.0,1.0,0,debt_consolidation,0
24000.0, 60 months,16.59,D,134000.0,9.3,662.0,9.0,19.9,0.0,0.0,1.0,MORTGAGE,CA,5.0,0.0,4.0,0,home_improvement,0
12000.0, 36 months,12.88,C,50000.0,26.84,662.0,12.0,59.2,2.0,2.0,0.0,RENT,OR,2.0,0.0,3.0,0,debt_consolidation,0
15000.0, 36 months,7.91,A,39000.0,19.05,722.0,9.0,30.1,1.0,0.0,0.0,MORTGAGE,CO,10.0,0.0,5.0,0,credit_card,0
12000.0, 60 months,18.99,E,65000.0,18.91,672.0,21.0,50.5,2.0,0.0,0.0,RENT,CT,10.0,0.0,1.0,0,debt_consolidation,1
4000.0, 36 months,10.78,B,100000.0,19.51,687.0,10.0,83.2,0.0,0.0,1.0,MORTGAGE,AL,4.0,0.0,1.0,0,debt_consolidation,0
29750.0, 36 months,15.77,D,62000.0,21.54,687.0,16.0,48.6,0.0,0.0,0.0,MORTGAGE,NJ,6.0,0.0,3.0,0,debt_consolidation,1
10000.0, 36 months,11.48,B,25000.0,17.33,702.0,2.0,72.7,0.0,0.0,0.0,RENT,AZ,10.0,0.0,0.0,0,credit_card,0
20000.0, 36 months,11.48,B,370000.0,7.09,722.0,20.0,,1.0,3.0,0.0,MORTGAGE,PA,10.0,0.0,1.0,0,debt_consolidation,0
8000.0, 36 months,5.32,A,40000.0,18.15,737.0,11.0,30.4,0.0,0.0,0.0,MORTGAGE,TX,10.0,0.0,1.0,0,debt_consolidation,0
35000.0, 60 months,11.99,C,154000.0,26.1,707.0,13.0,80.5,0.0,0.0,0.0,MORTGAGE,TX,4.0,0.0,2.0,0,credit_card,0
11200.0, 60 months,21.48,E,38500.0,22.76,672.0,6.0,57.3,1.0,0.0,0.0,RENT,IN,2.0,0.0,0.0,0,vacation,1
3200.0, 36 months,12.88,C,43000.0,15.99,697.0,9.0,51.3,0.0,0.0,0.0,MORTGAGE,OH,4.0,0.0,1.0,0,home_improvement,0
2000.0, 36 months,8.49,B,58000.0,29.88,712.0,8.0,41.9,0.0,0.0,1.0,MORTGAGE,VA,10.0,0.0,2.0,0,major_purchase,0
29900.0, 60 months,19.48,E,65000.0,34.42,662.0,13.0,41.8,1.0,0.0,0.0,MORTGAGE,FL,3.0,0.0,2.0,0,home_improvement,1
10000.0, 36 months,9.17,B,120000.0,12.13,752.0,16.0,18.7,1.0,0.0,0.0,MORTGAGE,LA,2.0,0.0,1.0,0,small_business,0
12000.0, 36 months,10.78,B,32500.0,7.57,747.0,3.0,41.2,1.0,0.0,0.0,RENT,TX,3.0,0.0,0.0,0,debt_consolidation,0
24000.0, 60 months,8.49,B,94384.0,8.96,752.0,16.0,20.3,1.0,0.0,0.0,MORTGAGE,NY,10.0,0.0,1.0,0,debt_consolidation,0
15000.0, 60 months,15.77,D,65500.0,20.58,667.0,17.0,53.5,2.0,1.0,0.0,MORTGAGE,PA,3.0,0.0,1.0,0,credit_card,0
35000.0, 60 months,16.59,D,137500.0,34.26,687.0,29.0,92.5,0.0,1.0,0.0,MORTGAGE,FL,2.0,0.0,1.0,0,debt_consolidation,1
2525.0, 36 months,9.8,B,41000.0,3.22,662.0,4.0,31.0,1.0,0.0,1.0,OWN,OH,10.0,0.0,1.0,0,credit_card,0
30800.0, 36 months,12.88,C,153000.0,16.38,667.0,11.0,83.5,1.0,0.0,0.0,MORTGAGE,TX,2.0,0.0,1.0,0,credit_card,0
9000.0, 36 months,8.49,B,163000.0,11.7,692.0,15.0,26.0,1.0,0.0,1.0,RENT,CA,2.0,0.0,0.0,0,credit_card,0
4000.0, 36 months,11.99,C,30000.0,31.28,667.0,13.0,62.9,0.0,0.0,0.0,RENT,CA,7.0,0.0,0.0,0,debt_consolidation,0
27650.0, 60 months,13.44,C,115000.0,28.44,697.0,15.0,30.0,0.0,1.0,5.0,MORTGAGE,GA,10.0,0.0,2.0,0,credit_card,0
9000.0, 36 months,6.49,A,54000.0,28.22,732.0,9.0,60.7,0.0,0.0,0.0,MORTGAGE,GA,10.0,0.0,5.0,0,debt_consolidation,0
6000.0, 36 months,16.59,D,85000.0,21.5,687.0,6.0,69.1,1.0,0.0,1.0,RENT,NY,1.0,0.0,0.0,0,other,0
8000.0, 36 months,8.49,B,40000.0,16.08,702.0,13.0,31.0,0.0,0.0,0.0,MORTGAGE,AZ,10.0,0.0,1.0,0,credit_card,0
5000.0, 36 months,11.48,B,55000.0,19.62,662.0,9.0,54.3,2.0,0.0,0.0,RENT,NC,3.0,0.0,0.0,0,debt_consolidation,1
35000.0, 60 months,16.59,D,175350.0,16.05,787.0,12.0,8.5,2.0,0.0,0.0,MORTGAGE,WI,10.0,0.0,2.0,0,major_purchase,0
10500.0, 60 months,17.97,D,50000.0,17.52,702.0,14.0,51.9,1.0,0.0,0.0,MORTGAGE,NY,3.0,0.0,0.0,0,debt_consolidation,0
20000.0, 60 months,17.27,D,60000.0,6.46,682.0,9.0,31.9,2.0,1.0,0.0,MORTGAGE,NJ,10.0,0.0,1.0,0,debt_consolidation,1
3500.0, 36 months,16.59,D,60000.0,32.02,677.0,18.0,30.6,2.0,0.0,0.0,RENT,NJ,3.0,0.0,0.0,0,home_improvement,1
17000.0, 36 months,9.17,B,80470.0,22.23,672.0,18.0,43.0,0.0,0.0,0.0,MORTGAGE,MN,10.0,0.0,1.0,0,debt_consolidation,0
22950.0, 36 months,12.88,C,65500.0,28.68,727.0,8.0,73.5,0.0,0.0,0.0,MORTGAGE,VA,9.0,0.0,5.0,0,debt_consolidation,0
20000.0, 36 months,5.32,A,82000.0,15.57,772.0,15.0,17.4,0.0,0.0,0.0,MORTGAGE,IN,9.0,0.0,3.0,0,debt_consolidation,0
4500.0, 36 months,10.78,B,124000.0,13.47,692.0,12.0,65.6,0.0,0.0,0.0,MORTGAGE,OR,10.0,0.0,3.0,0,credit_card,0
2075.0, 36 months,18.49,D,41545.0,5.03,692.0,16.0,29.0,1.0,0.0,0.0,RENT,MS,1.0,0.0,0.0,0,other,1
14350.0, 36 months,8.49,B,84000.0,22.52,742.0,15.0,69.4,0.0,0.0,0.0,OWN,NJ,8.0,0.0,2.0,0,debt_consolidation,0
26400.0, 36 months,11.99,C,70000.0,24.55,672.0,9.0,88.5,1.0,2.0,0.0,MORTGAGE,MI,6.0,0.0,1.0,0,debt_consolidation,0
25000.0, 36 months,6.99,A,175000.0,6.49,712.0,12.0,41.8,0.0,0.0,0.0,MORTGAGE,CO,2.0,0.0,5.0,0,debt_consolidation,0
6000.0, 36 months,7.49,A,34000.0,1.34,772.0,7.0,7.9,0.0,0.0,0.0,RENT,RI,9.0,0.0,0.0,0,debt_consolidation,0
8000.0, 36 months,8.49,B,35000.0,24.61,702.0,11.0,46.5,0.0,0.0,0.0,RENT,NY,,0.0,0.0,0,credit_card,0
14400.0, 36 months,12.88,C,84000.0,5.29,707.0,3.0,70.2,0.0,0.0,0.0,RENT,CO,1.0,0.0,0.0,0,debt_consolidation,0
11450.0, 60 months,19.89,E,54000.0,12.28,687.0,9.0,36.4,1.0,1.0,0.0,MORTGAGE,CA,10.0,0.0,4.0,0,debt_consolidation,0
20000.0, 36 months,11.48,B,63000.0,33.03,662.0,21.0,64.0,2.0,0.0,0.0,OWN,PA,10.0,0.0,0.0,0,debt_consolidation,1
15000.0, 36 months,10.78,B,124000.0,14.26,672.0,8.0,58.9,0.0,3.0,0.0,MORTGAGE,CA,10.0,0.0,1.0,0,debt_consolidation,0
13000.0, 36 months,10.78,B,61500.0,6.71,672.0,8.0,52.6,0.0,0.0,0.0,RENT,CO,1.0,0.0,0.0,0,credit_card,0
13000.0, 36 months,8.49,B,125000.0,29.58,672.0,13.0,64.0,1.0,0.0,0.0,OWN,MN,4.0,0.0,1.0,0,debt_consolidation,0
8000.0, 36 months,13.44,C,70000.0,27.26,662.0,12.0,94.4,1.0,0.0,0.0,MORTGAGE,PA,4.0,0.0,0.0,0,debt_consolidation,1
14075.0, 60 months,24.24,F,52000.0,38.36,672.0,12.0,67.6,1.0,0.0,0.0,RENT,NJ,6.0,0.0,0.0,0,debt_consolidation,1
20000.0, 36 months,11.99,C,72000.0,17.33,742.0,15.0,37.1,0.0,0.0,0.0,OWN,NC,,0.0,0.0,0,credit_card,0
15600.0, 60 months,13.99,C,55000.0,9.95,667.0,7.0,42.7,0.0,0.0,1.0,RENT,TN,10.0,0.0,0.0,0,debt_consolidation,0
2000.0, 36 months,9.17,B,62000.0,6.35,752.0,3.0,36.4,0.0,0.0,0.0,MORTGAGE,FL,6.0,0.0,1.0,0,vacation,0
15000.0, 36 months,5.32,A,71000.0,26.19,727.0,15.0,37.3,0.0,0.0,0.0,RENT,FL,10.0,0.0,0.0,0,debt_consolidation,0
6000.0, 36 months,11.99,C,70000.0,12.24,742.0,5.0,28.1,0.0,0.0,0.0,MORTGAGE,LA,4.0,0.0,2.0,0,car,0
35000.0, 36 months,11.99,C,115000.0,18.75,692.0,11.0,75.8,0.0,0.0,0.0,RENT,CA,8.0,0.0,4.0,0,credit_card,1
12000.0, 36 months,7.49,A,62000.0,12.92,762.0,22.0,21.8,0.0,0.0,0.0,RENT,CA,10.0,0.0,0.0,0,debt_consolidation,0
7200.0, 36 months,10.78,B,160000.0,9.85,682.0,13.0,61.3,1.0,0.0,6.0,MORTGAGE,GA,4.0,0.0,5.0,0,home_improvement,0
2400.0, 36 months,17.27,D,30296.0,19.87,687.0,7.0,40.4,1.0,1.0,0.0,RENT,NY,8.0,0.0,0.0,0,other,0
20000.0, 36 months,6.99,A,130000.0,25.03,742.0,12.0,45.0,1.0,0.0,0.0,MORTGAGE,PA,2.0,0.0,1.0,0,home_improvement,0
14400.0, 60 months,19.89,E,51000.0,23.46,662.0,11.0,65.7,1.0,1.0,0.0,MORTGAGE,NC,10.0,0.0,0.0,0,debt_consolidation,1
24000.0, 60 months,9.17,B,123000.0,22.85,702.0,42.0,37.0,2.0,0.0,0.0,MORTGAGE,MD,1.0,0.0,1.0,0,credit_card,0
20000.0, 36 months,9.8,B,62000.0,20.5,672.0,19.0,43.5,0.0,0.0,0.0,MORTGAGE,TX,4.0,0.0,1.0,0,major_purchase,0
18175.0, 36 months,17.97,D,50500.0,21.03,672.0,5.0,60.8,0.0,0.0,0.0,OWN,OK,10.0,0.0,0.0,0,debt_consolidation,1
7200.0, 36 months,11.99,C,25000.0,13.06,727.0,8.0,38.0,0.0,0.0,0.0,OWN,SC,10.0,0.0,0.0,0,debt_consolidation,0
35000.0, 36 months,18.99,E,96437.0,25.29,672.0,13.0,64.3,3.0,0.0,0.0,OWN,FL,7.0,0.0,6.0,0,debt_consolidation,1
5000.0, 36 months,6.99,A,32000.0,17.75,707.0,6.0,39.9,0.0,0.0,1.0,RENT,IN,3.0,0.0,0.0,0,credit_card,0
20000.0, 60 months,11.99,C,65000.0,21.18,702.0,11.0,68.4,0.0,0.0,0.0,MORTGAGE,NY,3.0,0.0,1.0,0,debt_consolidation,0
24000.0, 60 months,7.91,A,125000.0,13.07,692.0,11.0,88.0,0.0,1.0,0.0,MORTGAGE,NJ,10.0,0.0,3.0,0,debt_consolidation,0
24000.0, 36 months,5.32,A,280000.0,9.27,762.0,20.0,21.4,0.0,0.0,0.0,MORTGAGE,NY,2.0,0.0,3.0,0,debt_consolidation,0
23500.0, 36 months,9.8,B,84700.0,23.83,677.0,17.0,66.6,1.0,0.0,0.0,MORTGAGE,TX,,0.0,2.0,0,credit_card,0
15000.0, 60 months,7.91,A,106000.0,13.26,717.0,7.0,49.9,0.0,0.0,0.0,MORTGAGE,IL,9.0,0.0,2.0,0,credit_card,0
28000.0, 36 months,7.49,A,110000.0,8.53,767.0,10.0,51.7,0.0,0.0,0.0,MORTGAGE,TX,6.0,0.0,0.0,0,debt_consolidation,1
18000.0, 60 months,13.44,C,72000.0,14.77,672.0,7.0,78.9,0.0,1.0,0.0,RENT,MA,10.0,0.0,3.0,0,credit_card,1
24000.0, 60 months,17.97,D,65000.0,24.04,682.0,10.0,67.3,0.0,1.0,0.0,RENT,CA,1.0,0.0,3.0,0,debt_consolidation,0
3200.0, 36 months,12.88,C,158000.0,26.22,667.0,13.0,81.9,0.0,5.0,0.0,MORTGAGE,AL,10.0,0.0,3.0,0,debt_consolidation,0
10000.0, 36 months,10.78,B,60000.0,38.23,712.0,10.0,46.2,0.0,1.0,0.0,MORTGAGE,CA,7.0,0.0,0.0,0,debt_consolidation,0
6000.0, 36 months,27.49,G,82500.0,20.9,672.0,11.0,42.0,5.0,0.0,0.0,MORTGAGE,GA,5.0,0.0,1.0,0,debt_consolidation,0
28000.0, 36 months,10.78,B,120000.0,24.91,732.0,7.0,95.7,0.0,0.0,0.0,MORTGAGE,MO,4.0,0.0,5.0,0,credit_card,0
4225.0, 36 months,18.49,D,100000.0,17.18,662.0,11.0,60.9,0.0,0.0,1.0,RENT,PA,3.0,0.0,2.0,0,debt_consolidation,0
12000.0, 60 months,11.48,B,65000.0,26.05,717.0,19.0,33.7,1.0,0.0,1.0,MORTGAGE,AR,6.0,0.0,3.0,0,credit_card,0
5950.0, 36 months,20.5,E,71000.0,17.0,677.0,11.0,41.3,1.0,0.0,1.0,MORTGAGE,AZ,10.0,0.0,2.0,0,home_improvement,0
1400.0, 36 months,9.8,B,52000.0,20.01,672.0,9.0,71.1,0.0,0.0,0.0,MORTGAGE,AZ,1.0,0.0,1.0,0,debt_consolidation,1
12000.0, 36 months,5.32,A,110000.0,17.9,792.0,17.0,26.1,1.0,0.0,0.0,MORTGAGE,NY,8.0,0.0,3.0,0,credit_card,0
4775.0, 36 months,18.99,E,14072.0,33.62,662.0,8.0,83.8,1.0,0.0,1.0,RENT,TN,,0.0,0.0,0,debt_consolidation,1
8675.0, 36 months,20.5,E,33200.0,39.59,662.0,15.0,30.7,0.0,0.0,1.0,OWN,CT,9.0,0.0,1.0,0,debt_consolidation,1
5600.0, 36 months,10.78,B,39600.0,12.52,672.0,11.0,18.7,1.0,0.0,1.0,MORTGAGE,FL,1.0,0.0,1.0,0,home_improvement,0
5000.0, 36 months,9.8,B,32000.0,22.21,702.0,11.0,30.7,1.0,0.0,0.0,RENT,FL,,0.0,0.0,0,debt_consolidation,0
2800.0, 36 months,9.17,B,36000.0,9.67,722.0,11.0,0.0,0.0,0.0,1.0,MORTGAGE,GA,,0.0,2.0,0,home_improvement,0
30000.0, 36 months,16.59,D,124000.0,26.26,662.0,29.0,67.0,2.0,1.0,0.0,RENT,NY,8.0,0.0,0.0,0,debt_consolidation,0
25000.0, 60 months,13.99,C,78000.0,11.89,687.0,3.0,84.6,0.0,0.0,0.0,RENT,ME,6.0,0.0,3.0,0,credit_card,0
20000.0, 36 months,5.32,A,165000.0,15.74,772.0,12.0,27.0,0.0,0.0,0.0,MORTGAGE,NC,10.0,0.0,3.0,0,debt_consolidation,0
8000.0, 36 months,5.32,A,80000.0,14.66,717.0,10.0,15.6,0.0,0.0,0.0,RENT,TX,3.0,0.0,3.0,0,moving,0
9000.0, 36 months,14.85,C,40000.0,29.1,717.0,15.0,13.9,0.0,0.0,0.0,RENT,AZ,1.0,0.0,2.0,0,debt_consolidation,1
22800.0, 60 months,23.13,F,60000.0,8.5,712.0,7.0,53.8,0.0,0.0,0.0,OWN,TN,10.0,0.0,1.0,0,home_improvement,1
10000.0, 36 months,5.32,A,175000.0,22.07,712.0,11.0,74.0,3.0,0.0,0.0,MORTGAGE,WI,3.0,0.0,9.0,0,debt_consolidation,0
25000.0, 60 months,8.49,B,85000.0,15.71,737.0,10.0,21.1,0.0,0.0,0.0,RENT,TX,10.0,0.0,0.0,0,medical,0
12000.0, 36 months,9.17,B,45000.0,11.97,662.0,15.0,30.7,1.0,1.0,0.0,MORTGAGE,FL,10.0,0.0,2.0,0,credit_card,0
5000.0, 36 months,17.27,D,65000.0,14.03,662.0,13.0,42.3,1.0,0.0,0.0,MORTGAGE,TX,10.0,0.0,3.0,0,other,0
33050.0, 60 months,13.67,C,67000.0,31.99,722.0,9.0,53.8,0.0,0.0,0.0,MORTGAGE,OH,10.0,0.0,4.0,0,credit_card,1
9000.0, 36 months,6.99,A,85000.0,18.57,747.0,10.0,27.5,0.0,0.0,0.0,RENT,CA,10.0,0.0,0.0,0,debt_consolidation,0
6000.0, 36 months,10.78,B,60000.0,20.56,662.0,12.0,74.3,1.0,0.0,0.0,MORTGAGE,NV,10.0,0.0,2.0,0,home_improvement,0
27000.0, 60 months,19.89,E,125000.0,14.88,662.0,13.0,30.3,2.0,0.0,9.0,MORTGAGE,WI,5.0,0.0,2.0,0,home_improvement,0
10000.0, 36 months,5.32,A,52800.0,26.62,752.0,17.0,18.6,0.0,0.0,0.0,MORTGAGE,GA,10.0,0.0,1.0,0,credit_card,0
1000.0, 36 months,10.78,B,27000.0,25.87,677.0,9.0,22.3,1.0,1.0,0.0,RENT,KS,3.0,0.0,0.0,0,vacation,0
13600.0, 60 months,25.09,F,40000.0,28.35,677.0,9.0,81.7,0.0,0.0,0.0,RENT,AL,3.0,0.0,0.0,0,debt_consolidation,1
20000.0, 60 months,11.99,C,47800.0,29.12,707.0,13.0,39.1,0.0,0.0,0.0,MORTGAGE,FL,10.0,0.0,4.0,0,debt_consolidation,0
35000.0, 36 months,15.77,D,104000.0,27.26,682.0,15.0,88.7,1.0,0.0,0.0,RENT,CA,1.0,0.0,0.0,0,credit_card,1
10000.0, 36 months,14.85,C,290000.0,17.46,677.0,25.0,73.6,0.0,0.0,0.0,MORTGAGE,NY,10.0,0.0,4.0,0,home_improvement,0
9000.0, 36 months,8.49,B,85000.0,14.0,682.0,10.0,28.5,0.0,0.0,1.0,MORTGAGE,GA,5.0,0.0,1.0,0,debt_consolidation,0
5000.0, 36 months,10.78,B,25000.0,11.71,677.0,3.0,64.9,0.0,0.0,1.0,MORTGAGE,KY,6.0,0.0,0.0,0,credit_card,0
20000.0, 36 months,5.32,A,150000.0,6.53,807.0,23.0,11.5,0.0,0.0,0.0,MORTGAGE,TN,8.0,0.0,3.0,0,home_improvement,0
20000.0, 60 months,19.48,E,63000.0,27.31,662.0,18.0,66.7,2.0,0.0,0.0,RENT,NJ,2.0,0.0,0.0,0,credit_card,0
18000.0, 36 months,7.91,A,63000.0,18.04,732.0,7.0,24.6,0.0,0.0,0.0,MORTGAGE,HI,2.0,0.0,2.0,0,debt_consolidation,0
6000.0, 36 months,12.88,C,21000.0,29.14,662.0,8.0,55.0,2.0,0.0,1.0,MORTGAGE,IN,1.0,0.0,4.0,0,credit_card,0
12000.0, 60 months,9.8,B,95000.0,10.47,717.0,12.0,25.3,0.0,0.0,0.0,MORTGAGE,SC,10.0,0.0,4.0,0,debt_consolidation,0
8000.0, 36 months,6.49,A,135000.0,23.94,687.0,16.0,60.3,2.0,0.0,0.0,RENT,NY,1.0,0.0,7.0,0,debt_consolidation,0
12000.0, 36 months,9.17,B,60000.0,8.12,682.0,5.0,49.1,1.0,0.0,1.0,RENT,TX,9.0,0.0,0.0,0,debt_consolidation,0
20000.0, 36 months,10.78,B,63000.0,18.81,697.0,10.0,44.6,0.0,0.0,0.0,RENT,MI,10.0,0.0,1.0,0,debt_consolidation,0
17600.0, 36 months,7.91,A,40000.0,15.45,697.0,19.0,29.8,1.0,0.0,0.0,RENT,CO,1.0,0.0,0.0,0,debt_consolidation,0
7800.0, 36 months,9.17,B,68012.0,11.61,702.0,14.0,31.8,0.0,1.0,0.0,RENT,IL,3.0,0.0,0.0,0,credit_card,0
10600.0, 36 months,7.91,A,61100.0,19.03,707.0,17.0,63.8,0.0,1.0,0.0,RENT,CA,1.0,0.0,0.0,0,debt_consolidation,0
18000.0, 60 months,18.99,E,40000.0,39.3,692.0,14.0,44.0,1.0,0.0,0.0,OWN,TX,2.0,0.0,0.0,0,debt_consolidation,1
35000.0, 36 months,13.44,C,180000.0,23.33,677.0,26.0,62.9,1.0,0.0,0.0,MORTGAGE,NE,8.0,0.0,2.0,0,debt_consolidation,0
6400.0, 36 months,14.85,C,74000.0,11.97,662.0,10.0,77.0,1.0,2.0,0.0,MORTGAGE,MO,8.0,0.0,2.0,0,debt_consolidation,0
7000.0, 36 months,6.49,A,86000.0,26.15,782.0,11.0,8.6,0.0,0.0,0.0,MORTGAGE,CA,2.0,0.0,0.0,0,vacation,0
30000.0, 36 months,11.48,B,145000.0,19.32,697.0,20.0,30.7,2.0,1.0,0.0,OWN,MD,7.0,1.0,2.0,0,credit_card,0
4000.0, 36 months,13.99,C,27788.8,3.15,697.0,4.0,56.1,0.0,0.0,0.0,RENT,IL,10.0,0.0,0.0,0,debt_consolidation,0
10000.0, 36 months,12.88,C,30000.0,18.88,707.0,6.0,44.8,0.0,1.0,0.0,RENT,CA,1.0,0.0,0.0,0,debt_consolidation,0
4000.0, 36 months,15.77,D,48000.0,31.58,682.0,11.0,49.3,2.0,0.0,1.0,RENT,OH,3.0,0.0,0.0,0,credit_card,0
18000.0, 60 months,7.91,A,128000.0,2.04,782.0,30.0,7.6,1.0,0.0,0.0,RENT,CA,10.0,0.0,0.0,0,debt_consolidation,0
35000.0, 36 months,9.8,B,95000.0,4.8,747.0,11.0,44.2,0.0,0.0,0.0,MORTGAGE,NY,7.0,0.0,3.0,0,debt_consolidation,0
18575.0, 60 months,7.91,A,113000.0,17.31,727.0,13.0,54.3,0.0,0.0,0.0,MORTGAGE,TX,2.0,0.0,1.0,0,debt_consolidation,0
6400.0, 36 months,10.78,B,120000.0,19.66,662.0,10.0,97.8,1.0,0.0,0.0,MORTGAGE,CA,9.0,0.0,3.0,0,home_improvement,0
15825.0, 60 months,19.48,E,40000.0,35.16,712.0,12.0,42.0,0.0,0.0,0.0,RENT,FL,10.0,0.0,0.0,0,other,0
18000.0, 36 months,11.99,C,48000.0,20.68,672.0,24.0,42.8,0.0,1.0,0.0,RENT,NH,3.0,0.0,0.0,0,credit_card,1
20000.0, 36 months,5.32,A,145000.0,8.37,772.0,20.0,20.8,0.0,0.0,0.0,OWN,TX,9.0,0.0,7.0,0,credit_card,0
20000.0, 36 months,9.8,B,88000.0,11.63,677.0,10.0,64.6,2.0,3.0,0.0,MORTGAGE,OK,10.0,0.0,1.0,0,debt_consolidation,0
28000.0, 60 months,13.99,C,230000.0,5.12,682.0,6.0,58.3,0.0,1.0,2.0,OWN,TX,10.0,0.0,0.0,0,debt_consolidation,0
35000.0, 36 months,11.48,B,520000.0,18.53,712.0,8.0,43.1,2.0,0.0,0.0,RENT,RI,2.0,0.0,3.0,0,debt_consolidation,0
24150.0, 36 months,13.99,C,134641.49,14.94,682.0,7.0,26.0,2.0,0.0,0.0,MORTGAGE,TX,10.0,0.0,2.0,0,home_improvement,0
15600.0, 60 months,13.44,C,99000.0,15.45,692.0,15.0,32.4,0.0,0.0,0.0,RENT,NY,10.0,0.0,0.0,0,debt_consolidation,0
15000.0, 60 months,18.49,D,65000.0,21.26,707.0,16.0,48.0,2.0,2.0,0.0,MORTGAGE,KS,10.0,0.0,7.0,0,debt_consolidation,0
6000.0, 36 months,8.49,B,35000.0,5.96,762.0,10.0,16.7,1.0,0.0,0.0,MORTGAGE,AZ,1.0,0.0,2.0,0,medical,0
2000.0, 36 months,11.99,C,65000.0,24.37,692.0,11.0,49.6,0.0,0.0,0.0,RENT,SC,1.0,0.0,0.0,0,other,0
10000.0, 36 months,13.44,C,108000.0,28.43,717.0,7.0,105.9,1.0,0.0,0.0,OWN,IL,4.0,0.0,3.0,0,credit_card,0
24000.0, 36 months,5.32,A,58872.0,12.03,772.0,9.0,26.7,1.0,0.0,0.0,MORTGAGE,UT,,0.0,4.0,0,credit_card,0
15600.0, 60 months,10.78,B,79500.0,6.91,682.0,11.0,49.9,1.0,0.0,0.0,MORTGAGE,PA,10.0,0.0,2.0,0,credit_card,1
15000.0, 36 months,11.48,B,350000.0,9.09,712.0,10.0,33.6,0.0,1.0,0.0,MORTGAGE,MA,5.0,1.0,8.0,0,debt_consolidation,0
30000.0, 36 months,7.49,A,140000.0,15.16,707.0,12.0,70.3,0.0,0.0,0.0,MORTGAGE,LA,10.0,0.0,2.0,0,credit_card,0
15600.0, 36 months,9.8,B,47000.0,3.52,662.0,8.0,27.0,2.0,0.0,1.0,RENT,MD,5.0,0.0,3.0,0,credit_card,0
15000.0, 36 months,5.32,A,120000.0,5.09,697.0,4.0,24.6,0.0,0.0,0.0,MORTGAGE,WA,10.0,0.0,6.0,0,home_improvement,0
35000.0, 36 months,9.17,B,200000.0,0.13,782.0,3.0,2.2,1.0,0.0,0.0,MORTGAGE,CA,1.0,0.0,4.0,0,home_improvement,0
25600.0, 36 months,10.78,B,67000.0,13.43,667.0,8.0,20.1,0.0,0.0,1.0,RENT,CA,6.0,0.0,0.0,0,debt_consolidation,0
20000.0, 36 months,14.85,C,90000.0,18.01,667.0,15.0,62.2,5.0,0.0,2.0,RENT,NJ,8.0,0.0,1.0,0,credit_card,0
9000.0, 36 months,18.99,E,25000.0,20.21,697.0,9.0,35.1,1.0,0.0,0.0,RENT,TN,1.0,0.0,0.0,0,debt_consolidation,0
24000.0, 36 months,8.49,B,98000.0,0.36,792.0,3.0,7.3,0.0,0.0,0.0,RENT,OR,2.0,0.0,0.0,0,debt_consolidation,0
17000.0, 36 months,6.49,A,73000.0,34.36,747.0,11.0,49.1,0.0,0.0,0.0,RENT,NJ,10.0,0.0,0.0,0,credit_card,0
24000.0, 60 months,9.8,B,84000.0,20.51,687.0,9.0,77.7,0.0,0.0,0.0,RENT,LA,1.0,0.0,0.0,0,debt_consolidation,1
10800.0, 36 months,8.49,B,75400.0,17.54,672.0,27.0,53.2,2.0,0.0,0.0,RENT,CA,10.0,0.0,0.0,0,credit_card,0
15000.0, 36 months,13.99,C,55000.0,17.7,662.0,13.0,48.5,0.0,5.0,0.0,OWN,WA,4.0,0.0,4.0,0,credit_card,0
25000.0, 60 months,9.8,B,64080.0,19.53,682.0,6.0,76.5,1.0,0.0,0.0,MORTGAGE,OR,4.0,0.0,1.0,0,credit_card,0
8400.0, 36 months,11.48,B,70000.0,9.79,662.0,9.0,62.1,1.0,0.0,0.0,RENT,CA,8.0,0.0,0.0,0,debt_consolidation,0
10000.0, 36 months,9.17,B,30000.0,11.2,702.0,8.0,51.5,0.0,0.0,0.0,RENT,TN,7.0,0.0,0.0,0,debt_consolidation,0
16000.0, 60 months,11.99,C,81000.0,16.36,732.0,15.0,57.1,2.0,0.0,0.0,MORTGAGE,MI,3.0,0.0,3.0,0,debt_consolidation,0
15000.0, 60 months,9.8,B,86000.0,16.36,707.0,13.0,54.1,0.0,0.0,0.0,MORTGAGE,NH,10.0,0.0,4.0,0,debt_consolidation,0
9000.0, 36 months,7.91,A,75000.0,16.99,762.0,8.0,35.5,0.0,0.0,0.0,OWN,OH,,0.0,1.0,0,debt_consolidation,0
9500.0, 36 months,8.49,B,65000.0,18.13,692.0,8.0,52.9,1.0,0.0,0.0,RENT,OK,1.0,0.0,1.0,0,debt_consolidation,0
2000.0, 36 months,16.59,D,34435.0,9.27,687.0,3.0,97.5,0.0,3.0,0.0,OWN,VA,5.0,0.0,0.0,0,other,0
16000.0, 60 months,13.44,C,106000.0,9.94,682.0,12.0,55.5,0.0,0.0,0.0,RENT,VA,9.0,0.0,0.0,0,debt_consolidation,0
7800.0, 36 months,11.99,C,31722.0,34.01,707.0,11.0,78.9,0.0,0.0,0.0,RENT,CT,10.0,0.0,0.0,0,moving,1
25000.0, 60 months,17.27,D,75000.0,32.5,667.0,14.0,66.2,0.0,0.0,1.0,MORTGAGE,GA,1.0,0.0,5.0,0,debt_consolidation,0
12000.0, 36 months,6.49,A,80000.0,8.75,717.0,6.0,48.9,0.0,0.0,0.0,MORTGAGE,MA,10.0,0.0,6.0,0,credit_card,0
10500.0, 60 months,11.99,C,79000.0,14.88,732.0,6.0,36.1,1.0,0.0,0.0,MORTGAGE,NJ,10.0,0.0,3.0,0,credit_card,0
14000.0, 60 months,16.59,D,50000.0,33.58,732.0,17.0,45.1,0.0,0.0,0.0,MORTGAGE,LA,5.0,0.0,1.0,0,debt_consolidation,0
12000.0, 36 months,10.78,B,110000.0,4.13,677.0,9.0,13.6,1.0,5.0,0.0,OWN,MD,8.0,0.0,3.0,0,major_purchase,0
29475.0, 60 months,19.48,E,150000.0,15.43,667.0,9.0,82.6,0.0,0.0,1.0,RENT,CA,10.0,0.0,1.0,0,debt_consolidation,0
10000.0, 36 months,12.88,C,32000.0,29.11,662.0,10.0,44.9,4.0,1.0,0.0,RENT,TX,9.0,0.0,0.0,0,credit_card,0
6000.0, 36 months,10.78,B,120000.0,6.33,737.0,8.0,19.8,1.0,0.0,0.0,MORTGAGE,TX,5.0,0.0,0.0,0,home_improvement,0
8000.0, 36 months,15.77,D,86300.0,33.18,702.0,25.0,54.0,2.0,0.0,0.0,OWN,MD,5.0,0.0,1.0,0,other,0
18000.0, 36 months,11.48,B,249000.0,5.6,707.0,17.0,16.6,1.0,0.0,0.0,RENT,CA,2.0,0.0,0.0,0,credit_card,1
16000.0, 36 months,9.17,B,40000.0,34.26,677.0,9.0,51.8,0.0,0.0,0.0,MORTGAGE,TX,2.0,0.0,1.0,0,credit_card,0
7000.0, 36 months,10.78,B,43000.0,13.92,682.0,12.0,56.9,0.0,0.0,1.0,RENT,WV,10.0,0.0,0.0,0,debt_consolidation,0
24000.0, 60 months,13.99,C,80000.0,28.65,687.0,25.0,54.2,1.0,0.0,0.0,RENT,VA,1.0,0.0,0.0,0,debt_consolidation,1
14250.0, 36 months,9.8,B,40000.0,37.62,707.0,15.0,41.0,0.0,0.0,0.0,MORTGAGE,OH,10.0,0.0,3.0,0,debt_consolidation,0
12000.0, 36 months,8.49,B,75000.0,6.77,662.0,9.0,48.8,0.0,0.0,0.0,RENT,ND,2.0,0.0,0.0,0,debt_consolidation,0
5000.0, 36 months,6.99,A,30000.0,27.84,752.0,10.0,26.1,1.0,0.0,0.0,RENT,OH,1.0,0.0,0.0,0,debt_consolidation,0
7200.0, 36 months,11.48,B,50000.0,29.04,707.0,6.0,40.3,0.0,0.0,0.0,RENT,CA,5.0,0.0,0.0,0,other,0
28000.0, 36 months,6.99,A,235000.0,4.43,722.0,15.0,9.1,0.0,0.0,0.0,MORTGAGE,CA,10.0,0.0,4.0,0,home_improvement,0
20000.0, 60 months,16.59,D,110000.0,24.48,667.0,12.0,58.1,0.0,1.0,0.0,MORTGAGE,GA,4.0,0.0,3.0,0,other,0
18000.0, 60 months,11.48,B,75000.0,13.74,677.0,12.0,27.1,0.0,0.0,1.0,MORTGAGE,CA,10.0,0.0,2.0,0,debt_consolidation,1
6000.0, 36 months,9.17,B,63000.0,3.83,662.0,9.0,25.6,0.0,5.0,0.0,OWN,FL,2.0,0.0,2.0,0,credit_card,0
18000.0, 36 months,9.8,B,110000.0,13.92,757.0,14.0,28.3,0.0,0.0,0.0,RENT,VA,1.0,0.0,0.0,0,debt_consolidation,0
8800.0, 36 months,6.99,A,55000.0,30.15,812.0,11.0,8.9,0.0,0.0,0.0,MORTGAGE,SC,1.0,0.0,1.0,0,debt_consolidation,0
28000.0, 36 months,5.32,A,450000.0,14.79,727.0,20.0,46.2,1.0,0.0,0.0,MORTGAGE,OH,10.0,0.0,4.0,0,debt_consolidation,0
2975.0, 36 months,19.48,E,17590.0,28.4,677.0,12.0,58.7,2.0,0.0,0.0,RENT,NY,,0.0,0.0,0,debt_consolidation,0
22400.0, 36 months,16.59,D,66000.0,34.84,697.0,19.0,34.2,0.0,0.0,0.0,RENT,NY,10.0,0.0,0.0,0,debt_consolidation,1
6600.0, 36 months,15.77,D,82000.0,7.1,672.0,8.0,69.0,3.0,0.0,1.0,MORTGAGE,OH,10.0,0.0,3.0,0,home_improvement,0
10000.0, 36 months,11.99,C,135000.0,15.75,692.0,9.0,97.1,0.0,0.0,0.0,RENT,CA,9.0,0.0,0.0,0,debt_consolidation,0
16000.0, 36 months,13.44,C,80000.0,25.2,682.0,12.0,62.9,3.0,2.0,1.0,MORTGAGE,PA,1.0,0.0,5.0,0,debt_consolidation,0
30000.0, 60 months,13.99,C,120000.0,22.76,662.0,16.0,49.6,2.0,0.0,0.0,MORTGAGE,FL,8.0,0.0,2.0,0,debt_consolidation,0
10000.0, 36 months,7.91,A,25000.0,23.33,757.0,11.0,26.9,1.0,0.0,0.0,OWN,FL,,0.0,0.0,0,debt_consolidation,0
12000.0, 36 months,10.78,B,62000.0,28.75,687.0,22.0,47.4,0.0,0.0,0.0,MORTGAGE,FL,10.0,0.0,1.0,0,credit_card,0
15750.0, 60 months,17.97,D,35000.0,48.56,672.0,14.0,62.6,0.0,0.0,1.0,MORTGAGE,NC,2.0,0.0,4.0,0,credit_card,0
35000.0, 36 months,13.99,C,85000.0,30.51,722.0,22.0,62.2,2.0,0.0,0.0,MORTGAGE,TN,3.0,0.0,7.0,0,credit_card,0
20900.0, 60 months,17.97,D,69000.0,21.82,697.0,11.0,65.4,0.0,0.0,0.0,OWN,GA,1.0,0.0,0.0,0,debt_consolidation,0
35000.0, 60 months,12.88,C,200000.0,21.89,702.0,14.0,57.0,2.0,0.0,0.0,MORTGAGE,GA,6.0,0.0,6.0,0,debt_consolidation,0
14000.0, 36 months,5.32,A,125000.0,9.66,802.0,13.0,11.2,0.0,0.0,0.0,RENT,MA,7.0,0.0,0.0,0,credit_card,0
20000.0, 36 months,6.99,A,130000.0,32.94,752.0,25.0,29.1,0.0,0.0,0.0,MORTGAGE,NJ,10.0,0.0,3.0,0,major_purchase,0
30000.0, 60 months,9.17,B,75000.0,16.0,722.0,7.0,48.0,0.0,0.0,0.0,OWN,LA,10.0,0.0,1.0,0,credit_card,0
11000.0, 36 months,11.48,B,54000.0,10.64,672.0,7.0,74.5,0.0,0.0,0.0,RENT,NV,8.0,0.0,0.0,0,debt_consolidation,0
20000.0, 60 months,18.49,D,73000.0,38.43,662.0,36.0,65.8,1.0,0.0,0.0,RENT,PA,3.0,0.0,4.0,0,debt_consolidation,0
12000.0, 36 months,11.99,C,69010.0,10.24,667.0,7.0,92.3,0.0,0.0,0.0,RENT,NV,10.0,0.0,1.0,0,debt_consolidation,0
12000.0, 36 months,9.8,B,120000.0,33.07,702.0,24.0,26.5,1.0,0.0,0.0,RENT,MA,10.0,0.0,4.0,0,debt_consolidation,0
20000.0, 36 months,13.99,C,75000.0,6.68,687.0,9.0,24.7,0.0,2.0,0.0,RENT,CA,1.0,0.0,0.0,0,small_business,0
15000.0, 36 months,6.99,A,152800.0,10.34,692.0,11.0,12.7,0.0,5.0,0.0,MORTGAGE,NY,3.0,0.0,3.0,0,home_improvement,0
20000.0, 36 months,5.32,A,240000.0,21.08,732.0,15.0,45.4,0.0,0.0,0.0,MORTGAGE,TX,10.0,0.0,4.0,0,home_improvement,0
18375.0, 60 months,11.99,C,170000.0,7.41,722.0,5.0,93.3,1.0,0.0,0.0,MORTGAGE,CA,3.0,0.0,3.0,0,debt_consolidation,1
6000.0, 36 months,13.99,C,55000.0,31.05,717.0,8.0,30.8,0.0,0.0,1.0,MORTGAGE,CT,10.0,0.0,1.0,0,debt_consolidation,1
22900.0, 60 months,15.77,D,60000.0,17.57,667.0,17.0,41.4,0.0,0.0,0.0,OWN,GA,1.0,0.0,1.0,0,debt_consolidation,0
5000.0, 36 months,12.88,C,69800.0,21.05,672.0,17.0,90.6,0.0,1.0,0.0,MORTGAGE,OH,5.0,0.0,4.0,0,home_improvement,0
5000.0, 36 months,9.17,B,100000.0,14.17,687.0,12.0,73.5,1.0,1.0,0.0,MORTGAGE,WV,1.0,0.0,2.0,0,credit_card,0
16000.0, 36 months,7.49,A,70000.0,8.98,687.0,15.0,66.7,0.0,2.0,0.0,MORTGAGE,NJ,10.0,0.0,1.0,0,debt_consolidation,0
25000.0, 36 months,10.78,B,75000.0,25.07,752.0,6.0,96.5,0.0,0.0,0.0,RENT,WI,1.0,0.0,4.0,0,other,0
35000.0, 36 months,9.8,B,110000.0,13.41,697.0,13.0,59.9,0.0,0.0,0.0,MORTGAGE,NY,3.0,0.0,3.0,0,debt_consolidation,0
28000.0, 60 months,10.78,B,150000.0,15.31,697.0,13.0,74.0,0.0,0.0,0.0,RENT,TX,1.0,0.0,1.0,0,credit_card,0
6000.0, 36 months,7.91,A,180000.0,10.53,777.0,13.0,6.8,1.0,0.0,0.0,RENT,CO,1.0,0.0,0.0,0,credit_card,0
15000.0, 36 months,10.78,B,55000.0,15.27,672.0,13.0,74.2,0.0,0.0,0.0,OWN,MD,1.0,0.0,0.0,0,debt_consolidation,0
4000.0, 36 months,11.99,C,77500.0,33.6,727.0,15.0,85.9,0.0,0.0,0.0,MORTGAGE,NY,2.0,0.0,2.0,0,other,0
3000.0, 36 months,11.48,B,20000.0,30.31,737.0,10.0,11.1,3.0,0.0,0.0,OWN,DE,1.0,0.0,0.0,0,credit_card,1
18000.0, 36 months,11.48,B,49200.0,23.07,662.0,11.0,94.9,0.0,1.0,0.0,OWN,CA,5.0,0.0,0.0,0,debt_consolidation,0
12000.0, 60 months,13.99,C,72500.0,26.37,682.0,12.0,40.1,2.0,0.0,1.0,MORTGAGE,WI,,0.0,6.0,0,debt_consolidation,0
17500.0, 36 months,8.49,B,35000.0,19.48,687.0,8.0,47.5,0.0,0.0,1.0,OWN,AL,10.0,0.0,0.0,0,debt_consolidation,0
10000.0, 36 months,11.99,C,130000.0,16.63,707.0,11.0,78.2,0.0,0.0,0.0,RENT,NJ,10.0,0.0,1.0,0,debt_consolidation,0
16000.0, 36 months,11.99,C,80000.0,16.01,707.0,4.0,51.5,0.0,0.0,0.0,OWN,KS,10.0,0.0,3.0,0,other,0
27000.0, 36 months,14.85,C,127000.0,18.85,667.0,19.0,86.3,1.0,0.0,0.0,MORTGAGE,TX,6.0,0.0,2.0,0,small_business,0
5000.0, 36 months,6.99,A,90000.0,8.59,777.0,22.0,9.9,4.0,0.0,0.0,RENT,MA,10.0,0.0,0.0,0,debt_consolidation,0
16800.0, 60 months,8.49,B,59000.0,5.07,692.0,10.0,17.0,0.0,0.0,1.0,MORTGAGE,TX,1.0,0.0,3.0,0,debt_consolidation,0
3600.0, 36 months,13.44,C,61700.0,33.05,667.0,18.0,77.4,1.0,0.0,0.0,RENT,WV,10.0,0.0,0.0,0,debt_consolidation,0
20000.0, 36 months,9.8,B,80000.0,25.92,677.0,17.0,55.0,0.0,0.0,0.0,OWN,CA,10.0,0.0,0.0,0,debt_consolidation,0
15000.0, 60 months,7.91,A,180000.0,5.45,737.0,12.0,11.9,1.0,0.0,2.0,MORTGAGE,MI,10.0,0.0,3.0,0,small_business,0
14000.0, 60 months,7.91,A,85000.0,11.76,707.0,11.0,47.2,0.0,0.0,0.0,MORTGAGE,KY,8.0,0.0,3.0,0,debt_consolidation,0
2500.0, 36 months,9.17,B,100000.0,8.9,662.0,13.0,40.3,1.0,0.0,0.0,MORTGAGE,MI,1.0,0.0,1.0,0,other,0
3000.0, 36 months,6.99,A,80000.0,7.9,752.0,10.0,11.4,0.0,0.0,0.0,RENT,TN,3.0,0.0,0.0,0,credit_card,0
10000.0, 36 months,9.8,B,32000.0,21.49,687.0,9.0,39.5,2.0,0.0,0.0,RENT,NC,8.0,0.0,0.0,0,debt_consolidation,0
7000.0, 36 months,10.78,B,112688.0,29.15,662.0,12.0,92.9,0.0,1.0,0.0,MORTGAGE,FL,1.0,0.0,2.0,0,other,0
22000.0, 36 months,8.49,B,94000.0,7.66,692.0,3.0,45.3,1.0,0.0,0.0,RENT,CA,2.0,0.0,0.0,0,debt_consolidation,0
2000.0, 36 months,13.44,C,38000.0,31.3,687.0,7.0,63.0,0.0,1.0,0.0,MORTGAGE,VA,8.0,0.0,4.0,0,other,0
22400.0, 60 months,19.48,E,70000.0,3.15,722.0,7.0,35.2,0.0,0.0,0.0,MORTGAGE,GA,10.0,0.0,1.0,0,debt_consolidation,0
18000.0, 60 months,8.49,B,117000.0,18.37,697.0,12.0,72.0,2.0,0.0,0.0,MORTGAGE,UT,1.0,0.0,2.0,0,credit_card,0
5650.0, 36 months,16.59,D,30000.0,16.08,747.0,13.0,14.5,2.0,0.0,0.0,RENT,WA,7.0,0.0,2.0,0,debt_consolidation,1
16800.0, 60 months,14.85,C,38300.0,21.75,687.0,4.0,89.6,0.0,0.0,0.0,RENT,OR,2.0,0.0,0.0,0,debt_consolidation,1
2500.0, 36 months,13.99,C,68000.0,18.64,672.0,7.0,94.3,1.0,1.0,0.0,MORTGAGE,NC,3.0,0.0,1.0,0,home_improvement,0
30000.0, 36 months,12.88,C,120000.0,18.72,692.0,12.0,64.4,0.0,0.0,0.0,RENT,NC,2.0,0.0,0.0,0,debt_consolidation,0
9600.0, 36 months,11.48,B,160000.0,17.15,662.0,9.0,70.8,0.0,6.0,0.0,MORTGAGE,NJ,10.0,0.0,1.0,0,credit_card,0
25075.0, 60 months,21.48,E,57000.0,23.36,682.0,9.0,83.4,1.0,0.0,0.0,RENT,TX,1.0,0.0,0.0,0,credit_card,0
8000.0, 36 months,9.8,B,59000.0,11.9,662.0,8.0,38.2,0.0,0.0,1.0,MORTGAGE,MD,10.0,0.0,1.0,0,debt_consolidation,0
15000.0, 36 months,11.48,B,70000.0,31.08,672.0,16.0,65.2,1.0,2.0,0.0,RENT,CA,8.0,0.0,1.0,0,debt_consolidation,0
20000.0, 60 months,13.44,C,58000.0,22.55,722.0,19.0,25.4,1.0,0.0,0.0,MORTGAGE,KY,,0.0,5.0,0,debt_consolidation,1
7900.0, 36 months,11.99,C,30000.0,10.73,727.0,15.0,21.3,0.0,0.0,0.0,MORTGAGE,MO,8.0,0.0,0.0,0,debt_consolidation,0
29500.0, 60 months,9.8,B,120000.0,17.98,707.0,14.0,52.0,0.0,0.0,0.0,MORTGAGE,TX,10.0,0.0,3.0,0,debt_consolidation,0
12000.0, 60 months,11.48,B,76000.0,4.38,667.0,11.0,43.7,0.0,0.0,1.0,RENT,TX,10.0,0.0,2.0,0,debt_consolidation,0
12000.0, 36 months,6.49,A,80000.0,26.75,697.0,11.0,40.0,0.0,1.0,0.0,RENT,TX,3.0,0.0,0.0,0,debt_consolidation,0
4500.0, 36 months,11.99,C,24000.0,14.05,687.0,7.0,36.9,0.0,0.0,0.0,RENT,VA,1.0,0.0,0.0,0,debt_consolidation,0
21000.0, 60 months,19.48,E,83100.0,19.03,677.0,17.0,67.5,0.0,0.0,2.0,RENT,MI,10.0,0.0,0.0,0,debt_consolidation,0
19400.0, 60 months,18.99,E,48500.0,23.5,677.0,13.0,35.5,1.0,0.0,0.0,RENT,MS,8.0,0.0,0.0,0,debt_consolidation,1
4000.0, 36 months,14.85,C,55000.0,39.89,697.0,13.0,71.8,0.0,0.0,0.0,RENT,CA,9.0,0.0,0.0,0,debt_consolidation,0
25000.0, 60 months,8.49,B,75000.0,15.82,717.0,11.0,54.4,0.0,0.0,0.0,RENT,CA,9.0,0.0,0.0,0,credit_card,0
28000.0, 36 months,6.99,A,93000.0,34.22,757.0,21.0,34.2,0.0,0.0,0.0,MORTGAGE,DE,10.0,0.0,4.0,0,debt_consolidation,0
16800.0, 60 months,16.59,D,67500.0,37.94,667.0,10.0,77.0,1.0,1.0,0.0,RENT,KS,10.0,0.0,0.0,0,debt_consolidation,1
12225.0, 36 months,19.48,E,34000.0,31.31,667.0,11.0,94.3,2.0,0.0,0.0,OWN,MA,8.0,0.0,2.0,0,debt_consolidation,1
15000.0, 60 months,12.88,C,70000.0,28.41,732.0,13.0,55.9,0.0,0.0,0.0,MORTGAGE,MN,1.0,0.0,1.0,0,home_improvement,1
6050.0, 36 months,19.48,E,65000.0,35.32,702.0,14.0,69.3,0.0,0.0,0.0,MORTGAGE,TX,8.0,0.0,3.0,0,debt_consolidation,1
28200.0, 36 months,11.99,C,93000.0,25.78,672.0,29.0,59.7,3.0,2.0,0.0,MORTGAGE,NE,4.0,0.0,1.0,0,credit_card,0
8000.0, 36 months,14.85,C,65000.0,24.87,677.0,14.0,93.9,0.0,0.0,0.0,MORTGAGE,WI,10.0,0.0,5.0,0,debt_consolidation,1
28800.0, 36 months,17.97,D,64000.0,30.79,662.0,27.0,53.0,2.0,0.0,1.0,RENT,MA,10.0,0.0,0.0,0,debt_consolidation,1
15000.0, 36 months,7.49,A,130600.0,14.19,722.0,18.0,43.8,1.0,0.0,0.0,MORTGAGE,WY,3.0,0.0,3.0,0,debt_consolidation,0
10900.0, 36 months,11.99,C,56640.0,15.85,692.0,6.0,45.9,0.0,0.0,0.0,RENT,MD,1.0,0.0,0.0,0,debt_consolidation,0
9600.0, 36 months,11.99,C,33000.0,36.02,687.0,12.0,39.7,0.0,0.0,0.0,RENT,CA,10.0,0.0,0.0,0,debt_consolidation,0
15000.0, 60 months,11.99,C,95000.0,28.43,677.0,6.0,55.8,0.0,0.0,0.0,MORTGAGE,PA,2.0,0.0,2.0,0,home_improvement,0
4725.0, 36 months,18.49,D,109000.0,16.84,667.0,9.0,68.4,1.0,1.0,0.0,RENT,MD,1.0,0.0,0.0,0,credit_card,1
15000.0, 36 months,13.99,C,75000.0,17.5,677.0,17.0,68.3,1.0,0.0,0.0,MORTGAGE,NV,3.0,0.0,4.0,0,home_improvement,0
8000.0, 36 months,5.32,A,45000.0,18.16,802.0,7.0,14.0,0.0,0.0,0.0,RENT,IL,1.0,0.0,0.0,0,debt_consolidation,0
28000.0, 60 months,18.49,D,131000.0,10.31,692.0,11.0,37.4,0.0,0.0,1.0,RENT,NJ,3.0,0.0,1.0,0,debt_consolidation,0
25000.0, 36 months,7.49,A,92000.0,26.64,682.0,20.0,57.0,0.0,1.0,0.0,MORTGAGE,TX,10.0,0.0,1.0,0,debt_consolidation,0
9600.0, 36 months,8.49,B,75000.0,8.62,672.0,5.0,45.1,1.0,0.0,0.0,MORTGAGE,NC,3.0,0.0,2.0,0,debt_consolidation,0
23200.0, 60 months,13.44,C,85000.0,19.75,707.0,6.0,68.3,0.0,0.0,0.0,RENT,VA,9.0,0.0,2.0,0,debt_consolidation,0
20000.0, 36 months,5.32,A,118000.0,15.68,717.0,17.0,39.2,0.0,5.0,0.0,RENT,AR,10.0,0.0,4.0,0,credit_card,0
25000.0, 36 months,5.32,A,99000.0,8.29,797.0,9.0,12.4,0.0,0.0,0.0,RENT,OH,9.0,0.0,0.0,0,debt_consolidation,0
29800.0, 36 months,13.44,C,99000.0,23.28,712.0,41.0,40.0,0.0,0.0,0.0,RENT,IL,10.0,0.0,1.0,0,debt_consolidation,0
25000.0, 60 months,20.5,E,85000.0,22.78,667.0,12.0,82.5,0.0,0.0,0.0,RENT,WA,8.0,0.0,0.0,0,credit_card,0
16800.0, 60 months,19.48,E,56500.0,22.81,672.0,22.0,45.7,2.0,0.0,0.0,RENT,TX,7.0,0.0,0.0,0,credit_card,0
8400.0, 36 months,7.91,A,46000.0,16.57,687.0,9.0,58.4,0.0,0.0,1.0,RENT,NY,8.0,0.0,0.0,0,debt_consolidation,0
35000.0, 60 months,13.44,C,150000.0,14.42,712.0,9.0,65.9,1.0,0.0,0.0,RENT,WA,1.0,0.0,0.0,0,home_improvement,0
3000.0, 36 months,8.49,B,68000.0,24.8,702.0,8.0,73.7,0.0,2.0,0.0,MORTGAGE,GA,10.0,0.0,3.0,0,home_improvement,0
10000.0, 36 months,13.44,C,30000.0,7.64,697.0,4.0,48.1,0.0,0.0,0.0,RENT,CA,1.0,0.0,0.0,0,moving,0
7200.0, 36 months,13.99,C,77000.0,19.14,712.0,16.0,28.1,4.0,1.0,0.0,RENT,CA,6.0,0.0,0.0,0,debt_consolidation,0
21000.0, 60 months,11.48,B,60000.0,30.18,727.0,15.0,27.9,0.0,0.0,0.0,MORTGAGE,PA,10.0,0.0,1.0,0,debt_consolidation,1
7000.0, 36 months,6.49,A,42000.0,15.74,712.0,10.0,26.9,0.0,0.0,0.0,RENT,CA,8.0,0.0,0.0,0,debt_consolidation,0
22400.0, 60 months,17.97,D,70000.0,39.04,672.0,25.0,92.3,0.0,1.0,0.0,RENT,CA,2.0,0.0,2.0,0,debt_consolidation,1
11000.0, 36 months,10.78,B,40000.0,10.74,732.0,25.0,5.2,3.0,0.0,0.0,RENT,CO,2.0,0.0,1.0,0,debt_consolidation,0
10000.0, 36 months,7.49,A,175000.0,9.82,727.0,14.0,50.0,2.0,0.0,0.0,RENT,NY,10.0,0.0,1.0,0,debt_consolidation,0
21000.0, 36 months,8.49,B,100000.0,17.69,667.0,25.0,51.0,3.0,5.0,0.0,MORTGAGE,IL,2.0,0.0,2.0,0,credit_card,0
15000.0, 60 months,14.85,C,130000.0,12.75,662.0,14.0,22.3,1.0,0.0,2.0,RENT,NJ,2.0,0.0,1.0,0,debt_consolidation,0
6500.0, 36 months,7.91,A,42000.0,17.49,682.0,12.0,23.6,0.0,0.0,0.0,MORTGAGE,FL,10.0,0.0,1.0,0,debt_consolidation,0
28000.0, 36 months,5.32,A,100000.0,12.41,727.0,8.0,56.1,0.0,0.0,0.0,RENT,AR,9.0,0.0,1.0,0,debt_consolidation,0
14500.0, 60 months,21.48,E,33000.0,16.23,712.0,20.0,36.3,0.0,0.0,0.0,OWN,MI,,0.0,1.0,0,credit_card,0
8400.0, 36 months,9.8,B,70000.0,22.92,667.0,10.0,38.8,0.0,2.0,1.0,RENT,CA,1.0,1.0,2.0,0,debt_consolidation,0
10800.0, 36 months,13.44,C,35000.0,26.89,722.0,13.0,24.8,2.0,0.0,0.0,RENT,AZ,3.0,0.0,0.0,0,debt_consolidation,1
2000.0, 36 months,7.49,A,58000.0,16.88,722.0,10.0,26.8,0.0,0.0,0.0,RENT,CA,,0.0,3.0,0,debt_consolidation,0
20000.0, 36 months,11.48,B,115000.0,19.0,667.0,19.0,97.6,1.0,0.0,0.0,RENT,TX,2.0,0.0,0.0,0,major_purchase,0
12000.0, 60 months,13.44,C,53760.0,24.24,662.0,11.0,74.2,0.0,0.0,0.0,RENT,WA,6.0,0.0,0.0,0,debt_consolidation,0
22950.0, 60 months,17.27,D,52188.0,21.02,702.0,11.0,66.1,0.0,0.0,0.0,OWN,CA,10.0,0.0,0.0,0,debt_consolidation,0
21425.0, 36 months,18.99,E,67000.0,6.66,672.0,21.0,29.9,3.0,0.0,1.0,OWN,MA,10.0,0.0,1.0,0,small_business,0
24975.0, 60 months,23.13,F,59500.0,11.54,662.0,8.0,5.2,0.0,0.0,0.0,MORTGAGE,NC,5.0,0.0,1.0,0,debt_consolidation,1
2000.0, 36 months,11.48,B,115000.0,24.64,667.0,22.0,50.6,1.0,0.0,0.0,RENT,PA,10.0,0.0,1.0,0,debt_consolidation,1
22000.0, 60 months,15.77,D,60000.0,35.92,692.0,12.0,61.5,0.0,0.0,0.0,RENT,TX,9.0,0.0,1.0,0,credit_card,0
6000.0, 36 months,7.91,A,55000.0,19.18,687.0,17.0,40.0,1.0,0.0,0.0,RENT,OH,1.0,0.0,0.0,0,credit_card,0
20000.0, 60 months,18.49,D,80000.0,17.53,687.0,9.0,80.9,2.0,0.0,1.0,MORTGAGE,CA,1.0,0.0,0.0,0,credit_card,1
18800.0, 36 months,13.44,C,56000.0,19.7,662.0,17.0,53.1,1.0,0.0,1.0,MORTGAGE,AL,10.0,0.0,2.0,0,credit_card,0
25000.0, 36 months,9.8,B,60000.0,26.62,707.0,9.0,56.0,0.0,1.0,0.0,MORTGAGE,IL,3.0,0.0,0.0,0,debt_consolidation,0
2500.0, 36 months,6.49,A,65000.0,8.84,747.0,8.0,24.2,0.0,0.0,0.0,MORTGAGE,NY,8.0,0.0,1.0,0,debt_consolidation,0
10500.0, 36 months,7.49,A,47688.0,10.39,702.0,14.0,45.6,0.0,0.0,1.0,RENT,OR,10.0,0.0,1.0,0,debt_consolidation,0
14000.0, 36 months,8.49,B,101000.0,17.45,677.0,10.0,76.2,0.0,1.0,0.0,MORTGAGE,NY,5.0,0.0,0.0,0,debt_consolidation,0
23000.0, 36 months,7.91,A,100000.0,10.49,737.0,16.0,26.9,0.0,1.0,0.0,MORTGAGE,HI,10.0,0.0,8.0,0,credit_card,0
5450.0, 36 months,17.27,D,51000.0,21.01,682.0,13.0,39.6,2.0,0.0,0.0,RENT,KS,1.0,0.0,0.0,0,debt_consolidation,0
8500.0, 36 months,11.99,C,39000.0,9.26,672.0,12.0,81.7,0.0,0.0,0.0,RENT,OK,1.0,0.0,0.0,0,debt_consolidation,0
6000.0, 36 months,7.49,A,26000.0,32.41,697.0,8.0,78.0,0.0,0.0,0.0,OWN,MO,3.0,0.0,0.0,0,credit_card,0
2000.0, 36 months,11.48,B,38000.0,37.62,667.0,12.0,50.0,0.0,1.0,0.0,RENT,IL,5.0,1.0,0.0,0,other,0
10000.0, 36 months,8.49,B,51000.0,13.06,682.0,14.0,70.1,1.0,0.0,0.0,MORTGAGE,FL,3.0,0.0,1.0,0,debt_consolidation,0
10000.0, 36 months,17.27,D,55000.0,39.6,692.0,18.0,48.5,3.0,0.0,1.0,MORTGAGE,MT,10.0,0.0,0.0,0,debt_consolidation,0
28000.0, 36 months,7.49,A,124000.0,8.48,697.0,17.0,30.5,0.0,1.0,0.0,OWN,TX,10.0,0.0,2.0,0,credit_card,1
20250.0, 60 months,19.48,E,55000.0,19.99,747.0,13.0,39.2,1.0,0.0,0.0,MORTGAGE,IL,3.0,0.0,6.0,0,debt_consolidation,1
11200.0, 60 months,11.99,C,47444.0,11.18,707.0,4.0,82.3,0.0,0.0,0.0,RENT,PA,7.0,0.0,0.0,0,debt_consolidation,0
22450.0, 60 months,21.48,E,24000.0,28.1,672.0,9.0,22.3,0.0,1.0,4.0,MORTGAGE,IN,1.0,0.0,4.0,0,other,0
16000.0, 36 months,5.32,A,85000.0,11.87,717.0,12.0,28.6,1.0,0.0,0.0,RENT,NY,10.0,0.0,0.0,0,debt_consolidation,0
16000.0, 36 months,10.78,B,85000.0,12.97,667.0,6.0,94.0,1.0,1.0,0.0,RENT,NY,10.0,0.0,0.0,0,debt_consolidation,1
14000.0, 36 months,10.78,B,135000.0,11.98,662.0,11.0,91.8,0.0,0.0,2.0,RENT,CA,3.0,0.0,0.0,0,debt_consolidation,0
10100.0, 36 months,7.91,A,41000.0,26.77,667.0,19.0,29.0,0.0,0.0,1.0,RENT,CA,4.0,0.0,0.0,0,debt_consolidation,0
33850.0, 60 months,19.89,E,68000.0,33.32,697.0,15.0,86.3,0.0,0.0,0.0,MORTGAGE,OK,4.0,0.0,2.0,0,debt_consolidation,0
4800.0, 36 months,15.77,D,47000.0,2.3,667.0,9.0,0.9,1.0,6.0,0.0,RENT,IN,2.0,0.0,0.0,0,moving,1
29000.0, 60 months,8.49,B,101000.0,7.69,717.0,14.0,43.0,0.0,0.0,0.0,MORTGAGE,MN,10.0,0.0,3.0,0,debt_consolidation,0
7700.0, 36 months,14.85,C,24000.0,27.5,672.0,6.0,91.4,2.0,0.0,0.0,RENT,TX,1.0,0.0,0.0,0,debt_consolidation,1
30000.0, 60 months,16.59,D,120000.0,25.43,687.0,10.0,91.5,1.0,0.0,0.0,MORTGAGE,AK,10.0,0.0,5.0,0,major_purchase,0
11200.0, 36 months,14.85,C,50000.0,36.22,687.0,11.0,65.0,1.0,1.0,0.0,MORTGAGE,CA,5.0,0.0,0.0,0,debt_consolidation,0
15000.0, 36 months,11.48,B,60000.0,30.48,662.0,23.0,55.7,2.0,0.0,0.0,MORTGAGE,VA,10.0,0.0,6.0,0,debt_consolidation,0
6000.0, 36 months,8.49,B,46000.0,13.67,677.0,5.0,63.4,1.0,3.0,1.0,RENT,IN,2.0,0.0,0.0,0,debt_consolidation,0
9600.0, 36 months,6.99,A,130000.0,12.18,712.0,9.0,1.8,0.0,1.0,0.0,MORTGAGE,TX,10.0,0.0,2.0,0,vacation,0
4000.0, 36 months,12.88,C,40000.0,14.43,697.0,6.0,98.7,1.0,0.0,0.0,MORTGAGE,VT,1.0,0.0,1.0,0,other,0
16000.0, 60 months,16.59,D,50000.0,32.69,702.0,5.0,79.1,0.0,0.0,0.0,RENT,NC,10.0,0.0,0.0,0,debt_consolidation,1
10000.0, 36 months,8.49,B,99000.0,7.5,667.0,7.0,81.2,1.0,0.0,1.0,MORTGAGE,FL,10.0,0.0,2.0,0,debt_consolidation,1
6000.0, 36 months,8.49,B,60000.0,8.12,662.0,6.0,33.9,0.0,0.0,0.0,RENT,VA,9.0,0.0,0.0,0,other,0
12000.0, 60 months,14.85,C,52500.0,31.25,662.0,9.0,44.5,1.0,0.0,2.0,RENT,VA,6.0,0.0,2.0,0,debt_consolidation,1
10000.0, 60 months,14.85,C,43000.0,17.05,692.0,15.0,71.3,0.0,0.0,0.0,RENT,MN,1.0,0.0,0.0,0,credit_card,0
7000.0, 36 months,8.49,B,48000.0,4.28,667.0,13.0,11.3,1.0,0.0,1.0,RENT,OR,10.0,0.0,0.0,0,debt_consolidation,0
24000.0, 36 months,14.85,C,120000.0,23.67,662.0,28.0,71.9,0.0,2.0,2.0,MORTGAGE,NY,10.0,0.0,0.0,0,debt_consolidation,0
30000.0, 60 months,9.17,B,110000.0,20.74,727.0,23.0,68.2,1.0,0.0,0.0,MORTGAGE,CO,5.0,0.0,1.0,0,credit_card,0
6000.0, 36 months,15.77,D,36000.0,18.5,677.0,7.0,60.0,0.0,0.0,0.0,MORTGAGE,MN,7.0,0.0,3.0,0,debt_consolidation,1
28000.0, 36 months,10.78,B,111000.0,18.31,662.0,5.0,82.9,0.0,2.0,0.0,RENT,RI,8.0,0.0,3.0,0,credit_card,0
15000.0, 36 months,17.27,D,50000.0,12.7,667.0,8.0,45.4,1.0,0.0,0.0,MORTGAGE,GA,10.0,0.0,3.0,0,home_improvement,0
12000.0, 36 months,9.8,B,55000.0,9.46,682.0,27.0,45.6,0.0,2.0,0.0,RENT,MD,2.0,0.0,0.0,0,debt_consolidation,0
12000.0, 36 months,9.17,B,52000.0,30.96,697.0,14.0,51.3,1.0,0.0,1.0,MORTGAGE,IN,5.0,0.0,2.0,0,debt_consolidation,1
4000.0, 36 months,7.91,A,70000.0,22.4,737.0,14.0,71.6,2.0,1.0,0.0,MORTGAGE,IL,10.0,0.0,4.0,0,other,0
14000.0, 60 months,18.49,D,45000.0,17.44,667.0,9.0,35.6,1.0,1.0,0.0,RENT,PA,5.0,0.0,0.0,0,small_business,0
20000.0, 36 months,11.48,B,120000.0,37.69,707.0,13.0,48.4,0.0,3.0,0.0,RENT,CA,2.0,0.0,0.0,0,moving,0
10000.0, 36 months,6.49,A,90000.0,12.07,727.0,10.0,19.9,0.0,0.0,0.0,RENT,MI,1.0,0.0,0.0,0,credit_card,0
16000.0, 60 months,8.49,B,45000.0,20.77,732.0,4.0,64.3,1.0,0.0,0.0,OWN,WI,10.0,0.0,0.0,0,debt_consolidation,0
10000.0, 36 months,11.99,C,30000.0,20.92,707.0,6.0,52.5,0.0,0.0,1.0,RENT,CA,,0.0,0.0,0,small_business,0
16000.0, 60 months,7.91,A,65000.0,9.12,802.0,4.0,22.2,0.0,0.0,0.0,OWN,NY,1.0,0.0,0.0,0,credit_card,0
15000.0, 36 months,8.49,B,135000.0,25.04,692.0,8.0,13.3,0.0,0.0,1.0,MORTGAGE,TX,4.0,0.0,3.0,0,major_purchase,0
9000.0, 36 months,11.99,C,75000.0,28.98,712.0,21.0,32.8,1.0,0.0,0.0,OWN,MI,2.0,0.0,1.0,0,medical,0
19725.0, 36 months,19.89,E,62000.0,29.44,667.0,10.0,59.6,1.0,0.0,1.0,RENT,DC,6.0,0.0,0.0,0,debt_consolidation,0
33750.0, 60 months,15.77,D,67500.0,38.05,717.0,20.0,50.6,0.0,0.0,0.0,MORTGAGE,IL,4.0,0.0,0.0,0,credit_card,0
4500.0, 36 months,13.44,C,34150.0,27.35,707.0,7.0,77.1,1.0,0.0,0.0,RENT,NY,1.0,0.0,0.0,0,small_business,0
15000.0, 36 months,11.99,C,58000.0,27.83,687.0,13.0,53.6,1.0,0.0,0.0,RENT,NC,1.0,0.0,0.0,0,debt_consolidation,0
35000.0, 60 months,18.49,D,120000.0,11.64,667.0,7.0,64.0,1.0,0.0,1.0,MORTGAGE,MD,2.0,0.0,4.0,0,debt_consolidation,1
28000.0, 60 months,14.85,C,96000.0,21.86,772.0,8.0,35.8,0.0,0.0,0.0,MORTGAGE,TX,10.0,0.0,1.0,0,debt_consolidation,0
5000.0, 36 months,5.32,A,80000.0,0.75,707.0,7.0,13.3,1.0,0.0,0.0,RENT,FL,1.0,0.0,1.0,0,home_improvement,0
32000.0, 36 months,7.91,A,100000.0,11.34,687.0,9.0,87.5,0.0,0.0,0.0,MORTGAGE,SC,10.0,0.0,4.0,0,credit_card,0
5000.0, 36 months,10.78,B,38200.0,4.69,712.0,10.0,56.5,0.0,0.0,0.0,RENT,NC,1.0,0.0,0.0,0,debt_consolidation,0
1050.0, 36 months,15.77,D,21700.0,27.38,682.0,5.0,35.0,1.0,0.0,0.0,RENT,VA,4.0,0.0,0.0,0,debt_consolidation,0
12000.0, 60 months,13.44,C,40000.0,24.03,667.0,14.0,72.8,0.0,0.0,0.0,RENT,NY,2.0,0.0,0.0,0,other,0
10000.0, 36 months,9.8,B,54000.0,17.69,662.0,9.0,39.6,1.0,0.0,1.0,RENT,NJ,1.0,0.0,2.0,0,debt_consolidation,0
16000.0, 60 months,11.99,C,72000.0,20.93,667.0,10.0,27.0,3.0,0.0,1.0,OWN,IN,10.0,0.0,4.0,0,debt_consolidation,1
28075.0, 36 months,13.99,C,110000.0,26.35,707.0,22.0,62.4,0.0,4.0,0.0,RENT,CA,9.0,0.0,0.0,0,debt_consolidation,0
18000.0, 36 months,12.88,C,120000.0,29.13,667.0,9.0,73.7,0.0,5.0,0.0,MORTGAGE,NY,10.0,1.0,2.0,0,debt_consolidation,0
12000.0, 36 months,12.88,C,38000.0,19.74,722.0,5.0,61.2,0.0,0.0,0.0,OWN,CA,2.0,0.0,0.0,0,debt_consolidation,0
12000.0, 36 months,11.48,B,45000.0,23.76,672.0,8.0,54.7,1.0,0.0,1.0,RENT,CA,10.0,0.0,0.0,0,debt_consolidation,0
5600.0, 36 months,14.85,C,110000.0,34.74,692.0,17.0,39.9,2.0,0.0,1.0,MORTGAGE,MI,9.0,0.0,2.0,0,other,0
3600.0, 36 months,12.88,C,30000.0,27.72,707.0,8.0,37.1,1.0,0.0,0.0,OWN,CA,5.0,0.0,0.0,0,debt_consolidation,0
25000.0, 36 months,8.49,B,102000.0,7.66,702.0,11.0,85.7,0.0,0.0,0.0,MORTGAGE,CA,8.0,0.0,5.0,0,credit_card,0
11500.0, 36 months,7.91,A,130200.0,21.56,712.0,16.0,81.8,0.0,0.0,0.0,MORTGAGE,OR,10.0,0.0,5.0,0,debt_consolidation,0
25000.0, 36 months,5.32,A,195000.0,14.56,727.0,9.0,71.9,0.0,1.0,0.0,MORTGAGE,CA,7.0,0.0,4.0,0,debt_consolidation,0
12000.0, 36 months,12.88,C,48000.0,12.43,667.0,8.0,67.8,0.0,0.0,0.0,RENT,TN,1.0,0.0,0.0,0,debt_consolidation,0
12000.0, 36 months,11.48,B,40000.0,39.66,707.0,17.0,26.6,0.0,0.0,0.0,MORTGAGE,FL,7.0,0.0,2.0,0,debt_consolidation,0
6000.0, 36 months,10.78,B,36500.0,19.14,677.0,6.0,26.8,0.0,0.0,0.0,MORTGAGE,VA,6.0,0.0,1.0,0,debt_consolidation,0
15850.0, 36 months,11.99,C,50000.0,21.08,732.0,5.0,72.5,0.0,0.0,0.0,RENT,CA,10.0,0.0,0.0,0,debt_consolidation,0
27125.0, 60 months,13.44,C,65000.0,37.65,687.0,27.0,58.9,0.0,1.0,0.0,MORTGAGE,KY,8.0,0.0,1.0,0,debt_consolidation,1
20000.0, 36 months,11.48,B,67400.0,16.45,707.0,13.0,31.6,2.0,0.0,0.0,RENT,CA,10.0,0.0,0.0,0,credit_card,0
6600.0, 36 months,17.97,D,45000.0,32.56,667.0,22.0,60.9,1.0,0.0,0.0,RENT,MN,2.0,0.0,0.0,0,debt_consolidation,0
15000.0, 36 months,11.48,B,50000.0,13.66,672.0,22.0,58.8,0.0,0.0,0.0,RENT,NY,3.0,0.0,2.0,0,debt_consolidation,1
15000.0, 60 months,11.99,C,75000.0,18.95,722.0,11.0,33.2,0.0,0.0,0.0,MORTGAGE,UT,3.0,0.0,2.0,0,debt_consolidation,0
23650.0, 60 months,20.5,E,52560.0,36.64,667.0,21.0,81.0,1.0,0.0,0.0,RENT,MA,10.0,0.0,0.0,0,debt_consolidation,1
35000.0, 60 months,11.48,B,118000.0,9.81,787.0,7.0,58.8,0.0,0.0,0.0,MORTGAGE,OR,10.0,0.0,1.0,0,home_improvement,0
18475.0, 60 months,16.59,D,110000.0,12.75,692.0,9.0,35.6,1.0,0.0,1.0,RENT,GA,8.0,0.0,0.0,0,debt_consolidation,0
10000.0, 60 months,14.85,C,78000.0,27.0,672.0,10.0,59.7,1.0,0.0,1.0,RENT,MO,10.0,0.0,0.0,0,debt_consolidation,1
16000.0, 36 months,14.85,C,120000.0,8.51,672.0,10.0,66.2,1.0,0.0,0.0,MORTGAGE,NJ,10.0,0.0,4.0,0,debt_consolidation,0
9375.0, 36 months,14.85,C,80000.0,9.74,712.0,5.0,85.0,1.0,0.0,0.0,RENT,NY,3.0,0.0,1.0,0,credit_card,0
18675.0, 36 months,8.49,B,55000.0,30.98,802.0,9.0,12.0,0.0,0.0,0.0,MORTGAGE,GA,10.0,0.0,3.0,0,debt_consolidation,0
5000.0, 36 months,12.88,C,49500.0,13.81,682.0,7.0,13.2,1.0,0.0,0.0,OWN,TX,10.0,0.0,0.0,0,debt_consolidation,0
5000.0, 36 months,11.48,B,65000.0,13.74,747.0,9.0,13.5,3.0,0.0,0.0,RENT,TX,6.0,0.0,3.0,0,debt_consolidation,1
5000.0, 36 months,12.88,C,30000.0,5.52,672.0,5.0,66.8,1.0,0.0,0.0,RENT,TN,5.0,0.0,0.0,0,debt_consolidation,0
14000.0, 60 months,13.99,C,36000.0,17.43,667.0,9.0,62.3,1.0,0.0,1.0,MORTGAGE,NY,5.0,0.0,0.0,0,debt_consolidation,0
14400.0, 36 months,8.49,B,82000.0,11.67,697.0,9.0,45.7,0.0,0.0,0.0,RENT,UT,10.0,0.0,1.0,0,debt_consolidation,0
5000.0, 36 months,5.32,A,250000.0,23.23,762.0,41.0,25.4,0.0,1.0,0.0,MORTGAGE,NY,4.0,0.0,2.0,0,major_purchase,0
3000.0, 36 months,10.78,B,17000.0,16.6,697.0,9.0,35.5,0.0,0.0,0.0,RENT,NY,8.0,0.0,0.0,0,debt_consolidation,1
8500.0, 36 months,8.49,B,40000.0,12.81,747.0,9.0,19.7,0.0,0.0,0.0,MORTGAGE,MS,10.0,0.0,0.0,0,debt_consolidation,0
16000.0, 36 months,5.32,A,75000.0,11.69,797.0,22.0,10.4,1.0,0.0,0.0,MORTGAGE,CT,10.0,0.0,2.0,0,debt_consolidation,0
4300.0, 36 months,10.78,B,45000.0,1.97,682.0,4.0,31.1,2.0,1.0,0.0,RENT,CA,4.0,0.0,0.0,0,debt_consolidation,0
14050.0, 36 months,10.78,B,44000.0,13.34,677.0,9.0,35.0,0.0,0.0,0.0,RENT,MN,4.0,0.0,0.0,0,debt_consolidation,0
32000.0, 36 months,6.99,A,144542.0,20.5,692.0,25.0,71.0,1.0,0.0,0.0,MORTGAGE,CA,10.0,0.0,3.0,0,credit_card,0
15000.0, 36 months,11.48,B,61000.0,7.4,702.0,13.0,55.2,1.0,0.0,0.0,RENT,CA,3.0,0.0,0.0,0,debt_consolidation,0
5000.0, 36 months,6.49,A,72000.0,19.9,727.0,10.0,8.6,1.0,0.0,0.0,MORTGAGE,CA,10.0,0.0,2.0,0,debt_consolidation,0
15000.0, 60 months,18.99,E,42000.0,25.0,702.0,9.0,51.2,1.0,0.0,1.0,RENT,CA,10.0,0.0,1.0,0,debt_consolidation,1
11200.0, 36 months,7.49,A,65000.0,17.67,697.0,10.0,4.8,0.0,0.0,1.0,RENT,WA,5.0,0.0,1.0,0,home_improvement,0
21000.0, 36 months,5.32,A,218000.0,16.64,702.0,16.0,45.0,1.0,1.0,0.0,MORTGAGE,GA,4.0,0.0,4.0,0,credit_card,0
13225.0, 60 months,25.09,F,45000.0,22.21,667.0,15.0,45.2,1.0,0.0,0.0,RENT,KS,4.0,0.0,0.0,0,credit_card,1
21000.0, 36 months,15.77,D,200000.0,13.72,677.0,19.0,60.1,1.0,0.0,0.0,MORTGAGE,TX,10.0,0.0,3.0,0,debt_consolidation,0
12000.0, 36 months,13.99,C,52200.0,8.92,677.0,11.0,58.0,0.0,0.0,0.0,RENT,AZ,8.0,0.0,1.0,0,credit_card,0
24000.0, 36 months,12.88,C,105000.0,15.42,667.0,10.0,45.0,1.0,0.0,0.0,OWN,MS,10.0,0.0,0.0,0,debt_consolidation,1
15000.0, 36 months,14.85,C,44000.0,29.71,707.0,14.0,43.4,2.0,0.0,0.0,MORTGAGE,NC,2.0,0.0,2.0,0,debt_consolidation,0
8500.0, 36 months,6.99,A,60000.0,12.38,692.0,9.0,52.0,1.0,0.0,0.0,OWN,NC,10.0,0.0,1.0,0,debt_consolidation,0
10000.0, 60 months,17.97,D,140000.0,30.85,697.0,21.0,55.5,1.0,0.0,0.0,RENT,PA,10.0,0.0,0.0,0,moving,1
6500.0, 36 months,9.8,B,90000.0,22.12,672.0,15.0,27.3,0.0,0.0,1.0,MORTGAGE,OH,2.0,0.0,0.0,0,debt_consolidation,0
10000.0, 36 months,6.99,A,70000.0,2.91,697.0,6.0,32.4,1.0,0.0,2.0,RENT,PA,6.0,0.0,0.0,0,debt_consolidation,0
24000.0, 60 months,14.85,C,100000.0,21.73,707.0,10.0,44.2,0.0,0.0,0.0,MORTGAGE,TX,10.0,0.0,2.0,0,credit_card,0
20000.0, 36 months,7.91,A,45000.0,21.01,682.0,9.0,43.8,0.0,0.0,0.0,OWN,NV,5.0,0.0,0.0,0,debt_consolidation,0
15000.0, 36 months,6.49,A,45000.0,15.25,727.0,17.0,37.1,1.0,0.0,0.0,OWN,FL,8.0,0.0,0.0,0,credit_card,1
18000.0, 36 months,12.88,C,85000.0,14.26,687.0,11.0,78.0,0.0,0.0,0.0,RENT,VA,1.0,0.0,0.0,0,debt_consolidation,0
14400.0, 36 months,11.99,C,65000.0,9.29,667.0,12.0,67.1,0.0,0.0,1.0,RENT,NJ,3.0,0.0,0.0,0,credit_card,1
35000.0, 36 months,13.44,C,130000.0,20.64,712.0,17.0,38.7,0.0,0.0,0.0,RENT,NJ,1.0,0.0,0.0,0,debt_consolidation,0
3325.0, 36 months,17.97,D,57000.0,27.6,697.0,4.0,5.1,1.0,1.0,0.0,RENT,KY,2.0,0.0,1.0,0,debt_consolidation,0
24000.0, 36 months,14.85,C,65000.0,15.92,662.0,12.0,26.7,5.0,0.0,1.0,MORTGAGE,OH,10.0,0.0,3.0,0,major_purchase,0
2500.0, 36 months,16.59,D,30000.0,10.96,677.0,5.0,25.6,0.0,0.0,0.0,RENT,OH,3.0,0.0,0.0,0,other,0
17800.0, 36 months,15.77,D,71000.0,14.01,662.0,7.0,70.2,1.0,0.0,0.0,MORTGAGE,FL,4.0,0.0,4.0,0,major_purchase,0
35000.0, 36 months,13.44,C,160000.0,11.19,687.0,10.0,76.0,0.0,0.0,0.0,MORTGAGE,TX,1.0,0.0,3.0,0,debt_consolidation,0
16975.0, 60 months,22.45,F,47160.0,7.74,732.0,6.0,42.2,1.0,0.0,0.0,RENT,WA,3.0,0.0,0.0,0,medical,0
15000.0, 36 months,13.99,C,72100.0,31.57,692.0,21.0,22.4,1.0,0.0,0.0,RENT,MA,10.0,0.0,0.0,0,debt_consolidation,1
16000.0, 36 months,7.49,A,82500.0,28.48,707.0,28.0,31.4,0.0,0.0,0.0,MORTGAGE,TX,1.0,0.0,1.0,0,debt_consolidation,0
11000.0, 36 months,9.17,B,106000.0,15.68,662.0,9.0,60.7,0.0,2.0,1.0,RENT,NY,10.0,0.0,1.0,0,credit_card,0
4500.0, 36 months,9.17,B,30000.0,17.6,677.0,6.0,67.9,0.0,1.0,0.0,RENT,HI,10.0,0.0,0.0,0,credit_card,0
20000.0, 36 months,9.8,B,59120.0,30.59,697.0,10.0,62.6,1.0,0.0,0.0,MORTGAGE,ME,10.0,0.0,3.0,0,credit_card,0
8000.0, 36 months,9.8,B,45000.0,34.47,677.0,18.0,60.4,0.0,0.0,0.0,MORTGAGE,TN,10.0,0.0,3.0,0,credit_card,1
7000.0, 36 months,11.99,C,51000.0,3.39,662.0,22.0,65.0,1.0,0.0,3.0,RENT,SC,8.0,0.0,1.0,0,credit_card,0
5000.0, 36 months,7.49,A,52000.0,6.14,762.0,9.0,14.0,0.0,0.0,0.0,MORTGAGE,CA,4.0,0.0,2.0,0,other,0
14000.0, 36 months,6.99,A,125000.0,10.8,767.0,15.0,29.0,0.0,1.0,0.0,MORTGAGE,AK,10.0,0.0,5.0,0,debt_consolidation,0
20000.0, 36 months,11.48,B,50000.0,21.39,707.0,10.0,72.2,0.0,0.0,0.0,OWN,RI,,0.0,0.0,0,debt_consolidation,0
26400.0, 36 months,16.59,D,60000.0,27.58,667.0,12.0,97.1,0.0,0.0,0.0,RENT,CA,1.0,0.0,0.0,0,debt_consolidation,0
10000.0, 36 months,11.48,B,52000.0,15.46,687.0,11.0,86.3,1.0,0.0,1.0,MORTGAGE,MA,10.0,0.0,3.0,0,debt_consolidation,0
32725.0, 60 months,28.49,G,86000.0,18.03,662.0,20.0,62.8,2.0,0.0,0.0,MORTGAGE,GA,1.0,0.0,1.0,0,debt_consolidation,0
10000.0, 60 months,9.8,B,40000.0,6.03,702.0,6.0,60.2,0.0,0.0,0.0,OWN,VA,2.0,0.0,0.0,0,credit_card,0
20000.0, 36 months,7.91,A,80000.0,23.22,677.0,14.0,55.3,0.0,0.0,0.0,MORTGAGE,NC,,0.0,2.0,0,debt_consolidation,0
7000.0, 36 months,6.99,A,55000.0,3.62,767.0,12.0,12.4,0.0,0.0,0.0,MORTGAGE,TX,8.0,0.0,3.0,0,debt_consolidation,0
22000.0, 36 months,11.48,B,65000.0,15.77,732.0,6.0,8.7,0.0,0.0,0.0,MORTGAGE,CA,10.0,0.0,2.0,0,home_improvement,0
16000.0, 36 months,5.32,A,51000.0,19.08,757.0,17.0,21.3,0.0,0.0,0.0,MORTGAGE,NV,10.0,0.0,1.0,0,other,0
6000.0, 36 months,17.97,D,75000.0,10.64,667.0,6.0,39.0,5.0,1.0,1.0,MORTGAGE,AZ,1.0,0.0,2.0,0,other,0
12000.0, 60 months,11.99,C,83600.0,34.22,672.0,12.0,92.7,0.0,0.0,0.0,MORTGAGE,OH,10.0,0.0,0.0,0,credit_card,0
2700.0, 36 months,11.99,C,52000.0,9.58,697.0,7.0,18.8,2.0,0.0,1.0,RENT,NY,2.0,0.0,0.0,0,credit_card,0
7000.0, 36 months,11.48,B,66000.0,11.69,662.0,5.0,98.0,1.0,0.0,0.0,RENT,TX,1.0,0.0,0.0,0,debt_consolidation,0
10775.0, 36 months,11.99,C,28000.0,27.43,707.0,13.0,57.0,2.0,0.0,1.0,OWN,NY,10.0,0.0,1.0,0,credit_card,0
10000.0, 36 months,6.49,A,160000.0,11.69,707.0,12.0,48.4,0.0,1.0,0.0,MORTGAGE,NV,10.0,0.0,18.0,0,debt_consolidation,0
10000.0, 36 months,6.99,A,150000.0,6.54,737.0,6.0,48.0,0.0,0.0,0.0,MORTGAGE,CA,7.0,0.0,6.0,0,debt_consolidation,0
35000.0, 60 months,18.49,D,100000.0,24.77,662.0,13.0,79.6,0.0,0.0,1.0,RENT,AZ,3.0,0.0,3.0,0,other,0
11000.0, 36 months,14.85,C,48000.0,16.95,662.0,7.0,75.3,0.0,1.0,0.0,RENT,CA,1.0,0.0,0.0,0,credit_card,0
12000.0, 36 months,6.49,A,61500.0,22.81,727.0,6.0,83.4,0.0,0.0,0.0,MORTGAGE,AL,7.0,0.0,5.0,0,debt_consolidation,0
2000.0, 36 months,10.78,B,66000.0,8.55,677.0,13.0,28.1,0.0,0.0,1.0,RENT,HI,10.0,0.0,5.0,0,vacation,0
10000.0, 36 months,9.17,B,70000.0,14.61,707.0,9.0,28.2,1.0,0.0,1.0,MORTGAGE,MA,8.0,0.0,1.0,0,credit_card,0
16000.0, 36 months,6.99,A,60000.0,26.94,757.0,11.0,44.3,0.0,0.0,0.0,MORTGAGE,TN,10.0,0.0,4.0,0,debt_consolidation,0
6000.0, 36 months,14.85,C,35000.0,13.1,667.0,4.0,73.0,1.0,1.0,0.0,MORTGAGE,GA,,0.0,4.0,0,debt_consolidation,0
12000.0, 36 months,7.91,A,104000.0,5.55,692.0,18.0,39.4,0.0,2.0,0.0,MORTGAGE,TN,10.0,0.0,3.0,0,debt_consolidation,0
30000.0, 60 months,13.44,C,125000.0,9.15,722.0,8.0,21.7,0.0,0.0,0.0,MORTGAGE,IN,10.0,0.0,1.0,0,credit_card,1
16000.0, 36 months,10.78,B,98000.0,6.97,707.0,12.0,27.6,0.0,0.0,0.0,RENT,CA,,0.0,2.0,0,debt_consolidation,0
19000.0, 36 months,16.59,D,38000.0,20.13,702.0,5.0,60.7,0.0,0.0,0.0,RENT,CA,10.0,0.0,0.0,0,debt_consolidation,0
21000.0, 60 months,12.88,C,83000.0,16.05,667.0,14.0,48.8,0.0,0.0,1.0,RENT,CA,10.0,0.0,0.0,0,credit_card,0
28000.0, 36 months,6.99,A,131000.0,32.37,707.0,21.0,66.5,0.0,0.0,0.0,MORTGAGE,MN,10.0,0.0,2.0,0,credit_card,1
5500.0, 36 months,8.49,B,72800.0,16.63,667.0,6.0,36.8,0.0,0.0,0.0,RENT,WY,1.0,0.0,0.0,0,car,0
7450.0, 36 months,19.48,E,20000.0,22.61,662.0,20.0,28.4,5.0,0.0,1.0,MORTGAGE,GA,5.0,0.0,0.0,0,home_improvement,1
18000.0, 60 months,19.48,E,45000.0,15.36,687.0,10.0,57.2,1.0,1.0,0.0,MORTGAGE,MA,5.0,0.0,0.0,0,home_improvement,0
16000.0, 60 months,11.99,C,44096.0,34.57,677.0,12.0,53.1,0.0,0.0,1.0,OWN,CO,4.0,0.0,3.0,0,debt_consolidation,0
20000.0, 60 months,11.99,C,67500.0,13.44,727.0,6.0,90.1,0.0,0.0,0.0,RENT,NY,10.0,0.0,0.0,0,debt_consolidation,0
31325.0, 36 months,14.85,C,190000.0,25.86,662.0,24.0,32.6,1.0,1.0,0.0,MORTGAGE,FL,3.0,1.0,2.0,0,debt_consolidation,0
22425.0, 36 months,13.99,C,51000.0,22.61,727.0,11.0,20.9,1.0,0.0,0.0,RENT,FL,3.0,0.0,0.0,0,debt_consolidation,1
20000.0, 60 months,15.77,D,109000.0,11.13,667.0,10.0,48.5,1.0,0.0,1.0,MORTGAGE,MI,4.0,0.0,2.0,0,debt_consolidation,0
20000.0, 36 months,18.49,D,64000.0,35.25,667.0,13.0,90.2,2.0,0.0,0.0,RENT,NC,1.0,0.0,0.0,0,debt_consolidation,0
12000.0, 60 months,9.17,B,55000.0,14.97,692.0,15.0,14.3,0.0,1.0,0.0,MORTGAGE,CO,1.0,0.0,1.0,0,debt_consolidation,0
8500.0, 36 months,7.49,A,36000.0,30.03,702.0,6.0,73.6,0.0,1.0,0.0,MORTGAGE,FL,10.0,0.0,0.0,0,credit_card,0
16800.0, 36 months,8.49,B,40000.0,30.9,707.0,14.0,62.1,0.0,0.0,0.0,OWN,TN,5.0,0.0,2.0,0,debt_consolidation,0
10800.0, 60 months,19.48,E,30000.0,29.96,672.0,21.0,10.4,0.0,0.0,0.0,OWN,FL,1.0,0.0,0.0,0,debt_consolidation,1
12000.0, 36 months,7.91,A,55000.0,26.19,707.0,23.0,39.8,0.0,0.0,0.0,RENT,ND,5.0,0.0,4.0,0,credit_card,0
21225.0, 60 months,26.99,G,53000.0,21.94,667.0,18.0,71.3,1.0,0.0,0.0,MORTGAGE,WA,1.0,0.0,2.0,0,debt_consolidation,0
2100.0, 36 months,10.78,B,28000.0,21.13,672.0,9.0,59.8,1.0,0.0,0.0,MORTGAGE,MD,10.0,0.0,1.0,0,debt_consolidation,0
5700.0, 36 months,9.17,B,13000.0,24.28,707.0,11.0,38.5,0.0,0.0,0.0,RENT,TN,,0.0,0.0,0,debt_consolidation,0
6025.0, 36 months,12.88,C,29000.0,34.89,672.0,16.0,69.7,0.0,1.0,0.0,RENT,MA,3.0,0.0,0.0,0,debt_consolidation,0
12000.0, 60 months,13.99,C,92043.0,12.26,662.0,19.0,25.7,1.0,0.0,1.0,MORTGAGE,VA,4.0,0.0,1.0,0,other,0
14000.0, 36 months,7.91,A,126500.0,9.06,762.0,12.0,25.1,0.0,0.0,0.0,MORTGAGE,OR,2.0,0.0,3.0,0,debt_consolidation,0
25000.0, 60 months,7.91,A,120000.0,14.86,722.0,18.0,38.1,0.0,0.0,0.0,MORTGAGE,MI,2.0,0.0,3.0,0,debt_consolidation,0
30000.0, 60 months,13.99,C,100000.0,10.75,777.0,12.0,20.5,1.0,0.0,0.0,OWN,FL,1.0,0.0,3.0,0,major_purchase,1
12000.0, 36 months,12.88,C,75000.0,12.7,662.0,11.0,58.2,1.0,0.0,1.0,RENT,CA,10.0,0.0,3.0,0,debt_consolidation,0
28000.0, 60 months,14.85,C,75000.0,23.58,722.0,9.0,73.8,0.0,0.0,0.0,MORTGAGE,MI,3.0,0.0,2.0,0,credit_card,0
15000.0, 60 months,17.27,D,33280.0,29.82,662.0,13.0,67.0,0.0,1.0,1.0,RENT,VA,1.0,0.0,1.0,0,debt_consolidation,1
10000.0, 36 months,11.99,C,30000.0,19.32,677.0,8.0,51.2,1.0,0.0,1.0,MORTGAGE,NV,10.0,0.0,6.0,0,credit_card,1
16000.0, 36 months,7.49,A,49000.0,27.87,712.0,17.0,66.6,0.0,0.0,0.0,RENT,NJ,1.0,0.0,0.0,0,credit_card,0
3825.0, 36 months,14.85,C,30000.0,7.08,672.0,7.0,32.0,2.0,1.0,1.0,MORTGAGE,FL,3.0,0.0,1.0,0,debt_consolidation,1
29000.0, 36 months,6.49,A,110000.0,7.79,807.0,10.0,9.6,0.0,0.0,0.0,RENT,NJ,1.0,0.0,0.0,0,major_purchase,0
21600.0, 36 months,10.78,B,48000.0,18.5,702.0,12.0,55.0,2.0,0.0,0.0,MORTGAGE,PA,5.0,0.0,1.0,0,debt_consolidation,0
9050.0, 36 months,9.17,B,42000.0,21.25,702.0,11.0,47.2,0.0,0.0,0.0,MORTGAGE,GA,3.0,0.0,1.0,0,debt_consolidation,0
6600.0, 36 months,7.91,A,150000.0,9.66,697.0,9.0,11.3,1.0,0.0,1.0,MORTGAGE,NY,10.0,0.0,6.0,0,home_improvement,0
12000.0, 36 months,15.77,D,52000.0,5.73,677.0,9.0,80.4,1.0,0.0,0.0,OWN,MD,4.0,0.0,1.0,0,house,0
15000.0, 60 months,9.17,B,40000.0,13.05,737.0,16.0,13.2,2.0,0.0,0.0,RENT,TX,10.0,0.0,0.0,0,debt_consolidation,0
8000.0, 36 months,7.91,A,45960.0,8.85,702.0,9.0,35.1,0.0,0.0,0.0,RENT,NV,1.0,0.0,0.0,0,major_purchase,0
35000.0, 60 months,26.99,G,125000.0,21.25,672.0,15.0,39.6,2.0,0.0,0.0,MORTGAGE,FL,4.0,0.0,2.0,0,debt_consolidation,1
5000.0, 36 months,13.99,C,52000.0,29.22,667.0,6.0,96.6,0.0,0.0,0.0,RENT,FL,10.0,0.0,0.0,0,debt_consolidation,0
28000.0, 36 months,16.59,D,105000.0,16.3,682.0,15.0,59.4,2.0,0.0,0.0,OWN,CA,2.0,0.0,0.0,0,debt_consolidation,0
12000.0, 36 months,7.49,A,55000.0,25.88,702.0,13.0,79.4,0.0,0.0,0.0,MORTGAGE,MO,4.0,0.0,2.0,0,credit_card,0
25000.0, 36 months,5.32,A,90000.0,14.88,742.0,14.0,29.8,0.0,0.0,0.0,MORTGAGE,FL,10.0,0.0,4.0,0,debt_consolidation,0
30000.0, 36 months,14.85,C,100000.0,10.79,672.0,6.0,87.6,1.0,0.0,0.0,RENT,NJ,3.0,0.0,0.0,0,debt_consolidation,0
3600.0, 36 months,9.8,B,30000.0,11.08,662.0,20.0,69.4,0.0,0.0,0.0,RENT,SC,1.0,0.0,0.0,0,debt_consolidation,0
6525.0, 36 months,15.77,D,30000.0,8.44,677.0,9.0,55.7,2.0,0.0,1.0,RENT,NH,1.0,0.0,0.0,0,debt_consolidation,0
18000.0, 60 months,20.5,E,52000.0,22.29,662.0,12.0,79.8,0.0,0.0,1.0,RENT,LA,2.0,0.0,0.0,0,debt_consolidation,1
2000.0, 36 months,10.78,B,55000.0,16.15,672.0,7.0,60.7,0.0,1.0,0.0,MORTGAGE,FL,8.0,0.0,0.0,0,debt_consolidation,0
27425.0, 36 months,16.59,D,79500.0,29.71,682.0,26.0,47.0,0.0,1.0,0.0,RENT,CA,1.0,0.0,1.0,0,credit_card,0
32000.0, 36 months,11.99,C,88000.0,22.48,697.0,9.0,95.8,0.0,0.0,0.0,RENT,CA,2.0,0.0,0.0,0,credit_card,0
24000.0, 60 months,19.48,E,105000.0,27.33,672.0,26.0,72.7,1.0,6.0,0.0,MORTGAGE,AZ,10.0,0.0,7.0,0,debt_consolidation,0
10000.0, 36 months,8.49,B,120000.0,9.44,697.0,28.0,31.3,2.0,0.0,0.0,RENT,AZ,1.0,0.0,1.0,0,debt_consolidation,0
16800.0, 36 months,9.17,B,50000.0,27.27,722.0,17.0,30.2,0.0,0.0,0.0,RENT,CA,6.0,0.0,0.0,0,debt_consolidation,0
4000.0, 36 months,14.85,C,90000.0,9.48,707.0,8.0,46.3,1.0,0.0,0.0,MORTGAGE,FL,10.0,0.0,3.0,0,home_improvement,0
25950.0, 60 months,18.99,E,59000.0,20.93,702.0,14.0,54.4,0.0,0.0,0.0,MORTGAGE,TX,10.0,0.0,4.0,0,debt_consolidation,0
9600.0, 36 months,17.27,D,53000.0,30.27,692.0,16.0,38.3,0.0,0.0,0.0,OWN,FL,10.0,0.0,0.0,0,debt_consolidation,0
14000.0, 60 months,18.49,D,34000.0,21.92,692.0,11.0,71.5,0.0,0.0,0.0,RENT,CO,5.0,0.0,0.0,0,debt_consolidation,0
17500.0, 36 months,12.88,C,95700.0,10.09,667.0,10.0,75.0,0.0,0.0,0.0,OWN,CA,10.0,0.0,3.0,0,debt_consolidation,0
10000.0, 36 months,9.17,B,40000.0,19.62,662.0,8.0,62.2,0.0,1.0,0.0,OWN,OR,9.0,0.0,2.0,0,credit_card,0
25000.0, 36 months,6.99,A,95200.0,34.58,752.0,27.0,42.8,0.0,0.0,0.0,MORTGAGE,MA,4.0,0.0,3.0,0,debt_consolidation,0
25000.0, 36 months,13.44,C,88000.0,14.47,677.0,12.0,46.6,2.0,0.0,0.0,MORTGAGE,TX,4.0,0.0,3.0,0,credit_card,0
27600.0, 60 months,9.17,B,70000.0,21.38,697.0,20.0,59.1,0.0,0.0,0.0,MORTGAGE,PA,,0.0,2.0,0,debt_consolidation,0
18000.0, 36 months,9.8,B,89400.0,10.04,672.0,16.0,48.9,1.0,0.0,0.0,RENT,TX,2.0,0.0,0.0,0,debt_consolidation,0
19875.0, 60 months,15.77,D,58000.0,23.19,712.0,25.0,38.0,0.0,0.0,0.0,MORTGAGE,MA,1.0,0.0,1.0,0,debt_consolidation,0
22500.0, 36 months,14.85,C,114000.0,9.83,667.0,15.0,56.8,2.0,2.0,0.0,OWN,GA,10.0,0.0,6.0,0,debt_consolidation,0
10075.0, 36 months,17.97,D,28000.0,24.47,672.0,8.0,67.1,0.0,2.0,0.0,OWN,MI,,0.0,1.0,0,debt_consolidation,0
12000.0, 36 months,9.8,B,80000.0,15.36,717.0,14.0,29.0,1.0,0.0,1.0,MORTGAGE,TX,10.0,0.0,1.0,0,debt_consolidation,0
7500.0, 36 months,7.91,A,29000.0,23.55,682.0,11.0,2.4,1.0,0.0,1.0,RENT,MI,,0.0,0.0,0,debt_consolidation,0
3000.0, 36 months,6.49,A,35000.0,12.35,697.0,7.0,58.7,0.0,0.0,0.0,MORTGAGE,FL,1.0,0.0,2.0,0,major_purchase,0
12000.0, 36 months,11.99,C,115000.0,5.96,672.0,12.0,70.4,2.0,4.0,0.0,OWN,NY,2.0,0.0,0.0,0,small_business,0
4100.0, 36 months,5.32,A,36000.0,6.0,812.0,10.0,25.5,0.0,0.0,0.0,MORTGAGE,OR,10.0,0.0,5.0,0,credit_card,0
11900.0, 36 months,5.32,A,150000.0,14.93,732.0,14.0,1.2,0.0,2.0,0.0,MORTGAGE,TN,3.0,0.0,2.0,0,debt_consolidation,0
32000.0, 36 months,7.91,A,180000.0,8.75,757.0,12.0,32.2,0.0,0.0,0.0,OWN,CT,1.0,0.0,8.0,0,credit_card,0
22800.0, 36 months,10.78,B,132000.0,17.17,717.0,11.0,52.7,0.0,0.0,0.0,MORTGAGE,MA,1.0,0.0,2.0,0,debt_consolidation,0
7200.0, 36 months,15.77,D,60000.0,29.32,687.0,7.0,71.5,2.0,0.0,0.0,OWN,MS,2.0,0.0,0.0,0,other,0
16000.0, 60 months,16.59,D,63000.0,11.09,672.0,9.0,69.3,4.0,1.0,1.0,MORTGAGE,NH,10.0,0.0,4.0,0,debt_consolidation,0
15000.0, 36 months,5.32,A,70000.0,4.35,707.0,12.0,34.2,0.0,1.0,0.0,MORTGAGE,CA,1.0,0.0,1.0,0,debt_consolidation,0
12000.0, 36 months,13.44,C,75000.0,15.09,672.0,13.0,54.4,1.0,0.0,0.0,RENT,CA,2.0,0.0,0.0,0,debt_consolidation,0
8000.0, 36 months,7.91,A,60000.0,13.09,712.0,15.0,26.3,0.0,0.0,0.0,MORTGAGE,FL,3.0,0.0,1.0,0,credit_card,0
21000.0, 60 months,11.99,C,54603.0,33.84,712.0,12.0,53.9,1.0,0.0,0.0,RENT,CA,9.0,0.0,1.0,0,debt_consolidation,1
4800.0, 36 months,13.44,C,70000.0,10.42,677.0,10.0,29.4,1.0,7.0,0.0,RENT,CA,2.0,0.0,0.0,0,debt_consolidation,0
18000.0, 60 months,9.8,B,57000.0,23.18,722.0,12.0,19.7,0.0,0.0,0.0,MORTGAGE,NC,8.0,0.0,1.0,0,debt_consolidation,0
4000.0, 36 months,12.88,C,40000.0,11.73,677.0,17.0,18.1,2.0,0.0,1.0,OWN,MI,,0.0,5.0,0,other,0
24000.0, 60 months,9.8,B,85000.0,23.17,722.0,23.0,47.3,0.0,0.0,0.0,MORTGAGE,IL,10.0,0.0,4.0,0,debt_consolidation,0
10800.0, 36 months,16.59,D,30000.0,11.0,692.0,6.0,61.7,0.0,0.0,0.0,RENT,TX,3.0,0.0,0.0,0,debt_consolidation,0
10000.0, 36 months,9.17,B,96000.0,8.45,662.0,6.0,77.3,0.0,0.0,1.0,OWN,MD,10.0,0.0,3.0,0,debt_consolidation,0
7000.0, 36 months,5.32,A,45000.0,11.8,777.0,8.0,9.4,0.0,0.0,0.0,OWN,FL,2.0,0.0,0.0,0,home_improvement,0
23000.0, 36 months,11.99,C,50000.0,19.35,682.0,15.0,52.2,0.0,0.0,0.0,MORTGAGE,LA,1.0,0.0,1.0,0,debt_consolidation,0
8000.0, 36 months,7.91,A,48500.0,7.75,687.0,9.0,32.3,0.0,0.0,1.0,RENT,NY,2.0,0.0,2.0,0,debt_consolidation,0
12000.0, 36 months,8.49,B,70000.0,13.39,677.0,10.0,55.5,0.0,0.0,0.0,RENT,NC,10.0,0.0,0.0,0,debt_consolidation,0
8000.0, 36 months,11.99,C,22000.0,28.92,697.0,9.0,57.9,0.0,0.0,0.0,OWN,CT,6.0,0.0,0.0,0,debt_consolidation,0
4800.0, 36 months,7.49,A,82000.0,11.37,692.0,21.0,6.5,3.0,0.0,1.0,MORTGAGE,CA,9.0,0.0,3.0,0,credit_card,0
15000.0, 36 months,9.8,B,125000.0,33.38,702.0,24.0,53.9,1.0,0.0,0.0,MORTGAGE,MI,10.0,0.0,3.0,0,debt_consolidation,0
2000.0, 36 months,16.59,D,96000.0,10.2,717.0,7.0,43.1,3.0,0.0,0.0,OWN,CA,5.0,0.0,1.0,0,debt_consolidation,0
6000.0, 36 months,6.49,A,26000.0,21.84,687.0,3.0,89.6,0.0,0.0,0.0,RENT,OR,1.0,0.0,0.0,0,debt_consolidation,0
10800.0, 36 months,12.88,C,69000.0,18.37,662.0,10.0,76.1,1.0,0.0,0.0,MORTGAGE,WI,10.0,0.0,3.0,0,debt_consolidation,0
12000.0, 36 months,13.99,C,72500.0,7.71,667.0,7.0,10.8,0.0,0.0,0.0,RENT,CO,3.0,0.0,1.0,0,debt_consolidation,0
7325.0, 36 months,10.78,B,40000.0,10.95,687.0,7.0,71.2,0.0,0.0,0.0,RENT,CO,5.0,0.0,0.0,0,debt_consolidation,0
15000.0, 36 months,12.88,C,60000.0,15.3,692.0,2.0,104.8,0.0,0.0,0.0,OWN,DC,,0.0,1.0,0,debt_consolidation,1
6300.0, 36 months,9.8,B,45000.0,16.99,692.0,11.0,19.8,1.0,1.0,1.0,RENT,NJ,10.0,0.0,0.0,0,debt_consolidation,0
6000.0, 36 months,11.48,B,100000.0,13.78,662.0,10.0,72.1,1.0,1.0,0.0,RENT,FL,1.0,0.0,1.0,0,home_improvement,0
15075.0, 60 months,17.27,D,32806.0,25.54,717.0,6.0,71.3,0.0,0.0,0.0,OWN,NJ,10.0,0.0,0.0,0,credit_card,0
16000.0, 60 months,7.91,A,83000.0,4.31,722.0,11.0,28.7,1.0,1.0,0.0,MORTGAGE,MA,10.0,0.0,3.0,0,other,0
9600.0, 36 months,13.44,C,90000.0,28.07,682.0,16.0,67.5,0.0,4.0,2.0,MORTGAGE,NY,,0.0,3.0,0,credit_card,0
16000.0, 36 months,7.49,A,70000.0,12.09,697.0,15.0,44.3,1.0,0.0,0.0,RENT,NJ,10.0,0.0,0.0,0,credit_card,0
6000.0, 36 months,6.49,A,85000.0,10.28,742.0,8.0,25.8,0.0,1.0,0.0,MORTGAGE,MN,10.0,0.0,3.0,0,credit_card,0
2000.0, 36 months,9.17,B,75000.0,26.75,677.0,11.0,82.8,0.0,0.0,0.0,RENT,GA,9.0,0.0,0.0,0,debt_consolidation,0
9600.0, 36 months,7.49,A,56000.0,32.21,692.0,14.0,38.6,0.0,1.0,0.0,MORTGAGE,FL,10.0,0.0,1.0,0,credit_card,0
9600.0, 36 months,5.32,A,65000.0,22.95,757.0,22.0,21.9,2.0,0.0,0.0,MORTGAGE,NY,10.0,0.0,6.0,0,home_improvement,0
5000.0, 36 months,7.91,A,40000.0,28.26,717.0,11.0,22.0,1.0,0.0,0.0,OWN,FL,10.0,0.0,0.0,0,home_improvement,0
21000.0, 36 months,8.49,B,120000.0,3.3,672.0,4.0,31.4,0.0,0.0,0.0,MORTGAGE,NV,10.0,0.0,6.0,0,credit_card,0
30000.0, 36 months,11.48,B,87000.0,29.89,692.0,23.0,59.2,0.0,0.0,0.0,MORTGAGE,NJ,8.0,0.0,0.0,0,debt_consolidation,0
6000.0, 36 months,5.32,A,41175.0,4.14,752.0,4.0,36.6,0.0,0.0,0.0,MORTGAGE,VA,10.0,0.0,6.0,0,debt_consolidation,0
11500.0, 36 months,11.48,B,25000.0,20.4,732.0,6.0,5.1,0.0,0.0,1.0,RENT,OH,4.0,0.0,0.0,0,debt_consolidation,0
15000.0, 36 months,11.99,C,41000.0,14.17,697.0,30.0,79.8,1.0,0.0,0.0,MORTGAGE,AL,2.0,0.0,5.0,0,credit_card,0
3175.0, 36 months,9.8,B,45000.0,34.18,677.0,10.0,22.6,1.0,0.0,0.0,RENT,WI,6.0,0.0,0.0,0,major_purchase,0
8000.0, 36 months,9.8,B,72000.0,5.72,682.0,5.0,37.6,1.0,1.0,0.0,OWN,LA,1.0,0.0,2.0,0,debt_consolidation,0
27000.0, 60 months,24.24,F,120000.0,20.52,672.0,12.0,51.2,2.0,0.0,2.0,MORTGAGE,NY,10.0,0.0,0.0,0,debt_consolidation,0
6400.0, 36 months,11.48,B,35000.0,19.71,722.0,12.0,26.1,1.0,0.0,0.0,RENT,KS,8.0,0.0,3.0,0,debt_consolidation,1
21000.0, 60 months,15.77,D,115000.0,18.12,682.0,9.0,54.7,0.0,0.0,0.0,RENT,CA,10.0,0.0,2.0,0,debt_consolidation,0
3900.0, 36 months,9.8,B,105000.0,34.31,687.0,13.0,61.5,1.0,0.0,0.0,OWN,WY,1.0,0.0,4.0,0,credit_card,0
32000.0, 36 months,12.88,C,160000.0,22.83,667.0,31.0,48.0,2.0,1.0,0.0,OWN,IL,5.0,0.0,3.0,0,debt_consolidation,0
20000.0, 36 months,9.17,B,86000.0,21.69,672.0,17.0,65.0,0.0,0.0,1.0,RENT,FL,1.0,0.0,1.0,0,debt_consolidation,0
32000.0, 36 months,11.48,B,93000.0,23.19,682.0,21.0,42.6,2.0,0.0,1.0,RENT,IL,3.0,0.0,0.0,0,credit_card,0
3600.0, 36 months,13.99,C,41000.0,24.3,722.0,20.0,21.7,1.0,0.0,0.0,MORTGAGE,NY,10.0,0.0,4.0,0,debt_consolidation,0
13825.0, 36 months,11.48,B,61000.0,19.2,672.0,11.0,63.4,2.0,0.0,0.0,OWN,NY,3.0,0.0,0.0,0,credit_card,0
19300.0, 60 months,22.45,F,46000.0,38.94,677.0,17.0,82.9,2.0,0.0,0.0,RENT,HI,10.0,0.0,0.0,0,debt_consolidation,0
12000.0, 36 months,8.49,B,160000.0,13.11,687.0,9.0,46.0,0.0,1.0,0.0,RENT,VA,4.0,0.0,5.0,0,debt_consolidation,0
12000.0, 36 months,6.99,A,172000.0,7.98,697.0,8.0,43.3,0.0,1.0,1.0,MORTGAGE,FL,10.0,0.0,0.0,0,debt_consolidation,0
24000.0, 60 months,14.85,C,72000.0,28.74,682.0,25.0,49.1,0.0,0.0,0.0,MORTGAGE,VA,10.0,0.0,2.0,0,debt_consolidation,0
10000.0, 36 months,10.78,B,52000.0,3.4,712.0,6.0,27.4,0.0,0.0,0.0,RENT,LA,3.0,0.0,0.0,0,debt_consolidation,0
10000.0, 36 months,9.17,B,100000.0,9.13,692.0,9.0,32.9,0.0,0.0,0.0,MORTGAGE,WV,10.0,0.0,1.0,0,debt_consolidation,1
15000.0, 36 months,11.99,C,41500.0,31.92,682.0,12.0,75.0,1.0,1.0,0.0,RENT,WA,10.0,0.0,0.0,0,debt_consolidation,0
30000.0, 36 months,16.59,D,300000.0,6.21,687.0,11.0,99.8,1.0,3.0,0.0,OWN,NY,2.0,1.0,5.0,0,other,0
11400.0, 36 months,19.48,E,69000.0,28.26,667.0,26.0,58.4,0.0,0.0,1.0,MORTGAGE,CO,10.0,0.0,2.0,0,debt_consolidation,1
13400.0, 60 months,9.17,B,53737.0,21.75,737.0,12.0,30.7,0.0,0.0,0.0,MORTGAGE,VA,10.0,0.0,5.0,0,debt_consolidation,0
20000.0, 60 months,13.99,C,80000.0,15.06,662.0,8.0,83.9,0.0,0.0,0.0,MORTGAGE,NJ,10.0,0.0,1.0,0,debt_consolidation,0
4800.0, 36 months,13.44,C,46000.0,4.77,662.0,8.0,47.8,2.0,0.0,0.0,MORTGAGE,FL,9.0,0.0,1.0,0,debt_consolidation,0
33000.0, 60 months,12.88,C,88000.0,21.33,707.0,13.0,58.6,0.0,0.0,0.0,RENT,CO,1.0,0.0,0.0,0,debt_consolidation,0
11025.0, 36 months,16.59,D,24000.0,25.55,772.0,6.0,12.9,0.0,0.0,0.0,OWN,MA,2.0,0.0,0.0,0,debt_consolidation,0
15000.0, 60 months,16.59,D,50000.0,27.53,667.0,12.0,73.0,1.0,0.0,1.0,OWN,NY,10.0,0.0,0.0,0,debt_consolidation,1
25000.0, 36 months,17.27,D,72000.0,13.13,762.0,9.0,0.1,3.0,0.0,0.0,MORTGAGE,NY,,0.0,1.0,0,other,0
24500.0, 36 months,8.49,B,83700.0,21.82,732.0,5.0,94.4,0.0,0.0,0.0,MORTGAGE,NJ,,0.0,4.0,0,credit_card,1
3500.0, 36 months,14.85,C,30000.0,8.84,667.0,9.0,70.0,0.0,0.0,0.0,MORTGAGE,OH,3.0,0.0,1.0,0,debt_consolidation,0
35000.0, 36 months,12.88,C,101000.0,13.03,677.0,8.0,77.0,2.0,2.0,0.0,MORTGAGE,UT,5.0,0.0,2.0,0,debt_consolidation,0
4000.0, 36 months,7.91,A,48000.0,18.44,717.0,8.0,22.4,1.0,0.0,0.0,OWN,MS,10.0,0.0,1.0,0,credit_card,0
8000.0, 36 months,11.99,C,35000.0,14.06,692.0,6.0,50.0,0.0,1.0,0.0,MORTGAGE,OH,9.0,0.0,1.0,0,other,0
13500.0, 36 months,11.48,B,55802.0,20.54,667.0,7.0,77.1,0.0,1.0,0.0,MORTGAGE,MD,10.0,0.0,2.0,0,debt_consolidation,0
25000.0, 60 months,15.77,D,60000.0,20.92,672.0,10.0,57.3,0.0,2.0,0.0,RENT,NY,2.0,0.0,0.0,0,debt_consolidation,1
7100.0, 36 months,15.77,D,33000.0,12.87,677.0,5.0,31.6,2.0,1.0,0.0,OWN,WA,1.0,0.0,2.0,0,debt_consolidation,0
5875.0, 36 months,13.99,C,14000.0,18.87,687.0,4.0,79.5,0.0,0.0,0.0,RENT,NC,7.0,0.0,0.0,0,credit_card,0
19275.0, 60 months,14.85,C,50000.0,20.72,697.0,11.0,54.9,0.0,0.0,0.0,RENT,FL,1.0,0.0,1.0,0,debt_consolidation,0
5600.0, 36 months,12.88,C,38000.0,11.76,672.0,12.0,25.6,1.0,0.0,2.0,RENT,CT,,0.0,3.0,0,debt_consolidation,0
10000.0, 36 months,11.99,C,29600.0,32.56,692.0,15.0,49.3,0.0,0.0,0.0,RENT,NY,3.0,0.0,0.0,0,credit_card,0
18000.0, 36 months,19.89,E,60000.0,27.76,677.0,20.0,27.8,0.0,0.0,0.0,RENT,AZ,8.0,0.0,0.0,0,credit_card,0
2775.0, 36 months,19.48,E,34000.0,24.71,677.0,7.0,41.4,2.0,0.0,0.0,RENT,WA,2.0,0.0,0.0,0,other,0
7500.0, 36 months,8.49,B,95000.0,5.15,677.0,14.0,21.5,0.0,0.0,6.0,MORTGAGE,PA,10.0,0.0,0.0,0,credit_card,0
26850.0, 60 months,17.27,D,58400.45,32.24,707.0,12.0,83.8,0.0,0.0,0.0,MORTGAGE,GA,10.0,0.0,1.0,0,debt_consolidation,0
20000.0, 36 months,12.88,C,50000.0,27.48,667.0,10.0,55.2,0.0,0.0,1.0,RENT,DE,4.0,0.0,0.0,0,debt_consolidation,1
15000.0, 36 months,8.49,B,120000.0,26.85,742.0,22.0,39.4,0.0,0.0,0.0,RENT,CA,7.0,0.0,0.0,0,debt_consolidation,0
10875.0, 36 months,8.49,B,85000.0,24.3,667.0,21.0,34.2,0.0,4.0,0.0,MORTGAGE,PA,2.0,0.0,4.0,0,debt_consolidation,0
35000.0, 60 months,12.88,C,85000.0,16.66,702.0,10.0,58.4,0.0,0.0,0.0,RENT,CA,10.0,0.0,0.0,0,debt_consolidation,1
33000.0, 60 months,13.99,C,72500.0,18.19,662.0,9.0,63.6,0.0,3.0,0.0,RENT,MA,9.0,0.0,3.0,0,credit_card,0
22000.0, 36 months,10.78,B,58000.0,12.35,727.0,7.0,45.6,0.0,0.0,0.0,RENT,CA,10.0,0.0,0.0,0,debt_consolidation,0
20000.0, 36 months,10.78,B,60000.0,27.92,682.0,23.0,73.2,0.0,0.0,0.0,MORTGAGE,WV,3.0,0.0,2.0,0,credit_card,0
20000.0, 36 months,12.88,C,85000.0,19.82,677.0,13.0,53.6,2.0,5.0,0.0,RENT,NY,,0.0,2.0,0,debt_consolidation,0
10000.0, 36 months,7.49,A,63000.0,13.28,702.0,8.0,41.4,0.0,0.0,0.0,MORTGAGE,TX,10.0,0.0,4.0,0,home_improvement,0
6000.0, 36 months,6.99,A,53000.0,20.52,682.0,8.0,55.8,0.0,0.0,0.0,RENT,FL,1.0,0.0,0.0,0,credit_card,0
13000.0, 36 months,9.8,B,26000.0,33.43,737.0,13.0,35.9,0.0,0.0,0.0,RENT,NY,10.0,0.0,1.0,0,credit_card,0
3000.0, 36 months,12.88,C,52000.0,1.06,727.0,2.0,34.0,0.0,0.0,0.0,MORTGAGE,CO,10.0,0.0,2.0,0,debt_consolidation,0
35000.0, 60 months,19.89,E,165000.0,20.25,672.0,15.0,73.5,1.0,0.0,1.0,RENT,TX,7.0,0.0,4.0,0,debt_consolidation,0
5000.0, 36 months,14.85,C,72000.0,9.72,662.0,14.0,3.2,3.0,2.0,0.0,MORTGAGE,LA,10.0,0.0,2.0,0,home_improvement,0
25000.0, 36 months,7.91,A,145000.0,22.38,782.0,14.0,41.2,0.0,0.0,0.0,MORTGAGE,MN,10.0,0.0,3.0,0,debt_consolidation,0
3600.0, 36 months,6.49,A,34000.0,11.22,742.0,9.0,20.9,1.0,0.0,0.0,MORTGAGE,FL,10.0,0.0,2.0,0,debt_consolidation,1
24000.0, 36 months,5.32,A,125000.0,12.61,827.0,17.0,2.2,0.0,0.0,0.0,MORTGAGE,TX,5.0,0.0,6.0,0,debt_consolidation,0
15000.0, 36 months,15.77,D,52000.0,18.3,677.0,21.0,48.7,1.0,1.0,0.0,MORTGAGE,NY,4.0,0.0,4.0,0,debt_consolidation,0
10000.0, 36 months,6.99,A,120000.0,13.73,772.0,11.0,5.2,1.0,1.0,0.0,MORTGAGE,NC,10.0,0.0,7.0,0,debt_consolidation,0
14400.0, 60 months,20.5,E,56000.0,24.67,682.0,13.0,66.0,0.0,0.0,0.0,MORTGAGE,TX,10.0,0.0,1.0,0,debt_consolidation,1
21000.0, 36 months,5.32,A,90000.0,7.69,807.0,7.0,20.7,0.0,0.0,0.0,MORTGAGE,FL,10.0,0.0,4.0,0,debt_consolidation,0
5900.0, 36 months,9.17,B,25000.0,25.83,712.0,8.0,23.0,0.0,1.0,0.0,RENT,PA,3.0,0.0,0.0,0,debt_consolidation,0
9225.0, 36 months,16.59,D,50000.0,23.79,682.0,10.0,69.5,0.0,0.0,0.0,RENT,MD,3.0,0.0,0.0,0,debt_consolidation,0
12000.0, 36 months,8.49,B,36000.0,24.57,677.0,12.0,52.8,0.0,1.0,0.0,RENT,PA,,0.0,0.0,0,credit_card,1
30000.0, 36 months,7.91,A,72000.0,23.03,712.0,29.0,25.8,0.0,1.0,0.0,MORTGAGE,TX,6.0,0.0,2.0,0,credit_card,0
15725.0, 36 months,15.77,D,75000.0,21.3,702.0,9.0,37.0,1.0,0.0,1.0,MORTGAGE,MI,1.0,0.0,1.0,0,home_improvement,0
16800.0, 60 months,12.88,C,80000.0,32.55,702.0,15.0,39.4,1.0,0.0,0.0,OWN,GA,1.0,0.0,0.0,0,car,0
10000.0, 36 months,6.49,A,108000.0,5.72,762.0,12.0,2.2,0.0,1.0,0.0,MORTGAGE,NY,10.0,0.0,2.0,0,major_purchase,0
24000.0, 60 months,13.99,C,52000.0,31.83,667.0,20.0,57.5,0.0,0.0,0.0,RENT,OH,10.0,0.0,0.0,0,credit_card,0
12000.0, 60 months,9.17,B,95000.0,17.37,692.0,21.0,41.0,2.0,0.0,1.0,MORTGAGE,CA,3.0,0.0,6.0,0,debt_consolidation,0
12000.0, 60 months,18.49,D,36254.0,24.83,662.0,22.0,63.3,2.0,0.0,1.0,RENT,FL,4.0,0.0,0.0,0,debt_consolidation,0
9000.0, 36 months,11.99,C,80000.0,17.66,707.0,15.0,32.8,0.0,0.0,4.0,MORTGAGE,NY,7.0,0.0,2.0,0,credit_card,0
14500.0, 36 months,13.99,C,50000.0,24.89,717.0,13.0,61.7,1.0,1.0,0.0,MORTGAGE,WV,10.0,0.0,2.0,0,debt_consolidation,0
17750.0, 36 months,13.99,C,76780.0,13.49,682.0,7.0,70.0,0.0,0.0,2.0,MORTGAGE,FL,1.0,0.0,2.0,0,credit_card,0
7000.0, 36 months,11.99,C,50000.0,21.46,692.0,11.0,40.7,1.0,0.0,0.0,RENT,CA,2.0,0.0,0.0,0,debt_consolidation,0
9075.0, 36 months,18.49,D,40000.0,37.02,667.0,10.0,74.8,2.0,4.0,0.0,MORTGAGE,IL,10.0,0.0,5.0,0,debt_consolidation,0
10000.0, 36 months,14.85,C,65000.0,36.0,707.0,11.0,67.5,0.0,0.0,0.0,RENT,CA,10.0,0.0,0.0,0,moving,0
17000.0, 36 months,7.91,A,70000.0,15.55,702.0,12.0,40.0,1.0,0.0,0.0,RENT,MI,8.0,0.0,0.0,0,debt_consolidation,0
17000.0, 60 months,13.44,C,120000.0,7.43,667.0,7.0,6.5,0.0,0.0,0.0,MORTGAGE,MD,10.0,0.0,4.0,0,debt_consolidation,0
35000.0, 60 months,6.0,F,140000.0,28.96,682.0,14.0,96.5,0.0,0.0,0.0,MORTGAGE,VA,10.0,0.0,4.0,0,debt_consolidation,0
6000.0, 36 months,6.99,A,55500.0,7.76,717.0,14.0,14.6,1.0,0.0,0.0,OWN,NC,,0.0,0.0,0,debt_consolidation,1
19200.0, 36 months,6.49,A,105000.0,13.82,712.0,15.0,43.8,0.0,0.0,0.0,MORTGAGE,MN,10.0,0.0,3.0,0,credit_card,0
1000.0, 36 months,9.17,B,55000.0,8.34,672.0,7.0,25.3,0.0,0.0,0.0,MORTGAGE,DE,5.0,0.0,1.0,0,debt_consolidation,1
14400.0, 60 months,7.91,A,120000.0,7.04,712.0,9.0,32.3,0.0,0.0,0.0,MORTGAGE,AL,10.0,0.0,5.0,0,home_improvement,0
35000.0, 60 months,13.44,C,96000.0,28.6,692.0,16.0,64.2,0.0,1.0,0.0,RENT,TX,1.0,0.0,0.0,0,credit_card,0
35000.0, 60 months,24.24,F,100000.0,23.47,722.0,8.0,67.4,3.0,0.0,0.0,MORTGAGE,IL,10.0,0.0,2.0,0,major_purchase,0
7725.0, 36 months,5.32,A,100000.0,13.15,682.0,7.0,34.6,0.0,2.0,0.0,MORTGAGE,AL,6.0,0.0,1.0,0,debt_consolidation,0
21000.0, 60 months,9.8,B,60000.0,19.66,732.0,6.0,69.9,0.0,0.0,0.0,MORTGAGE,VA,9.0,0.0,1.0,0,credit_card,0
9600.0, 36 months,11.99,C,54375.0,21.03,662.0,9.0,52.9,2.0,2.0,0.0,MORTGAGE,MD,10.0,0.0,1.0,0,debt_consolidation,0
22000.0, 36 months,9.17,B,53000.0,15.4,662.0,6.0,89.7,0.0,5.0,0.0,OWN,OH,2.0,0.0,2.0,0,credit_card,0
10200.0, 60 months,19.89,E,30000.0,27.16,682.0,17.0,5.7,1.0,0.0,1.0,RENT,FL,1.0,0.0,2.0,0,debt_consolidation,0
19600.0, 60 months,17.27,D,54000.0,37.93,672.0,20.0,56.4,0.0,1.0,0.0,OWN,GA,2.0,0.0,0.0,0,credit_card,1
24775.0, 60 months,18.99,E,150000.0,21.86,687.0,13.0,37.2,2.0,0.0,0.0,RENT,TX,2.0,0.0,0.0,0,debt_consolidation,0
8000.0, 36 months,9.17,B,57600.0,28.48,687.0,17.0,36.3,0.0,1.0,0.0,RENT,KS,2.0,0.0,1.0,0,credit_card,0
25000.0, 36 months,7.49,A,85000.0,7.29,682.0,7.0,38.2,0.0,1.0,0.0,RENT,CA,10.0,0.0,0.0,0,debt_consolidation,0
35000.0, 60 months,11.99,C,98000.0,19.94,732.0,12.0,5.5,3.0,0.0,0.0,MORTGAGE,OK,10.0,0.0,4.0,0,debt_consolidation,1
5000.0, 36 months,11.99,C,104000.0,9.39,672.0,14.0,47.2,0.0,0.0,1.0,RENT,CT,3.0,0.0,3.0,0,credit_card,0
14000.0, 60 months,10.78,B,80000.0,23.42,702.0,14.0,49.9,0.0,1.0,0.0,OWN,MA,10.0,0.0,5.0,0,credit_card,0
16000.0, 60 months,16.59,D,115000.0,10.08,662.0,12.0,44.6,0.0,1.0,0.0,OWN,NY,10.0,0.0,1.0,0,debt_consolidation,1
5300.0, 36 months,11.99,C,62000.0,16.34,672.0,10.0,6.3,3.0,0.0,1.0,MORTGAGE,CA,3.0,0.0,1.0,0,debt_consolidation,0
9400.0, 36 months,11.99,C,52000.0,7.55,667.0,26.0,28.2,0.0,1.0,0.0,RENT,CA,8.0,0.0,0.0,0,credit_card,0
1000.0, 36 months,13.99,C,120000.0,20.84,692.0,13.0,78.3,2.0,1.0,0.0,OWN,WA,9.0,0.0,1.0,0,other,0
21075.0, 60 months,14.85,C,47900.0,32.37,682.0,12.0,93.7,0.0,0.0,0.0,RENT,CA,1.0,0.0,0.0,0,debt_consolidation,0
18200.0, 36 months,11.99,C,82000.0,19.51,712.0,17.0,24.7,0.0,0.0,0.0,MORTGAGE,GA,10.0,0.0,1.0,0,home_improvement,0
28000.0, 60 months,15.77,D,102000.0,11.56,682.0,7.0,78.6,1.0,0.0,0.0,MORTGAGE,SC,10.0,0.0,5.0,0,debt_consolidation,0
12000.0, 36 months,5.32,A,80000.0,14.9,717.0,11.0,48.3,0.0,0.0,0.0,RENT,NY,5.0,0.0,1.0,0,other,0
15600.0, 60 months,14.85,C,99000.0,34.18,742.0,18.0,12.7,0.0,0.0,1.0,MORTGAGE,GA,10.0,0.0,1.0,0,debt_consolidation,1
22775.0, 60 months,15.77,D,65000.0,12.76,742.0,12.0,17.2,2.0,0.0,0.0,MORTGAGE,NC,2.0,0.0,8.0,0,home_improvement,0
12000.0, 60 months,19.89,E,74000.0,18.59,662.0,12.0,63.0,0.0,0.0,0.0,MORTGAGE,IL,1.0,0.0,0.0,0,debt_consolidation,0
16500.0, 36 months,7.49,A,57225.0,7.15,717.0,8.0,26.6,1.0,0.0,0.0,RENT,CA,10.0,0.0,0.0,0,debt_consolidation,0
7000.0, 36 months,6.99,A,70000.0,1.23,762.0,9.0,10.4,0.0,0.0,0.0,OWN,TX,10.0,0.0,0.0,0,debt_consolidation,0
16000.0, 60 months,10.78,B,120000.0,25.34,697.0,17.0,80.7,0.0,0.0,0.0,RENT,GA,1.0,0.0,1.0,0,debt_consolidation,0
27000.0, 60 months,17.27,D,85000.0,26.32,682.0,13.0,52.1,0.0,0.0,0.0,RENT,TX,1.0,0.0,0.0,0,debt_consolidation,0
20000.0, 36 months,13.44,C,47000.0,20.97,662.0,7.0,74.1,0.0,0.0,0.0,RENT,NY,3.0,0.0,0.0,0,credit_card,0
8500.0, 36 months,9.17,B,120000.0,7.99,662.0,6.0,97.7,0.0,0.0,0.0,RENT,CA,10.0,0.0,0.0,0,debt_consolidation,0
15000.0, 36 months,11.48,B,52000.0,27.18,672.0,30.0,53.4,0.0,0.0,0.0,OWN,MS,3.0,0.0,0.0,0,debt_consolidation,0
4000.0, 36 months,9.17,B,20000.0,22.27,677.0,10.0,20.5,0.0,0.0,0.0,RENT,WI,,0.0,0.0,0,credit_card,0
4600.0, 36 months,17.27,D,76000.0,12.87,697.0,7.0,77.9,0.0,0.0,1.0,MORTGAGE,FL,,0.0,1.0,0,moving,0
15000.0, 60 months,13.44,C,53000.0,34.4,687.0,16.0,57.8,0.0,0.0,0.0,OWN,NY,3.0,0.0,1.0,0,credit_card,1
15000.0, 36 months,9.8,B,50000.0,36.95,712.0,33.0,25.8,1.0,0.0,0.0,RENT,VA,1.0,0.0,0.0,0,debt_consolidation,1
35000.0, 60 months,18.49,D,73309.8,15.4,712.0,11.0,38.4,0.0,0.0,0.0,RENT,TX,,0.0,0.0,0,credit_card,0
10000.0, 36 months,9.17,B,46000.0,26.14,687.0,11.0,51.7,1.0,0.0,1.0,MORTGAGE,GA,2.0,0.0,4.0,0,debt_consolidation,0
5000.0, 36 months,13.44,C,47418.0,23.46,702.0,5.0,64.0,0.0,0.0,0.0,RENT,CA,2.0,0.0,0.0,0,medical,0
16000.0, 36 months,10.78,B,130000.0,18.4,662.0,22.0,32.5,2.0,1.0,0.0,MORTGAGE,NY,7.0,0.0,1.0,0,debt_consolidation,0
9375.0, 36 months,18.49,D,83000.0,19.27,677.0,12.0,48.0,2.0,11.0,1.0,MORTGAGE,AL,10.0,0.0,0.0,0,debt_consolidation,1
6000.0, 36 months,11.48,B,51000.0,11.72,697.0,8.0,47.3,0.0,0.0,0.0,RENT,TX,1.0,0.0,0.0,0,debt_consolidation,0
19800.0, 60 months,16.59,D,45000.0,22.72,672.0,6.0,40.3,0.0,0.0,0.0,MORTGAGE,TN,10.0,0.0,2.0,0,debt_consolidation,0
30000.0, 36 months,10.78,B,125000.0,20.45,712.0,11.0,82.5,1.0,0.0,0.0,MORTGAGE,CA,10.0,0.0,5.0,0,credit_card,0
7050.0, 36 months,13.44,C,18600.0,21.23,747.0,4.0,26.6,1.0,0.0,0.0,RENT,MS,5.0,0.0,0.0,0,credit_card,1
20000.0, 60 months,13.99,C,64000.0,24.73,677.0,13.0,45.0,2.0,0.0,0.0,RENT,RI,1.0,0.0,0.0,0,debt_consolidation,1
18575.0, 36 months,17.27,D,46000.0,8.27,662.0,9.0,79.5,0.0,2.0,0.0,MORTGAGE,SC,,0.0,2.0,0,home_improvement,0
9350.0, 36 months,15.77,D,50000.0,14.74,662.0,6.0,61.0,0.0,2.0,1.0,RENT,CO,1.0,0.0,0.0,0,debt_consolidation,1
8800.0, 36 months,9.8,B,32000.0,12.0,737.0,11.0,24.8,0.0,2.0,0.0,MORTGAGE,AK,1.0,0.0,3.0,0,debt_consolidation,0
31750.0, 36 months,15.77,D,80000.0,24.69,707.0,23.0,50.2,1.0,1.0,0.0,OWN,AZ,6.0,0.0,2.0,0,debt_consolidation,0
7200.0, 36 months,12.88,C,22140.0,20.76,667.0,10.0,29.3,1.0,1.0,2.0,RENT,NY,,0.0,0.0,0,debt_consolidation,1
20000.0, 36 months,10.78,B,89000.0,11.97,662.0,11.0,31.1,1.0,1.0,1.0,RENT,NJ,10.0,0.0,4.0,0,credit_card,0
15000.0, 36 months,10.78,B,143000.0,20.09,672.0,12.0,62.8,1.0,1.0,0.0,OWN,CA,8.0,0.0,1.0,0,debt_consolidation,1
35000.0, 60 months,17.27,D,110000.0,15.09,702.0,9.0,38.5,1.0,0.0,0.0,RENT,WA,2.0,0.0,0.0,0,debt_consolidation,0
15000.0, 36 months,11.99,C,65350.0,21.63,682.0,23.0,47.9,1.0,0.0,1.0,MORTGAGE,GA,10.0,0.0,3.0,0,debt_consolidation,0
21150.0, 60 months,11.99,C,47000.0,20.22,687.0,8.0,85.0,0.0,0.0,0.0,MORTGAGE,WA,10.0,0.0,2.0,0,debt_consolidation,0
6000.0, 36 months,14.85,C,90000.0,19.8,662.0,9.0,67.4,0.0,1.0,3.0,MORTGAGE,MS,1.0,0.0,4.0,0,credit_card,0
15000.0, 36 months,10.78,B,35000.0,15.23,672.0,11.0,52.9,1.0,0.0,0.0,RENT,CA,7.0,0.0,0.0,0,credit_card,0
24000.0, 60 months,10.78,B,105000.0,24.58,727.0,22.0,30.0,1.0,0.0,0.0,MORTGAGE,GA,10.0,0.0,6.0,0,debt_consolidation,0
4475.0, 36 months,16.59,D,15732.0,9.23,677.0,8.0,51.2,1.0,1.0,0.0,RENT,MD,,0.0,0.0,0,debt_consolidation,1
11400.0, 60 months,13.44,C,29000.0,29.59,672.0,18.0,40.5,2.0,0.0,0.0,RENT,CA,3.0,0.0,0.0,0,debt_consolidation,0
9000.0, 36 months,11.48,B,50000.0,18.34,717.0,7.0,12.3,0.0,0.0,0.0,MORTGAGE,IL,4.0,0.0,1.0,0,other,0
10000.0, 36 months,9.8,B,42000.0,27.43,662.0,13.0,56.0,0.0,1.0,1.0,RENT,FL,7.0,0.0,0.0,0,debt_consolidation,1
14000.0, 60 months,9.17,B,88000.0,10.6,727.0,23.0,37.1,0.0,0.0,0.0,MORTGAGE,CA,2.0,0.0,3.0,0,home_improvement,0
15000.0, 36 months,9.8,B,90000.0,33.75,662.0,8.0,32.0,3.0,13.0,1.0,RENT,NJ,10.0,0.0,1.0,0,credit_card,0
35000.0, 36 months,12.88,C,150000.0,12.37,687.0,9.0,67.6,0.0,0.0,0.0,MORTGAGE,FL,9.0,0.0,2.0,0,debt_consolidation,0
5000.0, 36 months,15.77,D,47500.0,9.27,722.0,12.0,47.2,1.0,1.0,0.0,RENT,CA,10.0,0.0,1.0,0,moving,0
11700.0, 36 months,5.32,A,120000.0,6.08,742.0,15.0,32.0,0.0,0.0,0.0,OWN,LA,2.0,0.0,1.0,0,debt_consolidation,0
18000.0, 60 months,13.99,C,60000.0,8.0,672.0,6.0,68.9,0.0,0.0,0.0,MORTGAGE,TN,1.0,0.0,1.0,0,credit_card,1
35000.0, 60 months,19.89,E,103000.0,25.07,742.0,7.0,49.0,0.0,0.0,0.0,MORTGAGE,OK,6.0,0.0,0.0,0,debt_consolidation,1
12000.0, 60 months,17.97,D,140000.0,12.94,662.0,6.0,66.2,2.0,3.0,0.0,RENT,IL,2.0,0.0,1.0,0,debt_consolidation,0
23000.0, 36 months,5.32,A,90000.0,20.92,737.0,8.0,65.5,0.0,0.0,0.0,MORTGAGE,TN,10.0,0.0,3.0,0,debt_consolidation,0
6000.0, 36 months,9.17,B,45000.0,23.57,707.0,17.0,20.2,1.0,0.0,0.0,RENT,CA,5.0,0.0,0.0,0,debt_consolidation,0
18000.0, 36 months,11.99,C,67500.0,32.92,702.0,17.0,32.8,0.0,0.0,0.0,RENT,FL,7.0,0.0,0.0,0,debt_consolidation,1
20000.0, 60 months,10.78,B,48000.0,28.07,722.0,14.0,89.5,0.0,0.0,0.0,RENT,CT,1.0,0.0,0.0,0,debt_consolidation,0
10400.0, 36 months,7.91,A,55000.0,12.96,712.0,8.0,32.9,0.0,0.0,0.0,MORTGAGE,NC,3.0,0.0,0.0,0,major_purchase,0
1000.0, 36 months,9.17,B,65000.0,12.76,667.0,10.0,0.0,0.0,2.0,0.0,RENT,CA,1.0,0.0,0.0,0,major_purchase,1
16000.0, 36 months,9.8,B,50000.0,16.16,712.0,7.0,88.2,0.0,0.0,0.0,MORTGAGE,MI,10.0,0.0,3.0,0,debt_consolidation,0
15000.0, 36 months,6.49,A,150000.0,9.79,742.0,20.0,5.0,0.0,0.0,0.0,OWN,TX,5.0,0.0,0.0,0,home_improvement,0
5600.0, 36 months,14.85,C,26000.0,14.4,672.0,6.0,47.4,1.0,0.0,0.0,RENT,MD,5.0,0.0,0.0,0,other,0
35000.0, 60 months,20.5,E,52000.0,33.07,677.0,10.0,94.8,0.0,0.0,0.0,MORTGAGE,TX,4.0,0.0,1.0,0,debt_consolidation,0
21600.0, 60 months,14.85,C,78000.0,28.18,722.0,17.0,30.4,0.0,0.0,0.0,MORTGAGE,MA,10.0,0.0,2.0,0,debt_consolidation,0
4000.0, 36 months,11.48,B,35000.0,25.24,732.0,12.0,9.5,2.0,0.0,0.0,RENT,AR,1.0,0.0,0.0,0,debt_consolidation,1
15400.0, 60 months,18.99,E,94500.0,10.53,662.0,13.0,73.5,2.0,0.0,2.0,MORTGAGE,CA,10.0,0.0,3.0,0,debt_consolidation,0
6025.0, 36 months,12.88,C,38000.0,3.92,667.0,7.0,39.7,1.0,1.0,0.0,RENT,MA,4.0,0.0,0.0,0,other,0
15000.0, 60 months,9.8,B,56000.0,24.92,682.0,23.0,23.9,0.0,0.0,0.0,MORTGAGE,FL,6.0,0.0,2.0,0,credit_card,0
10000.0, 36 months,9.17,B,50000.0,30.71,727.0,18.0,33.6,3.0,0.0,0.0,RENT,MD,4.0,0.0,0.0,0,debt_consolidation,0
13500.0, 36 months,7.49,A,90000.0,7.37,707.0,6.0,64.2,0.0,0.0,0.0,MORTGAGE,CA,10.0,0.0,7.0,0,debt_consolidation,0
26000.0, 36 months,11.99,C,100000.0,13.22,727.0,13.0,56.0,0.0,0.0,0.0,MORTGAGE,WA,4.0,0.0,6.0,0,debt_consolidation,0
13600.0, 60 months,15.77,D,123000.0,8.33,702.0,11.0,39.0,3.0,0.0,0.0,RENT,MA,10.0,0.0,2.0,0,debt_consolidation,0
28000.0, 36 months,12.88,C,140000.0,10.94,677.0,9.0,60.4,0.0,1.0,0.0,MORTGAGE,GA,8.0,0.0,4.0,0,debt_consolidation,0
25000.0, 60 months,14.85,C,60000.0,20.48,727.0,11.0,40.7,1.0,0.0,0.0,MORTGAGE,SC,10.0,0.0,3.0,0,debt_consolidation,0
4975.0, 36 months,11.99,C,55000.0,11.17,662.0,3.0,46.0,0.0,7.0,1.0,MORTGAGE,CA,10.0,0.0,1.0,0,debt_consolidation,1
9925.0, 36 months,11.48,B,90000.0,35.77,692.0,22.0,57.6,1.0,0.0,0.0,OWN,NY,3.0,0.0,5.0,0,debt_consolidation,0
11000.0, 36 months,5.32,A,85000.0,3.97,752.0,10.0,36.7,0.0,0.0,0.0,MORTGAGE,NV,9.0,0.0,7.0,0,home_improvement,0
20150.0, 60 months,21.48,E,48000.0,34.29,717.0,8.0,92.8,0.0,0.0,0.0,MORTGAGE,OH,,0.0,3.0,0,debt_consolidation,1
12000.0, 60 months,18.49,D,48000.0,0.0,782.0,1.0,0.0,0.0,0.0,0.0,OWN,FL,,0.0,0.0,0,home_improvement,0
11750.0, 36 months,12.88,C,28000.0,18.28,667.0,11.0,30.3,0.0,0.0,0.0,RENT,FL,2.0,0.0,3.0,0,debt_consolidation,0
6175.0, 36 months,16.59,D,35000.0,21.57,672.0,6.0,31.0,0.0,4.0,1.0,RENT,CA,1.0,0.0,0.0,0,debt_consolidation,0
32000.0, 60 months,13.44,C,126000.0,15.38,687.0,10.0,99.6,0.0,1.0,0.0,MORTGAGE,OR,10.0,0.0,7.0,0,debt_consolidation,0
10000.0, 36 months,9.8,B,98000.0,14.71,662.0,15.0,77.5,1.0,0.0,1.0,MORTGAGE,CA,10.0,0.0,1.0,0,debt_consolidation,0
3750.0, 36 months,10.78,B,30000.0,8.96,662.0,6.0,44.0,0.0,1.0,0.0,RENT,NE,1.0,0.0,0.0,0,debt_consolidation,0
9000.0, 36 months,11.48,B,88400.0,15.85,662.0,13.0,43.9,0.0,2.0,0.0,MORTGAGE,TX,10.0,0.0,1.0,0,home_improvement,0
5600.0, 36 months,9.8,B,50000.0,28.04,717.0,10.0,53.8,0.0,0.0,0.0,RENT,CA,5.0,0.0,0.0,0,credit_card,0
9525.0, 36 months,15.77,D,68000.0,25.5,682.0,12.0,82.0,0.0,0.0,0.0,MORTGAGE,FL,10.0,0.0,2.0,0,debt_consolidation,0
28000.0, 60 months,13.99,C,98448.0,11.85,662.0,12.0,15.5,0.0,0.0,1.0,RENT,CA,10.0,0.0,1.0,0,debt_consolidation,1
28000.0, 60 months,8.49,B,60000.0,18.59,722.0,6.0,95.9,1.0,0.0,0.0,MORTGAGE,AL,1.0,0.0,1.0,0,credit_card,0
7000.0, 36 months,6.99,A,68000.0,15.14,687.0,13.0,74.9,1.0,0.0,0.0,OWN,MI,3.0,0.0,0.0,0,debt_consolidation,0
10000.0, 36 months,10.78,B,34000.0,19.13,687.0,11.0,75.7,1.0,0.0,0.0,RENT,TX,7.0,0.0,0.0,0,credit_card,0
24000.0, 36 months,5.32,A,110000.0,19.55,757.0,8.0,43.8,0.0,0.0,0.0,RENT,HI,10.0,0.0,0.0,0,credit_card,0
30000.0, 60 months,25.09,F,120000.0,27.28,672.0,15.0,73.7,2.0,0.0,0.0,MORTGAGE,PA,10.0,0.0,0.0,0,debt_consolidation,0
6000.0, 36 months,9.17,B,44359.0,5.57,717.0,5.0,43.3,0.0,2.0,0.0,RENT,NY,10.0,0.0,1.0,0,debt_consolidation,0
14000.0, 60 months,15.77,D,45000.0,30.43,682.0,10.0,50.3,0.0,0.0,0.0,RENT,MA,2.0,0.0,0.0,0,credit_card,0
35000.0, 36 months,13.44,C,108000.0,14.62,692.0,17.0,65.2,1.0,0.0,0.0,MORTGAGE,TX,6.0,0.0,4.0,0,credit_card,0
10750.0, 60 months,20.5,E,45000.0,38.57,662.0,11.0,86.8,0.0,3.0,0.0,MORTGAGE,AZ,10.0,0.0,6.0,0,debt_consolidation,0
20925.0, 36 months,18.49,D,65000.0,20.66,662.0,12.0,51.0,2.0,0.0,0.0,MORTGAGE,FL,10.0,0.0,1.0,0,debt_consolidation,1
5500.0, 36 months,6.49,A,30000.0,28.32,712.0,11.0,41.0,1.0,0.0,1.0,MORTGAGE,UT,10.0,0.0,2.0,0,credit_card,0
6650.0, 36 months,17.27,D,18480.0,22.21,667.0,10.0,55.9,1.0,0.0,1.0,RENT,MA,,0.0,0.0,0,debt_consolidation,1
9600.0, 36 months,9.17,B,50000.0,9.65,677.0,10.0,78.4,0.0,0.0,0.0,RENT,NY,9.0,0.0,0.0,0,debt_consolidation,0
4800.0, 36 months,6.49,A,65000.0,28.6,702.0,8.0,41.5,0.0,0.0,0.0,MORTGAGE,NJ,,0.0,0.0,0,debt_consolidation,0
12000.0, 36 months,18.49,D,48000.0,24.98,672.0,6.0,39.4,1.0,2.0,1.0,RENT,CA,1.0,0.0,0.0,0,debt_consolidation,1
20000.0, 60 months,15.77,D,110000.0,23.46,727.0,15.0,14.4,0.0,0.0,0.0,RENT,AR,10.0,0.0,2.0,0,debt_consolidation,1
9500.0, 36 months,17.27,D,36000.0,15.03,737.0,17.0,12.2,1.0,0.0,0.0,MORTGAGE,LA,4.0,0.0,2.0,0,debt_consolidation,0
6000.0, 36 months,14.85,C,22200.0,12.05,682.0,9.0,21.6,1.0,0.0,0.0,RENT,LA,5.0,0.0,0.0,0,debt_consolidation,0
6500.0, 36 months,7.91,A,40000.0,9.94,692.0,7.0,40.4,0.0,0.0,0.0,RENT,CA,,0.0,0.0,0,credit_card,0
7000.0, 36 months,11.99,C,52000.0,11.43,692.0,10.0,39.6,1.0,0.0,0.0,RENT,WA,10.0,0.0,0.0,0,medical,0
11500.0, 36 months,13.44,C,56000.0,27.26,662.0,13.0,57.9,0.0,0.0,0.0,MORTGAGE,AZ,4.0,0.0,2.0,0,debt_consolidation,1
18000.0, 60 months,13.44,C,55000.0,17.48,697.0,14.0,18.5,0.0,0.0,1.0,RENT,NE,3.0,0.0,1.0,0,debt_consolidation,0
13500.0, 36 months,6.99,A,96000.0,12.85,692.0,9.0,67.9,0.0,0.0,0.0,MORTGAGE,CA,,0.0,3.0,0,debt_consolidation,0
16000.0, 36 months,11.48,B,150000.0,25.59,667.0,16.0,71.3,0.0,0.0,0.0,MORTGAGE,NV,6.0,0.0,2.0,0,debt_consolidation,1
28000.0, 60 months,10.78,B,129000.0,16.91,702.0,11.0,60.8,1.0,0.0,0.0,MORTGAGE,WI,10.0,0.0,2.0,0,debt_consolidation,0
3150.0, 36 months,18.49,D,92000.0,25.45,687.0,9.0,89.7,4.0,1.0,0.0,OWN,PA,8.0,0.0,3.0,0,debt_consolidation,0
21000.0, 60 months,16.59,D,52000.0,20.33,672.0,13.0,52.0,2.0,0.0,2.0,MORTGAGE,AL,5.0,0.0,1.0,0,debt_consolidation,0
19200.0, 60 months,11.99,C,55000.0,35.5,712.0,9.0,58.5,1.0,0.0,0.0,RENT,IL,10.0,0.0,3.0,0,debt_consolidation,0
5000.0, 36 months,12.88,C,42000.0,23.09,677.0,7.0,42.5,0.0,1.0,0.0,OWN,GA,1.0,0.0,2.0,0,debt_consolidation,0
18000.0, 60 months,14.85,C,60000.0,27.58,717.0,10.0,61.1,0.0,0.0,0.0,OWN,CT,1.0,0.0,1.0,0,debt_consolidation,0
3000.0, 36 months,14.85,C,42000.0,32.6,672.0,10.0,86.8,0.0,0.0,0.0,MORTGAGE,NY,10.0,0.0,0.0,0,other,0
28000.0, 60 months,18.99,E,85000.0,13.88,687.0,12.0,74.4,1.0,0.0,0.0,MORTGAGE,CT,8.0,0.0,3.0,0,debt_consolidation,0
35000.0, 60 months,17.97,D,74600.0,33.32,707.0,16.0,80.7,0.0,0.0,0.0,RENT,CT,10.0,0.0,0.0,0,debt_consolidation,1
20450.0, 60 months,22.45,F,44500.0,23.81,667.0,7.0,95.2,1.0,0.0,0.0,RENT,TX,3.0,0.0,0.0,0,credit_card,0
10000.0, 36 months,8.49,B,35000.0,22.67,667.0,4.0,51.5,0.0,0.0,1.0,RENT,FL,,0.0,0.0,0,credit_card,1
8000.0, 36 months,6.49,A,62000.0,16.71,692.0,7.0,81.9,0.0,1.0,0.0,MORTGAGE,TX,1.0,0.0,3.0,0,credit_card,0
7200.0, 36 months,16.59,D,20000.0,39.74,672.0,10.0,56.4,0.0,0.0,0.0,RENT,NY,1.0,0.0,0.0,0,debt_consolidation,0
12000.0, 36 months,6.49,A,54700.0,16.45,727.0,7.0,45.8,0.0,0.0,0.0,RENT,LA,10.0,0.0,4.0,0,debt_consolidation,0
4000.0, 36 months,12.88,C,70000.0,38.95,662.0,16.0,81.0,0.0,1.0,0.0,MORTGAGE,NM,4.0,0.0,6.0,0,credit_card,1
22400.0, 60 months,25.09,F,98000.0,35.4,682.0,8.0,23.6,1.0,1.0,0.0,RENT,FL,5.0,0.0,0.0,0,debt_consolidation,1
6000.0, 36 months,13.44,C,20000.0,31.03,677.0,7.0,65.7,2.0,0.0,1.0,RENT,CA,10.0,0.0,1.0,0,debt_consolidation,0
3725.0, 36 months,11.48,B,12420.0,25.51,697.0,6.0,69.0,0.0,0.0,0.0,RENT,CA,,0.0,0.0,0,credit_card,0
16000.0, 60 months,9.8,B,104000.0,17.64,742.0,5.0,97.8,0.0,0.0,0.0,RENT,NY,10.0,0.0,0.0,0,credit_card,0
14400.0, 36 months,5.32,A,100000.0,15.62,702.0,25.0,29.6,0.0,2.0,0.0,OWN,WA,10.0,0.0,0.0,0,credit_card,0
32000.0, 60 months,15.77,D,124000.0,24.82,677.0,32.0,52.3,1.0,0.0,0.0,RENT,LA,4.0,0.0,0.0,0,credit_card,0
35000.0, 60 months,20.5,E,150000.0,27.68,677.0,21.0,74.4,0.0,0.0,0.0,MORTGAGE,NY,10.0,0.0,3.0,0,debt_consolidation,0
8000.0, 36 months,7.49,A,75000.0,18.6,682.0,18.0,41.2,2.0,1.0,0.0,RENT,CT,1.0,0.0,0.0,0,credit_card,1
13900.0, 60 months,17.97,D,91000.0,24.95,687.0,9.0,52.7,2.0,0.0,0.0,MORTGAGE,MI,5.0,0.0,1.0,0,home_improvement,1
16800.0, 60 months,18.99,E,50000.0,29.55,682.0,8.0,85.4,0.0,0.0,0.0,MORTGAGE,KS,10.0,0.0,1.0,0,debt_consolidation,0
20000.0, 36 months,5.32,A,60000.0,26.23,707.0,15.0,29.9,1.0,0.0,0.0,MORTGAGE,GA,,0.0,1.0,0,credit_card,0
9475.0, 36 months,12.88,C,90000.0,19.24,677.0,7.0,75.5,1.0,0.0,0.0,MORTGAGE,MD,9.0,0.0,0.0,0,home_improvement,1
16000.0, 60 months,15.77,D,80000.0,2.0,752.0,5.0,68.3,0.0,0.0,0.0,OWN,CA,10.0,0.0,3.0,0,home_improvement,0
5000.0, 36 months,7.91,A,60000.0,6.1,692.0,5.0,66.2,0.0,0.0,0.0,OWN,MI,1.0,0.0,0.0,0,major_purchase,0
9500.0, 36 months,9.17,B,40000.0,32.22,667.0,13.0,57.8,0.0,0.0,0.0,OWN,CA,,0.0,2.0,0,credit_card,0
11000.0, 36 months,8.49,B,40000.0,22.32,672.0,9.0,58.2,0.0,0.0,1.0,MORTGAGE,MI,5.0,0.0,3.0,0,debt_consolidation,0
28000.0, 36 months,5.32,A,110000.0,11.14,787.0,4.0,89.4,0.0,0.0,0.0,MORTGAGE,TX,10.0,0.0,3.0,0,credit_card,0
2800.0, 36 months,14.85,C,30639.0,18.76,687.0,10.0,51.1,0.0,0.0,0.0,MORTGAGE,CA,10.0,0.0,4.0,0,debt_consolidation,0
17000.0, 60 months,14.85,C,75000.0,8.35,677.0,6.0,12.2,0.0,0.0,1.0,RENT,CA,10.0,0.0,0.0,0,debt_consolidation,0
20000.0, 36 months,7.91,A,100000.0,25.83,767.0,19.0,32.7,0.0,0.0,0.0,MORTGAGE,WI,10.0,0.0,4.0,0,debt_consolidation,0
16800.0, 36 months,10.78,B,75000.0,16.18,677.0,9.0,18.7,0.0,0.0,1.0,RENT,TN,4.0,0.0,2.0,0,debt_consolidation,1
15500.0, 60 months,19.89,E,73000.0,26.6,702.0,11.0,72.0,0.0,0.0,0.0,MORTGAGE,NC,3.0,0.0,2.0,0,debt_consolidation,0
12500.0, 36 months,11.99,C,65000.0,15.42,672.0,14.0,47.9,1.0,0.0,1.0,MORTGAGE,NV,1.0,0.0,2.0,0,credit_card,0
30000.0, 36 months,14.85,C,90000.0,7.76,687.0,5.0,54.9,3.0,0.0,0.0,OWN,NY,1.0,0.0,1.0,0,debt_consolidation,0
10800.0, 60 months,11.99,C,75000.0,23.18,707.0,11.0,60.2,0.0,0.0,0.0,MORTGAGE,MN,10.0,0.0,2.0,0,credit_card,1
24000.0, 36 months,9.17,B,112000.0,19.56,702.0,13.0,51.9,0.0,0.0,0.0,RENT,WA,1.0,0.0,4.0,0,credit_card,0
18000.0, 36 months,10.78,B,68000.0,9.75,662.0,15.0,73.7,0.0,0.0,1.0,MORTGAGE,FL,3.0,0.0,2.0,0,credit_card,0
28000.0, 36 months,6.99,A,95000.0,10.81,732.0,5.0,54.7,0.0,0.0,0.0,RENT,DC,7.0,0.0,0.0,0,debt_consolidation,0
14000.0, 60 months,13.44,C,52000.0,15.6,727.0,11.0,37.4,0.0,0.0,1.0,MORTGAGE,OH,8.0,0.0,1.0,0,debt_consolidation,1
6050.0, 36 months,17.97,D,48000.0,36.0,682.0,7.0,36.0,0.0,1.0,1.0,RENT,GA,10.0,0.0,0.0,0,debt_consolidation,0
28000.0, 36 months,7.91,A,250000.0,17.44,772.0,8.0,61.0,0.0,0.0,0.0,MORTGAGE,TX,10.0,0.0,2.0,0,credit_card,0
12000.0, 36 months,9.17,B,87000.0,3.17,667.0,5.0,39.7,0.0,2.0,0.0,RENT,NY,10.0,0.0,0.0,0,debt_consolidation,1
12000.0, 36 months,11.48,B,80000.0,4.65,707.0,8.0,27.1,1.0,0.0,0.0,MORTGAGE,FL,1.0,0.0,3.0,0,debt_consolidation,0
14000.0, 36 months,6.99,A,51914.0,22.56,767.0,14.0,27.6,0.0,0.0,0.0,MORTGAGE,NY,10.0,0.0,3.0,0,debt_consolidation,0
16000.0, 60 months,15.77,D,65000.0,17.95,662.0,9.0,82.3,0.0,2.0,0.0,MORTGAGE,MO,1.0,0.0,3.0,0,home_improvement,0
18700.0, 36 months,17.27,D,52000.0,36.07,662.0,11.0,90.5,1.0,0.0,2.0,RENT,NC,1.0,0.0,1.0,0,debt_consolidation,1
24000.0, 36 months,6.49,A,90000.0,14.97,742.0,21.0,7.6,0.0,1.0,0.0,MORTGAGE,TX,3.0,0.0,5.0,0,home_improvement,0
8000.0, 36 months,5.32,A,85000.0,13.55,787.0,9.0,20.3,0.0,0.0,0.0,MORTGAGE,CA,8.0,0.0,0.0,0,debt_consolidation,0
12000.0, 36 months,9.17,B,55000.0,31.86,672.0,4.0,79.0,0.0,0.0,1.0,MORTGAGE,IN,4.0,0.0,5.0,0,credit_card,0
12000.0, 36 months,11.48,B,75000.0,20.93,682.0,15.0,46.0,2.0,0.0,0.0,MORTGAGE,IN,7.0,0.0,1.0,0,debt_consolidation,0
35000.0, 36 months,11.48,B,200000.0,9.0,732.0,6.0,77.9,0.0,0.0,0.0,RENT,MI,4.0,0.0,1.0,0,debt_consolidation,0
18900.0, 60 months,13.44,C,73600.0,27.16,717.0,11.0,43.2,0.0,0.0,0.0,RENT,TX,2.0,0.0,1.0,0,debt_consolidation,0
19200.0, 36 months,15.77,D,40000.0,21.15,712.0,17.0,15.6,1.0,0.0,0.0,RENT,NJ,6.0,0.0,0.0,0,credit_card,1
10000.0, 36 months,6.49,A,51000.0,6.0,707.0,17.0,21.3,0.0,0.0,0.0,RENT,FL,3.0,0.0,0.0,0,major_purchase,0
20000.0, 36 months,11.48,B,90000.0,16.08,707.0,14.0,71.5,0.0,0.0,0.0,RENT,VT,4.0,0.0,2.0,0,debt_consolidation,0
1400.0, 36 months,17.27,D,39000.0,14.52,682.0,6.0,86.0,1.0,0.0,0.0,RENT,VA,1.0,0.0,0.0,0,credit_card,0
5000.0, 36 months,11.99,C,48000.0,12.85,677.0,6.0,47.0,3.0,0.0,1.0,RENT,CA,4.0,0.0,0.0,0,credit_card,0
24000.0, 36 months,9.17,B,62000.0,11.63,672.0,8.0,61.3,1.0,3.0,0.0,RENT,NY,10.0,0.0,3.0,0,debt_consolidation,0
10000.0, 36 months,10.78,B,48000.0,7.05,687.0,9.0,39.0,0.0,0.0,0.0,MORTGAGE,OR,10.0,0.0,0.0,0,debt_consolidation,0
10000.0, 36 months,13.44,C,55000.0,2.23,677.0,4.0,26.6,1.0,0.0,0.0,MORTGAGE,TX,10.0,0.0,1.0,0,vacation,1
28750.0, 36 months,15.77,D,79634.0,18.38,692.0,8.0,72.5,1.0,0.0,0.0,RENT,CA,7.0,0.0,2.0,0,debt_consolidation,0
10000.0, 60 months,9.8,B,20000.0,21.67,717.0,9.0,43.1,0.0,0.0,0.0,OWN,CA,,0.0,0.0,0,debt_consolidation,0
10000.0, 60 months,12.88,C,40000.0,27.93,662.0,10.0,72.3,0.0,0.0,0.0,RENT,CA,10.0,0.0,0.0,0,debt_consolidation,0
35000.0, 36 months,12.88,C,85000.0,23.63,677.0,21.0,59.3,1.0,1.0,0.0,MORTGAGE,WI,,0.0,5.0,0,credit_card,0
10000.0, 36 months,9.17,B,75000.0,17.71,672.0,14.0,42.6,1.0,0.0,1.0,MORTGAGE,CA,1.0,0.0,3.0,0,debt_consolidation,0
35000.0, 36 months,8.49,B,150000.0,18.88,717.0,11.0,77.3,0.0,0.0,0.0,MORTGAGE,MD,4.0,0.0,5.0,0,debt_consolidation,0
24475.0, 60 months,11.99,C,68000.0,26.36,742.0,34.0,27.4,2.0,0.0,0.0,OWN,NJ,,0.0,4.0,0,debt_consolidation,0
13000.0, 36 months,5.32,A,104000.0,8.71,747.0,11.0,40.6,1.0,0.0,0.0,MORTGAGE,NM,10.0,0.0,4.0,0,debt_consolidation,0
5000.0, 36 months,6.49,A,32000.0,22.58,752.0,11.0,24.4,1.0,0.0,0.0,OWN,TX,10.0,0.0,0.0,0,debt_consolidation,0
3200.0, 36 months,11.99,C,39000.0,13.57,687.0,10.0,89.5,2.0,0.0,0.0,RENT,FL,4.0,0.0,0.0,0,debt_consolidation,0
11300.0, 36 months,6.49,A,74000.0,21.11,732.0,13.0,33.9,0.0,0.0,0.0,MORTGAGE,CA,2.0,0.0,5.0,0,credit_card,0
15000.0, 36 months,16.59,D,110000.0,25.09,667.0,27.0,30.0,4.0,1.0,1.0,MORTGAGE,CT,1.0,0.0,1.0,0,debt_consolidation,0
28000.0, 60 months,13.99,C,110400.0,6.3,697.0,11.0,41.4,1.0,0.0,1.0,MORTGAGE,CA,7.0,0.0,5.0,0,debt_consolidation,0
6400.0, 36 months,13.99,C,20000.0,24.07,692.0,3.0,0.0,0.0,0.0,0.0,RENT,CA,2.0,0.0,0.0,0,other,0
25000.0, 36 months,11.99,C,84000.0,16.41,667.0,9.0,76.2,0.0,0.0,1.0,RENT,TN,2.0,0.0,0.0,0,credit_card,1
6000.0, 36 months,9.17,B,74000.0,9.0,717.0,9.0,30.2,0.0,0.0,0.0,RENT,NY,10.0,0.0,0.0,0,debt_consolidation,0
20000.0, 60 months,15.77,D,60000.0,9.92,677.0,8.0,56.7,1.0,0.0,1.0,RENT,AK,1.0,0.0,0.0,0,other,0
4200.0, 36 months,19.48,E,60000.0,8.96,667.0,5.0,63.4,1.0,0.0,0.0,RENT,NY,2.0,0.0,0.0,0,moving,0
20000.0, 36 months,13.99,C,60000.0,12.24,672.0,11.0,67.5,1.0,0.0,0.0,RENT,CA,1.0,0.0,0.0,0,credit_card,0
10000.0, 36 months,7.49,A,27788.0,12.83,712.0,7.0,45.4,0.0,0.0,0.0,RENT,NY,,0.0,0.0,0,credit_card,0
10000.0, 36 months,9.8,B,55000.0,5.8,672.0,9.0,70.0,0.0,0.0,0.0,RENT,NY,3.0,0.0,0.0,0,credit_card,0
7500.0, 36 months,6.99,A,68000.0,12.27,722.0,18.0,18.0,1.0,0.0,0.0,MORTGAGE,FL,10.0,0.0,3.0,0,credit_card,0
18000.0, 60 months,13.44,C,80000.0,18.21,727.0,10.0,53.3,1.0,0.0,0.0,MORTGAGE,TX,8.0,0.0,2.0,0,debt_consolidation,0
15000.0, 60 months,13.44,C,60000.0,18.44,712.0,13.0,37.0,1.0,0.0,1.0,RENT,NY,1.0,0.0,0.0,0,debt_consolidation,0
15000.0, 36 months,9.8,B,60000.0,19.95,712.0,14.0,27.4,0.0,0.0,1.0,RENT,CA,1.0,0.0,0.0,0,credit_card,0
4575.0, 36 months,17.27,D,40000.0,36.33,677.0,17.0,31.6,2.0,1.0,0.0,MORTGAGE,TX,10.0,0.0,1.0,0,debt_consolidation,0
10000.0, 36 months,10.64,B,45000.0,17.63,692.0,8.0,41.6,1.0,0.0,0.0,MORTGAGE,IL,10.0,0.0,3.0,0,other,0
17750.0, 36 months,19.48,E,66600.0,21.01,682.0,11.0,75.4,2.0,0.0,3.0,MORTGAGE,IN,1.0,0.0,1.0,0,debt_consolidation,1
15000.0, 36 months,8.49,B,58000.0,9.35,677.0,9.0,66.3,0.0,0.0,0.0,MORTGAGE,CA,,0.0,3.0,0,credit_card,0
20000.0, 36 months,7.91,A,75000.0,20.67,712.0,10.0,41.6,0.0,0.0,0.0,MORTGAGE,TX,5.0,0.0,1.0,0,debt_consolidation,0
21000.0, 36 months,8.49,B,130000.0,7.98,667.0,8.0,73.2,0.0,0.0,0.0,MORTGAGE,CA,8.0,0.0,7.0,0,debt_consolidation,0
13000.0, 60 months,7.91,A,52000.0,9.42,727.0,12.0,8.0,1.0,0.0,1.0,MORTGAGE,FL,7.0,0.0,3.0,0,major_purchase,0
16400.0, 36 months,15.77,D,41000.0,4.51,667.0,4.0,83.1,3.0,0.0,0.0,MORTGAGE,WI,3.0,0.0,7.0,0,credit_card,0
14000.0, 60 months,8.49,B,38000.0,23.56,707.0,8.0,51.9,0.0,0.0,0.0,OWN,IN,10.0,0.0,0.0,0,credit_card,0
5500.0, 36 months,16.59,D,95000.0,22.78,677.0,14.0,59.5,3.0,0.0,0.0,RENT,CA,5.0,0.0,0.0,0,debt_consolidation,0
15500.0, 36 months,9.17,B,80000.0,5.94,662.0,5.0,57.6,0.0,0.0,0.0,RENT,KS,9.0,0.0,0.0,0,credit_card,0
28000.0, 60 months,22.45,F,65000.0,19.65,702.0,9.0,45.5,1.0,0.0,0.0,OWN,WI,10.0,0.0,2.0,0,debt_consolidation,0
35000.0, 36 months,8.49,B,100000.0,5.49,772.0,17.0,6.4,1.0,0.0,0.0,MORTGAGE,NY,1.0,0.0,0.0,0,major_purchase,0
18000.0, 36 months,9.17,B,75000.0,15.02,697.0,12.0,35.0,0.0,0.0,0.0,MORTGAGE,FL,7.0,0.0,1.0,0,debt_consolidation,0
3000.0, 36 months,11.48,B,55000.0,3.53,702.0,3.0,78.5,0.0,0.0,0.0,MORTGAGE,CA,3.0,0.0,1.0,0,other,0
8450.0, 36 months,6.99,A,67000.0,7.38,702.0,11.0,26.5,0.0,2.0,0.0,MORTGAGE,TX,10.0,0.0,1.0,0,credit_card,0
15000.0, 36 months,15.77,D,30000.0,18.84,677.0,7.0,67.2,0.0,0.0,1.0,OWN,AL,8.0,0.0,0.0,0,debt_consolidation,0
10000.0, 36 months,9.8,B,100000.0,8.41,682.0,11.0,34.4,1.0,1.0,0.0,MORTGAGE,WA,1.0,0.0,6.0,0,car,0
10925.0, 60 months,23.13,F,58000.0,18.6,662.0,8.0,71.7,1.0,0.0,0.0,RENT,CA,10.0,0.0,1.0,0,debt_consolidation,1
12000.0, 36 months,17.97,D,38000.0,39.42,677.0,12.0,74.1,1.0,0.0,0.0,RENT,AL,2.0,0.0,0.0,0,debt_consolidation,1
30000.0, 60 months,19.89,E,95000.0,15.21,692.0,15.0,49.1,2.0,0.0,0.0,MORTGAGE,TX,3.0,0.0,0.0,0,debt_consolidation,0
13800.0, 60 months,18.99,E,70000.0,26.02,677.0,14.0,46.4,1.0,0.0,0.0,RENT,FL,10.0,0.0,0.0,0,other,0
13000.0, 36 months,6.49,A,94000.0,7.17,772.0,8.0,13.5,1.0,0.0,0.0,MORTGAGE,NC,6.0,0.0,3.0,0,major_purchase,0
6400.0, 36 months,24.24,F,20000.0,30.91,692.0,14.0,35.2,1.0,0.0,0.0,RENT,NY,1.0,0.0,0.0,0,credit_card,0
17000.0, 60 months,15.77,D,81000.0,8.04,667.0,9.0,37.0,1.0,0.0,0.0,MORTGAGE,CA,2.0,0.0,1.0,0,debt_consolidation,0
17750.0, 36 months,8.49,B,65000.0,29.52,682.0,9.0,72.0,1.0,0.0,1.0,MORTGAGE,CA,8.0,0.0,2.0,0,credit_card,0
15000.0, 36 months,11.48,B,65000.0,14.35,667.0,4.0,58.8,0.0,1.0,0.0,MORTGAGE,NJ,4.0,0.0,1.0,0,debt_consolidation,0
35000.0, 36 months,8.49,B,86000.0,5.54,752.0,8.0,52.3,0.0,0.0,0.0,MORTGAGE,CA,10.0,0.0,4.0,0,debt_consolidation,0
2000.0, 36 months,19.89,E,35000.0,16.53,662.0,9.0,20.0,3.0,0.0,0.0,MORTGAGE,WV,,0.0,4.0,0,home_improvement,0
13650.0, 60 months,18.49,D,144000.0,5.73,672.0,8.0,54.0,3.0,0.0,1.0,MORTGAGE,CA,1.0,0.0,3.0,0,small_business,1
2425.0, 36 months,18.99,E,20000.0,17.11,677.0,9.0,17.2,0.0,0.0,1.0,RENT,NV,9.0,0.0,0.0,0,debt_consolidation,0
24000.0, 36 months,7.49,A,100000.0,28.7,717.0,18.0,53.4,1.0,0.0,0.0,RENT,NV,10.0,0.0,1.0,0,debt_consolidation,0
12000.0, 60 months,13.44,C,50000.0,16.99,692.0,13.0,40.1,0.0,0.0,0.0,MORTGAGE,MS,10.0,0.0,1.0,0,debt_consolidation,0
30000.0, 36 months,10.78,B,105000.0,13.07,672.0,10.0,73.0,0.0,1.0,0.0,MORTGAGE,NJ,4.0,0.0,4.0,0,debt_consolidation,0
5400.0, 36 months,13.99,C,102000.0,9.35,682.0,11.0,70.4,3.0,1.0,0.0,MORTGAGE,KS,10.0,0.0,6.0,0,other,0
6000.0, 36 months,11.99,C,50000.0,18.96,697.0,10.0,32.8,0.0,0.0,0.0,OWN,NC,1.0,0.0,0.0,0,credit_card,0
3000.0, 36 months,12.88,C,45000.0,9.47,702.0,7.0,53.3,0.0,0.0,0.0,RENT,CA,10.0,0.0,0.0,0,other,0
22225.0, 60 months,22.45,F,58000.0,19.04,702.0,11.0,37.2,2.0,0.0,0.0,RENT,PA,5.0,0.0,0.0,0,debt_consolidation,1
6300.0, 36 months,6.99,A,15612.0,7.84,772.0,6.0,12.7,2.0,0.0,0.0,RENT,NY,,0.0,0.0,0,debt_consolidation,0
15000.0, 36 months,11.99,C,58000.0,28.31,672.0,10.0,59.4,0.0,0.0,1.0,RENT,WV,10.0,0.0,4.0,0,debt_consolidation,0
19375.0, 60 months,23.13,F,145000.0,16.88,677.0,20.0,48.0,5.0,1.0,0.0,MORTGAGE,MS,10.0,0.0,1.0,0,debt_consolidation,0
35000.0, 60 months,13.99,C,91000.0,36.91,722.0,19.0,34.2,1.0,0.0,0.0,RENT,NJ,10.0,0.0,0.0,0,credit_card,1
12000.0, 36 months,6.99,A,24000.0,22.4,717.0,18.0,32.2,2.0,0.0,0.0,OWN,MT,10.0,0.0,0.0,0,credit_card,0
12000.0, 60 months,8.49,B,80000.0,15.68,707.0,19.0,43.6,0.0,0.0,0.0,MORTGAGE,ND,10.0,0.0,4.0,0,credit_card,0
5000.0, 36 months,6.99,A,75000.0,17.23,717.0,10.0,39.7,1.0,0.0,1.0,MORTGAGE,CT,10.0,0.0,2.0,0,vacation,0
10000.0, 36 months,13.99,C,250000.0,18.75,692.0,17.0,94.0,5.0,0.0,0.0,MORTGAGE,DC,10.0,0.0,5.0,0,credit_card,0
35000.0, 60 months,14.85,C,105000.0,11.55,742.0,5.0,29.4,0.0,0.0,0.0,RENT,CA,8.0,0.0,0.0,0,debt_consolidation,0
7000.0, 36 months,11.48,B,41000.0,15.52,682.0,13.0,72.8,0.0,0.0,0.0,MORTGAGE,WI,1.0,0.0,1.0,0,home_improvement,0
6000.0, 36 months,6.99,A,51000.0,9.08,732.0,12.0,27.4,0.0,0.0,0.0,MORTGAGE,CA,8.0,0.0,1.0,0,credit_card,0
13000.0, 36 months,7.49,A,65000.0,25.54,762.0,16.0,27.4,0.0,0.0,0.0,MORTGAGE,GA,,0.0,7.0,0,debt_consolidation,0
28975.0, 60 months,13.44,C,95000.0,36.79,702.0,29.0,55.7,1.0,0.0,0.0,MORTGAGE,NJ,10.0,0.0,3.0,0,credit_card,1
15000.0, 36 months,11.99,C,80000.0,11.19,687.0,13.0,13.1,0.0,0.0,1.0,MORTGAGE,NV,4.0,0.0,3.0,0,other,1
25000.0, 60 months,20.5,E,19800.0,83.64,682.0,16.0,37.6,0.0,0.0,0.0,MORTGAGE,AL,2.0,0.0,1.0,0,debt_consolidation,0
12000.0, 36 months,5.32,A,80000.0,27.21,777.0,19.0,24.5,0.0,0.0,0.0,MORTGAGE,MN,8.0,0.0,3.0,0,debt_consolidation,0
18400.0, 60 months,24.24,F,40000.0,31.32,672.0,23.0,58.7,0.0,1.0,0.0,RENT,SC,2.0,0.0,0.0,0,major_purchase,1
20000.0, 36 months,8.49,B,75000.0,14.69,672.0,7.0,77.8,0.0,0.0,0.0,RENT,NY,10.0,0.0,1.0,0,credit_card,0
19400.0, 60 months,17.97,D,78000.0,17.17,672.0,4.0,58.0,2.0,3.0,1.0,MORTGAGE,OH,10.0,0.0,3.0,0,debt_consolidation,0
6000.0, 36 months,7.49,A,50000.0,22.73,687.0,9.0,68.2,0.0,0.0,0.0,RENT,NJ,2.0,0.0,0.0,0,major_purchase,0
23800.0, 60 months,15.77,D,62500.0,31.62,677.0,20.0,47.6,0.0,8.0,0.0,RENT,TX,4.0,0.0,0.0,0,debt_consolidation,1
14275.0, 36 months,16.59,D,60292.3,17.58,667.0,13.0,34.0,1.0,1.0,0.0,MORTGAGE,CA,10.0,0.0,1.0,0,other,1
4000.0, 36 months,11.48,B,42000.0,12.6,667.0,6.0,45.0,1.0,2.0,0.0,MORTGAGE,FL,6.0,0.0,0.0,0,credit_card,0
21000.0, 36 months,5.32,A,124000.0,18.88,722.0,27.0,75.0,2.0,0.0,0.0,MORTGAGE,GA,2.0,0.0,6.0,0,credit_card,0
10925.0, 36 months,19.48,E,84000.0,17.59,667.0,6.0,0.0,1.0,0.0,1.0,RENT,FL,10.0,0.0,2.0,0,car,0
3000.0, 36 months,15.77,D,36000.0,26.27,722.0,16.0,5.9,3.0,0.0,1.0,RENT,NY,10.0,0.0,0.0,0,debt_consolidation,0
27275.0, 36 months,14.85,C,62000.0,15.87,687.0,11.0,98.7,0.0,0.0,0.0,RENT,NV,10.0,0.0,1.0,0,debt_consolidation,0
7675.0, 36 months,18.49,D,50000.0,18.7,682.0,8.0,44.8,1.0,0.0,0.0,MORTGAGE,NC,8.0,0.0,0.0,0,debt_consolidation,1
22000.0, 60 months,13.99,C,63000.0,21.61,682.0,20.0,66.7,0.0,0.0,0.0,MORTGAGE,MT,10.0,0.0,3.0,0,debt_consolidation,0
6000.0, 36 months,8.49,B,90000.0,13.27,672.0,17.0,72.0,1.0,2.0,0.0,MORTGAGE,MI,3.0,0.0,4.0,0,debt_consolidation,0
15200.0, 36 months,7.91,A,38000.0,30.8,767.0,10.0,31.4,1.0,0.0,0.0,MORTGAGE,MO,6.0,0.0,4.0,0,credit_card,0
20000.0, 36 months,13.99,C,65000.0,13.81,662.0,10.0,66.9,1.0,0.0,0.0,MORTGAGE,FL,10.0,0.0,1.0,0,credit_card,0
14400.0, 36 months,6.49,A,40000.0,17.7,782.0,6.0,10.1,0.0,0.0,0.0,OWN,AL,10.0,0.0,0.0,0,debt_consolidation,0
14400.0, 36 months,9.8,B,200000.0,26.38,682.0,21.0,77.4,1.0,3.0,0.0,MORTGAGE,KY,4.0,0.0,5.0,0,other,1
6400.0, 36 months,11.99,C,40000.0,5.01,687.0,8.0,38.4,0.0,0.0,0.0,RENT,OK,1.0,0.0,0.0,0,credit_card,1
26400.0, 60 months,10.78,B,146000.0,9.45,697.0,26.0,36.2,1.0,1.0,0.0,MORTGAGE,NY,10.0,0.0,1.0,0,debt_consolidation,0
15000.0, 36 months,8.49,B,50000.0,29.84,712.0,12.0,72.6,0.0,0.0,0.0,MORTGAGE,IN,5.0,0.0,2.0,0,credit_card,0
24000.0, 60 months,13.44,C,90000.0,6.76,807.0,11.0,1.8,1.0,0.0,0.0,MORTGAGE,FL,10.0,0.0,2.0,0,credit_card,0
3600.0, 36 months,9.17,B,140000.0,23.89,732.0,10.0,74.8,0.0,0.0,0.0,MORTGAGE,TX,4.0,0.0,8.0,0,home_improvement,0
28000.0, 60 months,13.44,C,125000.0,20.51,672.0,27.0,51.0,0.0,0.0,1.0,RENT,CA,1.0,0.0,0.0,0,debt_consolidation,0
35000.0, 60 months,13.44,C,120000.0,25.46,682.0,12.0,75.1,1.0,0.0,0.0,MORTGAGE,WA,10.0,0.0,3.0,0,credit_card,0
30000.0, 36 months,7.91,A,110000.0,20.18,732.0,24.0,39.3,0.0,0.0,0.0,OWN,AZ,10.0,0.0,3.0,0,debt_consolidation,0
12000.0, 36 months,5.32,A,112000.0,9.55,777.0,23.0,13.1,1.0,0.0,0.0,OWN,NY,10.0,0.0,2.0,0,debt_consolidation,0
22000.0, 60 months,8.49,B,110000.0,9.32,702.0,10.0,76.9,0.0,0.0,0.0,MORTGAGE,FL,10.0,0.0,3.0,0,debt_consolidation,1
18000.0, 60 months,10.78,B,87000.0,15.05,702.0,11.0,31.6,3.0,0.0,0.0,OWN,FL,,0.0,4.0,0,other,0
12000.0, 36 months,6.99,A,50148.0,16.08,757.0,13.0,31.9,1.0,0.0,0.0,MORTGAGE,NC,10.0,0.0,1.0,0,debt_consolidation,0
6000.0, 36 months,6.49,A,55000.0,29.0,792.0,12.0,4.7,0.0,0.0,0.0,MORTGAGE,NC,8.0,0.0,2.0,0,debt_consolidation,0
6600.0, 36 months,11.99,C,45000.0,33.63,727.0,7.0,15.9,0.0,0.0,0.0,OWN,TX,2.0,0.0,0.0,0,other,0
20000.0, 36 months,9.8,B,60000.0,29.55,677.0,14.0,57.9,1.0,0.0,0.0,RENT,CA,1.0,0.0,0.0,0,debt_consolidation,1
6000.0, 36 months,9.8,B,37000.0,6.78,692.0,5.0,19.5,0.0,1.0,0.0,MORTGAGE,NY,4.0,0.0,0.0,0,home_improvement,0
28000.0, 36 months,6.49,A,137000.0,8.73,682.0,10.0,75.6,0.0,0.0,0.0,OWN,NY,10.0,0.0,4.0,0,credit_card,0
13000.0, 36 months,12.88,C,65000.0,30.76,692.0,13.0,63.1,1.0,1.0,0.0,MORTGAGE,FL,10.0,0.0,3.0,0,major_purchase,1
12000.0, 36 months,11.48,B,45000.0,7.63,677.0,7.0,53.3,0.0,1.0,0.0,RENT,ME,1.0,0.0,0.0,0,debt_consolidation,0
1000.0, 36 months,9.8,B,22880.0,4.04,662.0,6.0,0.0,0.0,0.0,1.0,MORTGAGE,TN,2.0,0.0,2.0,0,debt_consolidation,0
3200.0, 36 months,9.8,B,50000.0,12.6,707.0,2.0,1.6,0.0,0.0,3.0,RENT,CA,10.0,0.0,2.0,0,other,0
24000.0, 60 months,7.91,A,91000.0,23.06,752.0,12.0,35.4,0.0,0.0,0.0,MORTGAGE,AZ,6.0,0.0,1.0,0,debt_consolidation,0
20000.0, 60 months,13.99,C,63500.0,14.97,722.0,11.0,59.1,1.0,0.0,0.0,OWN,CA,9.0,0.0,1.0,0,credit_card,1
24000.0, 60 months,18.49,D,105000.0,26.14,702.0,14.0,46.9,0.0,0.0,0.0,RENT,CA,7.0,0.0,0.0,0,debt_consolidation,1
14500.0, 36 months,10.78,B,62000.0,20.98,682.0,14.0,35.4,0.0,0.0,0.0,RENT,NJ,8.0,0.0,1.0,0,debt_consolidation,0
16000.0, 60 months,9.8,B,190000.0,15.39,777.0,7.0,79.5,0.0,0.0,0.0,MORTGAGE,CO,7.0,0.0,6.0,0,credit_card,0
25000.0, 60 months,17.97,D,90000.0,36.87,677.0,14.0,57.4,1.0,0.0,2.0,OWN,NY,6.0,0.0,0.0,0,debt_consolidation,0
12000.0, 36 months,9.8,B,40000.0,19.17,697.0,13.0,50.7,1.0,0.0,0.0,RENT,CA,9.0,0.0,0.0,0,debt_consolidation,0
8000.0, 36 months,15.77,D,65899.0,21.74,682.0,28.0,67.1,3.0,3.0,0.0,RENT,CA,3.0,0.0,1.0,0,major_purchase,0
18000.0, 60 months,8.49,B,175000.0,11.81,737.0,15.0,40.7,0.0,0.0,0.0,MORTGAGE,AR,7.0,0.0,3.0,0,credit_card,0
2000.0, 36 months,9.8,B,52500.0,25.01,702.0,15.0,47.6,0.0,0.0,0.0,MORTGAGE,VA,10.0,0.0,3.0,0,moving,1
5000.0, 36 months,10.78,B,58000.0,37.06,707.0,15.0,55.1,1.0,0.0,0.0,MORTGAGE,TX,10.0,0.0,3.0,0,home_improvement,0
5775.0, 36 months,18.99,E,40000.0,20.34,672.0,7.0,64.0,2.0,2.0,0.0,MORTGAGE,IL,6.0,0.0,1.0,0,debt_consolidation,1
9000.0, 36 months,9.17,B,80000.0,9.81,682.0,21.0,42.0,0.0,0.0,0.0,RENT,CA,4.0,0.0,0.0,0,debt_consolidation,0
10000.0, 60 months,19.89,E,29000.0,10.97,667.0,10.0,18.3,1.0,1.0,1.0,MORTGAGE,PA,1.0,0.0,2.0,0,debt_consolidation,0
15000.0, 36 months,9.8,B,53000.0,24.28,757.0,4.0,13.9,1.0,0.0,0.0,MORTGAGE,OR,10.0,0.0,4.0,0,home_improvement,0
4500.0, 36 months,13.44,C,42000.0,23.49,707.0,17.0,25.4,1.0,0.0,0.0,OWN,CA,10.0,0.0,1.0,0,credit_card,0
1000.0, 36 months,9.8,B,40000.0,13.17,667.0,28.0,47.8,0.0,0.0,0.0,MORTGAGE,MD,5.0,0.0,0.0,0,major_purchase,0
28000.0, 60 months,7.91,A,165000.0,5.4,752.0,7.0,50.9,0.0,0.0,0.0,MORTGAGE,TX,2.0,0.0,2.0,0,debt_consolidation,0
11200.0, 60 months,13.99,C,75000.0,22.59,682.0,12.0,83.7,0.0,0.0,0.0,RENT,AZ,10.0,0.0,1.0,0,debt_consolidation,0
33000.0, 60 months,17.97,D,75000.0,11.04,677.0,15.0,57.1,1.0,0.0,0.0,OWN,NY,10.0,0.0,1.0,0,debt_consolidation,0
9600.0, 36 months,13.99,C,60000.0,10.24,692.0,16.0,33.6,0.0,1.0,0.0,MORTGAGE,NY,10.0,0.0,2.0,0,debt_consolidation,0
6000.0, 36 months,12.88,C,38969.0,17.06,697.0,10.0,64.8,0.0,0.0,0.0,RENT,FL,10.0,0.0,1.0,0,debt_consolidation,0
2000.0, 36 months,24.24,F,13692.0,20.16,692.0,4.0,85.5,2.0,0.0,0.0,RENT,WA,,0.0,0.0,0,debt_consolidation,0
5000.0, 36 months,8.49,B,50000.0,0.0,767.0,2.0,0.0,0.0,0.0,0.0,MORTGAGE,GA,4.0,0.0,1.0,0,major_purchase,0
20000.0, 36 months,5.32,A,120000.0,16.56,767.0,20.0,22.3,1.0,0.0,0.0,MORTGAGE,PA,10.0,0.0,2.0,0,debt_consolidation,0
4500.0, 36 months,6.49,A,50000.0,20.96,762.0,13.0,17.9,0.0,0.0,0.0,RENT,AZ,1.0,0.0,1.0,0,credit_card,0
10000.0, 36 months,11.48,B,45000.0,24.08,732.0,8.0,18.0,0.0,0.0,1.0,RENT,UT,1.0,0.0,3.0,0,debt_consolidation,0
14000.0, 60 months,16.59,D,57000.0,26.97,692.0,14.0,6.9,1.0,0.0,0.0,MORTGAGE,TN,3.0,0.0,1.0,0,debt_consolidation,1
6025.0, 36 months,10.78,B,62000.0,9.39,742.0,5.0,64.3,0.0,0.0,0.0,MORTGAGE,MA,2.0,0.0,1.0,0,credit_card,0
9600.0, 36 months,8.49,B,115000.0,8.29,677.0,12.0,20.3,0.0,3.0,1.0,MORTGAGE,CA,10.0,0.0,2.0,0,debt_consolidation,0
10000.0, 36 months,6.99,A,39000.0,16.25,727.0,20.0,24.9,1.0,0.0,0.0,OWN,TN,10.0,0.0,5.0,0,debt_consolidation,0
11200.0, 36 months,13.99,C,110000.0,3.71,687.0,11.0,31.2,2.0,0.0,1.0,OWN,CA,4.0,0.0,2.0,0,debt_consolidation,0
7000.0, 36 months,11.48,B,120000.0,15.79,682.0,14.0,76.5,2.0,2.0,0.0,RENT,FL,10.0,0.0,3.0,0,debt_consolidation,0
12000.0, 36 months,9.17,B,72000.0,17.81,662.0,12.0,57.6,0.0,0.0,0.0,MORTGAGE,CA,1.0,0.0,0.0,0,debt_consolidation,0
24000.0, 60 months,12.88,C,57000.0,8.24,672.0,15.0,48.9,0.0,0.0,1.0,RENT,NJ,8.0,0.0,0.0,0,credit_card,0
12225.0, 36 months,18.49,D,120000.0,16.11,682.0,12.0,41.6,0.0,1.0,1.0,MORTGAGE,NJ,1.0,1.0,6.0,0,debt_consolidation,1
7000.0, 36 months,14.85,C,85000.0,12.24,677.0,8.0,72.0,0.0,1.0,0.0,RENT,CA,2.0,0.0,0.0,0,debt_consolidation,0
19725.0, 60 months,21.48,E,47000.0,37.22,667.0,15.0,74.5,1.0,1.0,0.0,RENT,MN,10.0,0.0,0.0,0,debt_consolidation,1
19175.0, 60 months,16.59,D,74000.0,20.1,682.0,16.0,65.3,0.0,1.0,0.0,RENT,NY,2.0,0.0,0.0,0,debt_consolidation,0
9600.0, 36 months,16.59,D,155000.0,27.66,662.0,17.0,87.1,1.0,0.0,0.0,MORTGAGE,CO,4.0,0.0,3.0,0,debt_consolidation,0
6000.0, 36 months,7.49,A,74000.0,18.81,762.0,18.0,22.4,0.0,0.0,0.0,MORTGAGE,CA,10.0,0.0,0.0,0,home_improvement,0
11200.0, 60 months,18.49,D,29700.0,38.02,672.0,13.0,37.7,1.0,0.0,0.0,RENT,TN,7.0,0.0,0.0,0,debt_consolidation,1
12000.0, 60 months,20.5,E,35000.0,28.74,672.0,10.0,59.4,1.0,0.0,1.0,RENT,CA,4.0,0.0,0.0,0,debt_consolidation,1
35000.0, 36 months,17.27,D,95000.0,18.18,717.0,15.0,59.0,1.0,2.0,0.0,MORTGAGE,FL,5.0,0.0,1.0,0,home_improvement,0
5000.0, 36 months,13.99,C,65000.0,20.83,662.0,13.0,58.0,1.0,0.0,2.0,OWN,KS,4.0,0.0,1.0,0,small_business,1
10800.0, 60 months,12.88,C,46000.0,4.85,707.0,3.0,92.0,0.0,0.0,0.0,OWN,TX,10.0,0.0,1.0,0,credit_card,0
24000.0, 36 months,11.48,B,97000.0,17.98,712.0,26.0,26.7,1.0,1.0,1.0,MORTGAGE,AL,9.0,0.0,0.0,0,debt_consolidation,0
25000.0, 36 months,7.91,A,70000.0,29.26,747.0,18.0,23.7,0.0,0.0,0.0,MORTGAGE,IL,3.0,0.0,3.0,0,debt_consolidation,0
10000.0, 36 months,13.99,C,35000.0,18.8,682.0,9.0,19.5,1.0,1.0,1.0,RENT,NY,10.0,0.0,1.0,0,debt_consolidation,0
30000.0, 36 months,11.99,C,84000.0,11.29,752.0,5.0,51.5,0.0,0.0,0.0,MORTGAGE,VA,3.0,0.0,2.0,0,debt_consolidation,0
30000.0, 60 months,12.88,C,160000.0,13.54,677.0,7.0,69.5,0.0,0.0,0.0,MORTGAGE,AL,7.0,0.0,0.0,0,credit_card,0
30000.0, 36 months,14.85,C,110000.0,8.25,662.0,15.0,55.2,3.0,1.0,3.0,MORTGAGE,NY,10.0,0.0,2.0,0,credit_card,1
10000.0, 36 months,10.78,B,61500.0,24.37,662.0,12.0,34.5,1.0,0.0,1.0,MORTGAGE,NY,10.0,0.0,3.0,0,debt_consolidation,0
12000.0, 36 months,5.32,A,75000.0,17.44,762.0,14.0,16.3,0.0,0.0,0.0,RENT,NY,2.0,0.0,0.0,0,credit_card,0
8000.0, 36 months,9.8,B,100000.0,6.94,762.0,6.0,28.9,0.0,0.0,0.0,RENT,MA,3.0,0.0,0.0,0,major_purchase,0
14400.0, 36 months,14.85,C,40000.0,38.28,717.0,8.0,55.4,0.0,0.0,0.0,RENT,CA,1.0,0.0,0.0,0,debt_consolidation,0
12000.0, 36 months,6.99,A,46000.0,18.94,702.0,5.0,43.5,0.0,0.0,0.0,MORTGAGE,MI,2.0,0.0,0.0,0,debt_consolidation,0
6000.0, 36 months,10.78,B,20000.0,30.19,687.0,7.0,68.4,1.0,0.0,0.0,RENT,TX,1.0,0.0,0.0,0,debt_consolidation,0
30000.0, 60 months,11.99,C,175000.0,22.51,712.0,24.0,39.0,0.0,0.0,0.0,MORTGAGE,TX,10.0,0.0,7.0,0,debt_consolidation,0
28000.0, 36 months,14.85,C,96000.0,16.61,672.0,10.0,90.7,1.0,0.0,0.0,RENT,PA,1.0,0.0,2.0,0,debt_consolidation,0
12000.0, 36 months,9.17,B,70000.0,12.94,677.0,10.0,44.1,0.0,3.0,0.0,MORTGAGE,IL,10.0,0.0,1.0,0,debt_consolidation,0
17500.0, 60 months,13.44,C,51000.0,14.64,672.0,17.0,31.6,0.0,1.0,2.0,RENT,SC,1.0,0.0,0.0,0,credit_card,0
12000.0, 60 months,13.99,C,38500.0,26.09,727.0,23.0,30.6,1.0,0.0,0.0,RENT,NY,3.0,0.0,0.0,0,debt_consolidation,1
28000.0, 36 months,17.27,D,125000.0,12.62,662.0,9.0,74.7,0.0,1.0,0.0,MORTGAGE,GA,7.0,0.0,1.0,0,small_business,0
16000.0, 60 months,9.8,B,54000.0,18.42,682.0,9.0,52.1,1.0,1.0,0.0,MORTGAGE,KY,10.0,0.0,1.0,0,credit_card,0
24000.0, 60 months,13.99,C,125000.0,17.92,702.0,10.0,34.8,3.0,0.0,0.0,MORTGAGE,GA,1.0,0.0,1.0,0,debt_consolidation,1
12000.0, 36 months,10.78,B,63000.0,10.08,707.0,6.0,41.9,1.0,0.0,0.0,RENT,VT,10.0,0.0,0.0,0,debt_consolidation,0
6000.0, 36 months,6.99,A,42000.0,10.14,737.0,13.0,15.9,0.0,0.0,0.0,MORTGAGE,NY,10.0,0.0,1.0,0,debt_consolidation,0
10000.0, 36 months,11.99,C,55952.0,18.98,667.0,7.0,81.9,1.0,0.0,0.0,OWN,FL,,0.0,0.0,0,debt_consolidation,1
18000.0, 36 months,8.49,B,75000.0,24.69,667.0,11.0,72.6,0.0,0.0,1.0,OWN,MD,10.0,0.0,4.0,0,credit_card,0
18025.0, 60 months,20.5,E,54000.0,20.4,672.0,8.0,67.1,1.0,0.0,0.0,RENT,IL,3.0,0.0,0.0,0,debt_consolidation,0
6500.0, 36 months,9.8,B,59500.0,15.07,687.0,12.0,5.5,0.0,1.0,1.0,RENT,TX,1.0,0.0,4.0,0,other,0
1200.0, 36 months,12.88,C,30000.0,16.36,662.0,6.0,76.8,0.0,0.0,1.0,RENT,AZ,,0.0,0.0,0,other,0
22000.0, 36 months,9.17,B,108000.0,12.89,707.0,15.0,54.4,1.0,1.0,0.0,MORTGAGE,AZ,10.0,0.0,2.0,0,debt_consolidation,0
35000.0, 36 months,13.44,C,80000.0,25.67,687.0,18.0,67.3,0.0,0.0,0.0,OWN,IL,1.0,0.0,1.0,0,credit_card,0
30000.0, 60 months,23.13,F,140000.0,24.5,667.0,13.0,51.0,0.0,0.0,1.0,MORTGAGE,CA,3.0,0.0,4.0,0,home_improvement,0
7500.0, 36 months,6.99,A,80000.0,10.26,687.0,9.0,73.0,0.0,0.0,0.0,MORTGAGE,NJ,10.0,0.0,0.0,0,credit_card,0
5000.0, 36 months,13.44,C,40000.0,20.94,662.0,6.0,77.7,0.0,0.0,0.0,RENT,NJ,1.0,0.0,0.0,0,debt_consolidation,0
5000.0, 36 months,14.85,C,53000.0,30.1,697.0,14.0,38.2,2.0,0.0,1.0,OWN,NY,5.0,0.0,2.0,0,debt_consolidation,1
20000.0, 60 months,23.13,F,65000.0,33.77,672.0,12.0,36.5,1.0,0.0,0.0,MORTGAGE,SC,10.0,0.0,2.0,0,debt_consolidation,1
9600.0, 36 months,11.99,C,103000.0,36.49,712.0,15.0,96.9,0.0,0.0,0.0,MORTGAGE,MN,10.0,0.0,2.0,0,credit_card,0
8000.0, 36 months,9.17,B,65000.0,10.27,662.0,12.0,43.3,0.0,0.0,1.0,OWN,TN,6.0,0.0,3.0,0,home_improvement,0
10000.0, 60 months,19.48,E,62000.0,29.55,662.0,20.0,44.6,3.0,1.0,0.0,MORTGAGE,WI,1.0,0.0,4.0,0,debt_consolidation,0
21000.0, 36 months,10.78,B,74196.0,18.62,687.0,14.0,28.1,2.0,1.0,0.0,RENT,OH,2.0,0.0,0.0,0,debt_consolidation,0
25000.0, 36 months,14.85,C,240000.0,9.36,662.0,10.0,63.6,3.0,0.0,3.0,MORTGAGE,NY,10.0,0.0,1.0,0,debt_consolidation,0
28000.0, 36 months,5.32,A,150000.0,11.71,717.0,9.0,68.5,0.0,0.0,0.0,RENT,MT,10.0,0.0,0.0,0,debt_consolidation,0
4000.0, 36 months,11.48,B,51000.0,13.51,702.0,7.0,14.7,0.0,0.0,0.0,MORTGAGE,NY,6.0,0.0,1.0,0,debt_consolidation,0
6225.0, 36 months,27.49,G,42000.0,16.06,662.0,15.0,28.2,0.0,11.0,0.0,RENT,TX,3.0,0.0,0.0,0,small_business,1
1200.0, 36 months,15.77,D,40000.0,22.53,682.0,8.0,52.0,0.0,0.0,1.0,RENT,CO,9.0,0.0,0.0,0,other,0
4550.0, 36 months,14.85,C,39000.0,29.42,662.0,16.0,40.5,0.0,2.0,1.0,MORTGAGE,NC,10.0,0.0,3.0,0,debt_consolidation,0
14400.0, 36 months,11.48,B,45000.0,13.41,667.0,4.0,98.1,0.0,0.0,1.0,MORTGAGE,MN,10.0,0.0,1.0,0,debt_consolidation,0
7800.0, 36 months,9.8,B,60000.0,14.96,707.0,12.0,61.0,0.0,0.0,0.0,MORTGAGE,NC,4.0,0.0,3.0,0,car,0
21625.0, 60 months,24.24,F,80000.0,29.84,687.0,18.0,44.0,4.0,0.0,0.0,MORTGAGE,NY,6.0,0.0,1.0,0,credit_card,0
6000.0, 36 months,14.85,C,80000.0,6.78,662.0,4.0,66.0,1.0,0.0,0.0,RENT,CA,10.0,0.0,2.0,0,debt_consolidation,0
14000.0, 36 months,11.48,B,55000.0,17.7,662.0,11.0,43.0,3.0,0.0,1.0,RENT,CA,3.0,0.0,0.0,0,credit_card,0
10000.0, 60 months,13.44,C,66000.0,8.82,677.0,5.0,57.1,1.0,1.0,0.0,OWN,OH,5.0,0.0,1.0,0,major_purchase,0
7200.0, 36 months,9.8,B,53000.0,20.79,687.0,10.0,27.1,0.0,0.0,1.0,MORTGAGE,WI,4.0,0.0,1.0,0,debt_consolidation,0
17275.0, 60 months,19.48,E,56000.0,34.27,727.0,10.0,44.8,2.0,0.0,0.0,MORTGAGE,PA,4.0,0.0,3.0,0,debt_consolidation,1
30000.0, 36 months,13.99,C,83000.0,13.46,667.0,33.0,52.5,1.0,0.0,0.0,RENT,CA,9.0,0.0,0.0,0,debt_consolidation,1
4525.0, 36 months,12.88,C,70000.0,21.31,682.0,15.0,32.0,0.0,1.0,0.0,RENT,TX,10.0,0.0,0.0,0,credit_card,0
20000.0, 36 months,13.44,C,65000.0,25.99,707.0,23.0,39.1,2.0,0.0,0.0,MORTGAGE,SC,4.0,0.0,1.0,0,debt_consolidation,0
15000.0, 36 months,17.27,D,60500.0,25.49,662.0,11.0,71.0,3.0,0.0,0.0,MORTGAGE,ME,4.0,0.0,1.0,0,debt_consolidation,1
20000.0, 60 months,22.45,F,110000.0,8.84,717.0,9.0,86.1,0.0,1.0,0.0,RENT,MI,1.0,0.0,2.0,0,debt_consolidation,0
26400.0, 60 months,11.48,B,127700.0,38.14,712.0,17.0,64.0,0.0,0.0,0.0,OWN,KS,10.0,0.0,5.0,0,debt_consolidation,1
12000.0, 36 months,8.49,B,60000.0,18.1,702.0,6.0,81.8,0.0,0.0,0.0,RENT,OK,1.0,0.0,2.0,0,credit_card,1
35000.0, 36 months,11.99,C,400000.0,7.48,667.0,13.0,86.5,0.0,0.0,0.0,MORTGAGE,MN,8.0,0.0,1.0,0,debt_consolidation,1
10000.0, 36 months,6.99,A,50000.0,12.7,727.0,9.0,2.7,1.0,0.0,1.0,MORTGAGE,AZ,1.0,0.0,2.0,0,home_improvement,0
8000.0, 36 months,10.78,B,40000.0,28.5,672.0,12.0,56.5,1.0,0.0,1.0,RENT,FL,8.0,0.0,2.0,0,debt_consolidation,0
21000.0, 36 months,7.91,A,110000.0,23.39,707.0,15.0,51.0,1.0,0.0,0.0,MORTGAGE,NC,3.0,0.0,6.0,0,debt_consolidation,0
10000.0, 36 months,7.49,A,70200.0,15.16,727.0,5.0,82.4,0.0,0.0,0.0,MORTGAGE,AL,10.0,0.0,3.0,0,debt_consolidation,0
10000.0, 36 months,13.44,C,25500.0,32.75,682.0,29.0,55.6,2.0,0.0,0.0,RENT,FL,1.0,0.0,0.0,0,debt_consolidation,1
17000.0, 36 months,8.49,B,75000.0,23.63,667.0,5.0,99.7,0.0,1.0,0.0,RENT,CA,10.0,0.0,2.0,0,debt_consolidation,0
15000.0, 36 months,10.78,B,65000.0,16.31,667.0,12.0,55.2,1.0,1.0,0.0,RENT,CA,1.0,0.0,6.0,0,credit_card,0
10000.0, 60 months,22.45,F,45000.0,11.17,677.0,17.0,64.8,1.0,0.0,1.0,RENT,MD,3.0,0.0,0.0,0,other,0
4650.0, 36 months,12.88,C,26248.0,34.02,712.0,18.0,42.8,0.0,0.0,0.0,MORTGAGE,CA,10.0,0.0,4.0,0,debt_consolidation,0
12000.0, 36 months,8.49,B,85567.0,34.43,722.0,12.0,65.1,0.0,0.0,0.0,MORTGAGE,MD,10.0,0.0,5.0,0,debt_consolidation,0
35000.0, 36 months,15.77,D,85000.0,18.99,707.0,12.0,67.4,1.0,0.0,0.0,MORTGAGE,PA,9.0,0.0,3.0,0,debt_consolidation,0
5000.0, 36 months,8.49,B,49890.0,23.48,707.0,10.0,16.2,0.0,3.0,0.0,RENT,AZ,10.0,0.0,0.0,0,debt_consolidation,0
20000.0, 36 months,15.77,D,68000.0,35.51,662.0,11.0,71.2,0.0,0.0,1.0,MORTGAGE,NJ,10.0,0.0,4.0,0,credit_card,0
7000.0, 36 months,11.48,B,50000.0,16.54,767.0,18.0,11.3,1.0,0.0,0.0,MORTGAGE,NY,10.0,0.0,1.0,0,home_improvement,0
5000.0, 36 months,13.99,C,40000.0,9.71,687.0,8.0,47.4,0.0,0.0,0.0,RENT,FL,10.0,0.0,3.0,0,small_business,0
9000.0, 36 months,11.48,B,65000.0,12.85,677.0,7.0,81.7,0.0,0.0,0.0,MORTGAGE,GA,4.0,0.0,1.0,0,debt_consolidation,0
20000.0, 60 months,11.99,C,125000.0,11.42,732.0,20.0,20.6,0.0,0.0,0.0,RENT,NJ,6.0,0.0,0.0,0,car,1
12000.0, 36 months,8.49,B,50000.0,30.1,707.0,16.0,65.6,2.0,0.0,0.0,RENT,MI,8.0,0.0,0.0,0,credit_card,0
12000.0, 60 months,25.09,F,104000.0,23.2,687.0,21.0,59.2,1.0,0.0,0.0,MORTGAGE,NC,1.0,0.0,1.0,0,house,0
21600.0, 36 months,13.44,C,200000.0,11.89,697.0,16.0,50.1,0.0,0.0,0.0,MORTGAGE,TN,4.0,0.0,1.0,0,credit_card,0
16800.0, 60 months,9.8,B,63896.0,28.97,702.0,15.0,44.4,0.0,0.0,0.0,MORTGAGE,TN,10.0,0.0,3.0,0,credit_card,0
30000.0, 36 months,10.78,B,130000.0,14.87,727.0,6.0,12.3,0.0,1.0,0.0,RENT,TX,10.0,0.0,2.0,0,home_improvement,1
17625.0, 60 months,16.59,D,42000.0,12.77,662.0,5.0,64.4,0.0,0.0,0.0,RENT,LA,10.0,0.0,0.0,0,debt_consolidation,0
8400.0, 36 months,6.99,A,90000.0,20.8,697.0,11.0,50.1,2.0,0.0,0.0,RENT,FL,10.0,0.0,0.0,0,debt_consolidation,0
25000.0, 36 months,6.49,A,120000.0,9.41,722.0,7.0,51.9,0.0,0.0,0.0,RENT,NC,2.0,0.0,0.0,0,debt_consolidation,0
6000.0, 36 months,14.85,C,65000.0,17.08,677.0,3.0,88.1,0.0,1.0,0.0,RENT,CO,2.0,0.0,0.0,0,debt_consolidation,1
30000.0, 36 months,7.49,A,107111.0,13.09,767.0,11.0,56.0,0.0,0.0,0.0,MORTGAGE,MD,10.0,0.0,1.0,0,debt_consolidation,0
16000.0, 36 months,7.91,A,60000.0,37.41,722.0,11.0,55.8,0.0,0.0,0.0,MORTGAGE,AZ,,0.0,4.0,0,home_improvement,0
15000.0, 36 months,11.99,C,56000.0,26.62,677.0,3.0,93.0,1.0,1.0,0.0,RENT,NJ,10.0,0.0,0.0,0,credit_card,1
15000.0, 36 months,15.77,D,48000.0,21.9,672.0,12.0,5.1,3.0,0.0,1.0,RENT,CO,3.0,0.0,0.0,0,debt_consolidation,1
25000.0, 60 months,22.45,F,130000.0,26.65,672.0,20.0,62.5,0.0,0.0,1.0,MORTGAGE,CA,6.0,0.0,1.0,0,debt_consolidation,1
11450.0, 60 months,23.13,F,53000.0,32.22,727.0,12.0,18.2,2.0,0.0,1.0,RENT,AL,10.0,0.0,0.0,0,debt_consolidation,0
10000.0, 36 months,14.85,C,32600.0,13.15,697.0,19.0,33.1,3.0,1.0,2.0,MORTGAGE,IN,1.0,0.0,0.0,0,debt_consolidation,0
3000.0, 36 months,7.91,A,70000.0,20.81,722.0,10.0,61.4,0.0,0.0,0.0,OWN,MN,10.0,0.0,4.0,0,debt_consolidation,0
20000.0, 36 months,6.99,A,65000.0,16.3,722.0,8.0,73.4,0.0,0.0,0.0,MORTGAGE,MO,10.0,0.0,2.0,0,credit_card,0
7200.0, 36 months,13.99,C,30000.0,18.28,662.0,20.0,12.6,0.0,1.0,0.0,RENT,MO,5.0,1.0,0.0,0,other,0
24000.0, 60 months,13.44,C,85000.0,21.93,667.0,11.0,70.1,0.0,0.0,0.0,RENT,FL,8.0,0.0,0.0,0,debt_consolidation,1
11025.0, 36 months,13.44,C,24000.0,26.21,687.0,11.0,20.7,0.0,0.0,0.0,RENT,CO,5.0,0.0,0.0,0,debt_consolidation,0
9350.0, 36 months,18.49,D,32500.0,39.24,672.0,11.0,51.8,0.0,0.0,0.0,RENT,FL,5.0,0.0,0.0,0,debt_consolidation,0
18000.0, 36 months,7.91,A,65400.0,30.75,737.0,15.0,56.5,0.0,0.0,0.0,MORTGAGE,MO,10.0,0.0,6.0,0,debt_consolidation,0
33000.0, 60 months,12.88,C,125000.0,21.54,707.0,17.0,67.1,0.0,1.0,0.0,MORTGAGE,FL,2.0,0.0,3.0,0,debt_consolidation,0
16000.0, 36 months,11.99,C,80000.0,30.32,677.0,24.0,84.1,1.0,0.0,0.0,RENT,CT,5.0,0.0,0.0,0,debt_consolidation,0
23000.0, 60 months,18.49,D,52700.0,35.49,687.0,9.0,94.4,1.0,0.0,0.0,RENT,CO,2.0,0.0,3.0,0,debt_consolidation,0
10000.0, 60 months,17.97,D,29000.0,11.01,662.0,25.0,28.5,1.0,0.0,0.0,OWN,FL,10.0,0.0,0.0,0,major_purchase,0
9225.0, 36 months,21.48,E,40500.0,24.68,662.0,10.0,32.7,3.0,0.0,5.0,RENT,WA,2.0,0.0,5.0,0,debt_consolidation,1
21600.0, 60 months,13.44,C,135000.0,23.95,677.0,18.0,36.4,1.0,0.0,1.0,MORTGAGE,MN,4.0,0.0,3.0,0,home_improvement,1
8000.0, 36 months,11.99,C,40000.0,21.66,677.0,11.0,38.2,3.0,0.0,4.0,OWN,IN,10.0,0.0,0.0,0,debt_consolidation,0
15000.0, 60 months,26.06,F,41000.0,13.57,667.0,28.0,48.2,0.0,1.0,0.0,MORTGAGE,TN,10.0,0.0,1.0,0,debt_consolidation,1
35000.0, 36 months,9.8,B,200000.0,11.8,757.0,6.0,10.9,0.0,0.0,0.0,RENT,CA,5.0,0.0,2.0,0,credit_card,0
18000.0, 36 months,11.99,C,68953.29,21.51,672.0,12.0,62.4,0.0,0.0,0.0,MORTGAGE,TX,8.0,0.0,1.0,0,credit_card,0
16000.0, 36 months,11.99,C,600000.0,11.02,662.0,19.0,67.6,0.0,3.0,0.0,MORTGAGE,TX,2.0,0.0,9.0,0,credit_card,0
5325.0, 36 months,9.8,B,23400.0,21.16,662.0,5.0,77.7,0.0,0.0,0.0,OWN,FL,10.0,0.0,0.0,0,credit_card,0
3000.0, 36 months,11.48,B,74000.0,28.43,667.0,14.0,68.3,1.0,7.0,0.0,RENT,TX,10.0,0.0,2.0,0,debt_consolidation,0
14350.0, 60 months,22.45,F,48000.0,34.03,672.0,10.0,23.7,3.0,0.0,3.0,RENT,MI,8.0,0.0,0.0,0,small_business,0
2000.0, 36 months,10.78,B,90000.0,15.81,667.0,18.0,36.4,1.0,2.0,0.0,RENT,VA,5.0,0.0,0.0,0,credit_card,0
21000.0, 36 months,7.49,A,76000.0,22.37,712.0,8.0,65.4,0.0,0.0,0.0,OWN,VA,10.0,0.0,0.0,0,debt_consolidation,0
15000.0, 60 months,17.97,D,85000.0,37.19,687.0,16.0,82.7,0.0,1.0,0.0,MORTGAGE,LA,10.0,0.0,3.0,0,car,0
10400.0, 60 months,13.44,C,38792.0,9.99,667.0,8.0,72.9,0.0,0.0,0.0,MORTGAGE,MO,8.0,0.0,1.0,0,credit_card,1
2800.0, 36 months,7.91,A,30000.0,37.64,787.0,21.0,16.0,1.0,0.0,0.0,RENT,CA,10.0,0.0,0.0,0,debt_consolidation,0
8000.0, 36 months,6.49,A,48000.0,16.3,702.0,24.0,20.2,0.0,0.0,0.0,RENT,CA,1.0,0.0,0.0,0,credit_card,0
10000.0, 36 months,11.48,B,105000.0,7.2,667.0,6.0,82.9,0.0,0.0,0.0,RENT,CA,10.0,0.0,1.0,0,debt_consolidation,0
14000.0, 60 months,8.49,B,68000.0,9.4,762.0,8.0,30.5,0.0,0.0,0.0,MORTGAGE,TX,10.0,0.0,1.0,0,debt_consolidation,0
5000.0, 36 months,11.48,B,42500.0,14.85,682.0,30.0,22.4,3.0,1.0,1.0,MORTGAGE,CA,10.0,0.0,3.0,0,debt_consolidation,0
9000.0, 36 months,11.99,C,89000.0,23.95,732.0,6.0,77.0,0.0,0.0,0.0,MORTGAGE,MO,10.0,0.0,3.0,0,debt_consolidation,0
8000.0, 36 months,10.78,B,38000.0,10.3,712.0,6.0,12.7,1.0,0.0,0.0,RENT,NY,3.0,0.0,0.0,0,car,0
10000.0, 36 months,5.32,A,180000.0,7.08,682.0,10.0,82.5,0.0,0.0,0.0,MORTGAGE,MD,10.0,0.0,4.0,0,home_improvement,0
12000.0, 36 months,11.48,B,50000.0,17.02,762.0,12.0,20.1,2.0,0.0,0.0,RENT,UT,2.0,0.0,0.0,0,debt_consolidation,0
35000.0, 36 months,7.91,A,78000.0,11.31,752.0,15.0,44.6,0.0,0.0,0.0,MORTGAGE,GA,3.0,0.0,3.0,0,debt_consolidation,0
35000.0, 36 months,13.99,C,150000.0,7.27,692.0,6.0,94.7,0.0,0.0,0.0,RENT,CA,10.0,0.0,0.0,0,credit_card,0
25000.0, 60 months,24.24,F,50000.0,19.61,672.0,8.0,34.6,2.0,0.0,2.0,MORTGAGE,MI,2.0,0.0,1.0,0,major_purchase,1
15000.0, 36 months,13.99,C,46000.0,31.07,677.0,12.0,51.6,1.0,1.0,0.0,MORTGAGE,GA,8.0,0.0,4.0,0,debt_consolidation,0
20000.0, 36 months,11.48,B,70000.0,24.04,677.0,21.0,51.6,2.0,1.0,0.0,MORTGAGE,IL,9.0,0.0,1.0,0,debt_consolidation,0
14400.0, 60 months,15.77,D,58000.0,30.83,692.0,8.0,79.2,0.0,0.0,0.0,RENT,CA,10.0,0.0,0.0,0,credit_card,0
6400.0, 36 months,7.49,A,45000.0,17.49,702.0,10.0,26.2,0.0,0.0,0.0,MORTGAGE,KY,5.0,0.0,5.0,0,debt_consolidation,0
16000.0, 36 months,8.49,B,100000.0,18.4,707.0,29.0,33.9,0.0,0.0,0.0,MORTGAGE,NY,10.0,0.0,1.0,0,home_improvement,0
8000.0, 36 months,14.85,C,24000.0,15.85,662.0,7.0,63.9,0.0,0.0,0.0,RENT,AZ,2.0,0.0,0.0,0,credit_card,1
35000.0, 60 months,13.99,C,100000.0,16.84,717.0,6.0,82.0,2.0,0.0,0.0,MORTGAGE,TX,3.0,0.0,2.0,0,credit_card,1
18000.0, 60 months,7.91,A,77160.0,12.63,712.0,6.0,26.5,0.0,0.0,1.0,RENT,AR,8.0,0.0,4.0,0,credit_card,0
8000.0, 36 months,11.99,C,50000.0,22.25,667.0,7.0,60.9,0.0,8.0,0.0,RENT,NY,10.0,0.0,0.0,0,other,0
12000.0, 60 months,8.49,B,65000.0,7.87,772.0,7.0,35.3,0.0,0.0,0.0,OWN,PA,10.0,0.0,2.0,0,home_improvement,0
16000.0, 60 months,12.88,C,50000.0,19.39,702.0,5.0,89.4,0.0,0.0,0.0,RENT,GA,6.0,0.0,0.0,0,debt_consolidation,1
8000.0, 36 months,12.88,C,50000.0,12.77,682.0,9.0,45.6,2.0,1.0,0.0,OWN,IL,6.0,0.0,0.0,0,debt_consolidation,0
21000.0, 60 months,11.48,B,52000.0,28.14,812.0,12.0,12.5,0.0,0.0,0.0,RENT,CA,10.0,0.0,1.0,0,debt_consolidation,0
35000.0, 60 months,17.97,D,70000.0,26.28,702.0,11.0,90.1,0.0,0.0,0.0,RENT,CA,1.0,0.0,0.0,0,credit_card,0
28800.0, 60 months,11.99,C,60000.0,21.6,732.0,15.0,24.6,0.0,0.0,0.0,OWN,LA,10.0,0.0,5.0,0,debt_consolidation,0
8000.0, 36 months,9.17,B,37000.0,15.54,707.0,8.0,40.3,2.0,0.0,0.0,RENT,DE,3.0,0.0,0.0,0,debt_consolidation,0
9600.0, 36 months,10.78,B,46000.0,11.06,662.0,5.0,83.8,1.0,1.0,1.0,MORTGAGE,GA,4.0,0.0,1.0,0,debt_consolidation,0
10000.0, 36 months,9.17,B,70000.0,13.46,662.0,9.0,85.0,0.0,0.0,2.0,RENT,CA,8.0,0.0,0.0,0,credit_card,0
33000.0, 60 months,14.85,C,95000.0,19.55,707.0,13.0,48.2,0.0,2.0,0.0,RENT,WA,10.0,0.0,3.0,0,debt_consolidation,0
21000.0, 36 months,12.88,C,52000.0,15.88,667.0,12.0,91.5,1.0,0.0,0.0,RENT,CA,1.0,0.0,0.0,0,credit_card,0
14000.0, 36 months,11.99,C,60000.0,28.14,682.0,14.0,78.2,1.0,0.0,0.0,RENT,IL,8.0,0.0,0.0,0,debt_consolidation,0
10000.0, 36 months,10.78,B,75000.0,12.91,667.0,13.0,14.9,3.0,0.0,2.0,MORTGAGE,TX,,0.0,4.0,0,home_improvement,0
10000.0, 36 months,6.49,A,80000.0,4.38,717.0,12.0,12.6,0.0,0.0,2.0,OWN,CA,1.0,0.0,0.0,0,debt_consolidation,0
13000.0, 60 months,10.78,B,32736.0,26.32,692.0,15.0,30.1,0.0,0.0,1.0,RENT,CA,2.0,0.0,2.0,0,credit_card,1
10000.0, 36 months,9.8,B,45000.0,20.0,687.0,12.0,52.3,1.0,0.0,0.0,RENT,UT,3.0,0.0,0.0,0,credit_card,0
15000.0, 36 months,15.77,D,70600.0,13.87,672.0,8.0,34.7,2.0,0.0,2.0,RENT,RI,3.0,0.0,1.0,0,debt_consolidation,1
13000.0, 36 months,7.91,A,70000.0,8.11,672.0,6.0,62.3,0.0,2.0,0.0,MORTGAGE,SC,2.0,0.0,6.0,0,credit_card,0
23000.0, 60 months,18.99,E,81900.0,21.98,712.0,13.0,51.2,0.0,0.0,0.0,MORTGAGE,IN,8.0,0.0,7.0,0,debt_consolidation,0
16000.0, 36 months,7.91,A,70000.0,10.81,712.0,12.0,43.6,0.0,0.0,0.0,RENT,CA,5.0,0.0,0.0,0,credit_card,0
19000.0, 36 months,7.26,A,50000.0,15.07,707.0,10.0,36.9,0.0,0.0,0.0,MORTGAGE,AZ,10.0,0.0,2.0,0,debt_consolidation,0
6000.0, 36 months,9.8,B,80000.0,13.58,677.0,20.0,61.1,0.0,0.0,0.0,RENT,CA,10.0,0.0,0.0,0,medical,0
18000.0, 36 months,9.17,B,70000.0,9.05,682.0,9.0,63.0,0.0,0.0,0.0,MORTGAGE,IN,,0.0,6.0,0,credit_card,0
5000.0, 36 months,8.49,B,36500.0,5.85,667.0,5.0,71.0,0.0,0.0,1.0,RENT,MN,10.0,0.0,1.0,0,credit_card,0
4500.0, 36 months,11.99,C,65000.0,22.75,667.0,6.0,37.9,0.0,0.0,1.0,RENT,GA,1.0,0.0,0.0,0,other,0
10000.0, 36 months,11.48,B,65000.0,28.82,662.0,12.0,81.3,0.0,0.0,1.0,MORTGAGE,FL,5.0,0.0,5.0,0,home_improvement,0
10000.0, 36 months,8.49,B,30000.0,24.67,672.0,21.0,31.5,1.0,0.0,0.0,RENT,CA,6.0,0.0,0.0,0,credit_card,1
4000.0, 36 months,11.99,C,94000.0,0.0,707.0,7.0,0.0,1.0,2.0,1.0,RENT,NY,3.0,0.0,1.0,0,other,1
22800.0, 36 months,6.49,A,190000.0,11.71,697.0,13.0,67.8,1.0,1.0,0.0,RENT,CA,3.0,0.0,0.0,0,credit_card,0
15900.0, 36 months,6.49,A,46217.0,16.49,772.0,9.0,5.3,1.0,0.0,0.0,RENT,CA,3.0,0.0,0.0,0,debt_consolidation,0
12600.0, 36 months,7.91,A,60000.0,15.64,677.0,19.0,25.2,0.0,1.0,0.0,MORTGAGE,OH,1.0,0.0,1.0,0,debt_consolidation,0
15000.0, 36 months,12.88,C,60000.0,20.47,662.0,16.0,93.3,0.0,0.0,0.0,RENT,CA,10.0,0.0,0.0,0,debt_consolidation,1
1600.0, 36 months,18.49,D,62000.0,17.65,662.0,12.0,70.5,0.0,0.0,0.0,RENT,NV,1.0,0.0,0.0,0,moving,0
4000.0, 36 months,11.48,B,70000.0,18.62,697.0,11.0,89.9,1.0,0.0,0.0,MORTGAGE,CA,1.0,0.0,1.0,0,other,0
12500.0, 36 months,6.49,A,69500.0,14.5,747.0,14.0,32.5,1.0,0.0,0.0,MORTGAGE,FL,5.0,0.0,1.0,0,debt_consolidation,0
10000.0, 36 months,8.49,B,58000.0,14.4,677.0,9.0,60.7,0.0,0.0,0.0,MORTGAGE,TX,1.0,0.0,1.0,0,credit_card,0
5300.0, 36 months,10.78,B,55000.0,23.01,702.0,18.0,28.1,1.0,1.0,0.0,RENT,TX,1.0,0.0,0.0,0,debt_consolidation,0
12000.0, 60 months,7.49,A,24000.0,21.53,732.0,21.0,16.0,0.0,0.0,0.0,RENT,OH,,0.0,0.0,0,debt_consolidation,0
10000.0, 36 months,8.49,B,72000.0,14.22,677.0,11.0,30.5,0.0,0.0,1.0,MORTGAGE,NV,,0.0,3.0,0,credit_card,0
15600.0, 60 months,15.77,D,40000.0,13.68,732.0,6.0,62.9,2.0,0.0,0.0,RENT,FL,2.0,0.0,0.0,0,debt_consolidation,0
7500.0, 36 months,7.49,A,26000.0,20.96,697.0,13.0,5.4,0.0,0.0,1.0,OWN,NY,10.0,0.0,0.0,0,other,1
18025.0, 60 months,13.99,C,62500.0,27.07,727.0,26.0,23.1,0.0,0.0,0.0,RENT,PA,2.0,0.0,0.0,0,debt_consolidation,0
28000.0, 60 months,16.59,D,109000.0,13.85,672.0,11.0,40.6,0.0,2.0,1.0,RENT,CA,10.0,0.0,0.0,0,debt_consolidation,1
35000.0, 60 months,17.97,D,99000.0,22.24,717.0,11.0,60.5,0.0,0.0,0.0,MORTGAGE,HI,6.0,0.0,1.0,0,credit_card,1
35000.0, 60 months,27.49,G,111216.0,27.21,702.0,10.0,0.0,1.0,0.0,0.0,RENT,OH,10.0,0.0,0.0,0,other,1
35000.0, 36 months,13.44,C,125000.0,24.97,712.0,21.0,80.3,1.0,0.0,0.0,MORTGAGE,TX,3.0,0.0,5.0,0,debt_consolidation,0
3000.0, 36 months,12.88,C,59000.0,20.71,702.0,20.0,57.8,0.0,0.0,0.0,MORTGAGE,NC,10.0,0.0,1.0,0,vacation,0
2400.0, 36 months,8.49,B,28000.0,10.42,737.0,5.0,2.0,1.0,0.0,0.0,MORTGAGE,MN,4.0,0.0,2.0,0,major_purchase,0
3500.0, 36 months,18.49,D,40000.0,29.26,667.0,13.0,47.9,4.0,1.0,1.0,RENT,VA,10.0,0.0,3.0,0,debt_consolidation,0
12000.0, 36 months,5.32,A,77000.0,15.87,752.0,19.0,17.1,0.0,0.0,1.0,MORTGAGE,GA,8.0,0.0,1.0,0,debt_consolidation,0
3000.0, 36 months,20.5,E,10000.0,27.01,662.0,4.0,95.2,0.0,0.0,0.0,RENT,CA,4.0,0.0,0.0,0,debt_consolidation,1
24000.0, 60 months,23.13,F,60000.0,29.58,677.0,14.0,93.2,1.0,0.0,0.0,RENT,WA,10.0,0.0,0.0,0,credit_card,1
17950.0, 60 months,17.97,D,98000.0,3.35,662.0,12.0,38.7,4.0,0.0,0.0,MORTGAGE,CA,7.0,0.0,0.0,0,credit_card,0
19000.0, 36 months,7.49,A,58000.0,14.01,702.0,14.0,29.8,1.0,0.0,0.0,MORTGAGE,NC,9.0,0.0,2.0,0,debt_consolidation,0
16000.0, 60 months,16.59,D,35000.0,33.57,687.0,11.0,43.3,1.0,0.0,0.0,RENT,GA,10.0,0.0,0.0,0,debt_consolidation,1
17600.0, 60 months,27.99,G,55000.0,7.57,672.0,5.0,78.4,0.0,1.0,0.0,RENT,NY,4.0,0.0,0.0,0,other,1
16000.0, 60 months,13.67,C,45000.0,28.45,677.0,19.0,55.1,0.0,0.0,0.0,RENT,OH,4.0,0.0,0.0,0,debt_consolidation,1
25000.0, 36 months,13.99,C,112000.0,10.25,677.0,10.0,49.2,0.0,0.0,0.0,RENT,TN,1.0,0.0,0.0,0,major_purchase,0
5000.0, 36 months,9.17,B,53000.0,22.37,692.0,14.0,63.5,0.0,0.0,0.0,OWN,MI,10.0,0.0,0.0,0,debt_consolidation,0
21000.0, 36 months,14.85,C,104000.0,4.64,677.0,4.0,68.6,0.0,1.0,0.0,MORTGAGE,FL,5.0,0.0,1.0,0,house,0
25000.0, 36 months,11.99,C,140000.0,10.79,687.0,10.0,48.0,1.0,0.0,0.0,OWN,PA,7.0,0.0,2.0,0,debt_consolidation,0
35000.0, 36 months,7.49,A,150000.0,21.75,757.0,14.0,20.0,1.0,0.0,0.0,MORTGAGE,FL,1.0,0.0,5.0,0,debt_consolidation,0
20000.0, 60 months,15.77,D,208000.0,12.65,817.0,36.0,16.4,3.0,0.0,0.0,MORTGAGE,CA,10.0,0.0,12.0,0,debt_consolidation,0
24000.0, 60 months,11.48,B,98000.0,10.9,697.0,9.0,63.4,0.0,2.0,0.0,OWN,CA,9.0,0.0,4.0,0,credit_card,1
20000.0, 36 months,12.88,C,120000.0,13.79,677.0,17.0,39.2,1.0,1.0,1.0,RENT,NY,10.0,0.0,1.0,0,debt_consolidation,0
8400.0, 36 months,10.78,B,150000.0,20.07,707.0,14.0,69.4,0.0,3.0,0.0,MORTGAGE,LA,10.0,0.0,6.0,0,major_purchase,0
2900.0, 36 months,18.99,E,82000.0,7.61,662.0,6.0,57.0,3.0,9.0,1.0,RENT,TX,10.0,0.0,2.0,0,medical,0
21000.0, 60 months,18.49,D,56000.0,32.55,707.0,11.0,62.4,0.0,0.0,0.0,RENT,CA,6.0,0.0,0.0,0,debt_consolidation,0
20000.0, 36 months,10.78,B,65000.0,25.7,722.0,12.0,37.1,1.0,2.0,0.0,OWN,AZ,6.0,0.0,1.0,0,debt_consolidation,1
10000.0, 36 months,11.48,B,118000.0,2.35,667.0,6.0,30.1,0.0,0.0,0.0,RENT,FL,1.0,0.0,0.0,0,debt_consolidation,0
10950.0, 36 months,17.97,D,36000.0,4.0,707.0,14.0,19.5,2.0,0.0,1.0,RENT,KY,1.0,0.0,0.0,0,car,0
35000.0, 60 months,9.8,B,140000.0,12.22,797.0,15.0,13.3,0.0,0.0,0.0,MORTGAGE,CA,1.0,0.0,6.0,0,credit_card,0
24000.0, 60 months,17.97,D,75000.0,39.81,677.0,14.0,50.7,0.0,0.0,0.0,MORTGAGE,LA,10.0,0.0,2.0,0,debt_consolidation,1
4000.0, 36 months,11.99,C,37000.0,29.29,677.0,8.0,94.1,1.0,0.0,0.0,RENT,KY,,0.0,2.0,0,debt_consolidation,0
4000.0, 36 months,6.49,A,45000.0,17.74,807.0,21.0,18.9,1.0,0.0,0.0,MORTGAGE,PA,1.0,0.0,2.0,0,debt_consolidation,0
14000.0, 60 months,21.48,E,28000.0,39.78,687.0,10.0,30.0,1.0,0.0,1.0,MORTGAGE,CA,9.0,0.0,1.0,0,debt_consolidation,0
10500.0, 60 months,11.99,C,110000.0,18.15,712.0,11.0,42.6,1.0,0.0,0.0,RENT,NY,1.0,0.0,0.0,0,debt_consolidation,0
8675.0, 36 months,9.17,B,18100.0,31.56,732.0,18.0,28.7,1.0,0.0,0.0,RENT,WV,,0.0,0.0,0,credit_card,0
8000.0, 36 months,5.32,A,65000.0,21.57,792.0,19.0,8.4,1.0,0.0,0.0,OWN,FL,2.0,0.0,2.0,0,debt_consolidation,1
35000.0, 60 months,11.48,B,200000.0,12.41,737.0,9.0,77.5,0.0,0.0,0.0,OWN,IL,9.0,0.0,4.0,0,home_improvement,0
28000.0, 36 months,7.49,A,83000.0,15.42,687.0,14.0,34.6,0.0,0.0,0.0,MORTGAGE,NY,5.0,0.0,1.0,0,debt_consolidation,1
10000.0, 36 months,12.88,C,25200.0,23.47,697.0,33.0,21.5,4.0,0.0,0.0,RENT,CA,,0.0,0.0,0,credit_card,1
5000.0, 36 months,7.91,A,86000.0,17.14,687.0,10.0,69.4,0.0,0.0,0.0,MORTGAGE,OK,10.0,0.0,4.0,0,debt_consolidation,0
7450.0, 36 months,8.49,B,26000.0,28.53,807.0,16.0,3.9,0.0,0.0,0.0,MORTGAGE,OH,,0.0,3.0,0,debt_consolidation,0
21000.0, 60 months,10.78,B,102000.0,4.08,712.0,8.0,50.3,0.0,0.0,0.0,MORTGAGE,GA,4.0,0.0,1.0,0,other,0
16000.0, 36 months,9.17,B,60000.0,24.76,662.0,18.0,91.6,1.0,1.0,0.0,MORTGAGE,TX,10.0,0.0,2.0,0,credit_card,1
16000.0, 36 months,5.32,A,185000.0,29.57,697.0,28.0,68.0,0.0,2.0,0.0,RENT,CA,5.0,0.0,4.0,0,car,1
16000.0, 60 months,13.44,C,38000.0,26.63,742.0,7.0,18.0,1.0,1.0,0.0,OWN,CA,10.0,0.0,3.0,0,debt_consolidation,0
15000.0, 36 months,9.17,B,52000.0,9.39,667.0,10.0,74.8,0.0,1.0,0.0,MORTGAGE,NJ,1.0,0.0,1.0,0,credit_card,0
10000.0, 60 months,19.89,E,33000.0,29.56,682.0,9.0,97.4,0.0,0.0,0.0,RENT,CA,1.0,0.0,0.0,0,debt_consolidation,0
16000.0, 36 months,9.8,B,80000.0,4.38,662.0,8.0,31.6,0.0,0.0,0.0,MORTGAGE,AZ,5.0,0.0,5.0,0,home_improvement,0
28000.0, 36 months,7.49,A,100000.0,20.25,682.0,17.0,53.2,0.0,0.0,0.0,MORTGAGE,WA,8.0,0.0,2.0,0,credit_card,0
3200.0, 36 months,11.99,C,62000.0,9.27,672.0,10.0,57.3,0.0,0.0,0.0,OWN,MI,10.0,0.0,1.0,0,debt_consolidation,0
12000.0, 60 months,11.99,C,150000.0,9.02,672.0,11.0,63.1,0.0,1.0,0.0,OWN,CA,10.0,0.0,0.0,0,home_improvement,0
9600.0, 36 months,7.91,A,36144.0,15.64,672.0,12.0,36.3,0.0,0.0,0.0,MORTGAGE,MT,,0.0,5.0,0,credit_card,1
16000.0, 60 months,8.49,B,85000.0,12.37,692.0,14.0,58.8,0.0,0.0,0.0,MORTGAGE,FL,10.0,0.0,1.0,0,debt_consolidation,0
6000.0, 36 months,10.78,B,62000.0,23.58,682.0,12.0,78.7,0.0,0.0,1.0,MORTGAGE,NY,10.0,0.0,2.0,0,debt_consolidation,0
17600.0, 36 months,9.8,B,98000.0,24.88,682.0,19.0,52.4,1.0,0.0,0.0,MORTGAGE,OR,5.0,0.0,1.0,0,credit_card,0
35000.0, 60 months,10.78,B,92000.0,18.13,757.0,9.0,33.8,0.0,0.0,0.0,MORTGAGE,GA,10.0,0.0,3.0,0,credit_card,0
1600.0, 36 months,11.48,B,82000.0,25.93,672.0,13.0,72.2,1.0,0.0,2.0,MORTGAGE,IN,,0.0,1.0,0,debt_consolidation,0
12000.0, 36 months,8.49,B,30000.0,20.12,667.0,7.0,92.1,0.0,1.0,0.0,RENT,TX,1.0,0.0,0.0,0,debt_consolidation,1
10575.0, 36 months,13.44,C,44000.0,24.58,757.0,12.0,24.0,0.0,0.0,0.0,MORTGAGE,OK,8.0,0.0,2.0,0,other,0
23000.0, 60 months,12.88,C,70000.0,30.16,712.0,24.0,49.5,2.0,0.0,0.0,MORTGAGE,NC,5.0,0.0,1.0,0,debt_consolidation,0
8000.0, 36 months,12.88,C,115000.0,15.69,667.0,11.0,49.2,0.0,1.0,0.0,OWN,PA,8.0,0.0,0.0,0,home_improvement,1
28000.0, 36 months,7.91,A,117000.0,17.82,712.0,24.0,79.4,1.0,0.0,0.0,MORTGAGE,NY,2.0,0.0,1.0,0,debt_consolidation,0
6000.0, 36 months,10.78,B,47630.0,7.05,662.0,19.0,34.4,1.0,0.0,1.0,RENT,TN,,0.0,0.0,0,credit_card,0
8000.0, 36 months,15.77,D,45000.0,17.92,707.0,6.0,37.2,2.0,0.0,0.0,RENT,PA,4.0,0.0,0.0,0,moving,0
8400.0, 36 months,9.17,B,42000.0,18.36,667.0,11.0,60.2,0.0,0.0,0.0,RENT,FL,1.0,0.0,0.0,0,credit_card,0
3000.0, 36 months,11.48,B,48000.0,4.13,672.0,3.0,45.9,2.0,0.0,0.0,MORTGAGE,OK,10.0,0.0,1.0,0,debt_consolidation,0
12000.0, 60 months,19.89,E,33000.0,15.16,672.0,2.0,85.2,1.0,0.0,0.0,RENT,NV,3.0,0.0,0.0,0,credit_card,0
6000.0, 36 months,12.88,C,33280.0,21.93,692.0,7.0,51.8,0.0,0.0,0.0,RENT,MD,1.0,0.0,0.0,0,debt_consolidation,0
8400.0, 36 months,9.8,B,102000.0,8.34,742.0,13.0,7.6,1.0,0.0,0.0,RENT,TX,7.0,0.0,0.0,0,credit_card,0
2950.0, 36 months,19.89,E,203000.0,6.38,682.0,10.0,40.0,4.0,8.0,1.0,MORTGAGE,CA,5.0,0.0,4.0,0,house,1
12000.0, 36 months,8.49,B,65000.0,32.77,687.0,24.0,68.0,1.0,0.0,0.0,RENT,CT,10.0,0.0,0.0,0,debt_consolidation,1
15000.0, 60 months,19.48,E,57000.0,13.77,667.0,9.0,51.2,1.0,0.0,0.0,RENT,FL,10.0,0.0,0.0,0,debt_consolidation,0
3000.0, 36 months,13.99,C,19600.0,38.21,687.0,17.0,56.4,0.0,0.0,0.0,RENT,MN,1.0,0.0,0.0,0,debt_consolidation,0
16300.0, 36 months,11.99,C,75000.0,24.74,697.0,6.0,96.9,0.0,0.0,0.0,RENT,TX,2.0,0.0,0.0,0,debt_consolidation,0
8000.0, 36 months,12.88,C,56000.0,29.23,677.0,15.0,44.8,1.0,3.0,0.0,RENT,FL,1.0,0.0,0.0,0,credit_card,0
9600.0, 36 months,11.99,C,76899.0,16.54,667.0,10.0,66.3,1.0,1.0,0.0,MORTGAGE,TX,1.0,0.0,3.0,0,debt_consolidation,0
32200.0, 60 months,24.24,F,70000.0,28.44,697.0,7.0,47.7,0.0,0.0,0.0,MORTGAGE,TX,1.0,0.0,2.0,0,debt_consolidation,1
2400.0, 36 months,15.77,D,24000.0,37.6,717.0,6.0,63.2,0.0,0.0,0.0,RENT,FL,,0.0,0.0,0,other,1
10000.0, 36 months,13.99,C,80000.0,16.44,692.0,17.0,45.0,1.0,0.0,0.0,MORTGAGE,TX,1.0,0.0,1.0,0,home_improvement,0
5000.0, 36 months,5.32,A,45000.0,11.12,697.0,6.0,38.0,0.0,0.0,0.0,RENT,TN,3.0,0.0,1.0,0,credit_card,0
12000.0, 60 months,13.44,C,72000.0,18.11,662.0,11.0,59.0,1.0,0.0,1.0,RENT,IL,1.0,0.0,2.0,0,debt_consolidation,1
4500.0, 36 months,12.88,C,30000.0,25.92,697.0,9.0,76.7,0.0,0.0,0.0,OWN,MI,2.0,0.0,0.0,0,medical,0
5000.0, 36 months,13.44,C,40000.0,17.7,722.0,17.0,15.6,3.0,0.0,0.0,RENT,TX,10.0,0.0,0.0,0,vacation,0
4000.0, 36 months,11.99,C,42000.0,18.26,682.0,5.0,96.3,0.0,0.0,0.0,RENT,OH,4.0,0.0,0.0,0,major_purchase,0
17700.0, 60 months,13.44,C,70000.0,13.78,672.0,6.0,7.2,3.0,0.0,1.0,RENT,OH,5.0,0.0,0.0,0,credit_card,1
15000.0, 36 months,7.49,A,55000.0,24.9,742.0,11.0,43.7,0.0,0.0,0.0,RENT,MN,1.0,0.0,0.0,0,credit_card,0
8000.0, 36 months,9.17,B,70000.0,13.73,687.0,10.0,46.7,1.0,0.0,0.0,RENT,FL,5.0,0.0,0.0,0,credit_card,0
8175.0, 36 months,16.59,D,63000.0,19.9,677.0,9.0,35.0,3.0,0.0,2.0,RENT,IL,10.0,0.0,0.0,0,medical,1
32000.0, 60 months,10.78,B,93000.0,17.5,797.0,10.0,11.2,0.0,0.0,0.0,RENT,NJ,10.0,0.0,2.0,0,debt_consolidation,1
30000.0, 36 months,9.8,B,110000.0,16.29,717.0,16.0,55.5,1.0,0.0,0.0,MORTGAGE,CA,10.0,0.0,3.0,0,credit_card,0
16125.0, 36 months,15.77,D,34800.0,10.24,722.0,7.0,32.5,2.0,0.0,0.0,RENT,TX,2.0,0.0,0.0,0,debt_consolidation,0
15600.0, 36 months,18.99,E,65000.0,14.82,707.0,27.0,14.3,2.0,0.0,0.0,RENT,TX,1.0,0.0,0.0,0,medical,1
14000.0, 36 months,11.99,C,57400.0,10.64,672.0,14.0,59.4,0.0,0.0,0.0,RENT,CO,10.0,0.0,0.0,0,debt_consolidation,0
6000.0, 36 months,7.49,A,60000.0,9.36,712.0,15.0,7.8,1.0,1.0,1.0,RENT,FL,6.0,0.0,0.0,0,debt_consolidation,0
13850.0, 60 months,20.5,E,33000.0,36.36,677.0,15.0,91.3,1.0,0.0,0.0,RENT,WI,1.0,0.0,0.0,0,debt_consolidation,0
28000.0, 60 months,14.85,C,100000.0,14.8,697.0,7.0,94.4,0.0,0.0,0.0,RENT,IL,1.0,0.0,0.0,0,credit_card,0
9000.0, 36 months,11.99,C,70000.0,25.03,682.0,17.0,53.1,2.0,0.0,0.0,MORTGAGE,NC,10.0,0.0,0.0,0,debt_consolidation,0
15000.0, 36 months,11.99,C,70000.0,13.41,702.0,6.0,59.3,0.0,0.0,0.0,RENT,CA,5.0,0.0,0.0,0,debt_consolidation,0
11500.0, 60 months,11.99,C,25000.0,12.48,702.0,4.0,69.8,0.0,0.0,0.0,RENT,IL,1.0,0.0,0.0,0,credit_card,0
7000.0, 36 months,6.99,A,120000.0,7.68,697.0,8.0,47.7,0.0,0.0,0.0,MORTGAGE,NY,5.0,0.0,4.0,0,debt_consolidation,0
10000.0, 36 months,5.32,A,85000.0,24.57,707.0,20.0,43.9,0.0,0.0,0.0,RENT,TX,1.0,0.0,1.0,0,credit_card,0
34500.0, 60 months,24.24,F,75000.0,15.5,722.0,18.0,37.1,0.0,0.0,1.0,MORTGAGE,TN,3.0,0.0,2.0,0,debt_consolidation,0
23175.0, 60 months,18.49,D,61000.0,22.21,672.0,17.0,77.7,0.0,1.0,0.0,RENT,NY,1.0,0.0,0.0,0,debt_consolidation,0
6000.0, 36 months,8.49,B,124000.0,5.69,672.0,9.0,25.6,0.0,0.0,1.0,MORTGAGE,GA,2.0,0.0,6.0,0,credit_card,0
10000.0, 36 months,13.99,C,300000.0,3.33,692.0,5.0,95.1,0.0,0.0,1.0,MORTGAGE,NH,10.0,0.0,1.0,0,home_improvement,0
10000.0, 36 months,11.48,B,40000.0,25.29,667.0,8.0,54.6,0.0,0.0,1.0,MORTGAGE,TN,8.0,0.0,3.0,0,debt_consolidation,0
15000.0, 60 months,15.77,D,57000.0,22.02,687.0,9.0,0.5,1.0,1.0,0.0,MORTGAGE,FL,7.0,0.0,2.0,0,major_purchase,0
20000.0, 60 months,11.99,C,63000.0,7.04,717.0,6.0,48.1,0.0,0.0,0.0,RENT,NY,1.0,0.0,0.0,0,debt_consolidation,0
15000.0, 36 months,6.99,A,76650.0,25.46,767.0,16.0,26.5,1.0,0.0,0.0,MORTGAGE,TX,10.0,0.0,4.0,0,home_improvement,0
12000.0, 36 months,5.32,A,80000.0,17.79,792.0,14.0,16.7,0.0,0.0,0.0,MORTGAGE,CA,1.0,0.0,2.0,0,credit_card,0
13500.0, 60 months,13.44,C,73000.0,14.75,692.0,11.0,56.2,1.0,0.0,0.0,MORTGAGE,UT,3.0,0.0,1.0,0,credit_card,0
9425.0, 36 months,15.77,D,30000.0,27.48,687.0,7.0,51.3,0.0,0.0,0.0,MORTGAGE,WA,8.0,0.0,1.0,0,debt_consolidation,1
12000.0, 36 months,9.17,B,35000.0,33.05,682.0,14.0,66.0,0.0,0.0,0.0,OWN,MN,1.0,0.0,5.0,0,debt_consolidation,0
19500.0, 36 months,14.85,C,46800.0,20.64,687.0,18.0,48.6,0.0,0.0,0.0,MORTGAGE,NV,10.0,0.0,1.0,0,debt_consolidation,0
7500.0, 36 months,7.91,A,35380.0,24.14,677.0,19.0,44.9,1.0,0.0,0.0,RENT,NY,1.0,0.0,0.0,0,credit_card,0
3200.0, 36 months,7.91,A,30000.0,19.66,697.0,15.0,6.5,1.0,1.0,0.0,RENT,FL,2.0,0.0,1.0,0,medical,0
15000.0, 60 months,13.44,C,95000.0,22.03,707.0,13.0,62.3,0.0,0.0,0.0,MORTGAGE,OH,10.0,0.0,3.0,0,debt_consolidation,0
18000.0, 36 months,9.8,B,85000.0,21.49,662.0,14.0,81.2,0.0,0.0,1.0,MORTGAGE,NY,2.0,0.0,1.0,0,credit_card,0
19200.0, 36 months,13.44,C,70000.0,20.54,722.0,9.0,42.1,0.0,0.0,0.0,MORTGAGE,TX,2.0,0.0,1.0,0,debt_consolidation,0
17600.0, 36 months,14.85,C,40000.0,17.64,697.0,12.0,21.1,0.0,0.0,0.0,RENT,CA,8.0,0.0,0.0,0,debt_consolidation,0
15000.0, 60 months,12.88,C,180000.0,11.63,667.0,12.0,58.4,1.0,0.0,1.0,MORTGAGE,PA,4.0,0.0,4.0,0,credit_card,0
15000.0, 36 months,13.44,C,70000.0,33.44,682.0,33.0,40.6,1.0,0.0,0.0,OWN,CA,2.0,0.0,0.0,0,debt_consolidation,0
11500.0, 36 months,5.32,A,115000.0,9.19,697.0,10.0,45.4,0.0,1.0,0.0,MORTGAGE,CA,10.0,0.0,2.0,0,credit_card,0
2400.0, 36 months,13.44,C,120000.0,34.09,707.0,15.0,19.2,1.0,0.0,0.0,RENT,WA,1.0,0.0,0.0,0,debt_consolidation,1
4800.0, 36 months,12.88,C,26000.0,16.11,682.0,17.0,16.5,3.0,0.0,0.0,RENT,NC,,0.0,0.0,0,credit_card,0
11875.0, 36 months,14.85,C,33000.0,18.73,687.0,15.0,83.1,0.0,0.0,0.0,RENT,NC,1.0,0.0,0.0,0,debt_consolidation,0
17000.0, 36 months,17.97,D,34000.0,5.7,697.0,5.0,48.1,2.0,0.0,0.0,MORTGAGE,NY,5.0,0.0,2.0,0,home_improvement,0
10000.0, 36 months,7.49,A,33000.0,28.69,712.0,11.0,38.2,0.0,0.0,0.0,RENT,TX,10.0,0.0,0.0,0,debt_consolidation,0
22800.0, 60 months,26.99,G,80000.0,23.78,682.0,6.0,70.6,1.0,0.0,0.0,OWN,NC,10.0,0.0,0.0,0,home_improvement,1
12000.0, 36 months,8.49,B,90000.0,19.83,767.0,18.0,23.5,1.0,0.0,0.0,RENT,NY,1.0,0.0,2.0,0,debt_consolidation,0
35000.0, 60 months,12.88,C,108000.0,22.14,722.0,8.0,87.5,0.0,0.0,0.0,MORTGAGE,AK,10.0,0.0,4.0,0,debt_consolidation,1
6000.0, 36 months,9.8,B,48000.0,22.18,752.0,13.0,34.4,0.0,0.0,0.0,MORTGAGE,CT,4.0,0.0,1.0,0,credit_card,0
28000.0, 36 months,10.78,B,110000.0,18.46,677.0,30.0,39.7,1.0,0.0,0.0,MORTGAGE,MI,6.0,0.0,2.0,0,debt_consolidation,0
2100.0, 36 months,13.44,C,121000.0,19.23,702.0,11.0,89.9,1.0,0.0,0.0,MORTGAGE,NJ,2.0,0.0,2.0,0,medical,0
35000.0, 36 months,13.99,C,80000.0,13.21,707.0,13.0,60.8,0.0,0.0,0.0,RENT,NY,7.0,0.0,0.0,0,credit_card,0
21600.0, 60 months,9.17,B,70000.0,21.1,692.0,9.0,75.9,1.0,0.0,0.0,MORTGAGE,IL,1.0,0.0,2.0,0,credit_card,0
10000.0, 36 months,8.49,B,42000.0,14.49,677.0,15.0,73.3,0.0,0.0,1.0,RENT,NY,10.0,0.0,0.0,0,credit_card,0
5000.0, 36 months,16.59,D,25000.0,27.08,672.0,15.0,82.7,1.0,0.0,0.0,RENT,ME,6.0,0.0,0.0,0,debt_consolidation,0
15000.0, 36 months,7.49,A,50000.0,12.89,702.0,13.0,42.3,0.0,0.0,0.0,MORTGAGE,MI,2.0,0.0,2.0,0,credit_card,0
20000.0, 60 months,9.8,B,85000.0,10.97,682.0,9.0,93.7,1.0,0.0,0.0,RENT,PA,3.0,0.0,0.0,0,credit_card,0
20000.0, 36 months,6.99,A,83918.0,20.88,687.0,12.0,82.0,0.0,2.0,0.0,OWN,MI,10.0,0.0,2.0,0,credit_card,0
28000.0, 36 months,7.91,A,75000.0,16.64,712.0,13.0,59.7,0.0,0.0,0.0,MORTGAGE,IL,9.0,0.0,5.0,0,debt_consolidation,0
18000.0, 60 months,11.48,B,75000.0,22.83,692.0,21.0,52.2,0.0,0.0,0.0,OWN,CA,10.0,0.0,2.0,0,credit_card,0
17000.0, 36 months,6.99,A,58000.0,16.75,742.0,12.0,11.9,2.0,1.0,0.0,MORTGAGE,OH,6.0,0.0,2.0,0,debt_consolidation,0
20000.0, 36 months,7.49,A,69400.0,6.62,737.0,12.0,16.7,0.0,0.0,0.0,RENT,RI,1.0,0.0,0.0,0,credit_card,0
19200.0, 60 months,18.49,D,56000.0,28.0,697.0,17.0,41.4,0.0,0.0,0.0,RENT,RI,10.0,0.0,0.0,0,debt_consolidation,0
7200.0, 36 months,7.49,A,55000.0,35.04,792.0,25.0,14.5,1.0,0.0,0.0,OWN,FL,5.0,0.0,0.0,0,major_purchase,0
20000.0, 60 months,9.8,B,79000.0,33.72,747.0,28.0,21.3,0.0,1.0,0.0,MORTGAGE,TX,10.0,0.0,0.0,0,other,0
5775.0, 36 months,15.77,D,38000.0,22.52,737.0,6.0,52.3,1.0,0.0,0.0,MORTGAGE,NJ,10.0,0.0,2.0,0,medical,1
18675.0, 36 months,12.88,C,50000.0,25.76,702.0,13.0,83.2,1.0,0.0,0.0,MORTGAGE,TX,,0.0,2.0,0,debt_consolidation,0
10000.0, 36 months,12.88,C,40000.0,12.6,662.0,10.0,81.7,0.0,0.0,0.0,RENT,IL,5.0,0.0,0.0,0,debt_consolidation,0
6500.0, 36 months,13.44,C,67000.0,10.19,662.0,14.0,57.1,0.0,0.0,0.0,RENT,NY,2.0,0.0,0.0,0,debt_consolidation,0
15000.0, 36 months,11.99,C,175000.0,5.6,672.0,5.0,90.2,1.0,0.0,0.0,RENT,NY,2.0,0.0,0.0,0,credit_card,0
13700.0, 60 months,21.48,E,27429.0,13.48,677.0,8.0,48.1,1.0,0.0,1.0,OWN,FL,4.0,0.0,0.0,0,credit_card,1
14000.0, 60 months,9.8,B,79350.0,19.92,702.0,8.0,75.0,0.0,0.0,0.0,MORTGAGE,MI,10.0,0.0,1.0,0,home_improvement,0
25000.0, 60 months,10.78,B,60000.0,14.04,732.0,5.0,54.9,0.0,0.0,0.0,RENT,VA,9.0,0.0,0.0,0,debt_consolidation,0
21000.0, 60 months,13.44,C,88000.0,23.51,712.0,14.0,74.7,2.0,0.0,0.0,MORTGAGE,NY,10.0,0.0,1.0,0,debt_consolidation,0
20000.0, 36 months,5.32,A,200000.0,10.38,717.0,24.0,27.1,0.0,0.0,0.0,MORTGAGE,SC,10.0,0.0,4.0,0,debt_consolidation,0
5200.0, 36 months,9.8,B,51000.0,6.31,672.0,6.0,95.7,0.0,0.0,0.0,RENT,NM,3.0,0.0,0.0,0,credit_card,0
20000.0, 36 months,7.91,A,75000.0,17.78,682.0,10.0,81.5,0.0,0.0,0.0,RENT,KS,3.0,0.0,0.0,0,credit_card,0
35000.0, 36 months,17.27,D,85000.0,35.08,702.0,16.0,60.4,2.0,1.0,0.0,MORTGAGE,CO,,0.0,6.0,0,debt_consolidation,0
20000.0, 36 months,9.8,B,110000.0,15.8,682.0,11.0,46.0,0.0,1.0,0.0,MORTGAGE,MA,7.0,0.0,2.0,0,home_improvement,0
4300.0, 36 months,15.77,D,30000.0,9.76,667.0,11.0,3.4,1.0,2.0,1.0,RENT,OR,5.0,0.0,0.0,0,car,0
12000.0, 36 months,5.32,A,100000.0,4.02,687.0,7.0,61.6,0.0,1.0,0.0,MORTGAGE,CA,10.0,0.0,4.0,0,debt_consolidation,0
12000.0, 36 months,9.8,B,105600.0,14.56,692.0,15.0,18.9,0.0,0.0,0.0,OWN,OH,10.0,0.0,3.0,0,other,0
3000.0, 36 months,6.49,A,67000.0,12.79,702.0,5.0,51.2,0.0,0.0,0.0,MORTGAGE,TX,1.0,0.0,0.0,0,debt_consolidation,0
35000.0, 36 months,9.17,B,144000.0,12.77,742.0,8.0,57.0,0.0,0.0,0.0,OWN,VA,5.0,0.0,9.0,0,debt_consolidation,0
12000.0, 36 months,10.78,B,64500.0,25.73,677.0,19.0,48.5,0.0,0.0,0.0,RENT,TX,10.0,0.0,0.0,0,credit_card,0
20000.0, 36 months,13.44,C,50000.0,31.66,667.0,18.0,66.5,1.0,2.0,0.0,MORTGAGE,CA,10.0,0.0,3.0,0,debt_consolidation,0
3000.0, 36 months,10.78,B,90000.0,23.72,662.0,11.0,63.6,0.0,1.0,0.0,MORTGAGE,NJ,5.0,0.0,1.0,0,credit_card,0
16000.0, 36 months,10.78,B,90000.0,21.05,692.0,17.0,63.4,1.0,1.0,1.0,MORTGAGE,GA,2.0,0.0,3.0,0,debt_consolidation,0
16775.0, 36 months,19.89,E,60000.0,35.26,672.0,10.0,77.6,1.0,0.0,0.0,MORTGAGE,GA,4.0,0.0,3.0,0,credit_card,0
8000.0, 36 months,9.8,B,65000.0,19.7,667.0,20.0,84.6,0.0,0.0,0.0,OWN,CT,10.0,0.0,0.0,0,debt_consolidation,0
35000.0, 60 months,21.48,E,130000.0,5.36,712.0,12.0,3.5,2.0,0.0,0.0,OWN,FL,6.0,0.0,0.0,0,home_improvement,0
13950.0, 60 months,26.99,G,110000.0,15.78,677.0,15.0,38.9,1.0,0.0,6.0,MORTGAGE,NJ,2.0,0.0,1.0,0,debt_consolidation,1
22525.0, 60 months,15.77,D,49000.0,17.93,717.0,5.0,75.9,0.0,0.0,0.0,OWN,KY,1.0,0.0,0.0,0,credit_card,0
18000.0, 36 months,11.99,C,45000.0,21.21,697.0,10.0,43.8,1.0,0.0,0.0,MORTGAGE,NC,3.0,0.0,1.0,0,debt_consolidation,0
25000.0, 36 months,17.27,D,88500.0,19.84,662.0,14.0,69.6,1.0,0.0,0.0,MORTGAGE,TN,3.0,0.0,2.0,0,debt_consolidation,0
20000.0, 36 months,11.99,C,75000.0,20.8,687.0,18.0,91.0,2.0,1.0,0.0,OWN,CT,10.0,0.0,4.0,0,debt_consolidation,0
25000.0, 36 months,17.27,D,150000.0,11.57,687.0,9.0,86.4,3.0,0.0,0.0,MORTGAGE,MI,10.0,0.0,2.0,0,debt_consolidation,1
25000.0, 36 months,19.48,E,50000.0,17.69,767.0,11.0,14.3,0.0,0.0,0.0,RENT,CA,5.0,0.0,0.0,0,house,1
4800.0, 36 months,8.49,B,42000.0,14.71,672.0,8.0,52.5,1.0,0.0,0.0,RENT,OK,2.0,0.0,0.0,0,car,0
11000.0, 36 months,13.99,C,57200.0,15.04,677.0,9.0,55.8,0.0,0.0,0.0,MORTGAGE,GA,4.0,0.0,0.0,0,credit_card,0
25000.0, 36 months,17.27,D,50000.0,22.23,757.0,6.0,26.2,1.0,0.0,0.0,MORTGAGE,CA,1.0,0.0,0.0,0,other,0
12000.0, 36 months,5.32,A,77000.0,18.06,777.0,5.0,46.9,0.0,0.0,0.0,MORTGAGE,NM,10.0,0.0,3.0,0,credit_card,0
23500.0, 36 months,11.48,B,55000.0,14.73,697.0,7.0,65.9,1.0,0.0,0.0,RENT,CA,8.0,0.0,0.0,0,debt_consolidation,1
6000.0, 36 months,11.99,C,60000.0,11.54,707.0,7.0,27.7,0.0,0.0,0.0,MORTGAGE,VA,10.0,0.0,3.0,0,car,0
26400.0, 36 months,7.49,A,65000.0,23.97,707.0,14.0,50.5,0.0,0.0,0.0,MORTGAGE,MI,8.0,0.0,1.0,0,credit_card,0
12000.0, 60 months,12.88,C,75000.0,17.01,722.0,10.0,73.6,0.0,0.0,0.0,RENT,NY,5.0,0.0,1.0,0,debt_consolidation,1
15000.0, 36 months,5.32,A,200000.0,13.47,757.0,15.0,38.9,1.0,0.0,0.0,MORTGAGE,NY,5.0,0.0,2.0,0,credit_card,0
25000.0, 60 months,11.99,C,101000.0,10.61,717.0,30.0,8.0,0.0,0.0,0.0,RENT,OH,4.0,0.0,0.0,0,debt_consolidation,0
21000.0, 60 months,13.99,C,75000.0,5.01,752.0,11.0,27.9,0.0,0.0,0.0,MORTGAGE,CA,10.0,0.0,4.0,0,debt_consolidation,0
5000.0, 36 months,11.99,C,37000.0,34.35,672.0,23.0,9.8,2.0,0.0,2.0,MORTGAGE,MN,5.0,0.0,1.0,0,home_improvement,0
9150.0, 36 months,17.97,D,50000.0,1.44,682.0,3.0,13.2,1.0,0.0,0.0,OWN,NC,2.0,0.0,0.0,0,major_purchase,1
8000.0, 36 months,13.99,C,117000.0,13.93,667.0,11.0,9.5,1.0,0.0,0.0,RENT,CA,3.0,0.0,0.0,0,major_purchase,0
16000.0, 60 months,10.78,B,40000.0,15.69,727.0,24.0,12.6,2.0,0.0,0.0,OWN,CA,10.0,0.0,0.0,0,credit_card,1
24000.0, 60 months,16.59,D,70000.0,10.68,692.0,9.0,33.6,0.0,1.0,0.0,RENT,NY,8.0,0.0,0.0,0,debt_consolidation,1
12000.0, 36 months,13.99,C,50000.0,20.98,662.0,11.0,68.6,1.0,0.0,1.0,RENT,CA,10.0,0.0,3.0,0,credit_card,1
18000.0, 60 months,18.99,E,50000.0,14.41,687.0,20.0,57.0,0.0,0.0,0.0,MORTGAGE,FL,1.0,0.0,0.0,0,other,0
11400.0, 60 months,13.44,C,44000.0,7.53,697.0,9.0,34.9,0.0,0.0,0.0,MORTGAGE,IL,4.0,0.0,1.0,0,credit_card,0
6000.0, 36 months,22.45,F,25000.0,31.88,662.0,42.0,58.6,3.0,0.0,0.0,RENT,SD,,0.0,0.0,0,debt_consolidation,1
21600.0, 60 months,17.27,D,85000.0,17.63,667.0,13.0,67.7,0.0,1.0,1.0,MORTGAGE,OK,3.0,0.0,1.0,0,debt_consolidation,1
4800.0, 36 months,17.97,D,65000.0,35.01,687.0,6.0,98.1,0.0,0.0,0.0,RENT,NY,2.0,0.0,0.0,0,credit_card,0
16275.0, 60 months,14.85,C,37000.0,23.13,707.0,10.0,62.1,1.0,1.0,0.0,RENT,NV,4.0,0.0,0.0,0,credit_card,1
10000.0, 36 months,8.49,B,55000.0,24.5,712.0,11.0,47.8,1.0,0.0,0.0,MORTGAGE,MI,2.0,0.0,1.0,0,debt_consolidation,0
