amount_requested,application_date,loan_title,risk_score,debt-to-income_ratio,zip_code,state,employment_length,policy_code,dti,rejected
1000.0,,Wedding Covered but No Honeymoon,693.0,10%,481xx,NM,4 years,0.0,10.0,1
1000.0,,Consolidating Debt,703.0,10%,010xx,MA,< 1 year,0.0,10.0,1
11000.0,,Want to consolidate my debt,715.0,10%,212xx,MD,1 year,0.0,10.0,1
6000.0,,waksman,698.0,38.64%,017xx,MA,< 1 year,0.0,38.64,1
1500.0,,mdrigo,509.0,9.43%,209xx,MD,< 1 year,0.0,9.43,1
15000.0,,Trinfiniti,645.0,0%,105xx,NY,3 years,0.0,0.0,1
10000.0,,NOTIFYi Inc,693.0,10%,210xx,MD,< 1 year,0.0,10.0,1
3900.0,,For Justin.,700.0,10%,469xx,IN,2 years,0.0,10.0,1
3000.0,,title?,694.0,10%,808xx,CO,4 years,0.0,10.0,1
2500.0,,timgerst,573.0,11.76%,407xx,KY,4 years,0.0,11.76,1
3900.0,,need to consolidate,710.0,10%,705xx,LA,10+ years,0.0,10.0,1
1000.0,,sixstrings,680.0,10%,424xx,KY,1 year,0.0,10.0,1
3000.0,,bmoore5110,688.0,10%,190xx,PA,< 1 year,0.0,10.0,1
1500.0,,MHarkins,704.0,10%,189xx,PA,3 years,0.0,10.0,1
1000.0,,Moving,694.0,10%,354xx,AL,< 1 year,0.0,10.0,1
8000.0,,Recent College Grad Wants to Pay Off CCs,708.0,10%,374xx,TN,< 1 year,0.0,10.0,1
12000.0,,FoundersCafe.com,685.0,10%,770xx,TX,3 years,0.0,10.0,1
1000.0,,UChicago2004,698.0,10%,207xx,MD,3 years,0.0,10.0,1
15000.0,,Cancer is Killing My Credit,680.0,10%,432xx,OH,< 1 year,0.0,10.0,1
5000.0,,2006-2007 College Debt Loan,680.0,10%,011xx,MA,< 1 year,0.0,10.0,1
15000.0,,twbmc,712.0,10%,773xx,TX,< 1 year,0.0,10.0,1
5000.0,,Bills & Vacation,704.0,10%,212xx,MD,1 year,0.0,10.0,1
4950.0,,Vehicle Purchase/Used Auto,693.0,10%,220xx,VA,2 years,0.0,10.0,1
6100.0,,thejanman,684.0,24.69%,453xx,OH,2 years,0.0,24.69,1
12000.0,,Finish Off College,704.0,10%,462xx,IN,2 years,0.0,10.0,1
25000.0,,Phuocpnn,686.0,10%,631xx,MO,< 1 year,0.0,10.0,1
15000.0,,Established borrower consolodating debt,698.0,15.56%,559xx,MN,< 1 year,0.0,15.56,1
5000.0,,mainmanandy,719.0,10%,457xx,OH,< 1 year,0.0,10.0,1
10000.0,,Jaguar10301,602.0,2.25%,221xx,VA,< 1 year,0.0,2.25,1
10000.0,,rpinho78,475.0,21.77%,061xx,CT,< 1 year,0.0,21.77,1
1000.0,,ashtru,695.0,0%,443xx,OH,< 1 year,0.0,0.0,1
4000.0,,sparks,671.0,36.8%,630xx,MO,< 1 year,0.0,36.8,1
7000.0,,big fat lender,638.0,17.73%,941xx,CA,< 1 year,0.0,17.73,1
25000.0,,toeeeekne,671.0,4.5%,483xx,FL,2 years,0.0,4.5,1
1000.0,,stnthoma22,429.0,15.92%,462xx,IN,2 years,0.0,15.92,1
6500.0,,natbunn,632.0,12.98%,773xx,TX,< 1 year,0.0,12.98,1
2000.0,,SGearhart1381,579.0,32.64%,658xx,MO,< 1 year,0.0,32.64,1
15000.0,,2dozen,474.0,1.55%,453xx,OH,4 years,0.0,1.55,1
6000.0,,Good Heart Bad Credit!,463.0,12.34%,953xx,CA,1 year,0.0,12.34,1
2500.0,,mbcoon,593.0,18.43%,790xx,TX,1 year,0.0,18.43,1
12500.0,,boardwalk,578.0,31.82%,775xx,TX,9 years,0.0,31.82,1
3000.0,,danthe83,536.0,0%,551xx,MN,< 1 year,0.0,0.0,1
7500.0,,maryk2001,524.0,61.47%,316xx,GA,5 years,0.0,61.47,1
5000.0,,ppatti113,520.0,8.93%,024xx,MA,1 year,0.0,8.93,1
5000.0,,spidermonkey07,0.0,6%,448xx,OH,< 1 year,0.0,6.0,1
4000.0,,brock1jd,658.0,43.8%,480xx,MN,< 1 year,0.0,43.8,1
1000.0,,jprice1542,0.0,4.61%,373xx,TN,< 1 year,0.0,4.61,1
5000.0,,mashowar,492.0,15.73%,474xx,IN,4 years,0.0,15.73,1
1000.0,,jaynesweet,581.0,28.04%,681xx,NE,2 years,0.0,28.04,1
1000.0,,memorial,543.0,41.35%,328xx,FL,2 years,0.0,41.35,1
6025.0,,Fleurdetragedie,660.0,69.84%,301xx,GA,2 years,0.0,69.84,1
10000.0,,jfirson,503.0,61.07%,668xx,KS,1 year,0.0,61.07,1
3000.0,,cdc,556.0,20.91%,786xx,TX,1 year,0.0,20.91,1
10000.0,,katiemass,480.0,8.7%,452xx,OH,1 year,0.0,8.7,1
2100.0,,A clean sweep before buying a new house,684.0,10%,208xx,MD,1 year,0.0,10.0,1
5000.0,,kennysack,592.0,53.76%,477xx,IN,< 1 year,0.0,53.76,1
10000.0,,dreamerabove,600.0,3.84%,021xx,MA,< 1 year,0.0,3.84,1
1200.0,,jflack,524.0,0%,720xx,AR,4 years,0.0,0.0,1
4000.0,,ceodiva,460.0,0%,302xx,GA,< 1 year,0.0,0.0,1
15000.0,,joelforeman,654.0,27.48%,328xx,FL,2 years,0.0,27.48,1
1000.0,,auburnmk23,486.0,12.4%,368xx,AL,< 1 year,0.0,12.4,1
2500.0,,Scott Stowe,520.0,13.1%,460xx,IN,1 year,0.0,13.1,1
5000.0,,iamheatherleigh,0.0,0%,405xx,KY,5 years,0.0,0.0,1
2500.0,,Paying for college,547.0,29.16%,331xx,FL,< 1 year,0.0,29.16,1
1000.0,,alivrum,454.0,7.68%,434xx,OH,< 1 year,0.0,7.68,1
5000.0,,wbnd44,509.0,20%,436xx,OH,1 year,0.0,20.0,1
5000.0,,skyydogg,0.0,0%,535xx,WI,1 year,0.0,0.0,1
1500.0,,Svengar7,665.0,0%,191xx,PA,< 1 year,0.0,0.0,1
1000.0,,sopinksolovely,454.0,11.12%,113xx,NY,2 years,0.0,11.12,1
1000.0,,angelbabe,561.0,1.07%,104xx,NY,< 1 year,0.0,1.07,1
8000.0,,K9Genetics,565.0,11.67%,852xx,AZ,1 year,0.0,11.67,1
3500.0,,zminer,479.0,1.73%,805xx,CO,< 1 year,0.0,1.73,1
2500.0,,moecheeks21,444.0,0%,674xx,KS,< 1 year,0.0,0.0,1
25000.0,,Lilly,549.0,20.06%,852xx,AZ,4 years,0.0,20.06,1
4500.0,,QuisyFBaby,599.0,16.8%,212xx,MD,< 1 year,0.0,16.8,1
2000.0,,thesassaman,650.0,0%,980xx,WA,< 1 year,0.0,0.0,1
10000.0,,regan117,607.0,23.1%,182xx,PA,1 year,0.0,23.1,1
3500.0,,manx203,0.0,0%,151xx,PA,< 1 year,0.0,0.0,1
5000.0,,eswist,419.0,3.48%,773xx,TX,1 year,0.0,3.48,1
11000.0,,Consolidate Prosper,758.0,37.3%,972xx,OR,1 year,0.0,37.3,1
1500.0,,matt12amazing,504.0,27.45%,660xx,KS,< 1 year,0.0,27.45,1
1500.0,,dEs,711.0,58.8%,303xx,GA,1 year,0.0,58.8,1
1000.0,,I'm trying to repair my credit by paying off some old debts.,530.0,8.51%,722xx,AR,< 1 year,0.0,8.51,1
7000.0,,jd2427,473.0,23.96%,300xx,GA,< 1 year,0.0,23.96,1
25000.0,,Annieb6283,606.0,4.9%,191xx,PA,< 1 year,0.0,4.9,1
10000.0,,LenaPresley,502.0,0%,282xx,NC,< 1 year,0.0,0.0,1
4000.0,,bhissam,497.0,9.87%,261xx,WV,1 year,0.0,9.87,1
2500.0,,Jonelle's Study Abroad,709.0,10%,112xx,NY,< 1 year,0.0,10.0,1
3000.0,,belle54304,412.0,20.01%,543xx,WI,1 year,0.0,20.01,1
1000.0,,KB143,506.0,13.01%,372xx,TN,3 years,0.0,13.01,1
7500.0,,fsallustio,472.0,14.36%,021xx,MA,7 years,0.0,14.36,1
2000.0,,mlishuslymotvatd,507.0,0%,137xx,NY,< 1 year,0.0,0.0,1
1000.0,,Gballgamer,567.0,16.58%,805xx,CO,< 1 year,0.0,16.58,1
1100.0,,MATTHEW,551.0,0.72%,334xx,FL,4 years,0.0,0.72,1
3000.0,,saxman6160,0.0,4.05%,800xx,CO,< 1 year,0.0,4.05,1
1000.0,,queenlurline,0.0,0.86%,846xx,UT,< 1 year,0.0,0.86,1
7000.0,,chrisw1025,607.0,39.79%,278xx,NC,2 years,0.0,39.79,1
1000.0,,ErikBell,0.0,6.55%,800xx,CO,4 years,0.0,6.55,1
5000.0,,baileykearns,552.0,1.6%,450xx,OH,2 years,0.0,1.6,1
1300.0,,kimbbarr,643.0,22.5%,085xx,NJ,2 years,0.0,22.5,1
500.0,,Kiana_Noelle,547.0,18.52%,207xx,MD,4 years,0.0,18.52,1
1000.0,,Raistlan,647.0,7.21%,980xx,WA,7 years,0.0,7.21,1
1000.0,,chynadoll3586,531.0,493.6%,480xx,AL,1 year,0.0,493.6,1
3000.0,,Keith24601,612.0,6.72%,081xx,NJ,< 1 year,0.0,6.72,1
2000.0,,nicole38,656.0,5.51%,212xx,MD,1 year,0.0,5.51,1
5000.0,,Butterfly,528.0,18.4%,236xx,VA,2 years,0.0,18.4,1
2000.0,,speedy079,558.0,10.85%,085xx,NJ,5 years,0.0,10.85,1
10000.0,,demarishargett,461.0,14.76%,283xx,NC,3 years,0.0,14.76,1
6700.0,,LoveLearn,522.0,4.17%,302xx,GA,2 years,0.0,4.17,1
20000.0,,Back To School,690.0,0.4%,079xx,NJ,< 1 year,0.0,0.4,1
3400.0,,scooterodell,559.0,24.36%,145xx,NY,9 years,0.0,24.36,1
5000.0,,crazymacguy,633.0,13.03%,539xx,WI,< 1 year,0.0,13.03,1
8000.0,,TheresaF,481.0,12.21%,441xx,OH,< 1 year,0.0,12.21,1
6000.0,,tjudith,679.0,26.07%,232xx,VA,< 1 year,0.0,26.07,1
5000.0,,1OTH-MOUNTAIN-MAN,494.0,5.86%,136xx,NY,< 1 year,0.0,5.86,1
9500.0,,moneywise,582.0,1.47%,998xx,AK,1 year,0.0,1.47,1
3500.0,,tmsworld,583.0,3.12%,100xx,NY,< 1 year,0.0,3.12,1
1500.0,,Sapphieangel008,468.0,3.98%,452xx,OH,< 1 year,0.0,3.98,1
10000.0,,FSUgirl,565.0,6.48%,323xx,FL,< 1 year,0.0,6.48,1
10000.0,,GRNGLD08,576.0,46.15%,233xx,VA,< 1 year,0.0,46.15,1
800.0,,mozizzle86,696.0,24%,112xx,NY,< 1 year,0.0,24.0,1
10000.0,,brianmikalw,559.0,0%,136xx,NY,< 1 year,0.0,0.0,1
5000.0,,thephotoguy.seth,545.0,10.18%,337xx,TN,< 1 year,0.0,10.18,1
6000.0,,Chase,602.0,2.36%,354xx,AL,< 1 year,0.0,2.36,1
1000.0,,sgeorges86,626.0,3%,292xx,SC,< 1 year,0.0,3.0,1
1000.0,,meep737,640.0,5.51%,430xx,OH,1 year,0.0,5.51,1
15000.0,,laurel,528.0,34.27%,136xx,NY,< 1 year,0.0,34.27,1
2500.0,,kyrstyn,509.0,14.16%,171xx,PA,< 1 year,0.0,14.16,1
16000.0,,Eagle8XC Tuition loan,667.0,22.98%,056xx,VT,1 year,0.0,22.98,1
2000.0,,Emmyboo0569,607.0,6.91%,238xx,VA,1 year,0.0,6.91,1
4000.0,,jweme,609.0,14.5%,328xx,FL,< 1 year,0.0,14.5,1
2000.0,,Bizounce,450.0,14.34%,554xx,MN,< 1 year,0.0,14.34,1
3000.0,,lmhsfan,,9.26%,805xx,CO,< 1 year,0.0,9.26,1
6000.0,,Chuck Ave,492.0,12%,641xx,MO,< 1 year,0.0,12.0,1
2500.0,,RebelGrad07,549.0,21.94%,388xx,MS,7 years,0.0,21.94,1
3000.0,,mtalty,481.0,60.11%,462xx,IN,3 years,0.0,60.11,1
6000.0,,brint,716.0,4042.11%,752xx,TX,< 1 year,0.0,4042.11,1
17000.0,,Consolidating credit cards,653.0,5.96%,212xx,MD,4 years,0.0,5.96,1
5000.0,,jedurs,621.0,2.6%,231xx,VA,< 1 year,0.0,2.6,1
7500.0,,Charles,629.0,45.95%,322xx,FL,6 years,0.0,45.95,1
15000.0,,vervec,615.0,15%,024xx,MA,8 years,0.0,15.0,1
4000.0,,Debt Consolidation,608.0,0%,558xx,MN,< 1 year,0.0,0.0,1
4000.0,,Nickolae3,628.0,6.36%,403xx,KY,< 1 year,0.0,6.36,1
1000.0,,Alison,585.0,24%,803xx,CO,< 1 year,0.0,24.0,1
1500.0,,jaja9487,493.0,6.4%,457xx,OH,1 year,0.0,6.4,1
6500.0,,Sammy,512.0,1.84%,021xx,MA,9 years,0.0,1.84,1
5000.0,,Mattd,598.0,24.7%,300xx,GA,1 year,0.0,24.7,1
4000.0,,mattwalker,490.0,36.92%,235xx,VA,4 years,0.0,36.92,1
1500.0,,nfields1,588.0,9.23%,395xx,MS,< 1 year,0.0,9.23,1
1000.0,,luckyspirit,612.0,36.7%,658xx,MO,1 year,0.0,36.7,1
10000.0,,ali82fla,503.0,17.3%,336xx,FL,2 years,0.0,17.3,1
6000.0,,dirtbag05,454.0,21.6%,240xx,VA,< 1 year,0.0,21.6,1
25000.0,,peytongunn,512.0,0.77%,287xx,NC,< 1 year,0.0,0.77,1
10000.0,,ejsejsejs,0.0,0%,641xx,MO,1 year,0.0,0.0,1
4975.0,,triple007,523.0,1.84%,302xx,GA,8 years,0.0,1.84,1
25000.0,,Friend in need,557.0,18.83%,463xx,IN,1 year,0.0,18.83,1
5000.0,,B_lucas,530.0,0%,191xx,PA,< 1 year,0.0,0.0,1
15000.0,,Oldhouserenovator,576.0,17.06%,014xx,MA,2 years,0.0,17.06,1
3000.0,,keep0njeepin0n,548.0,17.74%,299xx,SC,4 years,0.0,17.74,1
3000.0,,arod76,497.0,10.59%,292xx,SC,3 years,0.0,10.59,1
12000.0,,Tony_Texan,,100%,802xx,CO,< 1 year,0.0,100.0,1
14000.0,,enturio,693.0,27.98%,112xx,NY,3 years,0.0,27.98,1
25000.0,,AdamDJohnson,0.0,0%,773xx,TX,4 years,0.0,0.0,1
1000.0,,PackAttack25,489.0,0%,283xx,NC,< 1 year,0.0,0.0,1
11000.0,,jar73186,0.0,0.75%,660xx,KS,1 year,0.0,0.75,1
1000.0,,iamjames,535.0,4.68%,630xx,MO,2 years,0.0,4.68,1
5000.0,,Hotspitta4life,557.0,9.6%,125xx,NY,< 1 year,0.0,9.6,1
5000.0,,SadRobot,639.0,1.32%,981xx,WA,4 years,0.0,1.32,1
3000.0,,Debonair,478.0,48.24%,984xx,WA,1 year,0.0,48.24,1
1000.0,,jessicavk,736.0,25.64%,462xx,IN,2 years,0.0,25.64,1
4000.0,,Chris Anthony,640.0,48.6%,473xx,IN,4 years,0.0,48.6,1
12000.0,,Responsible34,536.0,10.15%,752xx,TX,< 1 year,0.0,10.15,1
2000.0,,lizoplex,549.0,27.94%,372xx,TN,< 1 year,0.0,27.94,1
2500.0,,kmdones,454.0,15.07%,206xx,MD,< 1 year,0.0,15.07,1
2000.0,,evolution333,522.0,0%,278xx,NC,< 1 year,0.0,0.0,1
7000.0,,ctg5ny,533.0,136.56%,306xx,GA,2 years,0.0,136.56,1
15000.0,,Tumalu,635.0,18.91%,750xx,TX,1 year,0.0,18.91,1
5000.0,,MizzDavis,631.0,20.64%,432xx,OH,1 year,0.0,20.64,1
2500.0,,djdecibal,475.0,42.55%,557xx,MN,1 year,0.0,42.55,1
2000.0,,bleitheiser,445.0,0%,532xx,WI,< 1 year,0.0,0.0,1
5000.0,,I need to refinance credit card debt that I got paying some legal fees,700.0,16.05%,774xx,TX,< 1 year,0.0,16.05,1
3000.0,,Selly,590.0,12.6%,257xx,WV,2 years,0.0,12.6,1
2500.0,,Lady_Neasha,0.0,8.67%,631xx,MO,1 year,0.0,8.67,1
25000.0,,emy,494.0,0%,331xx,FL,7 years,0.0,0.0,1
22000.0,,Stomping,645.0,37.09%,197xx,DE,2 years,0.0,37.09,1
2500.0,,trenee02,619.0,3%,372xx,TN,< 1 year,0.0,3.0,1
2000.0,,jackie1625,628.0,10.45%,431xx,OH,1 year,0.0,10.45,1
15000.0,,TDudai4,512.0,20.57%,325xx,FL,10+ years,0.0,20.57,1
5000.0,,levi,611.0,14.28%,652xx,MO,< 1 year,0.0,14.28,1
15000.0,,jfernando1,652.0,28.33%,328xx,FL,3 years,0.0,28.33,1
5000.0,,Stacked186,585.0,1.8%,148xx,NY,< 1 year,0.0,1.8,1
9000.0,,RKurth34,537.0,37.4%,991xx,WA,3 years,0.0,37.4,1
1000.0,,mansplace,525.0,8.36%,706xx,LA,< 1 year,0.0,8.36,1
3000.0,,AWoodard,560.0,4.8%,644xx,MO,1 year,0.0,4.8,1
1000.0,,young1jay,590.0,13.5%,067xx,CT,< 1 year,0.0,13.5,1
1500.0,,chrislee4life,470.0,4.44%,991xx,WA,4 years,0.0,4.44,1
10000.0,,topdog1203,490.0,4.02%,537xx,WI,2 years,0.0,4.02,1
10000.0,,hungwilfredo,693.0,31.65%,333xx,FL,3 years,0.0,31.65,1
3000.0,,jaj0165,634.0,17.93%,354xx,AL,10+ years,0.0,17.93,1
17000.0,,caterik,628.0,22.76%,481xx,MI,< 1 year,0.0,22.76,1
1000.0,,smollieolliepop,603.0,9.95%,760xx,TX,< 1 year,0.0,9.95,1
7000.0,,Mom wants to get rid of credit card,532.0,4.02%,508xx,IA,7 years,0.0,4.02,1
3000.0,,whyte_smoke_187,569.0,10.04%,703xx,LA,1 year,0.0,10.04,1
1000.0,,December Purchases & Christmas Shopping,628.0,7.8%,010xx,MA,< 1 year,0.0,7.8,1
10000.0,,Jay,605.0,28.46%,220xx,VA,1 year,0.0,28.46,1
4000.0,,ThePegLeg,,100%,796xx,TX,< 1 year,0.0,100.0,1
5000.0,,Dbrow113,544.0,32.64%,300xx,GA,2 years,0.0,32.64,1
1800.0,,ffadahunsi,516.0,9.33%,112xx,NY,< 1 year,0.0,9.33,1
10000.0,,strehlj,633.0,11.06%,336xx,FL,3 years,0.0,11.06,1
25000.0,,Tasia_Audre,483.0,9.26%,276xx,NC,< 1 year,0.0,9.26,1
5200.0,,jags1677,651.0,27.04%,605xx,IL,< 1 year,0.0,27.04,1
5000.0,,Vetri,604.0,26.5%,132xx,NY,1 year,0.0,26.5,1
2150.0,,KapSig,455.0,13.52%,532xx,WI,1 year,0.0,13.52,1
5000.0,,christinam84,594.0,0%,127xx,NY,1 year,0.0,0.0,1
23000.0,,Trying to consolidate debt,651.0,11.27%,984xx,WA,1 year,0.0,11.27,1
25000.0,,JoeMattie,642.0,41.64%,997xx,AK,1 year,0.0,41.64,1
2000.0,,Jlb7557,529.0,27.01%,925xx,CA,1 year,0.0,27.01,1
5000.0,,Nerdular,617.0,6.17%,982xx,UT,< 1 year,0.0,6.17,1
5000.0,,clogteachr,647.0,19.75%,482xx,MI,8 years,0.0,19.75,1
25000.0,,ajo,589.0,5.74%,560xx,MN,2 years,0.0,5.74,1
3000.0,,JoelBacon,683.0,4.69%,481xx,OH,2 years,0.0,4.69,1
5000.0,,Looking for some help to pay healthcare ,508.0,11.1%,115xx,NY,3 years,0.0,11.1,1
5000.0,,drulover4eva2000,564.0,24.6%,212xx,MD,10+ years,0.0,24.6,1
1000.0,,drsray55,561.0,67.14%,257xx,WV,2 years,0.0,67.14,1
3500.0,,mqs0420,572.0,0%,350xx,AL,< 1 year,0.0,0.0,1
7500.0,,mrwilson,525.0,24%,640xx,MO,3 years,0.0,24.0,1
1000.0,,jeremysegars,482.0,21.43%,752xx,TX,< 1 year,0.0,21.43,1
1500.0,,asquit,581.0,2.52%,660xx,KS,1 year,0.0,2.52,1
10000.0,,Loan Consolidation,635.0,13.35%,926xx,CA,1 year,0.0,13.35,1
4000.0,,musicjunkieg,515.0,12.29%,100xx,NY,< 1 year,0.0,12.29,1
12000.0,,incognito,789.0,22.72%,014xx,MA,5 years,0.0,22.72,1
8000.0,,One Payment Plan,595.0,15.67%,672xx,KS,< 1 year,0.0,15.67,1
1300.0,,micdavhen,468.0,11.53%,277xx,NC,1 year,0.0,11.53,1
3000.0,,echolis,543.0,7.3%,142xx,NY,5 years,0.0,7.3,1
2200.0,,velodave,596.0,0.5%,432xx,OH,2 years,0.0,0.5,1
25000.0,,callana,619.0,10.29%,021xx,MA,2 years,0.0,10.29,1
10000.0,,SFPT,474.0,12.93%,546xx,WI,< 1 year,0.0,12.93,1
1000.0,,BrianMc21,0.0,0%,314xx,GA,< 1 year,0.0,0.0,1
7500.0,,DonGuzz,528.0,0%,021xx,MA,5 years,0.0,0.0,1
1000.0,,ninjaone,646.0,109.2%,752xx,TX,< 1 year,0.0,109.2,1
5000.0,,operaprincess86,600.0,10.12%,021xx,MA,1 year,0.0,10.12,1
10000.0,,flippidot,0.0,0%,100xx,NY,2 years,0.0,0.0,1
3000.0,,digitalkp,594.0,9.07%,114xx,NY,< 1 year,0.0,9.07,1
20000.0,,zu,635.0,9.87%,333xx,FL,3 years,0.0,9.87,1
8500.0,,wxman,702.0,30.19%,735xx,OK,1 year,0.0,30.19,1
1000.0,,andyasstronaut,561.0,21.7%,787xx,TX,3 years,0.0,21.7,1
20000.0,,RexMundi,530.0,0.69%,981xx,WA,4 years,0.0,0.69,1
3500.0,,Kristen811,538.0,13.55%,135xx,NY,7 years,0.0,13.55,1
8000.0,,reveiled,462.0,12.38%,334xx,FL,< 1 year,0.0,12.38,1
9000.0,,insanebeauty222,625.0,2.81%,049xx,ME,< 1 year,0.0,2.81,1
4500.0,,lwilli2480,628.0,15.79%,958xx,CO,10+ years,0.0,15.79,1
1000.0,,audralea,710.0,18.8%,720xx,AR,< 1 year,0.0,18.8,1
25000.0,,wendylou65,565.0,43.25%,453xx,OH,10+ years,0.0,43.25,1
4000.0,,aliciaversteeg,666.0,6.12%,452xx,OH,< 1 year,0.0,6.12,1
20000.0,,iltschi58,549.0,5.2%,201xx,VA,10+ years,0.0,5.2,1
5000.0,,VTNurse,650.0,11%,052xx,VT,2 years,0.0,11.0,1
25000.0,,betsy1120,570.0,22.56%,331xx,FL,2 years,0.0,22.56,1
4000.0,,Forex,657.0,39.55%,773xx,TX,2 years,0.0,39.55,1
11000.0,,personal loan,655.0,2.09%,104xx,NY,10+ years,0.0,2.09,1
7000.0,,clean slate,647.0,30.79%,216xx,MD,10+ years,0.0,30.79,1
4000.0,,prettybaby80,495.0,0%,104xx,NY,7 years,0.0,0.0,1
1400.0,,good person,488.0,8.94%,104xx,NY,9 years,0.0,8.94,1
15000.0,,pap0607,695.0,40.78%,296xx,SC,2 years,0.0,40.78,1
5000.0,,skywater,484.0,6.63%,857xx,AR,8 years,0.0,6.63,1
7500.0,,coffeeman,510.0,3.94%,211xx,MD,6 years,0.0,3.94,1
2000.0,,biblioteach,505.0,1.82%,287xx,NC,10+ years,0.0,1.82,1
20000.0,,DHaywood,543.0,0%,104xx,NY,< 1 year,0.0,0.0,1
9000.0,,mareliz,566.0,38.42%,018xx,MA,< 1 year,0.0,38.42,1
10000.0,,Moanablu,535.0,50.76%,550xx,MN,5 years,0.0,50.76,1
20000.0,,aujosh02,671.0,29.12%,368xx,AL,2 years,0.0,29.12,1
1000.0,,Rockstar,601.0,0%,467xx,IN,1 year,0.0,0.0,1
15000.0,,Choppee,480.0,680.31%,294xx,SC,1 year,0.0,680.31,1
15000.0,,alc1978,534.0,8.58%,917xx,CO,< 1 year,0.0,8.58,1
2000.0,,tammers,535.0,0.75%,285xx,NC,1 year,0.0,0.75,1
15000.0,,Btmason,571.0,23.6%,288xx,NC,< 1 year,0.0,23.6,1
20000.0,,G,609.0,27.72%,881xx,NM,2 years,0.0,27.72,1
13000.0,,terbehr,583.0,45.78%,843xx,UT,10+ years,0.0,45.78,1
25000.0,,evajones,623.0,23.01%,988xx,WA,4 years,0.0,23.01,1
2000.0,,Hismtngrl,527.0,51.73%,806xx,CO,6 years,0.0,51.73,1
20000.0,,singlemom71,596.0,9.96%,717xx,AR,6 years,0.0,9.96,1
5250.0,,musics,701.0,0.26%,180xx,PA,< 1 year,0.0,0.26,1
4000.0,,mfalette,524.0,5.04%,985xx,WA,1 year,0.0,5.04,1
12000.0,,legacy1,533.0,16.77%,370xx,TN,< 1 year,0.0,16.77,1
2500.0,,chappy84,574.0,3.2%,479xx,IN,1 year,0.0,3.2,1
6000.0,,Canisius College,645.0,9.51%,142xx,NY,< 1 year,0.0,9.51,1
5000.0,,Pandora46,606.0,40.88%,216xx,MD,10+ years,0.0,40.88,1
10700.0,,lynniea5,542.0,10.55%,201xx,VA,< 1 year,0.0,10.55,1
3500.0,,InjunNinja,487.0,0%,325xx,FL,1 year,0.0,0.0,1
3000.0,,fix1925,574.0,0%,464xx,IN,10+ years,0.0,0.0,1
6500.0,,cpetryk,533.0,50.4%,074xx,NJ,4 years,0.0,50.4,1
15000.0,,heyteacher,433.0,3.76%,308xx,GA,10+ years,0.0,3.76,1
5000.0,,Andrea Advincula,537.0,47.2%,477xx,IN,3 years,0.0,47.2,1
20000.0,,Skeeter,605.0,0%,847xx,UT,1 year,0.0,0.0,1
18000.0,,magoo69,632.0,33.05%,605xx,IL,10+ years,0.0,33.05,1
5000.0,,Willdukem07,0.0,0%,136xx,NY,10+ years,0.0,0.0,1
5000.0,,dwgallo,600.0,18.22%,088xx,NJ,10+ years,0.0,18.22,1
3500.0,,sharo41,432.0,4.03%,765xx,TX,2 years,0.0,4.03,1
1000.0,,teamgalvan,514.0,11.86%,809xx,CO,2 years,0.0,11.86,1
2500.0,,cebm82,625.0,33.12%,310xx,GA,5 years,0.0,33.12,1
13000.0,,Georgiadawgs45,0.0,0%,305xx,GA,< 1 year,0.0,0.0,1
1000.0,,CrawfordsGirl,493.0,18.84%,551xx,MN,< 1 year,0.0,18.84,1
4000.0,,SUZIEKLIND,537.0,22.95%,557xx,MN,3 years,0.0,22.95,1
4000.0,,semo_train,464.0,100.5%,633xx,MO,< 1 year,0.0,100.5,1
25000.0,,DedMansHnd,651.0,41.79%,765xx,TX,10+ years,0.0,41.79,1
1000.0,,psychnurse05,554.0,9.19%,559xx,MN,4 years,0.0,9.19,1
500.0,,lrod420,617.0,22.64%,660xx,KS,< 1 year,0.0,22.64,1
25000.0,,San_Diego,646.0,7.94%,921xx,CO,1 year,0.0,7.94,1
5500.0,,Kratos,594.0,18.76%,207xx,MD,< 1 year,0.0,18.76,1
4000.0,,ga71,588.0,31.79%,300xx,GA,6 years,0.0,31.79,1
1000.0,,zexzcbnbabe,501.0,10.08%,323xx,FL,< 1 year,0.0,10.08,1
1000.0,,Help rebuild Galveston,,100%,701xx,TX,10+ years,0.0,100.0,1
1000.0,,Phill0046,509.0,1.84%,274xx,NC,< 1 year,0.0,1.84,1
6000.0,,singleteach,485.0,15.23%,805xx,CO,7 years,0.0,15.23,1
1000.0,,billkach,483.0,7.2%,088xx,NJ,< 1 year,0.0,7.2,1
1000.0,,orangeslices,449.0,16.26%,440xx,OH,< 1 year,0.0,16.26,1
20000.0,,I would be using this loan to pay off high interest credit cards and medical bills.,631.0,17.79%,847xx,UT,3 years,0.0,17.79,1
5000.0,,shameless,593.0,24.2%,530xx,WI,10+ years,0.0,24.2,1
2500.0,,roselyn26,545.0,15.18%,967xx,HI,1 year,0.0,15.18,1
3000.0,,Melodyrcr,639.0,56.27%,708xx,LA,2 years,0.0,56.27,1
20000.0,,CallianaThomas,646.0,25.8%,100xx,NY,< 1 year,0.0,25.8,1
3000.0,,samurai,726.0,20400%,089xx,NJ,< 1 year,0.0,20400.0,1
1000.0,,dswilliams17,0.0,0%,794xx,TX,< 1 year,0.0,0.0,1
1500.0,,undonefilms,543.0,14.35%,030xx,NH,5 years,0.0,14.35,1
3500.0,,momtojr,661.0,242.83%,281xx,NC,10+ years,0.0,242.83,1
5000.0,,ikrsone12,503.0,3.74%,071xx,NJ,< 1 year,0.0,3.74,1
25000.0,,so1oonnet,727.0,6.69%,210xx,MD,< 1 year,0.0,6.69,1
1200.0,,twinsno1,586.0,3.63%,100xx,NY,< 1 year,0.0,3.63,1
3500.0,,resanchez,525.0,0%,800xx,CO,< 1 year,0.0,0.0,1
1000.0,,bigtrav2207,432.0,414.4%,640xx,MO,< 1 year,0.0,414.4,1
20000.0,,ms,563.0,33.04%,118xx,NY,5 years,0.0,33.04,1
4500.0,,Miss Stephanie,535.0,21.03%,104xx,NY,< 1 year,0.0,21.03,1
10000.0,,Esp-sonia,575.0,0%,331xx,FL,4 years,0.0,0.0,1
8000.0,,Fresh start,504.0,36.68%,487xx,MI,6 years,0.0,36.68,1
1500.0,,cocovanilla,491.0,2.54%,801xx,CO,< 1 year,0.0,2.54,1
1500.0,,suprstrmandie,0.0,14.4%,662xx,KS,2 years,0.0,14.4,1
2500.0,,Veganshero,456.0,88.4%,088xx,NJ,3 years,0.0,88.4,1
2500.0,,meghanneedsyou,544.0,0%,232xx,VA,< 1 year,0.0,0.0,1
15000.0,,malcolmp,592.0,2.37%,100xx,NY,< 1 year,0.0,2.37,1
5000.0,,JBurt0n6,507.0,63.5%,775xx,TX,3 years,0.0,63.5,1
3000.0,,Backon Track,522.0,11.96%,132xx,NY,3 years,0.0,11.96,1
2500.0,,jenjenfrench,609.0,12.5%,775xx,TX,< 1 year,0.0,12.5,1
25000.0,,realestate1,666.0,28.19%,080xx,NJ,10+ years,0.0,28.19,1
5500.0,,rdleathers1386,597.0,0%,303xx,GA,< 1 year,0.0,0.0,1
10000.0,,thenewlight,482.0,73.87%,021xx,MA,< 1 year,0.0,73.87,1
1500.0,,aquinas02,594.0,0%,641xx,MO,< 1 year,0.0,0.0,1
22000.0,,john123,595.0,17.11%,112xx,NY,1 year,0.0,17.11,1
1000.0,,My credit card is charging me 14%,720.0,27.21%,641xx,MO,4 years,0.0,27.21,1
20000.0,,coldspring2000,724.0,19.49%,410xx,KY,3 years,0.0,19.49,1
4000.0,,datboyfine,502.0,6.56%,191xx,PA,1 year,0.0,6.56,1
1000.0,,sardonix,676.0,32.8%,462xx,IN,2 years,0.0,32.8,1
1100.0,,PositiveBlack,504.0,6.78%,327xx,FL,< 1 year,0.0,6.78,1
25000.0,,Saxwoman2,562.0,15.36%,331xx,FL,< 1 year,0.0,15.36,1
8000.0,,"I intend to use this loan to pay off a credit card and most of my overdraft protection, while reducing my monthly payments (if I get my target rate).",727.0,47.63%,146xx,NY,4 years,0.0,47.63,1
6000.0,,lisat041475,499.0,18.91%,190xx,PA,9 years,0.0,18.91,1
5000.0,,sydneyausguy,632.0,13.43%,926xx,CT,< 1 year,0.0,13.43,1
15000.0,,ttallent,621.0,40.73%,379xx,TN,1 year,0.0,40.73,1
25000.0,,lil_wagner,546.0,34.42%,640xx,MO,< 1 year,0.0,34.42,1
3500.0,,softwarez,644.0,48.68%,333xx,FL,2 years,0.0,48.68,1
3000.0,,salman_khan,600.0,2.18%,114xx,NY,1 year,0.0,2.18,1
5000.0,,kcgyrl79,539.0,0%,997xx,AK,< 1 year,0.0,0.0,1
10500.0,,CrimsonApache,467.0,6.95%,366xx,AL,< 1 year,0.0,6.95,1
11000.0,,dseuphoria,453.0,6%,088xx,NJ,< 1 year,0.0,6.0,1
1000.0,,Jrb04k,561.0,8.17%,323xx,FL,1 year,0.0,8.17,1
8000.0,,PhD Student,500.0,38.4%,803xx,CO,5 years,0.0,38.4,1
13000.0,,Tmilhon,595.0,19.95%,322xx,FL,< 1 year,0.0,19.95,1
15000.0,,Taylor20620,519.0,0%,326xx,FL,1 year,0.0,0.0,1
8000.0,,skeevysteve,650.0,4.89%,021xx,MA,< 1 year,0.0,4.89,1
4500.0,,gmonaco21,564.0,14.47%,015xx,MA,< 1 year,0.0,14.47,1
21000.0,,cleancredit,641.0,18.43%,760xx,TX,< 1 year,0.0,18.43,1
15000.0,,angeltorres,492.0,28.95%,322xx,FL,2 years,0.0,28.95,1
5000.0,,mgillispie,424.0,5.36%,714xx,LA,< 1 year,0.0,5.36,1
20000.0,,Help Me Pay Debt and Live Life again!!!,647.0,25.32%,554xx,MN,1 year,0.0,25.32,1
500.0,,dm210,567.0,28.96%,207xx,MD,< 1 year,0.0,28.96,1
4000.0,,kktally,473.0,4.13%,300xx,GA,1 year,0.0,4.13,1
15000.0,,Bud84clt,598.0,12.46%,245xx,VA,7 years,0.0,12.46,1
1000.0,,burdahgirl,607.0,36.42%,303xx,GA,< 1 year,0.0,36.42,1
5000.0,,sonyshox23,492.0,9.19%,802xx,CO,3 years,0.0,9.19,1
925.0,,sdawn07,0.0,13.2%,802xx,CO,< 1 year,0.0,13.2,1
25000.0,,finny311,667.0,45.6%,100xx,NY,1 year,0.0,45.6,1
7500.0,,CSM72,430.0,16.19%,441xx,OH,4 years,0.0,16.19,1
2000.0,,garyhanna,546.0,23.23%,191xx,PA,3 years,0.0,23.23,1
5000.0,,PopStarChic,507.0,23.52%,480xx,MS,< 1 year,0.0,23.52,1
1000.0,,makewild13,469.0,1.32%,778xx,TX,1 year,0.0,1.32,1
10500.0,,farrowm,612.0,32.61%,138xx,NY,1 year,0.0,32.61,1
4000.0,,Mac101,567.0,35.49%,200xx,DC,< 1 year,0.0,35.49,1
4500.0,,Mikri,554.0,4.72%,142xx,NY,5 years,0.0,4.72,1
2500.0,,ypastor,549.0,37.58%,437xx,OH,4 years,0.0,37.58,1
8000.0,,Meems,561.0,6.07%,200xx,DC,< 1 year,0.0,6.07,1
2500.0,,missreese,566.0,19.4%,383xx,TN,10+ years,0.0,19.4,1
5000.0,,newdeal80,592.0,16.33%,681xx,NE,5 years,0.0,16.33,1
4000.0,,mrhe,578.0,0%,021xx,MA,2 years,0.0,0.0,1
2000.0,,weazley,656.0,12%,980xx,WA,2 years,0.0,12.0,1
1500.0,,challenger73,669.0,23.2%,473xx,IN,10+ years,0.0,23.2,1
500.0,,hotelie2011,635.0,1.86%,022xx,MA,< 1 year,0.0,1.86,1
1000.0,,mrscott01,535.0,25.5%,328xx,FL,< 1 year,0.0,25.5,1
1000.0,,felise32,418.0,0%,641xx,MO,< 1 year,0.0,0.0,1
9825.0,,acordars,576.0,14.28%,926xx,CA,2 years,0.0,14.28,1
1000.0,,phlsphrwrt,526.0,0%,531xx,WI,1 year,0.0,0.0,1
5000.0,,jabruzzese,570.0,21.06%,930xx,CA,6 years,0.0,21.06,1
8000.0,,Pomegranate,609.0,27%,402xx,KY,< 1 year,0.0,27.0,1
1000.0,,svbennett20,618.0,266.67%,357xx,AL,< 1 year,0.0,266.67,1
1000.0,,jennbuggisbroke,0.0,0.34%,304xx,GA,< 1 year,0.0,0.34,1
25000.0,,Antgrant27,494.0,13.92%,088xx,NJ,1 year,0.0,13.92,1
15000.0,,dwelters,473.0,8.25%,326xx,FL,7 years,0.0,8.25,1
3000.0,,jake2089,698.0,35.79%,080xx,NJ,< 1 year,0.0,35.79,1
2500.0,,tony1976,574.0,21.17%,300xx,GA,< 1 year,0.0,21.17,1
2500.0,,jamal69,493.0,23.88%,354xx,AL,< 1 year,0.0,23.88,1
1000.0,,BgBoye,454.0,1.98%,190xx,PA,< 1 year,0.0,1.98,1
2000.0,,Krys1019,588.0,0%,076xx,NJ,< 1 year,0.0,0.0,1
1000.0,,stush1021,525.0,0.89%,117xx,NY,< 1 year,0.0,0.89,1
2500.0,,kg05,0.0,0%,330xx,FL,< 1 year,0.0,0.0,1
25000.0,,jmott428,541.0,1.92%,156xx,PA,1 year,0.0,1.92,1
8300.0,,JudithAnn7244,592.0,24.95%,660xx,KS,7 years,0.0,24.95,1
500.0,,kimmy4lsu,469.0,16.37%,708xx,LA,< 1 year,0.0,16.37,1
1000.0,,Summer Semester Help,553.0,8.27%,981xx,WA,< 1 year,0.0,8.27,1
2000.0,,naomicastillo,504.0,0%,606xx,IN,1 year,0.0,0.0,1
10000.0,,carlos_sarmiento,493.0,14.12%,331xx,FL,10+ years,0.0,14.12,1
3500.0,,ladybuggs,492.0,4.54%,750xx,TX,1 year,0.0,4.54,1
5000.0,,caseyj25,512.0,21.68%,806xx,CO,4 years,0.0,21.68,1
6000.0,,youngbizman,606.0,9.94%,374xx,TN,< 1 year,0.0,9.94,1
3000.0,,mom2gjs,565.0,3.25%,664xx,KS,< 1 year,0.0,3.25,1
12000.0,,Robzilla,620.0,2.04%,276xx,NC,3 years,0.0,2.04,1
16000.0,,iluvjesus,440.0,2.48%,301xx,GA,2 years,0.0,2.48,1
5000.0,,andrea1125,454.0,6.38%,339xx,FL,1 year,0.0,6.38,1
5000.0,,treyduffy,483.0,8.04%,537xx,WI,< 1 year,0.0,8.04,1
10000.0,,renornotty,477.0,0%,551xx,MN,< 1 year,0.0,0.0,1
6000.0,,jchristmn,637.0,23.43%,681xx,NE,1 year,0.0,23.43,1
5000.0,,frenchy,496.0,44.17%,326xx,FL,< 1 year,0.0,44.17,1
5000.0,,devon_craig,527.0,12.62%,227xx,VA,1 year,0.0,12.62,1
12000.0,,fbg,429.0,245.63%,708xx,LA,3 years,0.0,245.63,1
20000.0,,studiob,570.0,38.06%,762xx,TX,3 years,0.0,38.06,1
1000.0,,Blckdhliagrl,703.0,0%,727xx,AR,< 1 year,0.0,0.0,1
20000.0,,skiman40,553.0,7.12%,730xx,OK,10+ years,0.0,7.12,1
10000.0,,Richard0716,603.0,43.26%,331xx,FL,4 years,0.0,43.26,1
2500.0,,voteforeric,599.0,0%,841xx,UT,1 year,0.0,0.0,1
3000.0,,Mr.Mesofly,547.0,1.97%,112xx,NY,< 1 year,0.0,1.97,1
1000.0,,big_nour,487.0,16.32%,554xx,MN,1 year,0.0,16.32,1
1000.0,,bluewarrior07,523.0,7.17%,282xx,NC,2 years,0.0,7.17,1
3000.0,,strivingforward,0.0,0%,325xx,FL,< 1 year,0.0,0.0,1
10000.0,,bigredone,480.0,12.17%,439xx,OH,10+ years,0.0,12.17,1
3000.0,,kymberly,510.0,23.96%,054xx,VT,2 years,0.0,23.96,1
3000.0,,welderman,0.0,0%,415xx,KY,1 year,0.0,0.0,1
1000.0,,Twofast4u12,567.0,9.69%,541xx,WI,1 year,0.0,9.69,1
4500.0,,KevinT,482.0,82.38%,282xx,NC,< 1 year,0.0,82.38,1
3500.0,,csh0430,533.0,0%,301xx,GA,10+ years,0.0,0.0,1
2500.0,,rootsrundeep,541.0,0.3%,474xx,IN,< 1 year,0.0,0.3,1
1000.0,,CBear,600.0,14.16%,740xx,OK,< 1 year,0.0,14.16,1
5000.0,,aebennett,530.0,5.2%,741xx,OK,2 years,0.0,5.2,1
4500.0,,dvermulm,623.0,8.02%,681xx,NE,< 1 year,0.0,8.02,1
2500.0,,JEW0831,465.0,0.62%,284xx,NC,< 1 year,0.0,0.62,1
8000.0,,Keyoung,543.0,6.36%,215xx,MD,7 years,0.0,6.36,1
6000.0,,km36,524.0,31.63%,463xx,IN,< 1 year,0.0,31.63,1
5000.0,,patval,549.0,21.49%,451xx,OH,1 year,0.0,21.49,1
15000.0,,Consolidating,639.0,15.76%,958xx,CA,10+ years,0.0,15.76,1
1000.0,,MiMi77,435.0,10.03%,346xx,FL,1 year,0.0,10.03,1
8000.0,,Alex R,610.0,11.47%,100xx,NY,1 year,0.0,11.47,1
5000.0,,Erynnesmom,455.0,28.14%,775xx,TX,8 years,0.0,28.14,1
5000.0,,Jesseandshanon,451.0,32.81%,775xx,TX,10+ years,0.0,32.81,1
10000.0,,Wendigo,472.0,33.05%,537xx,WI,< 1 year,0.0,33.05,1
20000.0,,amaury73,646.0,8.92%,331xx,FL,2 years,0.0,8.92,1
15000.0,,stacyby,519.0,13.76%,100xx,NY,3 years,0.0,13.76,1
2000.0,,max1991,451.0,6.89%,054xx,VT,8 years,0.0,6.89,1
7000.0,,dulcinea2007,471.0,16.22%,330xx,FL,< 1 year,0.0,16.22,1
4500.0,,theteeshirtlady,475.0,2.95%,270xx,NC,1 year,0.0,2.95,1
5000.0,,markf78,644.0,11.77%,226xx,VA,< 1 year,0.0,11.77,1
14000.0,,TopVetTech,607.0,0%,168xx,PA,7 years,0.0,0.0,1
25000.0,,insurance needs capital to relocate /pur,697.0,15.17%,134xx,NY,7 years,0.0,15.17,1
2300.0,,chrissy,448.0,6.24%,481xx,MI,9 years,0.0,6.24,1
1500.0,,avalancheroy33,455.0,9.57%,479xx,IN,< 1 year,0.0,9.57,1
5500.0,,akademiks,0.0,1.34%,072xx,NJ,< 1 year,0.0,1.34,1
2000.0,,jb1552,625.0,18.86%,730xx,OK,4 years,0.0,18.86,1
3500.0,,daniel09,0.0,0.6%,322xx,FL,< 1 year,0.0,0.6,1
8000.0,,jcouch,601.0,10.01%,473xx,IN,3 years,0.0,10.01,1
1000.0,,butcherboy220,609.0,20.19%,334xx,FL,10+ years,0.0,20.19,1
2000.0,,ecs11,592.0,13%,131xx,NY,2 years,0.0,13.0,1
1500.0,,Crystopher,493.0,0%,325xx,FL,< 1 year,0.0,0.0,1
12000.0,,coppert,556.0,4.43%,114xx,NY,10+ years,0.0,4.43,1
4500.0,,medicalgirl1981,604.0,6%,212xx,MD,1 year,0.0,6.0,1
500.0,,joycespowell76,556.0,1.92%,275xx,NC,1 year,0.0,1.92,1
15000.0,,cindercell914,526.0,10.57%,301xx,GA,< 1 year,0.0,10.57,1
3000.0,,AskMatt,651.0,28.42%,980xx,WA,< 1 year,0.0,28.42,1
3000.0,,EduYankee,588.0,24.65%,301xx,GA,< 1 year,0.0,24.65,1
3000.0,,southfloridian,550.0,0%,331xx,FL,1 year,0.0,0.0,1
6000.0,,Coffeelovr5,428.0,11.49%,441xx,OH,< 1 year,0.0,11.49,1
5000.0,,LAO0911,496.0,18.33%,631xx,MO,< 1 year,0.0,18.33,1
8000.0,,wncgirl,623.0,29.57%,287xx,NC,8 years,0.0,29.57,1
15000.0,,Etrader77,637.0,4.14%,434xx,OH,3 years,0.0,4.14,1
15000.0,,KeeperEF,640.0,30.52%,300xx,GA,2 years,0.0,30.52,1
5000.0,,AngelMeagan,473.0,31.45%,685xx,NE,< 1 year,0.0,31.45,1
3000.0,,morgansuzi,417.0,13.47%,282xx,NC,1 year,0.0,13.47,1
2000.0,,Consolidate credit cards,593.0,54.35%,681xx,NE,< 1 year,0.0,54.35,1
5000.0,,whitpop85,455.0,17.44%,477xx,IN,3 years,0.0,17.44,1
25000.0,,cbowman,0.0,0%,402xx,KY,1 year,0.0,0.0,1
12000.0,,joshj0829,554.0,18.65%,193xx,PA,4 years,0.0,18.65,1
2000.0,,$~KING~$,511.0,29.13%,333xx,FL,< 1 year,0.0,29.13,1
7000.0,,streetforce1,482.0,0%,100xx,NY,< 1 year,0.0,0.0,1
3000.0,,Cute N Cuddly Couple Need Moving Help,570.0,18.75%,840xx,UT,< 1 year,0.0,18.75,1
4750.0,,Want to attend college,618.0,5%,024xx,MA,< 1 year,0.0,5.0,1
6000.0,,Expanding21,545.0,0%,112xx,NY,4 years,0.0,0.0,1
2000.0,,Cushie,536.0,10.63%,986xx,WA,1 year,0.0,10.63,1
4000.0,,HELP!!,420.0,5.98%,606xx,IN,< 1 year,0.0,5.98,1
2000.0,,"I'm working on building up my credit and looking to pay a few credit cards off. These interest rates are high, and I'm basically throwing away money every month on monthly fees, membership fees, annual fees, and high interest. Would love to just consolidate, get them paid off once and for all and close the accounts",647.0,19.98%,440xx,OH,1 year,0.0,19.98,1
600.0,,Karen Mae,562.0,2.66%,016xx,MA,1 year,0.0,2.66,1
1000.0,,sachinpatel17,589.0,4.55%,334xx,FL,1 year,0.0,4.55,1
6000.0,,Family Funtime - Used Jetboat Purchase,625.0,7.38%,275xx,NC,10+ years,0.0,7.38,1
7500.0,,Nick67,582.0,8.6%,554xx,MN,< 1 year,0.0,8.6,1
15000.0,,tSchulz,577.0,0.33%,327xx,FL,2 years,0.0,0.33,1
3500.0,,Honeymoon Expense,595.0,0.57%,300xx,GA,1 year,0.0,0.57,1
1500.0,,telcor,615.0,12.65%,770xx,TX,1 year,0.0,12.65,1
13000.0,,jenny88,650.0,14.56%,981xx,WA,10+ years,0.0,14.56,1
25000.0,,ksstormhunter,555.0,24.94%,997xx,AK,10+ years,0.0,24.94,1
4500.0,,debbie812,631.0,10.75%,113xx,NY,10+ years,0.0,10.75,1
15000.0,,juannunes,591.0,14.81%,333xx,FL,2 years,0.0,14.81,1
1400.0,,tallchick25,536.0,0.67%,328xx,FL,1 year,0.0,0.67,1
1500.0,,Donlo,529.0,2.91%,530xx,WI,< 1 year,0.0,2.91,1
2000.0,,rgbrock1,478.0,4.41%,064xx,CT,3 years,0.0,4.41,1
1700.0,,caspian915,455.0,17.67%,112xx,NY,< 1 year,0.0,17.67,1
2000.0,,jawbreaker,646.0,7.25%,748xx,OK,10+ years,0.0,7.25,1
6000.0,,melonee80,546.0,15.66%,227xx,VA,3 years,0.0,15.66,1
20000.0,,keishab912,452.0,25.46%,315xx,GA,3 years,0.0,25.46,1
7500.0,,helpourdaughter,623.0,1.65%,028xx,RI,5 years,0.0,1.65,1
10000.0,,lidarkeyes32,614.0,23.19%,549xx,WI,< 1 year,0.0,23.19,1
7275.0,,Lost with a soul.... ,457.0,2.15%,212xx,MD,3 years,0.0,2.15,1
7500.0,,2Be_Pennywise,400.0,8.16%,212xx,MD,3 years,0.0,8.16,1
500.0,,RBinAK,526.0,21.03%,995xx,AK,< 1 year,0.0,21.03,1
7500.0,,mickisue,546.0,15.41%,551xx,MN,1 year,0.0,15.41,1
10000.0,,joshaccardo,592.0,12.75%,100xx,NY,1 year,0.0,12.75,1
7000.0,,eeyore28,0.0,0%,117xx,NY,1 year,0.0,0.0,1
3000.0,,Iteachkids,594.0,12.86%,201xx,VA,6 years,0.0,12.86,1
5000.0,,msmkharmon,518.0,21.65%,191xx,PA,3 years,0.0,21.65,1
5000.0,,jaysun,632.0,32.96%,206xx,MD,< 1 year,0.0,32.96,1
10000.0,,texasrocks,662.0,29.73%,761xx,TX,1 year,0.0,29.73,1
500.0,,Help Please,535.0,1.1%,088xx,NJ,1 year,0.0,1.1,1
25000.0,,BuckTruck,430.0,11.95%,320xx,FL,1 year,0.0,11.95,1
2500.0,,adevens,506.0,14.53%,532xx,WI,2 years,0.0,14.53,1
10000.0,,tejada00,635.0,14.25%,100xx,NY,2 years,0.0,14.25,1
1000.0,,Animaluva,660.0,85%,334xx,FL,6 years,0.0,85.0,1
2500.0,,wolfbabeusa71,0.0,0%,462xx,IN,< 1 year,0.0,0.0,1
2000.0,,NCcarebear,488.0,14.01%,283xx,NC,2 years,0.0,14.01,1
25000.0,,livewealthy,688.0,22.9%,021xx,MA,1 year,0.0,22.9,1
17000.0,,mimi1011,635.0,74.86%,282xx,NC,1 year,0.0,74.86,1
600.0,,bward07,618.0,14.4%,199xx,DE,< 1 year,0.0,14.4,1
13500.0,,teacher1,668.0,25.25%,233xx,VA,10+ years,0.0,25.25,1
7500.0,,Sm-biz owner seeks loan,,100%,891xx,NV,3 years,0.0,100.0,1
10000.0,,danomar200,689.0,47.56%,330xx,FL,2 years,0.0,47.56,1
25000.0,,tgrphillips,527.0,0%,534xx,WI,2 years,0.0,0.0,1
10000.0,,candela,711.0,34.37%,331xx,FL,1 year,0.0,34.37,1
3500.0,,flutterjenn,518.0,0%,282xx,NC,< 1 year,0.0,0.0,1
1300.0,,"Recently, I took my automobile to the dealership for a routine check-up.  I ended-up paying nearly $1700 to cover all the work that needed to be done.  Since I am fresh out of college, this is probably one of the worse thing that could have happened right now. This loan will allow me to cover all my basis so that I can pay my other expenses while trying to fill the hole that my car trouble have maid in my pocket.  Your help would be greatly appreciated.",632.0,11.39%,303xx,GA,1 year,0.0,11.39,1
7000.0,,ejohnson39154,680.0,9%,391xx,MS,10+ years,0.0,9.0,1
20000.0,,Sasha,591.0,30.67%,479xx,IN,3 years,0.0,30.67,1
3500.0,,vernsan,663.0,63.75%,760xx,TX,1 year,0.0,63.75,1
6000.0,,maria,654.0,57.66%,333xx,FL,1 year,0.0,57.66,1
5000.0,,maciel,601.0,56.4%,333xx,FL,< 1 year,0.0,56.4,1
2000.0,,paying debt,622.0,11.6%,077xx,NJ,< 1 year,0.0,11.6,1
1500.0,,cjustice,507.0,31.61%,755xx,TX,5 years,0.0,31.61,1
3500.0,,tranpir29,460.0,13.21%,082xx,NJ,7 years,0.0,13.21,1
6000.0,,LacyG,484.0,569.27%,200xx,DC,10+ years,0.0,569.27,1
3300.0,,lacydiva,437.0,1.57%,071xx,NJ,1 year,0.0,1.57,1
1000.0,,balik9201,600.0,5.12%,151xx,PA,< 1 year,0.0,5.12,1
3000.0,,tjhummel7,505.0,28.4%,544xx,WI,< 1 year,0.0,28.4,1
7000.0,,I am looking to consolidate high interest rate credit cards into one monthly payment and a set payoff schedule.  This will save me interest and money monthly.,591.0,17.29%,681xx,NE,6 years,0.0,17.29,1
10000.0,,dtslagle,517.0,17.34%,465xx,IN,< 1 year,0.0,17.34,1
3000.0,,FTL_Torgo,433.0,6.09%,342xx,FL,2 years,0.0,6.09,1
1200.0,,college210,544.0,19.95%,282xx,NC,< 1 year,0.0,19.95,1
4100.0,,urban513,509.0,3.23%,088xx,NJ,2 years,0.0,3.23,1
10000.0,,ajax6677,568.0,4.44%,547xx,WI,3 years,0.0,4.44,1
2500.0,,Omahajohn07,632.0,18.62%,681xx,NE,1 year,0.0,18.62,1
10000.0,,PC,535.0,0%,910xx,CO,2 years,0.0,0.0,1
12000.0,,bmxdmx,0.0,0%,112xx,NY,6 years,0.0,0.0,1
3000.0,,Joe,,16.63%,336xx,FL,2 years,0.0,16.63,1
5000.0,,zoebee7001,514.0,43.44%,010xx,MA,1 year,0.0,43.44,1
7500.0,,searching101,554.0,28.45%,541xx,WI,4 years,0.0,28.45,1
25000.0,,rwestmore7,577.0,17.92%,707xx,LA,2 years,0.0,17.92,1
1775.0,,m0e74,547.0,9.95%,020xx,MA,4 years,0.0,9.95,1
12000.0,,mwichmann4,690.0,9.63%,532xx,WI,< 1 year,0.0,9.63,1
5000.0,,MatthewEdwards,705.0,4.2%,750xx,TX,< 1 year,0.0,4.2,1
1000.0,,Sean C.,535.0,2%,983xx,WA,< 1 year,0.0,2.0,1
10000.0,,ErikaAndrea,626.0,26.87%,276xx,NC,1 year,0.0,26.87,1
3500.0,,EricaS,621.0,92.84%,756xx,TX,< 1 year,0.0,92.84,1
3500.0,,ked55,571.0,5.33%,782xx,TX,9 years,0.0,5.33,1
5000.0,,NEED TO pay off LOANS,563.0,10.82%,921xx,CA,1 year,0.0,10.82,1
6000.0,,The purpose of this loan is to take care of my existing tuition balance. Without it I will not be able to register for the upcoming semester of classes. I would need the loan as soon as possible as the school year will be starting in a matter of weeks. It would be a great help. Thank you. ,550.0,3.29%,065xx,CT,< 1 year,0.0,3.29,1
6000.0,,panglin,425.0,0.48%,297xx,SC,10+ years,0.0,0.48,1
5000.0,,dixieboy,466.0,0%,786xx,TX,< 1 year,0.0,0.0,1
4000.0,,kkospender,462.0,0%,285xx,NC,< 1 year,0.0,0.0,1
1500.0,,wmitchell,576.0,3.98%,711xx,LA,1 year,0.0,3.98,1
8000.0,,lafortune96,487.0,31.87%,180xx,PA,2 years,0.0,31.87,1
1550.0,,qunciy_gurl,478.0,7.93%,323xx,FL,< 1 year,0.0,7.93,1
7000.0,,Cleaning up credit and paying off taxes,484.0,13.25%,537xx,WI,< 1 year,0.0,13.25,1
5000.0,,jamphat,628.0,3.9%,201xx,VA,< 1 year,0.0,3.9,1
25000.0,,Great Business Loan,636.0,65.8%,486xx,MI,1 year,0.0,65.8,1
5000.0,,idefygravity81,466.0,1.75%,802xx,CO,3 years,0.0,1.75,1
4800.0,,joecalifornia2002,469.0,15.93%,950xx,CA,1 year,0.0,15.93,1
1000.0,,V-sizzle,680.0,68%,210xx,MD,6 years,0.0,68.0,1
9500.0,,lonesophist,548.0,0%,775xx,TX,2 years,0.0,0.0,1
500.0,,dabigticket31,0.0,0%,374xx,TN,< 1 year,0.0,0.0,1
15000.0,,aceguy,582.0,2.31%,956xx,MN,< 1 year,0.0,2.31,1
500.0,,Trojanman7667,530.0,0%,122xx,NY,1 year,0.0,0.0,1
2500.0,,TXAngel1983,561.0,23.5%,778xx,TX,< 1 year,0.0,23.5,1
25000.0,,Shy256,0.0,0%,357xx,AL,2 years,0.0,0.0,1
500.0,,Ldurfee,492.0,20.16%,257xx,WV,< 1 year,0.0,20.16,1
2200.0,,talktobrent,703.0,27.6%,551xx,MN,2 years,0.0,27.6,1
3750.0,,jaredonline,595.0,3.36%,857xx,AZ,1 year,0.0,3.36,1
3500.0,,JMSpike1875,563.0,7.53%,801xx,CO,1 year,0.0,7.53,1
1200.0,,skcah,557.0,1.71%,296xx,SC,< 1 year,0.0,1.71,1
4925.0,,javatoast,532.0,1.71%,276xx,NC,1 year,0.0,1.71,1
2000.0,,energiemedia,513.0,6.21%,070xx,NJ,< 1 year,0.0,6.21,1
2000.0,,silverferretcu,644.0,22.17%,070xx,NJ,< 1 year,0.0,22.17,1
1000.0,,ryotrellim,636.0,28.56%,875xx,NM,< 1 year,0.0,28.56,1
1500.0,,normlessness,674.0,32.35%,316xx,GA,< 1 year,0.0,32.35,1
500.0,,kodered1984,604.0,45.08%,321xx,FL,1 year,0.0,45.08,1
2000.0,,brokenspoke,440.0,9.08%,417xx,KY,< 1 year,0.0,9.08,1
12500.0,,Bubbasc12,543.0,26.84%,295xx,SC,6 years,0.0,26.84,1
15000.0,,home improvement and security funds,581.0,0%,333xx,FL,9 years,0.0,0.0,1
15000.0,,MattBK,727.0,32.34%,112xx,NY,1 year,0.0,32.34,1
25000.0,,Ken4Christ4ever,702.0,20.62%,852xx,AZ,< 1 year,0.0,20.62,1
5000.0,,Broken Heater/Air Conditioning Units,634.0,22.51%,951xx,CA,< 1 year,0.0,22.51,1
14000.0,,ebrelsford,623.0,13.48%,065xx,CT,1 year,0.0,13.48,1
1600.0,,smochan,427.0,15.74%,150xx,OH,1 year,0.0,15.74,1
1000.0,,JFreeden,495.0,0%,079xx,NJ,5 years,0.0,0.0,1
10000.0,,alexnotov,512.0,0.88%,112xx,NY,1 year,0.0,0.88,1
15000.0,,NicB,639.0,36.53%,852xx,AZ,< 1 year,0.0,36.53,1
22000.0,,searching4u,658.0,41.86%,068xx,CT,10+ years,0.0,41.86,1
8000.0,,darussian12,480.0,618.7%,786xx,TX,< 1 year,0.0,618.7,1
2000.0,,Vjo06,466.0,17.4%,109xx,NY,< 1 year,0.0,17.4,1
16000.0,,lendborrowbhappy,667.0,37.11%,068xx,CT,8 years,0.0,37.11,1
5000.0,,jrw023,476.0,17.28%,100xx,NY,< 1 year,0.0,17.28,1
5000.0,,jrsnifty,493.0,16.58%,023xx,MA,< 1 year,0.0,16.58,1
800.0,,Keyboardman110,0.0,0%,634xx,MO,1 year,0.0,0.0,1
500.0,,Daisan,570.0,0%,234xx,VA,10+ years,0.0,0.0,1
20000.0,,Foxylady,664.0,8.55%,333xx,FL,1 year,0.0,8.55,1
10000.0,,woodcs82,488.0,24.96%,341xx,FL,< 1 year,0.0,24.96,1
25000.0,,janeco,712.0,84.9%,800xx,CO,10+ years,0.0,84.9,1
15000.0,,gopats910,656.0,45.7%,123xx,NY,3 years,0.0,45.7,1
1000.0,,hi i am looking to close,539.0,7.54%,020xx,MA,4 years,0.0,7.54,1
25000.0,,sturzstrom,558.0,19.32%,207xx,MD,2 years,0.0,19.32,1
25000.0,,cranejames,599.0,16.27%,021xx,MA,7 years,0.0,16.27,1
2500.0,,cory2345,624.0,22.8%,330xx,FL,2 years,0.0,22.8,1
10000.0,,justinjscar,569.0,14.28%,432xx,OH,2 years,0.0,14.28,1
20000.0,,creamergc,464.0,16.78%,439xx,OH,10+ years,0.0,16.78,1
5500.0,,imnxdrunk,497.0,4.05%,070xx,NJ,10+ years,0.0,4.05,1
1500.0,,rossdurham,570.0,18.08%,282xx,NC,< 1 year,0.0,18.08,1
6000.0,,PJUDC,648.0,30.45%,200xx,DC,< 1 year,0.0,30.45,1
15000.0,,kari,483.0,32.5%,312xx,GA,< 1 year,0.0,32.5,1
15000.0,,anumoses,525.0,29.32%,605xx,IL,4 years,0.0,29.32,1
7000.0,,anonymous1303,559.0,5.31%,775xx,TX,1 year,0.0,5.31,1
1500.0,,MiMi,520.0,39.12%,300xx,GA,< 1 year,0.0,39.12,1
10000.0,,hnburrell,554.0,36.71%,119xx,NY,3 years,0.0,36.71,1
2500.0,,alienblue2006,0.0,0%,347xx,FL,< 1 year,0.0,0.0,1
5000.0,,ppchildcare,0.0,0%,119xx,NY,3 years,0.0,0.0,1
7500.0,,ecoinsales,529.0,11.87%,530xx,WI,< 1 year,0.0,11.87,1
2000.0,,dasha,577.0,3.59%,365xx,AL,< 1 year,0.0,3.59,1
5000.0,,Dewey,623.0,51.16%,554xx,MN,10+ years,0.0,51.16,1
2000.0,,wade44,533.0,13.83%,234xx,VA,6 years,0.0,13.83,1
2500.0,,Seveneleven13,573.0,15.9%,130xx,NY,2 years,0.0,15.9,1
2000.0,,jgiroux235,565.0,0.87%,850xx,AZ,1 year,0.0,0.87,1
9000.0,,walte123,431.0,0%,232xx,VA,1 year,0.0,0.0,1
20000.0,,swoop70,476.0,2.23%,178xx,OH,9 years,0.0,2.23,1
1000.0,,prkerbny,525.0,33.86%,197xx,DE,8 years,0.0,33.86,1
1000.0,,LanzAustin,627.0,19.28%,786xx,TX,10+ years,0.0,19.28,1
12000.0,,Razorbacks36,570.0,0%,431xx,OH,< 1 year,0.0,0.0,1
2000.0,,KH,556.0,5.85%,554xx,MN,10+ years,0.0,5.85,1
1500.0,,oneals,0.0,0%,350xx,AL,3 years,0.0,0.0,1
5000.0,,videoscan23,634.0,26.36%,337xx,FL,2 years,0.0,26.36,1
1550.0,,Prosper loan,570.0,6.32%,877xx,NM,2 years,0.0,6.32,1
7000.0,,phreakelove,493.0,7.89%,740xx,OK,2 years,0.0,7.89,1
5000.0,,Marvin12,591.0,6.16%,303xx,GA,1 year,0.0,6.16,1
1000.0,,yorkhugo,589.0,0%,372xx,TN,3 years,0.0,0.0,1
17000.0,,pghmatt,616.0,15.84%,150xx,PA,2 years,0.0,15.84,1
1000.0,,deathstr117,427.0,4.76%,532xx,WI,3 years,0.0,4.76,1
20000.0,,jeffratt,622.0,11.16%,115xx,NY,4 years,0.0,11.16,1
8000.0,,MRLN,441.0,10.39%,069xx,CT,< 1 year,0.0,10.39,1
7000.0,,mariale09,582.0,7.68%,333xx,FL,2 years,0.0,7.68,1
7000.0,,Machado,609.0,0.55%,333xx,FL,2 years,0.0,0.55,1
10000.0,,MTM21o83,500.0,146.4%,782xx,TX,< 1 year,0.0,146.4,1
1000.0,,Need Helping Hand,614.0,3.16%,024xx,MA,1 year,0.0,3.16,1
20000.0,,JMG3313,449.0,13.94%,606xx,IN,2 years,0.0,13.94,1
5000.0,,papamac,544.0,5.4%,339xx,FL,9 years,0.0,5.4,1
1000.0,,Songshand,650.0,4.56%,850xx,AZ,< 1 year,0.0,4.56,1
23000.0,,tdb44,658.0,59.25%,553xx,MN,5 years,0.0,59.25,1
1500.0,,k-alex-52,511.0,0.41%,681xx,NE,3 years,0.0,0.41,1
10000.0,,bblboy54,596.0,7.71%,226xx,VA,2 years,0.0,7.71,1
5000.0,,eggfinder,595.0,5.49%,474xx,IN,3 years,0.0,5.49,1
1000.0,,burningbend,582.0,9999%,236xx,VA,< 1 year,0.0,9999.0,1
3000.0,,Paying off credit cards/merging consumer,608.0,15.03%,462xx,IN,1 year,0.0,15.03,1
8500.0,,xellz,420.0,260.28%,712xx,LA,8 years,0.0,260.28,1
5500.0,,urbanphoenyx,600.0,17.97%,100xx,NY,1 year,0.0,17.97,1
2000.0,,Entoaggie09,634.0,0%,778xx,TX,1 year,0.0,0.0,1
25000.0,,jim0120,592.0,19.16%,342xx,FL,4 years,0.0,19.16,1
3000.0,,tbrackett,466.0,36.83%,352xx,AL,3 years,0.0,36.83,1
10000.0,,jake,631.0,25.48%,401xx,KY,6 years,0.0,25.48,1
10000.0,,ajstewart19,611.0,25.15%,301xx,GA,1 year,0.0,25.15,1
20000.0,,delosomedia,586.0,10.5%,275xx,NC,< 1 year,0.0,10.5,1
20000.0,,Mardayna,634.0,9.51%,986xx,WA,1 year,0.0,9.51,1
5000.0,,tsmithee2003,661.0,30.96%,726xx,AR,1 year,0.0,30.96,1
1500.0,,Tluu,658.0,100%,787xx,TX,< 1 year,0.0,100.0,1
4000.0,,nemequittepas,511.0,14.87%,292xx,SC,4 years,0.0,14.87,1
5000.0,,footballfan61,477.0,22.62%,638xx,MO,10+ years,0.0,22.62,1
7000.0,,workaholic39,642.0,16.65%,112xx,NY,3 years,0.0,16.65,1
2000.0,,maladyky,477.0,25.38%,417xx,KY,1 year,0.0,25.38,1
500.0,,cilver18,523.0,372%,300xx,GA,< 1 year,0.0,372.0,1
6000.0,,william.alvarez,0.0,0%,070xx,NJ,2 years,0.0,0.0,1
6000.0,,larryjburns,525.0,8.16%,720xx,AR,3 years,0.0,8.16,1
4000.0,,mrkblack,547.0,7.34%,302xx,GA,1 year,0.0,7.34,1
11000.0,,Parrabe21,431.0,685.09%,327xx,FL,< 1 year,0.0,685.09,1
1500.0,,Pay off Tax Debt & Consolidate CCs,541.0,15.4%,841xx,UT,6 years,0.0,15.4,1
1500.0,,Simply_Beautiful,460.0,2.4%,301xx,GA,< 1 year,0.0,2.4,1
500.0,,msteckler,591.0,0%,980xx,WA,2 years,0.0,0.0,1
500.0,,2001eagle,522.0,11.22%,766xx,TX,3 years,0.0,11.22,1
18000.0,,sfg,671.0,44.83%,441xx,OH,10+ years,0.0,44.83,1
10000.0,,AndyInAtlanta,543.0,19.45%,300xx,GA,< 1 year,0.0,19.45,1
2525.0,,Bandeno,496.0,10.27%,300xx,GA,8 years,0.0,10.27,1
20000.0,,Personal Consolidation,698.0,15%,100xx,NY,< 1 year,0.0,15.0,1
9000.0,,chronicole,554.0,9.21%,972xx,WA,1 year,0.0,9.21,1
6500.0,,mandmboysfan,715.0,16.57%,554xx,MN,3 years,0.0,16.57,1
750.0,,Morgansgirl23,611.0,2.4%,442xx,OH,4 years,0.0,2.4,1
5000.0,,michaels,559.0,50.19%,280xx,NC,5 years,0.0,50.19,1
12000.0,,Emergency Loan Needed,0.0,2.57%,774xx,TX,< 1 year,0.0,2.57,1
25000.0,,thyui,686.0,3012%,941xx,CA,< 1 year,0.0,3012.0,1
10000.0,,clvarney,539.0,1.61%,253xx,WV,< 1 year,0.0,1.61,1
3000.0,,pizzaman,591.0,19.77%,653xx,MO,4 years,0.0,19.77,1
20000.0,,baxjohn,508.0,0%,125xx,NY,< 1 year,0.0,0.0,1
6000.0,,lucy_goosey,618.0,0.43%,981xx,WA,< 1 year,0.0,0.43,1
13000.0,,msziva,431.0,19.69%,173xx,MD,10+ years,0.0,19.69,1
9000.0,,Short term secured loa,455.0,0.9%,980xx,WA,1 year,0.0,0.9,1
5000.0,,Need funds for mortgage modification!,515.0,9.93%,770xx,TX,< 1 year,0.0,9.93,1
25000.0,,Irish45,622.0,16.53%,027xx,MA,8 years,0.0,16.53,1
1000.0,,cmjasonl04101,495.0,5.04%,041xx,ME,2 years,0.0,5.04,1
5000.0,,kentrell2006,458.0,4%,300xx,GA,3 years,0.0,4.0,1
7500.0,,mcs119,570.0,8%,391xx,MS,3 years,0.0,8.0,1
25000.0,,M_Designs,469.0,13.95%,331xx,FL,< 1 year,0.0,13.95,1
2000.0,,BGenious,598.0,25.11%,276xx,NC,9 years,0.0,25.11,1
500.0,,sanjeet,512.0,11.28%,660xx,KS,< 1 year,0.0,11.28,1
15000.0,,QuirkyMolina,490.0,10.97%,770xx,TX,< 1 year,0.0,10.97,1
5000.0,,ready4achange,549.0,17.05%,326xx,FL,4 years,0.0,17.05,1
950.0,,VolatileAtom,461.0,9.37%,331xx,FL,3 years,0.0,9.37,1
1000.0,,Refinance Credit Cards For a Better Rate,610.0,27.78%,750xx,TX,4 years,0.0,27.78,1
16225.0,,marthahuckabay,659.0,18%,700xx,LA,3 years,0.0,18.0,1
500.0,,Help Fund For Education,589.0,12.26%,088xx,NJ,1 year,0.0,12.26,1
5000.0,,Kojo,0.0,2.4%,404xx,KY,1 year,0.0,2.4,1
15000.0,,mr_postman,564.0,6.25%,921xx,CA,2 years,0.0,6.25,1
5500.0,,raiderpmd1,623.0,8.72%,334xx,FL,10+ years,0.0,8.72,1
13000.0,,cwvwmwcw,542.0,25.17%,773xx,TX,< 1 year,0.0,25.17,1
12000.0,,vwcwmwcw,538.0,38.17%,773xx,TX,2 years,0.0,38.17,1
4000.0,,smellein,508.0,25.5%,852xx,AZ,< 1 year,0.0,25.5,1
5000.0,,acooper2,533.0,10.82%,700xx,LA,1 year,0.0,10.82,1
7500.0,,corpsman84,582.0,6.3%,214xx,MD,< 1 year,0.0,6.3,1
8000.0,,itakedablame,544.0,9.38%,112xx,NY,< 1 year,0.0,9.38,1
2000.0,,Amanda_J_04,480.0,0%,646xx,MO,< 1 year,0.0,0.0,1
4000.0,,yroseb,589.0,4.78%,209xx,MD,5 years,0.0,4.78,1
6000.0,,crazygirl,483.0,4.08%,802xx,CO,1 year,0.0,4.08,1
25000.0,,syrenia,604.0,23.94%,225xx,VA,< 1 year,0.0,23.94,1
7500.0,,Saleysmom,449.0,14.78%,496xx,MN,6 years,0.0,14.78,1
2700.0,,buttercup-1970,526.0,31.69%,731xx,OK,6 years,0.0,31.69,1
2500.0,,king5six1,442.0,12.56%,334xx,FL,1 year,0.0,12.56,1
500.0,,redarrow,670.0,63600%,553xx,MN,2 years,0.0,63600.0,1
5000.0,,coalpha,578.0,13.92%,802xx,CO,1 year,0.0,13.92,1
700.0,,lilstuff28,410.0,9.63%,760xx,TX,< 1 year,0.0,9.63,1
25000.0,,Selley,625.0,3.16%,600xx,WI,10+ years,0.0,3.16,1
5000.0,,MikeStrock,650.0,20.95%,980xx,WA,5 years,0.0,20.95,1
3000.0,,nruizar,553.0,41.71%,331xx,FL,2 years,0.0,41.71,1
5000.0,,oucutiern,419.0,13.76%,741xx,OK,1 year,0.0,13.76,1
5000.0,,superkicker,475.0,34.75%,975xx,OH,< 1 year,0.0,34.75,1
3000.0,,Need to payoff high interest payday loan,542.0,0.85%,891xx,NV,2 years,0.0,0.85,1
9000.0,,Puppy_Hershey,650.0,52.98%,852xx,AZ,< 1 year,0.0,52.98,1
22300.0,,castlwizz,629.0,37.05%,952xx,CA,< 1 year,0.0,37.05,1
5000.0,,k-bro,583.0,0.52%,847xx,UT,1 year,0.0,0.52,1
25000.0,,ProudMarineProudPapa,613.0,2.74%,853xx,AZ,3 years,0.0,2.74,1
2000.0,,clarigem,501.0,0%,100xx,NY,< 1 year,0.0,0.0,1
8700.0,,consolidate debt,682.0,52.95%,712xx,LA,4 years,0.0,52.95,1
5000.0,,AaronHansen,460.0,4.72%,121xx,NY,1 year,0.0,4.72,1
25000.0,,Mycstro,498.0,0%,076xx,NJ,< 1 year,0.0,0.0,1
5000.0,,credittest,700.0,25%,100xx,NY,< 1 year,0.0,25.0,1
1000.0,,digix010,516.0,18.18%,535xx,WI,2 years,0.0,18.18,1
12500.0,,fpres1079,517.0,19.02%,708xx,LA,1 year,0.0,19.02,1
25000.0,,czar2k4ever,425.0,16.54%,354xx,AL,2 years,0.0,16.54,1
10000.0,,silvia,495.0,7.1%,333xx,FL,1 year,0.0,7.1,1
1500.0,,whitedove40,578.0,2.5%,265xx,WV,1 year,0.0,2.5,1
25000.0,,Fester5,700.0,33%,530xx,WI,5 years,0.0,33.0,1
2000.0,,Kyguy,510.0,16.66%,400xx,KY,4 years,0.0,16.66,1
1500.0,,freebird72,550.0,0%,265xx,WV,< 1 year,0.0,0.0,1
5000.0,,jc,613.0,27.31%,331xx,FL,10+ years,0.0,27.31,1
10000.0,,rara07,650.0,47.02%,100xx,NY,< 1 year,0.0,47.02,1
5000.0,,KBroad01,574.0,2.38%,740xx,OK,10+ years,0.0,2.38,1
3000.0,,cardiostudent,578.0,26.74%,329xx,FL,< 1 year,0.0,26.74,1
8000.0,,naturefreak715,648.0,25.92%,089xx,NJ,< 1 year,0.0,25.92,1
2000.0,,Sharellybme,605.0,30.6%,065xx,CT,2 years,0.0,30.6,1
10000.0,,woushe23,528.0,0%,115xx,NY,2 years,0.0,0.0,1
5000.0,,harlemshunny89,0.0,1.26%,100xx,NY,3 years,0.0,1.26,1
4000.0,,cssp1000,558.0,12.72%,346xx,FL,< 1 year,0.0,12.72,1
4000.0,,Trying to pay off credit cards and pay you rather than pay the high interest to the credit lenders,653.0,0%,021xx,MA,1 year,0.0,0.0,1
10000.0,,rosie66,581.0,4.14%,302xx,GA,3 years,0.0,4.14,1
16200.0,,mdbia,577.0,0%,302xx,GA,< 1 year,0.0,0.0,1
3000.0,,mrfriggz,522.0,0%,850xx,AZ,3 years,0.0,0.0,1
25000.0,,bobershaw,502.0,56.61%,840xx,UT,2 years,0.0,56.61,1
25000.0,,PhoenixFawkes,579.0,24.31%,441xx,OH,3 years,0.0,24.31,1
500.0,,Omgitsjoe89,0.0,0%,125xx,NY,< 1 year,0.0,0.0,1
1500.0,,hakunamachada,527.0,112%,741xx,OK,< 1 year,0.0,112.0,1
2700.0,,kcguy,552.0,11.69%,641xx,MO,1 year,0.0,11.69,1
2000.0,,umkchell,453.0,41.57%,641xx,MO,< 1 year,0.0,41.57,1
18000.0,,pqwest76,492.0,12.38%,201xx,VA,< 1 year,0.0,12.38,1
2475.0,,missinprophet101,487.0,10%,021xx,MA,< 1 year,0.0,10.0,1
3000.0,,jgordon,431.0,0%,328xx,FL,< 1 year,0.0,0.0,1
20000.0,,GraduatingSoon,582.0,46.98%,351xx,AL,4 years,0.0,46.98,1
5000.0,,EndertJW,457.0,1.02%,489xx,MI,1 year,0.0,1.02,1
7000.0,,chirn9980,637.0,44.4%,450xx,OH,8 years,0.0,44.4,1
800.0,,kdeveres,511.0,444%,672xx,KS,< 1 year,0.0,444.0,1
6000.0,,lhowell286,478.0,8.56%,104xx,NY,2 years,0.0,8.56,1
5000.0,,nodnarb100,553.0,25.95%,105xx,NY,4 years,0.0,25.95,1
20000.0,,jasonw4,517.0,18.17%,554xx,MN,2 years,0.0,18.17,1
3000.0,,jjrene,493.0,28.24%,023xx,MA,1 year,0.0,28.24,1
3000.0,,Liberty ST,626.0,2.56%,104xx,NY,1 year,0.0,2.56,1
25000.0,,robin,670.0,17.64%,333xx,FL,< 1 year,0.0,17.64,1
1000.0,,Judy,664.0,0.44%,068xx,CT,10+ years,0.0,0.44,1
25000.0,,swolff,503.0,71.27%,407xx,KY,2 years,0.0,71.27,1
1000.0,,richkid,659.0,16.19%,361xx,AL,6 years,0.0,16.19,1
7000.0,,katmill,507.0,23.13%,853xx,AZ,5 years,0.0,23.13,1
4500.0,,golden_girl5,496.0,0%,232xx,VA,1 year,0.0,0.0,1
2600.0,,leovarg_67,576.0,14.88%,333xx,FL,< 1 year,0.0,14.88,1
2400.0,,rickz,569.0,22.17%,199xx,DE,9 years,0.0,22.17,1
3000.0,,singlemom21,504.0,5.45%,104xx,NY,< 1 year,0.0,5.45,1
25000.0,,ivanjose,605.0,21.11%,333xx,FL,10+ years,0.0,21.11,1
5000.0,,papichulo476,661.0,25.2%,088xx,NJ,2 years,0.0,25.2,1
25000.0,,BrinzeGoddess,664.0,27.38%,109xx,NY,2 years,0.0,27.38,1
4300.0,,digitalpariah,604.0,7.06%,444xx,OH,< 1 year,0.0,7.06,1
5000.0,,Viper,536.0,1.09%,687xx,NE,1 year,0.0,1.09,1
3000.0,,farleynyc,598.0,8.84%,070xx,NJ,< 1 year,0.0,8.84,1
10000.0,,eaglenest90,611.0,42.15%,083xx,NJ,< 1 year,0.0,42.15,1
6000.0,,FedeX,568.0,17.33%,330xx,FL,5 years,0.0,17.33,1
7500.0,,kegmar,503.0,6.24%,122xx,NY,3 years,0.0,6.24,1
2000.0,,sabrena555,532.0,25.24%,950xx,CO,5 years,0.0,25.24,1
5000.0,,mrod777,558.0,105.43%,950xx,CO,5 years,0.0,105.43,1
20000.0,,michael,560.0,35.91%,140xx,NY,< 1 year,0.0,35.91,1
15000.0,,Alex Priel,582.0,7.6%,440xx,OH,2 years,0.0,7.6,1
5000.0,,dalton,506.0,21.65%,631xx,MO,< 1 year,0.0,21.65,1
9000.0,,dmorris,627.0,51.1%,551xx,MN,< 1 year,0.0,51.1,1
1000.0,,A Grand For A Plan,579.0,10.8%,498xx,MI,3 years,0.0,10.8,1
3500.0,,laphelle,556.0,20.32%,292xx,SC,2 years,0.0,20.32,1
8000.0,,secure216,468.0,19.73%,481xx,MS,1 year,0.0,19.73,1
2500.0,,Kibure,536.0,12.07%,305xx,GA,< 1 year,0.0,12.07,1
10000.0,,skierpro,628.0,17.76%,144xx,NY,< 1 year,0.0,17.76,1
1250.0,,abjones626,485.0,324%,647xx,MO,2 years,0.0,324.0,1
10000.0,,help me refinance ,683.0,28.77%,191xx,PA,1 year,0.0,28.77,1
17000.0,,sassylassy,483.0,16.8%,740xx,OK,2 years,0.0,16.8,1
1450.0,,fltmaiden,489.0,16.59%,907xx,CO,10+ years,0.0,16.59,1
1850.0,,ejschoster,541.0,31%,532xx,WI,< 1 year,0.0,31.0,1
1000.0,,tb42,712.0,12.87%,841xx,UT,5 years,0.0,12.87,1
8500.0,,Jenna9986,658.0,2.84%,233xx,VA,< 1 year,0.0,2.84,1
2000.0,,blightymouse,612.0,4.58%,776xx,TX,10+ years,0.0,4.58,1
10000.0,,sherloch,570.0,0%,786xx,TX,2 years,0.0,0.0,1
500.0,,vbor72,472.0,9.65%,339xx,FL,1 year,0.0,9.65,1
500.0,,aka_mom3,434.0,16.1%,461xx,IN,4 years,0.0,16.1,1
2000.0,,chijackie6,610.0,26.71%,442xx,OH,< 1 year,0.0,26.71,1
1500.0,,Joshua Harwood,695.0,30.3%,852xx,AZ,3 years,0.0,30.3,1
25000.0,,chawk,724.0,0%,637xx,MO,< 1 year,0.0,0.0,1
4000.0,,nubeea,541.0,16.3%,850xx,AZ,< 1 year,0.0,16.3,1
5000.0,,ellc1234,552.0,0.61%,981xx,WA,3 years,0.0,0.61,1
3500.0,,eone865,582.0,9.21%,100xx,NY,< 1 year,0.0,9.21,1
10000.0,,Have experiance need the money,580.0,2.3%,296xx,SC,1 year,0.0,2.3,1
2000.0,,Catching Up On Expenses,415.0,2.4%,112xx,NY,9 years,0.0,2.4,1
10000.0,,"lsldldk doinfn ,fnopsd",640.0,41.66%,038xx,NH,< 1 year,0.0,41.66,1
11500.0,,Tall Scott,535.0,1%,038xx,NH,1 year,0.0,1.0,1
5000.0,,Woody6165,562.0,25.89%,275xx,NC,2 years,0.0,25.89,1
10000.0,,twchorses,626.0,31.04%,746xx,OK,4 years,0.0,31.04,1
15000.0,,cali555,450.0,16.75%,917xx,AZ,1 year,0.0,16.75,1
9000.0,,LizardKing,470.0,4.35%,140xx,NY,5 years,0.0,4.35,1
5000.0,,Unsecured personal loan,684.0,0.39%,112xx,NY,8 years,0.0,0.39,1
3000.0,,Jonathan,594.0,0%,331xx,FL,< 1 year,0.0,0.0,1
8500.0,,kim9294,511.0,101.5%,483xx,MA,7 years,0.0,101.5,1
3000.0,,"I am a college student at DeVry University in my last year. I would like to pay off my credit card debt I have accumulated while in college to improve my credit score and make life easier by only having one payment every month. I have never missed a payment. I do not have any other debt of any kind. Tuition, room, and board are being paid for me.  I do not have any expenses besides credit card payments and miscellaneous small items.  My current monthly budget is as follows:  Credit card payments: $120 Miscellaneous expenses: $80 Total: $200 Income: $600 Free cash flow: $400 ",630.0,22.08%,750xx,TX,< 1 year,0.0,22.08,1
3000.0,,honeygirl,575.0,0.93%,606xx,IN,3 years,0.0,0.93,1
15400.0,,olind111,547.0,31.28%,974xx,OH,4 years,0.0,31.28,1
6000.0,,iacableguy,412.0,0.56%,550xx,MN,< 1 year,0.0,0.56,1
2000.0,,sonicsareus,420.0,10.39%,633xx,MO,3 years,0.0,10.39,1
3000.0,,jme621,592.0,17.03%,675xx,KS,1 year,0.0,17.03,1
7000.0,,"Paying off Prosper, building website",666.0,25%,660xx,KS,< 1 year,0.0,25.0,1
3800.0,,saras129,653.0,25%,087xx,NJ,< 1 year,0.0,25.0,1
25000.0,,rd11,629.0,277.66%,985xx,WA,6 years,0.0,277.66,1
2000.0,,havok410,587.0,7.97%,100xx,NY,1 year,0.0,7.97,1
8000.0,,jplcrum,540.0,9.06%,100xx,NY,< 1 year,0.0,9.06,1
5000.0,,robb1278,613.0,28.7%,435xx,OH,1 year,0.0,28.7,1
10000.0,,ggatt,442.0,13.94%,782xx,TX,3 years,0.0,13.94,1
7000.0,,FreeFreekey,476.0,2.78%,276xx,NC,1 year,0.0,2.78,1
4000.0,,New Carpet for Our Home,488.0,0%,760xx,TX,< 1 year,0.0,0.0,1
2500.0,,ernpet,576.0,1.68%,352xx,AL,2 years,0.0,1.68,1
4200.0,,Texasgirl67,633.0,24.53%,752xx,TX,< 1 year,0.0,24.53,1
1500.0,,xkidace,0.0,0.46%,105xx,NY,3 years,0.0,0.46,1
10000.0,,bzazab4,597.0,2.29%,239xx,VA,2 years,0.0,2.29,1
4200.0,,ttranx2,611.0,23.07%,752xx,TX,< 1 year,0.0,23.07,1
7200.0,,Personal Loan,686.0,24.98%,146xx,NY,< 1 year,0.0,24.98,1
3000.0,,MissLady85,581.0,16.76%,207xx,MD,3 years,0.0,16.76,1
600.0,,personal,658.0,0%,350xx,AL,< 1 year,0.0,0.0,1
5000.0,,brady969,561.0,13.49%,224xx,VA,< 1 year,0.0,13.49,1
1500.0,,Mghtymse247,640.0,3%,060xx,CT,2 years,0.0,3.0,1
6250.0,,kcalvillo,492.0,0%,840xx,UT,6 years,0.0,0.0,1
1000.0,,gr8dancer_05,389.0,3.45%,668xx,KS,< 1 year,0.0,3.45,1
2000.0,,Patricia Olivares,584.0,13.23%,799xx,TX,9 years,0.0,13.23,1
10000.0,,seasterday,585.0,23.89%,461xx,IN,3 years,0.0,23.89,1
500.0,,letitbe,532.0,8.59%,982xx,WA,< 1 year,0.0,8.59,1
9000.0,,lavisle,701.0,27.46%,337xx,FL,5 years,0.0,27.46,1
4500.0,,Joseph.mcintosh,0.0,0%,806xx,CO,3 years,0.0,0.0,1
5500.0,,yngpros,530.0,19.49%,112xx,NY,10+ years,0.0,19.49,1
15000.0,,Patt,644.0,65.2%,283xx,NC,1 year,0.0,65.2,1
4000.0,,kylebragger,495.0,0.32%,112xx,NY,2 years,0.0,0.32,1
25000.0,,nomad,673.0,23.46%,194xx,PA,1 year,0.0,23.46,1
1500.0,,cnoduah,533.0,33.03%,303xx,GA,1 year,0.0,33.03,1
1000.0,,jeffignacio,623.0,7.09%,900xx,CO,< 1 year,0.0,7.09,1
500.0,,writer,511.0,11.34%,024xx,MA,7 years,0.0,11.34,1
2000.0,,jmoore2200,479.0,1.84%,622xx,CO,2 years,0.0,1.84,1
15000.0,,TODDMAY2007,586.0,1.23%,773xx,TX,10+ years,0.0,1.23,1
6000.0,,"my debts are as follows-credit card -$5,000, credit card $1030,00, auto loan balance 1500.00, trs loan $5,000, student loan 3,000, and to help my kids with their expenses for college and their debt.  any other information i would be glad to provide. ",667.0,35.35%,770xx,TX,10+ years,0.0,35.35,1
25000.0,,micsay,703.0,1.63%,032xx,NH,1 year,0.0,1.63,1
1500.0,,j6594g,468.0,51.36%,135xx,NY,1 year,0.0,51.36,1
2000.0,,dobied,583.0,18.22%,327xx,FL,5 years,0.0,18.22,1
6700.0,,pdloan2007,532.0,0%,070xx,NJ,1 year,0.0,0.0,1
25000.0,,gabieee,576.0,21.04%,330xx,FL,4 years,0.0,21.04,1
20000.0,,Mike Paul,565.0,64.91%,427xx,KY,4 years,0.0,64.91,1
7000.0,,muffin235,534.0,64.8%,011xx,MA,7 years,0.0,64.8,1
23000.0,,Debt consolidation,717.0,19.09%,801xx,CO,1 year,0.0,19.09,1
500.0,,cowboynfla,0.0,0%,349xx,FL,1 year,0.0,0.0,1
5000.0,,JayR036,621.0,29.55%,070xx,NJ,2 years,0.0,29.55,1
7500.0,,stevethiel,632.0,0.57%,802xx,CO,3 years,0.0,0.57,1
500.0,,amarino,769.0,0.82%,100xx,NY,< 1 year,0.0,0.82,1
3500.0,,allenkool,572.0,21.07%,782xx,TX,< 1 year,0.0,21.07,1
5000.0,,Phillychick,490.0,9.2%,100xx,NY,2 years,0.0,9.2,1
500.0,,geralddean,536.0,10.46%,112xx,NY,< 1 year,0.0,10.46,1
3500.0,,bratcia16,462.0,18.89%,465xx,IN,5 years,0.0,18.89,1
6000.0,,medicblues,464.0,18.25%,667xx,KS,3 years,0.0,18.25,1
25000.0,,anzio,706.0,35.62%,750xx,TX,< 1 year,0.0,35.62,1
17500.0,,consolidate and be cc debt free,676.0,61.35%,441xx,OH,10+ years,0.0,61.35,1
1500.0,,wt1000,584.0,16.5%,460xx,IN,2 years,0.0,16.5,1
10000.0,,smknflams,592.0,23.24%,216xx,MD,5 years,0.0,23.24,1
6500.0,,taishap1211,412.0,282.6%,060xx,CT,< 1 year,0.0,282.6,1
25000.0,,rohitgmathew,576.0,15.58%,980xx,WA,2 years,0.0,15.58,1
4000.0,,bigjohn,440.0,8.11%,633xx,MO,1 year,0.0,8.11,1
3000.0,,tsouth,700.0,25.18%,333xx,FL,< 1 year,0.0,25.18,1
5000.0,,Evie,511.0,8.99%,436xx,OH,4 years,0.0,8.99,1
5000.0,,Fred,516.0,4.47%,436xx,OH,4 years,0.0,4.47,1
1000.0,,Floridagal62,0.0,0%,327xx,FL,8 years,0.0,0.0,1
7500.0,,strykerhouse,0.0,0%,967xx,HI,10+ years,0.0,0.0,1
15000.0,,princessgrace,496.0,12.75%,060xx,CT,< 1 year,0.0,12.75,1
500.0,,yeremeyv,494.0,13.36%,235xx,VA,< 1 year,0.0,13.36,1
800.0,,tadams12,607.0,24.25%,981xx,WA,< 1 year,0.0,24.25,1
10000.0,,TXGuy,625.0,43.52%,770xx,TX,< 1 year,0.0,43.52,1
10000.0,,CUPCAKE1,501.0,6.61%,115xx,NY,9 years,0.0,6.61,1
2000.0,,bender,515.0,1.84%,115xx,NY,< 1 year,0.0,1.84,1
25000.0,,russandjackie,531.0,22.71%,302xx,GA,< 1 year,0.0,22.71,1
10000.0,,onelou238,447.0,122.1%,323xx,FL,< 1 year,0.0,122.1,1
1000.0,,alydarinc,442.0,0.96%,951xx,CO,1 year,0.0,0.96,1
5000.0,,mama,588.0,4.47%,841xx,UT,1 year,0.0,4.47,1
7000.0,,karate_crimson,655.0,0%,923xx,AZ,< 1 year,0.0,0.0,1
1500.0,,debhad,586.0,18.03%,302xx,GA,10+ years,0.0,18.03,1
3500.0,,RVelaz,638.0,17.51%,075xx,NJ,2 years,0.0,17.51,1
12500.0,,pixe13,657.0,0.47%,787xx,TX,2 years,0.0,0.47,1
25000.0,,ca_da_hawka,0.0,0%,840xx,UT,< 1 year,0.0,0.0,1
3000.0,,JGR,688.0,25.73%,333xx,FL,10+ years,0.0,25.73,1
10000.0,,TES,469.0,24.42%,640xx,MO,10+ years,0.0,24.42,1
12000.0,,kristina1979,407.0,13.64%,564xx,MN,2 years,0.0,13.64,1
8000.0,,Quasi,682.0,30.35%,235xx,VA,1 year,0.0,30.35,1
7000.0,,Nafi,536.0,1.89%,104xx,NY,8 years,0.0,1.89,1
6000.0,,PaulaJoFair,604.0,11.92%,325xx,FL,10+ years,0.0,11.92,1
1600.0,,onemorerep315,551.0,14.33%,229xx,VA,< 1 year,0.0,14.33,1
5000.0,,busymommy,522.0,73%,298xx,SC,2 years,0.0,73.0,1
5000.0,,romanglad,532.0,53.13%,468xx,IN,1 year,0.0,53.13,1
500.0,,mom100,497.0,0%,147xx,NY,4 years,0.0,0.0,1
10000.0,,BackonTrack,553.0,13.78%,765xx,TX,2 years,0.0,13.78,1
3800.0,,canvasd,572.0,0.46%,019xx,MA,2 years,0.0,0.46,1
2500.0,,cjsavannah,510.0,2.13%,323xx,FL,7 years,0.0,2.13,1
25000.0,,owljmd,628.0,27.06%,785xx,TX,8 years,0.0,27.06,1
5000.0,,Greg,700.0,41.96%,321xx,FL,7 years,0.0,41.96,1
12500.0,,mvig12,565.0,73.83%,453xx,OH,7 years,0.0,73.83,1
10000.0,,loser1682,634.0,26.88%,531xx,WI,1 year,0.0,26.88,1
4500.0,,G35Driver,650.0,33.36%,282xx,NC,< 1 year,0.0,33.36,1
3500.0,,ds997,584.0,41.3%,630xx,MO,10+ years,0.0,41.3,1
5000.0,,psikic72032,625.0,11.71%,720xx,AR,3 years,0.0,11.71,1
3000.0,,Maurice43,466.0,31.62%,301xx,GA,1 year,0.0,31.62,1
7500.0,,lautostoppeur,588.0,11.56%,946xx,CA,1 year,0.0,11.56,1
6500.0,,sideburnz,557.0,14.88%,852xx,AZ,2 years,0.0,14.88,1
2000.0,,mlee1102,433.0,209.58%,787xx,TX,4 years,0.0,209.58,1
9000.0,,yabaha,625.0,8.5%,982xx,WA,1 year,0.0,8.5,1
18000.0,,icyblue76,707.0,8.72%,112xx,NY,1 year,0.0,8.72,1
5000.0,,jlydick,648.0,11.74%,640xx,MO,10+ years,0.0,11.74,1
1500.0,,mission686,391.0,3.48%,104xx,NY,< 1 year,0.0,3.48,1
2000.0,,rose,459.0,20.3%,441xx,OH,10+ years,0.0,20.3,1
2500.0,,elcarmom,535.0,23.38%,447xx,OH,< 1 year,0.0,23.38,1
6000.0,,TabbiCat,669.0,5.05%,300xx,GA,< 1 year,0.0,5.05,1
4500.0,,Rhar7128,536.0,8.36%,064xx,CT,3 years,0.0,8.36,1
25000.0,,moorsense,529.0,5.11%,232xx,VA,< 1 year,0.0,5.11,1
14250.0,,CMoonMaura,579.0,11.84%,023xx,MA,< 1 year,0.0,11.84,1
5000.0,,Lathomas,542.0,10.8%,725xx,AR,5 years,0.0,10.8,1
1000.0,,LarissaLou,505.0,47.16%,147xx,NY,6 years,0.0,47.16,1
4500.0,,skipher,547.0,0.9%,852xx,AZ,3 years,0.0,0.9,1
5750.0,,Daybyday,504.0,25.31%,212xx,MD,1 year,0.0,25.31,1
500.0,,JuniorTheGr8,556.0,57.33%,321xx,FL,1 year,0.0,57.33,1
7275.0,,Helped mother and brother and now I need,400.0,8.56%,212xx,MD,< 1 year,0.0,8.56,1
1000.0,,ejh4isu,621.0,40.96%,528xx,IA,< 1 year,0.0,40.96,1
5000.0,,clettenberg,475.0,12.93%,604xx,IN,10+ years,0.0,12.93,1
6500.0,,Chere,474.0,0%,334xx,FL,3 years,0.0,0.0,1
6000.0,,Looking to wrangle thinsg into one debt,605.0,19.8%,467xx,IN,< 1 year,0.0,19.8,1
3000.0,,jammie23,0.0,0%,240xx,VA,1 year,0.0,0.0,1
15000.0,,mylovlyangel,551.0,10.44%,940xx,CA,7 years,0.0,10.44,1
2000.0,,retodd83,436.0,8.03%,453xx,OH,1 year,0.0,8.03,1
8500.0,,Felter74,557.0,43.33%,622xx,IN,10+ years,0.0,43.33,1
3000.0,,CONSOLIDATING DEBTS,482.0,11.69%,218xx,MD,2 years,0.0,11.69,1
4000.0,,tony_fsbo,0.0,0%,327xx,FL,< 1 year,0.0,0.0,1
25000.0,,"I am a retired engineer, working on a high efficiency engine to solve global warming.  My budget is too tight to allow work on project due to old credit card balances.  Loan will be used to pay off credit cards, freeing up extra income to work on the engine.  I have 40 acres of land near Logan, Utah.  It didn't sell so decided to use it for a loan.  I would like to pay $300 per month at 7.5% interest.",630.0,24.11%,840xx,UT,< 1 year,0.0,24.11,1
5000.0,,becky5728,449.0,4.98%,548xx,WI,< 1 year,0.0,4.98,1
7000.0,,sbp,611.0,8.27%,852xx,AZ,2 years,0.0,8.27,1
5000.0,,tnwoman73,430.0,0%,370xx,TN,< 1 year,0.0,0.0,1
500.0,,synthetic86,437.0,30.13%,672xx,KS,< 1 year,0.0,30.13,1
25000.0,,nuggib,681.0,47.61%,790xx,TX,5 years,0.0,47.61,1
2500.0,,Megan Jackson,477.0,220.89%,354xx,AL,< 1 year,0.0,220.89,1
1600.0,,i recently got a new job and need money to help cover my moving expenses ,625.0,22.04%,283xx,NC,< 1 year,0.0,22.04,1
4000.0,,epeters,590.0,6.31%,352xx,AL,3 years,0.0,6.31,1
1000.0,,Dried Mangoes ,544.0,2.25%,021xx,MA,< 1 year,0.0,2.25,1
4000.0,,mrstattoo7,530.0,241200%,337xx,FL,10+ years,0.0,241200.0,1
2000.0,,mcallister,451.0,3.2%,337xx,FL,1 year,0.0,3.2,1
25000.0,,dangilley,444.0,33.93%,983xx,WA,1 year,0.0,33.93,1
10000.0,,ahiggs,438.0,23.54%,452xx,OH,1 year,0.0,23.54,1
9000.0,,nevergiveup,587.0,33%,724xx,AR,10+ years,0.0,33.0,1
4000.0,,emc428,390.0,0.84%,051xx,VT,4 years,0.0,0.84,1
10000.0,,OracleDBA,607.0,17.02%,285xx,NC,< 1 year,0.0,17.02,1
2000.0,,Honey,665.0,35.4%,850xx,AZ,< 1 year,0.0,35.4,1
6500.0,,Gods Friend20,471.0,51.58%,233xx,VA,2 years,0.0,51.58,1
3500.0,,cp60777,453.0,8.57%,068xx,CT,6 years,0.0,8.57,1
2000.0,,denesia,453.0,8.65%,300xx,GA,1 year,0.0,8.65,1
4000.0,,higgiemom,468.0,22.88%,433xx,OH,2 years,0.0,22.88,1
5000.0,,SeaSpray,538.0,12.85%,027xx,MA,< 1 year,0.0,12.85,1
5000.0,,Trucker311,593.0,11.26%,027xx,MA,< 1 year,0.0,11.26,1
4000.0,,Daughters college,522.0,18.05%,080xx,NJ,2 years,0.0,18.05,1
12000.0,,Bridge,585.0,18.03%,453xx,OH,10+ years,0.0,18.03,1
14000.0,,Consolidate22,746.0,10.2%,456xx,OH,10+ years,0.0,10.2,1
1000.0,,luchia001,505.0,0%,853xx,AZ,1 year,0.0,0.0,1
7000.0,,Anne1970,473.0,0%,405xx,KY,< 1 year,0.0,0.0,1
8500.0,,1401azalea,592.0,32.78%,335xx,FL,9 years,0.0,32.78,1
1000.0,,anb2480,468.0,16.57%,331xx,FL,1 year,0.0,16.57,1
10000.0,,Consolidate Debt,586.0,9.83%,540xx,MN,1 year,0.0,9.83,1
15000.0,,Glen,617.0,11.71%,080xx,NJ,2 years,0.0,11.71,1
3500.0,,RICM,550.0,3.85%,980xx,WA,< 1 year,0.0,3.85,1
500.0,,USMC Chick,473.0,26.55%,300xx,GA,2 years,0.0,26.55,1
5000.0,,amber88,471.0,16.24%,658xx,MO,1 year,0.0,16.24,1
5000.0,,strano,0.0,0%,100xx,NY,< 1 year,0.0,0.0,1
3000.0,,lynn68,678.0,47.58%,760xx,TX,10+ years,0.0,47.58,1
8275.0,,tnc01,577.0,8.34%,273xx,NC,10+ years,0.0,8.34,1
5000.0,,Internet Couple,659.0,42.69%,313xx,GA,2 years,0.0,42.69,1
12000.0,,Casablanca,646.0,44.08%,207xx,MD,< 1 year,0.0,44.08,1
2000.0,,luckymekc21,459.0,0%,127xx,NY,2 years,0.0,0.0,1
3500.0,,Tommy26,452.0,24.79%,672xx,KS,9 years,0.0,24.79,1
2050.0,,tnc03,611.0,31.94%,284xx,NC,10+ years,0.0,31.94,1
2050.0,,tnc04,636.0,30.58%,284xx,NC,1 year,0.0,30.58,1
1000.0,,ophelia,422.0,10.58%,112xx,NY,2 years,0.0,10.58,1
4650.0,,udi,640.0,1.13%,651xx,MO,3 years,0.0,1.13,1
4000.0,,Linsee,564.0,0%,949xx,CA,< 1 year,0.0,0.0,1
1500.0,,Help me get a macbook!,555.0,2.15%,112xx,NY,4 years,0.0,2.15,1
3000.0,,chastity,430.0,2.67%,302xx,GA,< 1 year,0.0,2.67,1
4000.0,,redjewel,0.0,0.75%,238xx,VA,< 1 year,0.0,0.75,1
500.0,,wmcclain1,546.0,3.5%,300xx,GA,4 years,0.0,3.5,1
8000.0,,mimsywhimsy,583.0,16.2%,275xx,NC,< 1 year,0.0,16.2,1
10000.0,,Dren,514.0,0%,721xx,AR,< 1 year,0.0,0.0,1
9000.0,,medicinesong,674.0,5.15%,999xx,AK,10+ years,0.0,5.15,1
6000.0,,moses1,396.0,12.72%,465xx,IN,10+ years,0.0,12.72,1
5100.0,,Travel Resorts of America,750.0,5.33%,284xx,SC,10+ years,0.0,5.33,1
6000.0,,frustrated1,417.0,25.65%,549xx,WI,< 1 year,0.0,25.65,1
5000.0,,sweets0611,472.0,18.5%,211xx,MD,10+ years,0.0,18.5,1
8000.0,,justicedocumentservices,605.0,0%,775xx,TX,< 1 year,0.0,0.0,1
5225.0,,chilibaby1,557.0,29.06%,733xx,OK,7 years,0.0,29.06,1
4500.0,,Silva2,660.0,20.39%,017xx,MA,1 year,0.0,20.39,1
3000.0,,odingalt,480.0,9.69%,981xx,WA,1 year,0.0,9.69,1
5500.0,,mtrgober,547.0,0.51%,356xx,AL,1 year,0.0,0.51,1
10000.0,,NikkiDavis731,442.0,15.12%,383xx,TN,1 year,0.0,15.12,1
3000.0,,iloveazsun,654.0,14.94%,850xx,AZ,2 years,0.0,14.94,1
1000.0,,Pirahnababy,509.0,2.59%,982xx,WA,< 1 year,0.0,2.59,1
2000.0,,susanna,451.0,0.38%,088xx,NJ,6 years,0.0,0.38,1
1200.0,,Mab64,645.0,31.2%,071xx,NJ,1 year,0.0,31.2,1
9000.0,,sloandes,592.0,6.08%,503xx,NE,4 years,0.0,6.08,1
850.0,,mommyof4cutekids,508.0,0%,471xx,IN,7 years,0.0,0.0,1
5000.0,,cxgoodw,668.0,16.32%,852xx,AZ,10+ years,0.0,16.32,1
25000.0,,PSiMac,544.0,0.55%,980xx,WA,10+ years,0.0,0.55,1
1500.0,,larue0,514.0,1.6%,701xx,LA,3 years,0.0,1.6,1
25000.0,,summit462,636.0,18.76%,980xx,WA,2 years,0.0,18.76,1
3000.0,,mshelp,432.0,13.85%,201xx,VA,1 year,0.0,13.85,1
5000.0,,AGD,512.0,11.05%,085xx,NJ,10+ years,0.0,11.05,1
3500.0,,Ricky,448.0,5.75%,302xx,GA,10+ years,0.0,5.75,1
13000.0,,oromero718,642.0,9.23%,114xx,NY,3 years,0.0,9.23,1
2000.0,,Travel Loan,644.0,0.71%,701xx,LA,< 1 year,0.0,0.71,1
500.0,,kkoehler2000,577.0,27.81%,691xx,NE,2 years,0.0,27.81,1
8275.0,,tnc06,729.0,6.33%,287xx,NC,10+ years,0.0,6.33,1
8275.0,,Travel Resorts of America,763.0,4.17%,287xx,NC,10+ years,0.0,4.17,1
5000.0,,family3930,591.0,13.9%,630xx,MO,4 years,0.0,13.9,1
25000.0,,lornepchurch,506.0,0%,335xx,FL,9 years,0.0,0.0,1
7500.0,,ncguy2k5,655.0,3.94%,282xx,NC,< 1 year,0.0,3.94,1
500.0,,jessedibartolo,363.0,10.83%,328xx,FL,< 1 year,0.0,10.83,1
7500.0,,Moran1162,719.0,32.28%,329xx,FL,2 years,0.0,32.28,1
2000.0,,michaelel,0.0,0%,283xx,NC,10+ years,0.0,0.0,1
4000.0,,prairiewolf1,475.0,1.54%,680xx,NE,3 years,0.0,1.54,1
5000.0,,FiveTrees,438.0,4.92%,850xx,AZ,10+ years,0.0,4.92,1
7500.0,,westside,496.0,9.4%,021xx,MA,4 years,0.0,9.4,1
17000.0,,wil,514.0,24.96%,946xx,LA,2 years,0.0,24.96,1
8000.0,,In search of loan to lower my debt,649.0,10.2%,070xx,NJ,4 years,0.0,10.2,1
1000.0,,pax96,502.0,0%,337xx,FL,1 year,0.0,0.0,1
15000.0,,grizzlybear1893,461.0,15.08%,436xx,OH,10+ years,0.0,15.08,1
6050.0,,ladyk65,565.0,32.55%,282xx,NC,6 years,0.0,32.55,1
2000.0,,thespyder314,615.0,3.31%,633xx,MO,5 years,0.0,3.31,1
12000.0,,jln,535.0,15.05%,770xx,TX,10+ years,0.0,15.05,1
9000.0,,roni,467.0,1.54%,371xx,TN,1 year,0.0,1.54,1
500.0,,studentstudent,580.0,0%,115xx,NY,< 1 year,0.0,0.0,1
12000.0,,bremom,455.0,18.8%,234xx,VA,1 year,0.0,18.8,1
25000.0,,DANNYPICC,630.0,46.53%,640xx,MO,3 years,0.0,46.53,1
5000.0,,lrich,535.0,5.99%,764xx,TX,10+ years,0.0,5.99,1
5000.0,,Lestatfun,441.0,47.36%,308xx,GA,< 1 year,0.0,47.36,1
15000.0,,AKW1263,560.0,13.36%,349xx,FL,6 years,0.0,13.36,1
4000.0,,domsmom45,468.0,18.3%,410xx,KY,10+ years,0.0,18.3,1
2500.0,,zero32700,649.0,32.8%,030xx,NH,4 years,0.0,32.8,1
5000.0,,MHFLA,533.0,20.88%,320xx,FL,< 1 year,0.0,20.88,1
10000.0,,Garsrese,530.0,27.89%,327xx,FL,5 years,0.0,27.89,1
8525.0,,ESHD11,507.0,0%,025xx,MA,2 years,0.0,0.0,1
500.0,,imbeautiful1,395.0,17.91%,701xx,LA,3 years,0.0,17.91,1
15000.0,,research,700.0,14.13%,231xx,VA,< 1 year,0.0,14.13,1
1200.0,,KarenK,514.0,5.84%,187xx,PA,6 years,0.0,5.84,1
20000.0,,texr.biz,683.0,26.47%,770xx,TX,< 1 year,0.0,26.47,1
8000.0,,energyguy,498.0,14.93%,103xx,NY,2 years,0.0,14.93,1
5000.0,,travelnurse,463.0,10.97%,063xx,CT,< 1 year,0.0,10.97,1
9000.0,,love2fish,644.0,100.14%,587xx,ND,1 year,0.0,100.14,1
2000.0,,sseniorqueen2001,414.0,7.44%,336xx,FL,< 1 year,0.0,7.44,1
2000.0,,aznflava119,0.0,0%,017xx,MA,1 year,0.0,0.0,1
20000.0,,biodoc,684.0,28.44%,920xx,CO,< 1 year,0.0,28.44,1
7500.0,,rmbp,514.0,8.04%,100xx,NY,1 year,0.0,8.04,1
1500.0,,jaunpae,0.0,0.9%,863xx,AZ,< 1 year,0.0,0.9,1
1000.0,,rjones9444,432.0,24.59%,633xx,MO,5 years,0.0,24.59,1
5000.0,,Raven33,564.0,1.48%,346xx,FL,4 years,0.0,1.48,1
15000.0,,Kellie,388.0,0.41%,357xx,AL,2 years,0.0,0.41,1
5000.0,,harleywulffy,440.0,15.4%,751xx,TX,< 1 year,0.0,15.4,1
3000.0,,ramzeaus,593.0,38.86%,840xx,UT,3 years,0.0,38.86,1
15000.0,,robert9516,470.0,0%,357xx,AL,1 year,0.0,0.0,1
500.0,,cynmcclelland,448.0,8.72%,857xx,AZ,< 1 year,0.0,8.72,1
2000.0,,escapist1,494.0,12.06%,331xx,FL,7 years,0.0,12.06,1
5000.0,,KEwers,468.0,14.55%,073xx,NJ,< 1 year,0.0,14.55,1
25000.0,,blountb1,520.0,0%,775xx,TX,< 1 year,0.0,0.0,1
500.0,,williaminmd,527.0,1.38%,218xx,MD,< 1 year,0.0,1.38,1
4000.0,,koedaay,690.0,0%,240xx,VA,1 year,0.0,0.0,1
5000.0,,JoannaL,646.0,15.28%,981xx,WA,3 years,0.0,15.28,1
5000.0,,dhouston007,629.0,21.44%,730xx,AZ,1 year,0.0,21.44,1
1000.0,,ally1444,472.0,80.3%,487xx,MI,1 year,0.0,80.3,1
8950.0,,SAKILE,642.0,24.61%,328xx,FL,8 years,0.0,24.61,1
3500.0,,MakingaPositiveChange,542.0,28.07%,175xx,MD,1 year,0.0,28.07,1
15000.0,,aronjsmalley,586.0,11.29%,730xx,OK,< 1 year,0.0,11.29,1
7000.0,,Good person trying to fix his life,538.0,0%,895xx,NV,< 1 year,0.0,0.0,1
3000.0,,success,536.0,0%,995xx,AK,4 years,0.0,0.0,1
7000.0,,Payoff credit card,686.0,26.76%,290xx,SC,2 years,0.0,26.76,1
10000.0,,Naomirw,530.0,16.52%,557xx,MN,3 years,0.0,16.52,1
4000.0,,elidesi,450.0,1.48%,303xx,GA,1 year,0.0,1.48,1
25000.0,,marieannt,499.0,34.19%,106xx,NY,2 years,0.0,34.19,1
8000.0,,pfek66,504.0,8.85%,191xx,NJ,10+ years,0.0,8.85,1
20000.0,,jk6885,589.0,40.83%,730xx,OK,< 1 year,0.0,40.83,1
12000.0,,G102,465.0,0%,346xx,FL,< 1 year,0.0,0.0,1
12500.0,,jon121970,533.0,0%,329xx,FL,5 years,0.0,0.0,1
4000.0,,aandk4evr,498.0,17.79%,078xx,NJ,7 years,0.0,17.79,1
25000.0,,harryarmon,622.0,13.75%,117xx,NY,2 years,0.0,13.75,1
10000.0,,aspet,503.0,11.43%,914xx,CO,4 years,0.0,11.43,1
2000.0,,yahelc,673.0,27.36%,115xx,NY,< 1 year,0.0,27.36,1
500.0,,Petsitter,477.0,16.05%,143xx,NY,10+ years,0.0,16.05,1
8500.0,,freshstart4me,442.0,33.39%,125xx,NY,1 year,0.0,33.39,1
800.0,,Marley,467.0,0%,452xx,OH,< 1 year,0.0,0.0,1
1000.0,,JAW711,592.0,3.33%,495xx,MI,10+ years,0.0,3.33,1
2000.0,,debtfree,535.0,8.16%,922xx,AZ,4 years,0.0,8.16,1
3500.0,,home repairs,0.0,0%,134xx,NY,3 years,0.0,0.0,1
2000.0,,foster8003,618.0,8.36%,681xx,NE,< 1 year,0.0,8.36,1
4000.0,,I want to buy a used car from a dealer with cash to avoid high monthly payments and interest. i rather pay off a loan than what i would have to pay for a fiananced vehicle.,699.0,0%,857xx,AZ,< 1 year,0.0,0.0,1
15000.0,,Business Aviation Network,610.0,2.91%,338xx,FL,4 years,0.0,2.91,1
4500.0,,mbaexecutive,618.0,18.04%,253xx,WV,2 years,0.0,18.04,1
6500.0,,acy214,489.0,0%,762xx,TX,2 years,0.0,0.0,1
7500.0,,crash724,597.0,18.44%,760xx,TX,4 years,0.0,18.44,1
4500.0,,topokie,490.0,12.51%,730xx,OK,10+ years,0.0,12.51,1
5000.0,,rex,443.0,27.55%,802xx,CO,< 1 year,0.0,27.55,1
6000.0,,manuel,476.0,119.47%,786xx,TX,10+ years,0.0,119.47,1
800.0,,skunky,446.0,43.27%,760xx,TX,< 1 year,0.0,43.27,1
25000.0,,Skip,610.0,17.32%,078xx,NJ,10+ years,0.0,17.32,1
5000.0,,mommyto30littletoes,574.0,0%,372xx,TN,< 1 year,0.0,0.0,1
5000.0,,VulcanDrums,566.0,0%,372xx,TN,9 years,0.0,0.0,1
15000.0,,thecigarcellar,651.0,36.13%,087xx,NJ,1 year,0.0,36.13,1
23500.0,,mmil444,554.0,0%,300xx,GA,2 years,0.0,0.0,1
25000.0,,1whathappened,509.0,0%,330xx,FL,10+ years,0.0,0.0,1
3500.0,,gcameron,406.0,0%,233xx,VA,< 1 year,0.0,0.0,1
800.0,,KingWynn,562.0,21.89%,207xx,MD,4 years,0.0,21.89,1
3500.0,,conniesara,529.0,41.66%,544xx,WI,< 1 year,0.0,41.66,1
7000.0,,timbrown,645.0,27.5%,940xx,CA,< 1 year,0.0,27.5,1
15000.0,,whynot,594.0,0%,300xx,GA,10+ years,0.0,0.0,1
2000.0,,Boppi,521.0,8.35%,530xx,WI,1 year,0.0,8.35,1
5000.0,,jgnapoli,608.0,18.14%,381xx,TN,< 1 year,0.0,18.14,1
8800.0,,wquin,0.0,0%,319xx,GA,1 year,0.0,0.0,1
7500.0,,buying a condo in forclosure,660.0,30.12%,921xx,CA,2 years,0.0,30.12,1
2000.0,,desiwalk,535.0,0%,200xx,DC,1 year,0.0,0.0,1
25000.0,,jtaliento,596.0,15.01%,103xx,NY,1 year,0.0,15.01,1
2000.0,,goodintentions2,478.0,50.69%,339xx,FL,7 years,0.0,50.69,1
5000.0,,MsPowell,649.0,22.05%,060xx,CT,< 1 year,0.0,22.05,1
7500.0,,lupefairy,604.0,0%,320xx,FL,< 1 year,0.0,0.0,1
6000.0,,earthly1,640.0,1.25%,498xx,WI,9 years,0.0,1.25,1
5000.0,,Neve,617.0,2.55%,100xx,NY,3 years,0.0,2.55,1
1000.0,,dday,0.0,40.15%,808xx,CO,< 1 year,0.0,40.15,1
2000.0,,daddyof4kidz,553.0,5.76%,471xx,IN,4 years,0.0,5.76,1
9000.0,,madhatter13,661.0,23.56%,240xx,VA,< 1 year,0.0,23.56,1
5000.0,,dlj918,499.0,11.28%,275xx,NC,1 year,0.0,11.28,1
3275.0,,lostvalley01,526.0,0%,631xx,MO,< 1 year,0.0,0.0,1
5000.0,,morganstein,552.0,11.58%,956xx,AZ,1 year,0.0,11.58,1
9000.0,,bty6768,584.0,9.7%,363xx,AL,< 1 year,0.0,9.7,1
25000.0,,ps,645.0,26.37%,410xx,KY,4 years,0.0,26.37,1
500.0,,james,582.0,8.46%,088xx,NJ,1 year,0.0,8.46,1
10000.0,,Trustworthy,654.0,2.08%,117xx,NY,< 1 year,0.0,2.08,1
14800.0,,dawgfan60,577.0,11.55%,306xx,GA,10+ years,0.0,11.55,1
1500.0,,carlafarthing,442.0,1.74%,436xx,OH,10+ years,0.0,1.74,1
500.0,,rodfarthing,423.0,4.85%,436xx,OH,9 years,0.0,4.85,1
20000.0,,vincent211983,626.0,10.34%,334xx,FL,1 year,0.0,10.34,1
5000.0,,benton1967,634.0,0.42%,803xx,CO,2 years,0.0,0.42,1
25000.0,,Kirby720,705.0,26.96%,782xx,TX,6 years,0.0,26.96,1
18000.0,,asuboy05,475.0,167.52%,852xx,AZ,1 year,0.0,167.52,1
5000.0,,DocFinder64,482.0,28.6%,080xx,NJ,4 years,0.0,28.6,1
3000.0,,m1ke,497.0,22.44%,800xx,CO,< 1 year,0.0,22.44,1
21500.0,,kimberlywq91,655.0,12.97%,974xx,OR,10+ years,0.0,12.97,1
15000.0,,Evolution,573.0,13.38%,551xx,MN,< 1 year,0.0,13.38,1
3000.0,,thefin191,0.0,0%,980xx,WA,< 1 year,0.0,0.0,1
1500.0,,kdbiddie,431.0,6.23%,112xx,NY,1 year,0.0,6.23,1
5000.0,,angela,0.0,0%,337xx,FL,< 1 year,0.0,0.0,1
11500.0,,drewlash,668.0,15.87%,329xx,FL,1 year,0.0,15.87,1
500.0,,damariousd,523.0,13.04%,278xx,NC,< 1 year,0.0,13.04,1
7500.0,,SecurityAnalyst,588.0,18.63%,430xx,OH,5 years,0.0,18.63,1
17000.0,,creditcardstoomany,598.0,15.5%,090xx,NY,10+ years,0.0,15.5,1
2000.0,,catalinacat007,629.0,15.52%,065xx,CT,1 year,0.0,15.52,1
1600.0,,ein0606,514.0,0%,299xx,SC,1 year,0.0,0.0,1
3000.0,,needyourhelp56,617.0,4.55%,280xx,NC,< 1 year,0.0,4.55,1
13000.0,,tee516,586.0,4.44%,315xx,GA,10+ years,0.0,4.44,1
5000.0,,yellow canary,646.0,5.26%,278xx,NC,2 years,0.0,5.26,1
25000.0,,PROGRIND,495.0,0%,315xx,GA,1 year,0.0,0.0,1
10000.0,,Ryan624,492.0,8.4%,334xx,FL,2 years,0.0,8.4,1
16500.0,,dengerin,651.0,10.67%,800xx,CO,2 years,0.0,10.67,1
10000.0,,yikes911,645.0,44.23%,543xx,WI,10+ years,0.0,44.23,1
2500.0,,Payitfoward07,576.0,2.72%,463xx,IN,1 year,0.0,2.72,1
4000.0,,Surgtech,554.0,12.42%,336xx,FL,< 1 year,0.0,12.42,1
2400.0,,udi,666.0,5.53%,655xx,MO,< 1 year,0.0,5.53,1
3000.0,,mcbesabm,450.0,32.4%,606xx,IL,5 years,0.0,32.4,1
10000.0,,mgannon6,482.0,7.09%,857xx,AZ,1 year,0.0,7.09,1
15000.0,,future,481.0,0%,991xx,WA,10+ years,0.0,0.0,1
5500.0,,elisa2040,600.0,27.48%,287xx,NC,< 1 year,0.0,27.48,1
6500.0,,Gosh!,515.0,12.23%,981xx,WA,10+ years,0.0,12.23,1
10000.0,,DirtyDzn6,616.0,379.2%,751xx,TX,1 year,0.0,379.2,1
6500.0,,Chad McIlvenna,734.0,29.75%,306xx,GA,4 years,0.0,29.75,1
10000.0,,tammy245,489.0,16.78%,456xx,OH,2 years,0.0,16.78,1
25000.0,,martrice2003,431.0,48.94%,774xx,TX,4 years,0.0,48.94,1
25000.0,,torrence,456.0,4.48%,774xx,TX,1 year,0.0,4.48,1
10000.0,,papatobandc,435.0,6.55%,630xx,MO,< 1 year,0.0,6.55,1
7500.0,,Nana,575.0,16.36%,640xx,MO,10+ years,0.0,16.36,1
4750.0,,happymonkey,667.0,38.57%,775xx,TX,1 year,0.0,38.57,1
500.0,,webwalking1,524.0,0.65%,599xx,MT,7 years,0.0,0.65,1
5000.0,,secondchance,607.0,1.03%,081xx,NJ,6 years,0.0,1.03,1
8275.0,,tnc11,744.0,9.64%,287xx,NC,10+ years,0.0,9.64,1
2500.0,,milkshop,553.0,2.5%,371xx,TN,1 year,0.0,2.5,1
2000.0,,Bills,648.0,22.68%,535xx,WI,8 years,0.0,22.68,1
8500.0,,shorsey,618.0,6.36%,218xx,MD,10+ years,0.0,6.36,1
1500.0,,jeffpran,0.0,0%,852xx,AZ,< 1 year,0.0,0.0,1
3000.0,,Help a family get back on their feet,481.0,38.96%,486xx,MI,10+ years,0.0,38.96,1
500.0,,Maggie,492.0,0%,409xx,KY,< 1 year,0.0,0.0,1
10000.0,,charm2007,0.0,0%,750xx,TX,10+ years,0.0,0.0,1
6275.0,,tnc12,655.0,22.15%,272xx,NC,< 1 year,0.0,22.15,1
6275.0,,tnc13,701.0,8.72%,272xx,NC,< 1 year,0.0,8.72,1
14000.0,,momof4,689.0,19.11%,923xx,CO,2 years,0.0,19.11,1
10000.0,,pebbles12793,407.0,15.91%,773xx,TX,< 1 year,0.0,15.91,1
2000.0,,azleslieb,480.0,23.81%,850xx,AZ,3 years,0.0,23.81,1
25000.0,,stp9359,635.0,21.26%,034xx,NH,< 1 year,0.0,21.26,1
25000.0,,tunney,626.0,13.43%,024xx,MA,2 years,0.0,13.43,1
9000.0,,jayc0811,630.0,0.72%,349xx,FL,< 1 year,0.0,0.72,1
12500.0,,otherhalfus,546.0,6.67%,030xx,NH,3 years,0.0,6.67,1
25000.0,,hi my name is hervey and i have a bussiness and a family  and im about to lose   our home can u help ,475.0,0%,088xx,NJ,3 years,0.0,0.0,1
2000.0,,jackliveshere24,557.0,4.14%,300xx,GA,< 1 year,0.0,4.14,1
20000.0,,Eysofastgr,514.0,11.12%,435xx,OH,1 year,0.0,11.12,1
5500.0,,sammi119,637.0,20.93%,681xx,NE,2 years,0.0,20.93,1
20000.0,,nikkiblaze,646.0,24.44%,410xx,KY,4 years,0.0,24.44,1
2000.0,,ctaz1973,568.0,2.47%,113xx,NY,2 years,0.0,2.47,1
25000.0,,ALSTO40,587.0,19%,335xx,FL,9 years,0.0,19.0,1
3000.0,,lcanter1,639.0,22.8%,852xx,AZ,1 year,0.0,22.8,1
3500.0,,dexmon98,469.0,21.39%,780xx,TX,4 years,0.0,21.39,1
2000.0,,KenCraw1,513.0,13.87%,230xx,VA,3 years,0.0,13.87,1
1000.0,,adam930,474.0,1.2%,211xx,MD,1 year,0.0,1.2,1
5000.0,,tdsidbury,669.0,9.05%,200xx,DC,1 year,0.0,9.05,1
2000.0,,bmoore2021,477.0,79.27%,787xx,TX,< 1 year,0.0,79.27,1
3500.0,,crested1,574.0,8.52%,336xx,FL,10+ years,0.0,8.52,1
1000.0,,lovemykids1972,0.0,0%,660xx,KS,2 years,0.0,0.0,1
1500.0,,katana04,490.0,26.91%,280xx,NC,2 years,0.0,26.91,1
5000.0,,kalee,481.0,11.34%,200xx,DC,2 years,0.0,11.34,1
5000.0,,hearing for a school counselor,475.0,13.29%,769xx,TX,10+ years,0.0,13.29,1
1000.0,,forkless,592.0,10.78%,200xx,DC,1 year,0.0,10.78,1
1000.0,,hitmen149,549.0,12.33%,100xx,NY,< 1 year,0.0,12.33,1
3000.0,,flsinglemom,463.0,10.92%,342xx,FL,4 years,0.0,10.92,1
2500.0,,Jagfan13,488.0,16.77%,322xx,FL,1 year,0.0,16.77,1
7500.0,,pay off high interest loans,536.0,180000%,303xx,GA,10+ years,0.0,180000.0,1
25000.0,,christopher,512.0,9.12%,600xx,WY,3 years,0.0,9.12,1
7500.0,,helpmebuy,541.0,0%,309xx,GA,< 1 year,0.0,0.0,1
1000.0,,nchick1424,519.0,0%,019xx,MA,2 years,0.0,0.0,1
8000.0,,HOPELYPRAYING,484.0,20.31%,350xx,AL,10+ years,0.0,20.31,1
14250.0,,Bart (Middle name),786.0,16.34%,450xx,OH,1 year,0.0,16.34,1
7500.0,,certaldo1,595.0,5.19%,200xx,DC,2 years,0.0,5.19,1
8500.0,,acn248,574.0,0%,397xx,MS,7 years,0.0,0.0,1
15000.0,,rchase1832,581.0,18%,207xx,MD,2 years,0.0,18.0,1
3000.0,,arunge1,599.0,15.08%,980xx,WA,< 1 year,0.0,15.08,1
8500.0,,acn1244,541.0,88.6%,397xx,MS,10+ years,0.0,88.6,1
1000.0,,angel19,0.0,0%,982xx,WA,< 1 year,0.0,0.0,1
1500.0,,Stevo,0.0,0%,242xx,VA,1 year,0.0,0.0,1
15000.0,,taktikz,564.0,0.54%,335xx,FL,< 1 year,0.0,0.54,1
600.0,,Lilah,575.0,40.91%,722xx,AR,1 year,0.0,40.91,1
15000.0,,mikarate2002,669.0,90%,335xx,FL,1 year,0.0,90.0,1
15000.0,,jojo,559.0,61.35%,660xx,KS,10+ years,0.0,61.35,1
10000.0,,Modest_Needs _2,617.0,0%,021xx,MA,1 year,0.0,0.0,1
15000.0,,brizzymae,0.0,0%,841xx,UT,< 1 year,0.0,0.0,1
23500.0,,listful,515.0,29.67%,352xx,AL,1 year,0.0,29.67,1
7000.0,,spacemann,434.0,18.56%,114xx,NY,< 1 year,0.0,18.56,1
25000.0,,SENTEX,499.0,2.36%,430xx,OH,10+ years,0.0,2.36,1
4000.0,,krano,471.0,12.05%,532xx,WI,3 years,0.0,12.05,1
8000.0,,jjrougier1224,651.0,12.88%,125xx,NY,7 years,0.0,12.88,1
500.0,,Legalstudies1,455.0,29.11%,112xx,NY,1 year,0.0,29.11,1
15000.0,,agonzalez,525.0,31.76%,441xx,OH,2 years,0.0,31.76,1
6000.0,,woodstove/chimney replacement b4 winter,667.0,0%,546xx,WI,< 1 year,0.0,0.0,1
1000.0,,Money to meet short-term capital needs,713.0,54.6%,274xx,NC,2 years,0.0,54.6,1
20000.0,,Irishpride,449.0,1.54%,347xx,FL,10+ years,0.0,1.54,1
8000.0,,beautifulgogeter,472.0,24.81%,707xx,LA,< 1 year,0.0,24.81,1
525.0,,zhugeleung,807.0,14.9%,945xx,CO,< 1 year,0.0,14.9,1
25000.0,,ITVOffer,476.0,0.28%,847xx,UT,10+ years,0.0,0.28,1
2000.0,,jackiek30,416.0,3.36%,799xx,TX,< 1 year,0.0,3.36,1
17000.0,,harriss,632.0,12.51%,297xx,SC,< 1 year,0.0,12.51,1
12000.0,,appleuser07,580.0,11.55%,985xx,WA,< 1 year,0.0,11.55,1
15000.0,,Chasiti1,438.0,0.83%,751xx,TX,2 years,0.0,0.83,1
15000.0,,yamille,571.0,3.84%,328xx,FL,2 years,0.0,3.84,1
15000.0,,petrik,537.0,37.53%,142xx,NY,< 1 year,0.0,37.53,1
5000.0,,iuseapplecomp,586.0,11.04%,985xx,WA,< 1 year,0.0,11.04,1
15000.0,,mdb3rd,469.0,27.74%,436xx,OH,8 years,0.0,27.74,1
12000.0,,beauty21,536.0,0%,441xx,OH,1 year,0.0,0.0,1
25000.0,,t7d4,667.0,7.25%,404xx,KY,< 1 year,0.0,7.25,1
12000.0,,jmd0215,0.0,0%,672xx,KS,< 1 year,0.0,0.0,1
10000.0,,klonsbury,652.0,28.51%,144xx,NY,< 1 year,0.0,28.51,1
7500.0,,Vesabela,479.0,0%,217xx,MD,1 year,0.0,0.0,1
5000.0,,Brandonc625,695.0,41.57%,630xx,MO,3 years,0.0,41.57,1
25000.0,,Jamminjoe,650.0,24.22%,983xx,WA,< 1 year,0.0,24.22,1
5275.0,,Refinance to better rates,460.0,15.04%,212xx,MD,< 1 year,0.0,15.04,1
14750.0,,Moonglum,640.0,37.36%,432xx,OH,10+ years,0.0,37.36,1
15000.0,,Dragonmaiden,0.0,0%,016xx,MA,10+ years,0.0,0.0,1
1200.0,,khailia1,633.0,11.68%,212xx,MD,9 years,0.0,11.68,1
5000.0,,licham27,633.0,16.84%,114xx,NY,3 years,0.0,16.84,1
5000.0,,Septic and roof repair,481.0,11.36%,044xx,ME,< 1 year,0.0,11.36,1
1200.0,,khailia2,607.0,3.62%,212xx,MD,2 years,0.0,3.62,1
12000.0,,jbensin,583.0,34.26%,334xx,FL,4 years,0.0,34.26,1
2000.0,,duane,486.0,7.15%,219xx,MD,2 years,0.0,7.15,1
7500.0,,BestBorrower,639.0,5.17%,100xx,NY,< 1 year,0.0,5.17,1
18000.0,,djestwd,741.0,30.45%,339xx,FL,3 years,0.0,30.45,1
15000.0,,starrymom,430.0,13.08%,368xx,AL,7 years,0.0,13.08,1
4650.0,,lostvalley 104,493.0,14.9%,631xx,MO,1 year,0.0,14.9,1
4650.0,,lostvalleylake104,539.0,3.5%,631xx,MO,< 1 year,0.0,3.5,1
25000.0,,brownus,535.0,6.29%,920xx,CO,7 years,0.0,6.29,1
5000.0,,hepjaki,530.0,10.39%,760xx,TX,6 years,0.0,10.39,1
15000.0,,krose1973,466.0,6.61%,921xx,CO,1 year,0.0,6.61,1
2500.0,,tlong249,431.0,24%,301xx,GA,2 years,0.0,24.0,1
500.0,,babyjoya,535.0,15.18%,303xx,GA,1 year,0.0,15.18,1
15000.0,,singlefileline04,537.0,0%,852xx,AZ,3 years,0.0,0.0,1
2000.0,,Educational Loan,649.0,5.7%,328xx,FL,< 1 year,0.0,5.7,1
12500.0,,bama1978,512.0,0%,359xx,AL,3 years,0.0,0.0,1
23500.0,,Belac,557.0,20.55%,980xx,WA,1 year,0.0,20.55,1
25000.0,,jinglebellmag,0.0,5.45%,374xx,TN,6 years,0.0,5.45,1
25000.0,,newportman,440.0,0.95%,027xx,MA,1 year,0.0,0.95,1
5100.0,,Personal Loan,618.0,7.73%,916xx,AL,1 year,0.0,7.73,1
25000.0,,mikewneedsyourhelp,691.0,44.29%,322xx,FL,1 year,0.0,44.29,1
4000.0,,LuCiG,516.0,22.34%,228xx,VA,3 years,0.0,22.34,1
11000.0,,MoGuy2600,535.0,0%,658xx,MO,5 years,0.0,0.0,1
800.0,,harkva,580.0,1.78%,452xx,OH,10+ years,0.0,1.78,1
500.0,,smyjpmu,751.0,2.31%,336xx,FL,2 years,0.0,2.31,1
7500.0,,Redsoxgirl911,487.0,12.25%,021xx,MA,1 year,0.0,12.25,1
10000.0,,cnwtrainman,607.0,19.66%,662xx,KS,10+ years,0.0,19.66,1
500.0,,sixstringlover,615.0,7.69%,012xx,MA,< 1 year,0.0,7.69,1
2000.0,,teresabird40,559.0,0%,188xx,NY,< 1 year,0.0,0.0,1
5700.0,,tripledee138,659.0,18.72%,142xx,NY,2 years,0.0,18.72,1
5000.0,,wastek.nrg,658.0,13.7%,770xx,TX,1 year,0.0,13.7,1
5000.0,,bzdusekagency,460.0,9.62%,852xx,AZ,< 1 year,0.0,9.62,1
2000.0,,shonklegin,695.0,20.9%,221xx,VA,< 1 year,0.0,20.9,1
5000.0,,kiddo96,461.0,7.13%,191xx,PA,5 years,0.0,7.13,1
4000.0,,rokinrobins,559.0,8.85%,335xx,FL,1 year,0.0,8.85,1
7500.0,,arh777,475.0,7.27%,926xx,AZ,9 years,0.0,7.27,1
1200.0,,Textbooks,692.0,10%,115xx,NY,< 1 year,0.0,10.0,1
500.0,,grnick,704.0,0%,551xx,MN,10+ years,0.0,0.0,1
5000.0,,jfurball9,567.0,35.56%,532xx,WI,4 years,0.0,35.56,1
1000.0,,rmwsnap,452.0,13.52%,754xx,TX,5 years,0.0,13.52,1
3000.0,,angegirl5053,463.0,33.78%,085xx,NJ,2 years,0.0,33.78,1
500.0,,jjbronk6970,655.0,12.89%,201xx,VA,1 year,0.0,12.89,1
20000.0,,usandfourboys,496.0,0.32%,710xx,LA,8 years,0.0,0.32,1
6000.0,,nyrice,566.0,10.38%,183xx,NY,< 1 year,0.0,10.38,1
800.0,,msfry78,481.0,4.42%,551xx,MN,1 year,0.0,4.42,1
5000.0,,ITANU,546.0,14.78%,336xx,FL,2 years,0.0,14.78,1
1000.0,,megantownsend,470.0,1.51%,191xx,NJ,< 1 year,0.0,1.51,1
2000.0,,cmichalec,451.0,15.91%,435xx,OH,1 year,0.0,15.91,1
15000.0,,Cutting up my cards,614.0,4.91%,982xx,WA,1 year,0.0,4.91,1
500.0,,lobrar,0.0,0%,021xx,MA,2 years,0.0,0.0,1
15000.0,,cactusvals,570.0,34.2%,019xx,MA,2 years,0.0,34.2,1
1000.0,,cigelske,625.0,7.8%,532xx,WI,1 year,0.0,7.8,1
5000.0,,Jayr061,511.0,18.35%,088xx,NJ,2 years,0.0,18.35,1
10000.0,,Looking To Pay Back Rent And Utilities,647.0,12.24%,021xx,MA,< 1 year,0.0,12.24,1
8000.0,,agresty75,661.0,11.76%,234xx,VA,6 years,0.0,11.76,1
20000.0,,LEARNfromMISTAKES,613.0,8.55%,334xx,FL,< 1 year,0.0,8.55,1
5000.0,,Jeaniezbak,500.0,0%,850xx,AZ,1 year,0.0,0.0,1
14500.0,,mom101,602.0,35.61%,453xx,OH,10+ years,0.0,35.61,1
25000.0,,JESSICA10,692.0,25.29%,238xx,VA,1 year,0.0,25.29,1
1000.0,,latarsha,598.0,2.8%,278xx,NC,9 years,0.0,2.8,1
6500.0,,Jayr989,534.0,0%,070xx,NJ,2 years,0.0,0.0,1
8275.0,,tnc16,616.0,28.16%,287xx,NC,6 years,0.0,28.16,1
25000.0,,Eagle,739.0,47.76%,293xx,SC,10+ years,0.0,47.76,1
15000.0,,rookie3948,636.0,12.65%,838xx,ID,2 years,0.0,12.65,1
1200.0,,csbanex,570.0,1.71%,201xx,VA,< 1 year,0.0,1.71,1
2000.0,,nanaTay,443.0,0%,305xx,GA,6 years,0.0,0.0,1
9300.0,,lost valley 37429,734.0,6.79%,633xx,MO,3 years,0.0,6.79,1
6000.0,,sheldon,465.0,4.15%,609xx,IN,< 1 year,0.0,4.15,1
4650.0,,lost valley 37430,615.0,38.76%,631xx,MO,1 year,0.0,38.76,1
5000.0,,dbarless,430.0,6%,452xx,OH,< 1 year,0.0,6.0,1
3200.0,,Elephant,0.0,0%,024xx,MA,< 1 year,0.0,0.0,1
15000.0,,Clean Karma,681.0,22.54%,300xx,GA,4 years,0.0,22.54,1
500.0,,HuniBuni2383,435.0,9.76%,440xx,OH,3 years,0.0,9.76,1
800.0,,Turtle,0.0,0%,024xx,MA,< 1 year,0.0,0.0,1
6200.0,,lowrychris,515.0,14.55%,327xx,FL,< 1 year,0.0,14.55,1
5000.0,,Digital Savior,647.0,39.85%,441xx,OH,1 year,0.0,39.85,1
2000.0,,trvsmart1,0.0,0%,328xx,FL,3 years,0.0,0.0,1
1300.0,,Fishy,0.0,0%,100xx,NY,< 1 year,0.0,0.0,1
15000.0,,"Get Back On Track: Pay Closing Costs, Ta",670.0,3.07%,303xx,GA,2 years,0.0,3.07,1
5000.0,,joe70,544.0,25.44%,850xx,AZ,< 1 year,0.0,25.44,1
25000.0,,codyandallisonsmom,506.0,25.95%,076xx,NJ,2 years,0.0,25.95,1
4000.0,,kingdomof,531.0,13.46%,037xx,NH,8 years,0.0,13.46,1
500.0,,Lefleur,520.0,12.12%,857xx,AZ,< 1 year,0.0,12.12,1
5000.0,,jeremysh,453.0,13.24%,776xx,TX,1 year,0.0,13.24,1
3000.0,,hdmarty,434.0,0%,370xx,TN,< 1 year,0.0,0.0,1
4950.0,,lost valley 36980,524.0,5.05%,630xx,MO,< 1 year,0.0,5.05,1
6275.0,,tnc18,571.0,21.14%,273xx,NC,10+ years,0.0,21.14,1
20000.0,,blackbutterfly,624.0,0%,452xx,OH,< 1 year,0.0,0.0,1
4000.0,,Loan request,609.0,27.5%,980xx,WA,3 years,0.0,27.5,1
25000.0,,ABC,631.0,19.6%,210xx,MD,3 years,0.0,19.6,1
25000.0,,I would like to take this money and pay off high interest credit cards and loans. I pay over $1600 a month in minimum payments and this loan will cut my payments in half. Thanks in advance to all!!,663.0,37.45%,775xx,TX,8 years,0.0,37.45,1
3000.0,,Blackgod718,427.0,5.05%,114xx,NY,1 year,0.0,5.05,1
25000.0,,ingomar,483.0,14.81%,441xx,OH,3 years,0.0,14.81,1
3500.0,,jade10,0.0,1.68%,331xx,FL,< 1 year,0.0,1.68,1
1500.0,,jjacobs,561.0,156.75%,325xx,FL,2 years,0.0,156.75,1
2000.0,,kndrckmak2,476.0,9%,454xx,OH,2 years,0.0,9.0,1
5000.0,,slim4114,432.0,3.33%,814xx,CO,10+ years,0.0,3.33,1
20000.0,,fonzonwheels,524.0,9%,105xx,NY,< 1 year,0.0,9.0,1
5000.0,,Fitzlight,507.0,11.97%,751xx,TX,10+ years,0.0,11.97,1
3000.0,,rrweatherman,652.0,23.28%,280xx,NC,< 1 year,0.0,23.28,1
5000.0,,Kiesa,485.0,23.93%,718xx,AR,< 1 year,0.0,23.93,1
5000.0,,sodapopsstuff,456.0,20.89%,612xx,IN,10+ years,0.0,20.89,1
2500.0,,peluchita09,468.0,6%,331xx,FL,4 years,0.0,6.0,1
5000.0,,jdpkf2,573.0,0%,296xx,SC,< 1 year,0.0,0.0,1
8275.0,,tnc19,691.0,1.84%,272xx,NC,6 years,0.0,1.84,1
8275.0,,tnc20,648.0,25.3%,287xx,NC,4 years,0.0,25.3,1
500.0,,KevinG,0.0,0%,641xx,MO,< 1 year,0.0,0.0,1
16500.0,,mcsparkle,516.0,32.53%,285xx,NC,10+ years,0.0,32.53,1
10000.0,,Jaime78,462.0,15.07%,461xx,IN,5 years,0.0,15.07,1
4500.0,,cwf2007,500.0,35.76%,077xx,NJ,10+ years,0.0,35.76,1
3500.0,,emerlady,554.0,0%,800xx,CO,2 years,0.0,0.0,1
1000.0,,seekingfreedom,559.0,69.45%,395xx,MS,2 years,0.0,69.45,1
1500.0,,Tigers64,537.0,12.4%,322xx,FL,< 1 year,0.0,12.4,1
4000.0,,Glendasher,520.0,5.16%,112xx,NY,< 1 year,0.0,5.16,1
10000.0,,BrendaP,472.0,13.25%,450xx,OH,10+ years,0.0,13.25,1
2000.0,,Andrew S.,0.0,0%,259xx,WV,< 1 year,0.0,0.0,1
25000.0,,ms. ann,572.0,0.82%,320xx,FL,< 1 year,0.0,0.82,1
2500.0,,moniliyah,518.0,12%,112xx,NY,2 years,0.0,12.0,1
500.0,,DALELOVE,458.0,0%,117xx,NY,2 years,0.0,0.0,1
10000.0,,rodneyjoy,626.0,11.05%,853xx,AZ,< 1 year,0.0,11.05,1
3000.0,,auto repairs ,386.0,18.43%,600xx,IL,10+ years,0.0,18.43,1
5000.0,,albert.owens,496.0,16.18%,852xx,AZ,< 1 year,0.0,16.18,1
2000.0,,WILDBILLXN5CB,594.0,36.8%,076xx,NJ,5 years,0.0,36.8,1
2500.0,,mommabull72,515.0,15.2%,070xx,NJ,1 year,0.0,15.2,1
3000.0,,coats,395.0,263.38%,275xx,NC,1 year,0.0,263.38,1
20000.0,,carl11777,414.0,13.95%,641xx,MO,1 year,0.0,13.95,1
20000.0,,CAVE1066,617.0,19.63%,324xx,FL,1 year,0.0,19.63,1
5000.0,,Help a Independent Trucker out,520.0,35.13%,530xx,WI,10+ years,0.0,35.13,1
10000.0,,zzzzzgirl,546.0,0%,191xx,NJ,1 year,0.0,0.0,1
2000.0,,robinsonl,502.0,9.15%,207xx,MD,1 year,0.0,9.15,1
1500.0,,ChristinaDeLine,520.0,53.15%,156xx,DE,2 years,0.0,53.15,1
5000.0,,bowl300,576.0,14.1%,207xx,MD,10+ years,0.0,14.1,1
2000.0,,Awilsonmilwaukee,458.0,12.9%,532xx,WI,1 year,0.0,12.9,1
8000.0,,tillman1,436.0,0%,302xx,GA,4 years,0.0,0.0,1
7000.0,,DAFFODELIA,565.0,12.53%,802xx,CO,1 year,0.0,12.53,1
10000.0,,qupert,476.0,3.32%,323xx,FL,< 1 year,0.0,3.32,1
1500.0,,Need a 2nd chance,476.0,19.92%,600xx,IL,10+ years,0.0,19.92,1
2000.0,,mtangel,576.0,2.85%,242xx,VA,< 1 year,0.0,2.85,1
9500.0,,chaza,632.0,5.24%,331xx,FL,5 years,0.0,5.24,1
10000.0,,MANGUMTWEETY,543.0,0.24%,114xx,NY,10+ years,0.0,0.24,1
1000.0,,EDLYNN,492.0,6.29%,780xx,TX,9 years,0.0,6.29,1
2500.0,,SheGotKicks,0.0,0.88%,981xx,WA,< 1 year,0.0,0.88,1
15000.0,,juice55,602.0,29.46%,402xx,KY,8 years,0.0,29.46,1
3000.0,,Mapleridge,465.0,8.59%,198xx,OH,< 1 year,0.0,8.59,1
5000.0,,griffina21,556.0,38.63%,065xx,CT,3 years,0.0,38.63,1
10000.0,,erica_0529,427.0,0.8%,430xx,OH,2 years,0.0,0.8,1
25000.0,,garciar3,624.0,14.41%,925xx,CO,2 years,0.0,14.41,1
500.0,,austingal25,423.0,19.41%,787xx,TX,< 1 year,0.0,19.41,1
17500.0,,buckyboy,470.0,6.96%,644xx,MO,2 years,0.0,6.96,1
5000.0,,number1dad,0.0,0%,857xx,AZ,9 years,0.0,0.0,1
25000.0,,sandy1940,515.0,19.01%,782xx,TX,4 years,0.0,19.01,1
9900.0,,drywall,659.0,6.36%,112xx,NY,10+ years,0.0,6.36,1
5000.0,,mcuyler,542.0,38.71%,315xx,GA,7 years,0.0,38.71,1
5000.0,,jtail001,578.0,21.28%,331xx,FL,< 1 year,0.0,21.28,1
15000.0,,blue1962,573.0,16.34%,782xx,TX,1 year,0.0,16.34,1
2425.0,,kay,502.0,15.8%,209xx,MD,1 year,0.0,15.8,1
25000.0,,Benz4themoney,696.0,36.82%,840xx,UT,< 1 year,0.0,36.82,1
6000.0,,Vernon,497.0,9.69%,800xx,CO,2 years,0.0,9.69,1
5000.0,,Amylu828,497.0,28.26%,322xx,FL,3 years,0.0,28.26,1
500.0,,cmortensen14,460.0,0.58%,982xx,WA,7 years,0.0,0.58,1
21000.0,,ct5000,621.0,22.5%,014xx,MA,5 years,0.0,22.5,1
1500.0,,stixfinance23,485.0,0%,327xx,FL,1 year,0.0,0.0,1
4000.0,,Danny6894,605.0,221.94%,347xx,FL,1 year,0.0,221.94,1
22000.0,,bizmandev,598.0,6.61%,730xx,OK,1 year,0.0,6.61,1
14000.0,,Help me breathe please,637.0,19.33%,967xx,HI,< 1 year,0.0,19.33,1
1000.0,,carlandcyndi,491.0,20.85%,370xx,TN,10+ years,0.0,20.85,1
500.0,,gotzs,607.0,40.29%,546xx,WI,1 year,0.0,40.29,1
3000.0,,KenKayGil,498.0,10.9%,305xx,GA,< 1 year,0.0,10.9,1
5000.0,,Randall Avenue,476.0,0.33%,104xx,NY,5 years,0.0,0.33,1
2000.0,,Jeremy0832,443.0,0%,259xx,WV,< 1 year,0.0,0.0,1
5000.0,,RPRESHA,390.0,25.2%,323xx,FL,10+ years,0.0,25.2,1
5000.0,,norebah,601.0,58.71%,224xx,VA,10+ years,0.0,58.71,1
15000.0,,TreyJ,675.0,14.61%,794xx,TX,7 years,0.0,14.61,1
10850.0,,Steve,571.0,44.75%,480xx,MI,9 years,0.0,44.75,1
9000.0,,kenny32268,652.0,13.41%,723xx,AR,4 years,0.0,13.41,1
5000.0,,boatdoc1963,470.0,35.94%,395xx,MS,5 years,0.0,35.94,1
10000.0,,terryb,478.0,31.97%,351xx,AL,7 years,0.0,31.97,1
3500.0,,JMCNUTT,599.0,69.16%,769xx,TX,3 years,0.0,69.16,1
25000.0,,JSOTO,562.0,12.6%,769xx,TX,< 1 year,0.0,12.6,1
5000.0,,HeidiJo,513.0,14.72%,970xx,OR,4 years,0.0,14.72,1
4000.0,,kevenmcdonald,445.0,4.8%,395xx,MS,10+ years,0.0,4.8,1
9000.0,,brandygirl,641.0,6.99%,366xx,AL,< 1 year,0.0,6.99,1
25000.0,,maral,413.0,7.71%,572xx,MT,< 1 year,0.0,7.71,1
6000.0,,pipatatl,490.0,0%,330xx,FL,< 1 year,0.0,0.0,1
4000.0,,Biggah,623.0,24.26%,481xx,MN,9 years,0.0,24.26,1
5000.0,,Please Help,427.0,23.68%,352xx,AL,9 years,0.0,23.68,1
17000.0,,Tsmith,723.0,53.3%,765xx,TX,3 years,0.0,53.3,1
500.0,,tide88,558.0,1.52%,341xx,FL,8 years,0.0,1.52,1
9000.0,,awinst2,0.0,2%,300xx,GA,< 1 year,0.0,2.0,1
7000.0,,SCANADY,516.0,15.53%,322xx,FL,4 years,0.0,15.53,1
2500.0,,Kicked Twice,461.0,13.18%,374xx,TN,6 years,0.0,13.18,1
5000.0,,richiee,441.0,4.18%,843xx,UT,10+ years,0.0,4.18,1
3000.0,,denstrip,629.0,8.4%,727xx,AR,< 1 year,0.0,8.4,1
25000.0,,payoffdebt2010,681.0,73.6%,030xx,NH,8 years,0.0,73.6,1
4000.0,,pruss21,579.0,0%,060xx,CT,4 years,0.0,0.0,1
1000.0,,Coral1,424.0,0%,802xx,CO,< 1 year,0.0,0.0,1
5000.0,,gageandparker,461.0,0%,279xx,NC,7 years,0.0,0.0,1
5000.0,,pamfry,618.0,27.21%,667xx,KS,2 years,0.0,27.21,1
1000.0,,colivitowilliams05,600.0,5.54%,326xx,FL,1 year,0.0,5.54,1
500.0,,businessdragon,0.0,0%,440xx,OH,< 1 year,0.0,0.0,1
2500.0,,redrocket,591.0,21.79%,207xx,MD,2 years,0.0,21.79,1
2500.0,,Franchise,531.0,3.13%,018xx,MA,1 year,0.0,3.13,1
25000.0,,rwray,670.0,22.1%,680xx,NE,10+ years,0.0,22.1,1
2200.0,,Catlover,484.0,42.36%,530xx,WI,2 years,0.0,42.36,1
6000.0,,tockey,595.0,9.22%,681xx,NE,10+ years,0.0,9.22,1
4000.0,,jessica234,465.0,13.8%,070xx,NJ,1 year,0.0,13.8,1
12500.0,,JJT123,482.0,27.64%,551xx,MN,1 year,0.0,27.64,1
5000.0,,samarasl,575.0,16.46%,530xx,WI,< 1 year,0.0,16.46,1
1500.0,,kbeard26,570.0,6%,302xx,GA,2 years,0.0,6.0,1
12000.0,,kyle5192,484.0,17.83%,240xx,VA,2 years,0.0,17.83,1
5000.0,,mrwundeful,562.0,22.39%,809xx,CO,10+ years,0.0,22.39,1
6000.0,,Vince,534.0,19.69%,805xx,CO,3 years,0.0,19.69,1
8000.0,,terry,455.0,26.73%,631xx,MO,10+ years,0.0,26.73,1
2200.0,,mrcountryclub,610.0,11.66%,109xx,NY,2 years,0.0,11.66,1
2500.0,,tahoetiara,528.0,6%,980xx,WA,< 1 year,0.0,6.0,1
4000.0,,ellis,627.0,5.66%,275xx,NC,8 years,0.0,5.66,1
4000.0,,mikes989,484.0,11.67%,782xx,TX,4 years,0.0,11.67,1
2000.0,,super99999ooo,566.0,1.72%,921xx,CA,6 years,0.0,1.72,1
5000.0,,GEE,433.0,28.36%,606xx,IN,10+ years,0.0,28.36,1
5000.0,,Land in Buckfield,685.0,1.76%,042xx,ME,5 years,0.0,1.76,1
25000.0,,WPAGAN,560.0,13.5%,104xx,NY,2 years,0.0,13.5,1
750.0,,Paradiseacre,529.0,42.04%,747xx,OK,7 years,0.0,42.04,1
1000.0,,DIMPLES,498.0,3.81%,100xx,NY,1 year,0.0,3.81,1
20000.0,,freeman727,653.0,10.95%,115xx,NY,< 1 year,0.0,10.95,1
10000.0,,orioles,718.0,764.83%,212xx,MD,10+ years,0.0,764.83,1
2000.0,,Bill Help,648.0,6.42%,857xx,AZ,< 1 year,0.0,6.42,1
6000.0,,Mom_In_2004and5,503.0,2.43%,441xx,OH,9 years,0.0,2.43,1
25000.0,,mom2three,705.0,5.67%,781xx,TX,< 1 year,0.0,5.67,1
25000.0,,vmrfurious,703.0,40.57%,781xx,TX,7 years,0.0,40.57,1
5000.0,,agonzo,427.0,3%,787xx,TX,2 years,0.0,3.0,1
5500.0,,baebaekidz,569.0,14.76%,454xx,OH,< 1 year,0.0,14.76,1
1000.0,,richardpoehlein,541.0,29.84%,633xx,MO,6 years,0.0,29.84,1
12000.0,,KATIE,664.0,66.76%,320xx,FL,< 1 year,0.0,66.76,1
15000.0,,leonard21,556.0,19.2%,330xx,FL,5 years,0.0,19.2,1
10000.0,,nenadiana12,565.0,17.32%,104xx,NY,5 years,0.0,17.32,1
1000.0,,Jgirl,454.0,0%,804xx,CO,1 year,0.0,0.0,1
25000.0,,fmmaster,572.0,4.71%,210xx,MD,10+ years,0.0,4.71,1
25000.0,,reneec,559.0,23.43%,112xx,NY,3 years,0.0,23.43,1
1000.0,,Sasha1,521.0,12%,331xx,FL,1 year,0.0,12.0,1
5000.0,,wizeup36,560.0,13.67%,282xx,NC,10+ years,0.0,13.67,1
5000.0,,Flyone,500.0,10.8%,801xx,CO,1 year,0.0,10.8,1
8275.0,,tnc22,695.0,36.18%,272xx,NC,< 1 year,0.0,36.18,1
10000.0,,whodini,,10.79%,336xx,FL,2 years,0.0,10.79,1
25000.0,,"Pay Lending Club members, not Chase",627.0,21.98%,946xx,CA,4 years,0.0,21.98,1
1500.0,,pm1010,471.0,15.31%,563xx,MN,1 year,0.0,15.31,1
3000.0,,Nordicgirl,590.0,19.22%,995xx,AK,3 years,0.0,19.22,1
5000.0,,grams6939,474.0,19.92%,468xx,IN,10+ years,0.0,19.92,1
500.0,,tbthstnly,510.0,60.67%,386xx,MS,7 years,0.0,60.67,1
500.0,,bubba,552.0,10.34%,386xx,MS,2 years,0.0,10.34,1
3000.0,,Dottie,485.0,14.4%,041xx,ME,6 years,0.0,14.4,1
6000.0,,BORROWING A GREAT RATE,675.0,46.2%,333xx,FL,5 years,0.0,46.2,1
5000.0,,Bignell,590.0,1.9%,212xx,MD,7 years,0.0,1.9,1
1000.0,,miaksoy,453.0,14.68%,980xx,WA,2 years,0.0,14.68,1
20000.0,,Vegas Girl,702.0,49.71%,454xx,OH,10+ years,0.0,49.71,1
4000.0,,mapcyn,537.0,10.79%,787xx,TX,5 years,0.0,10.79,1
25000.0,,smith97,687.0,21.81%,440xx,OH,2 years,0.0,21.81,1
5000.0,,mars7578,625.0,19.54%,330xx,FL,10+ years,0.0,19.54,1
7000.0,,hi i have about 7000 indebt from cedit cards to auto to medical. i just want to make a better life for me and my family this will not only increase my fico score but be easier to make one payment each month and give me some extra money for my family each month im not looking for anything big but this will help thanks for reading my loan request Randy,582.0,0.45%,551xx,MN,< 1 year,0.0,0.45,1
25000.0,,maggielou,500.0,6.26%,391xx,MS,2 years,0.0,6.26,1
1500.0,,kmofield,556.0,15.04%,474xx,IN,2 years,0.0,15.04,1
2500.0,,dpadma,440.0,26.7%,767xx,TX,5 years,0.0,26.7,1
15000.0,,jeff2037,655.0,14.85%,478xx,IN,10+ years,0.0,14.85,1
6000.0,,page34,409.0,13.4%,370xx,TN,2 years,0.0,13.4,1
5000.0,,Debbie,533.0,21.46%,199xx,DE,5 years,0.0,21.46,1
3000.0,,DTRAIN1974,638.0,11.57%,336xx,FL,2 years,0.0,11.57,1
5000.0,,lgillum,761.0,0%,631xx,MO,< 1 year,0.0,0.0,1
8275.0,,tnc24,530.0,3.98%,272xx,NC,10+ years,0.0,3.98,1
25000.0,,boletti,629.0,50.88%,466xx,IN,1 year,0.0,50.88,1
8275.0,,tnc25,550.0,3.98%,272xx,NC,10+ years,0.0,3.98,1
2000.0,,sshotwell,500.0,29.5%,323xx,FL,1 year,0.0,29.5,1
15000.0,,A new Day,639.0,16.84%,774xx,TX,10+ years,0.0,16.84,1
5000.0,,AdamKirk,522.0,24.12%,322xx,FL,< 1 year,0.0,24.12,1
5000.0,,specialk,451.0,3.71%,180xx,PA,1 year,0.0,3.71,1
575.0,,bhawkins1,482.0,89.43%,350xx,AL,2 years,0.0,89.43,1
5275.0,,SherryHudson,744.0,34.27%,270xx,NC,8 years,0.0,34.27,1
7500.0,,night angel,452.0,9.84%,471xx,IN,1 year,0.0,9.84,1
2500.0,,kely267,529.0,0%,212xx,MD,8 years,0.0,0.0,1
5000.0,,Onceinthelandof2,585.0,9.42%,067xx,CT,10+ years,0.0,9.42,1
7000.0,,cjbkmg,486.0,0%,558xx,MN,4 years,0.0,0.0,1
6075.0,,lost valley 3383,550.0,0%,630xx,MO,< 1 year,0.0,0.0,1
5275.0,,tnc28,643.0,32.17%,280xx,NC,1 year,0.0,32.17,1
10000.0,,dtng,598.0,12.58%,982xx,WA,2 years,0.0,12.58,1
2625.0,,lost valley 7358,631.0,38.19%,630xx,MO,3 years,0.0,38.19,1
2625.0,,lost valley 2562,631.0,1.4%,630xx,MO,1 year,0.0,1.4,1
10000.0,,wanda,515.0,13.12%,361xx,AL,10+ years,0.0,13.12,1
4650.0,,lost valley 5425,477.0,60.23%,631xx,MO,4 years,0.0,60.23,1
1500.0,,austintumbleweed,628.0,15.69%,786xx,TX,6 years,0.0,15.69,1
10000.0,,Unbelie631,535.0,16.64%,117xx,NY,< 1 year,0.0,16.64,1
5000.0,,mkbm98,554.0,1.36%,628xx,IL,1 year,0.0,1.36,1
7500.0,,webuyhosts,677.0,9.84%,991xx,WA,6 years,0.0,9.84,1
10000.0,,vila valachi,430.0,9.3%,104xx,NY,5 years,0.0,9.3,1
5000.0,,aimeelynn25,512.0,6.56%,640xx,MO,5 years,0.0,6.56,1
800.0,,siera,692.0,39.8%,322xx,FL,3 years,0.0,39.8,1
7000.0,,twiztidm16,537.0,0.96%,331xx,FL,10+ years,0.0,0.96,1
6000.0,,yecnors,668.0,71.31%,806xx,CO,< 1 year,0.0,71.31,1
15000.0,,julio_lara,0.0,240%,315xx,GA,< 1 year,0.0,240.0,1
8000.0,,TOMCAT,507.0,23.17%,344xx,FL,10+ years,0.0,23.17,1
8500.0,,FATHER,677.0,5.77%,070xx,NJ,5 years,0.0,5.77,1
6200.0,,scottbls,692.0,3.86%,025xx,MA,< 1 year,0.0,3.86,1
4000.0,,prettygirl,565.0,65.23%,708xx,LA,10+ years,0.0,65.23,1
3275.0,,lost valley 4713,401.0,10.62%,630xx,MO,< 1 year,0.0,10.62,1
1500.0,,Clinton,500.0,42.43%,805xx,CO,1 year,0.0,42.43,1
10000.0,,kim,436.0,21.51%,631xx,MO,< 1 year,0.0,21.51,1
15000.0,,Carla,502.0,32.8%,300xx,GA,7 years,0.0,32.8,1
10000.0,,specialkryse,439.0,6%,451xx,OH,< 1 year,0.0,6.0,1
25000.0,,roth1975,730.0,7.54%,440xx,OH,3 years,0.0,7.54,1
1500.0,,sweetbee,481.0,2.04%,281xx,NC,< 1 year,0.0,2.04,1
3725.0,,lost valley 9148,503.0,25.97%,630xx,MO,< 1 year,0.0,25.97,1
3725.0,,lost valley 5631,582.0,13.94%,630xx,MO,< 1 year,0.0,13.94,1
7500.0,,gemini20164,534.0,6.32%,201xx,VA,8 years,0.0,6.32,1
2000.0,,lilmar,459.0,39.7%,786xx,TX,3 years,0.0,39.7,1
30000.0,,buddymond,691.0,43.24%,754xx,TX,10+ years,0.0,43.24,1
9000.0,,nkbahrman,654.0,1.11%,322xx,FL,< 1 year,0.0,1.11,1
3200.0,,Christian1180,515.0,7.47%,442xx,OH,10+ years,0.0,7.47,1
10000.0,,DEQUEEN,0.0,0%,303xx,GA,2 years,0.0,0.0,1
1700.0,,dwayneblack,511.0,41.98%,216xx,MD,10+ years,0.0,41.98,1
15000.0,,csexton,444.0,16.24%,138xx,NY,8 years,0.0,16.24,1
5000.0,,codtay,506.0,19.53%,024xx,MA,1 year,0.0,19.53,1
5000.0,,tayleeb,464.0,6.37%,015xx,MA,< 1 year,0.0,6.37,1
2200.0,,Whyte,631.0,2.33%,344xx,FL,< 1 year,0.0,2.33,1
5000.0,,pinkgator,652.0,70.32%,347xx,FL,< 1 year,0.0,70.32,1
5000.0,,gdpjr55,616.0,29.85%,335xx,FL,< 1 year,0.0,29.85,1
4000.0,,mr.branch1,674.0,36.9%,232xx,VA,< 1 year,0.0,36.9,1
7000.0,,chapa,497.0,6.35%,372xx,TN,1 year,0.0,6.35,1
5000.0,,Budda324,622.0,19.09%,105xx,NY,1 year,0.0,19.09,1
2000.0,,nichele,628.0,180.48%,328xx,FL,2 years,0.0,180.48,1
10000.0,,PHILPURO,598.0,261%,782xx,TX,3 years,0.0,261.0,1
25000.0,,growbiz,686.0,59.17%,453xx,OH,4 years,0.0,59.17,1
7500.0,,jrich,605.0,2.79%,395xx,MS,6 years,0.0,2.79,1
3800.0,,mlane,570.0,13.37%,750xx,TX,7 years,0.0,13.37,1
10000.0,,Sandra,577.0,17.45%,705xx,LA,1 year,0.0,17.45,1
5000.0,,Mrrick,638.0,36.33%,125xx,NY,1 year,0.0,36.33,1
25000.0,,Bern,717.0,56.89%,339xx,FL,< 1 year,0.0,56.89,1
12000.0,,thathandyroger,539.0,14.76%,207xx,MD,< 1 year,0.0,14.76,1
1000.0,,Athena811,574.0,0%,043xx,ME,3 years,0.0,0.0,1
25000.0,,SECURTY,501.0,40.1%,275xx,NC,< 1 year,0.0,40.1,1
2500.0,,ATV,672.0,6.08%,105xx,NY,< 1 year,0.0,6.08,1
5000.0,,ejtaylor,557.0,0.56%,336xx,FL,5 years,0.0,0.56,1
10000.0,,Renee,595.0,12.33%,800xx,CO,2 years,0.0,12.33,1
7500.0,,mbedard,578.0,28.25%,347xx,FL,< 1 year,0.0,28.25,1
5000.0,,jdanderson,510.0,14.93%,023xx,MA,4 years,0.0,14.93,1
1000.0,,nikki9381,502.0,14.6%,443xx,OH,< 1 year,0.0,14.6,1
10000.0,,hardcorevixen101,492.0,15.36%,334xx,FL,< 1 year,0.0,15.36,1
5000.0,,butterflywonder,491.0,9.46%,800xx,CO,3 years,0.0,9.46,1
25000.0,,Bethany,676.0,21.15%,381xx,TN,10+ years,0.0,21.15,1
25000.0,,puls,629.0,12.88%,180xx,OH,2 years,0.0,12.88,1
7500.0,,corkyh,560.0,49.93%,666xx,KS,< 1 year,0.0,49.93,1
600.0,,Phillips31,444.0,62.88%,230xx,VA,2 years,0.0,62.88,1
7500.0,,dakotaaxis,505.0,17.02%,023xx,MA,< 1 year,0.0,17.02,1
4000.0,,headhoh,589.0,19.54%,640xx,MT,4 years,0.0,19.54,1
800.0,,joito74,558.0,7.38%,330xx,FL,10+ years,0.0,7.38,1
3000.0,,sctiger,581.0,28.48%,296xx,SC,4 years,0.0,28.48,1
2500.0,,Ms. kaysha,472.0,12.24%,302xx,GA,10+ years,0.0,12.24,1
5000.0,,CRodney,480.0,2526.77%,061xx,CT,5 years,0.0,2526.77,1
15000.0,,LOVETOBAKE,647.0,15.55%,434xx,OH,2 years,0.0,15.55,1
15000.0,,nickdash1,501.0,37.88%,344xx,FL,10+ years,0.0,37.88,1
2500.0,,easy,641.0,20.69%,331xx,FL,10+ years,0.0,20.69,1
25000.0,,roger,607.0,25.83%,143xx,NY,10+ years,0.0,25.83,1
25000.0,,littlehead7,657.0,62.07%,300xx,GA,1 year,0.0,62.07,1
12000.0,,new2u_sd,572.0,18.7%,921xx,AZ,< 1 year,0.0,18.7,1
3000.0,,deafton,501.0,22.47%,750xx,TX,1 year,0.0,22.47,1
15000.0,,bellal2,723.0,1.94%,232xx,VA,< 1 year,0.0,1.94,1
7500.0,,mgulla78,661.0,36.8%,134xx,NY,7 years,0.0,36.8,1
500.0,,Tjoecks25,500.0,4.52%,532xx,WI,2 years,0.0,4.52,1
4000.0,,destind,0.0,0%,325xx,FL,< 1 year,0.0,0.0,1
25000.0,,SimpleGirl,507.0,32.59%,770xx,TX,10+ years,0.0,32.59,1
3500.0,,jenjen30,481.0,16.11%,435xx,OH,3 years,0.0,16.11,1
10000.0,,D_man,539.0,17.33%,672xx,KS,2 years,0.0,17.33,1
5000.0,,scslinkard,524.0,18.16%,284xx,NC,1 year,0.0,18.16,1
2000.0,,mr3rd,0.0,102.67%,705xx,LA,1 year,0.0,102.67,1
25000.0,,Goretexas,699.0,22.92%,750xx,TX,8 years,0.0,22.92,1
2500.0,,purplesue,491.0,8.1%,741xx,OK,2 years,0.0,8.1,1
2500.0,,TraceyB1978,482.0,42.66%,134xx,NY,5 years,0.0,42.66,1
3000.0,,jamchris,555.0,5.2%,112xx,NY,10+ years,0.0,5.2,1
5000.0,,Keith,616.0,4.78%,774xx,TX,< 1 year,0.0,4.78,1
4500.0,,lmedina44,479.0,38.09%,841xx,UT,1 year,0.0,38.09,1
500.0,,MJC,437.0,10.26%,802xx,CO,< 1 year,0.0,10.26,1
15000.0,,hesss64,610.0,20.45%,310xx,GA,< 1 year,0.0,20.45,1
2500.0,,Likopass,540.0,13.47%,462xx,IN,1 year,0.0,13.47,1
3800.0,,jaymoney58,555.0,21.33%,308xx,GA,1 year,0.0,21.33,1
20000.0,,billyspeedman,682.0,23.52%,656xx,MO,2 years,0.0,23.52,1
15000.0,,rodban,589.0,18.72%,282xx,NC,< 1 year,0.0,18.72,1
25000.0,,abakatone,468.0,5.87%,115xx,NY,1 year,0.0,5.87,1
15500.0,,downwithdebt,666.0,14.03%,070xx,NJ,< 1 year,0.0,14.03,1
5000.0,,lilrritter,640.0,11.86%,640xx,MO,< 1 year,0.0,11.86,1
15000.0,,Addi,501.0,30.76%,420xx,KY,< 1 year,0.0,30.76,1
15000.0,,sunflower0416,549.0,15.79%,986xx,WA,4 years,0.0,15.79,1
500.0,,jaywill1911,554.0,2.25%,282xx,NC,1 year,0.0,2.25,1
2600.0,,JAM825,571.0,19.95%,452xx,OH,3 years,0.0,19.95,1
20000.0,,Radar Luv,724.0,37.14%,301xx,GA,8 years,0.0,37.14,1
5000.0,,laynebody90,426.0,73.02%,809xx,CO,1 year,0.0,73.02,1
5000.0,,otsnet,502.0,0%,760xx,TX,4 years,0.0,0.0,1
15000.0,,peaceomind,509.0,4.1%,238xx,VA,10+ years,0.0,4.1,1
17000.0,,JAH4,493.0,0%,774xx,TX,< 1 year,0.0,0.0,1
1000.0,,entcwilliams,531.0,13.07%,300xx,GA,2 years,0.0,13.07,1
3200.0,,Towne Village Drive,488.0,0%,276xx,NC,4 years,0.0,0.0,1
8000.0,,apple,512.0,44.67%,142xx,NY,1 year,0.0,44.67,1
500.0,,jennywren623,498.0,0%,530xx,WI,6 years,0.0,0.0,1
4000.0,,swededread,534.0,2.84%,108xx,NY,< 1 year,0.0,2.84,1
15000.0,,jw63,592.0,10.47%,402xx,KY,2 years,0.0,10.47,1
500.0,,taggerman,416.0,1.02%,800xx,CO,7 years,0.0,1.02,1
25000.0,,bizconsultant,502.0,5.32%,597xx,MT,3 years,0.0,5.32,1
15000.0,,chr1z,637.0,30.46%,300xx,GA,9 years,0.0,30.46,1
15000.0,,sharks2926,504.0,4.79%,080xx,NJ,10+ years,0.0,4.79,1
2500.0,,chrisdawoo,488.0,1.76%,120xx,NY,10+ years,0.0,1.76,1
5000.0,,digba1,593.0,20.87%,303xx,GA,< 1 year,0.0,20.87,1
10000.0,,pvtjohndoe,622.0,5.22%,980xx,WA,3 years,0.0,5.22,1
6000.0,,Mastermode,545.0,16.4%,331xx,FL,< 1 year,0.0,16.4,1
9000.0,,richardb,530.0,40.05%,329xx,FL,2 years,0.0,40.05,1
1700.0,,rosalee29,457.0,0%,173xx,NY,6 years,0.0,0.0,1
10000.0,,mich,473.0,39.23%,211xx,MD,< 1 year,0.0,39.23,1
3000.0,,marge1250,605.0,2.31%,103xx,NY,1 year,0.0,2.31,1
1000.0,,charliegirl,444.0,10.43%,063xx,CT,2 years,0.0,10.43,1
6000.0,,carace,528.0,1.17%,019xx,MA,< 1 year,0.0,1.17,1
3500.0,,joshril27,569.0,14.9%,791xx,TX,1 year,0.0,14.9,1
10000.0,,please go with the flo,474.0,14.52%,070xx,NJ,< 1 year,0.0,14.52,1
10000.0,,home,494.0,48.03%,853xx,AZ,10+ years,0.0,48.03,1
12000.0,,dwfox,526.0,20.18%,479xx,IN,2 years,0.0,20.18,1
2000.0,,AMW01,445.0,5.8%,320xx,FL,< 1 year,0.0,5.8,1
1500.0,,airforceflyguy,455.0,49.97%,325xx,FL,8 years,0.0,49.97,1
2500.0,,mybabyshubu,614.0,12.23%,365xx,AL,< 1 year,0.0,12.23,1
5000.0,,michele,678.0,271.2%,126xx,NY,3 years,0.0,271.2,1
25000.0,,rfelps,657.0,10.21%,212xx,MD,8 years,0.0,10.21,1
2000.0,,peanut 56,561.0,12.43%,544xx,WI,8 years,0.0,12.43,1
10000.0,,drew1068,516.0,12.61%,074xx,NJ,10+ years,0.0,12.61,1
3000.0,,sbecker67,550.0,18.57%,800xx,CO,1 year,0.0,18.57,1
25000.0,,Ins Mike,614.0,44.64%,826xx,WY,2 years,0.0,44.64,1
25000.0,,Helping Hands,661.0,5.08%,012xx,MA,3 years,0.0,5.08,1
15000.0,,brendakeen,426.0,0%,945xx,OH,< 1 year,0.0,0.0,1
20000.0,,aa6466,630.0,15.47%,750xx,TX,5 years,0.0,15.47,1
600.0,,Ladylissab,554.0,12.96%,327xx,FL,< 1 year,0.0,12.96,1
15000.0,,Knight88,505.0,10.58%,346xx,FL,< 1 year,0.0,10.58,1
4500.0,,MSG Retired,504.0,23.32%,922xx,CO,10+ years,0.0,23.32,1
2500.0,,michsita,450.0,9.5%,060xx,CT,5 years,0.0,9.5,1
1200.0,,azick84,578.0,41.07%,731xx,OK,2 years,0.0,41.07,1
2000.0,,thejuug,467.0,239.33%,347xx,FL,3 years,0.0,239.33,1
2500.0,,michsita1973,480.0,23.56%,061xx,CT,10+ years,0.0,23.56,1
12500.0,,Bc5976,569.0,21.98%,339xx,FL,< 1 year,0.0,21.98,1
6000.0,,rmwcalum,652.0,38.55%,282xx,NC,1 year,0.0,38.55,1
1500.0,,Need money for PC.,649.0,20.33%,658xx,MO,6 years,0.0,20.33,1
6000.0,,cluesgirl21,429.0,1.83%,224xx,VA,1 year,0.0,1.83,1
15000.0,,leoi,637.0,17.93%,805xx,FL,< 1 year,0.0,17.93,1
5000.0,,frenchlop,454.0,34.73%,448xx,OH,10+ years,0.0,34.73,1
800.0,,msdoriansmith,680.0,39.34%,146xx,NY,< 1 year,0.0,39.34,1
2500.0,,Txrose1998,538.0,6.39%,750xx,TX,< 1 year,0.0,6.39,1
20000.0,,Pay Off Debt,677.0,17.5%,217xx,MD,9 years,0.0,17.5,1
2500.0,,TailoredMaid,444.0,16.57%,234xx,VA,< 1 year,0.0,16.57,1
25000.0,,BillyJoe,743.0,51.26%,426xx,KY,10+ years,0.0,51.26,1
15000.0,,kipper50,692.0,20.1%,913xx,CA,1 year,0.0,20.1,1
1500.0,,cnewsome24,0.0,3%,010xx,MA,< 1 year,0.0,3.0,1
10000.0,,"I am a railroad engineer for CSX transportation and am relocating my family to North Carolina.  In order to do this move, we need to settle all of our delinquent debts and move with a clean slate.   My family is my wife, Stacey, our 3 year old daughter, Mackenzie, and our 11 month old son, Noah.   We have a doggie named Dickens, and yes, of course, he's family.  It will cost us a few thousand to relocated with a moving company.  We need payment to rent an apartment and security, etc.    I will be starting a new position in North Carolina, so we will be with little pay until my training session ends.  We need to be able to have money for rent and take care of the children's needs for at least a couple months.    Thank you for your kind consideration.  Mike ",468.0,11.93%,132xx,NY,2 years,0.0,11.93,1
20000.0,,Ellerbe Ackerman,610.0,28.04%,295xx,SC,5 years,0.0,28.04,1
2500.0,,Mrsnicolejackson,606.0,43.09%,300xx,GA,1 year,0.0,43.09,1
6000.0,,toureka1,547.0,48.21%,070xx,NJ,2 years,0.0,48.21,1
13525.0,,asaw2513,515.0,2.29%,242xx,VA,< 1 year,0.0,2.29,1
12000.0,,Dalmus,596.0,30.22%,532xx,WI,2 years,0.0,30.22,1
12000.0,,Credit Card and Line of Credit Refinance,679.0,6.69%,852xx,AZ,1 year,0.0,6.69,1
2500.0,,angelpuddin,596.0,41.41%,250xx,WV,7 years,0.0,41.41,1
1500.0,,sponge47,480.0,6.06%,011xx,MA,10+ years,0.0,6.06,1
25000.0,,conflaozi,692.0,1.72%,928xx,CO,10+ years,0.0,1.72,1
5000.0,,desigrl4,601.0,24.12%,313xx,GA,4 years,0.0,24.12,1
25000.0,,teen,617.0,28.29%,855xx,AZ,10+ years,0.0,28.29,1
4000.0,,bee157,0.0,0%,114xx,NY,6 years,0.0,0.0,1
500.0,,chriss,498.0,0%,300xx,GA,< 1 year,0.0,0.0,1
5000.0,,torey1999,549.0,26.04%,930xx,CA,9 years,0.0,26.04,1
2500.0,,acorbetttate,470.0,100.73%,272xx,NC,6 years,0.0,100.73,1
2400.0,,cmortality,433.0,0.95%,560xx,MN,< 1 year,0.0,0.95,1
1000.0,,xpynkxheartsx,440.0,2%,286xx,NC,< 1 year,0.0,2.0,1
17000.0,,sarahh,546.0,0.71%,540xx,WI,2 years,0.0,0.71,1
3000.0,,ritchieray,565.0,1.47%,751xx,TX,3 years,0.0,1.47,1
25000.0,,TREADLLC,631.0,49.64%,324xx,FL,< 1 year,0.0,49.64,1
1600.0,,Please help me pay off medical bills,511.0,23.76%,744xx,OK,3 years,0.0,23.76,1
20000.0,,DLC,618.0,13.9%,781xx,TX,1 year,0.0,13.9,1
2500.0,,zoe2007,581.0,20.23%,437xx,OH,10+ years,0.0,20.23,1
6500.0,,jfrede3382,643.0,369.44%,210xx,MD,2 years,0.0,369.44,1
10000.0,,cleanup07,513.0,16.48%,386xx,MS,2 years,0.0,16.48,1
8000.0,,shadow,629.0,39.6%,282xx,NC,< 1 year,0.0,39.6,1
5000.0,,kprichter,486.0,14.02%,726xx,AR,9 years,0.0,14.02,1
3500.0,,rateup5,654.0,11.88%,088xx,NJ,10+ years,0.0,11.88,1
10000.0,,single parent 2,486.0,21.54%,300xx,GA,9 years,0.0,21.54,1
3600.0,,magice,547.0,25.62%,447xx,OH,1 year,0.0,25.62,1
10000.0,,chevyman,547.0,38.69%,748xx,OK,8 years,0.0,38.69,1
25000.0,,nwangel2000,698.0,26.03%,983xx,WA,5 years,0.0,26.03,1
15000.0,,Personal loan,679.0,8.67%,300xx,GA,< 1 year,0.0,8.67,1
15000.0,,BferrerJr,652.0,1.55%,330xx,FL,2 years,0.0,1.55,1
4000.0,,necolenicole,470.0,35.23%,799xx,TX,1 year,0.0,35.23,1
10000.0,,Business Expansion Loan,625.0,19.63%,913xx,CA,1 year,0.0,19.63,1
1200.0,,Caw,576.0,6.54%,850xx,AZ,< 1 year,0.0,6.54,1
3000.0,,fermi,451.0,9.32%,379xx,TN,< 1 year,0.0,9.32,1
1800.0,,larry25,566.0,39.04%,712xx,LA,8 years,0.0,39.04,1
25000.0,,the option guru,454.0,2.86%,402xx,KY,2 years,0.0,2.86,1
500.0,,Munkie21,481.0,0%,331xx,FL,< 1 year,0.0,0.0,1
20000.0,,mupalia,523.0,9.04%,331xx,FL,1 year,0.0,9.04,1
3000.0,,buddy01,547.0,12.66%,551xx,MN,4 years,0.0,12.66,1
10000.0,,balderasjc,640.0,12.15%,076xx,NJ,2 years,0.0,12.15,1
4500.0,,wild swan,637.0,12.51%,634xx,MO,6 years,0.0,12.51,1
10000.0,,ljflyaway82,627.0,15.07%,207xx,MD,2 years,0.0,15.07,1
10000.0,,20th Street,550.0,17.62%,357xx,AL,< 1 year,0.0,17.62,1
2000.0,,Indylovr,549.0,0.44%,463xx,IN,1 year,0.0,0.44,1
5000.0,,beckly,546.0,27.79%,781xx,TX,4 years,0.0,27.79,1
3000.0,,alexbean1031,648.0,93.03%,100xx,NY,< 1 year,0.0,93.03,1
5000.0,,Mollie,581.0,33.49%,349xx,FL,3 years,0.0,33.49,1
5000.0,,KeithHanson,663.0,9.67%,750xx,TX,< 1 year,0.0,9.67,1
5000.0,,namron1953,477.0,2.37%,147xx,NY,10+ years,0.0,2.37,1
10000.0,,jcsaints,456.0,28.69%,637xx,MO,7 years,0.0,28.69,1
25000.0,,"Greetings!  My wife and I recently purchased a new house in the Palm Springs area and began renting out our first home.  The new home is a condo unit in a country club and was built in the 1950's in a contemporary style.  Even though it is structurally sound, since it is an older place, we undertook a few small projects to update certain areas and improve certain features (such as improving the airflow for our air conditioner).  We ended up overspending our budget, and ended up putting the excess on our credit cards.  We are looking to consolidate some credit card debt that we incurred in the process of fixing up our new place.  I had heard about peer-to-peer lending sites in Consumer Reports' Money magazine, and we are looking to give it a try!",679.0,18.9%,922xx,CO,< 1 year,0.0,18.9,1
6300.0,,TRG01,579.0,22.34%,210xx,MD,5 years,0.0,22.34,1
25000.0,,JuiceTrading,521.0,29.57%,750xx,TX,< 1 year,0.0,29.57,1
20000.0,,C.E.N.A. Pallet Co.,507.0,0%,549xx,WI,2 years,0.0,0.0,1
5000.0,,fxw25,576.0,345.2%,402xx,KY,< 1 year,0.0,345.2,1
10000.0,,keaki,437.0,22.07%,322xx,FL,1 year,0.0,22.07,1
3000.0,,bnmein05,0.0,0%,330xx,FL,3 years,0.0,0.0,1
1500.0,,dbills,532.0,4.57%,726xx,AR,9 years,0.0,4.57,1
2000.0,,tyreeh2001,458.0,4.13%,112xx,NY,4 years,0.0,4.13,1
5000.0,,bruser44,468.0,34.71%,492xx,OH,10+ years,0.0,34.71,1
7000.0,,vicand718,630.0,1.2%,104xx,NY,2 years,0.0,1.2,1
23500.0,,Wisconsin_unknown1234,627.0,5.56%,543xx,WI,2 years,0.0,5.56,1
16000.0,,Singledadinnm,548.0,14.92%,871xx,NM,10+ years,0.0,14.92,1
3500.0,,kc1002,660.0,3.98%,303xx,GA,< 1 year,0.0,3.98,1
2500.0,,magnum,505.0,17.47%,212xx,MD,10+ years,0.0,17.47,1
1500.0,,TRG02,570.0,16.07%,210xx,MD,< 1 year,0.0,16.07,1
1500.0,,TRG03,559.0,15.61%,210xx,MD,2 years,0.0,15.61,1
2000.0,,ocody,640.0,4.01%,283xx,NC,3 years,0.0,4.01,1
19000.0,,Carolfr,540.0,18.14%,300xx,GA,< 1 year,0.0,18.14,1
25000.0,,nymortgagepro,644.0,2.28%,117xx,NY,1 year,0.0,2.28,1
4000.0,,karabryan,631.0,29.25%,435xx,OH,8 years,0.0,29.25,1
5000.0,,AMC0127,474.0,15.8%,331xx,FL,3 years,0.0,15.8,1
12000.0,,Crazyshaggy2004,464.0,35.33%,636xx,MO,1 year,0.0,35.33,1
5000.0,,onelis2424,710.0,31.45%,104xx,NY,1 year,0.0,31.45,1
7500.0,,jaysmomma,509.0,16.06%,368xx,AL,1 year,0.0,16.06,1
10000.0,,hogrebe,603.0,40.82%,985xx,WA,3 years,0.0,40.82,1
1500.0,,casey011487,454.0,24%,763xx,TX,< 1 year,0.0,24.0,1
7500.0,,awardwinningcoffee,615.0,65.04%,982xx,WA,10+ years,0.0,65.04,1
600.0,,SCSUwr80,438.0,8.04%,080xx,NJ,1 year,0.0,8.04,1
2500.0,,TASHA954,0.0,0%,330xx,FL,< 1 year,0.0,0.0,1
5000.0,,cavalier4fun,450.0,17.56%,115xx,NY,1 year,0.0,17.56,1
8000.0,,All01,456.0,0%,295xx,SC,2 years,0.0,0.0,1
3900.0,,tetesgirl,455.0,0%,559xx,MN,2 years,0.0,0.0,1
12000.0,,DannyMpls,425.0,10.96%,554xx,MN,3 years,0.0,10.96,1
10000.0,,DAWNP,0.0,0%,775xx,TX,2 years,0.0,0.0,1
25000.0,,lataylor,380.0,21.51%,319xx,GA,4 years,0.0,21.51,1
10000.0,,mike373,407.0,0.63%,376xx,TN,5 years,0.0,0.63,1
25000.0,,johnie29,480.0,22.13%,276xx,NC,< 1 year,0.0,22.13,1
10000.0,,counselorguy,551.0,25.59%,554xx,MN,8 years,0.0,25.59,1
2000.0,,kimberlynsloan,621.0,14.11%,288xx,NC,2 years,0.0,14.11,1
5000.0,,kephart,651.0,40.46%,276xx,NC,10+ years,0.0,40.46,1
25000.0,,GoNinaGo,630.0,27.9%,786xx,TX,< 1 year,0.0,27.9,1
8000.0,,Mark Hill,637.0,34.75%,852xx,AZ,< 1 year,0.0,34.75,1
10000.0,,eyespy,477.0,7.32%,010xx,MA,6 years,0.0,7.32,1
5300.0,,joshp20,572.0,19.19%,801xx,CO,2 years,0.0,19.19,1
3200.0,,kmbroad,480.0,9.65%,370xx,TN,2 years,0.0,9.65,1
1500.0,,Blessed One,597.0,16.79%,327xx,FL,2 years,0.0,16.79,1
5000.0,,Iluvmykitty,624.0,1.44%,857xx,AZ,10+ years,0.0,1.44,1
10000.0,,palpaw2000,461.0,22.19%,530xx,WI,< 1 year,0.0,22.19,1
15000.0,,leda-and-theswan,600.0,14.54%,333xx,FL,< 1 year,0.0,14.54,1
25000.0,,semperfi72,575.0,27.87%,871xx,NM,6 years,0.0,27.87,1
25000.0,,wizardkim,609.0,23.76%,029xx,MA,1 year,0.0,23.76,1
25000.0,,moneyman2u,693.0,18.06%,554xx,MN,4 years,0.0,18.06,1
25000.0,,Interest Reduction,745.0,22.3%,852xx,AZ,< 1 year,0.0,22.3,1
500.0,,Chippier,486.0,14.4%,530xx,WI,10+ years,0.0,14.4,1
13000.0,,rollinthunder,551.0,43.27%,796xx,TX,10+ years,0.0,43.27,1
8000.0,,corleone123,497.0,13%,229xx,VA,< 1 year,0.0,13.0,1
25000.0,,kimmie,457.0,26.03%,553xx,MN,3 years,0.0,26.03,1
3000.0,,"On Wednesday, October 24, 2007, my home that's been in my Family for over 50 years will be sold at bank auction. In order to stop this from happening, I need $3000 to retain counsel for my Chapter 13 filing. I have recently taken on 2 jobs so paying back this loan would not be a problem.  THIS IS NOT A SCAM OR ANY OTHER FORM OF B.S.   I am completely serious about this request and need this money today, Monday, October 22, 2007. Please help me and my Family keep our home.   Peace and God Bless! ",543.0,11.28%,220xx,VA,4 years,0.0,11.28,1
10000.0,,bonniejd,488.0,13.1%,322xx,FL,2 years,0.0,13.1,1
12000.0,,etmidden,612.0,16.13%,564xx,MN,< 1 year,0.0,16.13,1
15000.0,,hafaza,512.0,39.53%,347xx,FL,8 years,0.0,39.53,1
15000.0,,girlinrichmond,662.0,22.4%,232xx,VA,3 years,0.0,22.4,1
10000.0,,jpamer,0.0,0%,349xx,FL,< 1 year,0.0,0.0,1
15000.0,,somebeach,588.0,522.62%,278xx,NC,10+ years,0.0,522.62,1
10000.0,,"T pay off some small loan companies that I have. After 41 years of amrriage, I am not seperated.  My husband became a alchoholic, physically and metally abused me.  I ncurred these debts in order to survive.",571.0,71.07%,778xx,TX,10+ years,0.0,71.07,1
500.0,,colon25,584.0,28.03%,083xx,NJ,8 years,0.0,28.03,1
3000.0,,clear_purple,527.0,16.34%,637xx,MO,< 1 year,0.0,16.34,1
3000.0,,LAWRENCE,587.0,16.29%,112xx,NY,6 years,0.0,16.29,1
10000.0,,semaj504,658.0,59.4%,700xx,LA,< 1 year,0.0,59.4,1
5000.0,,chaerich,514.0,10.57%,640xx,MO,7 years,0.0,10.57,1
5100.0,,SHRTSWEET882,479.0,27.55%,338xx,FL,3 years,0.0,27.55,1
5500.0,,sakennaj,538.0,6.16%,114xx,NY,< 1 year,0.0,6.16,1
2500.0,,Stacy16,509.0,14.91%,210xx,MD,< 1 year,0.0,14.91,1
12500.0,,ndhoops,558.0,0%,175xx,NJ,< 1 year,0.0,0.0,1
8000.0,,Missy,503.0,31.07%,846xx,UT,< 1 year,0.0,31.07,1
5000.0,,teneshas28,410.0,23.52%,681xx,NE,5 years,0.0,23.52,1
10000.0,,Help me get back on the right track!!,685.0,3.9%,460xx,IN,< 1 year,0.0,3.9,1
20000.0,,lifesagift,603.0,0.79%,068xx,CT,1 year,0.0,0.79,1
5000.0,,you1too,526.0,13.24%,200xx,DC,< 1 year,0.0,13.24,1
2500.0,,Business Growth,542.0,2.88%,310xx,GA,2 years,0.0,2.88,1
23000.0,,tracy45,526.0,23.85%,997xx,AK,7 years,0.0,23.85,1
15000.0,,J.A.G.,642.0,7.5%,800xx,CO,7 years,0.0,7.5,1
5000.0,,janawau,570.0,1.9%,312xx,GA,1 year,0.0,1.9,1
5000.0,,courts59,547.0,30.62%,857xx,AZ,< 1 year,0.0,30.62,1
25000.0,,magazine expansion nation wide,794.0,6.49%,075xx,NJ,8 years,0.0,6.49,1
10000.0,,NewHope,620.0,0%,272xx,NC,8 years,0.0,0.0,1
5000.0,,unicorn280,482.0,9.6%,535xx,WI,1 year,0.0,9.6,1
20000.0,,mtt333tobycat,625.0,98.14%,559xx,MN,10+ years,0.0,98.14,1
10000.0,,julybabe,481.0,10.03%,760xx,TX,5 years,0.0,10.03,1
1000.0,,bigdan2k5,426.0,0%,234xx,VA,1 year,0.0,0.0,1
9800.0,,john69,636.0,1.71%,030xx,NH,2 years,0.0,1.71,1
25000.0,,appled,713.0,32.79%,301xx,GA,< 1 year,0.0,32.79,1
25000.0,,mrcredithelp,645.0,14.98%,856xx,AZ,10+ years,0.0,14.98,1
25000.0,,Wheels30,564.0,280.39%,958xx,CO,2 years,0.0,280.39,1
20000.0,,wstjc,608.0,17.55%,347xx,FL,1 year,0.0,17.55,1
4500.0,,etto53,468.0,0.67%,554xx,MN,< 1 year,0.0,0.67,1
7000.0,,SherriJordan,414.0,17.25%,273xx,NC,< 1 year,0.0,17.25,1
3600.0,,JxOxSxH,456.0,0.7%,724xx,AR,2 years,0.0,0.7,1
3000.0,,sc1969,512.0,13.44%,088xx,NJ,10+ years,0.0,13.44,1
20000.0,,NCR,693.0,9.41%,752xx,TX,10+ years,0.0,9.41,1
7000.0,,mickey,562.0,29.39%,066xx,CT,10+ years,0.0,29.39,1
15000.0,,lucyd2,686.0,37.55%,300xx,GA,10+ years,0.0,37.55,1
500.0,,asbury,568.0,7.1%,174xx,GA,< 1 year,0.0,7.1,1
2000.0,,ktaylor,,0%,206xx,MD,< 1 year,0.0,0.0,1
4000.0,,brigi2te,642.0,54.91%,347xx,FL,6 years,0.0,54.91,1
25000.0,,shellntam,461.0,0%,146xx,NY,< 1 year,0.0,0.0,1
4000.0,,nitro,443.0,3.92%,786xx,TX,3 years,0.0,3.92,1
4000.0,,ColombiaFinest69,636.0,10.8%,110xx,NY,4 years,0.0,10.8,1
7500.0,,ddsd11,659.0,24.3%,271xx,NC,10+ years,0.0,24.3,1
35000.0,,Triple A,630.0,62.38%,802xx,CO,< 1 year,0.0,62.38,1
7000.0,,JUDAHTIM2,546.0,23.78%,298xx,SC,3 years,0.0,23.78,1
11900.0,,pacificjuice,579.0,3%,300xx,GA,< 1 year,0.0,3.0,1
4500.0,,Daniel.Roberts,592.0,4.67%,307xx,GA,< 1 year,0.0,4.67,1
15000.0,,pitta00,593.0,36.21%,060xx,CT,3 years,0.0,36.21,1
4000.0,,nehinger,639.0,6.66%,750xx,TX,1 year,0.0,6.66,1
12000.0,,trashman1462,479.0,22.96%,278xx,NC,10+ years,0.0,22.96,1
25000.0,,muddexport,661.0,9.8%,334xx,FL,7 years,0.0,9.8,1
10000.0,,parrislane,641.0,37.28%,891xx,MD,4 years,0.0,37.28,1
2500.0,,nathan1911,,0.99%,802xx,CO,< 1 year,0.0,0.99,1
2300.0,,kandigrl,412.0,0%,328xx,FL,5 years,0.0,0.0,1
25000.0,,Graciela,680.0,0%,640xx,MO,1 year,0.0,0.0,1
5000.0,,snoopyvett,446.0,50.74%,295xx,SC,3 years,0.0,50.74,1
25000.0,,islandboy,499.0,12.56%,846xx,UT,< 1 year,0.0,12.56,1
2500.0,,Rebecca1184,607.0,28.96%,276xx,NC,1 year,0.0,28.96,1
20000.0,,Sil Ortiz,478.0,0%,800xx,CO,< 1 year,0.0,0.0,1
7000.0,,Alvin1951,483.0,17.61%,278xx,NC,7 years,0.0,17.61,1
8000.0,,sinkin,440.0,557.14%,363xx,AL,5 years,0.0,557.14,1
15000.0,,osu,547.0,14.12%,762xx,TX,1 year,0.0,14.12,1
6000.0,,shiptech,451.0,18.23%,029xx,MA,< 1 year,0.0,18.23,1
10000.0,,sakijazz32,476.0,20.61%,293xx,SC,< 1 year,0.0,20.61,1
5000.0,,STHill0082,515.0,17.84%,303xx,GA,1 year,0.0,17.84,1
15000.0,,nccbs71,673.0,23.72%,272xx,NC,6 years,0.0,23.72,1
1000.0,,mslady,422.0,22.44%,402xx,KY,2 years,0.0,22.44,1
9500.0,,NHP-NewYork,544.0,66.11%,110xx,NY,3 years,0.0,66.11,1
1000.0,,Shekia84,408.0,2.5%,278xx,NC,< 1 year,0.0,2.5,1
4500.0,,Eating Disorder Treatment Step-Down Prog,463.0,5.82%,287xx,NC,2 years,0.0,5.82,1
25000.0,,casecashnow,617.0,21.63%,100xx,NY,2 years,0.0,21.63,1
20000.0,,business loan,730.0,11.09%,234xx,VA,< 1 year,0.0,11.09,1
25000.0,,homefront,420.0,8.97%,532xx,WI,10+ years,0.0,8.97,1
2500.0,,want to pay off high int cred cards,603.0,29.77%,468xx,IN,2 years,0.0,29.77,1
25000.0,,roberth,739.0,29.28%,442xx,OH,10+ years,0.0,29.28,1
3400.0,,Retiring credit card debt,610.0,11.58%,253xx,WV,3 years,0.0,11.58,1
15000.0,,mobile home loan,687.0,3.23%,952xx,CO,5 years,0.0,3.23,1
6000.0,,Tired of Debt,461.0,8.4%,354xx,AL,2 years,0.0,8.4,1
5000.0,,lucasjoaquin81,0.0,0%,787xx,TX,1 year,0.0,0.0,1
4000.0,,Lithgar,645.0,9.66%,276xx,NC,7 years,0.0,9.66,1
5000.0,,mrsbay6,524.0,24.05%,290xx,SC,2 years,0.0,24.05,1
2000.0,,alex80,503.0,1.58%,479xx,IN,3 years,0.0,1.58,1
15000.0,,McKey,629.0,20.08%,347xx,FL,4 years,0.0,20.08,1
3000.0,,TAMEKA,494.0,11.77%,381xx,TN,10+ years,0.0,11.77,1
3000.0,,jamincc01,622.0,13.39%,327xx,FL,1 year,0.0,13.39,1
12000.0,,Single mom in need,654.0,9.06%,300xx,GA,3 years,0.0,9.06,1
25000.0,,mouse3d,655.0,82.4%,238xx,VA,< 1 year,0.0,82.4,1
1000.0,,Dominicp,460.0,4.52%,076xx,NJ,6 years,0.0,4.52,1
15000.0,,Jay3122,430.0,5.21%,334xx,FL,1 year,0.0,5.21,1
10000.0,,Lisalia12,485.0,29.26%,601xx,IN,7 years,0.0,29.26,1
5000.0,,guruconnector,531.0,9.84%,462xx,IN,10+ years,0.0,9.84,1
4000.0,,josephchar,486.0,11.71%,109xx,NY,2 years,0.0,11.71,1
10000.0,,timisoara,709.0,40.12%,852xx,AZ,10+ years,0.0,40.12,1
1000.0,,alanelynn,497.0,0%,802xx,CO,< 1 year,0.0,0.0,1
4000.0,,willsterd,486.0,1.95%,760xx,TX,2 years,0.0,1.95,1
5000.0,,kunle1970,633.0,26.31%,853xx,AZ,< 1 year,0.0,26.31,1
5000.0,,Aan160,0.0,0%,741xx,OK,< 1 year,0.0,0.0,1
20000.0,,fundrelief,445.0,6.34%,373xx,TN,3 years,0.0,6.34,1
500.0,,BigBoy,527.0,10.42%,760xx,TX,< 1 year,0.0,10.42,1
2300.0,,chad6691,616.0,0%,402xx,KY,1 year,0.0,0.0,1
8000.0,,JDavis,603.0,18.45%,840xx,UT,< 1 year,0.0,18.45,1
15000.0,,longboardleah,617.0,15.52%,967xx,HI,2 years,0.0,15.52,1
25000.0,,lolajean,480.0,1.95%,487xx,OH,2 years,0.0,1.95,1
5000.0,,Nidhish,491.0,9.65%,115xx,NY,< 1 year,0.0,9.65,1
1600.0,,sarbare78,674.0,52.07%,815xx,CO,< 1 year,0.0,52.07,1
3000.0,,smithg001,589.0,4.42%,296xx,SC,< 1 year,0.0,4.42,1
7500.0,,alove630,471.0,4.11%,190xx,DC,1 year,0.0,4.11,1
12000.0,,carllpi,706.0,9.14%,300xx,GA,1 year,0.0,9.14,1
3000.0,,geonettar,567.0,33.97%,809xx,CO,10+ years,0.0,33.97,1
14800.0,,cwe60,577.0,17.01%,631xx,MO,10+ years,0.0,17.01,1
11500.0,,AJJohnson,618.0,17.94%,786xx,TX,9 years,0.0,17.94,1
15000.0,,Pest pro,670.0,28.56%,300xx,GA,1 year,0.0,28.56,1
5000.0,,kalon,484.0,15.81%,333xx,FL,5 years,0.0,15.81,1
5000.0,,frito1,549.0,23.98%,995xx,CO,5 years,0.0,23.98,1
5000.0,,tkimberly,406.0,0%,346xx,FL,< 1 year,0.0,0.0,1
2000.0,,jmfs34,571.0,14.77%,120xx,NY,4 years,0.0,14.77,1
6500.0,,mattke1999,605.0,14.32%,465xx,IN,3 years,0.0,14.32,1
1000.0,,shoppekeeper,488.0,0%,282xx,NC,1 year,0.0,0.0,1
20000.0,,cadamhenry,658.0,12.69%,220xx,VA,10+ years,0.0,12.69,1
500.0,,Kay Mitchell,443.0,5.22%,797xx,TX,< 1 year,0.0,5.22,1
8000.0,,dallas cowboys,606.0,1.95%,016xx,MA,7 years,0.0,1.95,1
18000.0,,Down Payment for Rehab Project,693.0,1.52%,463xx,IN,2 years,0.0,1.52,1
10000.0,,mmarooney,505.0,10.65%,300xx,GA,1 year,0.0,10.65,1
6000.0,,uncle mark,644.0,0.4%,317xx,GA,8 years,0.0,0.4,1
6000.0,,newleaf07,495.0,27.36%,384xx,TN,4 years,0.0,27.36,1
10000.0,,oegear,667.0,12.45%,301xx,GA,< 1 year,0.0,12.45,1
10000.0,,BUSINESS LOAN,690.0,1.85%,701xx,LA,1 year,0.0,1.85,1
3000.0,,PAYOFF HIGH INTEREST LOAN,627.0,29.81%,802xx,CO,3 years,0.0,29.81,1
2500.0,,santa,609.0,25.98%,593xx,MT,< 1 year,0.0,25.98,1
15000.0,,ldyenen,663.0,2.87%,986xx,WA,6 years,0.0,2.87,1
6000.0,,Brandn,669.0,5.57%,060xx,CT,3 years,0.0,5.57,1
3000.0,,Abbyvdet,567.0,0%,300xx,GA,< 1 year,0.0,0.0,1
15000.0,,jsed29,461.0,0.46%,450xx,OH,1 year,0.0,0.46,1
10000.0,,Guitar Dude,706.0,20.37%,773xx,TX,3 years,0.0,20.37,1
5000.0,,island,481.0,10.82%,117xx,NY,10+ years,0.0,10.82,1
20000.0,,csc_dait,592.0,13.43%,070xx,NJ,1 year,0.0,13.43,1
20000.0,,atloans,558.0,51.7%,327xx,FL,8 years,0.0,51.7,1
500.0,,Golden Eagle,476.0,11.05%,597xx,MT,3 years,0.0,11.05,1
2500.0,,bernie,519.0,46.69%,809xx,CO,7 years,0.0,46.69,1
10000.0,,GMINCEY,553.0,32%,201xx,VA,3 years,0.0,32.0,1
3000.0,,hyland,486.0,14.88%,546xx,WI,< 1 year,0.0,14.88,1
8000.0,,klcos,525.0,0%,430xx,OH,7 years,0.0,0.0,1
20000.0,,critesd,506.0,53.27%,309xx,GA,10+ years,0.0,53.27,1
22000.0,,tbeny11,587.0,44.46%,011xx,MA,1 year,0.0,44.46,1
500.0,,Catlady27,516.0,28.59%,281xx,NC,5 years,0.0,28.59,1
6100.0,,tysonybenny,596.0,16.82%,011xx,MA,1 year,0.0,16.82,1
25000.0,,Cindyq45,464.0,47.4%,201xx,VA,10+ years,0.0,47.4,1
7000.0,,stainfan0127,494.0,48.34%,300xx,GA,1 year,0.0,48.34,1
15000.0,,hrhaven,638.0,6.05%,064xx,CT,2 years,0.0,6.05,1
900.0,,lakesha,0.0,0%,393xx,MS,2 years,0.0,0.0,1
6000.0,,countrypapa,496.0,6.62%,562xx,MN,6 years,0.0,6.62,1
3500.0,,sweetpea,492.0,0%,209xx,MD,1 year,0.0,0.0,1
10000.0,,stevehos333,654.0,24.31%,141xx,NY,2 years,0.0,24.31,1
20000.0,,msimagna,627.0,6.73%,040xx,ME,6 years,0.0,6.73,1
3500.0,,Aarron87,496.0,10.71%,871xx,NM,1 year,0.0,10.71,1
1000.0,,studmuffin4e,0.0,0%,346xx,FL,4 years,0.0,0.0,1
2500.0,,mathews02,576.0,98.18%,113xx,NY,< 1 year,0.0,98.18,1
3000.0,,BigRed,565.0,20.57%,323xx,FL,2 years,0.0,20.57,1
7000.0,,Andrew P,0.0,0.6%,799xx,TX,1 year,0.0,0.6,1
4000.0,,Jeweljoy,599.0,4.41%,207xx,MD,3 years,0.0,4.41,1
15000.0,,ROCKIA,518.0,14.89%,211xx,MD,10+ years,0.0,14.89,1
5000.0,,jreece73,569.0,0%,430xx,OH,10+ years,0.0,0.0,1
10000.0,,nova,661.0,43.2%,349xx,FL,< 1 year,0.0,43.2,1
15000.0,,klecount,545.0,82.8%,465xx,IN,< 1 year,0.0,82.8,1
15000.0,,SARMICH,649.0,47.04%,301xx,GA,6 years,0.0,47.04,1
1300.0,,trippsforu,514.0,20.42%,622xx,IN,2 years,0.0,20.42,1
20000.0,,CC Bride,649.0,155.56%,026xx,MA,4 years,0.0,155.56,1
4700.0,,stephsunshine,593.0,16.8%,978xx,OH,3 years,0.0,16.8,1
20000.0,,sctexncsc,670.0,36.71%,272xx,NC,7 years,0.0,36.71,1
25000.0,,mikeneg1978,625.0,40.72%,235xx,VA,10+ years,0.0,40.72,1
10000.0,,juqejoint,458.0,1.67%,381xx,TN,10+ years,0.0,1.67,1
5000.0,,success_story404,439.0,2.4%,303xx,GA,< 1 year,0.0,2.4,1
20000.0,,leah721,456.0,0.4%,127xx,NY,5 years,0.0,0.4,1
20000.0,,kd11,522.0,26.02%,770xx,TX,1 year,0.0,26.02,1
15000.0,,WillBorden,579.0,26.11%,273xx,NC,< 1 year,0.0,26.11,1
2500.0,,ARG2,623.0,12.02%,774xx,TX,1 year,0.0,12.02,1
6500.0,,Babydoll,738.0,45.36%,346xx,FL,7 years,0.0,45.36,1
5000.0,,brandi,425.0,37.26%,598xx,MT,3 years,0.0,37.26,1
700.0,,Nick88,619.0,0%,871xx,NM,< 1 year,0.0,0.0,1
10000.0,,want to start business with jewelry,747.0,24.3%,148xx,NY,3 years,0.0,24.3,1
1500.0,,rebelyell1228,0.0,0%,371xx,TN,1 year,0.0,0.0,1
2500.0,,jennlee,501.0,13.2%,319xx,GA,< 1 year,0.0,13.2,1
4000.0,,sbuckley00,633.0,20.43%,198xx,DE,< 1 year,0.0,20.43,1
25000.0,,nkrentals,594.0,2.21%,445xx,OH,3 years,0.0,2.21,1
11200.0,,Business Expansion,741.0,6.72%,071xx,NJ,< 1 year,0.0,6.72,1
15000.0,,Eddiemtz,498.0,33.31%,750xx,TX,1 year,0.0,33.31,1
2500.0,,lmora,703.0,4.5%,691xx,NE,6 years,0.0,4.5,1
8000.0,,lsueiro,567.0,3.29%,331xx,FL,2 years,0.0,3.29,1
4000.0,,nightreader,563.0,16.05%,721xx,AR,10+ years,0.0,16.05,1
7000.0,,Vitor,0.0,1.15%,333xx,FL,< 1 year,0.0,1.15,1
7500.0,,Home Improvement Loan,629.0,47.27%,033xx,NH,9 years,0.0,47.27,1
3500.0,,labrat1851,677.0,38.34%,253xx,WV,10+ years,0.0,38.34,1
5000.0,,happyspirit,577.0,18.36%,800xx,CO,1 year,0.0,18.36,1
5500.0,,JRP,636.0,0%,852xx,AZ,10+ years,0.0,0.0,1
14000.0,,Pssst....Will you help,511.0,58.61%,140xx,NY,2 years,0.0,58.61,1
1500.0,,bigjim434,509.0,16.29%,850xx,AZ,5 years,0.0,16.29,1
5000.0,,bmoore,459.0,12.78%,383xx,TN,6 years,0.0,12.78,1
10000.0,,Xun,730.0,0.53%,168xx,OH,< 1 year,0.0,0.53,1
500.0,,dianna862,609.0,26%,339xx,FL,< 1 year,0.0,26.0,1
4000.0,,kavitha,647.0,1.97%,076xx,NJ,< 1 year,0.0,1.97,1
15000.0,,breeves20,436.0,4.18%,776xx,TX,5 years,0.0,4.18,1
25000.0,,hootiesmom28,590.0,7.93%,080xx,NJ,9 years,0.0,7.93,1
10000.0,,mcgtrans,503.0,0%,701xx,LA,1 year,0.0,0.0,1
15000.0,,Wayne Thiel,595.0,17.44%,144xx,NY,10+ years,0.0,17.44,1
1600.0,,honeyyo1,507.0,26.13%,611xx,IL,3 years,0.0,26.13,1
3500.0,,FOR SECURING APARTMENT/MOVING,661.0,12.89%,117xx,NY,< 1 year,0.0,12.89,1
15000.0,,archery3d82,597.0,5.34%,050xx,VT,2 years,0.0,5.34,1
25000.0,,kevinss36,722.0,32.5%,044xx,ME,< 1 year,0.0,32.5,1
10000.0,,uberdog07,610.0,49.74%,980xx,WA,5 years,0.0,49.74,1
20000.0,,G.S. Fata,526.0,24.38%,841xx,UT,5 years,0.0,24.38,1
10000.0,,hotshot82,542.0,0%,934xx,TX,1 year,0.0,0.0,1
8000.0,,ny02139,575.0,1.1%,100xx,NY,3 years,0.0,1.1,1
3000.0,,nopoulos,657.0,202.8%,841xx,UT,< 1 year,0.0,202.8,1
5000.0,,Arene,422.0,12.83%,208xx,MD,< 1 year,0.0,12.83,1
7500.0,,shonda,574.0,32.53%,786xx,TX,4 years,0.0,32.53,1
7500.0,,thunder,689.0,36.71%,326xx,FL,4 years,0.0,36.71,1
5000.0,,autiejf53,544.0,17.05%,802xx,CO,1 year,0.0,17.05,1
3000.0,,Help42morrow,523.0,1.38%,115xx,NY,< 1 year,0.0,1.38,1
1500.0,,Blakemn,632.0,8.94%,551xx,MN,2 years,0.0,8.94,1
1500.0,,wandamaria,561.0,19.6%,322xx,FL,4 years,0.0,19.6,1
4750.0,,lray1984,432.0,0%,852xx,AZ,< 1 year,0.0,0.0,1
25000.0,,Personal Loan,700.0,2.37%,844xx,UT,8 years,0.0,2.37,1
5000.0,,American617,516.0,3.32%,380xx,TN,6 years,0.0,3.32,1
700.0,,cpark,543.0,2.52%,300xx,GA,2 years,0.0,2.52,1
12000.0,,consolidate help,695.0,18.63%,100xx,NY,5 years,0.0,18.63,1
1500.0,,micky62,648.0,29.73%,221xx,VA,1 year,0.0,29.73,1
800.0,,brandirocks336,471.0,9.47%,272xx,NC,1 year,0.0,9.47,1
1000.0,,dc2yocum,516.0,22.37%,017xx,MA,8 years,0.0,22.37,1
15000.0,,stevenandmiller,535.0,35.49%,850xx,AZ,< 1 year,0.0,35.49,1
15000.0,,beccanaz,433.0,21.08%,852xx,AZ,2 years,0.0,21.08,1
20000.0,,ross-tupper,475.0,29.26%,018xx,MA,10+ years,0.0,29.26,1
5000.0,,SherriMic,493.0,19.06%,473xx,IN,7 years,0.0,19.06,1
2000.0,,gothkight,471.0,0%,168xx,OH,< 1 year,0.0,0.0,1
12000.0,,meiko,533.0,88.94%,363xx,AL,1 year,0.0,88.94,1
20000.0,,sallypat,611.0,31.11%,300xx,GA,4 years,0.0,31.11,1
5000.0,,chrisdale,575.0,9.24%,852xx,AZ,1 year,0.0,9.24,1
2000.0,,postalworker,622.0,4.13%,631xx,MO,10+ years,0.0,4.13,1
20000.0,,GetARide,648.0,29.47%,088xx,NJ,4 years,0.0,29.47,1
2400.0,,Mother of 3,559.0,0%,631xx,MO,< 1 year,0.0,0.0,1
7000.0,,gp8005,688.0,19.59%,786xx,TX,< 1 year,0.0,19.59,1
4250.0,,Bill Tomlinson,597.0,1.29%,553xx,MN,1 year,0.0,1.29,1
5000.0,,beast41770,548.0,18.41%,853xx,AZ,4 years,0.0,18.41,1
4000.0,,Michalangelo,0.0,27.73%,856xx,AZ,3 years,0.0,27.73,1
15000.0,,Deaconmark,533.0,2.94%,077xx,NJ,10+ years,0.0,2.94,1
25000.0,,hammer,624.0,41.42%,450xx,OH,9 years,0.0,41.42,1
5500.0,,AverageJoe1983,653.0,47.08%,891xx,NV,< 1 year,0.0,47.08,1
1500.0,,IQBlonde,476.0,14.83%,320xx,FL,10+ years,0.0,14.83,1
20000.0,,nhall,625.0,22.31%,220xx,VA,1 year,0.0,22.31,1
1500.0,,BUNNY,485.0,0%,112xx,NY,4 years,0.0,0.0,1
2000.0,,mmcelwain,521.0,9.18%,131xx,NY,1 year,0.0,9.18,1
10000.0,,bdadkins,686.0,36.61%,727xx,AR,10+ years,0.0,36.61,1
5000.0,,jasenterprises,468.0,0.27%,780xx,TX,3 years,0.0,0.27,1
2500.0,,Hasbeen24,537.0,18.62%,461xx,IN,1 year,0.0,18.62,1
500.0,,Trafour,0.0,0%,278xx,NC,1 year,0.0,0.0,1
5000.0,,aj1122,633.0,25.95%,847xx,UT,4 years,0.0,25.95,1
25000.0,,FamilyGuy4,536.0,25.96%,852xx,AZ,10+ years,0.0,25.96,1
10000.0,,zachery7,556.0,23.75%,229xx,VA,< 1 year,0.0,23.75,1
9000.0,,goinghome,542.0,0%,142xx,NY,10+ years,0.0,0.0,1
3600.0,,phoneman,424.0,44.27%,352xx,AL,9 years,0.0,44.27,1
3000.0,,dontknowwhat2do,645.0,0%,336xx,FL,1 year,0.0,0.0,1
10000.0,,kbisanz,664.0,33.81%,300xx,GA,2 years,0.0,33.81,1
19000.0,,gmags,593.0,6.78%,112xx,NY,5 years,0.0,6.78,1
2500.0,,alfaromeos,528.0,40.31%,442xx,OH,2 years,0.0,40.31,1
2500.0,,emcee14u,609.0,2.96%,206xx,MD,< 1 year,0.0,2.96,1
500.0,,amaury,587.0,0%,104xx,NY,2 years,0.0,0.0,1
10000.0,,khaney,411.0,12.43%,333xx,FL,< 1 year,0.0,12.43,1
1000.0,,tgangel,431.0,11.93%,238xx,VA,5 years,0.0,11.93,1
4000.0,,cjzcusson,460.0,25.34%,120xx,NY,4 years,0.0,25.34,1
15000.0,,DCOX66,582.0,18.14%,075xx,NJ,7 years,0.0,18.14,1
7000.0,,Miamian,421.0,5.23%,330xx,FL,9 years,0.0,5.23,1
5000.0,,dbha5299,467.0,17.5%,038xx,NH,1 year,0.0,17.5,1
6000.0,,stucz,665.0,6.68%,405xx,KY,1 year,0.0,6.68,1
5000.0,,shawn.b85,496.0,2.12%,797xx,TX,1 year,0.0,2.12,1
5000.0,,Proverbs Woman,474.0,18.3%,070xx,NJ,2 years,0.0,18.3,1
3000.0,,2ndchance,636.0,49.45%,840xx,UT,< 1 year,0.0,49.45,1
3000.0,,mjecker22,504.0,13.65%,432xx,OH,< 1 year,0.0,13.65,1
9000.0,,JTLOVESK,512.0,0%,751xx,TX,2 years,0.0,0.0,1
700.0,,Dchem,613.0,125.49%,442xx,OH,< 1 year,0.0,125.49,1
6300.0,,oxtails3,433.0,4.48%,300xx,GA,3 years,0.0,4.48,1
1000.0,,momneedshelp,0.0,0%,023xx,MA,2 years,0.0,0.0,1
5000.0,,aloha03rach,477.0,36.33%,988xx,WA,1 year,0.0,36.33,1
2500.0,,Pearson,438.0,20.91%,664xx,KS,1 year,0.0,20.91,1
25000.0,,Mamacomet,669.0,43.2%,109xx,NY,10+ years,0.0,43.2,1
15000.0,,donald,557.0,23%,730xx,OK,10+ years,0.0,23.0,1
2500.0,,Sildns,449.0,18.72%,714xx,LA,< 1 year,0.0,18.72,1
2000.0,,Jim4455,548.0,38.07%,797xx,TX,< 1 year,0.0,38.07,1
20000.0,,samandsebbysmom,461.0,0%,072xx,NJ,3 years,0.0,0.0,1
25000.0,,FrozenFitness,626.0,22.59%,341xx,FL,1 year,0.0,22.59,1
3000.0,,skalottche,438.0,9.68%,701xx,LA,3 years,0.0,9.68,1
5000.0,,uggah.com,551.0,20.32%,600xx,IL,9 years,0.0,20.32,1
2500.0,,raltlindn,615.0,1.4%,548xx,WI,1 year,0.0,1.4,1
1200.0,,Striving Single Mother,426.0,2.14%,303xx,GA,1 year,0.0,2.14,1
3500.0,,djh,606.0,12.25%,562xx,MN,8 years,0.0,12.25,1
10000.0,,Jraycheal,660.0,7.65%,770xx,TX,4 years,0.0,7.65,1
5000.0,,mjpough,0.0,0%,026xx,MA,10+ years,0.0,0.0,1
16000.0,,Blueangel,423.0,2.13%,349xx,FL,1 year,0.0,2.13,1
8000.0,,Looking for a Second Chance,661.0,6.21%,853xx,AZ,1 year,0.0,6.21,1
12000.0,,shell,566.0,0%,850xx,AZ,1 year,0.0,0.0,1
20000.0,,dirtybahr,640.0,7.88%,454xx,OH,1 year,0.0,7.88,1
10000.0,,cyndiandcarl,517.0,22.08%,370xx,TN,< 1 year,0.0,22.08,1
1000.0,,ChrisinHoboken,532.0,9.94%,070xx,NJ,7 years,0.0,9.94,1
500.0,,hazenandcyndi,494.0,20.8%,370xx,TN,10+ years,0.0,20.8,1
6000.0,,sunset,671.0,34.06%,875xx,NM,< 1 year,0.0,34.06,1
11300.0,,Getting Rid of High Interest Debt,648.0,12.91%,330xx,FL,< 1 year,0.0,12.91,1
7500.0,,Buying first house,631.0,9.6%,450xx,OH,< 1 year,0.0,9.6,1
5000.0,,GnTMom,420.0,3.98%,850xx,AZ,1 year,0.0,3.98,1
10000.0,,MAR23,489.0,3.76%,927xx,CA,< 1 year,0.0,3.76,1
10000.0,,emavelous,585.0,3.78%,152xx,MD,< 1 year,0.0,3.78,1
10000.0,,Talloak1953,553.0,467.08%,279xx,NC,6 years,0.0,467.08,1
25000.0,,Drink a Coca-Cola,524.0,82.32%,366xx,AL,4 years,0.0,82.32,1
18000.0,,angelica,703.0,54.8%,840xx,UT,1 year,0.0,54.8,1
2500.0,,phlllv,401.0,18.31%,532xx,WI,2 years,0.0,18.31,1
3000.0,,ecoles,533.0,22.07%,532xx,WI,9 years,0.0,22.07,1
2000.0,,momindistress,595.0,24.36%,075xx,NJ,10+ years,0.0,24.36,1
4500.0,,hornknocker,589.0,0%,283xx,NC,2 years,0.0,0.0,1
25000.0,,MortgageLady,615.0,13.36%,301xx,GA,1 year,0.0,13.36,1
5000.0,,confidence,591.0,9.91%,750xx,TX,1 year,0.0,9.91,1
12500.0,,Movbez4,496.0,16.15%,447xx,OH,< 1 year,0.0,16.15,1
2000.0,,JACK,614.0,15.08%,015xx,MA,3 years,0.0,15.08,1
8000.0,,mnm077,484.0,13.16%,207xx,MD,2 years,0.0,13.16,1
700.0,,cmckee06,0.0,0%,726xx,AR,< 1 year,0.0,0.0,1
5000.0,,CrazyRoo,459.0,37.51%,680xx,NE,< 1 year,0.0,37.51,1
10000.0,,borrow21,534.0,2.13%,102xx,NY,3 years,0.0,2.13,1
5000.0,,MUTim16,498.0,42.55%,450xx,OH,2 years,0.0,42.55,1
10000.0,,"Purpose of loan: This money is to be used for marketing purposes, for a mortgage company.  We are a part of one of the largest brokers in America Windsor Capital Mortgage, Corp(WCMG).  We have our own location and operate in conjunction with WCMG to supply mortgage loans to over 30 different states in America, fully licensed and regulated.    To be clear we are investing this money into buying Mortgage Re-fiance leads.    Have not been late on any payment in the last five years.    My FICO scores as of November 2007: Experian: 698 Equifax:   705 Trans:     695  Please ask any further questions you may have.    Thanks for your consideration. ",632.0,14.8%,852xx,AZ,1 year,0.0,14.8,1
5800.0,,John082603,667.0,19.62%,300xx,GA,8 years,0.0,19.62,1
1000.0,,nadia,593.0,7.84%,210xx,MD,1 year,0.0,7.84,1
1000.0,,chipunky18,485.0,30.6%,112xx,NY,< 1 year,0.0,30.6,1
5000.0,,LjBebe,640.0,50.96%,551xx,MN,1 year,0.0,50.96,1
25000.0,,Enterpreneur,744.0,0.94%,450xx,OH,7 years,0.0,0.94,1
3000.0,,ssmurfette,554.0,20.7%,795xx,TX,1 year,0.0,20.7,1
5000.0,,kittykat,575.0,13.91%,018xx,MA,2 years,0.0,13.91,1
18000.0,,typer161,663.0,1.23%,333xx,FL,2 years,0.0,1.23,1
7500.0,,christian14612,586.0,14.59%,146xx,NY,3 years,0.0,14.59,1
7500.0,,kealaokalanis,484.0,2.94%,967xx,HI,1 year,0.0,2.94,1
1000.0,,nmonk,504.0,8.04%,871xx,NM,2 years,0.0,8.04,1
2000.0,,Consolidate debt,651.0,22.49%,145xx,NY,< 1 year,0.0,22.49,1
3600.0,,Student seeks loan for educational trip,738.0,0%,112xx,NY,< 1 year,0.0,0.0,1
19650.0,,Looking to do home rennovations,662.0,2.83%,112xx,NY,7 years,0.0,2.83,1
5150.0,,CAR Loan Refinance,644.0,27.82%,922xx,AZ,< 1 year,0.0,27.82,1
20000.0,,elliot,653.0,45.86%,543xx,WI,9 years,0.0,45.86,1
5000.0,,rdkill39,535.0,15.59%,857xx,AZ,9 years,0.0,15.59,1
10000.0,,charleymac259,627.0,68.63%,782xx,TX,4 years,0.0,68.63,1
1000.0,,putback3,421.0,27.3%,770xx,TX,< 1 year,0.0,27.3,1
3200.0,,Duncan,513.0,5.4%,300xx,GA,10+ years,0.0,5.4,1
500.0,,tearz65201,575.0,50%,342xx,FL,< 1 year,0.0,50.0,1
2500.0,,rnfrazier,540.0,0.9%,451xx,OH,1 year,0.0,0.9,1
8000.0,,kathiria,400.0,21.64%,327xx,FL,< 1 year,0.0,21.64,1
6000.0,,mcarter,626.0,27.58%,448xx,OH,4 years,0.0,27.58,1
3000.0,,ajatkins,591.0,5.97%,063xx,CT,< 1 year,0.0,5.97,1
5000.0,,twiggy,649.0,32%,295xx,SC,3 years,0.0,32.0,1
7500.0,,Elliot R,634.0,0.54%,104xx,NY,1 year,0.0,0.54,1
1000.0,,frannie,497.0,6.81%,275xx,NC,10+ years,0.0,6.81,1
5000.0,,butterflylove,479.0,17.16%,236xx,VA,3 years,0.0,17.16,1
5000.0,,eljabiri,486.0,26.77%,078xx,NJ,8 years,0.0,26.77,1
2000.0,,ahmed_allroad,549.0,10.51%,021xx,MA,< 1 year,0.0,10.51,1
5000.0,,tburtonjr,526.0,14.58%,402xx,KY,1 year,0.0,14.58,1
12000.0,,twojers,720.0,6.03%,983xx,WA,5 years,0.0,6.03,1
15000.0,,joseph2469,0.0,0%,380xx,TN,10+ years,0.0,0.0,1
15000.0,,mbiennestin,460.0,17.1%,021xx,MA,9 years,0.0,17.1,1
25000.0,,sourman7,612.0,21.99%,368xx,AL,< 1 year,0.0,21.99,1
25000.0,,gvd,688.0,178.63%,330xx,FL,< 1 year,0.0,178.63,1
5000.0,,peaks,637.0,2.48%,330xx,FL,2 years,0.0,2.48,1
5000.0,,dabrainchild,459.0,5.93%,630xx,MO,1 year,0.0,5.93,1
1000.0,,yolanda38,536.0,35.73%,631xx,MO,1 year,0.0,35.73,1
1000.0,,pachev,498.0,4.51%,330xx,FL,3 years,0.0,4.51,1
725.0,,johnantha,600.0,30%,322xx,FL,5 years,0.0,30.0,1
8000.0,,celsus,654.0,22.44%,980xx,WA,< 1 year,0.0,22.44,1
500.0,,schoooter,510.0,41.91%,462xx,IN,< 1 year,0.0,41.91,1
2000.0,,heystopthat,524.0,0%,630xx,MO,< 1 year,0.0,0.0,1
15000.0,,Mikecrawfish,660.0,34.88%,376xx,TN,10+ years,0.0,34.88,1
4000.0,,Craeft,481.0,17.67%,852xx,AZ,< 1 year,0.0,17.67,1
2200.0,,scott67,591.0,12.24%,802xx,CO,5 years,0.0,12.24,1
1000.0,,rberman1942,587.0,31.9%,981xx,WA,< 1 year,0.0,31.9,1
25000.0,,singlemomgoingplaces,549.0,10.11%,210xx,MD,10+ years,0.0,10.11,1
25000.0,,ashly,711.0,37.37%,334xx,FL,10+ years,0.0,37.37,1
10000.0,,loveme2,584.0,15.8%,212xx,MD,< 1 year,0.0,15.8,1
7000.0,,valentine51chevy3,500.0,163.84%,138xx,NY,< 1 year,0.0,163.84,1
5000.0,,Misskiki,561.0,7.51%,210xx,MD,< 1 year,0.0,7.51,1
5000.0,,horrible blue 2,641.0,1.26%,112xx,NY,3 years,0.0,1.26,1
6000.0,,mommasbaby,0.0,23.55%,426xx,KY,1 year,0.0,23.55,1
10000.0,,jorale,500.0,10.41%,760xx,TX,5 years,0.0,10.41,1
10000.0,,idv6689,582.0,0%,331xx,FL,2 years,0.0,0.0,1
6000.0,,hyannis36,550.0,2.92%,704xx,LA,10+ years,0.0,2.92,1
10000.0,,jprowe,453.0,11.11%,787xx,TX,< 1 year,0.0,11.11,1
3000.0,,Lauren,445.0,78.1%,975xx,OR,2 years,0.0,78.1,1
25000.0,,cardiacnurse,675.0,26.91%,751xx,TX,< 1 year,0.0,26.91,1
3000.0,,chocolatebrownies,556.0,18.41%,921xx,CT,1 year,0.0,18.41,1
5000.0,,RDow,696.0,43.22%,021xx,MA,< 1 year,0.0,43.22,1
5000.0,,Supermodel,624.0,3.88%,211xx,MD,4 years,0.0,3.88,1
8625.0,,Consolidate Debt,686.0,23.63%,109xx,NY,3 years,0.0,23.63,1
2500.0,,kellch,631.0,15.09%,296xx,SC,2 years,0.0,15.09,1
6500.0,,rice,526.0,0%,981xx,WA,10+ years,0.0,0.0,1
12000.0,,moneymailer_help,744.0,0%,980xx,WA,10+ years,0.0,0.0,1
500.0,,reeree60,543.0,360.67%,718xx,AR,7 years,0.0,360.67,1
5000.0,,gbogan,603.0,4.6%,460xx,IN,8 years,0.0,4.6,1
25000.0,,woodruffs,662.0,10.2%,741xx,OK,10+ years,0.0,10.2,1
23500.0,,mediaphotos,474.0,1.46%,325xx,FL,3 years,0.0,1.46,1
15000.0,,PlaidBrat,602.0,19.71%,981xx,WA,1 year,0.0,19.71,1
8050.0,,computerbiz,491.0,35.02%,255xx,WV,9 years,0.0,35.02,1
1000.0,,techygirl,484.0,11.43%,479xx,IN,4 years,0.0,11.43,1
5500.0,,nicolebaker22,636.0,4.39%,856xx,AZ,3 years,0.0,4.39,1
10000.0,,india,540.0,16.57%,443xx,OH,3 years,0.0,16.57,1
12000.0,,loan for home downpayment..,653.0,11.84%,074xx,NJ,10+ years,0.0,11.84,1
4000.0,,timothyle504,607.0,18.6%,331xx,FL,1 year,0.0,18.6,1
3000.0,,darryl117,533.0,0%,800xx,CO,5 years,0.0,0.0,1
4000.0,,dixon6444,614.0,17.98%,210xx,MD,10+ years,0.0,17.98,1
2600.0,,shaezy,587.0,0%,330xx,FL,< 1 year,0.0,0.0,1
7000.0,,Ur2hickey,639.0,5.21%,060xx,CT,1 year,0.0,5.21,1
4000.0,,zerovice,614.0,9.33%,276xx,NC,< 1 year,0.0,9.33,1
4000.0,,Jessalyn7777,561.0,31.47%,303xx,GA,2 years,0.0,31.47,1
8000.0,,GracefromHim,568.0,19.53%,287xx,NC,5 years,0.0,19.53,1
6000.0,,jfrontier,662.0,9.66%,322xx,FL,5 years,0.0,9.66,1
2000.0,,musky86,647.0,10.05%,307xx,GA,< 1 year,0.0,10.05,1
7000.0,,fordrc12,665.0,44.4%,247xx,WV,10+ years,0.0,44.4,1
2000.0,,texasteacher72,630.0,19.06%,770xx,TX,2 years,0.0,19.06,1
10000.0,,Stevejen,417.0,0%,301xx,GA,6 years,0.0,0.0,1
18500.0,,"need 26900 to puraches land  intall sewer,ele,water & move double wide to laand double wide is payed for.Currently have 11000. in cash intend to use 7000 leaving a little in reserve (just in case) & borrow remaining amout.18500.00",636.0,13.75%,714xx,LA,2 years,0.0,13.75,1
8500.0,,tiffanylv7,621.0,1.06%,295xx,SC,4 years,0.0,1.06,1
13500.0,,donenzo,655.0,15.78%,112xx,NY,< 1 year,0.0,15.78,1
6400.0,,batman,488.0,50.77%,724xx,AR,< 1 year,0.0,50.77,1
3500.0,,QuietStorm,677.0,7.55%,089xx,NJ,10+ years,0.0,7.55,1
5000.0,,personal loan,642.0,11.4%,535xx,WI,1 year,0.0,11.4,1
14000.0,,loriborealis,636.0,0.74%,631xx,MO,2 years,0.0,0.74,1
2000.0,,jack-son,488.0,4.43%,705xx,LA,10+ years,0.0,4.43,1
2000.0,,Pay off Medical Bill,573.0,6.37%,980xx,WA,9 years,0.0,6.37,1
5000.0,,ANGELBABE241981,593.0,41.27%,430xx,OH,< 1 year,0.0,41.27,1
15000.0,,Jarell,657.0,39.21%,301xx,GA,3 years,0.0,39.21,1
3500.0,,zj1012,499.0,3.97%,107xx,NY,2 years,0.0,3.97,1
5500.0,,miguelalamo,652.0,2.72%,115xx,NY,8 years,0.0,2.72,1
10000.0,,catnoblade,645.0,7.41%,229xx,VA,7 years,0.0,7.41,1
25000.0,,tropic,741.0,40.23%,451xx,OH,6 years,0.0,40.23,1
15000.0,,nukeworker,612.0,8.4%,440xx,OH,2 years,0.0,8.4,1
11000.0,,witchking,705.0,25.74%,443xx,OH,< 1 year,0.0,25.74,1
2000.0,,cobb102,496.0,10.62%,403xx,KY,8 years,0.0,10.62,1
25000.0,,azdesigner9,554.0,25.75%,863xx,AZ,8 years,0.0,25.75,1
12300.0,,F_white,425.0,16.87%,314xx,GA,6 years,0.0,16.87,1
25000.0,,tml1969,461.0,55.17%,301xx,GA,10+ years,0.0,55.17,1
6000.0,,phuongsittniewski,583.0,237.49%,379xx,TN,7 years,0.0,237.49,1
5000.0,,mlam98,548.0,0.81%,087xx,NJ,3 years,0.0,0.81,1
15000.0,,danme,492.0,22.92%,083xx,NJ,2 years,0.0,22.92,1
1500.0,,tootci,425.0,2.89%,530xx,WI,10+ years,0.0,2.89,1
3000.0,,brewers2000,556.0,22.94%,549xx,WI,10+ years,0.0,22.94,1
2500.0,,wamaitha,458.0,30.23%,381xx,TN,< 1 year,0.0,30.23,1
15000.0,,gafire30,608.0,8.67%,301xx,GA,< 1 year,0.0,8.67,1
8000.0,,unicornjill1,456.0,0%,301xx,GA,7 years,0.0,0.0,1
15000.0,,rebel5566,495.0,32.26%,301xx,GA,< 1 year,0.0,32.26,1
12000.0,,ntuloan,0.0,0.48%,982xx,WA,2 years,0.0,0.48,1
2500.0,,wachoo,436.0,17.86%,346xx,FL,< 1 year,0.0,17.86,1
10000.0,,Mr. Nice,524.0,10.34%,292xx,SC,< 1 year,0.0,10.34,1
1500.0,,Aaron,479.0,13.61%,774xx,TX,< 1 year,0.0,13.61,1
5000.0,,Jolfstn,547.0,4.24%,999xx,AK,4 years,0.0,4.24,1
20000.0,,David Hill,716.0,30.14%,220xx,VA,< 1 year,0.0,30.14,1
1500.0,,abetterme,665.0,0%,210xx,MD,< 1 year,0.0,0.0,1
7525.0,,Paying off the credit cards!,653.0,20.48%,803xx,CO,1 year,0.0,20.48,1
5000.0,,highcard74,612.0,49.72%,104xx,NY,3 years,0.0,49.72,1
5000.0,,iceberry67,527.0,22.85%,104xx,NY,10+ years,0.0,22.85,1
2500.0,,wallygran,539.0,0.55%,787xx,TX,9 years,0.0,0.55,1
5000.0,,gbimports,637.0,29.17%,336xx,FL,1 year,0.0,29.17,1
2500.0,,jp00x,510.0,3.59%,352xx,AL,1 year,0.0,3.59,1
2000.0,,dawnluramarie,491.0,36.43%,034xx,NH,2 years,0.0,36.43,1
13000.0,,Eccl. 9.11,615.0,1.5%,384xx,TN,10+ years,0.0,1.5,1
25000.0,,bob58,737.0,35.39%,442xx,OH,10+ years,0.0,35.39,1
5000.0,,jmignone,681.0,38.28%,300xx,GA,5 years,0.0,38.28,1
2000.0,,bori,645.0,27.41%,775xx,TX,4 years,0.0,27.41,1
24000.0,,bradall36,615.0,21.31%,300xx,GA,4 years,0.0,21.31,1
3000.0,,ashleysmom,493.0,0%,894xx,NV,< 1 year,0.0,0.0,1
1000.0,,mj6music,620.0,76%,117xx,NY,2 years,0.0,76.0,1
4000.0,,High Interest cards,626.0,29.93%,996xx,AK,10+ years,0.0,29.93,1
5000.0,,great pyr,552.0,1.83%,770xx,TX,1 year,0.0,1.83,1
25000.0,,Monopoly,759.0,5.55%,553xx,MN,10+ years,0.0,5.55,1
5700.0,,kiwoddess,593.0,18.76%,802xx,CO,10+ years,0.0,18.76,1
6000.0,,rcam6727,557.0,67.83%,404xx,KY,3 years,0.0,67.83,1
5000.0,,Education,759.0,0.75%,803xx,CO,< 1 year,0.0,0.75,1
25000.0,,lclayton,651.0,36%,342xx,FL,2 years,0.0,36.0,1
10000.0,,chall,550.0,15.17%,137xx,NY,6 years,0.0,15.17,1
5000.0,,TAD05,631.0,8.4%,700xx,LA,1 year,0.0,8.4,1
25000.0,,Joda,695.0,24.18%,058xx,VT,10+ years,0.0,24.18,1
5000.0,,Consolidate Installment Loans,619.0,24.64%,630xx,MO,4 years,0.0,24.64,1
8000.0,,supreme,469.0,3.07%,300xx,GA,< 1 year,0.0,3.07,1
2500.0,,bziehm,477.0,1%,532xx,WI,< 1 year,0.0,1.0,1
5000.0,,tc7,441.0,21.17%,271xx,NC,9 years,0.0,21.17,1
1500.0,,cvisbell,490.0,11.68%,782xx,TX,5 years,0.0,11.68,1
20000.0,,warstar,433.0,0%,070xx,NJ,< 1 year,0.0,0.0,1
2000.0,,Bulldog66,673.0,36.64%,302xx,GA,5 years,0.0,36.64,1
5000.0,,Michael Matthews,513.0,2.21%,303xx,GA,< 1 year,0.0,2.21,1
17000.0,,armgr1,509.0,2.94%,379xx,TN,< 1 year,0.0,2.94,1
20000.0,,alexandercarr2,598.0,11.8%,799xx,TX,2 years,0.0,11.8,1
7000.0,,funnychick1987,470.0,77.68%,728xx,AR,< 1 year,0.0,77.68,1
1500.0,,Snootie03,0.0,0%,284xx,NC,3 years,0.0,0.0,1
2500.0,,aalvg,482.0,0.52%,300xx,GA,10+ years,0.0,0.52,1
2500.0,,Troygoldie,558.0,48.05%,302xx,GA,< 1 year,0.0,48.05,1
2000.0,,drclawgirl,422.0,40.02%,276xx,NC,1 year,0.0,40.02,1
2650.0,,bigjake229,612.0,31.3%,983xx,WA,< 1 year,0.0,31.3,1
5000.0,,mounds,472.0,5.08%,622xx,MO,9 years,0.0,5.08,1
25000.0,,lepidus,682.0,29.06%,787xx,TX,< 1 year,0.0,29.06,1
4000.0,,Tone,628.0,0.78%,105xx,NY,4 years,0.0,0.78,1
15000.0,,kfduncan,642.0,6.72%,701xx,LA,< 1 year,0.0,6.72,1
2000.0,,falcon3509,623.0,1%,300xx,GA,3 years,0.0,1.0,1
15000.0,,mdinetta,698.0,49.32%,871xx,NM,< 1 year,0.0,49.32,1
5000.0,,Lucy,482.0,12.05%,329xx,FL,3 years,0.0,12.05,1
3000.0,,davidk,452.0,4.45%,431xx,OH,9 years,0.0,4.45,1
5000.0,,kalmstorm,519.0,0%,238xx,VA,3 years,0.0,0.0,1
5000.0,,Barbara Bisanz,623.0,46.08%,300xx,GA,< 1 year,0.0,46.08,1
1000.0,,shyne,478.0,0%,215xx,MD,5 years,0.0,0.0,1
25000.0,,silverchair,483.0,32.61%,453xx,OH,< 1 year,0.0,32.61,1
4000.0,,bl0ndebebe2,616.0,9.75%,088xx,NJ,2 years,0.0,9.75,1
25000.0,,BCHRIST230,612.0,19.75%,021xx,MA,1 year,0.0,19.75,1
7500.0,,Jay Aiken,651.0,8.74%,300xx,GA,7 years,0.0,8.74,1
1500.0,,captshow,573.0,0%,300xx,GA,< 1 year,0.0,0.0,1
15000.0,,jonjon71,600.0,40.14%,302xx,GA,4 years,0.0,40.14,1
25000.0,,brandyben,521.0,1.73%,112xx,NY,< 1 year,0.0,1.73,1
15000.0,,dakota89,661.0,19.62%,236xx,VA,2 years,0.0,19.62,1
12000.0,,SweetP,578.0,25.52%,300xx,GA,5 years,0.0,25.52,1
25000.0,,suzibean,644.0,25.51%,130xx,NY,8 years,0.0,25.51,1
5000.0,,mrgooddad,650.0,12.81%,300xx,GA,1 year,0.0,12.81,1
10000.0,,mdseaux,549.0,9.15%,705xx,LA,2 years,0.0,9.15,1
6500.0,,sdavis,566.0,0%,221xx,VA,9 years,0.0,0.0,1
25000.0,,need_help,486.0,42.66%,857xx,AZ,< 1 year,0.0,42.66,1
5000.0,,jamesblue,592.0,45.73%,379xx,TN,1 year,0.0,45.73,1
6000.0,,czar,556.0,24.22%,900xx,CO,< 1 year,0.0,24.22,1
5000.0,,gabbiea,599.0,12.62%,342xx,FL,4 years,0.0,12.62,1
2000.0,,Athibeault,575.0,0%,216xx,MD,1 year,0.0,0.0,1
25000.0,,Yogini,549.0,23.71%,852xx,AZ,2 years,0.0,23.71,1
5000.0,,Car purchase,674.0,23.01%,852xx,AZ,3 years,0.0,23.01,1
15000.0,,applied_wisdom,628.0,1.55%,061xx,CT,2 years,0.0,1.55,1
15000.0,,Need working capital for coffee house.,700.0,1.97%,278xx,NC,4 years,0.0,1.97,1
6000.0,,Finishing home projects,655.0,11.64%,182xx,PA,3 years,0.0,11.64,1
7500.0,,shortfortuned,619.0,1.88%,331xx,FL,1 year,0.0,1.88,1
2000.0,,jangus74,480.0,14.82%,295xx,SC,3 years,0.0,14.82,1
5000.0,,wwinterberg,507.0,0%,333xx,FL,< 1 year,0.0,0.0,1
3000.0,,Loan to Pay Off Medical Bills,532.0,6.34%,791xx,TX,4 years,0.0,6.34,1
5000.0,,Pay off auto loan,587.0,13.84%,351xx,AL,2 years,0.0,13.84,1
1500.0,,princess2087,529.0,22.3%,530xx,WI,9 years,0.0,22.3,1
2500.0,,jenif371,513.0,0%,461xx,IN,1 year,0.0,0.0,1
24625.0,,Debt consolidation,677.0,10.76%,112xx,NY,< 1 year,0.0,10.76,1
6000.0,,CCK,637.0,27.48%,711xx,LA,10+ years,0.0,27.48,1
9500.0,,RRIG,533.0,12.48%,331xx,FL,2 years,0.0,12.48,1
1950.0,,Beansprout,521.0,0.91%,212xx,MD,< 1 year,0.0,0.91,1
15000.0,,Help,683.0,16.68%,333xx,FL,< 1 year,0.0,16.68,1
2500.0,,ndoutoum,506.0,6.67%,103xx,NY,5 years,0.0,6.67,1
12000.0,,Hardhead62,678.0,12.49%,731xx,OK,5 years,0.0,12.49,1
2500.0,,RMACIEIRA,488.0,44.43%,071xx,NJ,3 years,0.0,44.43,1
10000.0,,dcdavis,590.0,5.08%,705xx,LA,1 year,0.0,5.08,1
2500.0,,jaysurgjo,577.0,9.75%,081xx,NJ,2 years,0.0,9.75,1
5000.0,,texas1948,482.0,6.36%,760xx,TX,< 1 year,0.0,6.36,1
5000.0,,mansfield,483.0,6.36%,760xx,TX,< 1 year,0.0,6.36,1
6000.0,,wanda31903,408.0,0.2%,368xx,AL,4 years,0.0,0.2,1
6000.0,,sammy36869,498.0,0.2%,368xx,AL,3 years,0.0,0.2,1
10000.0,,Self,575.0,2.04%,038xx,NH,< 1 year,0.0,2.04,1
2000.0,,Ac4303,606.0,29.31%,750xx,TX,1 year,0.0,29.31,1
15000.0,,actionaire,635.0,41.91%,300xx,GA,3 years,0.0,41.91,1
6000.0,,Giff,529.0,16.71%,469xx,IN,10+ years,0.0,16.71,1
25000.0,,kflu,592.0,0.42%,750xx,TX,< 1 year,0.0,0.42,1
5000.0,,joy_kywonna,644.0,3.84%,331xx,FL,2 years,0.0,3.84,1
10000.0,,FiddleFort,634.0,23.43%,840xx,UT,< 1 year,0.0,23.43,1
800.0,,ltodd,530.0,16.91%,430xx,OH,< 1 year,0.0,16.91,1
7500.0,,Lorac,505.0,16.99%,945xx,CA,4 years,0.0,16.99,1
2500.0,,ewayner,608.0,1.04%,270xx,NC,< 1 year,0.0,1.04,1
1000.0,,College Education,716.0,20.4%,070xx,NJ,1 year,0.0,20.4,1
10000.0,,USAFHaynes,,100%,917xx,CA,2 years,0.0,100.0,1
15000.0,,ethanwa79,663.0,18.16%,980xx,WA,< 1 year,0.0,18.16,1
5000.0,,coconutgoddess,388.0,16.76%,840xx,UT,< 1 year,0.0,16.76,1
16000.0,,Consolidating debt & expanding business,662.0,24.37%,310xx,GA,< 1 year,0.0,24.37,1
15000.0,,SadaJones13,560.0,19.4%,025xx,MA,1 year,0.0,19.4,1
4000.0,,kreedy,541.0,14.89%,787xx,TX,2 years,0.0,14.89,1
15000.0,,daveb1964,592.0,7.17%,194xx,PA,10+ years,0.0,7.17,1
25000.0,,JMDCorp,677.0,14.14%,325xx,FL,2 years,0.0,14.14,1
20000.0,,CNoalis,525.0,0%,346xx,FL,< 1 year,0.0,0.0,1
3500.0,,Mih Son,0.0,3.49%,244xx,VA,< 1 year,0.0,3.49,1
2500.0,,Clay,634.0,33.6%,354xx,AL,< 1 year,0.0,33.6,1
6000.0,,jnimako,497.0,13.2%,104xx,NY,< 1 year,0.0,13.2,1
20000.0,,swilson,569.0,42.35%,761xx,TX,4 years,0.0,42.35,1
19900.0,,FUTURE BILLONARE,525.0,2.68%,236xx,VA,3 years,0.0,2.68,1
5000.0,,simplicity74,435.0,18.79%,366xx,AL,3 years,0.0,18.79,1
25000.0,,MichaelFooshee,680.0,22.08%,752xx,TX,4 years,0.0,22.08,1
14000.0,,mattm868,668.0,13.98%,131xx,NY,2 years,0.0,13.98,1
2500.0,,Regina623,565.0,23.67%,850xx,AZ,1 year,0.0,23.67,1
5000.0,,Americanmade,570.0,0%,462xx,IN,1 year,0.0,0.0,1
2000.0,,"Moving to Iowa, need to pay off car loan",659.0,19.85%,549xx,WI,< 1 year,0.0,19.85,1
15000.0,,raven2116,447.0,45.12%,655xx,MO,10+ years,0.0,45.12,1
7000.0,,jlam1021,615.0,19.24%,871xx,NM,5 years,0.0,19.24,1
8000.0,,time4achange,625.0,31.92%,221xx,VA,< 1 year,0.0,31.92,1
5000.0,,lake area realtor,678.0,42.24%,656xx,MO,2 years,0.0,42.24,1
15000.0,,18807,497.0,2.66%,441xx,OH,< 1 year,0.0,2.66,1
1000.0,,alofton1613,643.0,21.28%,322xx,FL,< 1 year,0.0,21.28,1
5000.0,,GreeneSR,517.0,18.18%,633xx,MO,10+ years,0.0,18.18,1
20000.0,,hadi_sh11,617.0,27.2%,631xx,MO,2 years,0.0,27.2,1
15000.0,,brownie99,670.0,24.84%,774xx,TX,4 years,0.0,24.84,1
10000.0,,tony540i,516.0,5.36%,080xx,NJ,6 years,0.0,5.36,1
3000.0,,Determined,536.0,41.71%,363xx,AL,3 years,0.0,41.71,1
10000.0,,onlinepoet,671.0,45.05%,850xx,AZ,10+ years,0.0,45.05,1
18000.0,,bill p,489.0,5.97%,148xx,NY,7 years,0.0,5.97,1
500.0,,malik,0.0,0%,631xx,MO,< 1 year,0.0,0.0,1
25000.0,,COOPER,579.0,25.4%,856xx,AZ,1 year,0.0,25.4,1
25000.0,,personal loan ,671.0,20.09%,021xx,MA,9 years,0.0,20.09,1
10000.0,,mabelle5,665.0,30.65%,201xx,VA,1 year,0.0,30.65,1
25000.0,,strawberry,595.0,0%,766xx,TX,< 1 year,0.0,0.0,1
2500.0,,linlee,445.0,37.2%,634xx,MO,10+ years,0.0,37.2,1
4000.0,,kamand4kids,479.0,0.5%,272xx,NC,8 years,0.0,0.5,1
18000.0,,RN1975,458.0,0%,232xx,VA,< 1 year,0.0,0.0,1
3000.0,,JennAvery,487.0,0%,040xx,ME,< 1 year,0.0,0.0,1
20000.0,,Mr.H,639.0,20.88%,547xx,WI,2 years,0.0,20.88,1
4800.0,,lydacole,668.0,13.33%,226xx,VA,2 years,0.0,13.33,1
5000.0,,MrsGray01,562.0,43.65%,871xx,NM,< 1 year,0.0,43.65,1
2000.0,,af2686,556.0,14.63%,457xx,OH,6 years,0.0,14.63,1
15000.0,,LoisRyan,520.0,1.45%,139xx,NY,10+ years,0.0,1.45,1
5000.0,,faye,546.0,21.21%,210xx,MD,2 years,0.0,21.21,1
3000.0,,Virtouswoman,462.0,13.18%,302xx,GA,1 year,0.0,13.18,1
1500.0,,hellorockview14,592.0,32.04%,440xx,OH,< 1 year,0.0,32.04,1
5500.0,,1Pogirl,588.0,15.03%,394xx,MS,10+ years,0.0,15.03,1
3000.0,,Denosh,592.0,11.59%,136xx,NY,10+ years,0.0,11.59,1
5000.0,,ttboy,482.0,13.84%,761xx,TX,1 year,0.0,13.84,1
20000.0,,toshmarie,515.0,10.33%,853xx,AZ,< 1 year,0.0,10.33,1
20000.0,,sefrohlich,588.0,64.09%,598xx,MT,1 year,0.0,64.09,1
10000.0,,tlsandoval,618.0,28.08%,802xx,CO,< 1 year,0.0,28.08,1
20000.0,,mrbboyfilosofi,657.0,45.63%,333xx,FL,< 1 year,0.0,45.63,1
20000.0,,rbt0409,647.0,8.77%,060xx,CT,3 years,0.0,8.77,1
4000.0,,purple747,555.0,22.11%,321xx,FL,8 years,0.0,22.11,1
5000.0,,Dizzale,524.0,24.48%,260xx,WV,< 1 year,0.0,24.48,1
1000.0,,mrs_barbie,544.0,23.37%,432xx,OH,7 years,0.0,23.37,1
1000.0,,eltfeaa,592.0,0%,432xx,OH,1 year,0.0,0.0,1
6500.0,,I am in the process of moving out and need money for a security deposit as well as furniture for the apartment. A loan of $6500 would help me in this process.,545.0,4.01%,089xx,NJ,< 1 year,0.0,4.01,1
5500.0,,great_family,439.0,13.77%,473xx,IN,4 years,0.0,13.77,1
800.0,,mike1,595.0,14.95%,499xx,MI,2 years,0.0,14.95,1
17000.0,,lisa yoyo,657.0,59.2%,338xx,FL,7 years,0.0,59.2,1
4000.0,,levy_sh,641.0,1.55%,320xx,FL,1 year,0.0,1.55,1
1000.0,,mikewj76,576.0,46.06%,320xx,FL,10+ years,0.0,46.06,1
15000.0,,Lastchance,600.0,4.99%,334xx,FL,< 1 year,0.0,4.99,1
10000.0,,Peter,611.0,0%,144xx,NY,8 years,0.0,0.0,1
2000.0,,HGB811,474.0,11.26%,303xx,GA,< 1 year,0.0,11.26,1
8500.0,,jblovell,483.0,5.91%,685xx,NE,4 years,0.0,5.91,1
8000.0,,marilee1111,481.0,26.11%,857xx,AZ,< 1 year,0.0,26.11,1
1000.0,,tracil,459.0,0%,727xx,AR,< 1 year,0.0,0.0,1
8500.0,,callen,463.0,22.97%,685xx,NE,< 1 year,0.0,22.97,1
8000.0,,savathens,556.0,12.62%,303xx,GA,1 year,0.0,12.62,1
6000.0,,acolemanou,527.0,36.62%,731xx,OK,5 years,0.0,36.62,1
7500.0,,clairemw000,524.0,633.6%,295xx,SC,< 1 year,0.0,633.6,1
500.0,,spcmcnamee,503.0,1.71%,109xx,NY,< 1 year,0.0,1.71,1
7000.0,,gsleader,539.0,2.35%,863xx,AZ,10+ years,0.0,2.35,1
8500.0,,Semper Paratus,0.0,0%,334xx,FL,1 year,0.0,0.0,1
11000.0,,grivera79,599.0,36.27%,301xx,GA,5 years,0.0,36.27,1
5000.0,,NewJob1,608.0,0.37%,302xx,GA,10+ years,0.0,0.37,1
9500.0,,marcher12,663.0,34.72%,346xx,FL,4 years,0.0,34.72,1
3000.0,,tmdvld2005,533.0,14.35%,339xx,FL,< 1 year,0.0,14.35,1
2000.0,,Ram,491.0,27.17%,285xx,NC,10+ years,0.0,27.17,1
2500.0,,mack19769,558.0,11.73%,436xx,OH,3 years,0.0,11.73,1
10000.0,,nina1,618.0,2.48%,336xx,FL,< 1 year,0.0,2.48,1
4000.0,,PatLaschinger,497.0,1.54%,993xx,WA,4 years,0.0,1.54,1
1500.0,,sons first home,585.0,20.37%,468xx,IN,5 years,0.0,20.37,1
7000.0,,tcameron2,585.0,13.77%,982xx,WA,< 1 year,0.0,13.77,1
2000.0,,tucson_man,434.0,34.36%,857xx,AZ,8 years,0.0,34.36,1
6000.0,,teh2626090,601.0,27.92%,038xx,NH,< 1 year,0.0,27.92,1
10000.0,,Benmac,540.0,3.98%,454xx,OH,< 1 year,0.0,3.98,1
6000.0,,Willy P.,692.0,14.35%,550xx,MN,< 1 year,0.0,14.35,1
7000.0,,linsey080903,497.0,13.53%,770xx,TX,9 years,0.0,13.53,1
15000.0,,jimgriffin,609.0,1.01%,232xx,VA,10+ years,0.0,1.01,1
5000.0,,lampkins,565.0,0%,761xx,TX,< 1 year,0.0,0.0,1
7500.0,,SisnerosCrew,486.0,0%,871xx,NM,< 1 year,0.0,0.0,1
5000.0,,To pay off High Interest Creidt Cards,625.0,37.61%,945xx,CA,4 years,0.0,37.61,1
12500.0,,mrjoe06606,584.0,13.82%,066xx,CT,< 1 year,0.0,13.82,1
2500.0,,countrypickin,526.0,33.55%,336xx,FL,< 1 year,0.0,33.55,1
18000.0,,kleithe,680.0,27.67%,750xx,TX,2 years,0.0,27.67,1
1000.0,,"I would like to get the money to buy a vehicle a man in my complex has,my car I have now is about on its last leg.I also deliver papers in the morning so I need a dependible car.",610.0,13.3%,980xx,WA,1 year,0.0,13.3,1
5000.0,,bigby,643.0,33.36%,087xx,NJ,10+ years,0.0,33.36,1
10000.0,,2bfree,522.0,27.72%,641xx,MO,1 year,0.0,27.72,1
8000.0,,mikulas2,625.0,16.65%,600xx,IL,2 years,0.0,16.65,1
3000.0,,cafemocha1106,628.0,29.83%,453xx,OH,< 1 year,0.0,29.83,1
15000.0,,ajerry15,621.0,7.03%,420xx,KY,3 years,0.0,7.03,1
3000.0,,jlm5687,575.0,38.4%,087xx,NJ,2 years,0.0,38.4,1
5000.0,,jmt,461.0,6.87%,327xx,FL,2 years,0.0,6.87,1
6000.0,,ahill,564.0,2.04%,010xx,MA,< 1 year,0.0,2.04,1
5000.0,,andystow,623.0,36.73%,531xx,WI,5 years,0.0,36.73,1
2000.0,,esesmom,621.0,10.68%,121xx,NY,1 year,0.0,10.68,1
14000.0,,Trager,429.0,1.31%,282xx,NC,2 years,0.0,1.31,1
5000.0,,hindmate,552.0,12.56%,852xx,AZ,10+ years,0.0,12.56,1
10400.0,,MrPowerful,656.0,0%,127xx,NY,< 1 year,0.0,0.0,1
5000.0,,Debt Payback,659.0,3.36%,089xx,NJ,< 1 year,0.0,3.36,1
3000.0,,Carolstar,580.0,38.14%,960xx,CO,2 years,0.0,38.14,1
7000.0,,BackOnTrac,497.0,25.7%,210xx,MD,< 1 year,0.0,25.7,1
2500.0,,Need pc technician certifications,454.0,5.04%,726xx,AR,5 years,0.0,5.04,1
12000.0,,shopgirl785,666.0,32.48%,660xx,KS,1 year,0.0,32.48,1
2500.0,,Jim,659.0,12.51%,532xx,WI,6 years,0.0,12.51,1
20000.0,,elahti,489.0,0%,548xx,WI,2 years,0.0,0.0,1
15000.0,,npersad20,470.0,0%,280xx,NC,< 1 year,0.0,0.0,1
8000.0,,marlopez73,423.0,27.49%,280xx,NC,4 years,0.0,27.49,1
2000.0,,upshaw,,100%,958xx,CA,10+ years,0.0,100.0,1
3000.0,,Looking for loan to pay off bills,683.0,24.21%,320xx,FL,< 1 year,0.0,24.21,1
10000.0,,Harvardropout..,717.0,5.92%,142xx,NY,< 1 year,0.0,5.92,1
4000.0,,net03,554.0,12.61%,322xx,FL,9 years,0.0,12.61,1
500.0,,jlowell,551.0,11.52%,322xx,FL,4 years,0.0,11.52,1
1000.0,,luis101,0.0,0%,463xx,IN,< 1 year,0.0,0.0,1
12000.0,,m2mfour,437.0,30.97%,802xx,CO,4 years,0.0,30.97,1
2000.0,,Luz_Muniz89,0.0,0.69%,120xx,NY,5 years,0.0,0.69,1
7500.0,,robert1967,564.0,15.94%,347xx,FL,< 1 year,0.0,15.94,1
15000.0,,mhadi1,611.0,0%,328xx,FL,1 year,0.0,0.0,1
10000.0,,Flyrite609,599.0,13.72%,082xx,NJ,10+ years,0.0,13.72,1
15000.0,,tsmith91,583.0,29.34%,295xx,SC,< 1 year,0.0,29.34,1
700.0,,dany72,636.0,23.53%,070xx,NJ,2 years,0.0,23.53,1
10000.0,,debbski,452.0,11.56%,852xx,AZ,1 year,0.0,11.56,1
3000.0,,Rlamb1968,476.0,0%,144xx,NY,6 years,0.0,0.0,1
15000.0,,dlw,606.0,15.54%,365xx,AL,1 year,0.0,15.54,1
15000.0,,lcamd,720.0,91.88%,212xx,MD,< 1 year,0.0,91.88,1
20000.0,,tiffgiggles00,607.0,36.04%,104xx,NY,1 year,0.0,36.04,1
5000.0,,cc340no,451.0,6.3%,700xx,LA,1 year,0.0,6.3,1
15000.0,,flubes,469.0,11.1%,017xx,MA,1 year,0.0,11.1,1
15000.0,,kbslim,548.0,32.55%,752xx,TX,2 years,0.0,32.55,1
10000.0,,Melinda1234,638.0,26.28%,841xx,UT,4 years,0.0,26.28,1
11000.0,,dinemo,537.0,29.54%,906xx,CA,3 years,0.0,29.54,1
5000.0,,tigger,592.0,3%,349xx,FL,10+ years,0.0,3.0,1
6000.0,,olivias,0.0,0%,112xx,NY,4 years,0.0,0.0,1
8000.0,,tjohnso4,636.0,41.28%,301xx,GA,2 years,0.0,41.28,1
22600.0,,success-08,427.0,4.55%,330xx,FL,10+ years,0.0,4.55,1
1500.0,,Irena,0.0,0%,283xx,NC,2 years,0.0,0.0,1
6000.0,,curtisbjr331,0.0,8.59%,122xx,NY,5 years,0.0,8.59,1
1500.0,,seventhangel,669.0,27.12%,112xx,NY,4 years,0.0,27.12,1
5000.0,,wowoodfah,628.0,1.47%,598xx,MT,< 1 year,0.0,1.47,1
1000.0,,CCat,470.0,29.68%,100xx,NY,6 years,0.0,29.68,1
4500.0,,tinker2710,533.0,0%,853xx,AZ,< 1 year,0.0,0.0,1
7000.0,,hawk4032,522.0,8.84%,441xx,OH,4 years,0.0,8.84,1
4500.0,,Please Help Consolidate My Debt...,599.0,6.99%,331xx,FL,1 year,0.0,6.99,1
7000.0,,money4032,663.0,45.53%,441xx,OH,5 years,0.0,45.53,1
15000.0,,mary,526.0,4.8%,012xx,MA,10+ years,0.0,4.8,1
1000.0,,bulldogs103170,615.0,22.71%,306xx,GA,7 years,0.0,22.71,1
5000.0,,ccnative,591.0,16.6%,026xx,MA,3 years,0.0,16.6,1
15000.0,,Railer1,689.0,46.3%,238xx,VA,< 1 year,0.0,46.3,1
5000.0,,SEEKING HELP,633.0,46.38%,070xx,NJ,5 years,0.0,46.38,1
25000.0,,pebblistone,697.0,28.03%,111xx,NY,8 years,0.0,28.03,1
25000.0,,AkAv8r,693.0,44.25%,996xx,AK,< 1 year,0.0,44.25,1
500.0,,TomSmith,482.0,16.42%,342xx,FL,1 year,0.0,16.42,1
21000.0,,pxlo123,473.0,6.33%,972xx,OR,< 1 year,0.0,6.33,1
1500.0,,lacant6,574.0,7.92%,210xx,MD,10+ years,0.0,7.92,1
5000.0,,JOHNNY69,509.0,32.16%,072xx,NJ,3 years,0.0,32.16,1
1500.0,,jayhawk,435.0,19.37%,322xx,FL,10+ years,0.0,19.37,1
4000.0,,mcall,493.0,26.16%,474xx,IN,8 years,0.0,26.16,1
500.0,,insenceman,516.0,0.54%,104xx,NY,2 years,0.0,0.54,1
2500.0,,fckbthornton,532.0,4.78%,850xx,AZ,1 year,0.0,4.78,1
25000.0,,MORRISLEON,463.0,0.6%,191xx,NY,6 years,0.0,0.6,1
6800.0,,matt9394,436.0,4.17%,704xx,LA,10+ years,0.0,4.17,1
8500.0,,matt3232,535.0,0%,704xx,LA,10+ years,0.0,0.0,1
25000.0,,ukblue1221,664.0,15.7%,405xx,KY,10+ years,0.0,15.7,1
8500.0,,matt3274,542.0,2.15%,704xx,LA,10+ years,0.0,2.15,1
5000.0,,coolman,451.0,17.45%,802xx,CO,10+ years,0.0,17.45,1
5000.0,,todd1227,556.0,11.75%,704xx,LA,10+ years,0.0,11.75,1
6000.0,,casey,637.0,19.09%,601xx,IN,< 1 year,0.0,19.09,1
2000.0,,cory-mia,478.0,0%,633xx,MO,< 1 year,0.0,0.0,1
1500.0,,mcdanielmarkalan,461.0,10.01%,479xx,IN,1 year,0.0,10.01,1
1500.0,,rossgerdes,597.0,11.49%,549xx,WI,< 1 year,0.0,11.49,1
3000.0,,cinnamon,572.0,13.44%,212xx,MD,3 years,0.0,13.44,1
3900.0,,etn3000,655.0,3.23%,554xx,MN,< 1 year,0.0,3.23,1
2000.0,,andreanoel,630.0,18.96%,347xx,FL,3 years,0.0,18.96,1
2500.0,,Tuition Payment,657.0,4%,301xx,LA,< 1 year,0.0,4.0,1
3000.0,,jandretta,626.0,23.98%,328xx,FL,1 year,0.0,23.98,1
20000.0,,Alanj878,0.0,0%,330xx,FL,3 years,0.0,0.0,1
10000.0,,huskerdenton,502.0,14.92%,782xx,TX,9 years,0.0,14.92,1
12500.0,,smchristenson,660.0,16.49%,778xx,TX,10+ years,0.0,16.49,1
6000.0,,pay off auto loan,683.0,29.44%,300xx,GA,1 year,0.0,29.44,1
1000.0,,lisapooh77,636.0,47.63%,306xx,GA,4 years,0.0,47.63,1
5000.0,,har2865,486.0,2%,303xx,GA,1 year,0.0,2.0,1
20000.0,,aeya,619.0,5.19%,895xx,NV,2 years,0.0,5.19,1
500.0,,asvsteve1,490.0,2.72%,641xx,MO,4 years,0.0,2.72,1
6800.0,,thermographer,648.0,23.98%,112xx,NY,2 years,0.0,23.98,1
3000.0,,1953penni,442.0,7.65%,475xx,IN,3 years,0.0,7.65,1
5000.0,,kidwithadream86,482.0,13.11%,853xx,AZ,< 1 year,0.0,13.11,1
2000.0,,buzzard,536.0,33.03%,448xx,OH,6 years,0.0,33.03,1
1200.0,,anarchicluv,604.0,0%,841xx,UT,6 years,0.0,0.0,1
3000.0,,jhonatan2004,528.0,24.68%,070xx,NJ,1 year,0.0,24.68,1
1300.0,,Family Man,513.0,34.71%,549xx,WI,10+ years,0.0,34.71,1
25000.0,,"Jeep loan- $11,000 Two Credit Cards- $2,000 Student Loan- $7,000 Personal Loan- $5,000 ",496.0,46.85%,035xx,NH,< 1 year,0.0,46.85,1
10000.0,,jsamie1377,528.0,2.4%,070xx,NJ,1 year,0.0,2.4,1
1500.0,,Lonestar 3233,670.0,1.34%,080xx,NJ,< 1 year,0.0,1.34,1
4000.0,,tall1,414.0,0%,376xx,TN,10+ years,0.0,0.0,1
1000.0,,saleem,648.0,60.08%,300xx,GA,6 years,0.0,60.08,1
10000.0,,rlb,706.0,44.47%,799xx,TX,3 years,0.0,44.47,1
6000.0,,dogma637,619.0,8.08%,342xx,FL,5 years,0.0,8.08,1
10000.0,,lefty,0.0,0.75%,631xx,MO,< 1 year,0.0,0.75,1
12000.0,,need help1,512.0,0%,070xx,NJ,10+ years,0.0,0.0,1
5000.0,,lucianidj,481.0,27.6%,809xx,CO,7 years,0.0,27.6,1
5000.0,,cpell,653.0,32.07%,019xx,MA,< 1 year,0.0,32.07,1
1100.0,,Taking the CFA Level 1 Exam,589.0,26.3%,141xx,NY,1 year,0.0,26.3,1
2000.0,,Ms. She,496.0,0%,295xx,SC,1 year,0.0,0.0,1
5000.0,,Hersheequeen,521.0,0.44%,100xx,NY,2 years,0.0,0.44,1
2000.0,,Bratt29,517.0,19.65%,130xx,NY,1 year,0.0,19.65,1
7500.0,,ronbarajas,570.0,39.66%,908xx,CA,10+ years,0.0,39.66,1
9000.0,,vimpire,503.0,60.36%,462xx,IN,3 years,0.0,60.36,1
5000.0,,rufusjbw,655.0,37.36%,660xx,KS,3 years,0.0,37.36,1
22000.0,,jackson22,660.0,30.3%,735xx,OK,4 years,0.0,30.3,1
4500.0,,TROMEL,605.0,9.71%,778xx,TX,10+ years,0.0,9.71,1
3500.0,,tpf626,622.0,0.43%,349xx,FL,5 years,0.0,0.43,1
5000.0,,koneal,563.0,4.83%,154xx,WV,10+ years,0.0,4.83,1
5500.0,,TxFamilyMan,530.0,13.01%,750xx,TX,1 year,0.0,13.01,1
5000.0,,serhammie,559.0,4.62%,080xx,NJ,3 years,0.0,4.62,1
4000.0,,snicer,458.0,27.63%,136xx,NY,5 years,0.0,27.63,1
25000.0,,Bucknor,685.0,42.73%,300xx,GA,10+ years,0.0,42.73,1
25000.0,,SFA Financial Group,701.0,16.5%,774xx,TX,< 1 year,0.0,16.5,1
22000.0,,Adolfo Kunz,650.0,11.79%,750xx,TX,3 years,0.0,11.79,1
6000.0,,webRat,695.0,24.34%,152xx,PA,5 years,0.0,24.34,1
5000.0,,JSKERN01,643.0,31.37%,277xx,NC,3 years,0.0,31.37,1
3900.0,,market2u,660.0,53.84%,473xx,IN,9 years,0.0,53.84,1
5500.0,,terrellz,483.0,14.08%,303xx,GA,7 years,0.0,14.08,1
13000.0,,wildchildjen,535.0,25.47%,532xx,WI,5 years,0.0,25.47,1
5000.0,,Rhett78,597.0,19.34%,337xx,FL,7 years,0.0,19.34,1
2000.0,,erynjii,585.0,22.46%,105xx,NY,< 1 year,0.0,22.46,1
8000.0,,dso61,644.0,53.56%,684xx,NE,< 1 year,0.0,53.56,1
3000.0,,robd1178,542.0,21.33%,532xx,WI,< 1 year,0.0,21.33,1
7700.0,,moneyjoy,594.0,37.05%,980xx,WA,< 1 year,0.0,37.05,1
10000.0,,ansari119,493.0,16.54%,752xx,TX,< 1 year,0.0,16.54,1
3500.0,,big daddy,489.0,25.71%,388xx,MS,10+ years,0.0,25.71,1
2500.0,,mel22,442.0,0.15%,302xx,GA,2 years,0.0,0.15,1
11350.0,,precious98466,664.0,22.36%,984xx,WA,2 years,0.0,22.36,1
5000.0,,mm5yn,676.0,13.12%,302xx,GA,< 1 year,0.0,13.12,1
10000.0,,MONEYMAID,465.0,12.84%,302xx,GA,< 1 year,0.0,12.84,1
3000.0,,OPFLEETSIDE,481.0,21.92%,302xx,GA,5 years,0.0,21.92,1
5000.0,,DR 124,479.0,51.85%,302xx,GA,10+ years,0.0,51.85,1
1500.0,,Cheryl B Dugars,535.0,123.33%,302xx,GA,< 1 year,0.0,123.33,1
15000.0,,walt12865,615.0,30.45%,128xx,NY,4 years,0.0,30.45,1
25000.0,,dougwood,690.0,39.46%,883xx,NM,2 years,0.0,39.46,1
2000.0,,jrod7299,602.0,3.24%,657xx,MO,3 years,0.0,3.24,1
5000.0,,KIttie,508.0,0%,750xx,TX,< 1 year,0.0,0.0,1
7500.0,,NITA927,593.0,24.95%,641xx,MO,4 years,0.0,24.95,1
3000.0,,dsantos,551.0,17.94%,110xx,NY,8 years,0.0,17.94,1
5000.0,,amylou,404.0,0.87%,598xx,MT,5 years,0.0,0.87,1
10000.0,,Family,685.0,0%,463xx,IN,4 years,0.0,0.0,1
20000.0,,hYDSYS,672.0,14.46%,871xx,NM,10+ years,0.0,14.46,1
2200.0,,WaywardJeepGuy,624.0,10.03%,460xx,IN,1 year,0.0,10.03,1
5000.0,,U Can Lift My Burdens.,613.0,15.85%,968xx,HI,3 years,0.0,15.85,1
10000.0,,ndrizzo22,630.0,6.73%,070xx,NJ,10+ years,0.0,6.73,1
2500.0,,KiKi,624.0,58.73%,336xx,FL,5 years,0.0,58.73,1
1800.0,,colorckymntns,0.0,0%,800xx,CO,< 1 year,0.0,0.0,1
10000.0,,oms1969,671.0,35.31%,301xx,GA,1 year,0.0,35.31,1
1000.0,,valco247,380.0,13.2%,713xx,LA,< 1 year,0.0,13.2,1
5000.0,,chaser,435.0,19.15%,363xx,AL,6 years,0.0,19.15,1
15000.0,,bksincorp,422.0,6.41%,080xx,NJ,7 years,0.0,6.41,1
2625.0,,LOSTVALLEY5537,547.0,24.25%,633xx,MO,< 1 year,0.0,24.25,1
5000.0,,coppenhagen,465.0,4.98%,322xx,FL,< 1 year,0.0,4.98,1
500.0,,jahmaine05,574.0,27.83%,841xx,UT,1 year,0.0,27.83,1
8000.0,,gicky,563.0,37.49%,832xx,UT,10+ years,0.0,37.49,1
10000.0,,roadrunnerfastcash,725.0,8.21%,293xx,SC,4 years,0.0,8.21,1
750.0,,cost24,550.0,8.66%,109xx,NY,10+ years,0.0,8.66,1
25000.0,,dmark1rm,644.0,29.04%,554xx,MN,4 years,0.0,29.04,1
1500.0,,FLEM3565,586.0,3.35%,354xx,AL,3 years,0.0,3.35,1
4000.0,,srbeeklll,0.0,1.04%,410xx,KY,2 years,0.0,1.04,1
10000.0,,etf,614.0,9.83%,271xx,NC,< 1 year,0.0,9.83,1
10000.0,,Torance,681.0,16.6%,672xx,KS,1 year,0.0,16.6,1
25000.0,,rls,675.0,20.44%,750xx,TX,4 years,0.0,20.44,1
10000.0,,TamIAM,488.0,19.97%,441xx,OH,< 1 year,0.0,19.97,1
3500.0,,Jessica,503.0,1.33%,461xx,IN,2 years,0.0,1.33,1
20000.0,,Chimdoo,530.0,8.88%,300xx,GA,1 year,0.0,8.88,1
5000.0,,faithfully1,437.0,0.89%,087xx,NJ,5 years,0.0,0.89,1
6000.0,,Dinie5,597.0,30.16%,661xx,KS,10+ years,0.0,30.16,1
12000.0,,historyteacher,586.0,10.96%,850xx,AZ,2 years,0.0,10.96,1
4500.0,,morrison8384,553.0,10.72%,275xx,NC,3 years,0.0,10.72,1
15000.0,,jack10303,643.0,6.48%,103xx,NY,< 1 year,0.0,6.48,1
7000.0,,coach b,490.0,14.4%,081xx,NJ,2 years,0.0,14.4,1
7000.0,,patti,559.0,21.93%,531xx,WI,2 years,0.0,21.93,1
1000.0,,phatbaby26,564.0,4.05%,303xx,GA,1 year,0.0,4.05,1
7000.0,,mother40,458.0,1.95%,081xx,NJ,10+ years,0.0,1.95,1
1000.0,,trtaylor,566.0,1.02%,640xx,MO,1 year,0.0,1.02,1
2000.0,,babygirl2007,491.0,67.76%,334xx,FL,1 year,0.0,67.76,1
12000.0,,inijoe,578.0,2.24%,331xx,FL,10+ years,0.0,2.24,1
2000.0,,gamommie,514.0,0%,305xx,GA,2 years,0.0,0.0,1
1000.0,,mtr56,528.0,0%,211xx,MD,2 years,0.0,0.0,1
2000.0,,stephen.bazemore,457.0,1.96%,280xx,NC,2 years,0.0,1.96,1
25000.0,,cvillar,495.0,19.54%,662xx,KS,10+ years,0.0,19.54,1
10000.0,,bear,504.0,2.36%,337xx,FL,< 1 year,0.0,2.36,1
5000.0,,smjerd,508.0,5.35%,549xx,WI,7 years,0.0,5.35,1
5000.0,,jathiel,549.0,9.54%,934xx,CO,10+ years,0.0,9.54,1
15000.0,,consolidating debt,764.0,14.8%,541xx,WI,< 1 year,0.0,14.8,1
2500.0,,happy,601.0,29.89%,680xx,NE,< 1 year,0.0,29.89,1
25000.0,,kemp35,0.0,0%,330xx,FL,3 years,0.0,0.0,1
2000.0,,horse,572.0,12.13%,807xx,CO,3 years,0.0,12.13,1
2000.0,,Consolidation,536.0,18.99%,335xx,FL,< 1 year,0.0,18.99,1
800.0,,jensue73,399.0,19.3%,616xx,IL,4 years,0.0,19.3,1
2000.0,,taz1262,,1.58%,049xx,ME,6 years,0.0,1.58,1
20000.0,,richandlinda,518.0,20.67%,824xx,WY,2 years,0.0,20.67,1
2000.0,,tim82ndairborne,537.0,0%,274xx,NC,1 year,0.0,0.0,1
13800.0,,lauren00914,616.0,20.3%,302xx,GA,2 years,0.0,20.3,1
5000.0,,TeacherMom913,566.0,18.05%,010xx,MA,< 1 year,0.0,18.05,1
3000.0,,CAR3,558.0,3.76%,645xx,MO,< 1 year,0.0,3.76,1
5400.0,,Replacing a well used car,724.0,5.57%,277xx,NC,1 year,0.0,5.57,1
5000.0,,stephanie.cookie,458.0,6.66%,657xx,MO,< 1 year,0.0,6.66,1
2500.0,,FlorEl,543.0,40.72%,853xx,AZ,< 1 year,0.0,40.72,1
4000.0,,twebb51,724.0,34.77%,282xx,NC,10+ years,0.0,34.77,1
5000.0,,heart attack aftermath,474.0,32.62%,370xx,TN,10+ years,0.0,32.62,1
2500.0,,niceguy,599.0,4.33%,363xx,AL,2 years,0.0,4.33,1
25000.0,,Education Loan,519.0,0.6%,104xx,NY,3 years,0.0,0.6,1
7200.0,,Paying for education,678.0,8.17%,983xx,WA,1 year,0.0,8.17,1
2500.0,,1dfjohnson,481.0,0%,462xx,IN,1 year,0.0,0.0,1
15000.0,,jla5011,548.0,27.72%,211xx,MD,3 years,0.0,27.72,1
10000.0,,Zyer97,473.0,5.76%,302xx,GA,2 years,0.0,5.76,1
5000.0,,MARKIE MARK,497.0,18.15%,321xx,FL,3 years,0.0,18.15,1
3000.0,,amanda28,451.0,43.34%,346xx,FL,< 1 year,0.0,43.34,1
3000.0,,jm171,546.0,25.77%,346xx,FL,3 years,0.0,25.77,1
700.0,,mz. downing,0.0,0%,119xx,NY,1 year,0.0,0.0,1
25000.0,,quent305,595.0,12.49%,301xx,GA,< 1 year,0.0,12.49,1
3000.0,,justme77,484.0,32.43%,462xx,IN,2 years,0.0,32.43,1
7500.0,,Small Business Loan,418.0,0.8%,237xx,VA,< 1 year,0.0,0.8,1
20000.0,,putty,624.0,32.63%,300xx,GA,6 years,0.0,32.63,1
20000.0,,apmsamv,649.0,10.13%,864xx,AZ,7 years,0.0,10.13,1
7500.0,,GMMM,602.0,20.73%,647xx,MO,6 years,0.0,20.73,1
7500.0,,MJM,615.0,37.22%,640xx,MO,6 years,0.0,37.22,1
25000.0,,goneinc,488.0,0.6%,021xx,MA,10+ years,0.0,0.6,1
10000.0,,Baserat,468.0,5.88%,462xx,IN,10+ years,0.0,5.88,1
1000.0,,mama2kyrra,566.0,24.74%,401xx,KY,3 years,0.0,24.74,1
1000.0,,kyrrasmama,0.0,2.8%,401xx,KY,< 1 year,0.0,2.8,1
7500.0,,scotish,438.0,18.14%,656xx,MO,10+ years,0.0,18.14,1
6000.0,,Unitas27,444.0,13.85%,129xx,NY,7 years,0.0,13.85,1
2500.0,,tiff,436.0,24.96%,464xx,IN,7 years,0.0,24.96,1
3000.0,,lazlog1,478.0,2.28%,815xx,CO,8 years,0.0,2.28,1
8100.0,,glazdham,534.0,21.15%,385xx,TN,< 1 year,0.0,21.15,1
1000.0,,Need money for college,609.0,2.27%,070xx,NJ,1 year,0.0,2.27,1
12000.0,,pat46750,395.0,0%,467xx,IN,2 years,0.0,0.0,1
10000.0,,Al and Lori,502.0,0%,535xx,WI,10+ years,0.0,0.0,1
500.0,,MHARRIS,495.0,0%,720xx,AR,4 years,0.0,0.0,1
3000.0,,cmcconkie,659.0,5.42%,229xx,VA,2 years,0.0,5.42,1
2000.0,,kjenbob,0.0,11.49%,086xx,NJ,1 year,0.0,11.49,1
7500.0,,sidney,661.0,0.3%,656xx,MO,10+ years,0.0,0.3,1
5000.0,,clarence_allen,0.0,0.8%,303xx,GA,2 years,0.0,0.8,1
3000.0,,drennt2004,604.0,16.76%,704xx,LA,< 1 year,0.0,16.76,1
10000.0,,lucia,545.0,21.12%,067xx,CT,1 year,0.0,21.12,1
5000.0,,cpkaiser,646.0,21.08%,630xx,MO,< 1 year,0.0,21.08,1
6000.0,,jverline,568.0,0%,207xx,MD,< 1 year,0.0,0.0,1
7425.0,,Divorce...I Will Make it On my Own.,660.0,28.62%,650xx,MO,1 year,0.0,28.62,1
22350.0,,"We all need help somtimes, I need yours ",674.0,15.07%,070xx,NJ,2 years,0.0,15.07,1
2000.0,,lb8946,494.0,51.96%,344xx,FL,< 1 year,0.0,51.96,1
5000.0,,immart73,506.0,3%,240xx,VA,4 years,0.0,3.0,1
10000.0,,littlebit0118,561.0,22.33%,275xx,NC,10+ years,0.0,22.33,1
8500.0,,moorekim321,650.0,0%,082xx,NJ,6 years,0.0,0.0,1
3000.0,,nymomof3,477.0,0%,137xx,NY,< 1 year,0.0,0.0,1
2500.0,,chanjen77,575.0,26.64%,631xx,MO,10+ years,0.0,26.64,1
15000.0,,Katlyn,614.0,13.88%,530xx,WI,< 1 year,0.0,13.88,1
1500.0,,Ebonism1984,481.0,5.76%,630xx,MO,2 years,0.0,5.76,1
2500.0,,Missnel,505.0,48.5%,136xx,NY,7 years,0.0,48.5,1
7500.0,,gm46368,501.0,12.56%,463xx,IN,10+ years,0.0,12.56,1
10000.0,,mikemike,501.0,33.2%,327xx,FL,< 1 year,0.0,33.2,1
2500.0,,Fatheruv5,588.0,6.97%,362xx,AL,4 years,0.0,6.97,1
9000.0,,CH Construction Services,794.0,0%,551xx,MN,4 years,0.0,0.0,1
2000.0,,evasquez15,576.0,21.06%,871xx,NM,1 year,0.0,21.06,1
3000.0,,AmberMTrahan,511.0,12.84%,705xx,LA,1 year,0.0,12.84,1
3000.0,,reggie1400,529.0,45.09%,631xx,MO,< 1 year,0.0,45.09,1
6000.0,,iwmlisw,0.0,0%,782xx,TX,< 1 year,0.0,0.0,1
25000.0,,Mans_Best_Friend,742.0,177.93%,801xx,CO,1 year,0.0,177.93,1
25000.0,,getmethemoney,602.0,3.69%,220xx,VA,2 years,0.0,3.69,1
5500.0,,Darltk42,568.0,34.9%,480xx,MI,7 years,0.0,34.9,1
6500.0,,firemenbenny,571.0,5.84%,346xx,FL,8 years,0.0,5.84,1
5500.0,,jherron,621.0,33.2%,368xx,AL,1 year,0.0,33.2,1
10000.0,,jsb219,648.0,7.3%,200xx,DC,5 years,0.0,7.3,1
25000.0,,lykins,576.0,18.05%,325xx,FL,1 year,0.0,18.05,1
2000.0,,orlando,550.0,21.74%,330xx,FL,10+ years,0.0,21.74,1
7000.0,,zdcloser6,458.0,17.29%,454xx,OH,< 1 year,0.0,17.29,1
5500.0,,lilys98stang,642.0,0%,411xx,KY,6 years,0.0,0.0,1
10000.0,,tbriglin,452.0,0%,148xx,NY,1 year,0.0,0.0,1
500.0,,davechef,445.0,4.31%,344xx,FL,1 year,0.0,4.31,1
6000.0,,Abcdpaz,0.0,0%,027xx,MA,< 1 year,0.0,0.0,1
8000.0,,erwi n,659.0,15.82%,117xx,NY,4 years,0.0,15.82,1
5000.0,,msweet,522.0,0.92%,462xx,IN,6 years,0.0,0.92,1
25000.0,,mjmlcc,717.0,20.77%,750xx,TX,6 years,0.0,20.77,1
25000.0,,kimsmom1,691.0,34.88%,282xx,NC,10+ years,0.0,34.88,1
3000.0,,zodiac,640.0,4.59%,802xx,CO,< 1 year,0.0,4.59,1
2000.0,,skauhane,509.0,8%,967xx,HI,< 1 year,0.0,8.0,1
2000.0,,emarange,592.0,2.33%,330xx,FL,1 year,0.0,2.33,1
4000.0,,kwikieLoan,592.0,21.72%,236xx,VA,9 years,0.0,21.72,1
25000.0,,AYAN NA,530.0,9.04%,104xx,NY,10+ years,0.0,9.04,1
4000.0,,amyyo9,424.0,12.92%,234xx,VA,2 years,0.0,12.92,1
25000.0,,investRE,639.0,27%,787xx,TX,< 1 year,0.0,27.0,1
6000.0,,bstn_guy,619.0,16.01%,024xx,MA,< 1 year,0.0,16.01,1
5000.0,,mreyesm,427.0,14.02%,880xx,NM,2 years,0.0,14.02,1
1200.0,,petewithadream,536.0,4.96%,954xx,CA,1 year,0.0,4.96,1
8000.0,,bigpop,535.0,20.66%,956xx,CO,8 years,0.0,20.66,1
25000.0,,DOS ARBOLITOS,651.0,25.32%,339xx,FL,10+ years,0.0,25.32,1
8000.0,,sinsha02,493.0,29.28%,853xx,AZ,< 1 year,0.0,29.28,1
2500.0,,lynsey73,550.0,18.81%,755xx,TX,3 years,0.0,18.81,1
3500.0,,margaritabuzz,551.0,3.42%,671xx,KS,10+ years,0.0,3.42,1
2500.0,,bruss73,586.0,9.7%,755xx,TX,6 years,0.0,9.7,1
5000.0,,cjmoran271,494.0,0%,310xx,GA,4 years,0.0,0.0,1
25000.0,,tonyd17,696.0,1.6%,065xx,CT,2 years,0.0,1.6,1
3500.0,,Ms Liz,563.0,0.67%,347xx,FL,1 year,0.0,0.67,1
25000.0,,Holistic,667.0,46%,801xx,CO,1 year,0.0,46.0,1
10000.0,,benjamin.black3,476.0,11.14%,300xx,GA,< 1 year,0.0,11.14,1
15000.0,,Sharon1968,677.0,52%,347xx,FL,< 1 year,0.0,52.0,1
2500.0,,Refinance Cashcall Loan,615.0,13.14%,207xx,MD,1 year,0.0,13.14,1
1500.0,,MLaPere,521.0,33.36%,327xx,FL,< 1 year,0.0,33.36,1
15000.0,,vulcanrider105,516.0,13.2%,701xx,LA,2 years,0.0,13.2,1
1000.0,,ronnie stewart,528.0,0.66%,380xx,TN,7 years,0.0,0.66,1
2500.0,,squintana842001,493.0,0%,328xx,FL,1 year,0.0,0.0,1
1500.0,,THAIFRY02,613.0,26.7%,335xx,FL,< 1 year,0.0,26.7,1
500.0,,copelandtaxi,0.0,0%,346xx,FL,< 1 year,0.0,0.0,1
2000.0,,abebe82,459.0,26.94%,381xx,TN,< 1 year,0.0,26.94,1
10000.0,,mrbill301970,490.0,7.2%,730xx,OK,10+ years,0.0,7.2,1
20000.0,,zmastertech,471.0,19.35%,044xx,ME,2 years,0.0,19.35,1
5000.0,,alimck,541.0,23.27%,020xx,MA,1 year,0.0,23.27,1
5000.0,,AsianTazia,581.0,3.82%,300xx,GA,1 year,0.0,3.82,1
10000.0,,gfransen101,523.0,1.66%,841xx,UT,7 years,0.0,1.66,1
2500.0,,sfmart02,637.0,18.35%,402xx,KY,< 1 year,0.0,18.35,1
1500.0,,biggene,0.0,1.38%,336xx,FL,5 years,0.0,1.38,1
10000.0,,sk4664,582.0,17.44%,064xx,CO,2 years,0.0,17.44,1
6000.0,,salespro,574.0,5.28%,260xx,WV,< 1 year,0.0,5.28,1
3575.0,,payoff high interest credit card,769.0,6.17%,430xx,OH,4 years,0.0,6.17,1
6000.0,,James Lee,574.0,13.18%,209xx,MD,< 1 year,0.0,13.18,1
5000.0,,marybelll,526.0,18.48%,333xx,FL,1 year,0.0,18.48,1
25000.0,,soup239,476.0,0%,352xx,AL,1 year,0.0,0.0,1
10000.0,,Drive-thru espresso business start-up,618.0,11.85%,980xx,WA,1 year,0.0,11.85,1
1500.0,,copernicus,562.0,0%,184xx,OH,4 years,0.0,0.0,1
6000.0,,Todd0628,460.0,15.09%,104xx,NY,10+ years,0.0,15.09,1
4000.0,,myron09,518.0,9.94%,112xx,NY,< 1 year,0.0,9.94,1
6000.0,,lopezdozer,427.0,10.04%,704xx,LA,1 year,0.0,10.04,1
5000.0,,erikamom,614.0,2.24%,124xx,NY,< 1 year,0.0,2.24,1
1700.0,,bookwormaddict,697.0,30.94%,852xx,AZ,< 1 year,0.0,30.94,1
5000.0,,k29rich,572.0,18.8%,476xx,IN,1 year,0.0,18.8,1
3200.0,,Stevefriend,532.0,6.72%,917xx,CO,9 years,0.0,6.72,1
7000.0,,Jeffy,604.0,44.26%,112xx,NY,10+ years,0.0,44.26,1
8000.0,,richf62,495.0,4.29%,782xx,TX,1 year,0.0,4.29,1
6500.0,,scienceboy76,611.0,13.94%,021xx,MA,1 year,0.0,13.94,1
2500.0,,RyanW,628.0,36.52%,985xx,WA,5 years,0.0,36.52,1
2000.0,,Purchase a New Home,587.0,36.8%,443xx,OH,3 years,0.0,36.8,1
18000.0,,Simerman.Chris,617.0,11.2%,461xx,IN,2 years,0.0,11.2,1
2000.0,,Lisab131,616.0,6.92%,068xx,CT,1 year,0.0,6.92,1
35000.0,,evildragons,571.0,61.06%,783xx,TX,4 years,0.0,61.06,1
15000.0,,agumosh85,617.0,4.8%,785xx,TX,2 years,0.0,4.8,1
21000.0,,family matters,688.0,0.51%,021xx,MA,< 1 year,0.0,0.51,1
25000.0,,salongirl,433.0,0.68%,344xx,FL,< 1 year,0.0,0.68,1
15000.0,,TheNewRich,662.0,21.04%,212xx,MD,< 1 year,0.0,21.04,1
500.0,,katpiaz9,518.0,0%,020xx,MA,< 1 year,0.0,0.0,1
15000.0,,brandysutherland,638.0,47.5%,773xx,TX,1 year,0.0,47.5,1
5000.0,,mmocandy,476.0,210.59%,908xx,CA,3 years,0.0,210.59,1
15000.0,,darryllotten,574.0,18.68%,773xx,TX,1 year,0.0,18.68,1
2500.0,,Need money for a Car,536.0,9.6%,210xx,MD,< 1 year,0.0,9.6,1
1000.0,,ericalpha1,427.0,5.28%,604xx,IN,< 1 year,0.0,5.28,1
7000.0,,VANSICKLE11,438.0,8.67%,750xx,TX,< 1 year,0.0,8.67,1
2000.0,,Cavi81,602.0,16.17%,282xx,NC,2 years,0.0,16.17,1
7500.0,,KingTut,616.0,7.33%,302xx,GA,1 year,0.0,7.33,1
3500.0,,GeorgiaPeach,619.0,39.8%,300xx,GA,< 1 year,0.0,39.8,1
3800.0,,MyLoan,0.0,1.82%,024xx,MA,< 1 year,0.0,1.82,1
6000.0,,Chrisi,652.0,23.07%,079xx,NJ,< 1 year,0.0,23.07,1
24000.0,,Redo Kitchen In My Home...,670.0,18.3%,331xx,FL,7 years,0.0,18.3,1
30000.0,,debt_consolidation,,100%,902xx,FL,10+ years,0.0,100.0,1
1200.0,,peedittle,654.0,18.87%,453xx,OH,7 years,0.0,18.87,1
6000.0,,misskitty1205,454.0,0%,147xx,NY,7 years,0.0,0.0,1
11000.0,,baldwism,528.0,24.64%,080xx,NJ,2 years,0.0,24.64,1
7000.0,,FRISKY10,0.0,1.26%,328xx,FL,< 1 year,0.0,1.26,1
30000.0,,debt_consolidation,,100%,902xx,FL,10+ years,0.0,100.0,1
3000.0,,alphaberns,469.0,32.36%,346xx,FL,3 years,0.0,32.36,1
12000.0,,ReliableGirl,656.0,42.79%,088xx,NJ,1 year,0.0,42.79,1
25000.0,,HelpMePlease,601.0,0.81%,088xx,NJ,< 1 year,0.0,0.81,1
10000.0,,2700green,602.0,25.18%,952xx,CA,10+ years,0.0,25.18,1
1500.0,,segibson,519.0,0%,307xx,GA,1 year,0.0,0.0,1
15000.0,,sherry69,467.0,3.8%,327xx,FL,< 1 year,0.0,3.8,1
8000.0,,gigibs07,521.0,52.9%,338xx,FL,< 1 year,0.0,52.9,1
6000.0,,jaanu,614.0,11.76%,330xx,FL,1 year,0.0,11.76,1
10000.0,,dalbro87,556.0,41.34%,292xx,SC,10+ years,0.0,41.34,1
10000.0,,taterbug,564.0,6.1%,300xx,GA,3 years,0.0,6.1,1
2000.0,,lizard,606.0,29.45%,470xx,IN,10+ years,0.0,29.45,1
3000.0,,Bmon63,566.0,31.83%,347xx,FL,4 years,0.0,31.83,1
3000.0,,brianflax,601.0,15.55%,217xx,MD,< 1 year,0.0,15.55,1
4000.0,,ualcrew57,476.0,6.37%,024xx,MA,2 years,0.0,6.37,1
25000.0,,ACAPPUCCIO,684.0,7.34%,676xx,KS,1 year,0.0,7.34,1
500.0,,shawna,411.0,16.72%,320xx,FL,4 years,0.0,16.72,1
10000.0,,jrholland24,529.0,14.95%,026xx,MA,1 year,0.0,14.95,1
25000.0,,bhagya,638.0,14.29%,330xx,FL,2 years,0.0,14.29,1
500.0,,ItsHim,608.0,16.99%,765xx,FL,1 year,0.0,16.99,1
4000.0,,shawn31789,0.0,0%,110xx,NY,2 years,0.0,0.0,1
4000.0,,shasha,571.0,6.86%,352xx,AL,1 year,0.0,6.86,1
800.0,,dacapo,0.0,36.92%,027xx,MA,1 year,0.0,36.92,1
500.0,,zanebroley,588.0,0%,708xx,LA,3 years,0.0,0.0,1
25000.0,,kourtnie,597.0,0%,305xx,GA,< 1 year,0.0,0.0,1
10000.0,,rusty45,616.0,6%,657xx,MO,1 year,0.0,6.0,1
5000.0,,ms321,638.0,2.93%,900xx,CA,6 years,0.0,2.93,1
600.0,,nelexus75,511.0,24.19%,027xx,MA,1 year,0.0,24.19,1
15000.0,,KPMartin,661.0,36.75%,640xx,MO,10+ years,0.0,36.75,1
5000.0,,kellyewalker23,652.0,22.31%,328xx,FL,< 1 year,0.0,22.31,1
25000.0,,thomas gatehouse,497.0,45%,830xx,WY,< 1 year,0.0,45.0,1
10000.0,,rihadad2,490.0,7.06%,730xx,OK,10+ years,0.0,7.06,1
2500.0,,mrluvdoc,459.0,10.12%,349xx,FL,3 years,0.0,10.12,1
12000.0,,sherri,538.0,62.82%,640xx,MO,5 years,0.0,62.82,1
5000.0,,mitch56,571.0,13.21%,850xx,AZ,1 year,0.0,13.21,1
5000.0,,sheldon1942,606.0,3.43%,112xx,NY,10+ years,0.0,3.43,1
4000.0,,louism,530.0,18.27%,662xx,KS,3 years,0.0,18.27,1
2000.0,,stylesjose72,450.0,0%,104xx,NY,6 years,0.0,0.0,1
10000.0,,gigglebug89,454.0,3.85%,471xx,IN,< 1 year,0.0,3.85,1
2000.0,,rucifi,495.0,9%,530xx,WI,10+ years,0.0,9.0,1
5000.0,,nicole73,600.0,5.95%,444xx,OH,2 years,0.0,5.95,1
10000.0,,mamapilla,427.0,3.08%,088xx,NJ,5 years,0.0,3.08,1
6000.0,,Elyse,651.0,23.51%,121xx,NY,< 1 year,0.0,23.51,1
25000.0,,javadeli,697.0,17.13%,271xx,NC,10+ years,0.0,17.13,1
9000.0,,CAubert20,626.0,8.51%,708xx,LA,1 year,0.0,8.51,1
1000.0,,aus409,0.0,24.8%,652xx,MO,2 years,0.0,24.8,1
18000.0,,ARK1,539.0,48.96%,365xx,AL,1 year,0.0,48.96,1
5000.0,,grocerymnky,464.0,11.32%,275xx,NC,< 1 year,0.0,11.32,1
10000.0,,grandpop2k8,0.0,0%,198xx,CT,4 years,0.0,0.0,1
600.0,,martinneke,514.0,0%,322xx,FL,< 1 year,0.0,0.0,1
25000.0,,patricia,684.0,81.42%,301xx,GA,4 years,0.0,81.42,1
6300.0,,Noles1980,631.0,21.92%,354xx,AL,3 years,0.0,21.92,1
25000.0,,Reputation1,691.0,17.43%,801xx,CO,10+ years,0.0,17.43,1
15000.0,,stephane,495.0,24.85%,800xx,CO,< 1 year,0.0,24.85,1
6000.0,,zooeth1,567.0,6.84%,335xx,FL,1 year,0.0,6.84,1
10000.0,,hekkuva,423.0,21.46%,336xx,FL,< 1 year,0.0,21.46,1
7000.0,,sleepinglion,575.0,23.53%,021xx,MA,2 years,0.0,23.53,1
5000.0,,other,628.0,17.81%,070xx,NJ,4 years,0.0,17.81,1
6000.0,,other,674.0,35.13%,080xx,NJ,8 years,0.0,35.13,1
20000.0,,debt_consolidation,710.0,36.92%,333xx,FL,8 years,0.0,36.92,1
10000.0,,debt_consolidation,631.0,63.88%,100xx,NY,10+ years,0.0,63.88,1
4000.0,,debt_consolidation,585.0,0%,713xx,LA,< 1 year,0.0,0.0,1
2000.0,,debt_consolidation,696.0,30.53%,027xx,MA,6 years,0.0,30.53,1
1500.0,,debt_consolidation,641.0,38.21%,633xx,MO,2 years,0.0,38.21,1
16000.0,,debt_consolidation,623.0,27.67%,631xx,MO,2 years,0.0,27.67,1
10000.0,,debt_consolidation,696.0,39.25%,547xx,WI,10+ years,0.0,39.25,1
20000.0,,major_purchase,687.0,153.7%,100xx,NY,10+ years,0.0,153.7,1
3000.0,,major_purchase,658.0,16.38%,631xx,MO,< 1 year,0.0,16.38,1
2000.0,,jeffreytucker79,687.0,0%,310xx,GA,< 1 year,0.0,0.0,1
20000.0,,major_purchase,,100%,114xx,NY,10+ years,0.0,100.0,1
8000.0,,debt_consolidation,692.0,34.55%,144xx,NY,6 years,0.0,34.55,1
16000.0,,other,663.0,28.11%,073xx,NJ,4 years,0.0,28.11,1
10000.0,,other,,100%,328xx,FL,6 years,0.0,100.0,1
10000.0,,debt_consolidation,659.0,36.02%,320xx,FL,< 1 year,0.0,36.02,1
1900.0,,other,640.0,2.8%,133xx,NY,8 years,0.0,2.8,1
13000.0,,debt_consolidation,,100%,283xx,NC,< 1 year,0.0,100.0,1
8000.0,,debt_consolidation,610.0,100%,331xx,FL,< 1 year,0.0,100.0,1
7500.0,,"I have increased the value of my home from $455,000 to an appraised value of $535,000 in 15 months through home improvement. I am looking for cash to continue my projects. This is not a flip, this is my home and I am constantly upgrading.",,15.07%,207xx,MD,10+ years,0.0,15.07,1
20000.0,,other,,100%,142xx,NY,4 years,0.0,100.0,1
5000.0,,home_improvement,648.0,100%,708xx,LA,< 1 year,0.0,100.0,1
20000.0,,debt_consolidation,633.0,22.48%,121xx,NY,4 years,0.0,22.48,1
20000.0,,I want to consolidate two loans with a high interest rate. @ 23.99%,650.0,22.1%,703xx,LA,1 year,0.0,22.1,1
16500.0,,debt_consolidation,765.0,41.19%,070xx,NJ,10+ years,0.0,41.19,1
15000.0,,debt_consolidation,676.0,18.14%,546xx,WI,10+ years,0.0,18.14,1
10000.0,,GTFCU,571.0,70.7%,778xx,TX,10+ years,0.0,70.7,1
20000.0,,debt_consolidation,658.0,14.12%,346xx,FL,4 years,0.0,14.12,1
15000.0,,liljudy0514,598.0,28.42%,331xx,FL,< 1 year,0.0,28.42,1
20000.0,,lh2443,535.0,17.04%,117xx,NY,5 years,0.0,17.04,1
20000.0,,debt_consolidation,638.0,123.23%,117xx,NY,10+ years,0.0,123.23,1
10000.0,,rolo,656.0,0.15%,112xx,NY,4 years,0.0,0.15,1
2000.0,,debt_consolidation,670.0,30.9%,461xx,IN,4 years,0.0,30.9,1
5000.0,,home_improvement,647.0,47.56%,208xx,MD,10+ years,0.0,47.56,1
800.0,,Ronnie,520.0,0%,109xx,NY,2 years,0.0,0.0,1
2500.0,,wynnl456,552.0,14.02%,274xx,NC,2 years,0.0,14.02,1
7000.0,,hondajen,536.0,11.4%,802xx,CO,10+ years,0.0,11.4,1
5000.0,,TJB1436,634.0,7.61%,349xx,FL,4 years,0.0,7.61,1
17000.0,,debt_consolidation,,100%,209xx,MD,10+ years,0.0,100.0,1
2000.0,,JBRADY12,433.0,1.36%,786xx,TX,9 years,0.0,1.36,1
5000.0,,jbr91275,635.0,0%,786xx,TX,< 1 year,0.0,0.0,1
10000.0,,debt_consolidation,718.0,100%,282xx,NC,< 1 year,0.0,100.0,1
9000.0,,home_improvement,637.0,14.39%,286xx,NC,2 years,0.0,14.39,1
8500.0,,debt_consolidation,680.0,18.6%,462xx,IN,2 years,0.0,18.6,1
6000.0,,sjsmom,496.0,5.6%,746xx,OK,1 year,0.0,5.6,1
2500.0,,kylonia,563.0,38.15%,975xx,OR,10+ years,0.0,38.15,1
1500.0,,Brian ,555.0,8.4%,977xx,OH,< 1 year,0.0,8.4,1
2500.0,,chris32224,485.0,33.8%,401xx,KY,5 years,0.0,33.8,1
10000.0,,justme,508.0,2.47%,370xx,TN,3 years,0.0,2.47,1
6000.0,,ZITZME,544.0,11.05%,335xx,FL,3 years,0.0,11.05,1
3000.0,,other,695.0,29.01%,038xx,NH,4 years,0.0,29.01,1
12000.0,,loreshd,644.0,1.06%,070xx,NJ,1 year,0.0,1.06,1
4000.0,,curtis24389,0.0,0%,045xx,ME,< 1 year,0.0,0.0,1
4000.0,,shawreb,447.0,15.6%,880xx,NM,1 year,0.0,15.6,1
25000.0,,JNBryant,555.0,0.5%,275xx,NC,10+ years,0.0,0.5,1
2500.0,,My Car broke down on me.,685.0,0.75%,327xx,FL,2 years,0.0,0.75,1
15000.0,,Dblhawk,645.0,58.8%,656xx,MO,2 years,0.0,58.8,1
10000.0,,les129,662.0,6.95%,826xx,WY,3 years,0.0,6.95,1
5000.0,,Start Up a Vehicle Broker Buissness,505.0,1.2%,300xx,GA,4 years,0.0,1.2,1
14000.0,,debt_consolidation,742.0,26.59%,547xx,WI,10+ years,0.0,26.59,1
10200.0,,army_mom25,604.0,21.59%,808xx,CO,6 years,0.0,21.59,1
2000.0,,ambrosia85,412.0,3.36%,212xx,MD,< 1 year,0.0,3.36,1
9000.0,,vrstu2,531.0,48.44%,434xx,OH,< 1 year,0.0,48.44,1
7000.0,,jmarshall,533.0,25%,232xx,VA,1 year,0.0,25.0,1
1500.0,,other,662.0,28.95%,276xx,NC,10+ years,0.0,28.95,1
7000.0,,debt_consolidation,,100%,103xx,NY,1 year,0.0,100.0,1
4000.0,,standridge,593.0,0.95%,381xx,TN,10+ years,0.0,0.95,1
500.0,,juaniseas,601.0,9.77%,461xx,IN,5 years,0.0,9.77,1
500.0,,jasonjar1981,449.0,1.38%,554xx,MN,1 year,0.0,1.38,1
25000.0,,ladycochran,465.0,21.64%,280xx,NC,10+ years,0.0,21.64,1
5000.0,,Undertattood,483.0,18.58%,440xx,OH,< 1 year,0.0,18.58,1
1500.0,,stormyate2,410.0,13.73%,549xx,WI,7 years,0.0,13.73,1
1500.0,,balandis,528.0,15.63%,735xx,OK,< 1 year,0.0,15.63,1
5000.0,,helpf,511.0,0%,100xx,NY,10+ years,0.0,0.0,1
7500.0,,tnwilliamsk,655.0,14.94%,019xx,MA,10+ years,0.0,14.94,1
3000.0,,lprivott,410.0,17.79%,234xx,VA,2 years,0.0,17.79,1
15000.0,,home_improvement,634.0,9.06%,303xx,GA,8 years,0.0,9.06,1
1000.0,,trich88,615.0,3.22%,303xx,GA,5 years,0.0,3.22,1
14500.0,,debt_consolidation,669.0,47.76%,335xx,FL,< 1 year,0.0,47.76,1
3000.0,,mcp113357,454.0,20.81%,787xx,TX,2 years,0.0,20.81,1
2500.0,,other,776.0,26.73%,301xx,GA,8 years,0.0,26.73,1
7000.0,,Ebsixten,433.0,4.71%,802xx,CO,< 1 year,0.0,4.71,1
500.0,,janene 55,506.0,3.1%,807xx,CO,6 years,0.0,3.1,1
1500.0,,jireland108,537.0,0%,100xx,NY,2 years,0.0,0.0,1
2000.0,,momma2kj,479.0,8.36%,195xx,OH,2 years,0.0,8.36,1
9000.0,,debt_consolidation,688.0,100%,209xx,MD,< 1 year,0.0,100.0,1
10000.0,,other,745.0,26.21%,334xx,FL,6 years,0.0,26.21,1
4000.0,,greyhorse,521.0,26.43%,786xx,TX,5 years,0.0,26.43,1
10000.0,,leander03,472.0,23.19%,981xx,WA,< 1 year,0.0,23.19,1
2000.0,,echo,527.0,13%,067xx,CT,< 1 year,0.0,13.0,1
10000.0,,smitty30,620.0,0%,070xx,NJ,10+ years,0.0,0.0,1
15000.0,,debt_consolidation,,100%,310xx,GA,1 year,0.0,100.0,1
15000.0,,superduper79,545.0,25.2%,201xx,VA,1 year,0.0,25.2,1
21000.0,,debt_consolidation,713.0,30.03%,322xx,FL,1 year,0.0,30.03,1
10000.0,,debt_consolidation,651.0,23.83%,681xx,NE,1 year,0.0,23.83,1
5000.0,,rndan,671.0,17.98%,067xx,CT,3 years,0.0,17.98,1
20000.0,,Jenna21,0.0,0%,983xx,WA,3 years,0.0,0.0,1
7800.0,,gamersadvantage,502.0,22.36%,853xx,AZ,5 years,0.0,22.36,1
2500.0,,countryboy37,486.0,2.4%,270xx,NC,10+ years,0.0,2.4,1
15000.0,,Anna,711.0,64.29%,232xx,VA,< 1 year,0.0,64.29,1
15000.0,,major_purchase,747.0,41.41%,320xx,FL,10+ years,0.0,41.41,1
25000.0,,asphaltjohn,576.0,17.87%,630xx,MO,5 years,0.0,17.87,1
3000.0,,kimmyeds,687.0,8.7%,074xx,NJ,1 year,0.0,8.7,1
5000.0,,TITONE,573.0,15.86%,631xx,MO,< 1 year,0.0,15.86,1
5000.0,,roxbrady,405.0,18.64%,329xx,FL,9 years,0.0,18.64,1
10000.0,,other,,100%,272xx,NC,10+ years,0.0,100.0,1
4500.0,,feedman,561.0,11.13%,687xx,NE,2 years,0.0,11.13,1
3000.0,,debt_consolidation,648.0,30.1%,212xx,MD,< 1 year,0.0,30.1,1
9900.0,,maldoman123,674.0,0.64%,077xx,NJ,2 years,0.0,0.64,1
3500.0,,friendly,634.0,20.27%,293xx,SC,3 years,0.0,20.27,1
16000.0,,home_improvement,715.0,60.46%,318xx,GA,4 years,0.0,60.46,1
15000.0,,other,641.0,47.12%,326xx,FL,8 years,0.0,47.12,1
12000.0,,wirtanenj,628.0,29.25%,088xx,NJ,1 year,0.0,29.25,1
16000.0,,jdewitt71,698.0,18.69%,461xx,IN,3 years,0.0,18.69,1
7000.0,,Kat1234,524.0,6.46%,104xx,NY,4 years,0.0,6.46,1
5000.0,,asslick123,422.0,0%,445xx,OH,2 years,0.0,0.0,1
5000.0,,other,,100%,660xx,KS,4 years,0.0,100.0,1
4500.0,,JennP581,424.0,13.3%,458xx,OH,1 year,0.0,13.3,1
5000.0,,JayP2,606.0,5.94%,444xx,OH,10+ years,0.0,5.94,1
1500.0,,debt_consolidation,,100%,301xx,GA,8 years,0.0,100.0,1
900.0,,italygrl1,528.0,0%,124xx,NY,< 1 year,0.0,0.0,1
1500.0,,William Vanhelsing,442.0,10.5%,234xx,VA,< 1 year,0.0,10.5,1
500.0,,jlyon148,464.0,5.75%,641xx,MO,2 years,0.0,5.75,1
17000.0,,major_purchase,726.0,0.3%,207xx,MD,4 years,0.0,0.3,1
7000.0,,I would just like to get a loan to pay off about three credit cards with a total balance of 7000.00.  I am currently working full time and going to school full time and feel that I am throwing money away at such a high rate.,675.0,45.6%,330xx,FL,1 year,0.0,45.6,1
6000.0,,slgibbs2003,590.0,27.78%,294xx,SC,3 years,0.0,27.78,1
22000.0,,jay4899,584.0,32.01%,630xx,MO,10+ years,0.0,32.01,1
6000.0,,willie1960,721.0,14.98%,559xx,MN,10+ years,0.0,14.98,1
18000.0,,debt_consolidation,,100%,465xx,IN,10+ years,0.0,100.0,1
5025.0,,lady Y,639.0,12.97%,021xx,MA,< 1 year,0.0,12.97,1
22000.0,,kelela,605.0,16.9%,655xx,MO,7 years,0.0,16.9,1
12000.0,,TJKMS,531.0,12.39%,217xx,MD,2 years,0.0,12.39,1
2000.0,,major_purchase,654.0,15%,080xx,NJ,10+ years,0.0,15.0,1
20000.0,,RBJackets,606.0,26.55%,303xx,GA,2 years,0.0,26.55,1
25000.0,,DJProudfoot09,487.0,42.13%,233xx,VA,< 1 year,0.0,42.13,1
4300.0,,major_purchase,670.0,90.63%,278xx,NC,2 years,0.0,90.63,1
15000.0,,Toni,506.0,0.4%,296xx,SC,10+ years,0.0,0.4,1
1000.0,,home_improvement,674.0,33.32%,117xx,NY,10+ years,0.0,33.32,1
16000.0,,debt_consolidation,640.0,57.06%,328xx,FL,< 1 year,0.0,57.06,1
4150.0,,ktorrey,530.0,20.13%,670xx,KS,10+ years,0.0,20.13,1
5000.0,,gymshoe,579.0,14.76%,606xx,IN,10+ years,0.0,14.76,1
1000.0,,scromwell,0.0,0%,112xx,NY,1 year,0.0,0.0,1
2000.0,,feb 11 2000,494.0,21.9%,334xx,FL,1 year,0.0,21.9,1
2000.0,,bewiebe,471.0,8.16%,481xx,ME,1 year,0.0,8.16,1
18000.0,,debt_consolidation,704.0,30.56%,665xx,KS,6 years,0.0,30.56,1
7500.0,,mamabear,486.0,36.05%,114xx,NY,7 years,0.0,36.05,1
5000.0,,blueeyes72,643.0,4.27%,317xx,GA,< 1 year,0.0,4.27,1
4000.0,,BABYBEAR,494.0,18.1%,114xx,NY,10+ years,0.0,18.1,1
6500.0,,other,654.0,45.25%,021xx,MA,10+ years,0.0,45.25,1
12000.0,,debt_consolidation,689.0,29.69%,100xx,NY,10+ years,0.0,29.69,1
10000.0,,agent,433.0,7.94%,473xx,IN,< 1 year,0.0,7.94,1
3000.0,,debt_consolidation,537.0,34.13%,324xx,FL,10+ years,0.0,34.13,1
5500.0,, pay off credit cards and taxes,687.0,8.72%,333xx,FL,3 years,0.0,8.72,1
20000.0,,other,689.0,44.23%,112xx,NY,1 year,0.0,44.23,1
2000.0,,sarahforever,455.0,8.96%,327xx,FL,1 year,0.0,8.96,1
12500.0,,swaguy1997,620.0,28.27%,666xx,KS,2 years,0.0,28.27,1
15000.0,,other,659.0,0%,637xx,MO,10+ years,0.0,0.0,1
20000.0,,djmgirl313,421.0,2.47%,333xx,FL,1 year,0.0,2.47,1
25000.0,,porchlady,436.0,0.9%,473xx,IN,< 1 year,0.0,0.9,1
2000.0,,momsgirl,415.0,2.16%,631xx,MO,2 years,0.0,2.16,1
6000.0,,other,,100%,144xx,NY,10+ years,0.0,100.0,1
5500.0,,leroywilliams,412.0,27.83%,327xx,FL,1 year,0.0,27.83,1
5000.0,,home_improvement,619.0,0.99%,070xx,NJ,10+ years,0.0,0.99,1
3000.0,,other,649.0,16.99%,285xx,NC,8 years,0.0,16.99,1
10000.0,,other,,100%,021xx,MA,10+ years,0.0,100.0,1
1500.0,,other,669.0,19.68%,148xx,NY,1 year,0.0,19.68,1
24000.0,,debt_consolidation,680.0,24.7%,088xx,NJ,10+ years,0.0,24.7,1
2500.0,,lildmbmonkey,542.0,18.04%,330xx,FL,< 1 year,0.0,18.04,1
25000.0,,angel828,479.0,34.4%,334xx,FL,4 years,0.0,34.4,1
7000.0,,BBWolf,469.0,11.64%,871xx,NM,1 year,0.0,11.64,1
5000.0,,poo,603.0,0%,232xx,VA,5 years,0.0,0.0,1
5000.0,,other,574.0,15.15%,280xx,NC,2 years,0.0,15.15,1
3200.0,,jtoyota,521.0,10.17%,014xx,MA,10+ years,0.0,10.17,1
3000.0,,debt_consolidation,490.0,11.87%,010xx,MA,2 years,0.0,11.87,1
25000.0,,sal,516.0,17.63%,333xx,FL,10+ years,0.0,17.63,1
21000.0,,other,,100%,072xx,NJ,10+ years,0.0,100.0,1
3500.0,,acbeck7256,473.0,2.9%,335xx,FL,6 years,0.0,2.9,1
5500.0,,tilttap,628.0,24.24%,451xx,OH,4 years,0.0,24.24,1
15000.0,,morrill,675.0,26.53%,782xx,TX,2 years,0.0,26.53,1
5000.0,,other,689.0,32.9%,023xx,MA,2 years,0.0,32.9,1
15000.0,,home_improvement,663.0,19.83%,085xx,NJ,10+ years,0.0,19.83,1
15000.0,,debt_consolidation,653.0,27.79%,070xx,NJ,4 years,0.0,27.79,1
10000.0,,debt_consolidation,635.0,5.27%,801xx,CO,< 1 year,0.0,5.27,1
5000.0,,In a Fix 2,444.0,1.68%,326xx,FL,10+ years,0.0,1.68,1
1500.0,,other,635.0,0.63%,325xx,FL,2 years,0.0,0.63,1
4500.0,,Finance380,670.0,18.64%,759xx,TX,< 1 year,0.0,18.64,1
7000.0,,other,622.0,8.58%,083xx,NJ,4 years,0.0,8.58,1
25000.0,,made2415,0.0,0%,073xx,NJ,< 1 year,0.0,0.0,1
4400.0,,cebenitezjr,701.0,48.67%,770xx,TX,< 1 year,0.0,48.67,1
15000.0,,debt_consolidation,646.0,21.64%,120xx,NY,2 years,0.0,21.64,1
2500.0,,kaiya36,486.0,27.18%,441xx,OH,< 1 year,0.0,27.18,1
9500.0,,debt_consolidation,607.0,65.46%,539xx,WI,6 years,0.0,65.46,1
10000.0,,debt_consolidation,623.0,13.27%,112xx,NY,2 years,0.0,13.27,1
5000.0,,major_purchase,690.0,0%,210xx,MD,6 years,0.0,0.0,1
10000.0,,major_purchase,,100%,117xx,NY,6 years,0.0,100.0,1
5000.0,,needalittlehelp,567.0,16.19%,853xx,AZ,< 1 year,0.0,16.19,1
10000.0,,ajmora,646.0,14.75%,019xx,MA,4 years,0.0,14.75,1
7000.0,,other,680.0,4.85%,282xx,NC,10+ years,0.0,4.85,1
5000.0,,Yanksgt723,484.0,4.2%,117xx,NY,2 years,0.0,4.2,1
10000.0,,other,733.0,100%,088xx,NJ,< 1 year,0.0,100.0,1
4500.0,,major_purchase,643.0,28.5%,334xx,FL,< 1 year,0.0,28.5,1
15725.0,,Personal Loan,672.0,20.43%,117xx,NY,10+ years,0.0,20.43,1
10000.0,,debt_consolidation,624.0,47.31%,080xx,NJ,4 years,0.0,47.31,1
15000.0,,debt_consolidation,,100%,325xx,FL,4 years,0.0,100.0,1
6180.0,,debt_consolidation,,100%,275xx,NC,1 year,0.0,100.0,1
5000.0,,garrett123,493.0,5.03%,704xx,LA,< 1 year,0.0,5.03,1
25000.0,,kamyers30,699.0,29.72%,212xx,MD,3 years,0.0,29.72,1
4000.0,,major_purchase,668.0,42.19%,479xx,IN,< 1 year,0.0,42.19,1
2000.0,,other,627.0,6.17%,700xx,LA,< 1 year,0.0,6.17,1
10830.0,,debt_consolidation,622.0,12.05%,287xx,NC,10+ years,0.0,12.05,1
6000.0,,b_moradi7,599.0,11.23%,210xx,MD,1 year,0.0,11.23,1
24000.0,,debt_consolidation,718.0,8.56%,542xx,WI,2 years,0.0,8.56,1
6000.0,,My Son's Surgery!,705.0,20.4%,210xx,MD,1 year,0.0,20.4,1
17000.0,,debt_consolidation,635.0,19.57%,276xx,NC,2 years,0.0,19.57,1
3500.0,,debt_consolidation,630.0,5.15%,333xx,FL,< 1 year,0.0,5.15,1
10000.0,,dupa2007,619.0,28.27%,322xx,FL,10+ years,0.0,28.27,1
22300.0,,debt_consolidation,662.0,74.63%,137xx,NY,10+ years,0.0,74.63,1
15000.0,,debt_consolidation,634.0,55.37%,070xx,NJ,2 years,0.0,55.37,1
3500.0,,home_improvement,772.0,100%,287xx,NC,< 1 year,0.0,100.0,1
20000.0,,mrgjm,487.0,14.96%,088xx,NJ,10+ years,0.0,14.96,1
15000.0,,DARKIE1,675.0,27.56%,112xx,NY,6 years,0.0,27.56,1
6000.0,,other,,100%,333xx,FL,10+ years,0.0,100.0,1
20000.0,,other,685.0,2.66%,300xx,GA,10+ years,0.0,2.66,1
15000.0,,debt_consolidation,683.0,28.61%,462xx,IN,< 1 year,0.0,28.61,1
25000.0,,deniumrose,507.0,3.1%,727xx,AR,6 years,0.0,3.1,1
10000.0,,"eGenerations.com is an online community created for experienced adults worldwide.  Currently it is the only premier 50+ website that targets the fastest growing online demographic without any venture capital funding.  I invite you to review my pitch & credentials at: http://eGenerations.com/Resume  I've invested 1.2 years worth of around the clock sweat equity, and about $5-7K to create a lean & attractive online presence that proportionately has outperformed the multi-million dollar, several staff member competition without any paid promotions.  The purpose of the loan (and I'm open to investors) is to give some legs to eGenerations.com via paid promotion.  You can have something good, but if no one knows about it, it effectively does not exist.  I am open to feedback, partnerships, and advice.",528.0,993600%,852xx,AZ,1 year,0.0,993600.0,1
25000.0,,adelle,606.0,29.22%,441xx,OH,10+ years,0.0,29.22,1
700.0,,wthames2004,0.0,0%,393xx,MS,3 years,0.0,0.0,1
5000.0,,BRAD001,666.0,10.36%,236xx,VA,10+ years,0.0,10.36,1
20000.0,,Startup  Construction,647.0,2.14%,857xx,AZ,2 years,0.0,2.14,1
2300.0,,futureleader,575.0,32.38%,294xx,SC,4 years,0.0,32.38,1
2300.0,,smalltowngirl,597.0,54.44%,294xx,SC,< 1 year,0.0,54.44,1
25000.0,,felix,663.0,22.63%,117xx,NY,< 1 year,0.0,22.63,1
2000.0,,sprakle,440.0,2.85%,462xx,IN,7 years,0.0,2.85,1
5000.0,,mssherry305,568.0,4.15%,330xx,FL,7 years,0.0,4.15,1
25000.0,,Wekerle,656.0,23.42%,300xx,GA,8 years,0.0,23.42,1
1500.0,,debt_consolidation,547.0,9.93%,532xx,WI,10+ years,0.0,9.93,1
8000.0,,PUGBANDIT,436.0,0.56%,322xx,FL,1 year,0.0,0.56,1
20000.0,,debt_consolidation,699.0,40.5%,087xx,NJ,10+ years,0.0,40.5,1
15000.0,,debt_consolidation,594.0,0.78%,103xx,NY,2 years,0.0,0.78,1
2500.0,,maimai83,512.0,4.18%,705xx,LA,< 1 year,0.0,4.18,1
5000.0,,traylorps,447.0,8.11%,856xx,AZ,5 years,0.0,8.11,1
20000.0,,science guru,476.0,33.77%,146xx,NY,< 1 year,0.0,33.77,1
1000.0,,jmom4forme,0.0,0%,138xx,NY,< 1 year,0.0,0.0,1
2500.0,,Khoa,562.0,19.33%,705xx,LA,1 year,0.0,19.33,1
1000.0,,chad3535,508.0,0%,254xx,WV,1 year,0.0,0.0,1
3000.0,,laine451,505.0,7.96%,027xx,MA,< 1 year,0.0,7.96,1
5000.0,,chrystine,610.0,6.69%,787xx,TX,2 years,0.0,6.69,1
20000.0,,other,663.0,31.28%,112xx,NY,10+ years,0.0,31.28,1
11000.0,,paintman1,487.0,5.56%,395xx,MS,6 years,0.0,5.56,1
8000.0,,major_purchase,698.0,0%,275xx,NC,6 years,0.0,0.0,1
17000.0,,debt_consolidation,,100%,705xx,LA,10+ years,0.0,100.0,1
10000.0,,Poopyman1998,614.0,6.67%,012xx,MA,< 1 year,0.0,6.67,1
20000.0,,debt_consolidation,759.0,33.85%,113xx,NY,4 years,0.0,33.85,1
14000.0,,Hooliocesar,456.0,18.85%,065xx,CT,2 years,0.0,18.85,1
21600.0,,coopera,712.0,26.64%,322xx,FL,8 years,0.0,26.64,1
10000.0,,debt_consolidation,690.0,49%,549xx,WI,< 1 year,0.0,49.0,1
12000.0,,l2mai,609.0,42.68%,341xx,FL,< 1 year,0.0,42.68,1
9000.0,,brendafullman,471.0,10%,318xx,GA,1 year,0.0,10.0,1
5000.0,,eldonb16,623.0,5.22%,336xx,FL,2 years,0.0,5.22,1
1000.0,,Help me help another,0.0,0%,207xx,MD,7 years,0.0,0.0,1
19000.0,,debt_consolidation,,100%,306xx,GA,2 years,0.0,100.0,1
12000.0,,major_purchase,735.0,35.42%,532xx,WI,< 1 year,0.0,35.42,1
6500.0,,eanumber6,474.0,9.33%,441xx,OH,< 1 year,0.0,9.33,1
5000.0,,home_improvement,687.0,66.15%,337xx,FL,10+ years,0.0,66.15,1
5000.0,,frank2415,426.0,2.61%,073xx,NJ,2 years,0.0,2.61,1
1500.0,,pokerjk12,439.0,6.13%,302xx,GA,2 years,0.0,6.13,1
10000.0,,charbad,649.0,50.24%,333xx,FL,2 years,0.0,50.24,1
4000.0,,other,0.0,100%,044xx,ME,< 1 year,0.0,100.0,1
5000.0,,edelbrock,609.0,41.28%,824xx,WY,< 1 year,0.0,41.28,1
15000.0,,sdpayne,672.0,33.73%,325xx,FL,2 years,0.0,33.73,1
2000.0,,onebyone,574.0,16.7%,440xx,OH,2 years,0.0,16.7,1
3500.0,,other,667.0,33.78%,633xx,MO,10+ years,0.0,33.78,1
5000.0,,JnA1202007,491.0,185.89%,117xx,NY,3 years,0.0,185.89,1
15000.0,,debt_consolidation,625.0,26.45%,130xx,NY,10+ years,0.0,26.45,1
2000.0,,abbigail,700.0,9.61%,559xx,MN,3 years,0.0,9.61,1
2500.0,,bron,0.0,0.33%,021xx,MA,2 years,0.0,0.33,1
10000.0,,debt_consolidation,657.0,33.24%,283xx,NC,10+ years,0.0,33.24,1
9000.0,,Honest Man Needing Loan,644.0,23.21%,280xx,NC,< 1 year,0.0,23.21,1
10000.0,,rickydv,508.0,0%,333xx,FL,7 years,0.0,0.0,1
25000.0,,last chance,673.0,26.97%,242xx,VA,2 years,0.0,26.97,1
5000.0,,walt,561.0,8.61%,674xx,KS,5 years,0.0,8.61,1
6500.0,,debt_consolidation,691.0,10.24%,217xx,MD,2 years,0.0,10.24,1
10000.0,,debt_consolidation,0.0,100%,114xx,NY,< 1 year,0.0,100.0,1
20000.0,,anie,685.0,5.33%,283xx,NC,5 years,0.0,5.33,1
10000.0,,rolling hills,534.0,1.37%,322xx,FL,3 years,0.0,1.37,1
1500.0,,other,662.0,3.08%,276xx,NC,< 1 year,0.0,3.08,1
15000.0,,"Nobody ever wants to go in to debt. When I met my husband 4 years ago, I had a few small credit cards that I was able to pay off without much help. I thought I was home free after that.  Well, things change. In late 2004, I was laid off two weeks before Christmas. That same week, we got a $300 gas bill and our only car died. We had no other option but to take out a $5000 line of credit to get a car. I started looking for work right away, but as the months rolled by, we had to turn to the line of credit to live.  Not too long after I was laid off, I found out I was pregnant. We were excited, yet terrified. How would we afford this on one income? I eventually did get a job, but making less than $7 an hour part time didn't do much at all. Our beautiful daughter came into the world on September 13, 2005. Soon after, we got a credit card to transfer some high interest balances and pay off our hospital bill.  For a while, things were okay. We weren't doing great, but we were surviving. Day by day, we sunk further into debt. And then the unthinkable happened- my husband was laid off. We both looked for jobs, but nothing came in for four months.  Another credit card entered the scene, which we essentially lived off of.  Excluding my looming student loans (I graduate in May), our current debt hovers around the $15,000 mark. My school schedule and my husband's work schedule finally allowed me to go back to work in August. Two incomes is better than one, but we're still struggling.  Getting a loan to consolidate everything would be a life saver. We're paying as high as 19% interest on one credit card. With student loan payments in the near future, and wanting to have another baby, it's essential to get our debt paid down.  ",669.0,32.62%,681xx,NE,< 1 year,0.0,32.62,1
5000.0,,tinkerbellz,584.0,9.78%,240xx,VA,1 year,0.0,9.78,1
25000.0,,rjslama,643.0,21.91%,322xx,FL,10+ years,0.0,21.91,1
4000.0,,debt_consolidation,619.0,8.56%,463xx,IN,10+ years,0.0,8.56,1
8000.0,,tonyhills39,452.0,13.33%,809xx,CO,2 years,0.0,13.33,1
10000.0,,hemigirl30,518.0,16.4%,283xx,NC,2 years,0.0,16.4,1
3000.0,,melissarrc,567.0,14.83%,300xx,GA,2 years,0.0,14.83,1
10000.0,,other,713.0,0.98%,300xx,GA,< 1 year,0.0,0.98,1
5000.0,,Millamodel,675.0,10.73%,217xx,MD,10+ years,0.0,10.73,1
10000.0,,charles2050,455.0,22.62%,852xx,AZ,1 year,0.0,22.62,1
20000.0,,major_purchase,654.0,6.37%,070xx,NJ,10+ years,0.0,6.37,1
9500.0,,debt_consolidation,658.0,29.36%,549xx,WI,6 years,0.0,29.36,1
1500.0,,precycler,581.0,0%,661xx,KS,< 1 year,0.0,0.0,1
3000.0,,ajm1216,569.0,7.94%,223xx,VA,2 years,0.0,7.94,1
5000.0,,dadude85239,480.0,18.8%,852xx,AZ,< 1 year,0.0,18.8,1
2000.0,,heavensangelsx3,440.0,21.36%,285xx,NC,10+ years,0.0,21.36,1
2000.0,,BrndGiles,505.0,1168.2%,212xx,MD,10+ years,0.0,1168.2,1
1600.0,,Claudip,563.0,12.38%,282xx,NC,3 years,0.0,12.38,1
10000.0,,RandiN40,441.0,14.19%,383xx,TN,1 year,0.0,14.19,1
1000.0,,nanaw2907,616.0,26.11%,324xx,FL,4 years,0.0,26.11,1
3000.0,,home improvement,661.0,14.23%,321xx,FL,< 1 year,0.0,14.23,1
3000.0,,jadedrose,445.0,23.47%,285xx,NC,< 1 year,0.0,23.47,1
4000.0,,gene,577.0,17.68%,335xx,FL,4 years,0.0,17.68,1
5000.0,,wsmith42,538.0,36.36%,349xx,FL,< 1 year,0.0,36.36,1
1500.0,,akamja18,417.0,36.06%,356xx,AL,1 year,0.0,36.06,1
5000.0,,major_purchase,768.0,100%,329xx,FL,< 1 year,0.0,100.0,1
7500.0,,valleylily,511.0,30.67%,301xx,GA,< 1 year,0.0,30.67,1
4000.0,,major_purchase,677.0,12.18%,540xx,WI,4 years,0.0,12.18,1
1500.0,,dfdd1996,0.0,0%,681xx,NE,6 years,0.0,0.0,1
25000.0,,professor,661.0,45.26%,334xx,FL,2 years,0.0,45.26,1
5000.0,,mylostfamily9407,444.0,0%,604xx,IL,7 years,0.0,0.0,1
3000.0,,Jailyn024,564.0,27.87%,328xx,FL,1 year,0.0,27.87,1
6500.0,,jsuggs000,553.0,37.38%,363xx,AL,< 1 year,0.0,37.38,1
8000.0,,nd_nitro,516.0,42.9%,465xx,IN,7 years,0.0,42.9,1
10000.0,,dcsk,505.0,14.68%,064xx,CT,< 1 year,0.0,14.68,1
21000.0,,Ogden,684.0,0.33%,805xx,CO,< 1 year,0.0,0.33,1
15000.0,,Melanie,615.0,25.84%,018xx,MA,2 years,0.0,25.84,1
5000.0,,easytim,628.0,0%,703xx,LA,10+ years,0.0,0.0,1
3000.0,,jjmexhorn,512.0,17.53%,782xx,TX,3 years,0.0,17.53,1
6000.0,,hopeful1,513.0,20.18%,622xx,IL,4 years,0.0,20.18,1
2400.0,,Personal loan,647.0,6.27%,081xx,NJ,10+ years,0.0,6.27,1
4000.0,,GOOD7,548.0,11.78%,114xx,NY,10+ years,0.0,11.78,1
2000.0,,andyzd,590.0,26.3%,283xx,NC,6 years,0.0,26.3,1
2000.0,,dawnie,593.0,6.19%,074xx,NJ,6 years,0.0,6.19,1
9500.0,,Will be used to Consolidate my bills,601.0,134.57%,641xx,MO,4 years,0.0,134.57,1
3000.0,,kimmyc123,483.0,0%,546xx,WI,1 year,0.0,0.0,1
4000.0,,socraticstatic,581.0,19.88%,802xx,CO,7 years,0.0,19.88,1
25000.0,,tenderoney,458.0,8.54%,328xx,FL,10+ years,0.0,8.54,1
15000.0,,T2B,746.0,38.6%,275xx,NC,10+ years,0.0,38.6,1
7000.0,,debt_consolidation,711.0,19.92%,282xx,NC,< 1 year,0.0,19.92,1
2000.0,,other,577.0,13.63%,134xx,NY,10+ years,0.0,13.63,1
6000.0,,jp7073,522.0,25.58%,785xx,TX,7 years,0.0,25.58,1
5000.0,,yalunda37,500.0,23.27%,383xx,TN,8 years,0.0,23.27,1
4000.0,,debt_consolidation,621.0,1.23%,112xx,NY,10+ years,0.0,1.23,1
11000.0,,VanLearOne,408.0,9.61%,209xx,MD,< 1 year,0.0,9.61,1
6000.0,,edstudent,523.0,127.6%,880xx,NM,7 years,0.0,127.6,1
15000.0,,killigrew,701.0,53.59%,774xx,TX,10+ years,0.0,53.59,1
25000.0,,freeconnect2000,608.0,0%,125xx,NY,10+ years,0.0,0.0,1
15000.0,,debt_consolidation,,100%,100xx,NY,6 years,0.0,100.0,1
3000.0,,bellgal23,513.0,10.78%,076xx,NJ,10+ years,0.0,10.78,1
4000.0,,other,685.0,49.38%,323xx,FL,4 years,0.0,49.38,1
12500.0,,kberg31974,641.0,2.98%,980xx,WA,< 1 year,0.0,2.98,1
7500.0,,laceydoll24,420.0,7.13%,374xx,TN,6 years,0.0,7.13,1
5000.0,,other,518.0,1.88%,301xx,GA,4 years,0.0,1.88,1
1500.0,,mrs.karenross,553.0,81.3%,383xx,TN,3 years,0.0,81.3,1
3500.0,,PAPA,539.0,18.19%,440xx,OH,< 1 year,0.0,18.19,1
15000.0,,jewel1967,489.0,35.75%,327xx,FL,9 years,0.0,35.75,1
10000.0,,TaxMan,499.0,7.99%,676xx,KS,2 years,0.0,7.99,1
10000.0,,FELIZ85,465.0,0%,207xx,MD,2 years,0.0,0.0,1
5000.0,,GeorgiaBoy53,,100%,322xx,KS,10+ years,0.0,100.0,1
2000.0,,brat2gabby,548.0,41.6%,383xx,TN,10+ years,0.0,41.6,1
1000.0,,teasintan3,639.0,0%,070xx,NJ,5 years,0.0,0.0,1
5000.0,,enough,455.0,85.32%,303xx,GA,< 1 year,0.0,85.32,1
25000.0,,sickofcreditcards,675.0,20.23%,591xx,MT,10+ years,0.0,20.23,1
6000.0,,naturesmanna,716.0,24.4%,278xx,NC,5 years,0.0,24.4,1
2000.0,,caddragon,471.0,64.55%,974xx,OR,2 years,0.0,64.55,1
25000.0,,ebastow,553.0,2.06%,834xx,ID,1 year,0.0,2.06,1
4200.0,,debt_consolidation,656.0,26.36%,638xx,MO,< 1 year,0.0,26.36,1
10000.0,,debt_consolidation,617.0,6.12%,336xx,FL,8 years,0.0,6.12,1
25000.0,,Kaea101,593.0,0%,967xx,HI,2 years,0.0,0.0,1
15000.0,,debt_consolidation,637.0,18.18%,021xx,MA,4 years,0.0,18.18,1
5000.0,,other,653.0,3.9%,284xx,NC,2 years,0.0,3.9,1
5000.0,,tmb69,563.0,0%,852xx,AZ,< 1 year,0.0,0.0,1
6200.0,,Liz B,618.0,15.16%,219xx,MD,< 1 year,0.0,15.16,1
10000.0,,wilway202,674.0,34.56%,309xx,GA,10+ years,0.0,34.56,1
6000.0,,mtnanny,0.0,0%,594xx,MT,< 1 year,0.0,0.0,1
10000.0,,meshellbrown,513.0,27.12%,383xx,TN,10+ years,0.0,27.12,1
20000.0,,mommyslilswthrt,0.0,0%,146xx,NY,< 1 year,0.0,0.0,1
500.0,,kimnfrank8457,438.0,24.08%,775xx,TX,< 1 year,0.0,24.08,1
2000.0,,kimnme22,456.0,42.19%,775xx,TX,3 years,0.0,42.19,1
10000.0,,Lankie,584.0,12.77%,875xx,NM,10+ years,0.0,12.77,1
2000.0,,avity,506.0,1.07%,486xx,MN,< 1 year,0.0,1.07,1
1450.0,,cmarina,631.0,22.19%,981xx,WA,< 1 year,0.0,22.19,1
1500.0,,Calli3703,471.0,0%,477xx,IN,< 1 year,0.0,0.0,1
10000.0,,bucsmike,464.0,0.4%,847xx,UT,10+ years,0.0,0.4,1
15000.0,,jschieberl,488.0,20.78%,137xx,NY,1 year,0.0,20.78,1
25000.0,,matthew Fraser,675.0,3.33%,112xx,NY,10+ years,0.0,3.33,1
15000.0,,debt_consolidation,657.0,11.25%,334xx,FL,1 year,0.0,11.25,1
15000.0,,debt_consolidation,649.0,19.59%,024xx,MA,3 years,0.0,19.59,1
2000.0,,makinit10,385.0,2.79%,479xx,IN,5 years,0.0,2.79,1
25000.0,,ziskey27,471.0,21.15%,436xx,OH,< 1 year,0.0,21.15,1
20000.0,,Starting a new moving company,723.0,18.2%,685xx,NE,3 years,0.0,18.2,1
2500.0,,mjh,0.0,0%,984xx,WA,< 1 year,0.0,0.0,1
5000.0,,other,646.0,13.36%,085xx,NJ,10+ years,0.0,13.36,1
14000.0,,jessica_rajpar42,428.0,0%,462xx,IN,1 year,0.0,0.0,1
2000.0,,debt_consolidation,616.0,0.8%,652xx,MO,< 1 year,0.0,0.8,1
5000.0,,poolplayer1,421.0,13.68%,532xx,WI,2 years,0.0,13.68,1
3000.0,,hardwordingmoms,452.0,19.11%,984xx,WA,10+ years,0.0,19.11,1
5000.0,,other,646.0,13.36%,085xx,NJ,10+ years,0.0,13.36,1
15000.0,,debt_consolidation,694.0,81.14%,328xx,FL,2 years,0.0,81.14,1
5000.0,,gogetta1,445.0,9.3%,383xx,TN,< 1 year,0.0,9.3,1
4000.0,,Butternut,588.0,11.87%,383xx,TN,3 years,0.0,11.87,1
4000.0,,Chicago Actor on rise: Need Headshots,683.0,3.84%,465xx,IN,< 1 year,0.0,3.84,1
6000.0,,danmays,467.0,19.99%,473xx,IN,10+ years,0.0,19.99,1
6000.0,,lrtoto,571.0,6.13%,984xx,WA,< 1 year,0.0,6.13,1
10000.0,,needmoney,606.0,1.12%,454xx,OH,1 year,0.0,1.12,1
25000.0,,SDHPI,556.0,17.39%,980xx,WA,10+ years,0.0,17.39,1
2500.0,,lildude2179,528.0,33.3%,665xx,KS,1 year,0.0,33.3,1
18000.0,,jonimiki,667.0,40.07%,967xx,HI,10+ years,0.0,40.07,1
5000.0,,evilone,0.0,0%,660xx,KS,1 year,0.0,0.0,1
8500.0,,Gatorgirl24,515.0,18.86%,301xx,GA,< 1 year,0.0,18.86,1
10000.0,,lcole215,564.0,85.78%,285xx,NC,1 year,0.0,85.78,1
2500.0,,scervin,505.0,13.63%,358xx,AL,10+ years,0.0,13.63,1
3500.0,,calhounkirby,515.0,15.38%,301xx,GA,< 1 year,0.0,15.38,1
5000.0,,dcole1218,574.0,21.36%,285xx,NC,10+ years,0.0,21.36,1
6000.0,,monkintosh,633.0,16.04%,681xx,NE,< 1 year,0.0,16.04,1
3000.0,,hurtec,644.0,11.68%,100xx,NY,10+ years,0.0,11.68,1
18500.0,,debt_consolidation,713.0,30.8%,275xx,NC,1 year,0.0,30.8,1
5000.0,,klevass,447.0,12.99%,064xx,CT,1 year,0.0,12.99,1
10000.0,,treddi1,536.0,37.07%,707xx,LA,< 1 year,0.0,37.07,1
20000.0,,nita1105,531.0,27.04%,383xx,TN,10+ years,0.0,27.04,1
12000.0,,ulyssesmo,573.0,27.62%,631xx,MO,1 year,0.0,27.62,1
20000.0,,DRH,628.0,7.76%,347xx,FL,10+ years,0.0,7.76,1
25000.0,,Breenie,495.0,15.43%,801xx,CO,10+ years,0.0,15.43,1
10000.0,,other,683.0,37.41%,360xx,AL,10+ years,0.0,37.41,1
5000.0,,AzBaron,544.0,31.23%,850xx,AZ,2 years,0.0,31.23,1
14000.0,,Carpediem100,691.0,18.22%,117xx,NY,7 years,0.0,18.22,1
4000.0,,mjitlal,618.0,3.45%,112xx,NY,5 years,0.0,3.45,1
10000.0,,debt_consolidation,622.0,63.25%,328xx,FL,4 years,0.0,63.25,1
6000.0,,bigskygirl,445.0,0%,594xx,MT,< 1 year,0.0,0.0,1
8000.0,,T-Thom,588.0,24.54%,474xx,IN,3 years,0.0,24.54,1
3500.0,,mominflorida,0.0,0%,339xx,FL,8 years,0.0,0.0,1
15000.0,,winter07,463.0,7.7%,984xx,WA,2 years,0.0,7.7,1
24000.0,,debt_consolidation,660.0,47.12%,132xx,NY,10+ years,0.0,47.12,1
15000.0,,other,642.0,37.69%,700xx,LA,1 year,0.0,37.69,1
5000.0,,baebae,483.0,18.9%,211xx,MD,< 1 year,0.0,18.9,1
15000.0,,debt_consolidation,721.0,33.96%,274xx,NC,10+ years,0.0,33.96,1
3000.0,,other,733.0,53.35%,303xx,GA,4 years,0.0,53.35,1
10000.0,,lulaoldman1958,389.0,51.6%,874xx,NM,10+ years,0.0,51.6,1
10000.0,,debt_consolidation,633.0,25.12%,018xx,MA,8 years,0.0,25.12,1
12000.0,,rayrayray31,683.0,31.03%,761xx,TX,1 year,0.0,31.03,1
1000.0,,syclone16,573.0,41.35%,809xx,CO,1 year,0.0,41.35,1
15000.0,,debt_consolidation,710.0,60.21%,705xx,LA,10+ years,0.0,60.21,1
500.0,,g.mom,492.0,0%,088xx,NJ,8 years,0.0,0.0,1
500.0,,outlaw6976,509.0,0%,767xx,TX,1 year,0.0,0.0,1
3000.0,,dadto4,481.0,21.66%,761xx,TX,9 years,0.0,21.66,1
8000.0,,qdoknee,693.0,28.22%,981xx,WA,10+ years,0.0,28.22,1
5000.0,,lidell,555.0,43.1%,383xx,TN,5 years,0.0,43.1,1
3000.0,,byrddog20,477.0,309.6%,380xx,TN,1 year,0.0,309.6,1
4800.0,,repositionmyself,657.0,8.15%,224xx,VA,10+ years,0.0,8.15,1
20000.0,,readra21,458.0,0.72%,985xx,WA,7 years,0.0,0.72,1
3000.0,,IL,607.0,12.63%,600xx,IL,10+ years,0.0,12.63,1
15000.0,,yankeeroadrunner1,567.0,5.6%,344xx,FL,< 1 year,0.0,5.6,1
1000.0,,joycesolsberry,441.0,23.33%,474xx,IN,2 years,0.0,23.33,1
4000.0,,debt_consolidation,703.0,52.13%,346xx,FL,8 years,0.0,52.13,1
15000.0,,debt_consolidation,621.0,19.1%,025xx,MA,6 years,0.0,19.1,1
10000.0,,other,653.0,15.53%,117xx,NY,10+ years,0.0,15.53,1
5000.0,,classielady12,460.0,9.63%,939xx,CO,4 years,0.0,9.63,1
5000.0,,BlueMax,615.0,21.16%,631xx,MO,10+ years,0.0,21.16,1
1000.0,,bpatel53042,579.0,6.48%,630xx,MO,< 1 year,0.0,6.48,1
4000.0,,aunty,508.0,0%,283xx,NC,10+ years,0.0,0.0,1
25000.0,,amicusceo,644.0,22.67%,810xx,CO,< 1 year,0.0,22.67,1
2000.0,,pheenix,574.0,4.17%,945xx,CA,1 year,0.0,4.17,1
3000.0,,debt_consolidation,704.0,59.15%,109xx,NY,10+ years,0.0,59.15,1
6000.0,,home_improvement,628.0,44.85%,327xx,FL,5 years,0.0,44.85,1
20000.0,,debt_consolidation,693.0,59.26%,477xx,IN,2 years,0.0,59.26,1
15000.0,,major_purchase,632.0,1.31%,283xx,NC,8 years,0.0,1.31,1
10000.0,,texastee1,702.0,21.22%,774xx,TX,10+ years,0.0,21.22,1
5000.0,,other,659.0,12.42%,112xx,NY,10+ years,0.0,12.42,1
4500.0,,islandqueen,522.0,0%,298xx,SC,< 1 year,0.0,0.0,1
10000.0,,major_purchase,678.0,0.26%,804xx,CO,< 1 year,0.0,0.26,1
1000.0,,militarywife1,551.0,327.31%,285xx,NC,< 1 year,0.0,327.31,1
25000.0,,Roberts Family,644.0,22.32%,296xx,SC,< 1 year,0.0,22.32,1
12500.0,,mjberg,646.0,5.39%,980xx,WA,< 1 year,0.0,5.39,1
20000.0,,debt_consolidation,693.0,39.95%,328xx,FL,1 year,0.0,39.95,1
10000.0,,snowwhite3410,632.0,18.92%,383xx,TN,4 years,0.0,18.92,1
23000.0,,debt_consolidation,726.0,41.13%,881xx,NM,10+ years,0.0,41.13,1
5000.0,,JBcashflow,542.0,18.99%,232xx,VA,1 year,0.0,18.99,1
15000.0,,other,577.0,0%,320xx,FL,4 years,0.0,0.0,1
3000.0,,jknafelc25,0.0,0%,308xx,GA,< 1 year,0.0,0.0,1
2000.0,,soldier,495.0,14.59%,477xx,IN,6 years,0.0,14.59,1
18000.0,,stracing88,644.0,39.39%,383xx,TN,9 years,0.0,39.39,1
3000.0,,i95rider06,639.0,13.44%,984xx,WA,1 year,0.0,13.44,1
25000.0,,tcre,698.0,0.24%,787xx,TX,2 years,0.0,0.24,1
2000.0,,other,653.0,40.89%,115xx,NY,3 years,0.0,40.89,1
2000.0,,debt_consolidation,658.0,1.26%,134xx,NY,10+ years,0.0,1.26,1
2500.0,,goldrm,534.0,0%,198xx,DE,1 year,0.0,0.0,1
8000.0,,jchesnut,465.0,9.41%,450xx,OH,1 year,0.0,9.41,1
7500.0,,TampaBlues22,591.0,6.64%,327xx,FL,< 1 year,0.0,6.64,1
5000.0,,Hildebeest,678.0,11.38%,385xx,TN,7 years,0.0,11.38,1
3000.0,,mimi58,598.0,15.78%,328xx,FL,1 year,0.0,15.78,1
10000.0,,dayobolaji,564.0,4.98%,089xx,NJ,5 years,0.0,4.98,1
10000.0,,debt_consolidation,646.0,9.79%,077xx,NJ,< 1 year,0.0,9.79,1
8000.0,,riverrat,600.0,19.99%,136xx,NY,10+ years,0.0,19.99,1
2000.0,,bus3154,553.0,0%,347xx,FL,10+ years,0.0,0.0,1
5000.0,,allib,418.0,2%,331xx,FL,< 1 year,0.0,2.0,1
15000.0,,mlaryea,426.0,0.84%,113xx,NY,< 1 year,0.0,0.84,1
2500.0,,debt_consolidation,624.0,799.88%,142xx,NY,10+ years,0.0,799.88,1
500.0,,bigbaby,554.0,8.93%,349xx,FL,7 years,0.0,8.93,1
12000.0,,Debt Cosolidation,667.0,7.58%,301xx,GA,4 years,0.0,7.58,1
8000.0,,smlyons822,521.0,4.74%,104xx,NY,1 year,0.0,4.74,1
2500.0,,bama_girl,550.0,11.59%,365xx,AL,2 years,0.0,11.59,1
25000.0,,jtnice00,595.0,12.33%,107xx,NY,< 1 year,0.0,12.33,1
15000.0,,gjones3147,657.0,19.08%,370xx,TN,3 years,0.0,19.08,1
15000.0,,debt_consolidation,694.0,35.75%,549xx,WI,10+ years,0.0,35.75,1
7500.0,,ajones5tomany,445.0,10.76%,370xx,TN,3 years,0.0,10.76,1
1650.0,,MIKEDAVIS4612483,525.0,7.51%,472xx,IN,1 year,0.0,7.51,1
5000.0,,GentleOne,0.0,0%,117xx,NY,1 year,0.0,0.0,1
10000.0,,clasic1251,535.0,36.63%,088xx,NJ,8 years,0.0,36.63,1
10000.0,,debt_consolidation,657.0,0.9%,321xx,FL,< 1 year,0.0,0.9,1
15000.0,,wt3912,602.0,12.61%,354xx,AL,1 year,0.0,12.61,1
20025.0,,jerome9,648.0,7.01%,298xx,SC,10+ years,0.0,7.01,1
2000.0,,angelnhb,535.0,15.62%,276xx,NC,2 years,0.0,15.62,1
15000.0,,debt_consolidation,667.0,47.51%,206xx,MD,10+ years,0.0,47.51,1
5500.0,,ctay65,591.0,8.51%,298xx,SC,1 year,0.0,8.51,1
15000.0,,debt_consolidation,669.0,4.76%,077xx,NJ,2 years,0.0,4.76,1
7000.0,,ollie50,503.0,9.33%,281xx,NC,10+ years,0.0,9.33,1
2000.0,,afbigdaddy,545.0,36.78%,290xx,SC,1 year,0.0,36.78,1
6200.0,,cocomill,499.0,39.11%,291xx,SC,5 years,0.0,39.11,1
1200.0,,momma501,415.0,7.34%,460xx,IN,1 year,0.0,7.34,1
8900.0,,gateway2time,647.0,34.7%,339xx,FL,3 years,0.0,34.7,1
8500.0,,simslj,563.0,18.07%,347xx,FL,1 year,0.0,18.07,1
19000.0,,debt_consolidation,653.0,0%,112xx,NY,10+ years,0.0,0.0,1
5000.0,,shazman,391.0,2.95%,285xx,NC,< 1 year,0.0,2.95,1
10000.0,,oc_lover,466.0,18.42%,263xx,WV,1 year,0.0,18.42,1
12000.0,,debt_consolidation,770.0,28.62%,665xx,KS,< 1 year,0.0,28.62,1
5000.0,,benoliver,608.0,3.56%,439xx,OH,6 years,0.0,3.56,1
5000.0,,dagahi,622.0,23.2%,302xx,GA,2 years,0.0,23.2,1
4000.0,,crazygenius86,509.0,19.07%,852xx,AZ,< 1 year,0.0,19.07,1
5000.0,,Kiran Bhattu,600.0,15.48%,314xx,GA,1 year,0.0,15.48,1
5000.0,,carolinagirl41,564.0,34.55%,286xx,NC,3 years,0.0,34.55,1
14500.0,,Help this young family get out of debt!,669.0,8.47%,681xx,NE,< 1 year,0.0,8.47,1
14000.0,,debt_consolidation,672.0,20.96%,122xx,NY,6 years,0.0,20.96,1
25000.0,,tommygunn242002,652.0,35.53%,554xx,MN,< 1 year,0.0,35.53,1
700.0,,emtmom,436.0,23.88%,473xx,IN,< 1 year,0.0,23.88,1
500.0,,blessings.123,575.0,19.49%,070xx,NJ,1 year,0.0,19.49,1
5000.0,,CK1,499.0,15.48%,644xx,MO,< 1 year,0.0,15.48,1
5000.0,,major_purchase,0.0,0.46%,800xx,CO,8 years,0.0,0.46,1
5000.0,,Shaziena,671.0,57.1%,104xx,NY,10+ years,0.0,57.1,1
10000.0,,major_purchase,655.0,3.67%,662xx,KS,1 year,0.0,3.67,1
10000.0,,debt_consolidation,803.0,44.28%,206xx,MD,1 year,0.0,44.28,1
15000.0,,southside,418.0,15.4%,761xx,TX,7 years,0.0,15.4,1
2500.0,,Badshape,470.0,37.66%,330xx,FL,1 year,0.0,37.66,1
5000.0,,carllane,474.0,7.18%,339xx,FL,4 years,0.0,7.18,1
16000.0,,debt_consolidation,611.0,40%,327xx,FL,2 years,0.0,40.0,1
2500.0,,ivan4ever,453.0,0%,537xx,WI,6 years,0.0,0.0,1
3000.0,,zachsmommie,495.0,38.1%,351xx,AL,1 year,0.0,38.1,1
10000.0,,debt_consolidation,714.0,32.66%,800xx,CO,6 years,0.0,32.66,1
7500.0,,PeaKay,582.0,20.85%,021xx,MA,1 year,0.0,20.85,1
2500.0,,Mav,560.0,18.31%,328xx,FL,2 years,0.0,18.31,1
10000.0,,edaleren1106,684.0,26.82%,080xx,NJ,< 1 year,0.0,26.82,1
15000.0,,debt_consolidation,775.0,37.87%,044xx,ME,10+ years,0.0,37.87,1
17000.0,,need help buying a condo,755.0,5.59%,021xx,MA,< 1 year,0.0,5.59,1
10000.0,,other,,100%,113xx,NY,< 1 year,0.0,100.0,1
15000.0,,Startup debt + development,647.0,2.55%,109xx,NY,< 1 year,0.0,2.55,1
7000.0,,superP,497.0,0%,104xx,NY,3 years,0.0,0.0,1
5000.0,,Brandon1385,555.0,20.9%,852xx,AZ,7 years,0.0,20.9,1
3000.0,,nurcher4futureRNs,584.0,47.45%,810xx,CO,3 years,0.0,47.45,1
7500.0,,kfatbrat17,458.0,12.6%,544xx,WI,10+ years,0.0,12.6,1
7500.0,,witcris,0.0,0%,770xx,TX,6 years,0.0,0.0,1
5500.0,,IEORyann,0.0,0%,985xx,WA,< 1 year,0.0,0.0,1
500.0,,johnnyray,583.0,23.6%,807xx,CO,< 1 year,0.0,23.6,1
1000.0,,cin1250,507.0,177.6%,329xx,FL,< 1 year,0.0,177.6,1
8000.0,,BigAl,648.0,2.62%,852xx,AZ,< 1 year,0.0,2.62,1
8000.0,,alm,599.0,4.92%,852xx,AZ,< 1 year,0.0,4.92,1
6000.0,,Dreamer2122,0.0,0.9%,846xx,UT,3 years,0.0,0.9,1
5000.0,,Mike2055,648.0,19.24%,852xx,AZ,6 years,0.0,19.24,1
1525.0,,Blacky,551.0,24.47%,968xx,HI,3 years,0.0,24.47,1
20000.0,,Cynthia2009,659.0,39%,285xx,NC,1 year,0.0,39.0,1
7500.0,,other,609.0,21.38%,301xx,GA,< 1 year,0.0,21.38,1
2000.0,,wooliswonderful,0.0,0%,548xx,WI,< 1 year,0.0,0.0,1
17500.0,,Paying off Visa,808.0,12.41%,146xx,NY,10+ years,0.0,12.41,1
12000.0,,rjr118,656.0,197.6%,104xx,NY,2 years,0.0,197.6,1
8000.0,,debt_consolidation,646.0,24.96%,085xx,NJ,8 years,0.0,24.96,1
8600.0,,creatingmemories,637.0,11.03%,339xx,FL,3 years,0.0,11.03,1
20000.0,,debt_consolidation,570.0,19.4%,801xx,CO,6 years,0.0,19.4,1
24000.0,,mlittle,631.0,29.92%,860xx,AZ,4 years,0.0,29.92,1
10000.0,,"I have been serving in the US military for 20+ years, and just recently relocated. My family and I had to wait for 2 months for housing, which really put a strain on our finances. We are also expecting another child in February. What we are trying to do is consolidate the debt acrued during the move and buy the essentials for our new arrival. We have managed to buy a crib and dresser, but still need much more! We would also like to put some in savings and be able to buy our 11 year old son a few things for Christmas as well. Normally, we would not have this problem as my wife is a nurse, but she is unable to work right now due to pregnancy complications. Thank you for your consideration!",644.0,25.6%,714xx,LA,10+ years,0.0,25.6,1
7500.0,,debt_consolidation,670.0,31.5%,341xx,FL,5 years,0.0,31.5,1
8200.0,,joealamo96,673.0,22.85%,782xx,TX,10+ years,0.0,22.85,1
15000.0,,jeshil82,656.0,29.68%,312xx,GA,10+ years,0.0,29.68,1
12000.0,,bigskygirl08,538.0,0.55%,594xx,MT,2 years,0.0,0.55,1
2000.0,,kev16,572.0,4.84%,126xx,NY,10+ years,0.0,4.84,1
15000.0,,debt_consolidation,556.0,6.52%,074xx,NJ,< 1 year,0.0,6.52,1
5000.0,,dsirn333,730.0,9.73%,554xx,MN,< 1 year,0.0,9.73,1
10000.0,,nincompoop,811.0,1.69%,802xx,CO,< 1 year,0.0,1.69,1
20000.0,,other,714.0,60.47%,036xx,NH,10+ years,0.0,60.47,1
18000.0,,major_purchase,772.0,46.6%,146xx,NY,4 years,0.0,46.6,1
9500.0,,debt_consolidation,652.0,36.52%,120xx,NY,10+ years,0.0,36.52,1
12450.0,,"WHY I NEED A LOAN 	Sixteen years ago I started a business that was on its way the first 12 months to netting $120,000- pretax profit. 	Then, suddenly, I had a nervous breakdown. Couldn't work. No motivation. Exhausted my savings. Had to go on early, discounted Social Security. 	Thanks largely to my anti-depressant, I chucked all symptoms except one: no matter how early nor late I went to bed, I couldn't get up in the morning for work. If I tried even walking downstairs for the paper before my brain said ""OK,"" I'd get sick to my stomach, unable to do anything productive the rest of the day. 	I got wind of a hospital's sleep lab. ""You have 'restless leg syndrome,' advised the doctor. ""I'd like to start you on this new medicine.""  	A few weeks ago I realized that no matter what time I had been going to bed, so long as my brain was comfortable with the notion...and I had had 8 to 9 hours in bed the night before, I could safely get up for the day. Nor, most times, would I feel the least drowsy until bedtime. 	From a previous 14 to 15 total bed hours nightly  I had needed for several previous years, I now needed but 8 or 9. 	My doctor and I both figure that, if I was ""running a Marathon nightly in my sleep, eventually I'd run out of energy. And stop thrashing. And sleep motionless. Until rested. No wonder I needed 6-7 extra hours in bed.""  MY FINANCIAL SITUATION 	Voila! I could now re-start my profession. Except..........the paradox...the irony of it all...was...now that I'm fit and ready to roll, I don't have the money I need to jump-start my former business.                 I'm confident I'll net at least $100,000- first 12 months. 	While I was a New York City-based actor, I taught as a hired gun for Communispond, the world's first, and by far premier trainers of top, multi-national, corporate executives in stand-up presentation and media skills. 3,000 +  CEOs, EVPs and other officers, supervisors and ""comers"" with such well-known, respected companies as IBM, GM, ATT, PepsiCo, 3M, etc. 	A typical post-program participant comment was, ""Wow! I should have taken this 20 years ago!""                 I quit in order to create a more versatile, measurable program. I researched, developed, tested before audiences the most versatile, most effective, simplest to use stand-up presentation skills program on the world market. 	It serves any speaker, under any circumstances, speaking to any size audience on any topic on which the speaker is expert. And.....measure results against intention.....anonymously. 	I give a full, money-back guarantee. My graduates (1) don't memorize a thing, (2) don't use notes, (3) they neither write nor read long-winded, boring, speeches! 	I got six huge photo-features in major NYC suburban daily papers, plus, a piece in an Albuquerque, New Mexico daily. 	I wrote and published PRESENTER.  Got glowing testimonials from the top human resources officers of Fortune 500 companies and Dr. Norman Vincent Peale.  SPECIAL BONUS OFFER 	If I achieve my loan request, I will give you, absolutely FREE, one autographed copy of PRESENTER *  for each one-thousand DOLLARS OF YOUR LOAN. For example, if you take $3,000- of the loan, I'll give you 3 copies of my book; one-thousand, one copy. Eight hundred fifty dollars? sorry, no FREE, autographed book.   *       Praised by top, multi-national corporate human resource VPs, EVPs such as Gannett Corp., ConAgra, Gibson Greetings, 3M...and the late Norman Vincent Peale.          Please allow 6-8 weeks for delivery of new and revised, second edition, PRESENTER, printing.  ",552.0,7.56%,124xx,NY,10+ years,0.0,7.56,1
10000.0,,other,,100%,209xx,MD,6 years,0.0,100.0,1
8000.0,,musicmommy1027,539.0,0%,244xx,VA,4 years,0.0,0.0,1
10500.0,,canterbury,731.0,53.86%,713xx,LA,< 1 year,0.0,53.86,1
15000.0,,kuuleialoha,636.0,11.09%,967xx,HI,10+ years,0.0,11.09,1
7500.0,,MeHappy99,473.0,36.26%,672xx,KS,2 years,0.0,36.26,1
12000.0,,debt_consolidation,664.0,35.38%,112xx,NY,10+ years,0.0,35.38,1
17500.0,,debt_consolidation,,100%,303xx,GA,2 years,0.0,100.0,1
12000.0,,yukisenshi,519.0,12.83%,140xx,NY,1 year,0.0,12.83,1
21250.0,,Emorle,441.0,13.05%,998xx,AK,< 1 year,0.0,13.05,1
6000.0,,steph1977,656.0,20.52%,681xx,NE,3 years,0.0,20.52,1
2500.0,,"Trying to somehow take advantage of the first time home owner rebate deal...not to mention I would love to get my own place.  I don't have much credit experience but I do have a score of 700+.  Monthly payments won't be a problem, and with an 8k rebate on a first home purchase I could easily prepay a remaining loan balance at next year's tax rebate time.  ",762.0,1.2%,082xx,NJ,< 1 year,0.0,1.2,1
2000.0,,wilsontee47,486.0,101.31%,285xx,NC,2 years,0.0,101.31,1
7500.0,,johnsonal,584.0,17.76%,221xx,VA,2 years,0.0,17.76,1
18000.0,,kaptnkrunch2,553.0,0%,271xx,NC,6 years,0.0,0.0,1
5000.0,,lizzy_leopard,631.0,8.31%,023xx,MA,1 year,0.0,8.31,1
10000.0,,wendyred,529.0,0%,271xx,NC,7 years,0.0,0.0,1
15000.0,,debt_consolidation,669.0,34.28%,112xx,NY,4 years,0.0,34.28,1
25000.0,,kesha4,585.0,0%,224xx,VA,8 years,0.0,0.0,1
9000.0,,major_purchase,667.0,23.23%,652xx,MO,10+ years,0.0,23.23,1
25000.0,,smalltownmomof3,641.0,21.36%,758xx,TX,2 years,0.0,21.36,1
25000.0,,michaelr,544.0,9.26%,104xx,NY,< 1 year,0.0,9.26,1
5000.0,,L4Thomp,626.0,27.35%,068xx,CT,8 years,0.0,27.35,1
3000.0,,tink20,518.0,35.4%,246xx,VA,7 years,0.0,35.4,1
1500.0,,jacksonj3123,454.0,1.01%,285xx,NC,8 years,0.0,1.01,1
1000.0,,dbhwolf,589.0,0%,295xx,SC,1 year,0.0,0.0,1
5000.0,,other,745.0,8.16%,104xx,NY,1 year,0.0,8.16,1
15000.0,,debt_consolidation,646.0,25.52%,283xx,NC,8 years,0.0,25.52,1
6000.0,,Photofunson,482.0,6.69%,295xx,SC,1 year,0.0,6.69,1
1000.0,,NORTHWOODS,578.0,35.93%,541xx,WI,8 years,0.0,35.93,1
15000.0,,home_improvement,,100%,073xx,NJ,10+ years,0.0,100.0,1
20000.0,,debt_consolidation,693.0,46.77%,462xx,IN,1 year,0.0,46.77,1
3500.0,,kmoregon,586.0,9.98%,274xx,NC,1 year,0.0,9.98,1
7500.0,,CinLou114,499.0,175.11%,151xx,PA,10+ years,0.0,175.11,1
9000.0,,tratrappi,453.0,0%,291xx,SC,< 1 year,0.0,0.0,1
16000.0,,debt_consolidation,645.0,0.71%,814xx,CO,2 years,0.0,0.71,1
25000.0,,katedsimmons,683.0,62.51%,785xx,TX,1 year,0.0,62.51,1
4000.0,,redhmp,504.0,15.37%,560xx,MN,6 years,0.0,15.37,1
15000.0,,jmplayer,535.0,13.32%,890xx,TX,10+ years,0.0,13.32,1
1200.0,,Please help,758.0,15.28%,212xx,MD,< 1 year,0.0,15.28,1
5000.0,,Schriever,477.0,5.39%,934xx,CO,< 1 year,0.0,5.39,1
8000.0,,other,698.0,33.32%,303xx,GA,4 years,0.0,33.32,1
12000.0,,debt_consolidation,705.0,6.89%,665xx,KS,< 1 year,0.0,6.89,1
19000.0,,danthemason,539.0,39.45%,225xx,VA,< 1 year,0.0,39.45,1
1500.0,,stitches04,476.0,13.45%,731xx,OK,10+ years,0.0,13.45,1
11000.0,,GrouperTrooper37,637.0,8.32%,395xx,MS,2 years,0.0,8.32,1
2000.0,,Beans,612.0,0%,026xx,MA,< 1 year,0.0,0.0,1
2500.0,,mrleester96,557.0,35.33%,731xx,OK,1 year,0.0,35.33,1
3500.0,,hockeymn889,478.0,0%,668xx,KS,2 years,0.0,0.0,1
1300.0,,brokechef,623.0,3.87%,200xx,DC,8 years,0.0,3.87,1
575.0,,rmj72401,512.0,31.21%,724xx,AR,< 1 year,0.0,31.21,1
11000.0,,soccergoalie119,663.0,107.26%,155xx,PA,< 1 year,0.0,107.26,1
5000.0,,debt_consolidation,673.0,10.15%,668xx,KS,2 years,0.0,10.15,1
7000.0,,dink0212,491.0,11.36%,857xx,AZ,2 years,0.0,11.36,1
10000.0,,debt_consolidation,685.0,38.88%,018xx,MA,< 1 year,0.0,38.88,1
3000.0,,debt_consolidation,675.0,38.12%,681xx,NE,6 years,0.0,38.12,1
2400.0,,Please help with unexpected medical bill,596.0,13.94%,744xx,OK,5 years,0.0,13.94,1
2000.0,,michrileigh,441.0,15.67%,891xx,NV,3 years,0.0,15.67,1
1500.0,,debt_consolidation,685.0,35%,284xx,NC,4 years,0.0,35.0,1
7500.0,,beauloxyboi,604.0,16.83%,395xx,MS,2 years,0.0,16.83,1
7000.0,,smcc,624.0,2.46%,300xx,GA,< 1 year,0.0,2.46,1
1000.0,,chris79,582.0,15.38%,664xx,KS,2 years,0.0,15.38,1
5000.0,,home_improvement,702.0,10.07%,334xx,FL,8 years,0.0,10.07,1
10000.0,,ftgdave,659.0,13.52%,744xx,OK,10+ years,0.0,13.52,1
500.0,,bart25,537.0,13.39%,985xx,WA,9 years,0.0,13.39,1
5000.0,,WORKINGMANOF3,549.0,32.38%,358xx,AL,6 years,0.0,32.38,1
10000.0,,debt_consolidation,661.0,35.73%,077xx,NJ,4 years,0.0,35.73,1
5000.0,,WORKINGMOTHEROF3,436.0,16.24%,358xx,AL,1 year,0.0,16.24,1
25000.0,,2Elisaiah,479.0,34.2%,300xx,GA,5 years,0.0,34.2,1
2000.0,,apexsa,499.0,5.62%,782xx,TX,< 1 year,0.0,5.62,1
1500.0,,Sheketra,471.0,0%,245xx,VA,< 1 year,0.0,0.0,1
8000.0,,okra22,601.0,0.42%,750xx,TX,6 years,0.0,0.42,1
7000.0,,bigman,509.0,11.44%,917xx,GA,10+ years,0.0,11.44,1
1500.0,,Passion2477,414.0,4.64%,469xx,IN,4 years,0.0,4.64,1
8000.0,,jpogantsch,441.0,4.69%,531xx,WI,8 years,0.0,4.69,1
25000.0,,astairekelly,429.0,10.32%,357xx,AL,< 1 year,0.0,10.32,1
25000.0,,bussiness expansion,753.0,10.64%,370xx,TN,9 years,0.0,10.64,1
5300.0,,eaumana,612.0,17.55%,685xx,NE,< 1 year,0.0,17.55,1
500.0,,shelac43,466.0,13.56%,774xx,TX,< 1 year,0.0,13.56,1
5000.0,,braddenj,519.0,0.5%,221xx,VA,3 years,0.0,0.5,1
20000.0,,debt_consolidation,739.0,31.8%,027xx,MA,10+ years,0.0,31.8,1
10000.0,,other,788.0,0%,631xx,MO,< 1 year,0.0,0.0,1
2000.0,,other,670.0,0.94%,112xx,NY,2 years,0.0,0.94,1
20000.0,,SamandTraci,467.0,25.68%,598xx,MT,2 years,0.0,25.68,1
6000.0,,marie616,529.0,3.47%,453xx,OH,4 years,0.0,3.47,1
3500.0,,VINTAGE,472.0,7.82%,302xx,GA,3 years,0.0,7.82,1
20000.0,,AMRY0901,610.0,18.91%,750xx,TX,10+ years,0.0,18.91,1
15000.0,,debt_consolidation,,100%,078xx,NJ,10+ years,0.0,100.0,1
8000.0,,akramer77,485.0,6.45%,761xx,TX,< 1 year,0.0,6.45,1
6000.0,,samson1970ss,539.0,1.08%,761xx,TX,1 year,0.0,1.08,1
17375.0,,JLASFS,568.0,20.46%,324xx,FL,10+ years,0.0,20.46,1
6000.0,,personal loan,743.0,11.08%,303xx,GA,< 1 year,0.0,11.08,1
15000.0,,other,653.0,50.91%,465xx,IN,10+ years,0.0,50.91,1
3000.0,,ejkirkpat,494.0,39.44%,775xx,TX,3 years,0.0,39.44,1
2500.0,,Mr. Clark,554.0,0.77%,021xx,MA,1 year,0.0,0.77,1
5000.0,,debt_consolidation,604.0,3.13%,300xx,GA,8 years,0.0,3.13,1
6500.0,,jokahub3,501.0,0%,778xx,TX,< 1 year,0.0,0.0,1
18200.0,,petoir,634.0,28.36%,441xx,OH,< 1 year,0.0,28.36,1
20000.0,,khardt,670.0,26.66%,450xx,OH,< 1 year,0.0,26.66,1
1500.0,,kaykay,432.0,23.09%,285xx,NC,< 1 year,0.0,23.09,1
8000.0,,Boanerges57,622.0,11.7%,531xx,WI,2 years,0.0,11.7,1
4000.0,,debt_consolidation,770.0,15.89%,282xx,NC,< 1 year,0.0,15.89,1
20000.0,,other,651.0,11.68%,076xx,NJ,6 years,0.0,11.68,1
3500.0,,kevin ray,430.0,0%,267xx,WV,2 years,0.0,0.0,1
10000.0,,geri girl,574.0,22.25%,891xx,NE,< 1 year,0.0,22.25,1
5000.0,,ern alxndra,513.0,32.98%,240xx,VA,< 1 year,0.0,32.98,1
2000.0,,mzmonks0824,421.0,0.69%,717xx,AR,3 years,0.0,0.69,1
20000.0,,sandyshae,515.0,72.06%,071xx,NJ,< 1 year,0.0,72.06,1
10000.0,,debt_consolidation,654.0,53.37%,307xx,GA,10+ years,0.0,53.37,1
25000.0,,kwhbllc,550.0,37.15%,852xx,AZ,9 years,0.0,37.15,1
18000.0,,debt_consolidation,740.0,25.2%,841xx,UT,10+ years,0.0,25.2,1
3000.0,,debt consolidation,534.0,5.97%,477xx,IN,< 1 year,0.0,5.97,1
7500.0,,hipp1121,451.0,0.44%,160xx,PA,10+ years,0.0,0.44,1
10000.0,,Larry Love,476.0,16.59%,422xx,KY,< 1 year,0.0,16.59,1
500.0,,metaphasia.tap,590.0,18.8%,333xx,FL,< 1 year,0.0,18.8,1
6000.0,,other,670.0,8.47%,700xx,LA,10+ years,0.0,8.47,1
5000.0,,randyj,727.0,62.84%,774xx,TX,10+ years,0.0,62.84,1
25000.0,,rt1963,665.0,26.21%,800xx,CO,4 years,0.0,26.21,1
1500.0,,Lopes,609.0,0.72%,980xx,WA,1 year,0.0,0.72,1
9000.0,,treeman,639.0,11.23%,310xx,GA,10+ years,0.0,11.23,1
2500.0,,spawn,499.0,10.76%,765xx,TX,5 years,0.0,10.76,1
1500.0,,mahaffey50,665.0,32.52%,146xx,NY,< 1 year,0.0,32.52,1
5500.0,,BillyBob,0.0,0%,563xx,MN,< 1 year,0.0,0.0,1
25000.0,,rteam,674.0,13.73%,770xx,TX,10+ years,0.0,13.73,1
20000.0,,RUGGIESGIRL,0.0,0%,377xx,TN,9 years,0.0,0.0,1
20000.0,,other,630.0,0.48%,100xx,NY,8 years,0.0,0.48,1
25000.0,,MD Webmedrecords,732.0,29.04%,598xx,MT,1 year,0.0,29.04,1
1000.0,,Borrower0069,466.0,28.11%,595xx,MT,5 years,0.0,28.11,1
6500.0,,other,668.0,0.3%,306xx,GA,6 years,0.0,0.3,1
5000.0,,CDL Training Loan,686.0,23.92%,462xx,IN,1 year,0.0,23.92,1
12000.0,,Buying First home,686.0,9.36%,323xx,FL,< 1 year,0.0,9.36,1
1000.0,,rower1,613.0,106.56%,021xx,MA,< 1 year,0.0,106.56,1
3000.0,,wbooten2008,0.0,0%,390xx,MS,< 1 year,0.0,0.0,1
7500.0,,joemyers1961,484.0,0.45%,292xx,SC,< 1 year,0.0,0.45,1
2000.0,,c246cp,517.0,0%,773xx,TX,4 years,0.0,0.0,1
5500.0,,wendyg313,509.0,0%,767xx,TX,3 years,0.0,0.0,1
17000.0,,Nuchols,712.0,1.78%,294xx,WA,5 years,0.0,1.78,1
3000.0,,i need to pay the taxes on my home,537.0,15.24%,757xx,TX,< 1 year,0.0,15.24,1
5000.0,,sgriffin21224,415.0,1.07%,212xx,MD,< 1 year,0.0,1.07,1
3500.0,,kahneracer09,546.0,2.03%,444xx,OH,10+ years,0.0,2.03,1
5000.0,,debt_consolidation,668.0,50.24%,070xx,NJ,2 years,0.0,50.24,1
5000.0,,Need help,422.0,7.47%,773xx,TX,< 1 year,0.0,7.47,1
15000.0,,other,578.0,38.95%,871xx,NM,6 years,0.0,38.95,1
13000.0,,debt_consolidation,705.0,31.45%,087xx,NJ,< 1 year,0.0,31.45,1
500.0,,mailman,505.0,9.04%,381xx,TN,10+ years,0.0,9.04,1
1300.0,,ShawnP911,574.0,2.27%,750xx,TX,1 year,0.0,2.27,1
16500.0,,major_purchase,653.0,9.6%,802xx,CO,6 years,0.0,9.6,1
20000.0,,justkell,628.0,12.91%,119xx,NY,5 years,0.0,12.91,1
5000.0,,jentana,0.0,0%,986xx,WA,8 years,0.0,0.0,1
7000.0,,Supernanny,454.0,13.52%,762xx,TX,2 years,0.0,13.52,1
20000.0,,Consolidate High Interest Credit Cards. ,,100%,710xx,LA,10+ years,0.0,100.0,1
5000.0,,daniel friend of billw,580.0,11.52%,857xx,AZ,3 years,0.0,11.52,1
1250.0,,Doc72,477.0,15.38%,452xx,OH,7 years,0.0,15.38,1
6000.0,,tilegal1,580.0,18.56%,335xx,FL,10+ years,0.0,18.56,1
20000.0,,halfkrazy,457.0,28.16%,234xx,VA,9 years,0.0,28.16,1
25000.0,,Real Estate Acquisition - Seed Fund,679.0,15.19%,338xx,FL,5 years,0.0,15.19,1
1500.0,,major_purchase,711.0,0.31%,314xx,GA,2 years,0.0,0.31,1
15000.0,,debt_consolidation,659.0,6.45%,285xx,NC,2 years,0.0,6.45,1
15000.0,,primowhse,577.0,15.41%,752xx,TX,10+ years,0.0,15.41,1
1000.0,,njoy41501,462.0,1.42%,147xx,NY,1 year,0.0,1.42,1
17000.0,,East Ave,632.0,67.63%,132xx,NY,< 1 year,0.0,67.63,1
12000.0,,deborah99,412.0,0%,302xx,GA,10+ years,0.0,0.0,1
10000.0,,Nelle14,496.0,1.26%,541xx,WI,< 1 year,0.0,1.26,1
2600.0,,cdoucette,665.0,57.52%,236xx,VA,9 years,0.0,57.52,1
15000.0,,debt_consolidation,637.0,20.96%,274xx,NC,10+ years,0.0,20.96,1
18500.0,,debt_consolidation,644.0,80.71%,658xx,MO,1 year,0.0,80.71,1
18000.0,,debt_consolidation,689.0,46.25%,120xx,NY,8 years,0.0,46.25,1
10100.0,,debt_consolidation,698.0,56.43%,462xx,IN,2 years,0.0,56.43,1
16000.0,,roomeht,612.0,7.67%,200xx,DC,7 years,0.0,7.67,1
3000.0,,Needing a car,0.0,0%,272xx,NC,1 year,0.0,0.0,1
2000.0,,Single Mom,432.0,11.3%,323xx,FL,8 years,0.0,11.3,1
6000.0,,Getting ready for New Baby,657.0,18.7%,460xx,IN,4 years,0.0,18.7,1
2000.0,,VenomDesign,592.0,16.06%,080xx,NJ,1 year,0.0,16.06,1
10000.0,,vining,488.0,0.46%,018xx,MA,2 years,0.0,0.46,1
1000.0,,other,,100%,146xx,NY,6 years,0.0,100.0,1
15000.0,,Personal Loan,768.0,17.84%,012xx,MA,8 years,0.0,17.84,1
20000.0,,newport4,620.0,13.56%,015xx,MA,6 years,0.0,13.56,1
2000.0,,M5Le,522.0,28.13%,018xx,MA,< 1 year,0.0,28.13,1
15000.0,,debt_consolidation,638.0,32.29%,549xx,WI,7 years,0.0,32.29,1
2000.0,,awright,545.0,100.34%,815xx,CO,9 years,0.0,100.34,1
500.0,,Jonn_Tour,0.0,0%,813xx,CO,2 years,0.0,0.0,1
15000.0,,ericmichael,0.0,0%,333xx,FL,10+ years,0.0,0.0,1
5000.0,,ChrisBoston,617.0,9.45%,021xx,MA,< 1 year,0.0,9.45,1
500.0,,thestormisover,438.0,6.58%,631xx,MO,4 years,0.0,6.58,1
3000.0,,needhelpnow,417.0,11.51%,440xx,OH,1 year,0.0,11.51,1
10000.0,,debt_consolidation,668.0,63.02%,531xx,WI,4 years,0.0,63.02,1
20000.0,,mercyenterprises,676.0,17.09%,319xx,GA,5 years,0.0,17.09,1
1000.0,,mysticair29,0.0,0%,347xx,FL,1 year,0.0,0.0,1
7500.0,,debt_consolidation,635.0,4.78%,085xx,NJ,8 years,0.0,4.78,1
5000.0,,bbrooks21224,0.0,0%,212xx,MD,< 1 year,0.0,0.0,1
4000.0,,rayeanng,489.0,1.5%,640xx,MO,4 years,0.0,1.5,1
25000.0,,Lovemykids,476.0,27.5%,986xx,WA,1 year,0.0,27.5,1
1200.0,,bad_boy17872,0.0,0%,178xx,MD,< 1 year,0.0,0.0,1
15000.0,,indebtneedhelppz,633.0,452.47%,380xx,TN,< 1 year,0.0,452.47,1
5000.0,,Zanthina1,647.0,56.52%,640xx,MO,< 1 year,0.0,56.52,1
500.0,,blackdancer85,436.0,20.35%,104xx,NY,< 1 year,0.0,20.35,1
12000.0,,Sarge,567.0,22.29%,210xx,MD,10+ years,0.0,22.29,1
6000.0,,lanza1960,657.0,9.3%,339xx,FL,5 years,0.0,9.3,1
7500.0,,GypsyBear,485.0,17.5%,452xx,OH,< 1 year,0.0,17.5,1
3000.0,,pumpkin,0.0,0%,997xx,AK,10+ years,0.0,0.0,1
10000.0,,NEWJERSEY1979,515.0,9.84%,303xx,GA,3 years,0.0,9.84,1
2500.0,,becky313,471.0,0%,917xx,AZ,1 year,0.0,0.0,1
25000.0,,Bitonto,752.0,19.18%,554xx,MN,< 1 year,0.0,19.18,1
25000.0,,rjmarchetti,711.0,30.26%,068xx,CT,6 years,0.0,30.26,1
2300.0,,jeh,516.0,2.77%,322xx,FL,5 years,0.0,2.77,1
25000.0,,chocaloca,691.0,90%,551xx,MN,< 1 year,0.0,90.0,1
4000.0,,Vinyah,0.0,0%,320xx,FL,< 1 year,0.0,0.0,1
25000.0,,elias,690.0,22.2%,551xx,MN,3 years,0.0,22.2,1
5000.0,,other,,100%,104xx,NY,6 years,0.0,100.0,1
8000.0,,debt_consolidation,625.0,30.94%,331xx,FL,10+ years,0.0,30.94,1
2000.0,,Becky,528.0,0%,322xx,FL,3 years,0.0,0.0,1
10500.0,,debt_consolidation,628.0,44.76%,137xx,NY,10+ years,0.0,44.76,1
5000.0,,phil0504,484.0,22.57%,242xx,VA,1 year,0.0,22.57,1
16500.0,,major_purchase,686.0,78.29%,802xx,CO,< 1 year,0.0,78.29,1
5000.0,,nurseKelli,573.0,6.16%,864xx,AZ,< 1 year,0.0,6.16,1
5000.0,,gabby02,764.0,33.93%,541xx,WI,< 1 year,0.0,33.93,1
20000.0,,debt_consolidation,646.0,19.5%,104xx,NY,< 1 year,0.0,19.5,1
2000.0,,oneevildreamer,439.0,3.42%,166xx,MD,1 year,0.0,3.42,1
10000.0,,msnyla27,502.0,30.63%,207xx,MD,2 years,0.0,30.63,1
6000.0,,other,680.0,35.1%,871xx,NM,8 years,0.0,35.1,1
15000.0,,other,734.0,31.14%,329xx,FL,< 1 year,0.0,31.14,1
15000.0,,debt_consolidation,686.0,51%,662xx,KS,10+ years,0.0,51.0,1
1000.0,,meglundy,430.0,16.21%,537xx,WI,< 1 year,0.0,16.21,1
1500.0,,tek,572.0,7.01%,328xx,FL,1 year,0.0,7.01,1
3000.0,,other,702.0,2.72%,820xx,WY,< 1 year,0.0,2.72,1
10000.0,,other,621.0,17.14%,112xx,NY,2 years,0.0,17.14,1
1500.0,,startup capital,448.0,16.75%,374xx,TN,< 1 year,0.0,16.75,1
20800.0,,miketips,663.0,22.77%,383xx,TX,< 1 year,0.0,22.77,1
2500.0,,rusty1,432.0,48.61%,782xx,TX,< 1 year,0.0,48.61,1
5000.0,,home_improvement,,100%,462xx,IN,10+ years,0.0,100.0,1
7400.0,,Credit Card  Debit,720.0,13.07%,752xx,TX,< 1 year,0.0,13.07,1
500.0,,jnycgirl23,485.0,0%,112xx,NY,5 years,0.0,0.0,1
12000.0,,arizona2007,651.0,30.37%,852xx,AZ,2 years,0.0,30.37,1
1000.0,,ashiz,510.0,10.82%,021xx,MA,1 year,0.0,10.82,1
17000.0,,snips,662.0,16.67%,991xx,WA,4 years,0.0,16.67,1
500.0,,CBarnum,526.0,0%,850xx,AZ,4 years,0.0,0.0,1
1500.0,,DRWILLIAMS47,549.0,53.26%,238xx,VA,4 years,0.0,53.26,1
5000.0,,shekinah22,416.0,0%,265xx,WV,1 year,0.0,0.0,1
22000.0,,debt_consolidation,722.0,42.66%,206xx,MD,10+ years,0.0,42.66,1
15000.0,,piszard,554.0,67.14%,220xx,VA,< 1 year,0.0,67.14,1
2000.0,,BC1204,542.0,7.83%,300xx,GA,2 years,0.0,7.83,1
9900.0,,lasalsa07,581.0,26.45%,042xx,ME,1 year,0.0,26.45,1
12000.0,,lulu13551,673.0,8.76%,770xx,TX,5 years,0.0,8.76,1
4000.0,,ewgf2002,498.0,0%,218xx,MD,1 year,0.0,0.0,1
14000.0,,kgarraway,711.0,10.51%,112xx,NY,1 year,0.0,10.51,1
9800.0,,backhoeboy,490.0,38.04%,282xx,NC,10+ years,0.0,38.04,1
20000.0,,other,667.0,4.67%,460xx,IN,6 years,0.0,4.67,1
1000.0,,candygirl,447.0,17.93%,238xx,VA,10+ years,0.0,17.93,1
5000.0,,Dental/Personal Loan,715.0,23.15%,324xx,FL,1 year,0.0,23.15,1
4000.0,,lisagould,520.0,42.18%,814xx,CO,2 years,0.0,42.18,1
12000.0,,other,788.0,0%,280xx,NC,10+ years,0.0,0.0,1
3000.0,,Jerrygould,485.0,31.15%,814xx,CO,2 years,0.0,31.15,1
12375.0,,Consolidation,688.0,15.43%,299xx,SC,10+ years,0.0,15.43,1
2000.0,,dirkman,577.0,3.3%,563xx,MS,2 years,0.0,3.3,1
3000.0,,singlemotherof5,585.0,15.86%,462xx,IN,4 years,0.0,15.86,1
16500.0,,CFguy,540.0,11.57%,537xx,WI,< 1 year,0.0,11.57,1
5500.0,,other,692.0,62.2%,307xx,GA,6 years,0.0,62.2,1
15000.0,,debt_consolidation,,100%,477xx,IN,10+ years,0.0,100.0,1
6500.0,,other,727.0,15.4%,023xx,MA,6 years,0.0,15.4,1
15000.0,,debt_consolidation,654.0,52.07%,271xx,NC,6 years,0.0,52.07,1
7500.0,,mjkbed,443.0,14.43%,080xx,NJ,< 1 year,0.0,14.43,1
20000.0,,nomorebanks,678.0,15.41%,201xx,VA,3 years,0.0,15.41,1
6000.0,,dave58,0.0,0%,293xx,SC,< 1 year,0.0,0.0,1
6000.0,,debt_consolidation,678.0,55.36%,273xx,NC,2 years,0.0,55.36,1
20000.0,,debt_consolidation,668.0,27.72%,070xx,NJ,< 1 year,0.0,27.72,1
5000.0,,shekinah465,416.0,0%,265xx,WV,1 year,0.0,0.0,1
800.0,,browngx421,557.0,31.72%,325xx,FL,4 years,0.0,31.72,1
24000.0,,debt_consolidation,610.0,14.73%,070xx,NJ,2 years,0.0,14.73,1
6500.0,,Nigeria,463.0,11.53%,212xx,MD,2 years,0.0,11.53,1
1500.0,,other,,100%,312xx,GA,< 1 year,0.0,100.0,1
5000.0,,moosey45,557.0,4.45%,622xx,MO,1 year,0.0,4.45,1
2000.0,,mnms,467.0,8.03%,857xx,AZ,10+ years,0.0,8.03,1
1500.0,,other,0.0,0.96%,278xx,NC,< 1 year,0.0,0.96,1
2500.0,,BILLYKISSO,506.0,22.32%,606xx,IN,3 years,0.0,22.32,1
5000.0,,dubc16,0.0,0%,432xx,OH,1 year,0.0,0.0,1
5000.0,,fef1616,695.0,21.02%,432xx,OH,9 years,0.0,21.02,1
8000.0,,Irish80,653.0,58.66%,109xx,NY,3 years,0.0,58.66,1
15000.0,,other,661.0,28.31%,077xx,NJ,10+ years,0.0,28.31,1
3000.0,,Cash,511.0,3.75%,535xx,WI,7 years,0.0,3.75,1
600.0,,Jwilkins120,547.0,38.76%,490xx,MS,2 years,0.0,38.76,1
4000.0,,brsmith46,676.0,14.59%,373xx,TN,1 year,0.0,14.59,1
2500.0,,Getting out of debt,391.0,5.16%,606xx,IL,6 years,0.0,5.16,1
25000.0,,Sgmbags,647.0,7.3%,221xx,VA,< 1 year,0.0,7.3,1
2000.0,,School and Rent Help,705.0,12.16%,640xx,MO,10+ years,0.0,12.16,1
3500.0,,other,,100%,302xx,GA,< 1 year,0.0,100.0,1
2500.0,,major_purchase,718.0,92.68%,840xx,UT,10+ years,0.0,92.68,1
15000.0,,SteveRn,640.0,34.78%,783xx,TX,10+ years,0.0,34.78,1
20000.0,,Debt consolidation,726.0,48.79%,300xx,GA,7 years,0.0,48.79,1
20000.0,,debt_consolidation,586.0,108.15%,468xx,IN,10+ years,0.0,108.15,1
3500.0,,movingforward,607.0,20.58%,685xx,NE,< 1 year,0.0,20.58,1
21000.0,,Fairytale Wedding,792.0,9.14%,322xx,FL,6 years,0.0,9.14,1
19000.0,,debt_consolidation,620.0,13.23%,301xx,GA,2 years,0.0,13.23,1
25000.0,,rndiver,654.0,20.08%,982xx,WA,< 1 year,0.0,20.08,1
3600.0,,debt consolidation,646.0,18.53%,530xx,WI,< 1 year,0.0,18.53,1
8000.0,,other,618.0,10.08%,300xx,GA,3 years,0.0,10.08,1
5000.0,,needhelp,502.0,0%,455xx,OH,10+ years,0.0,0.0,1
2500.0,,silver2756,467.0,16.35%,223xx,VA,1 year,0.0,16.35,1
15000.0,,Gdrive13,625.0,43.74%,344xx,FL,< 1 year,0.0,43.74,1
10000.0,,salgal,704.0,50.08%,989xx,WA,10+ years,0.0,50.08,1
3500.0,,debtBgone,436.0,41.81%,997xx,AK,5 years,0.0,41.81,1
500.0,,close a high rate credit card,738.0,9.87%,469xx,IN,< 1 year,0.0,9.87,1
525.0,,Poor student getting married!,722.0,0.28%,021xx,MA,< 1 year,0.0,0.28,1
25000.0,,EstateRose,685.0,32.47%,989xx,WA,5 years,0.0,32.47,1
500.0,,consolidate my debt,807.0,0.33%,322xx,FL,< 1 year,0.0,0.33,1
9000.0,,debt_consolidation,669.0,26.76%,665xx,KS,10+ years,0.0,26.76,1
15000.0,,rbennett,578.0,14.43%,112xx,NY,3 years,0.0,14.43,1
25000.0,,speedycalabro2,616.0,18.21%,019xx,MA,< 1 year,0.0,18.21,1
5000.0,,crystal,501.0,30.32%,324xx,FL,5 years,0.0,30.32,1
7500.0,,debt_consolidation,627.0,35.73%,136xx,NY,10+ years,0.0,35.73,1
20000.0,,"I have an obligation of child support that I thought had been rectified when the ex had said(in court) I owed her 10,000 dollars,and that was all she wanted.The state continued to add on to this debt and again I am in the red with this obligation.I am on retirement income(fixed)but do pay my bills.If this loan is granted I will aquire a life insurance policy on my life and have the grantor of this loan as the beneficiary while I continue to make payments in a timely manner.",681.0,444.75%,535xx,WI,10+ years,0.0,444.75,1
2000.0,,angelademahy,496.0,8.01%,330xx,FL,2 years,0.0,8.01,1
14000.0,,netager,628.0,20.75%,299xx,SC,2 years,0.0,20.75,1
2500.0,,soloaj42,402.0,15.83%,295xx,SC,7 years,0.0,15.83,1
25000.0,,chmarykay,442.0,3.36%,302xx,GA,10+ years,0.0,3.36,1
20000.0,,other,700.0,5.89%,302xx,GA,6 years,0.0,5.89,1
500.0,,rick,470.0,325.6%,852xx,AZ,5 years,0.0,325.6,1
2500.0,,barryd444,429.0,21.28%,452xx,OH,10+ years,0.0,21.28,1
1500.0,,debt_consolidation,,100%,300xx,GA,< 1 year,0.0,100.0,1
20000.0,,darren1098,636.0,30.9%,372xx,TN,3 years,0.0,30.9,1
5000.0,,redraider44,550.0,0%,762xx,TX,8 years,0.0,0.0,1
20000.0,,other,657.0,24.84%,106xx,NY,10+ years,0.0,24.84,1
5000.0,,Joybird04,731.0,14.24%,460xx,IN,1 year,0.0,14.24,1
2000.0,,caracofe77,606.0,22.52%,338xx,FL,1 year,0.0,22.52,1
6000.0,,major_purchase,711.0,0%,080xx,NJ,3 years,0.0,0.0,1
1500.0,,ginparo,616.0,18.85%,720xx,AR,10+ years,0.0,18.85,1
7000.0,,Pack,388.0,45.55%,809xx,CO,2 years,0.0,45.55,1
20000.0,,debt_consolidation,655.0,22.48%,210xx,MD,10+ years,0.0,22.48,1
3000.0,,Arcturus4,666.0,7.33%,378xx,TN,< 1 year,0.0,7.33,1
13000.0,,major_purchase,706.0,14.76%,467xx,IN,4 years,0.0,14.76,1
5000.0,,animaluva76,542.0,26.82%,334xx,FL,10+ years,0.0,26.82,1
6000.0,,cbcclyne,433.0,1.44%,303xx,GA,< 1 year,0.0,1.44,1
1500.0,,other,585.0,17.59%,475xx,IN,4 years,0.0,17.59,1
500.0,,tessa102576,0.0,0%,770xx,TX,< 1 year,0.0,0.0,1
4000.0,,debt_consolidation,684.0,7.07%,211xx,MD,< 1 year,0.0,7.07,1
500.0,,cynner,424.0,26.73%,641xx,MO,5 years,0.0,26.73,1
6000.0,,other,692.0,51.83%,307xx,GA,6 years,0.0,51.83,1
2500.0,,tem612,537.0,5.42%,067xx,CT,7 years,0.0,5.42,1
25000.0,,Bella06,435.0,19.2%,103xx,NY,3 years,0.0,19.2,1
9500.0,,joseprz,522.0,16.61%,606xx,IN,10+ years,0.0,16.61,1
20750.0,,chrisshollis,678.0,44.98%,750xx,TX,< 1 year,0.0,44.98,1
3500.0,,vcsmith48b,599.0,45.39%,373xx,TN,< 1 year,0.0,45.39,1
17000.0,,debt_consolidation,669.0,46.33%,337xx,FL,10+ years,0.0,46.33,1
3500.0,,Tx_beauty77,0.0,6%,770xx,TX,1 year,0.0,6.0,1
1000.0,,budvic,475.0,14.18%,783xx,TX,4 years,0.0,14.18,1
25000.0,,Reggie Dingle,614.0,7.85%,275xx,NC,10+ years,0.0,7.85,1
5000.0,,pleasehelpme,0.0,0%,784xx,TX,2 years,0.0,0.0,1
2000.0,,other,651.0,87.84%,706xx,LA,< 1 year,0.0,87.84,1
3000.0,,other,695.0,0%,100xx,NY,3 years,0.0,0.0,1
500.0,,ghostn,482.0,14.48%,336xx,FL,< 1 year,0.0,14.48,1
15000.0,,wan9,643.0,16.67%,301xx,GA,2 years,0.0,16.67,1
4000.0,,gisgeekgirl,399.0,3.51%,840xx,UT,1 year,0.0,3.51,1
7000.0,,darbon,619.0,37.14%,535xx,WI,10+ years,0.0,37.14,1
10000.0,,chaay123,523.0,0%,441xx,OH,1 year,0.0,0.0,1
5000.0,,will2146,460.0,27.48%,531xx,WI,9 years,0.0,27.48,1
10000.0,,major_purchase,648.0,20.12%,080xx,NJ,6 years,0.0,20.12,1
20000.0,,Credit,703.0,11.91%,080xx,NJ,10+ years,0.0,11.91,1
800.0,,Vanessa24,494.0,3.84%,891xx,NV,1 year,0.0,3.84,1
4000.0,,Christmas and consolidate two bills,675.0,12.25%,275xx,NC,4 years,0.0,12.25,1
20000.0,,major_purchase,707.0,15.36%,032xx,NH,6 years,0.0,15.36,1
25000.0,,Ronald Sapp,575.0,25.05%,974xx,OH,7 years,0.0,25.05,1
500.0,,Falkie2007,443.0,9.04%,945xx,AZ,10+ years,0.0,9.04,1
20000.0,,home_improvement,,100%,302xx,GA,4 years,0.0,100.0,1
500.0,,Bonnie Scott,479.0,19.36%,302xx,GA,4 years,0.0,19.36,1
6500.0,,debt_consolidation,664.0,29.33%,631xx,MO,4 years,0.0,29.33,1
25000.0,,ezGear is Growing,800.0,8.2%,841xx,UT,4 years,0.0,8.2,1
20000.0,,major_purchase,715.0,5.55%,335xx,FL,4 years,0.0,5.55,1
10000.0,,HowBoutDemCowboys,621.0,23.72%,989xx,WA,2 years,0.0,23.72,1
20000.0,,debt_consolidation,,100%,115xx,NY,4 years,0.0,100.0,1
3000.0,,Jtedgar,593.0,30.16%,840xx,UT,6 years,0.0,30.16,1
5000.0,,grace,499.0,24.33%,784xx,TX,4 years,0.0,24.33,1
5000.0,,major_purchase,660.0,41.13%,300xx,GA,4 years,0.0,41.13,1
12000.0,,jnjcoombs,407.0,10.57%,078xx,NJ,10+ years,0.0,10.57,1
10000.0,,other,677.0,11.82%,314xx,GA,10+ years,0.0,11.82,1
10000.0,,dcas,755.0,25.67%,112xx,NY,10+ years,0.0,25.67,1
13000.0,,debt_consolidation,664.0,64.64%,809xx,CO,< 1 year,0.0,64.64,1
3000.0,,ntu,593.0,25.81%,967xx,HI,7 years,0.0,25.81,1
8000.0,,other,681.0,37.84%,342xx,FL,< 1 year,0.0,37.84,1
2000.0,,fuzzywoman,641.0,6.16%,985xx,WA,< 1 year,0.0,6.16,1
25000.0,,SAStover,622.0,68.44%,063xx,CT,< 1 year,0.0,68.44,1
14000.0,,bmlongmire,603.0,41.33%,301xx,GA,< 1 year,0.0,41.33,1
10000.0,,debt_consolidation,686.0,36.75%,540xx,WI,6 years,0.0,36.75,1
20000.0,,irishgolfpro1,535.0,2.76%,028xx,MT,1 year,0.0,2.76,1
15000.0,,upliftus,508.0,18.04%,381xx,TN,4 years,0.0,18.04,1
5000.0,,FoxysWorld,422.0,1.04%,212xx,MD,2 years,0.0,1.04,1
20000.0,,debt_consolidation,639.0,7.08%,305xx,GA,10+ years,0.0,7.08,1
2500.0,,indiana1970,417.0,15.47%,467xx,IN,< 1 year,0.0,15.47,1
3500.0,,nsummitt,518.0,22.21%,305xx,GA,1 year,0.0,22.21,1
1500.0,,Apples,515.0,16.91%,956xx,AZ,1 year,0.0,16.91,1
1500.0,,other,655.0,41.52%,285xx,NC,8 years,0.0,41.52,1
15000.0,,mysaved22,677.0,26.92%,598xx,MT,2 years,0.0,26.92,1
500.0,,Bank,712.0,38.93%,370xx,TN,2 years,0.0,38.93,1
25000.0,,rmagedler,627.0,13.54%,331xx,FL,10+ years,0.0,13.54,1
2600.0,,stuartja,496.0,25.47%,449xx,OH,2 years,0.0,25.47,1
2500.0,,sunshine1328,544.0,20.64%,410xx,KY,2 years,0.0,20.64,1
20000.0,,CoachAM,532.0,15.33%,462xx,IN,< 1 year,0.0,15.33,1
20000.0,,crystalmychelle,732.0,36.96%,325xx,FL,1 year,0.0,36.96,1
8000.0,,Personal,675.0,12.54%,672xx,KS,1 year,0.0,12.54,1
1500.0,,jonjessi,523.0,14.22%,765xx,TX,5 years,0.0,14.22,1
7500.0,,gwill,418.0,15.66%,774xx,TX,< 1 year,0.0,15.66,1
5000.0,,mwalkup,625.0,13.48%,773xx,TX,1 year,0.0,13.48,1
8000.0,,Roccos Mom,565.0,33.65%,053xx,VT,3 years,0.0,33.65,1
4000.0,,Alanisgood,631.0,9.6%,200xx,DC,< 1 year,0.0,9.6,1
6100.0,,thill123,600.0,7.52%,759xx,TX,9 years,0.0,7.52,1
23000.0,,mnordin,694.0,17.5%,995xx,AK,1 year,0.0,17.5,1
10000.0,,leo,500.0,14.98%,871xx,NM,1 year,0.0,14.98,1
2000.0,,bugg2563,443.0,2.47%,970xx,OR,1 year,0.0,2.47,1
15000.0,,debt_consolidation,700.0,30.02%,130xx,NY,10+ years,0.0,30.02,1
2500.0,,chrisstark79,569.0,14.07%,664xx,KS,1 year,0.0,14.07,1
5000.0,,JJ3,573.0,14.81%,462xx,IN,< 1 year,0.0,14.81,1
8000.0,,kwalkup,642.0,470.4%,773xx,TX,< 1 year,0.0,470.4,1
20000.0,,Need Capital for Business Expansion,749.0,5.7%,207xx,MD,1 year,0.0,5.7,1
1000.0,,rockyvalley,627.0,19.61%,260xx,WV,< 1 year,0.0,19.61,1
3000.0,,other,622.0,2%,011xx,MA,10+ years,0.0,2.0,1
10000.0,,debt_consolidation,661.0,24.82%,083xx,NJ,< 1 year,0.0,24.82,1
6500.0,,Ms. Betnon,406.0,27.04%,631xx,MO,7 years,0.0,27.04,1
5000.0,,ecb,635.0,4.19%,930xx,CA,1 year,0.0,4.19,1
500.0,,beaubrummel9,425.0,25.96%,333xx,FL,1 year,0.0,25.96,1
25000.0,,grace-55,579.0,47.69%,322xx,FL,10+ years,0.0,47.69,1
1500.0,,REY P,556.0,0%,980xx,WA,< 1 year,0.0,0.0,1
25000.0,,briankeith,643.0,10.4%,430xx,OH,10+ years,0.0,10.4,1
20000.0,,debt_consolidation,666.0,46.92%,078xx,NJ,< 1 year,0.0,46.92,1
12000.0,,other,660.0,36%,302xx,GA,6 years,0.0,36.0,1
3000.0,,other,681.0,66.07%,073xx,NJ,2 years,0.0,66.07,1
21000.0,,debt_consolidation,666.0,15.53%,361xx,AL,4 years,0.0,15.53,1
3000.0,,major_purchase,639.0,6.2%,631xx,MO,8 years,0.0,6.2,1
10000.0,,jonathan_87401,603.0,36.65%,873xx,NM,5 years,0.0,36.65,1
7000.0,,help me please,533.0,13.52%,426xx,KY,7 years,0.0,13.52,1
4000.0,,debt_consolidation,683.0,40.05%,281xx,NC,< 1 year,0.0,40.05,1
8000.0,,chicago34,522.0,23.74%,750xx,TX,10+ years,0.0,23.74,1
8000.0,,SLR7166,640.0,40.75%,454xx,OH,10+ years,0.0,40.75,1
5000.0,,Stephan,469.0,3.87%,454xx,OH,2 years,0.0,3.87,1
10000.0,,shelb1,531.0,46.58%,770xx,TX,3 years,0.0,46.58,1
1500.0,,major_purchase,624.0,2.5%,683xx,NE,< 1 year,0.0,2.5,1
15000.0,,other,524.0,0%,104xx,NY,2 years,0.0,0.0,1
1500.0,,alexaz,547.0,14.58%,591xx,MT,5 years,0.0,14.58,1
10000.0,,dg99,501.0,0%,142xx,NY,< 1 year,0.0,0.0,1
2000.0,,tjm83,0.0,0%,133xx,NY,4 years,0.0,0.0,1
9800.0,,SalesPro7,705.0,15.66%,921xx,CA,3 years,0.0,15.66,1
1000.0,,Jardy,715.0,40.89%,850xx,AZ,2 years,0.0,40.89,1
21000.0,,UFC,755.0,0%,020xx,MA,< 1 year,0.0,0.0,1
2000.0,,ConsumingFire02,543.0,4.98%,631xx,MO,< 1 year,0.0,4.98,1
6000.0,,elise0185,565.0,9.4%,381xx,TN,< 1 year,0.0,9.4,1
10000.0,,eluevano,566.0,0.84%,325xx,FL,5 years,0.0,0.84,1
15000.0,,jenprice5950,512.0,26.35%,432xx,OH,3 years,0.0,26.35,1
10000.0,,jelkins,468.0,19.48%,633xx,MO,< 1 year,0.0,19.48,1
15000.0,,gailmindy,693.0,15.57%,770xx,TX,1 year,0.0,15.57,1
20000.0,,debt_consolidation,697.0,39.68%,120xx,NY,< 1 year,0.0,39.68,1
22650.58,,debt_consolidation,712.0,24.78%,275xx,NC,4 years,0.0,24.78,1
2500.0,,paseaj,676.0,28.07%,558xx,MN,1 year,0.0,28.07,1
12000.0,,major_purchase,,100%,114xx,NY,8 years,0.0,100.0,1
25000.0,,welisarage61,508.0,14.73%,010xx,MA,3 years,0.0,14.73,1
5000.0,,Vlacho,0.0,0.59%,339xx,FL,3 years,0.0,0.59,1
10000.0,,Jennaleena1,0.0,4.8%,112xx,NY,2 years,0.0,4.8,1
700.0,,rebelgirrl,452.0,12.59%,023xx,MA,< 1 year,0.0,12.59,1
2450.0,,Pay off Medical Bills!,670.0,10.67%,980xx,WA,< 1 year,0.0,10.67,1
7500.0,,justin332,582.0,19.72%,469xx,IN,4 years,0.0,19.72,1
3000.0,,alancaster34,600.0,17.43%,294xx,SC,< 1 year,0.0,17.43,1
3000.0,,other,0.0,0%,305xx,GA,10+ years,0.0,0.0,1
7000.0,,brokegirl1,414.0,2.4%,441xx,OH,1 year,0.0,2.4,1
7000.0,,poorgirl1,530.0,0%,441xx,OH,2 years,0.0,0.0,1
6000.0,,chelly,601.0,8.82%,469xx,IN,8 years,0.0,8.82,1
4000.0,,gelmor9994,457.0,12%,286xx,NC,2 years,0.0,12.0,1
9000.0,,yancyrandi,564.0,3.58%,995xx,AK,< 1 year,0.0,3.58,1
5500.0,,1999,715.0,1.46%,283xx,NC,3 years,0.0,1.46,1
8000.0,,major_purchase,,100%,112xx,NY,6 years,0.0,100.0,1
3000.0,,RileySkye,,100%,995xx,AK,1 year,0.0,100.0,1
20000.0,,debt_consolidation,647.0,26.71%,314xx,GA,10+ years,0.0,26.71,1
5000.0,,grateful,521.0,17.46%,604xx,IL,10+ years,0.0,17.46,1
2500.0,,other,643.0,22.54%,465xx,IN,10+ years,0.0,22.54,1
7000.0,,Personal loan,664.0,1.3%,117xx,NY,8 years,0.0,1.3,1
500.0,,dhakgilim,648.0,10.39%,554xx,MN,4 years,0.0,10.39,1
11000.0,,MBA Grad_08,649.0,31.22%,330xx,FL,< 1 year,0.0,31.22,1
15000.0,,debt_consolidation,,100%,302xx,GA,6 years,0.0,100.0,1
20000.0,,BEVERLY,551.0,300.42%,130xx,NY,5 years,0.0,300.42,1
4000.0,,Land Purchase Loan,679.0,2.2%,658xx,MO,< 1 year,0.0,2.2,1
10000.0,,cardhelp107,504.0,39.8%,913xx,CA,5 years,0.0,39.8,1
15000.0,,Geo38,655.0,43%,130xx,NY,< 1 year,0.0,43.0,1
2800.0,,amber84,0.0,0%,341xx,FL,6 years,0.0,0.0,1
1000.0,,don65,427.0,18.36%,341xx,FL,10+ years,0.0,18.36,1
3000.0,,major_purchase,660.0,0%,802xx,CO,4 years,0.0,0.0,1
3500.0,,iminneed,553.0,8.65%,440xx,OH,9 years,0.0,8.65,1
1500.0,,hotsweetmami143,0.0,1.5%,114xx,NY,< 1 year,0.0,1.5,1
8500.0,,soontobemarried,512.0,8.36%,913xx,CA,< 1 year,0.0,8.36,1
25000.0,,ECF777,523.0,12.62%,077xx,NJ,10+ years,0.0,12.62,1
5000.0,,ballpark,472.0,2.4%,770xx,TX,4 years,0.0,2.4,1
25000.0,,jlwiseman,433.0,2.23%,458xx,OH,2 years,0.0,2.23,1
2000.0,,bnmein07,0.0,9.33%,330xx,FL,3 years,0.0,9.33,1
7000.0,,JOHNG01,546.0,0%,283xx,NC,2 years,0.0,0.0,1
3500.0,,"Good day, I appreciate your consideration of my loan request.   Currently, I work as an independent contractor for the Federal Government, driving for a limousine service which transports Congressmen, Senators and other Government officials around Washington, DC. I am a very trustworthy and honest person with security clearance and have been with this company for almost 2 years. Prior to that, I managed a restaurant for over 20 years.   Purpose of Loan:  If I am fortunate to be granted a loan through LendingClub, I would use the money to pay my son's medical bill.  He has a $2,500 medical bill that I would like to pay off for him.   This is not a loan out of necessity....I am relatively debt free and have few expenses. I recently moved into my son's in-law suite in his home and do not have to pay rent, nor do I have any other living expenses such as utilities, however, I do help out with groceries and other small expenses.   Total Amount Requested: $3500 Monthly Net Income: I earn an average of $3,000/mo. net from my job as a diplomatic chauffeur, not including overtime.   Monthly Expenses BEFORE LendingClub Loan: $1,110  Housing: $ 0  Insurance: $ 110  Car expenses: $ 200  Utilities: $ 0  Phone, cable, internet: $ 0  Food, entertainment: $ 300  Clothing, household expenses $ 100  Credit cards and other loans: $ 150  Other expenses: $ 250   Monthly Expenses AFTER LendingClub Loan: $1,250(includes LendingClub loan payment of $150)   As you can see, I will have $1,800 left from my salary after payment of my LendingClub loan.   I have good credit and take my obligations very seriously.  According to my Experian credit report, my credit score is 712. I pride myself on always making my payments on time & will continue to do so with this LendingClub loan. I have a very clean credit history with NO Delinquencies in the past seven years. Improving my credit score is extremely important to me. I can reassure lenders that their investment in me is very safe. The repayment of my LendingClub loan will be the 1st priority each month, with payments automatically withdrawn from my bank account. I promise to make all my payments on time & never default on this loan. Thank you again for considering my loan request!  ",684.0,14.7%,200xx,DC,2 years,0.0,14.7,1
3000.0,,abqmalenurse,530.0,7.3%,871xx,NM,1 year,0.0,7.3,1
5000.0,,Teecee,531.0,6.46%,337xx,FL,1 year,0.0,6.46,1
5000.0,,major_purchase,773.0,32.68%,703xx,LA,6 years,0.0,32.68,1
4500.0,,faithmove,465.0,36.37%,300xx,GA,< 1 year,0.0,36.37,1
22500.0,,cdowns,669.0,13.73%,986xx,WA,2 years,0.0,13.73,1
17500.0,,debt_consolidation,759.0,25.67%,130xx,NY,10+ years,0.0,25.67,1
9000.0,,debt_consolidation,,100%,117xx,NY,10+ years,0.0,100.0,1
3000.0,,stella,474.0,12.48%,224xx,VA,8 years,0.0,12.48,1
1500.0,,other,658.0,43.05%,018xx,MA,6 years,0.0,43.05,1
15000.0,,jessiesiam,505.0,28.61%,207xx,MD,7 years,0.0,28.61,1
14000.0,,debt_consolidation,709.0,39.5%,352xx,AL,8 years,0.0,39.5,1
10000.0,,Mcarver74,557.0,19.34%,685xx,NE,7 years,0.0,19.34,1
5000.0,,karnescitytexas,488.0,147.6%,781xx,TX,< 1 year,0.0,147.6,1
5000.0,,kenedytexas,437.0,58%,781xx,TX,< 1 year,0.0,58.0,1
3000.0,,debt_consolidation,641.0,30.18%,531xx,WI,1 year,0.0,30.18,1
15000.0,,B_Hayes_2007,695.0,20.35%,333xx,FL,5 years,0.0,20.35,1
15000.0,,cafeaulait115,676.0,39.78%,208xx,MD,10+ years,0.0,39.78,1
5000.0,,coriolan5,519.0,29.6%,115xx,NY,2 years,0.0,29.6,1
5000.0,,johnboy1478,0.0,0%,403xx,KY,< 1 year,0.0,0.0,1
2000.0,,mermaid39,532.0,9.7%,082xx,NJ,3 years,0.0,9.7,1
2300.0,,dever23b,670.0,5.68%,321xx,FL,< 1 year,0.0,5.68,1
2500.0,,tinytee6112,425.0,37.71%,891xx,NV,2 years,0.0,37.71,1
20000.0,,debt_consolidation,717.0,45.99%,022xx,MA,4 years,0.0,45.99,1
800.0,,mrhodes11,490.0,0%,336xx,FL,1 year,0.0,0.0,1
20000.0,,jcamp,658.0,11.21%,331xx,FL,1 year,0.0,11.21,1
4500.0,,wlcmbrdg,496.0,22.8%,112xx,NY,9 years,0.0,22.8,1
2500.0,,samn11,511.0,24.19%,325xx,FL,2 years,0.0,24.19,1
4500.0,,Paulbookman,585.0,15.1%,856xx,AZ,5 years,0.0,15.1,1
20000.0,,major_purchase,714.0,2.11%,461xx,IN,2 years,0.0,2.11,1
5000.0,,major_purchase,656.0,9.12%,339xx,FL,10+ years,0.0,9.12,1
10000.0,,adaz,440.0,0%,282xx,NC,< 1 year,0.0,0.0,1
9500.0,,new loan,701.0,3.07%,272xx,NC,4 years,0.0,3.07,1
5000.0,,Bert,592.0,0.36%,967xx,HI,9 years,0.0,0.36,1
3000.0,,hedyf,481.0,0%,422xx,KY,5 years,0.0,0.0,1
6000.0,,debt_consolidation,,100%,331xx,FL,2 years,0.0,100.0,1
15000.0,,debt_consolidation,694.0,26.08%,219xx,MD,4 years,0.0,26.08,1
10000.0,,jnickel,552.0,34.5%,685xx,NE,< 1 year,0.0,34.5,1
2500.0,,Gr8full1,0.0,0%,321xx,FL,1 year,0.0,0.0,1
7200.0,,Engagement Ring,670.0,12.16%,300xx,GA,5 years,0.0,12.16,1
2000.0,,Seattle Times,595.0,8.79%,980xx,WA,3 years,0.0,8.79,1
15000.0,,debt_consolidation,693.0,28%,109xx,NY,10+ years,0.0,28.0,1
2700.0,,ohiojohn,609.0,18.01%,435xx,OH,6 years,0.0,18.01,1
10000.0,,Personal,671.0,13.68%,331xx,FL,< 1 year,0.0,13.68,1
1500.0,,other,672.0,39.76%,325xx,FL,10+ years,0.0,39.76,1
4000.0,,genna11,550.0,14.66%,365xx,AL,2 years,0.0,14.66,1
10000.0,,hbowen,544.0,13.16%,770xx,TX,10+ years,0.0,13.16,1
10000.0,,other,,100%,300xx,GA,4 years,0.0,100.0,1
18500.0,,debt_consolidation,,100%,211xx,MD,10+ years,0.0,100.0,1
11000.0,,mikosu1,489.0,0%,395xx,MS,< 1 year,0.0,0.0,1
25000.0,,2008 restructure,696.0,8.64%,330xx,FL,7 years,0.0,8.64,1
10000.0,,ALLSTAR1640,0.0,0.57%,331xx,FL,5 years,0.0,0.57,1
7000.0,,aapatel1,697.0,9.39%,282xx,NC,< 1 year,0.0,9.39,1
3000.0,,home_improvement,,100%,115xx,NY,2 years,0.0,100.0,1
15000.0,,debt_consolidation,680.0,97.83%,078xx,NJ,< 1 year,0.0,97.83,1
8000.0,,latesept,587.0,29.08%,472xx,IN,2 years,0.0,29.08,1
2000.0,,helliker67,494.0,4.95%,989xx,WA,< 1 year,0.0,4.95,1
5000.0,,lrm,637.0,21.57%,666xx,KS,2 years,0.0,21.57,1
7000.0,,Ivan41,649.0,3.94%,111xx,NY,1 year,0.0,3.94,1
3000.0,,I would like to consolidate my debts into one loan. Thanks,588.0,0.51%,986xx,WA,< 1 year,0.0,0.51,1
5000.0,,sassesu,561.0,84.12%,989xx,WA,1 year,0.0,84.12,1
25000.0,,roel,610.0,25.84%,761xx,TX,< 1 year,0.0,25.84,1
25000.0,,piggles57,663.0,54.73%,770xx,TX,10+ years,0.0,54.73,1
10000.0,,Mgillette,525.0,0%,454xx,OH,< 1 year,0.0,0.0,1
4000.0,,rmadic,438.0,2.68%,967xx,HI,1 year,0.0,2.68,1
15000.0,,other,683.0,42.36%,325xx,FL,10+ years,0.0,42.36,1
5000.0,,eyota545,479.0,0%,554xx,MN,4 years,0.0,0.0,1
15000.0,,kdonlan,610.0,16.28%,020xx,MA,3 years,0.0,16.28,1
16400.0,,Great Short Investment!!!,662.0,39.71%,028xx,RI,< 1 year,0.0,39.71,1
500.0,,jpierce,460.0,22.27%,302xx,GA,< 1 year,0.0,22.27,1
2500.0,,kimoh,444.0,6.72%,451xx,OH,10+ years,0.0,6.72,1
2500.0,,JPJedi,493.0,22.25%,300xx,GA,4 years,0.0,22.25,1
16000.0,,personal loan,704.0,8.09%,787xx,TX,< 1 year,0.0,8.09,1
2500.0,,dianegrace,584.0,0%,762xx,TX,2 years,0.0,0.0,1
6500.0,,mspitt,624.0,22.35%,493xx,MN,2 years,0.0,22.35,1
1500.0,,Irishlace444,469.0,8.22%,984xx,WA,< 1 year,0.0,8.22,1
3500.0,,other,0.0,0%,326xx,FL,4 years,0.0,0.0,1
5000.0,,debt_consolidation,723.0,28.15%,144xx,NY,1 year,0.0,28.15,1
20000.0,,debt_consolidation,698.0,40.06%,073xx,NJ,6 years,0.0,40.06,1
6000.0,,debt_consolidation,634.0,5.7%,103xx,NY,6 years,0.0,5.7,1
2000.0,,Cynee2415,476.0,0%,073xx,NJ,4 years,0.0,0.0,1
4000.0,,debt_consolidation,724.0,30.23%,301xx,GA,4 years,0.0,30.23,1
10000.0,,home_improvement,797.0,4.71%,471xx,IN,10+ years,0.0,4.71,1
15000.0,,Eugene,688.0,25.91%,112xx,NY,1 year,0.0,25.91,1
2800.0,,angelrj,561.0,30%,777xx,TX,6 years,0.0,30.0,1
12000.0,,Debt Consolidation Loan,732.0,18.78%,531xx,WI,10+ years,0.0,18.78,1
10000.0,,semo15,657.0,25.74%,130xx,NY,1 year,0.0,25.74,1
20000.0,,joemacho79,637.0,35.71%,070xx,NJ,7 years,0.0,35.71,1
12000.0,,MariuszFrudko,630.0,5.86%,857xx,AZ,5 years,0.0,5.86,1
8500.0,,other,690.0,33.75%,653xx,MO,< 1 year,0.0,33.75,1
8000.0,,down payment,782.0,0.68%,305xx,GA,6 years,0.0,0.68,1
1000.0,,Chris1672,489.0,1.23%,809xx,CO,< 1 year,0.0,1.23,1
5000.0,,KingSolomon,619.0,0%,770xx,TX,7 years,0.0,0.0,1
15000.0,,fester30,677.0,25.58%,720xx,AR,5 years,0.0,25.58,1
3500.0,,amongeon74,507.0,19.86%,240xx,VA,1 year,0.0,19.86,1
10000.0,,TiffanyLynne,662.0,13.2%,720xx,AR,< 1 year,0.0,13.2,1
20000.0,,debt_consolidation,678.0,120.46%,338xx,FL,4 years,0.0,120.46,1
10000.0,,IPromise,453.0,37.9%,988xx,WA,10+ years,0.0,37.9,1
7000.0,,kipri033061,489.0,9.02%,786xx,TX,8 years,0.0,9.02,1
1000.0,,steelerfan66,443.0,16.5%,444xx,OH,< 1 year,0.0,16.5,1
3000.0,,mrstmack23,426.0,0%,146xx,NY,< 1 year,0.0,0.0,1
2500.0,,prttynikki,541.0,10.3%,352xx,AL,< 1 year,0.0,10.3,1
3000.0,,tweidow,561.0,1.11%,446xx,OH,7 years,0.0,1.11,1
20000.0,,other,720.0,8.32%,478xx,IN,1 year,0.0,8.32,1
20000.0,,debt_consolidation,655.0,11.24%,300xx,GA,4 years,0.0,11.24,1
5000.0,,ycarter,372.0,2.09%,444xx,OH,2 years,0.0,2.09,1
6000.0,,debt_consolidation,628.0,12.64%,302xx,GA,4 years,0.0,12.64,1
7000.0,,dee,447.0,15.11%,207xx,MD,2 years,0.0,15.11,1
9600.0,,bills,656.0,11.37%,331xx,FL,7 years,0.0,11.37,1
10000.0,,Ldyinwt,471.0,3.45%,763xx,TX,10+ years,0.0,3.45,1
10500.0,,Psalm23,613.0,1.91%,281xx,NC,2 years,0.0,1.91,1
10000.0,,major_purchase,772.0,0%,329xx,FL,10+ years,0.0,0.0,1
16000.0,,Esfahan,684.0,12.38%,207xx,MD,1 year,0.0,12.38,1
5000.0,,depdon,507.0,3.67%,148xx,NY,9 years,0.0,3.67,1
20500.0,,Racin13,746.0,15.23%,794xx,TX,< 1 year,0.0,15.23,1
8000.0,,sonhanguyen,678.0,25.06%,335xx,FL,5 years,0.0,25.06,1
2000.0,,bruce150,540.0,16.39%,440xx,OH,3 years,0.0,16.39,1
2000.0,,jenellzin,532.0,1.71%,338xx,FL,7 years,0.0,1.71,1
5000.0,,bwitkin,598.0,2.07%,117xx,NY,2 years,0.0,2.07,1
10000.0,,debt_consolidation,,100%,280xx,NC,6 years,0.0,100.0,1
20000.0,,debt_consolidation,716.0,58.14%,630xx,MO,4 years,0.0,58.14,1
20000.0,,other,741.0,31.44%,021xx,MA,4 years,0.0,31.44,1
5000.0,,Radar88,576.0,29.13%,551xx,MN,2 years,0.0,29.13,1
500.0,,Radar70,576.0,29.58%,548xx,WI,2 years,0.0,29.58,1
2000.0,,misskim,596.0,15.99%,112xx,NY,10+ years,0.0,15.99,1
2500.0,,debt_consolidation,666.0,45.29%,703xx,LA,< 1 year,0.0,45.29,1
8000.0,,other,641.0,2.66%,106xx,NY,1 year,0.0,2.66,1
3000.0,,help mike,544.0,19.86%,490xx,MO,2 years,0.0,19.86,1
25000.0,,hungr1010,643.0,20.77%,278xx,NC,< 1 year,0.0,20.77,1
15000.0,,debt_consolidation,647.0,19.67%,330xx,FL,4 years,0.0,19.67,1
15000.0,,bngvog50,589.0,2.15%,303xx,GA,7 years,0.0,2.15,1
5000.0,,eileanan,490.0,38.09%,863xx,AZ,3 years,0.0,38.09,1
7500.0,,debt_consolidation,629.0,23.76%,327xx,FL,2 years,0.0,23.76,1
9000.0,,megpie,614.0,117.42%,040xx,ME,1 year,0.0,117.42,1
1500.0,,Creshaun,437.0,25.5%,891xx,UT,1 year,0.0,25.5,1
500.0,,MARCIA_24,487.0,0%,328xx,FL,< 1 year,0.0,0.0,1
4000.0,,yahnnah,406.0,21.24%,620xx,IN,< 1 year,0.0,21.24,1
15000.0,,BetterTimes,656.0,28.77%,301xx,GA,10+ years,0.0,28.77,1
3000.0,,n09,559.0,3.2%,326xx,FL,< 1 year,0.0,3.2,1
1500.0,,major_purchase,674.0,37.13%,136xx,NY,10+ years,0.0,37.13,1
5500.0,,telrashidi,709.0,34.17%,805xx,CO,1 year,0.0,34.17,1
2000.0,,Looking to help get back on track,444.0,39.02%,212xx,MD,6 years,0.0,39.02,1
7800.0,,sarajane,599.0,66.34%,286xx,NC,2 years,0.0,66.34,1
20000.0,,debt_consolidation,621.0,8.16%,100xx,NY,2 years,0.0,8.16,1
5000.0,,vikinfan6695,403.0,0.34%,290xx,SC,5 years,0.0,0.34,1
25000.0,,Suzan,469.0,0%,372xx,TN,5 years,0.0,0.0,1
8000.0,,Moving Out,571.0,6.32%,089xx,NJ,< 1 year,0.0,6.32,1
20000.0,,New car,750.0,15.79%,303xx,GA,1 year,0.0,15.79,1
1600.0,,"Hey,  This is a call to action.  An old debt of mine has been called in suddenly and unexpectedly and If I do not pay this amount I will lose everything.  I am a business owner starting up a personal development and coaching company, but I cannot help others if this does not get taken care of.  Once this loan is completed I will offer free coaching and free access to all of the books I have authored as a bonus.  This is not a gimmick, I just want to help people and keep my head above water.  Let me know if you have any questions, and go ahead and start processing the loan.  I need it ASAP.",471.0,55.8%,303xx,GA,1 year,0.0,55.8,1
6000.0,,other,664.0,11.27%,080xx,NJ,2 years,0.0,11.27,1
25000.0,,paintguru,612.0,40.1%,232xx,VA,1 year,0.0,40.1,1
10000.0,,ashes13,457.0,16.05%,303xx,GA,< 1 year,0.0,16.05,1
20000.0,,debt_consolidation,720.0,28.44%,706xx,LA,< 1 year,0.0,28.44,1
8000.0,,sweet61q,608.0,10.94%,920xx,CO,1 year,0.0,10.94,1
1000.0,,school,711.0,18.66%,070xx,NJ,1 year,0.0,18.66,1
20000.0,,debt_consolidation,,100%,043xx,ME,10+ years,0.0,100.0,1
20000.0,,alberto feliberty,722.0,2.56%,347xx,FL,10+ years,0.0,2.56,1
5750.0,,Personal Loan,724.0,22.52%,220xx,VA,1 year,0.0,22.52,1
25000.0,,springinserts,629.0,0.42%,346xx,FL,4 years,0.0,0.42,1
8500.0,,Legacy Residential,431.0,0.61%,303xx,GA,< 1 year,0.0,0.61,1
500.0,,ruthie27,569.0,32.89%,300xx,GA,2 years,0.0,32.89,1
6000.0,,copper,530.0,35.71%,389xx,MS,5 years,0.0,35.71,1
2500.0,,FamilyMan27,443.0,27.16%,344xx,FL,7 years,0.0,27.16,1
3000.0,,worktolive,523.0,22.05%,330xx,FL,2 years,0.0,22.05,1
11000.0,,debt_consolidation,724.0,4.53%,272xx,NC,6 years,0.0,4.53,1
8000.0,,Education Loan,503.0,32.14%,334xx,FL,1 year,0.0,32.14,1
2000.0,,debt_consolidation,,100%,631xx,MO,4 years,0.0,100.0,1
2000.0,,texas ranger,426.0,20.19%,769xx,TX,10+ years,0.0,20.19,1
25000.0,,jewelz0126,628.0,15.2%,062xx,CT,< 1 year,0.0,15.2,1
10000.0,,Wifes Medical Expenses,627.0,6.39%,956xx,OK,1 year,0.0,6.39,1
7500.0,,debt_consolidation,718.0,17.37%,275xx,NC,4 years,0.0,17.37,1
25000.0,,inneedoffunds,446.0,2.78%,770xx,TX,3 years,0.0,2.78,1
1300.0,,usarmybrats5,487.0,0%,984xx,WA,5 years,0.0,0.0,1
25000.0,,jbeck,660.0,20.92%,773xx,TX,2 years,0.0,20.92,1
25000.0,,Shaun_M,425.0,0%,770xx,TX,4 years,0.0,0.0,1
3000.0,,Indiana Mom,579.0,19.37%,460xx,IN,2 years,0.0,19.37,1
10000.0,,debt_consolidation,631.0,15.53%,328xx,FL,4 years,0.0,15.53,1
5000.0,,jm3670,557.0,8.07%,668xx,KS,10+ years,0.0,8.07,1
6000.0,,jmfenton,661.0,21.27%,750xx,TX,3 years,0.0,21.27,1
5000.0,,Personal Loan,667.0,19.5%,802xx,CO,1 year,0.0,19.5,1
12000.0,,RKilmer,643.0,19.79%,336xx,FL,1 year,0.0,19.79,1
10000.0,,kevin irby,631.0,3.88%,319xx,GA,2 years,0.0,3.88,1
500.0,,lberry26,377.0,32.17%,767xx,TX,< 1 year,0.0,32.17,1
18000.0,,HollyCavileer,729.0,27.44%,080xx,NJ,10+ years,0.0,27.44,1
10000.0,,ricknieves,556.0,25.23%,601xx,IL,6 years,0.0,25.23,1
20000.0,,"This loan is to help pay off a high interest rate credit card and allow us (me and my wife) to save money or to boost the payment of the credit card account.   We both have a stable work at the University and medical center.  I am a very hard worker, and a valuable member of my research laboratory and the University.  My wife also works with me in the same division.  I use to have a good credit score because I make payments on time, every time.  I pay my bills before they are due, but lately, because of the high APR of my credit card, we have been very tight to keep this good history going.  We don�t want to �consolidate� or �settle� our payment, because we want to keep our account history.  There is no intention to fall in the credit �trap� again.  Lowering my APR, we�ll be ok, and in our way to pursue our financial plan.  I�m sure that in a short period of time we�ll pay our debt, and we�ll also be in the position to turn around and help others.  Thank you for considering my loan.  ",667.0,27.84%,331xx,FL,1 year,0.0,27.84,1
3000.0,,gaminggolfer24,418.0,15.63%,852xx,AZ,3 years,0.0,15.63,1
5500.0,,VMor,0.0,0%,547xx,WI,< 1 year,0.0,0.0,1
5000.0,,aklel5,456.0,26.9%,936xx,AZ,10+ years,0.0,26.9,1
5000.0,,debt_consolidation,716.0,0.67%,320xx,FL,2 years,0.0,0.67,1
500.0,,curlybabe_23,519.0,4.43%,330xx,FL,< 1 year,0.0,4.43,1
5500.0,,KMor,562.0,0%,547xx,WI,< 1 year,0.0,0.0,1
500.0,,tedd,522.0,27.86%,337xx,FL,1 year,0.0,27.86,1
6500.0,,benh,0.0,0%,707xx,LA,1 year,0.0,0.0,1
25000.0,,Aerospace Student,480.0,15.99%,852xx,AZ,1 year,0.0,15.99,1
14000.0,,debt_consolidation,687.0,36.37%,112xx,NY,10+ years,0.0,36.37,1
15000.0,,debt_consolidation,659.0,42.71%,660xx,KS,10+ years,0.0,42.71,1
20000.0,,debt_consolidation,630.0,33.79%,130xx,NY,1 year,0.0,33.79,1
2525.0,,rideplaylove,612.0,0%,321xx,FL,2 years,0.0,0.0,1
3700.0,,bills,553.0,0.5%,940xx,CA,1 year,0.0,0.5,1
20000.0,,debt_consolidation,686.0,44.35%,075xx,NJ,2 years,0.0,44.35,1
7000.0,,"Buy new Computer, Car",664.0,1.43%,117xx,NY,4 years,0.0,1.43,1
16000.0,,Growth Capital,717.0,22.22%,331xx,FL,6 years,0.0,22.22,1
2500.0,,Consolidating Credit Cards!,647.0,9.21%,283xx,NC,< 1 year,0.0,9.21,1
5500.0,,eddyzawa,0.0,0%,780xx,TX,1 year,0.0,0.0,1
12000.0,,sisko,505.0,55.76%,581xx,MN,< 1 year,0.0,55.76,1
500.0,,I am trying to establish first time credit.  I am recently divorced and everything that we had was in my ex-husband's name.  I had never gave this a thought before the divorce but now I find that it is not a good thing not to have some debt!  I am a 30-year old other of two.  I have a positive work history and steady income.  I feel that financially I am in a good place but this is not reflected by my credit report since I have never had credit!!!  After a lot of research I think that peer-to-peer lending will give me the opportunity to get established.   ,0.0,0%,356xx,AL,< 1 year,0.0,0.0,1
18000.0,,Consolidation,671.0,6.21%,130xx,NY,2 years,0.0,6.21,1
3500.0,,jswimmy,0.0,0%,053xx,VT,3 years,0.0,0.0,1
3000.0,,mbruns85,595.0,13.82%,563xx,MN,< 1 year,0.0,13.82,1
1500.0,,paying off a bill to get car title back ,629.0,29.13%,395xx,MS,10+ years,0.0,29.13,1
17500.0,,debt_consolidation,663.0,24.9%,080xx,NJ,10+ years,0.0,24.9,1
12000.0,,clean up,691.0,14.68%,038xx,NH,6 years,0.0,14.68,1
5500.0,,debt_consolidation,736.0,69.2%,107xx,NY,4 years,0.0,69.2,1
10000.0,,CHRISD,612.0,0.84%,707xx,LA,< 1 year,0.0,0.84,1
10000.0,,debt_consolidation,700.0,23.9%,214xx,MD,4 years,0.0,23.9,1
5000.0,,MINISTERCK,593.0,14.13%,114xx,NY,3 years,0.0,14.13,1
15000.0,,wan99,643.0,16.67%,301xx,GA,2 years,0.0,16.67,1
10000.0,,meowdave,505.0,0.6%,088xx,NJ,< 1 year,0.0,0.6,1
2200.0,,home_improvement,713.0,0%,937xx,CA,< 1 year,0.0,0.0,1
12000.0,,MacMcguirk,653.0,41.8%,226xx,VA,2 years,0.0,41.8,1
5000.0,,Ladyolds68,531.0,12.43%,217xx,MD,3 years,0.0,12.43,1
25000.0,,Jess30,523.0,22.32%,958xx,CA,< 1 year,0.0,22.32,1
8000.0,,charlieandbender,631.0,20.73%,983xx,WA,< 1 year,0.0,20.73,1
20000.0,,basschord,523.0,27.03%,220xx,VA,10+ years,0.0,27.03,1
5000.0,,Tiptons,577.0,8.51%,490xx,MI,1 year,0.0,8.51,1
20000.0,,pigmaggie,658.0,45.6%,917xx,CA,< 1 year,0.0,45.6,1
12000.0,,mscouture,501.0,10.92%,302xx,GA,< 1 year,0.0,10.92,1
5000.0,,debt_consolidation,641.0,6.52%,368xx,AL,< 1 year,0.0,6.52,1
3100.0,,jmiranda1524,456.0,33.79%,307xx,GA,2 years,0.0,33.79,1
3500.0,,betsymelba,465.0,2.87%,045xx,ME,4 years,0.0,2.87,1
3500.0,,maurismom,503.0,2.4%,722xx,AR,< 1 year,0.0,2.4,1
22000.0,,debt_consolidation,686.0,38.7%,327xx,FL,4 years,0.0,38.7,1
3900.0,,doctorbro,463.0,8.17%,339xx,FL,< 1 year,0.0,8.17,1
15000.0,,debt_consolidation,763.0,31.38%,145xx,NY,1 year,0.0,31.38,1
5000.0,,roborick0635,584.0,18.91%,302xx,GA,7 years,0.0,18.91,1
10000.0,,maxsaminc,564.0,28.47%,146xx,NY,9 years,0.0,28.47,1
4500.0,,other,,100%,852xx,AZ,10+ years,0.0,100.0,1
4000.0,,other,629.0,14.88%,302xx,GA,10+ years,0.0,14.88,1
20000.0,,other,646.0,10.57%,100xx,NY,10+ years,0.0,10.57,1
6000.0,,tjrm2007,514.0,12.95%,479xx,IN,10+ years,0.0,12.95,1
8500.0,,other,,100%,766xx,TX,4 years,0.0,100.0,1
10000.0,,other,,100%,105xx,NY,10+ years,0.0,100.0,1
6500.0,,gibralter,580.0,14.01%,494xx,MI,10+ years,0.0,14.01,1
6000.0,,jade,506.0,15.84%,479xx,IN,1 year,0.0,15.84,1
20000.0,,debt_consolidation,677.0,42.61%,823xx,WY,< 1 year,0.0,42.61,1
3000.0,,pooheeyr756,629.0,22.79%,321xx,FL,< 1 year,0.0,22.79,1
3000.0,,Hwsilkwrap,478.0,20.28%,236xx,VA,10+ years,0.0,20.28,1
10000.0,,other,,100%,331xx,FL,10+ years,0.0,100.0,1
15000.0,,debt_consolidation,713.0,64.08%,785xx,TX,4 years,0.0,64.08,1
20000.0,,debt_consolidation,681.0,31.87%,926xx,CA,2 years,0.0,31.87,1
2000.0,,difogo,480.0,22.93%,021xx,MA,6 years,0.0,22.93,1
1000.0,,Lainie1258,0.0,0%,301xx,GA,10+ years,0.0,0.0,1
3500.0,,amichael_0218,493.0,3.77%,334xx,FL,1 year,0.0,3.77,1
500.0,,alawson75,484.0,22.86%,616xx,IL,2 years,0.0,22.86,1
20000.0,,bonc182,605.0,0.42%,303xx,GA,4 years,0.0,0.42,1
12000.0,,debt_consolidation,689.0,26.67%,779xx,TX,10+ years,0.0,26.67,1
5000.0,,phil48,542.0,8.02%,046xx,ME,1 year,0.0,8.02,1
8500.0,,other,661.0,17.11%,272xx,NC,10+ years,0.0,17.11,1
10000.0,,davidlharvey,482.0,42.35%,646xx,MO,7 years,0.0,42.35,1
5000.0,,flipchicktp,539.0,6%,955xx,CA,< 1 year,0.0,6.0,1
7000.0,,abaqus37,575.0,32.17%,480xx,MI,2 years,0.0,32.17,1
4000.0,,clark251,0.0,625200%,088xx,NJ,2 years,0.0,625200.0,1
1000.0,,ljlk,639.0,8.57%,274xx,NC,1 year,0.0,8.57,1
14500.0,,andrewm7224,564.0,16.75%,920xx,CA,6 years,0.0,16.75,1
1500.0,,snuckums,427.0,62.4%,191xx,PA,3 years,0.0,62.4,1
7000.0,,other,646.0,0%,925xx,CA,8 years,0.0,0.0,1
5000.0,,dpham86,618.0,14.85%,731xx,OK,< 1 year,0.0,14.85,1
10000.0,,shortwrite,564.0,13.67%,303xx,GA,< 1 year,0.0,13.67,1
3000.0,,soontobejustmarried,457.0,17.3%,532xx,WI,6 years,0.0,17.3,1
500.0,,nduncan77,495.0,0%,328xx,FL,1 year,0.0,0.0,1
15000.0,,yechimhm,613.0,33.33%,112xx,NY,1 year,0.0,33.33,1
4000.0,,Trapped-Over Bearing Credit Card,665.0,19.02%,322xx,FL,< 1 year,0.0,19.02,1
12000.0,,debt_consolidation,741.0,25.97%,546xx,WI,10+ years,0.0,25.97,1
2000.0,,restructuring debt,663.0,0%,653xx,MO,< 1 year,0.0,0.0,1
20000.0,,Buying out my partner,766.0,8.7%,547xx,WI,7 years,0.0,8.7,1
2500.0,,YukonRB,614.0,0.77%,026xx,MA,2 years,0.0,0.77,1
15000.0,,debt_consolidation,635.0,7.73%,111xx,NY,6 years,0.0,7.73,1
5000.0,,bearcoll,510.0,5.38%,945xx,CA,7 years,0.0,5.38,1
25000.0,,JakeVogel,463.0,6.01%,913xx,CA,2 years,0.0,6.01,1
5500.0,,kristiem86,454.0,1.25%,120xx,NY,1 year,0.0,1.25,1
5000.0,,BradenJ,454.0,6.16%,489xx,MI,2 years,0.0,6.16,1
10000.0,,debt_consolidation,669.0,13.2%,285xx,NC,10+ years,0.0,13.2,1
5000.0,,Meidi18,614.0,24.86%,921xx,CA,< 1 year,0.0,24.86,1
25000.0,,Hurricane Rita Caused a Pressure Wound,700.0,11.01%,770xx,TX,4 years,0.0,11.01,1
2000.0,,A325pro,0.0,2.5%,191xx,PA,< 1 year,0.0,2.5,1
12500.0,,SG5272,509.0,20.65%,112xx,NY,10+ years,0.0,20.65,1
2000.0,,mthauberger,474.0,19.95%,953xx,CA,6 years,0.0,19.95,1
25000.0,,Justin8911,444.0,18.69%,484xx,MI,6 years,0.0,18.69,1
15000.0,,other,661.0,2.01%,070xx,NJ,10+ years,0.0,2.01,1
21000.0,,debt_consolidation,728.0,10.82%,287xx,NC,10+ years,0.0,10.82,1
23000.0,,cjbk,621.0,2.21%,573xx,SD,1 year,0.0,2.21,1
2000.0,,egoforth,467.0,0%,409xx,KY,10+ years,0.0,0.0,1
7500.0,,The Most Responsible Borrower Ever,665.0,15.54%,931xx,CA,3 years,0.0,15.54,1
3000.0,,other,,100%,405xx,KY,10+ years,0.0,100.0,1
1500.0,,vmarie71,481.0,3.59%,782xx,TX,< 1 year,0.0,3.59,1
20000.0,,debt_consolidation,684.0,41.08%,130xx,NY,3 years,0.0,41.08,1
10000.0,,hinckj2008,412.0,11.64%,834xx,ID,1 year,0.0,11.64,1
12000.0,,debt_consolidation,663.0,29.33%,214xx,MD,4 years,0.0,29.33,1
10000.0,,LPurvis,450.0,0%,221xx,VA,1 year,0.0,0.0,1
1200.0,,pdiddy5880,530.0,12.06%,212xx,MD,10+ years,0.0,12.06,1
3000.0,,kahuria,442.0,22.58%,731xx,OK,3 years,0.0,22.58,1
3000.0,,dcwcst45,501.0,16%,290xx,SC,10+ years,0.0,16.0,1
2000.0,,stiles2886,425.0,1.43%,346xx,FL,1 year,0.0,1.43,1
2000.0,,LAMBSHOUSE,501.0,0%,444xx,OH,1 year,0.0,0.0,1
2000.0,,josh803,391.0,25.05%,337xx,FL,< 1 year,0.0,25.05,1
20000.0,,debt_consolidation,623.0,42.4%,210xx,MD,1 year,0.0,42.4,1
25000.0,,anthony7,524.0,77.88%,902xx,CA,10+ years,0.0,77.88,1
20000.0,,newmommy,511.0,33.34%,605xx,IL,< 1 year,0.0,33.34,1
1000.0,,JENN08,489.0,0%,453xx,OH,4 years,0.0,0.0,1
9000.0,,Diane,569.0,15.11%,338xx,FL,6 years,0.0,15.11,1
5000.0,,izwm95,0.0,0.4%,240xx,VA,5 years,0.0,0.4,1
20000.0,,debt_consolidation,689.0,37.35%,850xx,AZ,2 years,0.0,37.35,1
10000.0,,sambo68,500.0,2.07%,330xx,FL,9 years,0.0,2.07,1
1500.0,,russell326,608.0,0.26%,592xx,MT,7 years,0.0,0.26,1
10000.0,,Consolidate Debt,523.0,17.35%,490xx,MI,1 year,0.0,17.35,1
5000.0,,short term loan,661.0,18.38%,331xx,FL,10+ years,0.0,18.38,1
5000.0,,debt_consolidation,594.0,11.62%,284xx,NC,1 year,0.0,11.62,1
5000.0,,major_purchase,632.0,25.56%,334xx,FL,10+ years,0.0,25.56,1
500.0,,hotnix420,0.0,0%,336xx,NY,< 1 year,0.0,0.0,1
1500.0,,snake,472.0,24.89%,600xx,IL,1 year,0.0,24.89,1
5500.0,,Dizrezpekt,0.0,1.2%,232xx,VA,< 1 year,0.0,1.2,1
25000.0,,creasian,696.0,50.34%,852xx,AZ,4 years,0.0,50.34,1
23000.0,,debt_consolidation,678.0,27.53%,112xx,NY,4 years,0.0,27.53,1
18000.0,,Debt Consolidation,648.0,13.78%,402xx,KY,4 years,0.0,13.78,1
7000.0,,sup191,676.0,103.66%,532xx,WI,< 1 year,0.0,103.66,1
25000.0,,sgolding,616.0,3.88%,117xx,NY,< 1 year,0.0,3.88,1
12000.0,,JAS,520.0,2.55%,853xx,AZ,1 year,0.0,2.55,1
5500.0,,glynispersonalloan,717.0,15%,780xx,TX,5 years,0.0,15.0,1
24000.0,,Arleyj,651.0,11.5%,080xx,NJ,1 year,0.0,11.5,1
16000.0,,debt_consolidation,621.0,17.36%,680xx,NE,10+ years,0.0,17.36,1
20000.0,,debt_consolidation,689.0,9.59%,760xx,TX,10+ years,0.0,9.59,1
23000.0,,other,718.0,0%,532xx,WI,< 1 year,0.0,0.0,1
3000.0,,Dustin,594.0,5.04%,738xx,OK,1 year,0.0,5.04,1
2000.0,,maxrivero,484.0,53.04%,850xx,AZ,1 year,0.0,53.04,1
8000.0,,12_14_2007,710.0,9.56%,705xx,LA,10+ years,0.0,9.56,1
8000.0,,Consolidate Debt,682.0,6.56%,330xx,FL,3 years,0.0,6.56,1
20000.0,,debt_consolidation,664.0,28.47%,666xx,KS,1 year,0.0,28.47,1
20000.0,,other,677.0,37.49%,917xx,CA,10+ years,0.0,37.49,1
10000.0,,home_improvement,737.0,34.12%,212xx,MD,10+ years,0.0,34.12,1
20000.0,,shirleymoon,572.0,2.74%,925xx,CA,2 years,0.0,2.74,1
500.0,,Christopher Semon,502.0,0%,328xx,FL,< 1 year,0.0,0.0,1
1500.0,,smooquies,474.0,14.4%,394xx,MS,< 1 year,0.0,14.4,1
700.0,,bone33,433.0,6.86%,658xx,MO,5 years,0.0,6.86,1
20000.0,,debt_consolidation,708.0,16.33%,279xx,NC,10+ years,0.0,16.33,1
14000.0,,debt_consolidation,,100%,325xx,FL,4 years,0.0,100.0,1
9000.0,,mortgageerin,618.0,25.62%,352xx,AL,5 years,0.0,25.62,1
2000.0,,kenneyl85,430.0,18.09%,954xx,CA,4 years,0.0,18.09,1
5500.0,,Brite,615.0,13.91%,974xx,OR,< 1 year,0.0,13.91,1
500.0,,Heavenlygoddess85,504.0,0%,374xx,TN,< 1 year,0.0,0.0,1
6500.0,,sloe818,715.0,0.83%,917xx,CA,4 years,0.0,0.83,1
5000.0,,poobear9307,549.0,5%,606xx,IL,6 years,0.0,5.0,1
4800.0,,seasonedracer,520.0,9.2%,270xx,NC,3 years,0.0,9.2,1
1000.0,,missmandap,570.0,1.5%,731xx,OK,1 year,0.0,1.5,1
10000.0,,debt_consolidation,730.0,29.08%,303xx,GA,9 years,0.0,29.08,1
25000.0,,Thomas1,493.0,28.54%,968xx,HI,2 years,0.0,28.54,1
15000.0,,debt_consolidation,619.0,24.04%,300xx,GA,1 year,0.0,24.04,1
20000.0,,counselu,669.0,0%,970xx,OR,10+ years,0.0,0.0,1
15000.0,,debt_consolidation,685.0,26.83%,640xx,MO,3 years,0.0,26.83,1
20000.0,,faele,738.0,0%,532xx,WI,1 year,0.0,0.0,1
5000.0,,ambwsb1,0.0,0%,238xx,VA,3 years,0.0,0.0,1
25000.0,,Dan1106,469.0,14.85%,554xx,MN,1 year,0.0,14.85,1
500.0,,jerryturner05,447.0,0%,452xx,OH,< 1 year,0.0,0.0,1
2000.0,,Zach,620.0,2.84%,559xx,MN,3 years,0.0,2.84,1
1000.0,,rdrobish,400.0,0%,184xx,PA,< 1 year,0.0,0.0,1
16000.0,,debt_consolidation,666.0,25.08%,956xx,CA,4 years,0.0,25.08,1
1600.0,,pay outstanding rent debt,640.0,15.2%,947xx,CA,< 1 year,0.0,15.2,1
10000.0,,debt_consolidation,721.0,39%,211xx,MD,10+ years,0.0,39.0,1
25000.0,,texan00,612.0,321.92%,769xx,TX,8 years,0.0,321.92,1
20825.0,,hard working manager seeks funding,646.0,7.11%,731xx,OK,10+ years,0.0,7.11,1
3500.0,,jrcookrevjrcook,0.0,2%,758xx,TX,4 years,0.0,2.0,1
2000.0,,Octavious,511.0,76.94%,604xx,IL,1 year,0.0,76.94,1
8000.0,,debt_consolidation,,100%,900xx,CA,10+ years,0.0,100.0,1
900.0,,mslibra1019,515.0,11.12%,280xx,NC,< 1 year,0.0,11.12,1
9500.0,,debt_consolidation,,100%,633xx,MO,1 year,0.0,100.0,1
10000.0,,debt_consolidation,663.0,39.47%,304xx,GA,2 years,0.0,39.47,1
5000.0,,megsdad,626.0,1.23%,257xx,WV,5 years,0.0,1.23,1
5000.0,,other,555.0,6.01%,038xx,NH,4 years,0.0,6.01,1
5000.0,,rene,501.0,120.17%,760xx,TX,< 1 year,0.0,120.17,1
11000.0,,tmcgovern002,775.0,0%,773xx,TX,< 1 year,0.0,0.0,1
3000.0,,tmkids3,434.0,3.3%,494xx,MI,8 years,0.0,3.3,1
5000.0,,jryn54880,547.0,1.17%,548xx,WI,10+ years,0.0,1.17,1
6000.0,,Cutoutthebanker,719.0,18.19%,301xx,GA,2 years,0.0,18.19,1
20000.0,,home_improvement,,100%,100xx,NY,10+ years,0.0,100.0,1
10000.0,,austinmhurst,528.0,6.24%,662xx,KS,5 years,0.0,6.24,1
15000.0,,Frazier820,533.0,0%,116xx,NY,< 1 year,0.0,0.0,1
3000.0,,debt_consolidation,685.0,49.4%,286xx,NC,< 1 year,0.0,49.4,1
12000.0,,Paying off credit card debt,603.0,23.15%,458xx,OH,3 years,0.0,23.15,1
15000.0,,Diamond,469.0,1.68%,894xx,NV,8 years,0.0,1.68,1
8000.0,,Mr. Changeforthebetter,630.0,6.85%,604xx,IL,< 1 year,0.0,6.85,1
5000.0,,other,615.0,5.63%,980xx,WA,< 1 year,0.0,5.63,1
25000.0,,Sharper_Iron,723.0,10.21%,468xx,IN,5 years,0.0,10.21,1
25000.0,,Martin,595.0,5.14%,114xx,NY,10+ years,0.0,5.14,1
5000.0,,hylimithal,0.0,0%,891xx,NV,7 years,0.0,0.0,1
20000.0,,adamsm1967,628.0,10.15%,758xx,TX,< 1 year,0.0,10.15,1
8000.0,,angus1978,549.0,0.95%,238xx,VA,1 year,0.0,0.95,1
15000.0,,debt_consolidation,648.0,49.42%,338xx,FL,10+ years,0.0,49.42,1
4000.0,,Carmella032,563.0,180000%,132xx,NY,< 1 year,0.0,180000.0,1
5000.0,,goodgurl,633.0,2.93%,170xx,PA,< 1 year,0.0,2.93,1
20000.0,,debt_consolidation,685.0,16.86%,070xx,NJ,6 years,0.0,16.86,1
10000.0,,maverickfire,494.0,52.87%,840xx,UT,5 years,0.0,52.87,1
25000.0,,Tap1,480.0,28.38%,800xx,CO,10+ years,0.0,28.38,1
1700.0,,RogerC,580.0,8.94%,941xx,CA,6 years,0.0,8.94,1
9500.0,,debt_consolidation,589.0,7.38%,142xx,NY,3 years,0.0,7.38,1
500.0,,drew0588,471.0,247.2%,485xx,MI,< 1 year,0.0,247.2,1
15000.0,,blairjrmh4,706.0,21.5%,418xx,KY,4 years,0.0,21.5,1
3000.0,,sunflowjam,448.0,2.5%,334xx,FL,1 year,0.0,2.5,1
17000.0,,mojo21,488.0,24.35%,223xx,VA,10+ years,0.0,24.35,1
11200.0,,Debt round-up,657.0,7.71%,947xx,CA,1 year,0.0,7.71,1
9400.0,,Joseph A. Pagano,711.0,34.92%,921xx,CA,2 years,0.0,34.92,1
3000.0,,citall,478.0,37.8%,177xx,PA,< 1 year,0.0,37.8,1
2000.0,,Jaime1961,625.0,13.26%,853xx,AZ,3 years,0.0,13.26,1
10000.0,,tellybug,454.0,5%,558xx,MN,< 1 year,0.0,5.0,1
3000.0,,major_purchase,598.0,0%,321xx,FL,3 years,0.0,0.0,1
1500.0,,MICHAELW,468.0,1%,447xx,OH,< 1 year,0.0,1.0,1
15000.0,,debt_consolidation,636.0,16.45%,880xx,NM,10+ years,0.0,16.45,1
10000.0,,BizWoman,584.0,24.81%,640xx,MO,< 1 year,0.0,24.81,1
25000.0,,try tatoo,592.0,6.71%,107xx,NY,4 years,0.0,6.71,1
500.0,,dakota,404.0,23.79%,933xx,CA,2 years,0.0,23.79,1
18000.0,,debt_consolidation,702.0,37.27%,331xx,FL,1 year,0.0,37.27,1
13000.0,,i need a loan to consolidate the ramainder of money owed on my car and a credit card that together total nearly $13000.. between the 2 i am paying 520 or more a month i would like to lower that amount and keep from paying as much interest,701.0,20.43%,280xx,NC,10+ years,0.0,20.43,1
4700.0,,other,744.0,28.13%,117xx,NY,< 1 year,0.0,28.13,1
20000.0,,mommy inneed,555.0,50.29%,788xx,TX,8 years,0.0,50.29,1
10000.0,,cindy111,0.0,0%,930xx,CA,< 1 year,0.0,0.0,1
15000.0,,other,635.0,17.26%,018xx,MA,10+ years,0.0,17.26,1
3500.0,,HANK,516.0,0%,923xx,CA,< 1 year,0.0,0.0,1
5000.0,,Yogi0730,595.0,24.72%,331xx,FL,1 year,0.0,24.72,1
20000.0,,major_purchase,669.0,16.17%,427xx,KY,6 years,0.0,16.17,1
25000.0,,royalk777,496.0,11.45%,900xx,CA,1 year,0.0,11.45,1
10000.0,,NIKKI D,465.0,0%,462xx,IN,7 years,0.0,0.0,1
7000.0,,debt_consolidation,673.0,35.23%,141xx,NY,4 years,0.0,35.23,1
6000.0,,trpavey,517.0,9.96%,432xx,OH,< 1 year,0.0,9.96,1
15000.0,,SMJohnson,517.0,8.72%,606xx,IL,1 year,0.0,8.72,1
8000.0,,lashaun3,617.0,17.88%,232xx,VA,1 year,0.0,17.88,1
25000.0,,jeremyd,435.0,10.24%,427xx,KY,3 years,0.0,10.24,1
8000.0,,Apache,619.0,22.22%,913xx,CA,4 years,0.0,22.22,1
11000.0,,major_purchase,733.0,17.14%,926xx,CA,10+ years,0.0,17.14,1
3000.0,,brandybaker,512.0,9.87%,596xx,MT,1 year,0.0,9.87,1
3000.0,,Mom In Need,450.0,0%,611xx,IL,1 year,0.0,0.0,1
3500.0,,JACKIE344,577.0,24.72%,462xx,IN,< 1 year,0.0,24.72,1
20000.0,,debt_consolidation,697.0,24.61%,088xx,NJ,10+ years,0.0,24.61,1
15000.0,,Marine refinancing debt USMC77,590.0,19.44%,402xx,KY,1 year,0.0,19.44,1
11000.0,,Personal Loan Request,716.0,4.3%,712xx,LA,2 years,0.0,4.3,1
1500.0,,clarencemaur,458.0,7.91%,925xx,CA,< 1 year,0.0,7.91,1
800.0,,smithtango171,484.0,33.36%,233xx,VA,2 years,0.0,33.36,1
17814.0,,debt_consolidation,680.0,31.63%,272xx,NC,10+ years,0.0,31.63,1
25000.0,,clone52,465.0,13.48%,333xx,FL,1 year,0.0,13.48,1
2000.0,,jupiterpizzaman,516.0,0%,334xx,FL,10+ years,0.0,0.0,1
12000.0,,debt_consolidation,623.0,5.52%,981xx,WA,6 years,0.0,5.52,1
4000.0,,starrcatgirl,440.0,19.04%,334xx,FL,1 year,0.0,19.04,1
7500.0,,phigembaby,426.0,23.42%,722xx,AR,6 years,0.0,23.42,1
20000.0,,luvrich,632.0,16.7%,230xx,VA,10+ years,0.0,16.7,1
2000.0,,doctorandree,541.0,7.35%,216xx,MD,5 years,0.0,7.35,1
500.0,,traytray23,545.0,0%,559xx,MN,< 1 year,0.0,0.0,1
2500.0,,Teacher007,554.0,3.11%,553xx,MN,6 years,0.0,3.11,1
7000.0,,home_improvement,697.0,35.39%,970xx,OR,10+ years,0.0,35.39,1
1500.0,,debt_consolidation,639.0,1.97%,112xx,NY,10+ years,0.0,1.97,1
20000.0,,other,717.0,8.69%,088xx,NJ,2 years,0.0,8.69,1
10000.0,,Betsy Pazos,504.0,37.96%,114xx,NY,8 years,0.0,37.96,1
3000.0,,other,621.0,1963.04%,544xx,WI,2 years,0.0,1963.04,1
15000.0,,debt_consolidation,657.0,41.84%,650xx,MO,8 years,0.0,41.84,1
3000.0,,get back on track,523.0,56.29%,620xx,IL,4 years,0.0,56.29,1
15000.0,,rgordon,482.0,0%,723xx,AR,9 years,0.0,0.0,1
10000.0,,debt_consolidation,639.0,28.1%,023xx,MA,10+ years,0.0,28.1,1
17480.0,,debt_consolidation,700.0,1.33%,113xx,NY,10+ years,0.0,1.33,1
2500.0,,AirForceJoe,522.0,29.73%,291xx,SC,3 years,0.0,29.73,1
3000.0,,blmundie,624.0,12.76%,303xx,GA,1 year,0.0,12.76,1
5000.0,,MrsNLynah,489.0,0%,070xx,NJ,2 years,0.0,0.0,1
2000.0,,klb_mom,497.0,11.22%,630xx,MO,2 years,0.0,11.22,1
10000.0,,trinirican07,0.0,0.6%,029xx,RI,1 year,0.0,0.6,1
5000.0,,Sk1z0tT,484.0,10.68%,648xx,MO,1 year,0.0,10.68,1
25000.0,,amy90,506.0,1.63%,322xx,FL,2 years,0.0,1.63,1
6000.0,,fidocan2,686.0,37.25%,945xx,CA,2 years,0.0,37.25,1
5000.0,,bwcole,496.0,14.51%,951xx,CA,< 1 year,0.0,14.51,1
7000.0,,major_purchase,757.0,21.53%,760xx,TX,< 1 year,0.0,21.53,1
5000.0,,Danalonian,589.0,0%,532xx,WI,1 year,0.0,0.0,1
1500.0,,sport,559.0,4.97%,921xx,CA,10+ years,0.0,4.97,1
10000.0,,debt_consolidation,664.0,40.7%,321xx,FL,10+ years,0.0,40.7,1
10000.0,,other,652.0,13.27%,274xx,NC,1 year,0.0,13.27,1
4500.0,,major_purchase,712.0,26.73%,973xx,OR,2 years,0.0,26.73,1
5000.0,,major_purchase,560.0,17.06%,770xx,TX,10+ years,0.0,17.06,1
7000.0,,mandirach,599.0,14.22%,278xx,NC,1 year,0.0,14.22,1
10000.0,,someborrower,685.0,29.06%,109xx,NY,2 years,0.0,29.06,1
25000.0,,Karmilah,471.0,0.93%,604xx,IL,1 year,0.0,0.93,1
5000.0,,jlow,485.0,31.18%,917xx,CA,10+ years,0.0,31.18,1
3000.0,,sugar,598.0,14.76%,285xx,NC,10+ years,0.0,14.76,1
10000.0,,raas,537.0,14.96%,945xx,CA,7 years,0.0,14.96,1
8000.0,,debt_consolidation,706.0,32.4%,794xx,TX,8 years,0.0,32.4,1
20000.0,,other,,100%,908xx,CA,8 years,0.0,100.0,1
19000.0,,readermiss,520.0,21.46%,494xx,MI,10+ years,0.0,21.46,1
7500.0,,Workinghard,534.0,22.18%,652xx,MO,1 year,0.0,22.18,1
22000.0,,debt_consolidation,,100%,985xx,WA,10+ years,0.0,100.0,1
10000.0,,chiefcandy,534.0,0%,606xx,IL,1 year,0.0,0.0,1
2000.0,,Ametz19,448.0,5.49%,015xx,MA,2 years,0.0,5.49,1
25000.0,,personal loan,661.0,20.3%,606xx,IL,10+ years,0.0,20.3,1
10000.0,,major_purchase,0.0,2.57%,210xx,MD,1 year,0.0,2.57,1
17000.0,,debt_consolidation,659.0,19.58%,301xx,GA,3 years,0.0,19.58,1
15000.0,,debt_consolidation,518.0,44.32%,951xx,CA,< 1 year,0.0,44.32,1
2800.0,,Sura,578.0,1.67%,921xx,CA,5 years,0.0,1.67,1
500.0,,misskjharris,478.0,0%,770xx,TX,< 1 year,0.0,0.0,1
10000.0,,Damian,486.0,0%,928xx,CA,1 year,0.0,0.0,1
10000.0,,Taygirl,422.0,13.41%,891xx,NV,4 years,0.0,13.41,1
4000.0,,kellysh64,547.0,2.86%,618xx,IL,2 years,0.0,2.86,1
10000.0,,home_improvement,626.0,26.34%,310xx,GA,10+ years,0.0,26.34,1
10000.0,,"I would like a $10,000 loan with @ 13% intrest over 60 monthes.",697.0,23.17%,330xx,FL,5 years,0.0,23.17,1
9000.0,,Cashonly,669.0,35.61%,784xx,TX,< 1 year,0.0,35.61,1
500.0,,hhilliard_23,495.0,8.33%,209xx,MD,2 years,0.0,8.33,1
20000.0,,Dandilion,402.0,0.33%,782xx,TX,< 1 year,0.0,0.33,1
3500.0,,major_purchase,787.0,0.47%,947xx,CA,1 year,0.0,0.47,1
5000.0,,other,735.0,32.67%,757xx,TX,4 years,0.0,32.67,1
10000.0,,debt_consolidation,644.0,19.22%,782xx,TX,10+ years,0.0,19.22,1
5000.0,,other,689.0,25.05%,761xx,TX,4 years,0.0,25.05,1
10000.0,,Debt Free By 2008,653.0,20.19%,333xx,FL,4 years,0.0,20.19,1
10000.0,,debt_consolidation,672.0,38.63%,900xx,CA,6 years,0.0,38.63,1
3000.0,,WHAT IS MYWORLDPLUS,468.0,22.3%,234xx,VA,10+ years,0.0,22.3,1
1500.0,,keikei,399.0,0%,080xx,NJ,1 year,0.0,0.0,1
500.0,,purpletori,615.0,91.46%,547xx,WI,< 1 year,0.0,91.46,1
15000.0,,cillarose,646.0,49.47%,117xx,NY,9 years,0.0,49.47,1
5000.0,,debt_consolidation,622.0,6.97%,076xx,NJ,10+ years,0.0,6.97,1
17000.0,,debt_consolidation,,100%,853xx,AZ,10+ years,0.0,100.0,1
18200.0,,Rehab a house for rental use,643.0,8.77%,970xx,OR,2 years,0.0,8.77,1
17000.0,,philg530,648.0,20.38%,468xx,IN,8 years,0.0,20.38,1
12000.0,,debt_consolidation,716.0,27.32%,354xx,AL,< 1 year,0.0,27.32,1
2000.0,,debiby,599.0,65.11%,810xx,CO,10+ years,0.0,65.11,1
5000.0,,cbiby,623.0,50.5%,810xx,CO,5 years,0.0,50.5,1
2500.0,,SRG_81,600.0,9%,061xx,CT,3 years,0.0,9.0,1
10000.0,,lisa239,466.0,28.84%,648xx,MO,1 year,0.0,28.84,1
18000.0,,ncmrc,496.0,0%,954xx,CA,< 1 year,0.0,0.0,1
12000.0,,Husker5,636.0,13.13%,672xx,KS,10+ years,0.0,13.13,1
4000.0,,sandrab,603.0,24.79%,236xx,VA,1 year,0.0,24.79,1
3000.0,,debt_consolidation,653.0,47.76%,953xx,CA,2 years,0.0,47.76,1
15000.0,,debt_consolidation,,100%,900xx,CA,4 years,0.0,100.0,1
3000.0,,other,678.0,32.51%,750xx,TX,< 1 year,0.0,32.51,1
12000.0,,Homeawayfromhome,534.0,22.07%,287xx,NC,2 years,0.0,22.07,1
13500.0,,debt_consolidation,694.0,26.63%,023xx,MA,1 year,0.0,26.63,1
2000.0,,bbyjaimee,536.0,35.92%,240xx,VA,< 1 year,0.0,35.92,1
5000.0,,moving,648.0,18.97%,105xx,NY,< 1 year,0.0,18.97,1
5000.0,,chromeangel,416.0,25.4%,841xx,UT,1 year,0.0,25.4,1
10000.0,,ncdoc1279,629.0,34.37%,276xx,NC,7 years,0.0,34.37,1
21000.0,,debt_consolidation,643.0,18.91%,750xx,TX,6 years,0.0,18.91,1
10000.0,,other,,100%,907xx,CA,5 years,0.0,100.0,1
12000.0,,smrtmed,487.0,20.17%,928xx,CA,< 1 year,0.0,20.17,1
8000.0,,Building Credit,655.0,0.52%,333xx,FL,8 years,0.0,0.52,1
3000.0,,solsen,553.0,0%,953xx,CA,6 years,0.0,0.0,1
5000.0,,Sylli,457.0,24.16%,292xx,SC,2 years,0.0,24.16,1
6000.0,,sadone,499.0,12.19%,631xx,MO,1 year,0.0,12.19,1
1000.0,,Bruceyb,526.0,2.35%,333xx,FL,6 years,0.0,2.35,1
2500.0,,other,644.0,21.02%,797xx,TX,1 year,0.0,21.02,1
3000.0,,oldave,537.0,0%,301xx,GA,3 years,0.0,0.0,1
1500.0,,debt_consolidation,625.0,23.39%,875xx,NM,4 years,0.0,23.39,1
25000.0,,TWILDBILL5,726.0,10.7%,321xx,FL,9 years,0.0,10.7,1
7400.0,,Consolidate Bills,652.0,24.58%,070xx,NJ,6 years,0.0,24.58,1
3800.0,,other,668.0,42.33%,130xx,NY,< 1 year,0.0,42.33,1
3600.0,,surgery,689.0,0%,115xx,NY,< 1 year,0.0,0.0,1
3000.0,,forresta65,401.0,28.05%,894xx,NV,3 years,0.0,28.05,1
7500.0,,debt_consolidation,595.0,10.23%,104xx,NY,4 years,0.0,10.23,1
16000.0,,debt_consolidation,662.0,34.5%,084xx,NJ,2 years,0.0,34.5,1
7000.0,,lpnchic3,391.0,14.35%,441xx,OH,< 1 year,0.0,14.35,1
2000.0,,i am creating a meditation cd and need funds for production,,100%,331xx,FL,6 years,0.0,100.0,1
17000.0,,Oceanbrown8496,531.0,27.6%,770xx,TX,9 years,0.0,27.6,1
1500.0,,brantley,456.0,42.91%,711xx,LA,< 1 year,0.0,42.91,1
25000.0,,JimmyT,566.0,0%,891xx,NV,5 years,0.0,0.0,1
25000.0,,jmccanney,720.0,21.15%,190xx,PA,5 years,0.0,21.15,1
20000.0,,cmizell,600.0,16.21%,704xx,LA,10+ years,0.0,16.21,1
2400.0,,consolidation,654.0,19.78%,953xx,CA,10+ years,0.0,19.78,1
14000.0,,snochic417,719.0,19.87%,974xx,OR,< 1 year,0.0,19.87,1
6000.0,,West Milford,810.0,1.81%,074xx,NJ,< 1 year,0.0,1.81,1
25000.0,,ptolentino,625.0,21.32%,923xx,CA,< 1 year,0.0,21.32,1
20000.0,,metaliclizard,680.0,20.12%,983xx,WA,1 year,0.0,20.12,1
7500.0,,burl1843,579.0,2.48%,327xx,FL,1 year,0.0,2.48,1
5000.0,,Loan for Business Expansion,663.0,13.92%,503xx,IA,2 years,0.0,13.92,1
3000.0,,vetosgirl,515.0,54.6%,131xx,NY,< 1 year,0.0,54.6,1
500.0,,growler42,467.0,0%,840xx,UT,< 1 year,0.0,0.0,1
5000.0,,nadialuna,605.0,3.1%,770xx,TX,< 1 year,0.0,3.1,1
2500.0,,kmk,638.0,22.85%,852xx,AZ,< 1 year,0.0,22.85,1
500.0,,daniikay87,434.0,14.54%,544xx,WI,2 years,0.0,14.54,1
6000.0,,other,631.0,0.43%,852xx,AZ,10+ years,0.0,0.43,1
22000.0,,debt_consolidation,,100%,926xx,CA,6 years,0.0,100.0,1
9000.0,,josephemmons,425.0,14.49%,597xx,MT,6 years,0.0,14.49,1
9000.0,,Adidas100,503.0,15.22%,136xx,NY,1 year,0.0,15.22,1
2000.0,,Shellbee,0.0,0%,970xx,OR,6 years,0.0,0.0,1
10000.0,,kanc2001,642.0,26.28%,301xx,GA,< 1 year,0.0,26.28,1
2500.0,,smof15,521.0,1.15%,490xx,MI,8 years,0.0,1.15,1
25000.0,,Barry D,661.0,21.25%,376xx,TN,2 years,0.0,21.25,1
7500.0,,Major Home Supply Purchases,660.0,3.77%,958xx,CA,4 years,0.0,3.77,1
10000.0,,Debt Consoliadation,760.0,20.88%,647xx,MO,6 years,0.0,20.88,1
6500.0,,other,661.0,38.6%,761xx,TX,10+ years,0.0,38.6,1
25000.0,,robgale,573.0,6.1%,945xx,CA,10+ years,0.0,6.1,1
3000.0,,kiddo6815,640.0,27.91%,550xx,MN,7 years,0.0,27.91,1
2200.0,,onenation,632.0,33.66%,492xx,MI,10+ years,0.0,33.66,1
2500.0,,Beth,521.0,61.76%,486xx,MI,4 years,0.0,61.76,1
5000.0,,major_purchase,714.0,15.21%,903xx,CA,< 1 year,0.0,15.21,1
15000.0,,other,,100%,782xx,TX,2 years,0.0,100.0,1
17000.0,,debt_consolidation,728.0,36.91%,319xx,GA,< 1 year,0.0,36.91,1
14000.0,,debt_consolidation,690.0,35.09%,641xx,MO,2 years,0.0,35.09,1
5000.0,,FlyBMXer4130,0.0,0%,700xx,LA,1 year,0.0,0.0,1
15000.0,,other,724.0,24.69%,276xx,NC,2 years,0.0,24.69,1
500.0,,maksimus,544.0,26.23%,330xx,FL,< 1 year,0.0,26.23,1
10000.0,,Consolidate debt ,683.0,4.11%,328xx,FL,4 years,0.0,4.11,1
6500.0,,other,683.0,31.12%,784xx,TX,2 years,0.0,31.12,1
6800.0,,steven6530,618.0,23.37%,212xx,MD,< 1 year,0.0,23.37,1
500.0,,JohnC,0.0,0%,322xx,FL,1 year,0.0,0.0,1
10000.0,,tkeck99,631.0,62.32%,773xx,TX,4 years,0.0,62.32,1
13500.0,,major_purchase,643.0,0%,027xx,MA,2 years,0.0,0.0,1
2500.0,,actingbiz,516.0,25.07%,917xx,CA,4 years,0.0,25.07,1
25000.0,,legacyeng,0.0,0%,107xx,NY,3 years,0.0,0.0,1
2000.0,,frankey2002,566.0,2.86%,200xx,DC,1 year,0.0,2.86,1
7000.0,,borntoachievegreatness,412.0,13.34%,481xx,MI,5 years,0.0,13.34,1
21000.0,,debt_consolidation,688.0,41.93%,760xx,TX,10+ years,0.0,41.93,1
7500.0,,Debt consolidation and home improvement!,532.0,13.94%,253xx,WV,10+ years,0.0,13.94,1
5000.0,,sassykat944,472.0,22.36%,454xx,OH,< 1 year,0.0,22.36,1
1000.0,,Cruisin Crazy,499.0,11.06%,782xx,TX,7 years,0.0,11.06,1
15000.0,,2Tall1964,425.0,0.41%,283xx,NC,6 years,0.0,0.41,1
2000.0,,bobdole,627.0,23.19%,712xx,LA,4 years,0.0,23.19,1
4000.0,,Furnace/AC ,782.0,9.35%,775xx,TX,9 years,0.0,9.35,1
800.0,,imp007,434.0,12.09%,124xx,NY,2 years,0.0,12.09,1
2500.0,,CGI,564.0,13.5%,381xx,TN,1 year,0.0,13.5,1
5000.0,,bama4ever,483.0,0%,352xx,AL,5 years,0.0,0.0,1
14000.0,,debt_consolidation,730.0,47.62%,681xx,NE,7 years,0.0,47.62,1
1000.0,,sherry,0.0,0%,763xx,TX,10+ years,0.0,0.0,1
500.0,,lynise,442.0,0%,171xx,PA,1 year,0.0,0.0,1
7000.0,,fuzzy,570.0,9.32%,156xx,PA,6 years,0.0,9.32,1
13604.0,,debt_consolidation,626.0,19.47%,770xx,TX,3 years,0.0,19.47,1
15000.0,,HARRY POTTER,532.0,49.13%,081xx,NJ,10+ years,0.0,49.13,1
7500.0,,juwelb,636.0,4.66%,222xx,VA,10+ years,0.0,4.66,1
25000.0,,needloan,669.0,39.89%,913xx,CA,2 years,0.0,39.89,1
2000.0,,jyemaster,466.0,9.55%,458xx,OH,10+ years,0.0,9.55,1
1500.0,,rclem18,528.0,15.02%,024xx,MA,10+ years,0.0,15.02,1
1250.0,,Audwey,426.0,36%,922xx,CA,2 years,0.0,36.0,1
5000.0,,jamiepaul11,533.0,0%,021xx,MA,< 1 year,0.0,0.0,1
2500.0,,plowery,540.0,3.27%,394xx,MS,< 1 year,0.0,3.27,1
2000.0,,oceanlakes1964,508.0,35.09%,272xx,NC,2 years,0.0,35.09,1
5000.0,,other,622.0,21.63%,752xx,TX,6 years,0.0,21.63,1
5000.0,,debt_consolidation,,100%,917xx,CA,2 years,0.0,100.0,1
5000.0,,biloxi72,629.0,19.55%,760xx,TX,< 1 year,0.0,19.55,1
25000.0,,GRANNYPEG,524.0,6.6%,507xx,IA,10+ years,0.0,6.6,1
500.0,,mustilidaefuro,474.0,27.47%,265xx,WV,< 1 year,0.0,27.47,1
5000.0,,ispyguy24,634.0,19.47%,956xx,CA,7 years,0.0,19.47,1
13500.0,,starbright,439.0,0.8%,897xx,NV,< 1 year,0.0,0.8,1
8175.0,,personal loan,691.0,2.82%,923xx,CA,5 years,0.0,2.82,1
8000.0,,lsds,524.0,0%,657xx,MO,< 1 year,0.0,0.0,1
2100.0,,debt_consolidation,730.0,101.27%,113xx,NY,< 1 year,0.0,101.27,1
25000.0,,irese,780.0,0.97%,921xx,CA,2 years,0.0,0.97,1
6000.0,,akopera1067,554.0,3.75%,346xx,FL,1 year,0.0,3.75,1
24000.0,,debt consolidation,754.0,0.84%,852xx,AZ,2 years,0.0,0.84,1
12000.0,,major purchase,685.0,0.78%,853xx,AZ,1 year,0.0,0.78,1
3000.0,,anishclem,451.0,11.61%,932xx,CA,10+ years,0.0,11.61,1
10800.0,,anniee,549.0,122.18%,920xx,CA,< 1 year,0.0,122.18,1
18000.0,,Web Entrepreneur Business Expansion Fund,648.0,17.93%,980xx,WA,3 years,0.0,17.93,1
2000.0,,other,668.0,36.2%,762xx,TX,6 years,0.0,36.2,1
12000.0,,debt_consolidation,704.0,41.21%,794xx,TX,4 years,0.0,41.21,1
10000.0,,MagicGirl,666.0,32.41%,088xx,NJ,2 years,0.0,32.41,1
15000.0,,Martkee,561.0,14.03%,945xx,CA,1 year,0.0,14.03,1
600.0,,kabotabob,474.0,5.52%,148xx,NY,4 years,0.0,5.52,1
15000.0,,debt_consolidation,692.0,101.5%,324xx,FL,< 1 year,0.0,101.5,1
550.0,,DEADMAN22NC,0.0,0%,281xx,NC,2 years,0.0,0.0,1
15000.0,,debt_consolidation,,100%,945xx,CA,10+ years,0.0,100.0,1
20000.0,,debt_consolidation,696.0,27.8%,750xx,TX,4 years,0.0,27.8,1
3000.0,,goodlender78,469.0,20.16%,543xx,WI,5 years,0.0,20.16,1
25000.0,,Kimerly333,677.0,42.48%,435xx,OH,10+ years,0.0,42.48,1
12000.0,,debt_consolidation,658.0,2.39%,278xx,NC,8 years,0.0,2.39,1
25000.0,,Open a nail salon store,712.0,0.69%,111xx,NY,4 years,0.0,0.69,1
15000.0,,peaselove,564.0,32.18%,338xx,FL,1 year,0.0,32.18,1
5000.0,,Deb,598.0,3626400%,750xx,TX,< 1 year,0.0,3626400.0,1
7000.0,,lakegirl5,514.0,15.87%,644xx,MO,2 years,0.0,15.87,1
20000.0,,other,716.0,9.64%,285xx,NC,6 years,0.0,9.64,1
2000.0,,o9barbiedawl,661.0,16.67%,480xx,MI,< 1 year,0.0,16.67,1
1000.0,,jason04,517.0,17.11%,086xx,NJ,2 years,0.0,17.11,1
12000.0,,debt_consolidation,754.0,34.17%,145xx,NY,10+ years,0.0,34.17,1
5000.0,,debt_consolidation,,100%,071xx,NJ,4 years,0.0,100.0,1
1500.0,,wndestiny,421.0,0.77%,918xx,CA,1 year,0.0,0.77,1
5000.0,,kwag,588.0,37.88%,644xx,MO,10+ years,0.0,37.88,1
3000.0,,Blairza,566.0,15.55%,954xx,CA,7 years,0.0,15.55,1
25000.0,,softbl12,666.0,33.17%,618xx,IL,6 years,0.0,33.17,1
11500.0,,tommy Kaye,616.0,45.62%,740xx,OK,1 year,0.0,45.62,1
2000.0,,sunshinegirl0311,594.0,6.13%,379xx,TN,1 year,0.0,6.13,1
1000.0,,wolfwrangler45,466.0,0%,606xx,IL,10+ years,0.0,0.0,1
5000.0,,other,538.0,16.6%,750xx,TX,10+ years,0.0,16.6,1
500.0,,malonis17104,513.0,0%,171xx,PA,< 1 year,0.0,0.0,1
10000.0,,debt_consolidation,643.0,12.12%,972xx,OR,1 year,0.0,12.12,1
10000.0,,hubert51,642.0,0%,338xx,FL,10+ years,0.0,0.0,1
10000.0,,jglass88,625.0,8.8%,326xx,FL,< 1 year,0.0,8.8,1
2500.0,,stl55,541.0,0%,726xx,AR,10+ years,0.0,0.0,1
10000.0,,debt_consolidation,,100%,923xx,CA,< 1 year,0.0,100.0,1
3500.0,,debt_consolidation,635.0,8.08%,114xx,NY,10+ years,0.0,8.08,1
1500.0,,im2gr82b4gotten,599.0,8%,144xx,NY,< 1 year,0.0,8.0,1
15000.0,,other,662.0,24.29%,708xx,LA,6 years,0.0,24.29,1
11000.0,,debt_consolidation,,100%,328xx,FL,2 years,0.0,100.0,1
10000.0,,Debt Consolidation Loan,689.0,19.44%,405xx,KY,10+ years,0.0,19.44,1
3000.0,,personal loan,674.0,1.38%,328xx,FL,2 years,0.0,1.38,1
1000.0,,asayoel,0.0,0%,212xx,MD,9 years,0.0,0.0,1
15000.0,,Mary,702.0,26.5%,809xx,CO,< 1 year,0.0,26.5,1
10000.0,,coachhanna,430.0,2.42%,144xx,NY,7 years,0.0,2.42,1
3000.0,,Personal Loan,677.0,0%,770xx,TX,1 year,0.0,0.0,1
5000.0,,mailady,479.0,4.19%,211xx,MD,10+ years,0.0,4.19,1
2600.0,,seanc2k,422.0,65.32%,921xx,CA,< 1 year,0.0,65.32,1
2000.0,,exgar01,426.0,26.36%,945xx,CA,10+ years,0.0,26.36,1
1500.0,,emc2121,0.0,0%,941xx,CA,< 1 year,0.0,0.0,1
2000.0,,Laurel07,490.0,45.45%,947xx,CA,< 1 year,0.0,45.45,1
1500.0,,cabrio,742.0,42.98%,945xx,CA,10+ years,0.0,42.98,1
1000.0,,I lost time at work due to injury. I am looking to play catch up on some bills...if you can actually do that with 3 kids!!!,557.0,9.28%,535xx,WI,3 years,0.0,9.28,1
2500.0,,Misslarajones,524.0,4.66%,900xx,CA,1 year,0.0,4.66,1
15000.0,,CREDIT CARD CONSOLIDATION,694.0,0.42%,917xx,CA,6 years,0.0,0.42,1
15000.0,,taxguy,660.0,15.73%,834xx,ID,2 years,0.0,15.73,1
3000.0,,datageek,630.0,38.86%,452xx,OH,10+ years,0.0,38.86,1
7500.0,,Stability,614.0,19.98%,070xx,NJ,< 1 year,0.0,19.98,1
1000.0,,SessyJessy87,467.0,3.42%,331xx,FL,< 1 year,0.0,3.42,1
5000.0,,other,685.0,31.53%,681xx,NE,7 years,0.0,31.53,1
8000.0,,cogito,503.0,1.12%,210xx,MD,< 1 year,0.0,1.12,1
3100.0,,Meredosiagal,497.0,48%,626xx,IL,10+ years,0.0,48.0,1
7500.0,,need4money,547.0,29.26%,918xx,CA,3 years,0.0,29.26,1
2000.0,,Ryno50,551.0,0%,875xx,NM,4 years,0.0,0.0,1
7000.0,,debt_consolidation,,100%,945xx,CA,2 years,0.0,100.0,1
3000.0,,cebkrantz,598.0,0%,241xx,VA,3 years,0.0,0.0,1
11000.0,,mjfullback,632.0,92.77%,331xx,FL,3 years,0.0,92.77,1
1000.0,,jageallis,560.0,7.98%,600xx,IL,2 years,0.0,7.98,1
2000.0,,krnbby84,464.0,0%,900xx,CA,1 year,0.0,0.0,1
5000.0,,jengstro,620.0,9.88%,971xx,OR,1 year,0.0,9.88,1
2500.0,,bettyboop,497.0,4.6%,945xx,CA,10+ years,0.0,4.6,1
10000.0,,Mvoelker,587.0,2.91%,950xx,CA,< 1 year,0.0,2.91,1
12750.0,,Help pay for Real Estate Education,658.0,15.74%,891xx,NV,3 years,0.0,15.74,1
20000.0,,major_purchase,,100%,800xx,CO,1 year,0.0,100.0,1
1700.0,,RyanRov,566.0,14.46%,934xx,CA,< 1 year,0.0,14.46,1
1500.0,,other,617.0,0.63%,954xx,CA,10+ years,0.0,0.63,1
11000.0,,debt_consolidation,634.0,56.8%,770xx,TX,4 years,0.0,56.8,1
4000.0,,Pay off a credit card with 27% APR,618.0,14.76%,908xx,CA,1 year,0.0,14.76,1
4250.0,,carib7334,458.0,11.6%,325xx,FL,2 years,0.0,11.6,1
20000.0,,borrowerlend,651.0,6.33%,605xx,IL,3 years,0.0,6.33,1
500.0,,wallyboy,546.0,0%,941xx,CA,2 years,0.0,0.0,1
7800.0,,Paying down credit cards with high rate,676.0,28.34%,891xx,NV,4 years,0.0,28.34,1
12000.0,,nayrb5,603.0,18.53%,603xx,IL,< 1 year,0.0,18.53,1
500.0,,Jose163,0.0,10.91%,088xx,NJ,1 year,0.0,10.91,1
6000.0,,Funeral and related expenses.,684.0,14.85%,114xx,NY,8 years,0.0,14.85,1
5000.0,,Adrock,653.0,0.65%,152xx,PA,3 years,0.0,0.65,1
5000.0,,other,,100%,935xx,CA,10+ years,0.0,100.0,1
25000.0,,hardworker2008,617.0,41.84%,945xx,CA,8 years,0.0,41.84,1
7000.0,,Billiards hall working capital,628.0,23.63%,931xx,CA,9 years,0.0,23.63,1
14000.0,,debt_consolidation,705.0,22.42%,275xx,NC,1 year,0.0,22.42,1
18000.0,,debt_consolidation,697.0,13.76%,985xx,WA,2 years,0.0,13.76,1
17000.0,,major_purchase,,100%,770xx,TX,10+ years,0.0,100.0,1
6300.0,,Lower interest rate on credit card.,709.0,28.01%,674xx,KS,10+ years,0.0,28.01,1
20000.0,,debt_consolidation,734.0,28.47%,683xx,NE,10+ years,0.0,28.47,1
6500.0,,jrobinson,435.0,12.66%,946xx,CA,1 year,0.0,12.66,1
24500.0,,cheephomes,659.0,2.71%,441xx,OH,2 years,0.0,2.71,1
19000.0,,debt_consolidation,690.0,21.66%,103xx,NY,10+ years,0.0,21.66,1
8000.0,,Implants,773.0,0%,989xx,WA,4 years,0.0,0.0,1
3000.0,,kristamc,616.0,6.78%,972xx,OR,4 years,0.0,6.78,1
2000.0,,bchockey47,471.0,2.85%,551xx,MN,< 1 year,0.0,2.85,1
19275.0,,"Need a hand ""not a hand out!""",656.0,2.2%,770xx,TX,3 years,0.0,2.2,1
20000.0,,debt_consolidation,,100%,980xx,WA,10+ years,0.0,100.0,1
2500.0,,ladyc0320,464.0,4.44%,917xx,CA,5 years,0.0,4.44,1
2000.0,,Patrick85,572.0,22.17%,322xx,FL,4 years,0.0,22.17,1
21000.0,,other,702.0,29.41%,664xx,KS,4 years,0.0,29.41,1
2500.0,,lymorgan,470.0,0%,105xx,NY,1 year,0.0,0.0,1
3000.0,,dustin052084,536.0,20.05%,503xx,IA,1 year,0.0,20.05,1
25000.0,,Joeysmom,615.0,15.44%,945xx,CA,10+ years,0.0,15.44,1
18500.0,,runner up,668.0,12.13%,784xx,TX,1 year,0.0,12.13,1
500.0,,ih8evrythng,468.0,0%,750xx,TX,< 1 year,0.0,0.0,1
2500.0,,Aime,690.0,17.95%,075xx,NJ,1 year,0.0,17.95,1
1500.0,,robhel,554.0,19.54%,976xx,CA,7 years,0.0,19.54,1
4000.0,,other,711.0,8.2%,641xx,MO,< 1 year,0.0,8.2,1
3200.0,,Consolodation Credit Cards,658.0,28.97%,085xx,NJ,1 year,0.0,28.97,1
2500.0,,musashi73,463.0,0%,980xx,WA,< 1 year,0.0,0.0,1
15000.0,,cgbuilding,626.0,54.96%,371xx,TN,10+ years,0.0,54.96,1
3000.0,,debt_consolidation,665.0,60.94%,019xx,MA,10+ years,0.0,60.94,1
500.0,,bikebuster77,504.0,4.5%,224xx,VA,< 1 year,0.0,4.5,1
20000.0,,silverliebt,702.0,34.4%,931xx,CA,4 years,0.0,34.4,1
25000.0,,mchristianson1976,437.0,0%,604xx,IL,10+ years,0.0,0.0,1
12000.0,,debt_consolidation,709.0,39.78%,141xx,NY,10+ years,0.0,39.78,1
2000.0,,Teeuh0203,509.0,5.27%,767xx,TX,2 years,0.0,5.27,1
5000.0,,rdirjan44,618.0,15.6%,151xx,PA,2 years,0.0,15.6,1
10000.0,,musicsyn,637.0,23.83%,400xx,KY,10+ years,0.0,23.83,1
6000.0,,pitt.transplant,678.0,19.12%,152xx,PA,2 years,0.0,19.12,1
5000.0,,iamlowther,0.0,1.5%,043xx,ME,2 years,0.0,1.5,1
7000.0,,Trader321,0.0,0%,940xx,CA,< 1 year,0.0,0.0,1
5000.0,,Amazing investment home!,684.0,31.6%,949xx,CA,9 years,0.0,31.6,1
8000.0,,LeeLee,488.0,0%,100xx,NY,< 1 year,0.0,0.0,1
10000.0,,BigBoss,622.0,17.82%,891xx,NV,3 years,0.0,17.82,1
10000.0,,mranderson,534.0,0%,981xx,WA,2 years,0.0,0.0,1
25000.0,,handsontherapist,616.0,15.1%,434xx,OH,5 years,0.0,15.1,1
25000.0,,hometowntherapist,587.0,10.98%,434xx,OH,3 years,0.0,10.98,1
1500.0,,sk8raver,614.0,13.52%,337xx,FL,4 years,0.0,13.52,1
15000.0,,Kaitlins Heart Foundatio,544.0,1.8%,485xx,MI,1 year,0.0,1.8,1
2000.0,,major_purchase,610.0,0%,917xx,CA,4 years,0.0,0.0,1
20000.0,,robert_rimcountry,550.0,7.95%,852xx,AZ,< 1 year,0.0,7.95,1
5000.0,,"I would like to request a small loan to consolidate all my debts. I don't have many bills, but I have fallen behind and see know way out of it except for getting a loan. I do have a good amount of medical bills , but if I am making monthly payments I can stay on track that way. ",549.0,0%,019xx,MA,10+ years,0.0,0.0,1
10000.0,,windy1,513.0,18.6%,424xx,KY,< 1 year,0.0,18.6,1
10000.0,,ddhmoney,640.0,24.46%,342xx,FL,< 1 year,0.0,24.46,1
10000.0,,bigfanof12,529.0,4.52%,371xx,TN,< 1 year,0.0,4.52,1
7500.0,,bamadad37,611.0,29.66%,395xx,MS,2 years,0.0,29.66,1
1300.0,,williams,578.0,0.92%,857xx,AZ,< 1 year,0.0,0.92,1
15000.0,,debt consildation and invest.,697.0,5.33%,222xx,VA,< 1 year,0.0,5.33,1
5500.0,,hlstarkey,528.0,0%,683xx,NE,1 year,0.0,0.0,1
2000.0,,olliemag,520.0,0%,920xx,CA,< 1 year,0.0,0.0,1
6000.0,,Funeral Expense,655.0,13.73%,984xx,WA,10+ years,0.0,13.73,1
10000.0,,debt_consolidation,696.0,17.58%,142xx,NY,4 years,0.0,17.58,1
9000.0,,trekhi,510.0,12.94%,495xx,MI,1 year,0.0,12.94,1
10000.0,,Mi6xx,590.0,50.8%,604xx,IL,< 1 year,0.0,50.8,1
6000.0,,Charles1014,588.0,0.61%,837xx,ID,10+ years,0.0,0.61,1
1000.0,,RHill,485.0,0%,215xx,MD,9 years,0.0,0.0,1
2500.0,,cshetter,565.0,18.12%,274xx,NC,< 1 year,0.0,18.12,1
3000.0,,ittgrad02,453.0,46.49%,787xx,TX,< 1 year,0.0,46.49,1
5000.0,,fluffyx,634.0,9%,303xx,GA,< 1 year,0.0,9.0,1
3000.0,,tammyag2003,478.0,14.67%,787xx,TX,< 1 year,0.0,14.67,1
5000.0,,cjh104,479.0,4.25%,395xx,MS,10+ years,0.0,4.25,1
7200.0,,Personal Loan,667.0,8.95%,951xx,CA,2 years,0.0,8.95,1
6000.0,,Alex D,511.0,3.13%,787xx,TX,1 year,0.0,3.13,1
17000.0,,debt_consolidation,701.0,31.43%,452xx,OH,6 years,0.0,31.43,1
6000.0,,pjspe,604.0,0.55%,194xx,PA,1 year,0.0,0.55,1
20825.0,,Medical,646.0,8.49%,935xx,CA,4 years,0.0,8.49,1
19000.0,,debt_consolidation,716.0,22.54%,021xx,MA,3 years,0.0,22.54,1
25000.0,,TSONG,509.0,10.3%,076xx,NJ,2 years,0.0,10.3,1
10000.0,,packfans2,478.0,11.78%,547xx,WI,8 years,0.0,11.78,1
1500.0,,bebeking79,441.0,0.55%,787xx,TX,< 1 year,0.0,0.55,1
700.0,,piolinn,471.0,43.84%,954xx,CA,< 1 year,0.0,43.84,1
2000.0,,barber777,773.0,0%,805xx,CO,2 years,0.0,0.0,1
500.0,,startingout,0.0,0%,166xx,PA,2 years,0.0,0.0,1
10000.0,,mg07,530.0,0%,785xx,TX,5 years,0.0,0.0,1
3000.0,,euroallday,450.0,0.95%,600xx,IL,3 years,0.0,0.95,1
5000.0,,fahadshahid,560.0,21.12%,112xx,NY,< 1 year,0.0,21.12,1
15000.0,,cristoffers_dad,589.0,9.38%,532xx,WI,< 1 year,0.0,9.38,1
1000.0,,Honeymom,585.0,25%,940xx,CA,< 1 year,0.0,25.0,1
10000.0,,WISEMAN1,635.0,105.47%,787xx,TX,2 years,0.0,105.47,1
25000.0,,dwayneblazer,606.0,22.06%,338xx,FL,5 years,0.0,22.06,1
20000.0,,debt_consolidation,703.0,15.68%,109xx,NY,1 year,0.0,15.68,1
8000.0,,g2ymw,584.0,15.11%,150xx,PA,5 years,0.0,15.11,1
10000.0,,djnvs,687.0,15.75%,750xx,TX,10+ years,0.0,15.75,1
15000.0,,Bev,552.0,12.59%,612xx,IL,10+ years,0.0,12.59,1
14000.0,,marcie,425.0,24.85%,306xx,GA,4 years,0.0,24.85,1
10000.0,,tkl1871,535.0,30.41%,492xx,MI,8 years,0.0,30.41,1
25000.0,,jmurphy,511.0,89.02%,786xx,TX,10+ years,0.0,89.02,1
3000.0,,ccandzacjul,603.0,22.03%,030xx,NH,< 1 year,0.0,22.03,1
7000.0,,sunkist777,543.0,22.04%,021xx,MA,1 year,0.0,22.04,1
11150.0,,rihen,731.0,27.64%,762xx,TX,< 1 year,0.0,27.64,1
500.0,,docinthemaking,447.0,22.82%,787xx,TX,< 1 year,0.0,22.82,1
2500.0,,MacJacksonB,600.0,29.89%,247xx,WV,< 1 year,0.0,29.89,1
25000.0,,trevorg,462.0,17.77%,654xx,MO,3 years,0.0,17.77,1
20000.0,,Debt consolidation,698.0,6.28%,941xx,CA,2 years,0.0,6.28,1
10000.0,,insman411,677.0,48.87%,302xx,GA,3 years,0.0,48.87,1
2000.0,,kendawg1,470.0,22.91%,802xx,CO,4 years,0.0,22.91,1
3000.0,,nedabreak,441.0,2.75%,787xx,TX,7 years,0.0,2.75,1
10500.0,,Credit Card Payoff,745.0,26.81%,800xx,CO,10+ years,0.0,26.81,1
15000.0,,debt_consolidation,671.0,26.39%,633xx,MO,< 1 year,0.0,26.39,1
9000.0,,dramaqueen124,629.0,11.53%,571xx,SD,2 years,0.0,11.53,1
20000.0,,major_purchase,669.0,38.19%,153xx,PA,< 1 year,0.0,38.19,1
4800.0,,Daughter's Sweet Fifteen,643.0,0.83%,606xx,IL,10+ years,0.0,0.83,1
12000.0,,debt_consolidation,724.0,32.09%,601xx,IL,1 year,0.0,32.09,1
3000.0,,rgrinder,610.0,32.46%,890xx,NV,2 years,0.0,32.46,1
4500.0,,JChristine76,586.0,17.71%,300xx,GA,1 year,0.0,17.71,1
25000.0,,mrfoosnoodleshop,786.0,45.05%,100xx,NY,1 year,0.0,45.05,1
18000.0,,debt_consolidation,673.0,13.73%,497xx,MI,3 years,0.0,13.73,1
10000.0,,itspeacock,0.0,3.37%,339xx,FL,< 1 year,0.0,3.37,1
7500.0,,PACFDAWORLD,590.0,13.25%,708xx,LA,< 1 year,0.0,13.25,1
20000.0,,debt_consolidation,678.0,31.05%,544xx,WI,4 years,0.0,31.05,1
10000.0,,enya,496.0,0%,322xx,FL,10+ years,0.0,0.0,1
1500.0,,aelli614,526.0,0%,770xx,TX,< 1 year,0.0,0.0,1
14000.0,,debt_consolidation,697.0,31.63%,121xx,NY,10+ years,0.0,31.63,1
8000.0,,firstamerica,572.0,9.46%,415xx,KY,< 1 year,0.0,9.46,1
22000.0,,other,713.0,34.45%,104xx,NY,2 years,0.0,34.45,1
12000.0,,jamaica joe,665.0,32.46%,433xx,OH,3 years,0.0,32.46,1
18000.0,,debt_consolidation,672.0,26.41%,631xx,MO,5 years,0.0,26.41,1
18300.0,,debt_consolidation,660.0,24.76%,752xx,TX,< 1 year,0.0,24.76,1
8000.0,,major_purchase,658.0,23.25%,908xx,CA,10+ years,0.0,23.25,1
20000.0,,NewLeaf,660.0,95.2%,917xx,CA,2 years,0.0,95.2,1
500.0,,rexhouston,459.0,12.56%,386xx,MS,6 years,0.0,12.56,1
5000.0,,LaRachael,644.0,35.12%,802xx,CO,2 years,0.0,35.12,1
13000.0,,debt_consolidation,690.0,29.93%,604xx,IL,1 year,0.0,29.93,1
5000.0,,debt_consolidation,701.0,27.93%,238xx,VA,< 1 year,0.0,27.93,1
15000.0,,debt_consolidation,682.0,18.38%,908xx,CA,2 years,0.0,18.38,1
1000.0,,hottesthottien1,437.0,18.94%,645xx,MO,3 years,0.0,18.94,1
1500.0,,debt_consolidation,517.0,12.98%,235xx,VA,2 years,0.0,12.98,1
15000.0,,debt_consolidation,665.0,17.66%,681xx,NE,10+ years,0.0,17.66,1
20000.0,,AECKY,519.0,15.94%,403xx,KY,8 years,0.0,15.94,1
10000.0,,cadams,672.0,31%,266xx,WV,5 years,0.0,31.0,1
6000.0,,Sandi,558.0,0%,985xx,WA,10+ years,0.0,0.0,1
23000.0,,debt_consolidation,671.0,80.9%,591xx,MT,10+ years,0.0,80.9,1
25000.0,,united2396,469.0,0.28%,077xx,NJ,3 years,0.0,0.28,1
11000.0,,other,,100%,941xx,CA,4 years,0.0,100.0,1
5000.0,,ucitymo,578.0,1%,631xx,MO,4 years,0.0,1.0,1
20000.0,,debt_consolidation,772.0,27.68%,418xx,KY,4 years,0.0,27.68,1
25000.0,,ljchapel1231,607.0,15.65%,922xx,CA,2 years,0.0,15.65,1
1500.0,,JERIMIE,382.0,13.68%,606xx,IL,< 1 year,0.0,13.68,1
6000.0,,pdsfoto123,381.0,1.89%,630xx,MO,3 years,0.0,1.89,1
2000.0,,davidlkatz,734.0,0.24%,115xx,NY,< 1 year,0.0,0.24,1
20000.0,,shadowfire223,504.0,1.43%,954xx,CA,< 1 year,0.0,1.43,1
1000.0,,texas,543.0,0%,774xx,TX,1 year,0.0,0.0,1
3000.0,,dah1247,488.0,18.89%,784xx,TX,1 year,0.0,18.89,1
1000.0,,Pay Off Bank of America & Medical Bills,510.0,10.14%,480xx,MI,6 years,0.0,10.14,1
5000.0,,soxfan83,651.0,13.2%,046xx,ME,5 years,0.0,13.2,1
10000.0,,mylittlebears,472.0,8.54%,027xx,MA,10+ years,0.0,8.54,1
5000.0,,as400_guru,540.0,5.44%,277xx,NC,2 years,0.0,5.44,1
3000.0,,Xine,550.0,28.24%,454xx,OH,7 years,0.0,28.24,1
2500.0,,bmw1031985,540.0,59.42%,605xx,IL,2 years,0.0,59.42,1
15000.0,,GRifkin,634.0,31.92%,752xx,TX,9 years,0.0,31.92,1
10000.0,,desertcrawler,0.0,0%,280xx,NC,< 1 year,0.0,0.0,1
20000.0,,debt_consolidation,709.0,25.49%,070xx,NJ,4 years,0.0,25.49,1
20000.0,,qwertyu1,654.0,23.59%,481xx,MI,< 1 year,0.0,23.59,1
10000.0,,bobbie,547.0,31.5%,662xx,KS,4 years,0.0,31.5,1
1600.0,,dreamer1022do,0.0,0%,190xx,PA,< 1 year,0.0,0.0,1
5500.0,,mamajill,560.0,9.3%,435xx,OH,10+ years,0.0,9.3,1
8230.0,,debt_consolidation,718.0,37.52%,114xx,NY,< 1 year,0.0,37.52,1
19000.0,,armani975,533.0,5.76%,016xx,MA,1 year,0.0,5.76,1
8000.0,,jenny0878,711.0,24.05%,366xx,AL,< 1 year,0.0,24.05,1
3000.0,,tracilpw,435.0,11.88%,494xx,MI,< 1 year,0.0,11.88,1
15000.0,,other,689.0,20.21%,945xx,CA,< 1 year,0.0,20.21,1
10000.0,,JohnSB,625.0,17.23%,286xx,NC,< 1 year,0.0,17.23,1
25000.0,,Gruges99,688.0,31.99%,553xx,MN,1 year,0.0,31.99,1
8000.0,,Jared Beiswenger,713.0,5.77%,891xx,NV,2 years,0.0,5.77,1
4000.0,,KCJIM,415.0,3.34%,641xx,MO,1 year,0.0,3.34,1
5000.0,,discourseclothing,509.0,0%,980xx,WA,1 year,0.0,0.0,1
