Amount Requested,Application Date,Loan Title,Risk_Score,Debt-To-Income Ratio,Zip Code,State,Employment Length,Policy Code
10000.0,2007-11-19,littlebit0118,561.0,22.33%,275xx,NC,10+ years,0.0
20000.0,2007-12-29,other,635.0,51.58%,453xx,OH,10+ years,0.0
10000.0,2008-01-14,debt loan,646.0,1.66%,125xx,NY,4 years,0.0
25000.0,2008-04-06,,643.0,17.33%,681xx,NE,1 year,0.0
3000.0,2008-08-27,FreshStartPleaseHelp,463.0,1.3%,935xx,CA,2 years,0.0
5000.0,2008-10-29,Insurance Marketing for Medicare,559.0,4.98%,932xx,CA,4 years,0.0
2500.0,2009-01-16,bILL pAYMENT,470.0,1.41%,461xx,IL,3 years,0.0
5000.0,2009-03-10,Please help me finish school,565.0,46.87%,850xx,AZ,< 1 year,0.0
25000.0,2009-03-25,Small Business Capital ,644.0,14.4%,606xx,IL,2 years,0.0
5000.0,2009-04-09,Pay off Debt with National City,605.0,22.85%,437xx,OH,9 years,0.0
20000.0,2009-04-17,Loan For Nursing,,-1%,300xx,GA,3 years,0.0
5000.0,2009-05-04,Cosolidate,536.0,120.15%,488xx,MI,10+ years,0.0
12000.0,2009-07-01,Loan for college,639.0,50%,489xx,MI,< 1 year,0.0
10000.0,2009-08-20,Sincere,629.0,26.86%,193xx,PA,10+ years,0.0
2000.0,2009-09-19,Bill Payments,674.0,15.17%,088xx,NJ,3 years,0.0
10000.0,2009-11-26,small_business,525.0,39.86%,115xx,NY,< 1 year,0.0
10000.0,2009-11-30,debt_consolidation,547.0,4.73%,706xx,LA,8 years,0.0
10000.0,2010-03-11,car,592.0,6.91%,900xx,CA,,0.0
25000.0,2010-06-05,debt_consolidation,757.0,12.3%,856xx,AZ,< 1 year,0.0
3000.0,2010-06-10,other,547.0,17.8%,435xx,OH,10+ years,0.0
1500.0,2010-07-09,medical,649.0,6.33%,402xx,KY,< 1 year,0.0
10000.0,2010-07-29,debt_consolidation,446.0,23.86%,142xx,NY,< 1 year,0.0
20000.0,2010-08-14,debt_consolidation,692.0,36.24%,117xx,NY,< 1 year,0.0
5000.0,2010-09-04,car,,-1%,775xx,TX,< 1 year,0.0
5000.0,2010-10-04,debt_consolidation,620.0,44.25%,415xx,KY,< 1 year,0.0
1000.0,2010-10-26,major_purchase,674.0,41.12%,750xx,TX,< 1 year,0.0
16000.0,2010-11-17,co-op apartment,701.0,13.82%,116xx,NY,9 years,0.0
10000.0,2010-11-17,renewable_energy,525.0,0.51%,922xx,CA,< 1 year,0.0
8000.0,2011-01-05,other,631.0,12.81%,770xx,TX,6 years,0.0
9000.0,2011-01-08,car,648.0,12.48%,603xx,IL,< 1 year,0.0
6000.0,2011-02-17,major_purchase,615.0,32.7%,781xx,TX,< 1 year,0.0
11000.0,2011-02-22,debt_consolidation,503.0,19.23%,364xx,AL,< 1 year,0.0
8000.0,2011-03-08,other,677.0,102.2%,785xx,TX,2 years,0.0
10000.0,2011-03-30,credit_card,622.0,43.28%,605xx,IL,< 1 year,0.0
20000.0,2011-04-05,car,671.0,9.91%,992xx,WA,< 1 year,0.0
8000.0,2011-04-19,car,773.0,34.2%,625xx,IL,< 1 year,0.0
14000.0,2011-05-02,home_improvement,749.0,18.95%,117xx,NY,< 1 year,0.0
3000.0,2011-05-25,home_improvement,512.0,30.19%,165xx,PA,< 1 year,0.0
6000.0,2011-06-21,debt_consolidation,501.0,36.1%,410xx,KY,< 1 year,0.0
4000.0,2011-07-09,debt_consolidation,659.0,5.16%,850xx,AZ,< 1 year,0.0
3500.0,2011-08-06,other,514.0,27.64%,337xx,FL,< 1 year,0.0
4500.0,2011-08-22,car,0.0,0%,188xx,PA,< 1 year,0.0
35000.0,2011-09-12,debt_consolidation,711.0,30.24%,660xx,KS,< 1 year,0.0
20000.0,2011-10-03,credit_card,656.0,31.17%,782xx,TX,< 1 year,0.0
24000.0,2011-10-04,Chase and citi,709.0,23.81%,331xx,FL,1 year,0.0
7500.0,2011-10-20,debt_consolidation,654.0,12.39%,933xx,CA,< 1 year,0.0
2000.0,2011-10-27,other,566.0,22.02%,488xx,MI,< 1 year,0.0
34000.0,2011-10-29,car,668.0,17.13%,248xx,WV,3 years,0.0
12000.0,2011-10-29,debt_consolidation,559.0,40.15%,853xx,AZ,< 1 year,0.0
15000.0,2011-10-31,VACATION,786.0,0.83%,086xx,NJ,10+ years,0.0
8900.0,2011-12-10,debt_consolidation,761.0,16.92%,240xx,VA,< 1 year,0.0
1000.0,2011-12-10,renewable_energy,512.0,40.44%,425xx,KY,< 1 year,0.0
5000.0,2012-01-03,debt_consolidation,559.0,12.71%,065xx,CT,< 1 year,0.0
10000.0,2012-01-07,debt_consolidation,700.0,27.77%,327xx,FL,< 1 year,0.0
35000.0,2012-01-13,home_improvement,658.0,13.94%,441xx,OH,< 1 year,0.0
35000.0,2012-01-14,debt_consolidation,696.0,35.85%,553xx,MN,< 1 year,0.0
2000.0,2012-01-29,vacation,0.0,0%,334xx,FL,< 1 year,0.0
18000.0,2012-02-02,toyotaloan,673.0,19.98%,943xx,CA,,0.0
35000.0,2012-02-02,house,605.0,30.67%,070xx,NJ,< 1 year,0.0
10000.0,2012-02-06,debt_consolidation,636.0,14.89%,104xx,NY,< 1 year,0.0
30000.0,2012-02-07,debt_consolidation,659.0,4.07%,900xx,CA,6 years,0.0
25000.0,2012-02-23,credit_card,676.0,38.26%,933xx,CA,< 1 year,0.0
20000.0,2012-03-07,debt_consolidation,674.0,65.25%,283xx,NC,< 1 year,0.0
25000.0,2012-03-08,credit_card,703.0,29.42%,350xx,AL,< 1 year,0.0
4000.0,2012-03-11,home_improvement,633.0,7.39%,112xx,NY,< 1 year,0.0
29600.0,2012-03-26,car,666.0,24.53%,906xx,CA,5 years,0.0
10000.0,2012-04-02,debt_consolidation,458.0,24.59%,223xx,VA,< 1 year,0.0
35000.0,2012-04-16,home_improvement,672.0,8.4%,280xx,NC,< 1 year,0.0
18000.0,2012-04-22,debt_consolidation,669.0,53.98%,328xx,FL,< 1 year,0.0
5000.0,2012-05-03,other,0.0,12.4%,287xx,NC,< 1 year,0.0
17000.0,2012-05-07,major_purchase,705.0,26.54%,750xx,TX,< 1 year,0.0
10000.0,2012-05-08,To finish school,695.0,21.51%,200xx,DC,2 years,0.0
2500.0,2012-05-12,debt_consolidation,634.0,0%,917xx,CA,< 1 year,0.0
30000.0,2012-05-19,debt_consolidation,678.0,25.67%,019xx,MA,< 1 year,0.0
20000.0,2012-05-25,home_improvement,695.0,121.69%,331xx,FL,< 1 year,0.0
21000.0,2012-05-30,debt_consolidation,671.0,17.15%,483xx,MI,< 1 year,0.0
15000.0,2012-05-30,home_improvement,641.0,17.82%,152xx,PA,< 1 year,0.0
35000.0,2012-06-03,other,651.0,10.76%,760xx,TX,< 1 year,0.0
25000.0,2012-06-04,credit_card,664.0,68.59%,067xx,CT,< 1 year,0.0
20000.0,2012-06-06,debt_consolidation,724.0,28.56%,492xx,MI,< 1 year,0.0
25000.0,2012-06-08,debt_consolidation,657.0,29.7%,068xx,CT,< 1 year,0.0
32500.0,2012-06-09,PAYOFF LOANS,695.0,33.09%,751xx,TX,5 years,0.0
10000.0,2012-06-11,debt_consolidation,691.0,29.69%,331xx,FL,< 1 year,0.0
30000.0,2012-06-19,home_improvement,655.0,1.78%,402xx,KY,< 1 year,0.0
35000.0,2012-06-19,debt_consolidation,704.0,35.16%,724xx,AR,< 1 year,0.0
2000.0,2012-06-25,credit_card,511.0,6.27%,404xx,KY,< 1 year,0.0
5000.0,2012-07-02,major_purchase,0.0,0%,080xx,NJ,< 1 year,0.0
4000.0,2012-07-13,car,656.0,1.03%,941xx,CA,< 1 year,0.0
12000.0,2012-07-13,debt_consolidation,674.0,26.33%,781xx,TX,< 1 year,0.0
35000.0,2012-07-20,small_business,507.0,9.42%,282xx,NC,< 1 year,0.0
10000.0,2012-07-26,Major Purchase,727.0,2.08%,220xx,VA,2 years,0.0
11000.0,2012-08-09,debt_consolidation,719.0,14.98%,303xx,GA,< 1 year,0.0
7000.0,2012-08-20,car,682.0,18%,300xx,GA,< 1 year,0.0
5000.0,2012-08-28,debt_consolidation,466.0,22.62%,113xx,NY,< 1 year,0.0
15000.0,2012-08-31,major_purchase,650.0,60.62%,640xx,MO,< 1 year,0.0
2000.0,2012-09-10,credit_card,685.0,42.81%,027xx,MA,< 1 year,0.0
9975.0,2012-09-13,Get back on my feet,731.0,5.39%,068xx,CT,< 1 year,0.0
9000.0,2012-09-16,debt_consolidation,660.0,19.02%,930xx,CA,10+ years,0.0
10000.0,2012-09-17,debt_consolidation,592.0,23.46%,362xx,AL,< 1 year,0.0
10000.0,2012-09-21,major_purchase,656.0,2.73%,105xx,NY,< 1 year,0.0
5000.0,2012-10-05,debt_consolidation,643.0,21.9%,273xx,NC,< 1 year,0.0
20000.0,2012-10-05,Credit Debt Consolidation,680.0,15.44%,234xx,VA,,0.0
5000.0,2012-10-05,medical,513.0,24.18%,071xx,NJ,< 1 year,0.0
3500.0,2012-10-08,major_purchase,657.0,21.54%,660xx,KS,< 1 year,0.0
35000.0,2012-10-09,small_business,696.0,23.94%,483xx,MI,< 1 year,0.0
30000.0,2012-10-15,credit_card,717.0,63.3%,599xx,MT,< 1 year,0.0
3500.0,2012-10-18,debt_consolidation,687.0,24%,758xx,TX,< 1 year,0.0
10000.0,2012-10-22,credit_card,658.0,14.47%,955xx,CA,< 1 year,0.0
12000.0,2012-10-23,debt_consolidation,615.0,32.75%,283xx,NC,< 1 year,0.0
30000.0,2012-10-31,debt_consolidation,677.0,26.94%,367xx,AL,< 1 year,0.0
1000.0,2012-11-02,other,,-1%,146xx,NY,< 1 year,0.0
4500.0,2012-11-04,other,481.0,35.27%,415xx,KY,< 1 year,0.0
3500.0,2012-11-05,major_purchase,455.0,1.11%,551xx,MN,< 1 year,0.0
20000.0,2012-11-08,debt_consolidation,604.0,30.8%,902xx,CA,< 1 year,0.0
5300.0,2012-11-14,other,634.0,16.29%,112xx,NY,2 years,0.0
8000.0,2012-11-16,medical,629.0,8.23%,968xx,HI,< 1 year,0.0
3500.0,2012-11-17,major_purchase,649.0,100.73%,339xx,FL,< 1 year,0.0
1100.0,2012-11-27,other,663.0,39.1%,785xx,TX,< 1 year,0.0
1000.0,2012-11-29,car,509.0,13.55%,902xx,CA,< 1 year,0.0
16000.0,2012-12-04,credit_card,621.0,13.18%,085xx,NJ,< 1 year,0.0
10000.0,2012-12-05,moving,540.0,6.91%,600xx,IL,< 1 year,0.0
5000.0,2012-12-15,debt_consolidation,513.0,22.6%,338xx,FL,< 1 year,0.0
20000.0,2012-12-18,debt_consolidation,690.0,43.23%,319xx,GA,< 1 year,0.0
3100.0,2012-12-27,Medical expenses,690.0,17.2%,902xx,CA,,0.0
18000.0,2016-04-01,debt_consolidation,,6.56%,112xx,NY,< 1 year,0.0
5000.0,2016-04-01,debt_consolidation,,45.11%,853xx,AZ,< 1 year,0.0
5000.0,2016-04-02,debt_consolidation,,0.84%,606xx,IL,< 1 year,0.0
15000.0,2016-04-02,credit_card,,16.74%,327xx,FL,5 years,0.0
8000.0,2016-04-03,other,,4.97%,370xx,TN,5 years,0.0
2500.0,2016-04-04,other,651.0,3.76%,762xx,TX,< 1 year,0.0
10000.0,2016-04-04,debt_consolidation,,33.11%,703xx,LA,< 1 year,0.0
5000.0,2016-04-05,other,,3.77%,234xx,VA,< 1 year,0.0
5000.0,2016-04-05,debt_consolidation,,9.48%,890xx,NV,< 1 year,0.0
25000.0,2016-04-05,debt_consolidation,674.0,47.6%,981xx,WA,< 1 year,0.0
10000.0,2016-04-05,debt_consolidation,,11%,894xx,NV,< 1 year,0.0
10000.0,2016-04-05,Business Loan,,-1%,110xx,NY,< 1 year,0.0
5000.0,2016-04-06,debt_consolidation,,2.9%,240xx,VA,< 1 year,0.0
2800.0,2016-04-06,medical,,13.26%,912xx,CA,< 1 year,0.0
4000.0,2016-04-06,other,,1.76%,756xx,TX,< 1 year,0.0
12000.0,2016-04-06,credit_card,,-1%,300xx,GA,< 1 year,0.0
30000.0,2016-04-07,debt_consolidation,,17%,010xx,MA,< 1 year,0.0
18000.0,2016-04-07,car,666.0,27.52%,019xx,MA,< 1 year,0.0
15000.0,2016-04-07,debt_consolidation,,52.96%,751xx,TX,< 1 year,0.0
6000.0,2016-04-08,home_improvement,,28.19%,142xx,NY,5 years,0.0
10000.0,2016-04-08,medical,647.0,12.07%,337xx,FL,< 1 year,0.0
30000.0,2016-04-08,debt_consolidation,,36.27%,731xx,OK,< 1 year,0.0
10000.0,2016-04-08,credit_card,621.0,35%,446xx,OH,< 1 year,0.0
40000.0,2016-04-09,home_improvement,,9999%,970xx,OR,< 1 year,0.0
6000.0,2016-04-09,credit_card,,8.69%,082xx,NJ,5 years,0.0
5000.0,2016-04-10,Debt consolidation,,8.23%,622xx,IL,10+ years,2.0
5000.0,2016-04-11,moving,,3.78%,114xx,NY,5 years,0.0
2800.0,2016-04-11,major_purchase,,5.47%,427xx,KY,< 1 year,0.0
20000.0,2016-04-11,debt_consolidation,605.0,30.66%,300xx,GA,< 1 year,0.0
15000.0,2016-04-11,debt_consolidation,,11.14%,967xx,HI,< 1 year,0.0
18000.0,2016-04-11,debt_consolidation,643.0,25.27%,623xx,IL,< 1 year,0.0
20000.0,2016-04-12,debt_consolidation,,1.28%,891xx,NV,< 1 year,0.0
20000.0,2016-04-12,medical,,9999%,802xx,CO,< 1 year,0.0
14000.0,2016-04-12,other,,38.47%,377xx,TN,< 1 year,0.0
15000.0,2016-04-12,debt_consolidation,666.0,863.41%,014xx,MA,< 1 year,0.0
5000.0,2016-04-12,debt_consolidation,,9999%,900xx,CA,< 1 year,0.0
2500.0,2016-04-13,home_improvement,,20.71%,398xx,GA,< 1 year,0.0
5000.0,2016-04-13,car,,-1%,172xx,PA,5 years,0.0
10000.0,2016-04-13,medical,,30.97%,426xx,KY,,0.0
1500.0,2016-04-14,debt_consolidation,701.0,11.35%,973xx,OR,< 1 year,0.0
3500.0,2016-04-14,credit_card,,23.23%,381xx,TN,< 1 year,0.0
10000.0,2016-04-15,moving,713.0,18.5%,181xx,PA,< 1 year,0.0
20000.0,2016-04-15,debt_consolidation,620.0,60.3%,227xx,VA,< 1 year,0.0
7000.0,2016-04-16,debt_consolidation,,4.5%,766xx,TX,< 1 year,0.0
6000.0,2016-04-16,credit_card,,16.17%,193xx,PA,5 years,0.0
2500.0,2016-04-16,debt_consolidation,,1592.05%,323xx,FL,< 1 year,0.0
25000.0,2016-04-18,debt_consolidation,,15.12%,853xx,AZ,< 1 year,0.0
40000.0,2016-04-18,debt_consolidation,746.0,22.23%,403xx,KY,< 1 year,0.0
30000.0,2016-04-18,other,,38.17%,906xx,CA,< 1 year,0.0
2000.0,2016-04-19,home_improvement,,21.33%,282xx,NC,< 1 year,0.0
25000.0,2016-04-19,debt_consolidation,,34.71%,761xx,TX,< 1 year,0.0
15000.0,2016-04-19,debt_consolidation,,37.28%,850xx,AZ,< 1 year,0.0
2500.0,2016-04-19,other,,15.19%,765xx,TX,< 1 year,0.0
1000.0,2016-04-19,medical,,34.55%,800xx,CO,< 1 year,0.0
10000.0,2016-04-20,major_purchase,,16.92%,922xx,CA,5 years,0.0
4000.0,2016-04-21,debt_consolidation,,67.79%,038xx,NH,< 1 year,0.0
1000.0,2016-04-21,major_purchase,,1.17%,601xx,IL,< 1 year,0.0
1200.0,2016-04-21,home_improvement,,11%,296xx,SC,5 years,0.0
5000.0,2016-04-21,other,,6.72%,199xx,DE,< 1 year,0.0
30000.0,2016-04-21,debt_consolidation,,100%,018xx,MA,< 1 year,0.0
6000.0,2016-04-22,debt_consolidation,,25.74%,553xx,MN,< 1 year,0.0
10000.0,2016-04-22,debt_consolidation,,13.35%,795xx,TX,< 1 year,0.0
10000.0,2016-04-23,car,,2.16%,641xx,MO,< 1 year,0.0
20000.0,2016-04-23,debt_consolidation,,11.28%,400xx,KY,< 1 year,0.0
8000.0,2016-04-23,other,,22.35%,327xx,FL,< 1 year,0.0
5000.0,2016-04-23,debt_consolidation,,19.99%,206xx,MD,< 1 year,0.0
6500.0,2016-04-24,credit_card,,33.54%,365xx,AL,< 1 year,0.0
2000.0,2016-04-25,debt_consolidation,,5.27%,173xx,PA,5 years,0.0
1000.0,2016-04-25,other,,0%,945xx,CA,< 1 year,0.0
18000.0,2016-04-25,debt_consolidation,615.0,47.3%,331xx,FL,< 1 year,0.0
30000.0,2016-04-26,debt_consolidation,,16.87%,604xx,IL,< 1 year,0.0
20000.0,2016-04-26,debt_consolidation,,33.79%,351xx,AL,5 years,0.0
15000.0,2016-04-27,other,,1.31%,544xx,WI,< 1 year,0.0
10000.0,2016-04-27,debt_consolidation,,51.44%,770xx,TX,< 1 year,0.0
150000.0,2016-04-27,Business Loan,,-1%,587xx,ND,< 1 year,0.0
5000.0,2016-04-27,home_improvement,738.0,23.9%,295xx,SC,,0.0
5000.0,2016-04-27,Business,,2.06%,273xx,NC,< 1 year,0.0
2500.0,2016-04-28,home_improvement,,29.37%,151xx,PA,5 years,0.0
5000.0,2016-04-28,credit_card,774.0,7.5%,705xx,LA,2 years,0.0
2000.0,2016-04-28,debt_consolidation,,41.18%,571xx,SD,< 1 year,0.0
9000.0,2016-04-28,home_improvement,,26.58%,481xx,MI,< 1 year,0.0
15000.0,2016-04-28,debt_consolidation,,0.09%,049xx,ME,< 1 year,0.0
18000.0,2016-04-28,debt_consolidation,667.0,26.57%,774xx,TX,< 1 year,0.0
12000.0,2016-04-29,debt_consolidation,,1.52%,986xx,WA,< 1 year,0.0
20000.0,2016-04-29,Credit card refinancing,630.0,7.8%,281xx,NC,10+ years,0.0
3000.0,2016-05-01,other,,0%,678xx,KS,< 1 year,0.0
10000.0,2016-05-02,debt_consolidation,,3.46%,432xx,OH,< 1 year,0.0
5000.0,2016-05-02,debt_consolidation,627.0,67.52%,295xx,SC,< 1 year,0.0
18000.0,2016-05-03,debt_consolidation,,339.34%,287xx,NC,< 1 year,0.0
30000.0,2016-05-03,credit_card,,30.06%,212xx,MD,< 1 year,0.0
5000.0,2016-05-03,other,,76.45%,191xx,PA,< 1 year,0.0
2500.0,2016-05-03,other,,12.7%,809xx,CO,< 1 year,0.0
40000.0,2016-05-04,home_improvement,,9.17%,734xx,OK,< 1 year,0.0
15000.0,2016-05-04,vacation,,12.75%,338xx,FL,< 1 year,0.0
35000.0,2016-05-04,debt_consolidation,,20.45%,356xx,AL,< 1 year,0.0
40000.0,2016-05-04,debt_consolidation,,36.37%,405xx,KY,< 1 year,0.0
1500.0,2016-05-05,home_improvement,,101.2%,290xx,SC,< 1 year,0.0
5000.0,2016-05-05,other,,29%,302xx,GA,5 years,0.0
7000.0,2016-05-05,credit_card,,22.9%,010xx,MA,< 1 year,0.0
15000.0,2016-05-05,debt_consolidation,635.0,25.55%,199xx,DE,< 1 year,0.0
5000.0,2016-05-06,debt_consolidation,,36.61%,783xx,TX,< 1 year,0.0
5500.0,2016-05-06,Debt consolidation,,11.57%,850xx,AZ,10+ years,0.0
35000.0,2016-05-06,debt_consolidation,,44.15%,476xx,IN,5 years,0.0
9000.0,2016-05-07,Credit card refinancing,,16.68%,349xx,FL,,0.0
7500.0,2016-05-09,credit_card,,34.24%,077xx,NJ,< 1 year,0.0
10500.0,2016-05-09,credit_card,,8.97%,379xx,TN,5 years,0.0
3600.0,2016-05-10,debt_consolidation,,25.78%,741xx,OK,< 1 year,0.0
5000.0,2016-05-11,debt_consolidation,,17.29%,460xx,IN,5 years,0.0
6000.0,2016-05-11,debt_consolidation,,21.34%,384xx,TN,< 1 year,0.0
40000.0,2016-05-12,credit_card,,22.32%,840xx,UT,< 1 year,0.0
1000.0,2016-05-13,other,,427.11%,333xx,FL,< 1 year,0.0
1000.0,2016-05-14,vacation,,25.03%,216xx,MD,5 years,0.0
3500.0,2016-05-14,credit_card,,8.85%,296xx,SC,< 1 year,0.0
10000.0,2016-05-14,home_improvement,,130.85%,103xx,NY,< 1 year,0.0
5000.0,2016-05-15,other,,5.36%,334xx,FL,< 1 year,0.0
2000.0,2016-05-15,debt_consolidation,,1.64%,060xx,CT,< 1 year,0.0
3000.0,2016-05-15,credit_card,,6.23%,300xx,GA,5 years,0.0
16800.0,2016-05-16,credit_card,,24.96%,175xx,PA,5 years,0.0
40000.0,2016-05-16,house,,0.51%,184xx,PA,< 1 year,0.0
9000.0,2016-05-17,home_improvement,,312.63%,334xx,FL,< 1 year,0.0
5000.0,2016-05-17,other,,26.44%,606xx,IL,< 1 year,0.0
20000.0,2016-05-17,home_improvement,,7.97%,360xx,AL,< 1 year,0.0
20000.0,2016-05-18,Debt consolidation,,19.38%,912xx,CA,8 years,0.0
5000.0,2016-05-19,other,,29.39%,925xx,CA,< 1 year,0.0
25000.0,2016-05-20,debt_consolidation,,17%,890xx,UT,< 1 year,0.0
1000.0,2016-05-20,other,,-1%,972xx,OR,< 1 year,0.0
18000.0,2016-05-22,debt_consolidation,,24.49%,080xx,NJ,< 1 year,0.0
10000.0,2016-05-25,home_improvement,,-1%,940xx,CA,< 1 year,0.0
10000.0,2016-05-26,debt_consolidation,,74.43%,820xx,WY,< 1 year,0.0
10000.0,2016-05-26,credit_card,,3.43%,117xx,NY,< 1 year,0.0
10000.0,2016-05-26,debt_consolidation,,35.73%,352xx,AL,< 1 year,0.0
7600.0,2016-05-30,Credit card refinancing,,9.46%,347xx,FL,1 year,2.0
20000.0,2016-05-31,credit_card,,92.04%,176xx,PA,< 1 year,0.0
35000.0,2016-06-01,credit_card,647.0,34.76%,906xx,CA,< 1 year,0.0
1500.0,2016-06-01,moving,,6.8%,303xx,GA,< 1 year,0.0
20000.0,2016-06-02,debt_consolidation,,9.25%,142xx,NY,< 1 year,0.0
15000.0,2016-06-02,house,,8.31%,967xx,HI,< 1 year,0.0
30000.0,2016-06-03,Business Loan,,-1%,221xx,VA,< 1 year,0.0
7000.0,2016-06-04,credit_card,,16.01%,604xx,IL,< 1 year,0.0
2500.0,2016-06-05,debt_consolidation,,10.65%,906xx,CA,< 1 year,0.0
15000.0,2016-06-06,Business Loan,,-1%,339xx,FL,< 1 year,0.0
1000.0,2016-06-07,vacation,,19.78%,330xx,FL,< 1 year,0.0
7000.0,2016-06-07,debt_consolidation,,77.84%,982xx,WA,< 1 year,0.0
7000.0,2016-06-08,small_business,,11.95%,763xx,TX,< 1 year,0.0
20000.0,2016-06-08,Business Loan,,-1%,535xx,WI,< 1 year,0.0
1000.0,2016-06-09,moving,,5.41%,359xx,AL,< 1 year,0.0
12000.0,2016-06-09,other,,37.05%,900xx,CA,5 years,0.0
5000.0,2016-06-09,debt_consolidation,,12.94%,331xx,FL,< 1 year,0.0
6000.0,2016-06-09,debt_consolidation,,49.53%,117xx,NY,< 1 year,0.0
5000.0,2016-06-10,vacation,,44.97%,860xx,AZ,,0.0
2500.0,2016-06-10,other,,2.96%,900xx,CA,< 1 year,0.0
20000.0,2016-06-10,other,,4.52%,330xx,FL,< 1 year,0.0
8000.0,2016-06-13,debt_consolidation,,29.17%,104xx,NY,< 1 year,0.0
1000.0,2016-06-13,other,573.0,2.2%,321xx,FL,< 1 year,0.0
4000.0,2016-06-14,other,,13.35%,775xx,TX,5 years,0.0
1000.0,2016-06-14,Debt consolidation,,34.4%,773xx,TX,< 1 year,0.0
5000.0,2016-06-15,other,,12.67%,900xx,CA,5 years,0.0
8500.0,2016-06-15,debt_consolidation,,0.03%,207xx,MD,5 years,0.0
1500.0,2016-06-15,other,,35.34%,907xx,CA,5 years,0.0
2500.0,2016-06-15,debt_consolidation,,72.29%,783xx,TX,< 1 year,0.0
2000.0,2016-06-15,debt_consolidation,,7.38%,191xx,PA,< 1 year,0.0
1000.0,2016-06-16,debt_consolidation,,46.22%,330xx,FL,5 years,0.0
10000.0,2016-06-16,debt_consolidation,627.0,30.07%,721xx,AR,< 1 year,0.0
2000.0,2016-06-17,debt_consolidation,,0%,212xx,MD,< 1 year,0.0
7500.0,2016-06-17,credit_card,,17.13%,333xx,FL,< 1 year,0.0
25000.0,2016-06-20,debt_consolidation,,24.74%,494xx,MI,< 1 year,0.0
10000.0,2016-06-20,other,,38.64%,922xx,CA,< 1 year,0.0
3000.0,2016-06-20,other,,39.14%,948xx,CA,< 1 year,0.0
35000.0,2016-06-21,credit_card,,19.45%,328xx,FL,< 1 year,0.0
30000.0,2016-06-21,debt_consolidation,,53.79%,244xx,VA,< 1 year,0.0
18000.0,2016-06-21,debt_consolidation,,28.23%,480xx,MI,< 1 year,0.0
10000.0,2016-06-21,debt_consolidation,,36.03%,385xx,TN,< 1 year,0.0
10000.0,2016-06-21,debt_consolidation,,3%,365xx,AL,< 1 year,0.0
20000.0,2016-06-22,credit_card,,16.73%,631xx,MO,< 1 year,0.0
2600.0,2016-06-23,credit_card,,3.14%,935xx,CA,,0.0
3500.0,2016-06-23,vacation,,4.33%,370xx,TN,,0.0
2000.0,2016-06-23,other,,27.22%,221xx,VA,5 years,0.0
12000.0,2016-06-23,debt_consolidation,,25.86%,440xx,OH,< 1 year,0.0
12000.0,2016-06-24,major_purchase,,16.6%,191xx,PA,< 1 year,0.0
5000.0,2016-06-24,credit_card,,16.84%,036xx,NH,5 years,0.0
6500.0,2016-06-26,credit_card,,17.19%,440xx,OH,5 years,0.0
15000.0,2016-06-27,debt_consolidation,,43.31%,435xx,OH,< 1 year,0.0
5000.0,2016-06-27,debt_consolidation,,39.53%,296xx,SC,< 1 year,0.0
1500.0,2016-06-27,debt_consolidation,,50.4%,980xx,WA,5 years,0.0
10000.0,2016-06-27,debt_consolidation,,13.88%,467xx,IN,< 1 year,0.0
10000.0,2016-06-27,other,,9.2%,440xx,OH,5 years,0.0
8000.0,2016-06-27,debt_consolidation,,18.94%,088xx,NJ,,0.0
10000.0,2016-06-27,credit_card,,28.61%,212xx,MD,5 years,0.0
5000.0,2016-06-28,debt_consolidation,,9.15%,921xx,CA,5 years,0.0
35000.0,2016-06-28,debt_consolidation,,69.9%,796xx,TX,< 1 year,0.0
2000.0,2016-06-28,vacation,,10.14%,190xx,PA,5 years,0.0
5000.0,2016-06-28,debt_consolidation,,0%,481xx,MI,< 1 year,0.0
40000.0,2016-06-28,other,,88.49%,806xx,CO,< 1 year,0.0
35000.0,2016-06-29,debt_consolidation,,18.14%,720xx,AR,< 1 year,0.0
2500.0,2016-06-29,other,,53.13%,945xx,CA,< 1 year,0.0
30000.0,2016-06-29,other,,6.25%,113xx,NY,< 1 year,0.0
4000.0,2016-06-29,other,,41.84%,640xx,MO,< 1 year,0.0
10000.0,2016-06-29,credit_card,,39.99%,342xx,FL,5 years,0.0
9000.0,2016-06-30,Debt consolidation,,19.74%,971xx,OR,< 1 year,0.0
10000.0,2016-06-30,debt_consolidation,,38.25%,871xx,NM,< 1 year,0.0
4000.0,2016-06-30,car,699.0,29.49%,350xx,AL,,0.0
15000.0,2016-06-30,medical,,36.6%,330xx,FL,< 1 year,0.0
8000.0,2016-07-01,major_purchase,,21.42%,721xx,AR,< 1 year,0.0
3000.0,2016-07-02,other,,33%,493xx,MI,< 1 year,0.0
8500.0,2016-07-02,debt_consolidation,,12%,489xx,MI,< 1 year,0.0
1000.0,2016-07-03,moving,746.0,0%,921xx,CA,< 1 year,0.0
20000.0,2016-07-05,debt_consolidation,680.0,34.6%,330xx,FL,< 1 year,0.0
20000.0,2016-07-05,Other,,9.78%,606xx,IL,,0.0
15000.0,2016-07-05,home_improvement,,22.11%,140xx,NY,< 1 year,0.0
40000.0,2016-07-05,debt_consolidation,,34.46%,432xx,OH,< 1 year,0.0
10000.0,2016-07-05,credit_card,,35.93%,741xx,OK,< 1 year,0.0
8000.0,2016-07-06,house,,57.87%,714xx,LA,< 1 year,0.0
5000.0,2016-07-06,other,,36.3%,283xx,NC,< 1 year,0.0
10000.0,2016-07-06,debt_consolidation,,389.66%,082xx,NJ,< 1 year,0.0
5000.0,2016-07-06,moving,,2.45%,303xx,GA,< 1 year,0.0
2000.0,2016-07-06,other,,9.37%,701xx,LA,< 1 year,0.0
7500.0,2016-07-06,debt_consolidation,,56.88%,857xx,AZ,< 1 year,0.0
2000.0,2016-07-06,debt_consolidation,,15.57%,067xx,CT,< 1 year,0.0
25000.0,2016-07-06,credit_card,,42.47%,070xx,NJ,< 1 year,0.0
40000.0,2016-07-06,home_improvement,,20.34%,197xx,DE,< 1 year,0.0
25000.0,2016-07-06,debt_consolidation,,78.07%,532xx,WI,< 1 year,0.0
1000.0,2016-07-07,debt_consolidation,,2.1%,212xx,MD,< 1 year,0.0
2500.0,2016-07-07,debt_consolidation,503.0,12.8%,115xx,NY,< 1 year,0.0
1000.0,2016-07-08,debt_consolidation,,2.24%,765xx,TX,< 1 year,0.0
3000.0,2016-07-08,debt_consolidation,,8.55%,085xx,NJ,5 years,0.0
4000.0,2016-07-08,medical,,140.57%,875xx,NM,< 1 year,0.0
3000.0,2016-07-09,debt_consolidation,,24.4%,430xx,OH,< 1 year,0.0
23000.0,2016-07-10,debt_consolidation,637.0,12.49%,223xx,VA,< 1 year,0.0
10000.0,2016-07-10,debt_consolidation,,28.61%,236xx,VA,< 1 year,0.0
15000.0,2016-07-10,moving,,1.71%,716xx,AR,< 1 year,0.0
40000.0,2016-07-10,debt_consolidation,,13.86%,112xx,NY,< 1 year,0.0
5000.0,2016-07-10,debt_consolidation,,1.68%,208xx,MD,< 1 year,0.0
1000.0,2016-07-11,debt_consolidation,,34.55%,344xx,FL,< 1 year,0.0
20000.0,2016-07-11,debt_consolidation,,50.98%,312xx,GA,< 1 year,0.0
25000.0,2016-07-11,home_improvement,,31.73%,535xx,WI,5 years,0.0
31000.0,2016-07-11,debt_consolidation,,38.93%,322xx,FL,5 years,0.0
5000.0,2016-07-11,other,,15.56%,836xx,ID,< 1 year,0.0
1000.0,2016-07-12,debt_consolidation,,23.32%,357xx,AL,5 years,0.0
20000.0,2016-07-12,debt_consolidation,,21.26%,847xx,UT,< 1 year,0.0
30000.0,2016-07-12,small_business,,27.82%,120xx,NY,< 1 year,0.0
6500.0,2016-07-12,debt_consolidation,,32.92%,840xx,UT,< 1 year,0.0
60000.0,2016-07-13,Business Loan,,-1%,445xx,OH,< 1 year,0.0
3000.0,2016-07-14,other,,0%,970xx,OR,< 1 year,0.0
3500.0,2016-07-14,medical,,61.59%,430xx,OH,< 1 year,0.0
12000.0,2016-07-15,car,,-1%,752xx,TX,5 years,0.0
12000.0,2016-07-15,credit_card,,29.75%,291xx,SC,< 1 year,0.0
1000.0,2016-07-15,moving,,15.3%,622xx,IL,< 1 year,0.0
40000.0,2016-07-16,debt_consolidation,634.0,39.04%,891xx,NV,< 1 year,0.0
10000.0,2016-07-16,debt_consolidation,,16.35%,330xx,FL,< 1 year,0.0
35000.0,2016-07-17,house,,10.77%,624xx,IL,5 years,0.0
20000.0,2016-07-17,credit_card,,31.24%,088xx,NJ,5 years,0.0
1000.0,2016-07-17,other,,30.65%,870xx,NM,< 1 year,0.0
1400.0,2016-07-17,other,,-1%,443xx,OH,5 years,0.0
36075.0,2016-07-17,home_improvement,,0.16%,630xx,MO,< 1 year,0.0
25000.0,2016-07-18,home_improvement,,2.73%,462xx,IN,< 1 year,0.0
4000.0,2016-07-18,debt_consolidation,,13.44%,215xx,MD,< 1 year,0.0
20000.0,2016-07-18,debt_consolidation,,37.56%,299xx,SC,< 1 year,0.0
1000.0,2016-07-18,other,,0.12%,021xx,MA,< 1 year,0.0
3000.0,2016-07-18,debt_consolidation,,3.5%,104xx,NY,< 1 year,0.0
3000.0,2016-07-19,major_purchase,,14.46%,465xx,IN,< 1 year,0.0
5000.0,2016-07-19,debt_consolidation,,12.34%,995xx,AK,< 1 year,0.0
2000.0,2016-07-19,other,,31.49%,441xx,OH,5 years,0.0
15000.0,2016-07-19,debt_consolidation,649.0,37.28%,115xx,NY,< 1 year,0.0
8000.0,2016-07-19,debt_consolidation,,11.51%,384xx,TN,5 years,0.0
5000.0,2016-07-20,home_improvement,,16.08%,062xx,CT,< 1 year,0.0
40000.0,2016-07-20,credit_card,,10.37%,708xx,LA,< 1 year,0.0
10000.0,2016-07-20,debt_consolidation,,9999%,973xx,OR,< 1 year,0.0
15000.0,2016-07-21,debt_consolidation,,11.78%,531xx,WI,< 1 year,0.0
30000.0,2016-07-21,credit_card,,32.15%,114xx,NY,< 1 year,0.0
10000.0,2016-07-22,debt_consolidation,,46.91%,600xx,IL,5 years,0.0
20000.0,2016-07-22,debt_consolidation,,7.25%,954xx,CA,< 1 year,0.0
5000.0,2016-07-22,debt_consolidation,,101.98%,967xx,HI,5 years,0.0
2000.0,2016-07-23,home_improvement,,39.74%,480xx,MI,< 1 year,0.0
10000.0,2016-07-24,Debt consolidation,,23.4%,463xx,IN,3 years,0.0
1000.0,2016-07-25,debt_consolidation,,19.36%,802xx,CO,5 years,0.0
2000.0,2016-07-25,major_purchase,,39.9%,551xx,MN,< 1 year,0.0
10000.0,2016-07-25,debt_consolidation,,30.73%,606xx,IL,< 1 year,0.0
20000.0,2016-07-25,other,,1.32%,065xx,CT,< 1 year,0.0
1000.0,2016-07-25,debt_consolidation,,11.07%,930xx,CA,5 years,0.0
7500.0,2016-07-25,major_purchase,,25.54%,776xx,TX,5 years,0.0
5000.0,2016-07-26,credit_card,,48.7%,131xx,NY,5 years,0.0
9000.0,2016-07-26,other,,21.53%,309xx,GA,< 1 year,0.0
5000.0,2016-07-26,debt_consolidation,,12.68%,920xx,CA,< 1 year,0.0
40000.0,2016-07-27,debt_consolidation,,25.82%,040xx,ME,< 1 year,0.0
30000.0,2016-07-27,other,,0.88%,754xx,TX,5 years,0.0
20000.0,2016-07-27,debt_consolidation,,10.28%,553xx,MN,< 1 year,0.0
10000.0,2016-07-28,other,,63.26%,337xx,FL,< 1 year,0.0
16500.0,2016-07-28,debt_consolidation,,14.92%,160xx,PA,< 1 year,0.0
18000.0,2016-07-28,home_improvement,,6.54%,336xx,FL,5 years,0.0
7000.0,2016-07-30,home_improvement,,7.24%,802xx,CO,< 1 year,0.0
1000.0,2016-08-01,other,,2%,212xx,MD,< 1 year,0.0
12000.0,2016-08-02,other,,20.76%,104xx,NY,< 1 year,0.0
20000.0,2016-08-03,debt_consolidation,,31.68%,971xx,OR,< 1 year,0.0
9000.0,2016-08-04,debt_consolidation,,45.05%,201xx,VA,< 1 year,0.0
10000.0,2016-08-04,other,,15.84%,074xx,NJ,5 years,0.0
1000.0,2016-08-04,other,,23.41%,060xx,CT,< 1 year,0.0
10000.0,2016-08-04,credit_card,,21.7%,607xx,IL,< 1 year,0.0
35000.0,2016-08-04,debt_consolidation,,59.96%,781xx,TX,,0.0
3000.0,2016-08-05,car,,1.04%,104xx,NY,< 1 year,0.0
2500.0,2016-08-05,home_improvement,,39.9%,217xx,MD,5 years,0.0
9000.0,2016-08-05,debt_consolidation,,19.04%,453xx,OH,5 years,0.0
40000.0,2016-08-05,debt_consolidation,,38.95%,427xx,KY,< 1 year,0.0
5000.0,2016-08-05,other,,6.22%,087xx,NJ,< 1 year,0.0
18000.0,2016-08-06,credit_card,,46.91%,681xx,NE,< 1 year,0.0
10000.0,2016-08-06,debt_consolidation,,36.01%,334xx,FL,< 1 year,0.0
1000.0,2016-08-07,other,,4.49%,370xx,TN,< 1 year,0.0
20000.0,2016-08-08,Business,,20.72%,600xx,IL,9 years,0.0
10000.0,2016-08-08,credit_card,,18.83%,752xx,TX,< 1 year,0.0
40000.0,2016-08-08,debt_consolidation,,38.86%,328xx,FL,< 1 year,0.0
20000.0,2016-08-08,debt_consolidation,,42.28%,076xx,NJ,< 1 year,0.0
5000.0,2016-08-08,car,,0%,882xx,NM,< 1 year,0.0
1500.0,2016-08-09,debt_consolidation,,11.96%,117xx,NY,5 years,0.0
5000.0,2016-08-09,debt_consolidation,,8.53%,370xx,TN,< 1 year,0.0
4000.0,2016-08-09,credit_card,,19.2%,191xx,PA,< 1 year,0.0
3000.0,2016-08-09,debt_consolidation,,28.24%,610xx,IL,< 1 year,0.0
4000.0,2016-08-10,other,,0%,665xx,KS,< 1 year,0.0
35000.0,2016-08-11,debt_consolidation,,9.85%,952xx,CA,< 1 year,0.0
5000.0,2016-08-11,other,,12.56%,352xx,AL,5 years,0.0
15000.0,2016-08-11,other,,1.58%,336xx,FL,5 years,0.0
4000.0,2016-08-11,debt_consolidation,,38.6%,010xx,MA,< 1 year,0.0
4500.0,2016-08-11,debt_consolidation,,38.35%,424xx,KY,< 1 year,0.0
12000.0,2016-08-11,major_purchase,,0.75%,939xx,CA,< 1 year,0.0
2500.0,2016-08-11,debt_consolidation,,58.93%,342xx,FL,< 1 year,0.0
10000.0,2016-08-12,other,,4.67%,864xx,AZ,< 1 year,0.0
4000.0,2016-08-13,debt_consolidation,,0.33%,119xx,NY,< 1 year,0.0
23800.0,2016-08-14,debt_consolidation,,30.29%,787xx,TX,5 years,0.0
3000.0,2016-08-15,debt_consolidation,,20.48%,604xx,IL,< 1 year,0.0
9000.0,2016-08-15,other,,5.77%,020xx,MA,< 1 year,0.0
15000.0,2016-08-16,debt_consolidation,,53.98%,023xx,MA,< 1 year,0.0
6000.0,2016-08-16,credit_card,,7.65%,190xx,PA,< 1 year,0.0
25000.0,2016-08-16,debt_consolidation,,18.09%,891xx,NV,< 1 year,0.0
20000.0,2016-08-16,small_business,,6.46%,711xx,LA,< 1 year,0.0
10000.0,2016-08-16,house,,30.57%,951xx,CA,5 years,0.0
6000.0,2016-08-16,home_improvement,,3.57%,641xx,MO,< 1 year,0.0
10000.0,2016-08-17,debt_consolidation,,17.25%,371xx,TN,< 1 year,0.0
6000.0,2016-08-17,debt_consolidation,,31.7%,023xx,MA,< 1 year,0.0
1000.0,2016-08-17,other,,32.55%,105xx,NY,< 1 year,0.0
5000.0,2016-08-17,vacation,,53.76%,165xx,PA,< 1 year,0.0
7000.0,2016-08-17,debt_consolidation,,39.36%,928xx,CA,< 1 year,0.0
25000.0,2016-08-18,debt_consolidation,,8.11%,105xx,NY,< 1 year,0.0
3000.0,2016-08-19,debt_consolidation,,78.08%,807xx,CO,< 1 year,0.0
8000.0,2016-08-19,debt_consolidation,501.0,21.82%,481xx,MI,< 1 year,0.0
1300.0,2016-08-19,debt_consolidation,,0.66%,729xx,AR,5 years,0.0
24000.0,2016-08-19,credit_card,,50.77%,117xx,NY,< 1 year,0.0
35000.0,2016-08-19,debt_consolidation,,0.67%,930xx,CA,5 years,0.0
35000.0,2016-08-20,debt_consolidation,,43.18%,890xx,NV,< 1 year,0.0
4500.0,2016-08-21,debt_consolidation,,95.59%,490xx,MI,< 1 year,0.0
10000.0,2016-08-22,debt_consolidation,,45.16%,018xx,MA,< 1 year,0.0
1800.0,2016-08-22,other,,3.59%,834xx,ID,< 1 year,0.0
5000.0,2016-08-23,major_purchase,,5.04%,483xx,MI,< 1 year,0.0
20000.0,2016-08-24,debt_consolidation,672.0,44.13%,028xx,RI,< 1 year,0.0
5000.0,2016-08-24,other,,23.25%,207xx,MD,< 1 year,0.0
10000.0,2016-08-24,other,,21.79%,300xx,GA,< 1 year,0.0
5000.0,2016-08-24,debt_consolidation,,38.72%,370xx,TN,5 years,0.0
17700.0,2016-08-24,debt_consolidation,,21.24%,850xx,AZ,< 1 year,0.0
6000.0,2016-08-25,Debt consolidation,,16.08%,945xx,CA,5 years,0.0
10000.0,2016-08-26,other,,9.06%,553xx,MN,5 years,0.0
3000.0,2016-08-26,debt_consolidation,,3.48%,336xx,FL,< 1 year,0.0
35000.0,2016-08-26,other,,-1%,925xx,CA,< 1 year,0.0
5000.0,2016-08-26,other,,11.8%,346xx,FL,< 1 year,0.0
10000.0,2016-08-26,debt_consolidation,,26.23%,235xx,VA,,0.0
15000.0,2016-08-26,major_purchase,,9.96%,983xx,WA,< 1 year,0.0
10000.0,2016-08-27,debt_consolidation,,42.66%,234xx,VA,5 years,0.0
6000.0,2016-08-28,car,,6.04%,337xx,FL,5 years,0.0
10000.0,2016-08-29,debt_consolidation,,45.29%,883xx,NM,< 1 year,0.0
40000.0,2016-08-29,home_improvement,,31.31%,302xx,GA,< 1 year,0.0
20000.0,2016-08-30,debt_consolidation,,0.86%,801xx,CO,< 1 year,0.0
5000.0,2016-08-31,debt_consolidation,,79.1%,445xx,OH,< 1 year,0.0
1500.0,2016-08-31,medical,,-1%,953xx,CA,< 1 year,0.0
3000.0,2016-08-31,other,,22.34%,604xx,IL,5 years,0.0
9000.0,2016-09-01,debt_consolidation,,10.29%,380xx,TN,< 1 year,0.0
8000.0,2016-09-01,debt_consolidation,,21.7%,153xx,PA,< 1 year,0.0
31000.0,2016-09-01,credit_card,611.0,8.11%,740xx,OK,< 1 year,0.0
2000.0,2016-09-01,other,,14.31%,271xx,NC,< 1 year,0.0
1000.0,2016-09-01,other,,32.52%,762xx,TX,< 1 year,0.0
10000.0,2016-09-01,credit_card,,53.94%,933xx,CA,< 1 year,0.0
8000.0,2016-09-01,moving,,9.44%,064xx,CT,< 1 year,0.0
2500.0,2016-09-01,other,,2.12%,685xx,NE,< 1 year,0.0
10000.0,2016-09-04,medical,,40.78%,797xx,TX,5 years,0.0
5000.0,2016-09-04,car,635.0,11.53%,074xx,NJ,< 1 year,0.0
1000.0,2016-09-04,other,,-1%,933xx,CA,5 years,0.0
3000.0,2016-09-05,debt_consolidation,,7.62%,774xx,TX,< 1 year,0.0
3000.0,2016-09-05,other,,60.87%,551xx,MN,,0.0
5000.0,2016-09-05,car,,0%,207xx,MD,< 1 year,0.0
6000.0,2016-09-06,debt_consolidation,,27.73%,337xx,FL,< 1 year,0.0
7000.0,2016-09-06,debt_consolidation,,16.64%,991xx,WA,< 1 year,0.0
12000.0,2016-09-06,debt_consolidation,,-1%,917xx,CA,5 years,0.0
2500.0,2016-09-06,debt_consolidation,,8.04%,370xx,TN,< 1 year,0.0
2000.0,2016-09-06,debt_consolidation,,4.44%,450xx,OH,< 1 year,0.0
2500.0,2016-09-06,credit_card,,2.77%,749xx,OK,5 years,0.0
30000.0,2016-09-07,house,,30%,614xx,IL,5 years,0.0
5000.0,2016-09-07,credit_card,,8.41%,040xx,ME,5 years,0.0
3500.0,2016-09-07,other,,14.58%,331xx,FL,< 1 year,0.0
5000.0,2016-09-07,credit_card,,45.08%,704xx,LA,< 1 year,0.0
15000.0,2016-09-08,debt_consolidation,,35.11%,278xx,NC,5 years,0.0
1000.0,2016-09-08,debt_consolidation,,41.41%,628xx,IL,< 1 year,0.0
5000.0,2016-09-08,moving,,7.93%,220xx,VA,< 1 year,0.0
20000.0,2016-09-09,debt_consolidation,,27.92%,208xx,MD,< 1 year,0.0
15000.0,2016-09-09,Debt consolidation,671.0,9.32%,917xx,CA,10+ years,0.0
3000.0,2016-09-12,Medical expenses,,100%,928xx,CA,< 1 year,0.0
3000.0,2016-09-12,medical,,8.35%,117xx,NY,< 1 year,0.0
35000.0,2016-09-12,home_improvement,692.0,32.87%,344xx,FL,< 1 year,0.0
33000.0,2016-09-12,credit_card,,56.13%,441xx,OH,< 1 year,0.0
10000.0,2016-09-12,debt_consolidation,,25.79%,025xx,MA,< 1 year,0.0
20000.0,2016-09-12,debt_consolidation,,7.36%,945xx,CA,< 1 year,0.0
6000.0,2016-09-13,debt_consolidation,,10.11%,462xx,IN,< 1 year,0.0
5000.0,2016-09-13,home_improvement,,4.35%,566xx,MN,< 1 year,0.0
5000.0,2016-09-13,other,,12.43%,463xx,IN,,0.0
36000.0,2016-09-13,credit_card,,32.14%,950xx,CA,< 1 year,0.0
4000.0,2016-09-14,moving,,12.25%,346xx,FL,5 years,0.0
2275.0,2016-09-14,medical,,63.08%,210xx,MD,< 1 year,0.0
1000.0,2016-09-14,other,,2.8%,191xx,PA,5 years,0.0
20000.0,2016-09-14,moving,,10.19%,600xx,IL,5 years,0.0
1000.0,2016-09-15,vacation,,42.87%,395xx,MS,< 1 year,0.0
10000.0,2016-09-15,Debt consolidation,665.0,17.54%,170xx,PA,10+ years,0.0
1000.0,2016-09-15,medical,,52.6%,241xx,VA,< 1 year,0.0
35000.0,2016-09-15,other,,2.87%,112xx,NY,< 1 year,0.0
1000.0,2016-09-15,debt_consolidation,,42.66%,146xx,NY,< 1 year,0.0
5000.0,2016-09-15,debt_consolidation,,20.5%,891xx,NV,< 1 year,0.0
2500.0,2016-09-16,debt_consolidation,,-1%,336xx,FL,,0.0
10000.0,2016-09-16,debt_consolidation,,27.96%,919xx,CA,< 1 year,0.0
1000.0,2016-09-17,debt_consolidation,,29.34%,857xx,AZ,< 1 year,0.0
2000.0,2016-09-17,vacation,,12.66%,027xx,MA,< 1 year,0.0
30000.0,2016-09-20,Debt consolidation,642.0,5.7%,100xx,NY,< 1 year,0.0
1000.0,2016-09-21,other,,13.2%,980xx,WA,5 years,0.0
6000.0,2016-09-21,car,,17.62%,681xx,NE,,0.0
20000.0,2016-09-21,Moving and relocation,,22.14%,347xx,FL,3 years,0.0
3000.0,2016-09-21,debt_consolidation,,15.03%,447xx,OH,< 1 year,0.0
15000.0,2016-09-22,debt_consolidation,,36.1%,303xx,GA,< 1 year,0.0
1000.0,2016-09-22,Other,565.0,0%,700xx,LA,< 1 year,0.0
70000.0,2016-09-22,Business Loan,,-1%,548xx,WI,< 1 year,0.0
6000.0,2016-09-22,credit_card,,14.63%,453xx,OH,5 years,0.0
5000.0,2016-09-23,other,,41.18%,334xx,FL,5 years,0.0
8000.0,2016-09-23,debt_consolidation,,17.14%,958xx,CA,< 1 year,0.0
3000.0,2016-09-23,Home buying,637.0,22.81%,921xx,CA,< 1 year,0.0
5000.0,2016-09-23,other,576.0,0.77%,212xx,MD,< 1 year,0.0
4000.0,2016-09-23,other,,11.05%,303xx,GA,< 1 year,0.0
2000.0,2016-09-24,car,,68.26%,432xx,OH,5 years,0.0
25000.0,2016-09-25,Debt consolidation,649.0,24.8%,300xx,GA,< 1 year,0.0
1000.0,2016-09-26,Medical expenses,637.0,36.09%,194xx,PA,< 1 year,0.0
20000.0,2016-09-26,Other,725.0,0.86%,109xx,NY,< 1 year,0.0
15000.0,2016-09-26,Credit card refinancing,653.0,30.72%,441xx,OH,< 1 year,0.0
5000.0,2016-09-26,moving,,0.78%,840xx,UT,5 years,0.0
3000.0,2016-09-26,Debt consolidation,501.0,38.15%,201xx,VA,< 1 year,0.0
5500.0,2016-09-26,Car financing,517.0,1.32%,297xx,SC,< 1 year,0.0
25000.0,2016-09-26,debt_consolidation,,21.16%,292xx,SC,5 years,0.0
20000.0,2016-09-26,Debt consolidation,709.0,46.55%,023xx,MA,< 1 year,0.0
3000.0,2016-09-27,debt_consolidation,,23.24%,773xx,TX,< 1 year,0.0
8000.0,2016-09-27,Debt consolidation,667.0,29.49%,483xx,MI,< 1 year,0.0
10000.0,2016-09-27,debt_consolidation,,30.8%,107xx,NY,< 1 year,0.0
4000.0,2016-09-27,Debt consolidation,636.0,14.28%,425xx,KY,< 1 year,0.0
4500.0,2016-09-27,Debt consolidation,568.0,25.38%,194xx,PA,< 1 year,0.0
15000.0,2016-09-27,credit_card,,50.86%,657xx,MO,< 1 year,0.0
7000.0,2016-09-27,debt_consolidation,,24.8%,743xx,OK,< 1 year,0.0
12000.0,2016-09-28,Home improvement,664.0,4.77%,770xx,TX,< 1 year,0.0
15000.0,2016-09-28,debt_consolidation,,33.74%,983xx,WA,< 1 year,0.0
10000.0,2016-09-29,debt_consolidation,,63.48%,799xx,TX,< 1 year,0.0
10000.0,2016-09-29,debt_consolidation,,12.14%,471xx,IN,,0.0
1000.0,2016-09-29,renewable_energy,,-1%,294xx,SC,5 years,0.0
4000.0,2016-09-29,home_improvement,,39.33%,175xx,PA,< 1 year,0.0
3500.0,2016-09-30,Debt consolidation,542.0,22.22%,083xx,NJ,< 1 year,0.0
20000.0,2017-01-01,Debt consolidation,606.0,4.28%,824xx,WY,< 1 year,0.0
1000.0,2017-01-02,Other,571.0,5.18%,735xx,OK,< 1 year,0.0
5500.0,2017-01-02,Major purchase,592.0,21.28%,280xx,NC,< 1 year,0.0
1000.0,2017-01-02,medical,,-1%,483xx,MI,5 years,0.0
3000.0,2017-01-03,medical,,39.76%,440xx,OH,5 years,0.0
10000.0,2017-01-03,Debt consolidation,,100%,113xx,NY,< 1 year,0.0
4000.0,2017-01-03,Other,,24.98%,735xx,OK,1 year,0.0
3000.0,2017-01-03,major_purchase,,5.57%,751xx,TX,5 years,0.0
8000.0,2017-01-04,Debt consolidation,614.0,119.55%,945xx,CA,< 1 year,0.0
3000.0,2017-01-05,credit_card,,35.38%,086xx,NJ,< 1 year,0.0
1000.0,2017-01-05,home_improvement,,32.29%,197xx,DE,< 1 year,0.0
10000.0,2017-01-05,debt_consolidation,,219.38%,853xx,AZ,< 1 year,0.0
27400.0,2017-01-06,Debt consolidation,664.0,50.59%,781xx,TX,< 1 year,0.0
40000.0,2017-01-06,Debt consolidation,787.0,57.32%,907xx,CA,< 1 year,0.0
15000.0,2017-01-06,Debt consolidation,644.0,30.06%,943xx,CA,< 1 year,0.0
6000.0,2017-01-07,debt_consolidation,,-1%,900xx,CA,< 1 year,0.0
3000.0,2017-01-07,car,,20.28%,446xx,OH,,0.0
2500.0,2017-01-07,debt_consolidation,,37.51%,060xx,CT,< 1 year,0.0
12500.0,2017-01-07,Credit card refinancing,726.0,23.8%,687xx,NE,< 1 year,0.0
22000.0,2017-01-08,credit_card,,-1%,200xx,DC,5 years,0.0
40000.0,2017-01-08,debt_consolidation,722.0,52.64%,953xx,CA,< 1 year,0.0
30000.0,2017-01-08,debt_consolidation,,23.32%,328xx,FL,5 years,0.0
5000.0,2017-01-08,vacation,,3.64%,488xx,MI,< 1 year,0.0
7000.0,2017-01-09,Car financing,655.0,13.09%,432xx,OH,< 1 year,0.0
1500.0,2017-01-09,other,,18.5%,757xx,TX,< 1 year,0.0
1000.0,2017-01-09,Car financing,522.0,10.74%,365xx,AL,< 1 year,0.0
10000.0,2017-01-09,debt_consolidation,,9999%,802xx,CO,< 1 year,0.0
14000.0,2017-01-09,debt_consolidation,,23.17%,104xx,NY,5 years,0.0
35000.0,2017-01-09,Debt consolidation,664.0,38.27%,146xx,NY,< 1 year,0.0
10000.0,2017-01-09,Debt consolidation,642.0,15.38%,953xx,CA,< 1 year,0.0
35000.0,2017-01-09,debt_consolidation,,-1%,970xx,OR,5 years,0.0
15000.0,2017-01-10,debt_consolidation,,20.41%,064xx,CT,< 1 year,0.0
1200.0,2017-01-10,debt_consolidation,,17.92%,482xx,MI,< 1 year,0.0
40000.0,2017-01-11,Other,617.0,3.83%,916xx,CA,< 1 year,0.0
30000.0,2017-01-12,Debt consolidation,677.0,42.72%,330xx,FL,< 1 year,0.0
5000.0,2017-01-12,Moving and relocation,655.0,0.38%,606xx,IL,< 1 year,0.0
2500.0,2017-01-13,debt_consolidation,,-1%,276xx,NC,5 years,0.0
8000.0,2017-01-13,debt_consolidation,,24.28%,103xx,NY,< 1 year,0.0
10000.0,2017-01-13,Debt consolidation,674.0,22.77%,925xx,CA,10+ years,0.0
1000.0,2017-01-14,other,,1.94%,794xx,TX,5 years,0.0
2000.0,2017-01-14,Other,625.0,13.95%,130xx,NY,< 1 year,0.0
13000.0,2017-01-14,debt_consolidation,,14.29%,604xx,IL,5 years,0.0
3000.0,2017-01-14,Debt consolidation,587.0,2.68%,802xx,CO,< 1 year,0.0
5000.0,2017-01-15,other,,0%,023xx,MA,5 years,0.0
12000.0,2017-01-16,Debt consolidation,587.0,4.14%,314xx,GA,< 1 year,0.0
5000.0,2017-01-16,home_improvement,,16.2%,611xx,IL,< 1 year,0.0
1000.0,2017-01-16,Debt consolidation,597.0,10.03%,928xx,CA,< 1 year,0.0
10000.0,2017-01-16,debt_consolidation,,0.51%,984xx,WA,< 1 year,0.0
10000.0,2017-01-16,small_business,,64.42%,027xx,MA,< 1 year,0.0
8000.0,2017-01-16,other,,0.58%,331xx,FL,,0.0
5000.0,2017-01-17,Debt consolidation,610.0,41.1%,194xx,PA,< 1 year,0.0
15000.0,2017-01-17,credit_card,,8.72%,300xx,GA,5 years,0.0
1000.0,2017-01-17,Other,598.0,0.51%,228xx,VA,< 1 year,0.0
2500.0,2017-01-17,credit_card,,7.11%,975xx,OR,,0.0
20000.0,2017-01-18,Business Loan,,-1%,312xx,GA,< 1 year,0.0
40000.0,2017-01-18,Debt consolidation,751.0,23.63%,483xx,MI,< 1 year,0.0
2000.0,2017-01-18,other,,5.76%,070xx,NJ,,0.0
35000.0,2017-01-18,debt_consolidation,,20.74%,088xx,NJ,< 1 year,0.0
11575.0,2017-01-18,debt_consolidation,625.0,10.83%,954xx,CA,< 1 year,0.0
10000.0,2017-01-18,Debt consolidation,583.0,19.09%,797xx,TX,< 1 year,0.0
10000.0,2017-01-19,home_improvement,,42.67%,448xx,OH,< 1 year,0.0
2000.0,2017-01-19,debt_consolidation,,33.63%,705xx,LA,< 1 year,0.0
16000.0,2017-01-19,Home improvement,695.0,15.72%,303xx,GA,10+ years,0.0
25000.0,2017-01-19,Debt consolidation,690.0,40.08%,604xx,IL,< 1 year,0.0
40000.0,2017-01-19,Car financing,724.0,30.68%,953xx,CA,< 1 year,0.0
20000.0,2017-01-19,Other,679.0,6.77%,988xx,WA,,0.0
1000.0,2017-01-21,credit_card,,24.67%,956xx,CA,5 years,0.0
1400.0,2017-01-21,other,,3.25%,129xx,NY,5 years,0.0
15000.0,2017-01-23,Other,612.0,3.05%,028xx,RI,< 1 year,0.0
1500.0,2017-01-23,debt_consolidation,,-1%,341xx,FL,,0.0
15000.0,2017-01-23,Major purchase,689.0,15.54%,932xx,CA,< 1 year,0.0
60000.0,2017-01-23,Business Loan,,-1%,333xx,FL,< 1 year,0.0
20000.0,2017-01-24,Green loan,534.0,7.8%,061xx,CT,< 1 year,0.0
2500.0,2017-01-24,debt_consolidation,,0%,469xx,IN,5 years,0.0
10000.0,2017-01-24,credit_card,,45.81%,174xx,PA,< 1 year,0.0
5000.0,2017-01-24,Medical expenses,520.0,17.33%,674xx,KS,< 1 year,0.0
1300.0,2017-01-24,Car financing,658.0,16.04%,393xx,MS,< 1 year,0.0
10000.0,2017-01-25,Debt consolidation,640.0,25.39%,497xx,MI,< 1 year,0.0
4000.0,2017-01-25,car,,15.04%,061xx,CT,,0.0
10000.0,2017-01-25,debt_consolidation,,0.5%,917xx,CA,5 years,0.0
40000.0,2017-01-26,Debt consolidation,676.0,5.62%,300xx,GA,1 year,0.0
6000.0,2017-01-27,Credit card refinancing,606.0,13.78%,852xx,AZ,< 1 year,0.0
5000.0,2017-01-27,debt_consolidation,,-1%,117xx,NY,< 1 year,0.0
2000.0,2017-01-27,medical,,11.69%,604xx,IL,5 years,0.0
35000.0,2017-01-28,debt_consolidation,,22.69%,609xx,IL,< 1 year,0.0
1000.0,2017-01-29,moving,,25.02%,608xx,IL,< 1 year,0.0
25000.0,2017-01-30,home_improvement,,37.39%,761xx,TX,5 years,0.0
15000.0,2017-01-30,Other,,100%,900xx,CA,< 1 year,0.0
10000.0,2017-01-30,debt_consolidation,,7.38%,640xx,MO,< 1 year,0.0
35000.0,2017-01-31,credit_card,,-1%,138xx,NY,5 years,0.0
20000.0,2017-01-31,home_improvement,,-1%,320xx,FL,5 years,0.0
5000.0,2017-01-31,moving,,1.13%,923xx,CA,< 1 year,0.0
4000.0,2017-01-31,car,,27.39%,018xx,MA,< 1 year,0.0
12500.0,2017-01-31,credit_card,,35.38%,074xx,NJ,5 years,0.0
1500.0,2017-01-31,debt_consolidation,,22.8%,339xx,FL,< 1 year,0.0
1500.0,2017-01-31,credit_card,,6.76%,850xx,AZ,5 years,0.0
6000.0,2017-01-31,debt_consolidation,,11.9%,943xx,CA,< 1 year,0.0
20000.0,2017-02-01,Debt consolidation,528.0,9.8%,359xx,AL,< 1 year,0.0
20000.0,2017-02-01,Debt consolidation,696.0,33.44%,840xx,UT,< 1 year,0.0
5000.0,2017-02-01,other,,35.8%,760xx,TX,5 years,0.0
6000.0,2017-02-02,other,,37.35%,373xx,TN,< 1 year,0.0
20000.0,2017-02-03,Medical expenses,633.0,6.74%,276xx,NC,< 1 year,0.0
7000.0,2017-02-03,moving,,21.97%,913xx,CA,5 years,0.0
2000.0,2017-02-04,moving,,5.1%,799xx,TX,< 1 year,0.0
40000.0,2017-02-05,Business,663.0,9.91%,880xx,NM,< 1 year,0.0
10000.0,2017-02-05,car,,2.29%,775xx,TX,5 years,0.0
1800.0,2017-02-05,major_purchase,,7.8%,306xx,GA,5 years,0.0
10000.0,2017-02-06,Debt consolidation,621.0,23.91%,300xx,GA,4 years,0.0
4000.0,2017-02-06,debt_consolidation,,11.83%,272xx,NC,< 1 year,0.0
15000.0,2017-02-07,debt_consolidation,,8.1%,531xx,WI,< 1 year,0.0
10000.0,2017-02-07,Debt consolidation,,-1%,275xx,NC,< 1 year,0.0
15000.0,2017-02-08,credit_card,,12.17%,924xx,CA,< 1 year,0.0
5000.0,2017-02-08,Moving and relocation,,15.89%,923xx,CA,6 years,0.0
20000.0,2017-02-08,debt_consolidation,,-1%,554xx,MN,< 1 year,0.0
30000.0,2017-02-08,Business,665.0,18.61%,633xx,MO,< 1 year,0.0
15000.0,2017-02-08,Debt consolidation,710.0,22.64%,980xx,WA,< 1 year,0.0
1500.0,2017-02-09,other,,18.89%,088xx,NJ,5 years,0.0
40000.0,2017-02-10,Debt consolidation,668.0,39.5%,210xx,MD,< 1 year,0.0
5000.0,2017-02-10,other,,17.55%,700xx,LA,< 1 year,0.0
11600.0,2017-02-11,credit_card,,59.48%,765xx,TX,5 years,0.0
7400.0,2017-02-11,debt_consolidation,,-1%,571xx,SD,< 1 year,0.0
9000.0,2017-02-11,debt_consolidation,,7.53%,480xx,MI,5 years,0.0
20000.0,2017-02-11,debt_consolidation,,48.43%,208xx,MD,< 1 year,0.0
37050.0,2017-02-11,debt_consolidation,,43.01%,970xx,OR,< 1 year,0.0
15000.0,2017-02-12,Debt consolidation,645.0,9.73%,700xx,LA,10+ years,0.0
35000.0,2017-02-12,debt_consolidation,,0%,339xx,FL,5 years,0.0
20000.0,2017-02-13,Debt consolidation,659.0,20.24%,494xx,MI,< 1 year,0.0
20000.0,2017-02-13,debt_consolidation,,0%,982xx,WA,< 1 year,0.0
5000.0,2017-02-13,Business Loan,,-1%,376xx,TN,< 1 year,0.0
25000.0,2017-02-13,debt_consolidation,,9.83%,275xx,NC,< 1 year,0.0
3000.0,2017-02-14,debt_consolidation,,0%,635xx,MO,,0.0
25000.0,2017-02-14,Home buying,576.0,2%,293xx,SC,< 1 year,0.0
12000.0,2017-02-14,Credit card refinancing,703.0,15.84%,802xx,CO,< 1 year,0.0
7000.0,2017-02-14,Credit card refinancing,538.0,28.8%,287xx,NC,< 1 year,0.0
5000.0,2017-02-14,major_purchase,,9.34%,681xx,NE,< 1 year,0.0
10000.0,2017-02-14,debt_consolidation,,26.09%,932xx,CA,< 1 year,0.0
3000.0,2017-02-15,Moving and relocation,449.0,15.45%,330xx,FL,< 1 year,0.0
10000.0,2017-02-15,debt_consolidation,,17.3%,410xx,KY,5 years,0.0
6000.0,2017-02-15,Debt consolidation,680.0,15.06%,612xx,IL,< 1 year,0.0
6000.0,2017-02-15,Debt consolidation,673.0,502.27%,383xx,TN,< 1 year,0.0
16000.0,2017-02-16,debt_consolidation,,75.55%,871xx,NM,< 1 year,0.0
50000.0,2017-02-16,Business Loan,,-1%,231xx,VA,< 1 year,0.0
5000.0,2017-02-17,Other,590.0,11.8%,891xx,NV,< 1 year,0.0
5000.0,2017-02-17,debt_consolidation,,-1%,450xx,OH,< 1 year,0.0
10000.0,2017-02-18,home_improvement,,19.44%,330xx,FL,< 1 year,0.0
2000.0,2017-02-19,other,,14.59%,300xx,GA,5 years,0.0
7000.0,2017-02-20,Major purchase,642.0,16.5%,442xx,OH,< 1 year,0.0
2000.0,2017-02-20,Major purchase,538.0,31.43%,495xx,MI,< 1 year,0.0
3000.0,2017-02-20,Debt consolidation,576.0,30.92%,553xx,MN,< 1 year,0.0
1000.0,2017-02-20,Debt consolidation,557.0,21.35%,271xx,NC,< 1 year,0.0
3000.0,2017-02-20,Other,501.0,8.44%,104xx,NY,< 1 year,0.0
6000.0,2017-02-20,Debt consolidation,520.0,22.07%,082xx,NJ,< 1 year,0.0
40000.0,2017-02-20,debt_consolidation,,65.13%,394xx,MS,< 1 year,0.0
10000.0,2017-02-22,Credit card refinancing,563.0,23.55%,350xx,AL,< 1 year,0.0
18000.0,2017-02-23,Debt consolidation,608.0,26.4%,080xx,NJ,< 1 year,0.0
20000.0,2017-02-23,Debt consolidation,688.0,43.01%,229xx,VA,< 1 year,0.0
15000.0,2017-02-23,Debt consolidation,609.0,21.31%,496xx,MI,< 1 year,0.0
1500.0,2017-02-23,debt_consolidation,,6.69%,330xx,FL,< 1 year,0.0
4200.0,2017-02-23,other,,-1%,302xx,GA,,0.0
5000.0,2017-02-24,home_improvement,,9.5%,841xx,UT,5 years,0.0
12000.0,2017-02-24,Debt consolidation,717.0,34.81%,770xx,TX,< 1 year,0.0
25000.0,2017-02-24,Vacation,618.0,36.66%,485xx,MI,< 1 year,0.0
25000.0,2017-02-25,credit_card,,33.88%,600xx,IL,5 years,0.0
35000.0,2017-02-27,house,,10.06%,027xx,MA,5 years,0.0
6800.0,2017-02-28,Debt consolidation,835.0,23.28%,064xx,CT,< 1 year,0.0
12300.0,2017-02-28,Car financing,632.0,100%,940xx,CA,< 1 year,0.0
15000.0,2017-02-28,debt_consolidation,,20.3%,112xx,NY,< 1 year,0.0
6000.0,2017-02-28,debt_consolidation,,40.42%,171xx,PA,< 1 year,0.0
6500.0,2017-02-28,Major purchase,803.0,47.84%,136xx,NY,< 1 year,0.0
9000.0,2017-03-01,debt_consolidation,,38.87%,210xx,MD,< 1 year,0.0
10000.0,2017-03-01,other,,94.64%,989xx,WA,< 1 year,0.0
20000.0,2017-03-01,Debt consolidation,655.0,5.27%,341xx,FL,3 years,0.0
10000.0,2017-03-01,other,,29.9%,685xx,NE,< 1 year,0.0
1500.0,2017-03-01,debt_consolidation,,1.44%,244xx,VA,5 years,0.0
10000.0,2017-03-01,credit_card,,38.8%,983xx,WA,< 1 year,0.0
30000.0,2017-03-02,Debt consolidation,667.0,19.69%,972xx,OR,< 1 year,0.0
6000.0,2017-03-02,debt_consolidation,,7.25%,925xx,CA,< 1 year,0.0
20000.0,2017-03-02,Moving and relocation,668.0,10.19%,902xx,CA,< 1 year,0.0
10000.0,2017-03-02,debt_consolidation,,2.52%,799xx,TX,< 1 year,0.0
20000.0,2017-03-03,Credit card refinancing,634.0,21.71%,230xx,VA,6 years,0.0
10000.0,2017-03-03,credit_card,,34.4%,410xx,KY,,0.0
1500.0,2017-03-03,car,,18.73%,327xx,FL,5 years,0.0
14000.0,2017-03-04,Debt consolidation,653.0,24.61%,356xx,AL,< 1 year,0.0
10000.0,2017-03-04,debt_consolidation,,-1%,220xx,VA,5 years,0.0
5000.0,2017-03-05,small_business,,10.32%,293xx,SC,< 1 year,0.0
20000.0,2017-03-05,Home improvement,658.0,14.57%,296xx,SC,< 1 year,0.0
25000.0,2017-03-05,Business Loan,,-1%,594xx,MT,< 1 year,0.0
10000.0,2017-03-05,other,,3.52%,113xx,NY,5 years,0.0
5000.0,2017-03-06,Other,624.0,2.5%,360xx,AL,< 1 year,0.0
2500.0,2017-03-07,other,,62.38%,082xx,NJ,< 1 year,0.0
5000.0,2017-03-08,Credit card refinancing,719.0,36.53%,302xx,GA,< 1 year,0.0
1500.0,2017-03-08,Other,597.0,2.91%,315xx,GA,< 1 year,0.0
40000.0,2017-03-08,Debt consolidation,763.0,11.94%,359xx,AL,< 1 year,0.0
30000.0,2017-03-08,Debt consolidation,701.0,37.82%,431xx,OH,< 1 year,0.0
6000.0,2017-03-09,Debt consolidation,619.0,49.67%,296xx,SC,< 1 year,0.0
5000.0,2017-03-09,Moving and relocation,521.0,20.68%,982xx,WA,< 1 year,0.0
20000.0,2017-03-09,small_business,,28.47%,442xx,OH,,0.0
1000.0,2017-03-09,Other,596.0,14.13%,770xx,TX,< 1 year,0.0
8000.0,2017-03-10,other,,4.01%,368xx,AL,< 1 year,0.0
30000.0,2017-03-10,Medical expenses,520.0,198.98%,809xx,CO,< 1 year,0.0
15000.0,2017-03-10,Debt consolidation,669.0,121.55%,186xx,PA,< 1 year,0.0
25000.0,2017-03-10,other,,0.55%,073xx,NJ,< 1 year,0.0
17500.0,2017-03-10,Debt consolidation,671.0,61.53%,549xx,WI,< 1 year,0.0
12000.0,2017-03-11,Debt consolidation,636.0,831.43%,118xx,NY,< 1 year,0.0
6000.0,2017-03-11,debt_consolidation,,29.54%,163xx,PA,< 1 year,0.0
40000.0,2017-03-12,home_improvement,,1.1%,436xx,OH,< 1 year,0.0
2500.0,2017-03-12,Other,659.0,26.09%,120xx,NY,< 1 year,0.0
25000.0,2017-03-13,Debt consolidation,670.0,10.88%,946xx,CA,10+ years,0.0
40000.0,2017-03-13,Home buying,,100%,100xx,NY,< 1 year,0.0
175000.0,2017-03-13,Business Loan,,-1%,908xx,CA,< 1 year,0.0
25000.0,2017-03-13,debt_consolidation,,49.27%,319xx,GA,,0.0
2000.0,2017-03-14,debt_consolidation,,23.27%,148xx,NY,< 1 year,0.0
15000.0,2017-03-14,credit_card,,78.59%,088xx,NJ,5 years,0.0
11000.0,2017-03-15,debt_consolidation,,5.16%,770xx,TX,< 1 year,0.0
2000.0,2017-03-16,debt_consolidation,,17.03%,956xx,CA,< 1 year,0.0
10000.0,2017-03-16,debt_consolidation,,29.29%,582xx,ND,< 1 year,0.0
29000.0,2017-03-16,house,,11.54%,166xx,PA,5 years,0.0
40000.0,2017-03-17,Debt consolidation,665.0,45.99%,150xx,PA,< 1 year,0.0
15000.0,2017-03-17,debt_consolidation,,37.35%,956xx,CA,< 1 year,0.0
2000.0,2017-03-17,debt_consolidation,,36.48%,226xx,VA,< 1 year,0.0
2000.0,2017-03-17,debt_consolidation,,23%,799xx,TX,< 1 year,0.0
30000.0,2017-03-18,debt_consolidation,,20.14%,601xx,IL,< 1 year,0.0
1000.0,2017-03-19,home_improvement,,73.83%,308xx,GA,< 1 year,0.0
4000.0,2017-03-20,Home improvement,,12.76%,372xx,TN,,0.0
2000.0,2017-03-20,debt_consolidation,,4.67%,718xx,AR,< 1 year,0.0
13075.0,2017-03-21,debt_consolidation,,72.22%,372xx,TN,< 1 year,0.0
10000.0,2017-03-23,other,,26.76%,591xx,MT,< 1 year,0.0
2500.0,2017-03-23,other,,2.56%,155xx,PA,< 1 year,0.0
1000.0,2017-03-23,Debt consolidation,628.0,26.08%,226xx,VA,< 1 year,0.0
5000.0,2017-03-23,debt_consolidation,,51.25%,926xx,CA,< 1 year,0.0
10000.0,2017-03-24,Business,542.0,33.5%,436xx,OH,< 1 year,0.0
5000.0,2017-03-25,vacation,,12.06%,900xx,CA,5 years,0.0
30000.0,2017-03-26,debt_consolidation,,72.29%,103xx,NY,5 years,0.0
35000.0,2017-03-26,debt_consolidation,,26.59%,495xx,MI,< 1 year,0.0
5000.0,2017-03-26,credit_card,,30.24%,121xx,NY,< 1 year,0.0
2000.0,2017-03-27,other,,15.88%,492xx,MI,< 1 year,0.0
11000.0,2017-03-27,Other,778.0,0%,956xx,CA,< 1 year,0.0
15000.0,2017-03-27,Credit card refinancing,,26.53%,580xx,ND,8 years,0.0
35000.0,2017-03-27,debt_consolidation,,21.18%,716xx,AR,5 years,0.0
1000.0,2017-03-28,Other,552.0,0%,762xx,TX,< 1 year,0.0
10000.0,2017-03-28,credit_card,,15.81%,370xx,TN,5 years,0.0
1000.0,2017-03-28,debt_consolidation,,29.16%,776xx,TX,< 1 year,0.0
30000.0,2017-03-28,Debt consolidation,691.0,4.46%,975xx,OR,< 1 year,0.0
35000.0,2017-03-28,Other,670.0,2.99%,605xx,IL,< 1 year,0.0
1000.0,2017-03-28,Medical expenses,501.0,4.6%,900xx,CA,< 1 year,0.0
20000.0,2017-03-29,Debt consolidation,552.0,52.37%,750xx,TX,< 1 year,0.0
5000.0,2017-03-29,Home improvement,520.0,22.23%,349xx,FL,< 1 year,0.0
20000.0,2017-03-29,Debt consolidation,642.0,14.9%,331xx,FL,< 1 year,0.0
5000.0,2017-03-29,other,,20.64%,143xx,NY,5 years,0.0
2000.0,2017-03-29,medical,,56.04%,799xx,TX,< 1 year,0.0
3000.0,2017-03-29,Debt consolidation,608.0,8.88%,186xx,PA,< 1 year,0.0
10000.0,2017-03-29,Home improvement,598.0,28.82%,932xx,CA,< 1 year,0.0
1000.0,2017-03-29,Moving and relocation,719.0,0%,021xx,MA,< 1 year,0.0
40000.0,2017-03-30,debt_consolidation,,40.73%,187xx,PA,< 1 year,0.0
8000.0,2017-03-30,Debt consolidation,628.0,39.99%,347xx,FL,< 1 year,0.0
10000.0,2017-03-30,Debt consolidation,664.0,24.26%,778xx,TX,< 1 year,0.0
10000.0,2017-03-30,debt_consolidation,,20.95%,951xx,CA,< 1 year,0.0
3500.0,2017-03-30,debt_consolidation,,2.89%,060xx,CT,< 1 year,0.0
10000.0,2017-03-31,other,,5.14%,074xx,NJ,< 1 year,0.0
18000.0,2017-03-31,debt_consolidation,,23.88%,114xx,NY,5 years,0.0
35000.0,2018-07-01,Debt consolidation,,10.91%,797xx,TX,< 1 year,0.0
4000.0,2018-07-01,Credit card refinancing,,14.74%,919xx,CA,< 1 year,0.0
35000.0,2018-07-01,Debt consolidation,,36.63%,023xx,MA,< 1 year,0.0
7500.0,2018-07-01,Major purchase,,12.2%,985xx,WA,< 1 year,0.0
10500.0,2018-07-02,Credit card refinancing,,17.8%,913xx,CA,< 1 year,0.0
10000.0,2018-07-02,Debt consolidation,,27.31%,152xx,PA,< 1 year,0.0
20000.0,2018-07-02,Debt consolidation,,36.72%,956xx,CA,< 1 year,0.0
10000.0,2018-07-02,Debt consolidation,,24.56%,337xx,FL,< 1 year,0.0
22000.0,2018-07-02,Credit card refinancing,,29.68%,255xx,WV,< 1 year,0.0
2000.0,2018-07-03,Other,,14.98%,836xx,ID,< 1 year,0.0
20000.0,2018-07-03,Credit card refinancing,,2.22%,780xx,TX,< 1 year,0.0
30000.0,2018-07-03,Other,,18.24%,744xx,OK,< 1 year,0.0
23425.0,2018-07-03,Car financing,,100%,365xx,AL,10+ years,2.0
1000.0,2018-07-03,Debt consolidation,,14.4%,601xx,IL,< 1 year,0.0
10000.0,2018-07-03,Credit card refinancing,,4.88%,847xx,UT,< 1 year,0.0
20000.0,2018-07-03,Debt consolidation,,29.04%,657xx,MO,< 1 year,0.0
10000.0,2018-07-04,Major purchase,,100%,840xx,UT,< 1 year,0.0
30000.0,2018-07-04,Debt consolidation,,39.13%,620xx,IL,< 1 year,0.0
35000.0,2018-07-04,Debt consolidation,,29.4%,923xx,CA,< 1 year,0.0
2500.0,2018-07-04,Other,,53%,734xx,OK,< 1 year,0.0
27975.0,2018-07-04,Credit card refinancing,,39.32%,574xx,SD,< 1 year,0.0
2000.0,2018-07-04,Home improvement,,16.27%,079xx,NJ,< 1 year,0.0
28650.0,2018-07-05,Car financing,,100%,648xx,MO,1 year,0.0
6000.0,2018-07-05,Other,,25.58%,898xx,NV,< 1 year,0.0
10000.0,2018-07-05,Debt consolidation,,2.39%,303xx,GA,< 1 year,0.0
15000.0,2018-07-05,Debt consolidation,,4.45%,037xx,NH,< 1 year,0.0
5000.0,2018-07-05,Debt consolidation,,10.77%,107xx,NY,< 1 year,0.0
10000.0,2018-07-06,Credit card refinancing,,16.95%,142xx,NY,< 1 year,0.0
16275.0,2018-07-06,Credit card refinancing,,53.37%,550xx,MN,< 1 year,0.0
2000.0,2018-07-06,Other,,0%,554xx,MN,< 1 year,0.0
35000.0,2018-07-06,Major purchase,,27.09%,759xx,TX,< 1 year,0.0
5000.0,2018-07-06,Debt consolidation,,1.15%,716xx,AR,< 1 year,0.0
2000.0,2018-07-06,Other,590.0,0.78%,150xx,PA,,0.0
3500.0,2018-07-06,Debt consolidation,,36.1%,809xx,CO,4 years,0.0
35000.0,2018-07-07,Other,,12.77%,629xx,IL,,0.0
20000.0,2018-07-07,Debt consolidation,,6.59%,747xx,OK,< 1 year,0.0
7000.0,2018-07-07,Credit card refinancing,,55.28%,722xx,AR,< 1 year,0.0
5000.0,2018-07-07,Credit card refinancing,,24.78%,333xx,FL,< 1 year,0.0
10000.0,2018-07-08,Debt consolidation,,4.59%,741xx,OK,< 1 year,0.0
13000.0,2018-07-08,Credit card refinancing,,34.61%,021xx,MA,< 1 year,0.0
5500.0,2018-07-09,Other,627.0,3.23%,838xx,ID,< 1 year,0.0
25000.0,2018-07-09,Credit card refinancing,,64.19%,329xx,FL,< 1 year,0.0
10000.0,2018-07-09,Other,,27.88%,191xx,PA,< 1 year,0.0
6000.0,2018-07-09,Medical expenses,,6.26%,801xx,CO,< 1 year,0.0
10000.0,2018-07-09,Debt consolidation,,100%,151xx,PA,< 1 year,0.0
15000.0,2018-07-09,Debt consolidation,,17.34%,287xx,NC,< 1 year,0.0
20000.0,2018-07-10,Car financing,,26.22%,782xx,TX,< 1 year,0.0
20000.0,2018-07-10,Debt consolidation,,23.62%,460xx,IN,< 1 year,0.0
27500.0,2018-07-10,Other,,15.17%,640xx,MO,< 1 year,0.0
10000.0,2018-07-10,Credit card refinancing,,31.12%,481xx,MI,,0.0
15000.0,2018-07-10,Debt consolidation,,49.07%,774xx,TX,< 1 year,0.0
2500.0,2018-07-10,Major purchase,,42.29%,757xx,TX,< 1 year,0.0
10000.0,2018-07-10,Debt consolidation,,27.56%,344xx,FL,< 1 year,0.0
7000.0,2018-07-10,Other,,9.69%,336xx,FL,< 1 year,0.0
10000.0,2018-07-10,Credit card refinancing,,7.59%,705xx,LA,< 1 year,0.0
18000.0,2018-07-10,Credit card refinancing,,20.72%,782xx,TX,< 1 year,0.0
5000.0,2018-07-11,Credit card refinancing,,75.08%,984xx,WA,< 1 year,0.0
10000.0,2018-07-11,Credit card refinancing,,36.16%,381xx,TN,< 1 year,0.0
23500.0,2018-07-11,Debt consolidation,,13.61%,322xx,FL,< 1 year,0.0
10000.0,2018-07-11,Credit card refinancing,673.0,18.98%,114xx,NY,10+ years,0.0
14000.0,2018-07-11,Debt consolidation,,47.95%,852xx,AZ,< 1 year,0.0
10500.0,2018-07-12,Major purchase,,29.24%,705xx,LA,< 1 year,0.0
35000.0,2018-07-12,Car financing,,16.46%,923xx,CA,< 1 year,0.0
2500.0,2018-07-12,Debt consolidation,,70.4%,980xx,WA,< 1 year,0.0
20000.0,2018-07-12,Major purchase,,12%,371xx,TN,< 1 year,0.0
3000.0,2018-07-13,Home improvement,,29.08%,212xx,MD,< 1 year,0.0
35000.0,2018-07-13,Major purchase,,9.84%,378xx,TN,< 1 year,0.0
1000.0,2018-07-13,Credit card refinancing,,8.9%,441xx,OH,< 1 year,0.0
5000.0,2018-07-13,Debt consolidation,,46.29%,926xx,CA,< 1 year,0.0
25000.0,2018-07-13,Debt consolidation,,12.27%,906xx,CA,< 1 year,0.0
4000.0,2018-07-14,Credit card refinancing,,13.53%,030xx,NH,,0.0
35000.0,2018-07-14,Other,,7.75%,443xx,OH,< 1 year,0.0
10000.0,2018-07-14,Other,,62%,057xx,VT,< 1 year,0.0
40000.0,2018-07-14,Debt consolidation,,11.37%,945xx,CA,< 1 year,0.0
35000.0,2018-07-14,Major purchase,,2.52%,320xx,FL,< 1 year,0.0
35000.0,2018-07-15,Debt consolidation,,23.17%,731xx,OK,< 1 year,0.0
15000.0,2018-07-15,Credit card refinancing,,100%,117xx,NY,< 1 year,0.0
20000.0,2018-07-15,Debt consolidation,,33.4%,853xx,AZ,< 1 year,0.0
10000.0,2018-07-16,Debt consolidation,,27.3%,857xx,AZ,< 1 year,0.0
10000.0,2018-07-16,Credit card refinancing,,85.41%,845xx,UT,< 1 year,0.0
10000.0,2018-07-16,Debt consolidation,,4.2%,316xx,GA,< 1 year,0.0
15000.0,2018-07-16,Debt consolidation,,32.32%,067xx,CT,< 1 year,0.0
25000.0,2018-07-16,Credit card refinancing,,11.76%,115xx,NY,6 years,0.0
10000.0,2018-07-17,Debt consolidation,,5.01%,740xx,OK,< 1 year,0.0
3500.0,2018-07-17,Moving and relocation,,15.3%,208xx,MD,< 1 year,0.0
20000.0,2018-07-17,Debt consolidation,,30.72%,493xx,MI,< 1 year,0.0
2000.0,2018-07-17,Debt consolidation,,61.9%,218xx,MD,< 1 year,0.0
25000.0,2018-07-17,Debt consolidation,668.0,30.24%,891xx,NV,< 1 year,0.0
12000.0,2018-07-17,Debt consolidation,,20.95%,141xx,NY,< 1 year,0.0
20000.0,2018-07-17,Debt consolidation,,0.74%,926xx,CA,< 1 year,0.0
12000.0,2018-07-17,Credit card refinancing,,35.95%,770xx,TX,< 1 year,0.0
1000.0,2018-07-17,Debt consolidation,,6%,431xx,OH,< 1 year,0.0
25000.0,2018-07-18,Debt consolidation,,100%,480xx,MI,< 1 year,0.0
20000.0,2018-07-18,Debt consolidation,,4.08%,627xx,IL,< 1 year,0.0
7000.0,2018-07-18,Home buying,,41.75%,130xx,NY,< 1 year,0.0
10000.0,2018-07-18,Debt consolidation,,23.77%,305xx,GA,< 1 year,0.0
5000.0,2018-07-18,Other,,4.17%,923xx,CA,2 years,0.0
4800.0,2018-07-18,Other,,22.51%,101xx,NY,< 1 year,0.0
10000.0,2018-07-18,Credit card refinancing,,466.87%,641xx,MO,< 1 year,0.0
10000.0,2018-07-18,Debt consolidation,642.0,9999%,827xx,WY,< 1 year,0.0
10000.0,2018-07-19,Debt consolidation,,10.08%,448xx,OH,< 1 year,0.0
20000.0,2018-07-19,Car financing,,39.76%,773xx,TX,< 1 year,0.0
19500.0,2018-07-19,Car financing,,100%,945xx,CA,< 1 year,0.0
5000.0,2018-07-19,Other,,16.55%,225xx,VA,< 1 year,0.0
10000.0,2018-07-19,Debt consolidation,,70.65%,864xx,AZ,< 1 year,0.0
1000.0,2018-07-19,Debt consolidation,,100%,112xx,NY,< 1 year,0.0
10000.0,2018-07-20,Debt consolidation,,6.88%,967xx,HI,< 1 year,0.0
10500.0,2018-07-20,Credit card refinancing,,18.24%,462xx,IN,< 1 year,0.0
25000.0,2018-07-20,Credit card refinancing,,14.03%,021xx,MA,2 years,0.0
3500.0,2018-07-20,Other,,0.92%,080xx,NJ,< 1 year,0.0
4000.0,2018-07-20,Major purchase,,31.22%,735xx,OK,< 1 year,0.0
8000.0,2018-07-20,Debt consolidation,,79.23%,365xx,AL,< 1 year,0.0
40000.0,2018-07-20,Other,,5.35%,770xx,TX,< 1 year,0.0
3000.0,2018-07-20,Major purchase,,33.08%,797xx,TX,< 1 year,0.0
8250.0,2018-07-21,Car financing,,100%,463xx,IN,< 1 year,0.0
35000.0,2018-07-21,Credit card refinancing,,17.29%,346xx,FL,< 1 year,0.0
8000.0,2018-07-21,Debt consolidation,,3.92%,030xx,NH,< 1 year,0.0
25000.0,2018-07-21,Debt consolidation,699.0,21.69%,750xx,TX,< 1 year,0.0
10000.0,2018-07-21,Other,,9.31%,064xx,CT,< 1 year,0.0
10000.0,2018-07-22,Credit card refinancing,,31.53%,069xx,CT,< 1 year,0.0
16100.0,2018-07-22,Car financing,,100%,325xx,FL,8 years,0.0
5500.0,2018-07-22,Home buying,,10.66%,296xx,SC,< 1 year,0.0
3500.0,2018-07-22,Debt consolidation,,42.52%,053xx,VT,< 1 year,0.0
40000.0,2018-07-23,Debt consolidation,714.0,32.11%,384xx,TN,< 1 year,0.0
1000.0,2018-07-23,Other,,5.8%,185xx,PA,< 1 year,0.0
3500.0,2018-07-23,Debt consolidation,,13.83%,081xx,NJ,< 1 year,0.0
5000.0,2018-07-23,Medical expenses,,36.96%,206xx,MD,< 1 year,0.0
1000.0,2018-07-23,Major purchase,,0%,925xx,CA,< 1 year,0.0
2500.0,2018-07-23,Other,,27.06%,325xx,FL,< 1 year,0.0
40000.0,2018-07-23,Debt consolidation,,100%,077xx,NJ,< 1 year,0.0
10000.0,2018-07-23,Credit card refinancing,,41.29%,777xx,TX,< 1 year,0.0
3000.0,2018-07-23,Credit card refinancing,,58.35%,064xx,CT,< 1 year,0.0
1500.0,2018-07-24,Debt consolidation,636.0,22.33%,730xx,OK,< 1 year,0.0
6000.0,2018-07-24,Debt consolidation,,20.87%,344xx,FL,10+ years,0.0
19000.0,2018-07-24,Debt consolidation,,10.97%,054xx,VT,< 1 year,0.0
20000.0,2018-07-24,Other,,50.54%,905xx,CA,< 1 year,0.0
1000.0,2018-07-25,Debt consolidation,,29.4%,066xx,CT,< 1 year,0.0
1500.0,2018-07-25,Home improvement,,51.24%,337xx,FL,< 1 year,0.0
10000.0,2018-07-25,Home improvement,,18.47%,410xx,KY,< 1 year,0.0
6000.0,2018-07-25,Debt consolidation,,177%,250xx,WV,< 1 year,0.0
10000.0,2018-07-25,Debt consolidation,,7.2%,781xx,TX,< 1 year,0.0
25000.0,2018-07-25,Debt consolidation,,44.97%,448xx,OH,< 1 year,0.0
10000.0,2018-07-25,Credit card refinancing,,3.6%,760xx,TX,< 1 year,0.0
30000.0,2018-07-26,Car financing,,30750%,850xx,AZ,< 1 year,0.0
10000.0,2018-07-26,Debt consolidation,,14.59%,871xx,NM,< 1 year,0.0
10000.0,2018-07-26,Debt consolidation,,5.82%,922xx,CA,< 1 year,0.0
17000.0,2018-07-26,Debt consolidation,,63.31%,808xx,CO,< 1 year,0.0
6000.0,2018-07-26,Major purchase,,15.06%,954xx,CA,< 1 year,0.0
5000.0,2018-07-26,Other,,9.16%,115xx,NY,< 1 year,0.0
2800.0,2018-07-26,Debt consolidation,,61.77%,386xx,MS,< 1 year,0.0
8000.0,2018-07-27,Credit card refinancing,,23%,080xx,NJ,3 years,0.0
10000.0,2018-07-27,Debt consolidation,,16.43%,975xx,OR,< 1 year,0.0
1500.0,2018-07-27,Other,,16.49%,951xx,CA,7 years,0.0
25000.0,2018-07-27,Credit card refinancing,,32.72%,850xx,AZ,< 1 year,0.0
9000.0,2018-07-28,Debt consolidation,,25.81%,672xx,KS,< 1 year,0.0
3000.0,2018-07-28,Moving and relocation,,29.77%,331xx,FL,< 1 year,0.0
35000.0,2018-07-29,Other,,31.92%,320xx,FL,< 1 year,0.0
35000.0,2018-07-29,Credit card refinancing,,17.22%,347xx,FL,< 1 year,0.0
15000.0,2018-07-29,Debt consolidation,,5.41%,479xx,IN,,0.0
3000.0,2018-07-30,Other,,4.11%,628xx,IL,< 1 year,0.0
15000.0,2018-07-30,Debt consolidation,,15.55%,330xx,FL,< 1 year,0.0
30000.0,2018-07-30,Debt consolidation,,18.04%,982xx,WA,< 1 year,0.0
13500.0,2018-07-30,Debt consolidation,,71.91%,800xx,CO,< 1 year,0.0
9000.0,2018-07-30,Credit card refinancing,,98.01%,103xx,NY,< 1 year,0.0
40000.0,2018-07-30,Other,,20.38%,870xx,NM,< 1 year,0.0
1000.0,2018-07-30,Other,,15.65%,330xx,FL,,0.0
20000.0,2018-07-30,Debt consolidation,672.0,7.31%,223xx,VA,< 1 year,0.0
25000.0,2018-07-31,Car financing,,15.8%,301xx,GA,< 1 year,0.0
10000.0,2018-07-31,Home improvement,,18.49%,191xx,PA,< 1 year,0.0
2500.0,2018-07-31,Other,,10.99%,134xx,NY,< 1 year,0.0
5000.0,2018-07-31,Debt consolidation,,51.04%,956xx,CA,< 1 year,0.0
5000.0,2018-07-31,Other,,0%,333xx,FL,< 1 year,0.0
15000.0,2018-08-01,Debt consolidation,,15.21%,960xx,CA,< 1 year,0.0
20000.0,2018-08-01,Debt consolidation,,30.02%,907xx,CA,< 1 year,0.0
5000.0,2018-08-01,Debt consolidation,,100%,221xx,VA,< 1 year,0.0
35000.0,2018-08-02,Major purchase,,8.42%,028xx,RI,< 1 year,0.0
10000.0,2018-08-02,Credit card refinancing,,48.69%,306xx,GA,< 1 year,0.0
10000.0,2018-08-02,Credit card refinancing,,32.76%,774xx,TX,< 1 year,0.0
5000.0,2018-08-02,Debt consolidation,,41.46%,173xx,PA,< 1 year,0.0
15500.0,2018-08-02,Credit card refinancing,,47.47%,012xx,MA,< 1 year,0.0
10000.0,2018-08-02,Debt consolidation,,34.36%,330xx,FL,< 1 year,0.0
17250.0,2018-08-03,Car financing,,100%,463xx,IN,10+ years,0.0
35000.0,2018-08-03,Home buying,,4.34%,785xx,TX,< 1 year,0.0
25000.0,2018-08-03,Debt consolidation,,19.8%,857xx,AZ,< 1 year,0.0
35000.0,2018-08-03,Credit card refinancing,,40.24%,775xx,TX,< 1 year,0.0
3000.0,2018-08-03,Debt consolidation,,30.28%,870xx,NM,< 1 year,0.0
1000.0,2018-08-03,Credit card refinancing,,1.58%,990xx,WA,< 1 year,0.0
2500.0,2018-08-03,Moving and relocation,,0%,357xx,AL,< 1 year,0.0
25000.0,2018-08-03,Credit card refinancing,,39.65%,933xx,CA,< 1 year,0.0
11000.0,2018-08-03,Credit card refinancing,,25.98%,952xx,CA,< 1 year,0.0
35000.0,2018-08-03,Debt consolidation,,21.76%,798xx,TX,< 1 year,0.0
1000.0,2018-08-03,Other,,17.87%,851xx,AZ,< 1 year,0.0
5000.0,2018-08-03,Other,,13.23%,721xx,AR,< 1 year,0.0
10000.0,2018-08-04,Credit card refinancing,,40.92%,775xx,TX,< 1 year,0.0
10000.0,2018-08-04,Credit card refinancing,,42.86%,342xx,FL,< 1 year,0.0
2500.0,2018-08-04,Car financing,,77.88%,770xx,TX,< 1 year,0.0
35000.0,2018-08-05,Debt consolidation,,24.71%,208xx,MD,< 1 year,0.0
23000.0,2018-08-05,Debt consolidation,,18.65%,950xx,CA,< 1 year,0.0
10000.0,2018-08-05,Debt consolidation,,100%,206xx,MD,< 1 year,0.0
7975.0,2018-08-06,Home buying,552.0,4.3%,490xx,MI,,0.0
3500.0,2018-08-06,Medical expenses,,43.28%,622xx,IL,3 years,0.0
10500.0,2018-08-06,Home buying,,100%,334xx,FL,< 1 year,0.0
5000.0,2018-08-07,Other,,100%,282xx,NC,< 1 year,0.0
5000.0,2018-08-07,Credit card refinancing,,100%,703xx,LA,< 1 year,0.0
2000.0,2018-08-07,Other,,29.46%,279xx,NC,2 years,0.0
40000.0,2018-08-07,Other,,28.48%,463xx,IN,< 1 year,0.0
2000.0,2018-08-07,Other,,8.85%,021xx,MA,< 1 year,0.0
25000.0,2018-08-08,Debt consolidation,,15.2%,371xx,TN,< 1 year,0.0
5000.0,2018-08-08,Debt consolidation,,34.45%,641xx,MO,< 1 year,0.0
35000.0,2018-08-08,Credit card refinancing,,25.73%,071xx,NJ,< 1 year,0.0
10000.0,2018-08-08,Debt consolidation,,22.88%,667xx,KS,< 1 year,0.0
40000.0,2018-08-08,Debt consolidation,,6.15%,404xx,KY,< 1 year,0.0
22500.0,2018-08-08,Credit card refinancing,,34.72%,431xx,OH,< 1 year,0.0
10000.0,2018-08-08,Debt consolidation,,14.82%,853xx,AZ,< 1 year,0.0
10500.0,2018-08-09,Moving and relocation,,91.62%,235xx,VA,< 1 year,0.0
40000.0,2018-08-09,Other,,34.32%,853xx,AZ,< 1 year,0.0
2000.0,2018-08-09,Other,,21.69%,441xx,OH,< 1 year,0.0
26000.0,2018-08-09,Credit card refinancing,,156.52%,806xx,CO,< 1 year,0.0
8000.0,2018-08-09,Debt consolidation,,155.73%,891xx,NV,< 1 year,0.0
2500.0,2018-08-09,Other,,18.5%,200xx,DC,< 1 year,0.0
15000.0,2018-08-10,Debt consolidation,,34.71%,132xx,NY,< 1 year,0.0
38000.0,2018-08-10,Debt consolidation,,100%,852xx,AZ,< 1 year,0.0
25000.0,2018-08-11,Debt consolidation,,26.34%,773xx,TX,< 1 year,0.0
20000.0,2018-08-11,Debt consolidation,,100%,148xx,NY,< 1 year,0.0
10000.0,2018-08-12,Other,,2.29%,773xx,TX,< 1 year,0.0
15000.0,2018-08-12,Debt consolidation,,27.69%,633xx,MO,< 1 year,0.0
21500.0,2018-08-12,Car financing,,18.16%,275xx,NC,< 1 year,0.0
20000.0,2018-08-13,Debt consolidation,,25.05%,300xx,GA,< 1 year,0.0
7000.0,2018-08-13,Moving and relocation,,7.49%,640xx,MO,< 1 year,0.0
10000.0,2018-08-13,Debt consolidation,,5.88%,237xx,VA,< 1 year,0.0
10000.0,2018-08-13,Debt consolidation,,100%,336xx,FL,,0.0
7000.0,2018-08-13,Debt consolidation,,39.8%,974xx,OR,< 1 year,0.0
5000.0,2018-08-14,Credit card refinancing,,49.62%,544xx,WI,< 1 year,0.0
6000.0,2018-08-14,Debt consolidation,,46.93%,917xx,CA,< 1 year,0.0
25000.0,2018-08-14,Debt consolidation,,44.02%,190xx,PA,< 1 year,0.0
1500.0,2018-08-14,Other,,5.56%,068xx,CT,< 1 year,0.0
7000.0,2018-08-14,Debt consolidation,,5.6%,801xx,CO,< 1 year,0.0
10000.0,2018-08-14,Debt consolidation,,100%,201xx,VA,< 1 year,0.0
10000.0,2018-08-14,Credit card refinancing,,36.68%,423xx,KY,< 1 year,0.0
35000.0,2018-08-15,Major purchase,,10.08%,452xx,OH,< 1 year,0.0
8000.0,2018-08-15,Home improvement,,49.8%,386xx,MS,< 1 year,0.0
20000.0,2018-08-15,Debt consolidation,,28.58%,211xx,MD,< 1 year,0.0
30000.0,2018-08-15,Other,,8.87%,100xx,NY,< 1 year,0.0
15000.0,2018-08-16,Debt consolidation,,8.37%,657xx,MO,< 1 year,0.0
10000.0,2018-08-16,Other,,14.73%,135xx,NY,< 1 year,0.0
8000.0,2018-08-16,Debt consolidation,,8.29%,217xx,MD,< 1 year,0.0
2000.0,2018-08-17,Other,,3.66%,149xx,NY,< 1 year,0.0
10000.0,2018-08-17,Debt consolidation,,12.23%,010xx,MA,,0.0
19200.0,2018-08-17,Car financing,,100%,479xx,IN,< 1 year,0.0
2500.0,2018-08-17,Moving and relocation,,19.03%,606xx,IL,< 1 year,0.0
1000.0,2018-08-18,Other,,18.91%,474xx,IN,< 1 year,0.0
34000.0,2018-08-18,Credit card refinancing,,21.76%,933xx,CA,< 1 year,0.0
1000.0,2018-08-19,Other,586.0,40%,761xx,TX,< 1 year,0.0
23000.0,2018-08-19,Debt consolidation,,30.74%,310xx,GA,< 1 year,0.0
2000.0,2018-08-19,Credit card refinancing,,44.22%,785xx,TX,< 1 year,0.0
3000.0,2018-08-19,Debt consolidation,,18.07%,410xx,KY,< 1 year,0.0
35000.0,2018-08-19,Other,,15.1%,074xx,NJ,< 1 year,0.0
1500.0,2018-08-20,Credit card refinancing,,20.78%,296xx,SC,< 1 year,0.0
10000.0,2018-08-20,Debt consolidation,,43.59%,785xx,TX,< 1 year,0.0
6000.0,2018-08-20,Other,,98.38%,681xx,NE,< 1 year,0.0
30000.0,2018-08-20,Debt consolidation,,27.28%,238xx,VA,< 1 year,0.0
5000.0,2018-08-20,Credit card refinancing,,8.52%,018xx,MA,< 1 year,0.0
5000.0,2018-08-20,Home buying,,0.5%,349xx,FL,,0.0
10000.0,2018-08-20,Major purchase,,36.31%,444xx,OH,< 1 year,0.0
35000.0,2018-08-20,Other,,7.31%,750xx,TX,< 1 year,0.0
5500.0,2018-08-20,Debt consolidation,,14.51%,688xx,NE,< 1 year,0.0
15000.0,2018-08-20,Credit card refinancing,,1.23%,100xx,NY,< 1 year,0.0
25000.0,2018-08-20,Debt consolidation,,38.84%,317xx,GA,< 1 year,0.0
15000.0,2018-08-20,Debt consolidation,,2.34%,331xx,FL,< 1 year,0.0
6000.0,2018-08-21,Debt consolidation,,4.3%,986xx,WA,< 1 year,0.0
15000.0,2018-08-21,Business,,58.37%,563xx,MN,< 1 year,0.0
10000.0,2018-08-21,Credit card refinancing,,12.4%,752xx,TX,< 1 year,0.0
5500.0,2018-08-21,Debt consolidation,,16.7%,662xx,KS,< 1 year,0.0
5000.0,2018-08-21,Debt consolidation,,2.92%,027xx,MA,< 1 year,0.0
18000.0,2018-08-21,Car financing,,0%,926xx,CA,< 1 year,0.0
25000.0,2018-08-21,Home buying,,100%,312xx,GA,< 1 year,0.0
10000.0,2018-08-22,Debt consolidation,,27.18%,662xx,KS,< 1 year,0.0
15000.0,2018-08-22,Debt consolidation,,21.39%,199xx,DE,< 1 year,0.0
10000.0,2018-08-22,Debt consolidation,,13.6%,750xx,TX,< 1 year,0.0
27225.0,2018-08-22,Car financing,,100%,606xx,IL,8 years,0.0
4800.0,2018-08-22,Moving and relocation,,2.6%,895xx,NV,< 1 year,0.0
40000.0,2018-08-22,Credit card refinancing,,5.94%,900xx,CA,7 years,0.0
5000.0,2018-08-22,Debt consolidation,,11.24%,852xx,AZ,< 1 year,0.0
10000.0,2018-08-22,Other,,0.72%,751xx,TX,,0.0
2500.0,2018-08-22,Other,626.0,0%,588xx,ND,< 1 year,0.0
10000.0,2018-08-23,Debt consolidation,,28.1%,146xx,NY,< 1 year,0.0
10000.0,2018-08-23,Debt consolidation,,6.69%,171xx,PA,< 1 year,0.0
5000.0,2018-08-23,Other,,1.52%,493xx,MI,< 1 year,0.0
15000.0,2018-08-23,Home buying,,33.76%,141xx,NY,< 1 year,0.0
15000.0,2018-08-23,Credit card refinancing,,100%,403xx,KY,< 1 year,0.0
4000.0,2018-08-23,Medical expenses,,19.44%,840xx,UT,< 1 year,0.0
5000.0,2018-08-24,Debt consolidation,,100%,361xx,AL,< 1 year,0.0
2000.0,2018-08-24,Other,,11.4%,221xx,VA,< 1 year,0.0
25000.0,2018-08-24,Debt consolidation,,49.31%,370xx,TN,< 1 year,0.0
25000.0,2018-08-24,Debt consolidation,,39.78%,275xx,NC,< 1 year,0.0
3500.0,2018-08-25,Other,,14.37%,283xx,NC,< 1 year,0.0
15000.0,2018-08-25,Other,,8.04%,105xx,NY,< 1 year,0.0
7000.0,2018-08-25,Debt consolidation,,16.79%,330xx,FL,< 1 year,0.0
5000.0,2018-08-25,Other,,20.11%,331xx,FL,< 1 year,0.0
1000.0,2018-08-26,Debt consolidation,,10.88%,602xx,IL,< 1 year,0.0
30000.0,2018-08-26,Credit card refinancing,,32.86%,210xx,MD,< 1 year,0.0
7500.0,2018-08-26,Other,,100%,810xx,CO,,0.0
5000.0,2018-08-26,Credit card refinancing,,15.58%,337xx,FL,< 1 year,0.0
15000.0,2018-08-26,Car financing,,100%,306xx,GA,10+ years,0.0
5000.0,2018-08-26,Debt consolidation,,25.09%,331xx,FL,10+ years,0.0
10000.0,2018-08-27,Debt consolidation,,22.49%,917xx,CA,< 1 year,0.0
3000.0,2018-08-27,Debt consolidation,,1.6%,339xx,FL,< 1 year,0.0
8500.0,2018-08-27,Debt consolidation,,23.57%,782xx,TX,< 1 year,0.0
6000.0,2018-08-27,Other,,10.56%,296xx,SC,1 year,0.0
3000.0,2018-08-27,Vacation,,23.22%,967xx,HI,< 1 year,0.0
12500.0,2018-08-27,Other,557.0,0%,782xx,TX,1 year,0.0
2000.0,2018-08-28,Debt consolidation,,10.52%,450xx,OH,< 1 year,0.0
1000.0,2018-08-28,Moving and relocation,,35%,295xx,SC,< 1 year,0.0
10000.0,2018-08-28,Debt consolidation,,16.71%,302xx,GA,< 1 year,0.0
35000.0,2018-08-28,Credit card refinancing,,100%,112xx,NY,< 1 year,0.0
10000.0,2018-08-28,Credit card refinancing,,100%,105xx,NY,< 1 year,0.0
3000.0,2018-08-28,Other,,20.59%,344xx,FL,< 1 year,0.0
4000.0,2018-08-29,Debt consolidation,,26.38%,070xx,NJ,< 1 year,0.0
10000.0,2018-08-29,Credit card refinancing,,32.9%,581xx,ND,< 1 year,0.0
1250.0,2018-08-29,Other,,1.11%,319xx,GA,< 1 year,0.0
2000.0,2018-08-29,Credit card refinancing,,34.1%,282xx,NC,< 1 year,0.0
10000.0,2018-08-29,Debt consolidation,,7.75%,201xx,VA,< 1 year,0.0
10500.0,2018-08-30,Debt consolidation,,15.06%,104xx,NY,< 1 year,0.0
40000.0,2018-08-30,Home improvement,,34.27%,782xx,TX,< 1 year,0.0
20000.0,2018-08-30,Debt consolidation,671.0,18.89%,931xx,CA,< 1 year,0.0
6000.0,2018-08-30,Debt consolidation,,54.71%,443xx,OH,< 1 year,0.0
15000.0,2018-08-31,Credit card refinancing,,49.7%,967xx,HI,< 1 year,0.0
15000.0,2018-08-31,Other,,21.71%,787xx,TX,< 1 year,0.0
1000.0,2018-08-31,Other,,53.29%,309xx,GA,< 1 year,0.0
10000.0,2018-08-31,Home improvement,596.0,9999%,707xx,LA,< 1 year,0.0
35000.0,2018-08-31,Major purchase,,18.24%,300xx,GA,< 1 year,0.0
27000.0,2018-08-31,Credit card refinancing,,49.98%,604xx,IL,< 1 year,0.0
2600.0,2018-08-31,Other,,442.67%,458xx,OH,< 1 year,0.0
20000.0,2018-08-31,Debt consolidation,,6.11%,926xx,CA,< 1 year,0.0
5000.0,2018-09-01,Home improvement,,100%,349xx,FL,< 1 year,0.0
13250.0,2018-09-01,Credit card refinancing,,100%,043xx,ME,< 1 year,0.0
1000.0,2018-09-01,Other,,8%,461xx,IN,< 1 year,0.0
30000.0,2018-09-01,Debt consolidation,,100%,180xx,PA,< 1 year,0.0
35000.0,2018-09-01,Debt consolidation,,44%,852xx,AZ,< 1 year,0.0
10500.0,2018-09-02,Home buying,,22.73%,712xx,LA,4 years,0.0
5000.0,2018-09-02,Debt consolidation,,7.4%,327xx,FL,3 years,0.0
35000.0,2018-09-02,Debt consolidation,,47.64%,936xx,CA,< 1 year,0.0
10000.0,2018-09-02,Credit card refinancing,,29.16%,914xx,CA,< 1 year,0.0
6000.0,2018-09-03,Debt consolidation,578.0,13.94%,380xx,TN,< 1 year,0.0
10500.0,2018-09-03,Debt consolidation,,100%,936xx,CA,< 1 year,0.0
10000.0,2018-09-04,Debt consolidation,,27.88%,973xx,OR,< 1 year,0.0
8500.0,2018-09-04,Debt consolidation,,32.78%,287xx,NC,< 1 year,0.0
15000.0,2018-09-04,Debt consolidation,,27.04%,320xx,FL,< 1 year,0.0
5000.0,2018-09-04,Debt consolidation,,16.2%,532xx,WI,< 1 year,0.0
12000.0,2018-09-04,Debt consolidation,,29.4%,297xx,SC,< 1 year,0.0
8000.0,2018-09-04,Other,,8%,104xx,NY,< 1 year,0.0
15000.0,2018-09-05,Credit card refinancing,,88.88%,113xx,NY,< 1 year,0.0
10000.0,2018-09-05,Other,,23.38%,662xx,KS,< 1 year,0.0
8000.0,2018-09-05,Home buying,,45.18%,161xx,PA,< 1 year,0.0
5500.0,2018-09-05,Other,571.0,0%,336xx,FL,,0.0
10000.0,2018-09-05,Debt consolidation,,15.44%,796xx,TX,< 1 year,0.0
1000.0,2018-09-05,Other,,24.93%,327xx,FL,< 1 year,0.0
3000.0,2018-09-06,Debt consolidation,,46.73%,338xx,FL,< 1 year,0.0
7000.0,2018-09-06,Credit card refinancing,,26.27%,300xx,GA,< 1 year,0.0
15000.0,2018-09-06,Debt consolidation,,32.48%,951xx,CA,< 1 year,0.0
20000.0,2018-09-06,Debt consolidation,,25.1%,631xx,MO,10+ years,0.0
5000.0,2018-09-06,Business,,29.13%,365xx,AL,< 1 year,0.0
20000.0,2018-09-06,Credit card refinancing,,45.46%,460xx,IN,< 1 year,0.0
29500.0,2018-09-06,Credit card refinancing,,11.33%,937xx,CA,< 1 year,0.0
20000.0,2018-09-06,Debt consolidation,,71.32%,258xx,WV,< 1 year,0.0
30000.0,2018-09-06,Credit card refinancing,,8.24%,027xx,MA,< 1 year,0.0
4500.0,2018-09-06,Credit card refinancing,,33.84%,029xx,RI,< 1 year,0.0
2150.0,2018-09-07,Debt consolidation,,21.98%,750xx,TX,10+ years,0.0
10000.0,2018-09-07,Credit card refinancing,,8740%,441xx,OH,< 1 year,0.0
6000.0,2018-09-07,Credit card refinancing,,9.94%,212xx,MD,< 1 year,0.0
20000.0,2018-09-07,Credit card refinancing,,26.81%,337xx,FL,< 1 year,0.0
10000.0,2018-09-07,Car financing,,15.41%,956xx,CA,3 years,0.0
20000.0,2018-09-08,Debt consolidation,,48.16%,128xx,NY,< 1 year,0.0
20000.0,2018-09-08,Credit card refinancing,,29.98%,216xx,MD,< 1 year,0.0
25000.0,2018-09-08,Debt consolidation,,29.74%,483xx,MI,< 1 year,0.0
30000.0,2018-09-08,Debt consolidation,,17.1%,952xx,CA,< 1 year,0.0
18000.0,2018-09-08,Debt consolidation,,19.99%,786xx,TX,1 year,0.0
30000.0,2018-09-08,Debt consolidation,,5.66%,600xx,IL,< 1 year,0.0
25000.0,2018-09-08,Debt consolidation,,100%,235xx,VA,< 1 year,0.0
12000.0,2018-09-08,Credit card refinancing,,37.76%,553xx,MN,< 1 year,0.0
1000.0,2018-09-08,Debt consolidation,,18.24%,280xx,NC,< 1 year,0.0
7500.0,2018-09-08,Other,,28.09%,730xx,OK,< 1 year,0.0
10000.0,2018-09-09,Credit card refinancing,,203.67%,875xx,NM,< 1 year,0.0
18000.0,2018-09-09,Debt consolidation,,53.37%,780xx,TX,< 1 year,0.0
2000.0,2018-09-09,Other,621.0,0%,731xx,OK,< 1 year,0.0
20000.0,2018-09-10,Debt consolidation,,13.6%,183xx,PA,< 1 year,0.0
1000.0,2018-09-10,Medical expenses,,0%,273xx,NC,,0.0
1000.0,2018-09-10,Other,,0%,286xx,NC,< 1 year,0.0
25000.0,2018-09-10,Debt consolidation,,21.39%,114xx,NY,< 1 year,0.0
20000.0,2018-09-10,Debt consolidation,,27.77%,075xx,NJ,< 1 year,0.0
10000.0,2018-09-10,Debt consolidation,,0.65%,535xx,WI,< 1 year,0.0
5000.0,2018-09-10,Home improvement,,6.62%,300xx,GA,< 1 year,0.0
15000.0,2018-09-11,Credit card refinancing,,10.93%,191xx,PA,< 1 year,0.0
5000.0,2018-09-11,Debt consolidation,,13.04%,785xx,TX,< 1 year,0.0
31000.0,2018-09-11,Debt consolidation,,100%,787xx,TX,< 1 year,0.0
3500.0,2018-09-11,Other,,5.52%,127xx,NY,< 1 year,0.0
10000.0,2018-09-11,Credit card refinancing,,17.6%,180xx,PA,< 1 year,0.0
4000.0,2018-09-12,Home buying,,19.03%,773xx,TX,< 1 year,0.0
20000.0,2018-09-12,Debt consolidation,,79.47%,891xx,NV,< 1 year,0.0
35000.0,2018-09-13,Debt consolidation,,25.54%,635xx,MO,< 1 year,0.0
2000.0,2018-09-13,Home buying,,19.18%,773xx,TX,,0.0
20000.0,2018-09-13,Debt consolidation,,13.5%,770xx,TX,< 1 year,0.0
12150.0,2018-09-13,Home improvement,,44.88%,109xx,NY,< 1 year,0.0
5500.0,2018-09-13,Credit card refinancing,,37.75%,923xx,CA,< 1 year,0.0
35000.0,2018-09-13,Debt consolidation,,52.1%,750xx,TX,< 1 year,0.0
16000.0,2018-09-14,Debt consolidation,,44.4%,895xx,NV,< 1 year,0.0
10000.0,2018-09-14,Debt consolidation,,11.34%,800xx,CO,< 1 year,0.0
5000.0,2018-09-15,Debt consolidation,,4.63%,234xx,VA,< 1 year,0.0
10000.0,2018-09-15,Credit card refinancing,,21.49%,441xx,OH,< 1 year,0.0
10000.0,2018-09-15,Credit card refinancing,,1%,231xx,VA,< 1 year,0.0
15000.0,2018-09-15,Car financing,,17.22%,481xx,MI,< 1 year,0.0
30000.0,2018-09-15,Other,,16.05%,608xx,IL,< 1 year,0.0
1000.0,2018-09-15,Debt consolidation,,42.68%,303xx,GA,< 1 year,0.0
13500.0,2018-09-15,Other,,24.86%,112xx,NY,< 1 year,0.0
5000.0,2018-09-16,Debt consolidation,,22.13%,480xx,MI,< 1 year,0.0
10000.0,2018-09-16,Other,,49.64%,871xx,NM,< 1 year,0.0
20500.0,2018-09-16,Credit card refinancing,,45.5%,752xx,TX,< 1 year,0.0
34500.0,2018-09-16,Debt consolidation,,12.56%,085xx,NJ,< 1 year,0.0
10000.0,2018-09-16,Business,,1.44%,472xx,IN,< 1 year,0.0
20000.0,2018-09-16,Debt consolidation,,13.37%,786xx,TX,< 1 year,0.0
2000.0,2018-09-17,Other,,24.32%,317xx,GA,< 1 year,0.0
15000.0,2018-09-17,Credit card refinancing,675.0,137.07%,618xx,IL,< 1 year,0.0
10000.0,2018-09-18,Credit card refinancing,,10.46%,373xx,TN,< 1 year,0.0
15000.0,2018-09-18,Car financing,,0%,110xx,NY,< 1 year,0.0
40000.0,2018-09-18,Home improvement,,27.36%,321xx,FL,< 1 year,0.0
17000.0,2018-09-18,Major purchase,,19.5%,337xx,FL,< 1 year,0.0
5000.0,2018-09-18,Major purchase,,4.13%,700xx,LA,< 1 year,0.0
10000.0,2018-09-18,Credit card refinancing,,27.71%,303xx,GA,< 1 year,0.0
16500.0,2018-09-19,Home buying,,0.69%,549xx,WI,< 1 year,0.0
5000.0,2018-09-19,Home improvement,,34.47%,170xx,PA,< 1 year,0.0
25000.0,2018-09-19,Home buying,,9.84%,344xx,FL,< 1 year,0.0
5000.0,2018-09-19,Other,,0%,283xx,NC,< 1 year,0.0
15000.0,2018-09-19,Credit card refinancing,,18.47%,081xx,NJ,< 1 year,0.0
12000.0,2018-09-19,Credit card refinancing,,7.55%,300xx,GA,< 1 year,0.0
1000.0,2018-09-20,Credit card refinancing,,25.4%,926xx,CA,< 1 year,0.0
8000.0,2018-09-20,Other,,35.21%,341xx,FL,10+ years,0.0
5000.0,2018-09-20,Credit card refinancing,,17.71%,448xx,OH,< 1 year,0.0
10000.0,2018-09-20,Debt consolidation,,10.02%,850xx,AZ,< 1 year,0.0
25000.0,2018-09-20,Credit card refinancing,,20.3%,274xx,NC,< 1 year,0.0
10000.0,2018-09-20,Debt consolidation,,63.22%,789xx,TX,< 1 year,0.0
2250.0,2018-09-20,Moving and relocation,,100%,104xx,NY,< 1 year,0.0
10000.0,2018-09-20,Debt consolidation,,26.93%,875xx,NM,< 1 year,0.0
20000.0,2018-09-20,Debt consolidation,,29.71%,988xx,WA,< 1 year,0.0
20000.0,2018-09-21,Credit card refinancing,,13.63%,280xx,NC,< 1 year,0.0
30000.0,2018-09-21,Debt consolidation,,49.39%,199xx,DE,,0.0
2000.0,2018-09-21,Home improvement,,100%,597xx,MT,< 1 year,0.0
5000.0,2018-09-21,Debt consolidation,,5.02%,275xx,NC,< 1 year,0.0
5000.0,2018-09-21,Debt consolidation,,32.29%,785xx,TX,5 years,2.0
10000.0,2018-09-22,Credit card refinancing,651.0,27.76%,189xx,PA,< 1 year,0.0
10000.0,2018-09-22,Debt consolidation,,48.59%,334xx,FL,< 1 year,0.0
10000.0,2018-09-22,Debt consolidation,,53.09%,342xx,FL,< 1 year,0.0
5000.0,2018-09-22,Other,,76%,756xx,TX,9 years,0.0
5000.0,2018-09-22,Other,,9.63%,080xx,NJ,8 years,0.0
10000.0,2018-09-23,Credit card refinancing,658.0,18.09%,285xx,NC,< 1 year,0.0
11500.0,2018-09-23,Debt consolidation,,23.92%,774xx,TX,< 1 year,0.0
26000.0,2018-09-23,Credit card refinancing,,11.58%,920xx,CA,< 1 year,0.0
5000.0,2018-09-23,Credit card refinancing,,40.16%,021xx,MA,< 1 year,0.0
1000.0,2018-09-23,Other,,32%,481xx,MI,< 1 year,0.0
35000.0,2018-09-23,Debt consolidation,,24.41%,338xx,FL,< 1 year,0.0
10000.0,2018-09-24,Credit card refinancing,,18.87%,481xx,MI,< 1 year,0.0
15000.0,2018-09-24,Debt consolidation,,33.46%,777xx,TX,< 1 year,0.0
15000.0,2018-09-24,Business,,5.78%,349xx,FL,2 years,0.0
35000.0,2018-09-24,Credit card refinancing,,11.42%,913xx,CA,2 years,2.0
10000.0,2018-09-24,Other,,100%,209xx,MD,< 1 year,0.0
5000.0,2018-09-25,Other,,17.17%,687xx,NE,< 1 year,0.0
20000.0,2018-09-25,Medical expenses,,0%,135xx,NY,< 1 year,0.0
18000.0,2018-09-25,Credit card refinancing,,100%,370xx,TN,< 1 year,0.0
40000.0,2018-09-25,Debt consolidation,823.0,100%,530xx,WI,< 1 year,0.0
35000.0,2018-09-25,Home buying,,3.54%,541xx,WI,< 1 year,0.0
5000.0,2018-09-25,Other,,1.17%,104xx,NY,3 years,0.0
20000.0,2018-09-26,Debt consolidation,,12.53%,357xx,AL,< 1 year,0.0
10000.0,2018-09-26,Credit card refinancing,,4.9%,147xx,NY,< 1 year,0.0
10000.0,2018-09-26,Debt consolidation,590.0,100%,374xx,TN,< 1 year,0.0
8000.0,2018-09-26,Debt consolidation,,23.48%,113xx,NY,< 1 year,0.0
17000.0,2018-09-26,Credit card refinancing,,100%,923xx,CA,< 1 year,0.0
6000.0,2018-09-26,Debt consolidation,,15.34%,080xx,NJ,< 1 year,0.0
1000.0,2018-09-26,Home improvement,,100%,637xx,MO,< 1 year,0.0
35000.0,2018-09-27,Debt consolidation,,37.8%,296xx,SC,< 1 year,0.0
10000.0,2018-09-27,Other,,0%,441xx,OH,5 years,0.0
35000.0,2018-09-27,Credit card refinancing,,18.87%,432xx,OH,10+ years,2.0
35000.0,2018-09-27,Other,,11.83%,329xx,FL,< 1 year,0.0
35000.0,2018-09-27,Debt consolidation,,37.31%,178xx,PA,< 1 year,0.0
5000.0,2018-09-27,Business,,21.52%,067xx,CT,< 1 year,0.0
5000.0,2018-09-27,Other,,5.89%,019xx,MA,< 1 year,0.0
25500.0,2018-09-27,Home buying,,18.58%,334xx,FL,< 1 year,0.0
5000.0,2018-09-28,Debt consolidation,,24.69%,655xx,MO,< 1 year,0.0
7500.0,2018-09-28,Major purchase,,23.72%,941xx,CA,< 1 year,0.0
16250.0,2018-09-28,Credit card refinancing,,100%,919xx,CA,< 1 year,0.0
15000.0,2018-09-29,Credit card refinancing,,43.82%,606xx,IL,< 1 year,0.0
3000.0,2018-09-29,Home buying,,4.41%,377xx,TN,< 1 year,0.0
30000.0,2018-09-29,Other,,27.76%,486xx,MI,< 1 year,0.0
3000.0,2018-09-30,Debt consolidation,,54.18%,331xx,FL,< 1 year,0.0
15000.0,2018-09-30,Debt consolidation,,49.65%,352xx,AL,< 1 year,0.0
10000.0,2013-01-09,other,656.0,18.46%,750xx,TX,< 1 year,0.0
25000.0,2013-01-12,debt_consolidation,712.0,42.76%,164xx,PA,< 1 year,0.0
5000.0,2013-01-17,other,634.0,21.47%,354xx,AL,< 1 year,0.0
4000.0,2013-01-20,house,731.0,43.64%,451xx,OH,< 1 year,0.0
15000.0,2013-02-11,Debt consolidation,702.0,21.6%,956xx,CA,,0.0
17000.0,2013-02-19,debt_consolidation,659.0,38.08%,370xx,TN,< 1 year,0.0
33000.0,2013-02-21,debt_consolidation,655.0,41.94%,786xx,TX,< 1 year,0.0
35000.0,2013-02-26,debt_consolidation,621.0,30.07%,120xx,NY,< 1 year,0.0
8000.0,2013-03-01,credit_card,569.0,13.27%,019xx,MA,< 1 year,0.0
15000.0,2013-03-08,debt_consolidation,667.0,36.56%,070xx,NJ,< 1 year,0.0
25000.0,2013-03-13,credit_card,635.0,15.34%,495xx,MI,< 1 year,0.0
20000.0,2013-03-22,other,713.0,24.76%,337xx,FL,< 1 year,0.0
1500.0,2013-03-23,other,498.0,0%,237xx,VA,< 1 year,0.0
35000.0,2013-03-25,debt_consolidation,656.0,17.15%,951xx,CA,< 1 year,0.0
10000.0,2013-04-03,home_improvement,713.0,47.15%,713xx,LA,< 1 year,0.0
24000.0,2013-04-06,car,707.0,2.84%,088xx,NJ,< 1 year,0.0
10000.0,2013-04-13,home_improvement,659.0,16.09%,282xx,NC,< 1 year,0.0
25000.0,2013-04-14,debt_consolidation,605.0,19.47%,765xx,TX,< 1 year,0.0
10000.0,2013-04-18,debt_consolidation,553.0,12.65%,117xx,NY,< 1 year,0.0
1000.0,2013-04-24,other,492.0,4.16%,770xx,TX,< 1 year,0.0
15000.0,2013-04-25,debt_consolidation,566.0,31.92%,743xx,OK,< 1 year,0.0
10000.0,2013-04-25,debt_consolidation,668.0,28.72%,236xx,VA,< 1 year,0.0
2500.0,2013-04-26,debt_consolidation,597.0,17.07%,473xx,IN,< 1 year,0.0
15000.0,2013-05-05,home_improvement,642.0,5.17%,850xx,AZ,< 1 year,0.0
15000.0,2013-05-06,debt consolidation,686.0,15.8%,826xx,WY,10+ years,0.0
25000.0,2013-05-06,major_purchase,700.0,38.87%,541xx,WI,< 1 year,0.0
10000.0,2013-05-08,other,0.0,0%,443xx,OH,< 1 year,0.0
2000.0,2013-05-08,car,542.0,9.07%,080xx,NJ,< 1 year,0.0
20000.0,2013-05-11,debt_consolidation,632.0,18.29%,554xx,MN,< 1 year,0.0
24000.0,2013-05-11,credit_card,703.0,32.78%,065xx,CT,< 1 year,0.0
1500.0,2013-05-22,moving,600.0,25.64%,327xx,FL,< 1 year,0.0
7000.0,2013-05-23,other,644.0,4.89%,358xx,AL,< 1 year,0.0
15000.0,2013-05-27,debt_consolidation,640.0,17.68%,945xx,CA,< 1 year,0.0
1000.0,2013-05-28,major_purchase,539.0,13.5%,245xx,VA,< 1 year,0.0
10000.0,2013-05-29,debt_consolidation,631.0,12.95%,900xx,CA,< 1 year,0.0
20000.0,2013-05-31,home_improvement,476.0,0.91%,336xx,FL,< 1 year,0.0
35000.0,2013-06-01,debt_consolidation,641.0,26.69%,722xx,AR,< 1 year,0.0
1500.0,2013-06-05,other,569.0,19.24%,365xx,AL,< 1 year,0.0
35000.0,2013-06-12,debt_consolidation,769.0,39.02%,917xx,CA,< 1 year,0.0
25000.0,2013-06-12,debt_consolidation,665.0,15.49%,170xx,PA,< 1 year,0.0
2500.0,2013-06-13,other,582.0,44.7%,446xx,OH,< 1 year,0.0
15000.0,2013-06-13,debt_consolidation,630.0,46.18%,956xx,CA,< 1 year,0.0
1000.0,2013-06-15,car,514.0,5.5%,760xx,TX,< 1 year,0.0
2000.0,2013-06-17,vacation,570.0,7.9%,064xx,CT,< 1 year,0.0
4500.0,2013-06-18,debt_consolidation,617.0,20.16%,953xx,CA,< 1 year,0.0
25000.0,2013-06-20,debt_consolidation,609.0,34.1%,955xx,CA,< 1 year,0.0
15000.0,2013-06-23,credit_card,626.0,13.02%,333xx,FL,< 1 year,0.0
20000.0,2013-06-24,debt_consolidation,694.0,31.83%,560xx,MN,10+ years,0.0
1600.0,2013-06-24,debt_consolidation,495.0,3.77%,917xx,CA,< 1 year,0.0
18000.0,2013-06-27,debt_consolidation,687.0,4.78%,313xx,GA,< 1 year,0.0
35000.0,2013-06-27,small_business,678.0,0.27%,274xx,NC,< 1 year,0.0
7500.0,2013-07-06,debt_consolidation,621.0,7.2%,935xx,CA,< 1 year,0.0
15000.0,2013-07-08,debt_consolidation,549.0,15.84%,104xx,NY,< 1 year,0.0
1000.0,2013-07-08,credit_card,710.0,4.94%,945xx,CA,< 1 year,0.0
5000.0,2013-07-09,credit_card,673.0,22.34%,100xx,NY,< 1 year,0.0
20000.0,2013-07-11,debt_consolidation,674.0,56.59%,722xx,AR,< 1 year,0.0
17000.0,2013-07-11,debt_consolidation,643.0,20.47%,891xx,NV,7 years,0.0
35000.0,2013-07-15,debt_consolidation,708.0,72.17%,371xx,TN,< 1 year,0.0
13000.0,2013-07-22,debt_consolidation,603.0,11.96%,778xx,TX,< 1 year,0.0
35000.0,2013-07-24,debt_consolidation,658.0,37.89%,473xx,IN,< 1 year,0.0
35000.0,2013-07-24,debt consolidation,700.0,31.94%,367xx,AL,< 1 year,0.0
15000.0,2013-07-24,debt_consolidation,648.0,8.98%,662xx,KS,< 1 year,0.0
7000.0,2013-07-24,credit_card,653.0,23.76%,481xx,MI,< 1 year,0.0
10500.0,2013-07-26,credit_card,663.0,56.91%,857xx,AZ,< 1 year,0.0
7000.0,2013-07-27,other,644.0,21.92%,142xx,NY,< 1 year,0.0
3000.0,2013-07-29,vacation,608.0,15.46%,021xx,MA,< 1 year,0.0
25000.0,2013-07-30,other,613.0,14.67%,770xx,TX,1 year,0.0
2000.0,2013-08-01,major_purchase,552.0,19.85%,752xx,TX,< 1 year,0.0
1000.0,2013-08-06,debt_consolidation,650.0,19.32%,238xx,VA,< 1 year,0.0
3000.0,2013-08-07,car,515.0,3.79%,490xx,MI,< 1 year,0.0
20000.0,2013-08-08,home_improvement,566.0,18.51%,381xx,TN,< 1 year,0.0
5000.0,2013-08-08,debt_consolidation,615.0,15.49%,890xx,NV,< 1 year,0.0
6000.0,2013-08-11,debt_consolidation,603.0,0.56%,968xx,HI,< 1 year,0.0
10000.0,2013-08-16,debt_consolidation,545.0,21.01%,344xx,FL,< 1 year,0.0
35000.0,2013-08-17,home_improvement,799.0,1.56%,631xx,MO,5 years,0.0
20000.0,2013-08-20,debt_consolidation,673.0,23%,377xx,TN,< 1 year,0.0
5000.0,2013-08-21,small_business,698.0,36.21%,492xx,MI,< 1 year,0.0
25000.0,2013-08-22,debt_consolidation,653.0,14.68%,770xx,TX,< 1 year,0.0
5000.0,2013-08-23,other,670.0,38.07%,921xx,CA,5 years,0.0
23000.0,2013-09-05,debt_consolidation,661.0,35.45%,232xx,VA,< 1 year,0.0
5000.0,2013-09-05,debt_consolidation,587.0,6.58%,957xx,CA,< 1 year,0.0
5000.0,2013-09-08,vacation,551.0,91.2%,301xx,GA,< 1 year,0.0
15000.0,2013-09-09,debt_consolidation,643.0,32.54%,381xx,TN,< 1 year,0.0
35000.0,2013-09-09,credit_card,669.0,43.89%,220xx,VA,< 1 year,0.0
30000.0,2013-09-09,debt_consolidation,580.0,3.93%,070xx,NJ,< 1 year,0.0
3000.0,2013-09-09,medical,491.0,1.27%,461xx,IN,< 1 year,0.0
35000.0,2013-09-10,debt_consolidation,581.0,16.62%,605xx,IL,< 1 year,0.0
10000.0,2013-09-10,debt_consolidation,644.0,24.83%,328xx,FL,< 1 year,0.0
1000.0,2013-09-13,medical,542.0,11.54%,652xx,MO,< 1 year,0.0
35000.0,2013-09-13,debt_consolidation,696.0,74.36%,027xx,MA,< 1 year,0.0
1000.0,2013-09-16,other,582.0,3.87%,356xx,AL,10+ years,0.0
5500.0,2013-09-22,debt_consolidation,504.0,18.43%,611xx,IL,< 1 year,0.0
32000.0,2013-09-23,Credit card refinancing,746.0,27.69%,136xx,NY,10+ years,0.0
7000.0,2013-09-26,home_improvement,0.0,0%,190xx,PA,< 1 year,0.0
10000.0,2013-10-04,credit_card,620.0,17.54%,462xx,IN,< 1 year,0.0
20000.0,2013-10-08,credit_card,705.0,37.35%,201xx,VA,< 1 year,0.0
10000.0,2013-10-11,car,653.0,33.51%,607xx,IL,< 1 year,0.0
2000.0,2013-10-14,other,663.0,1.2%,630xx,MO,< 1 year,0.0
20000.0,2013-10-15,debt_consolidation,676.0,52.79%,312xx,GA,< 1 year,0.0
16000.0,2013-10-15,credit_card,692.0,56.17%,141xx,NY,< 1 year,0.0
5000.0,2013-10-15,other,645.0,10.68%,323xx,FL,< 1 year,0.0
5000.0,2013-10-18,other,454.0,2.47%,245xx,VA,3 years,0.0
1400.0,2013-10-20,credit_card,0.0,0%,361xx,AL,< 1 year,0.0
1000.0,2013-10-21,other,497.0,24.29%,622xx,IL,< 1 year,0.0
2500.0,2013-10-24,credit_card,671.0,40.89%,903xx,CA,< 1 year,0.0
25000.0,2013-10-25,debt_consolidation,633.0,24.14%,315xx,GA,< 1 year,0.0
15000.0,2013-10-30,debt_consolidation,626.0,15.25%,105xx,NY,< 1 year,0.0
5000.0,2013-10-30,other,580.0,2.42%,232xx,VA,< 1 year,0.0
5000.0,2013-10-31,home_improvement,549.0,31.3%,631xx,MO,< 1 year,0.0
35000.0,2013-11-08,debt_consolidation,650.0,165.54%,217xx,MD,,0.0
25000.0,2013-11-09,debt_consolidation,709.0,37.62%,373xx,TN,< 1 year,0.0
3500.0,2013-11-12,major_purchase,700.0,4.38%,285xx,NC,5 years,0.0
1000.0,2013-11-19,Other,781.0,22.8%,333xx,FL,2 years,0.0
35000.0,2013-12-06,KingmanLoan,652.0,12.81%,015xx,MA,10+ years,0.0
20000.0,2013-12-07,credit_card,633.0,33.2%,234xx,VA,< 1 year,0.0
10000.0,2013-12-09,credit_card,503.0,9.29%,604xx,IL,< 1 year,0.0
5000.0,2013-12-09,other,569.0,20.77%,402xx,KY,10+ years,0.0
25000.0,2013-12-10,debt_consolidation,633.0,22.22%,775xx,TX,< 1 year,0.0
2500.0,2013-12-12,debt_consolidation,605.0,14.93%,307xx,GA,< 1 year,0.0
20000.0,2013-12-12,debt_consolidation,644.0,24.46%,141xx,NY,10+ years,0.0
35000.0,2013-12-13,debt_consolidation,639.0,42.55%,711xx,LA,< 1 year,0.0
30000.0,2013-12-13,debt_consolidation,686.0,40.52%,781xx,TX,< 1 year,0.0
1500.0,2013-12-14,medical,624.0,52.62%,291xx,SC,< 1 year,0.0
35000.0,2013-12-15,debt_consolidation,848.0,41.62%,967xx,HI,< 1 year,0.0
1500.0,2013-12-16,other,681.0,26.85%,770xx,TX,5 years,0.0
10000.0,2013-12-18,moving,501.0,18.63%,356xx,AL,10+ years,0.0
10000.0,2013-12-23,Other,658.0,15.1%,631xx,MO,10+ years,0.0
12000.0,2013-12-23,debt_consolidation,617.0,70.63%,773xx,TX,< 1 year,0.0
25000.0,2013-12-26,credit_card,600.0,20.34%,379xx,TN,< 1 year,0.0
35000.0,2013-12-27,debt_consolidation,619.0,85.98%,633xx,MO,< 1 year,0.0
20000.0,2013-12-27,colledge tuition,661.0,3.99%,104xx,NY,5 years,0.0
35000.0,2013-12-28,debt_consolidation,710.0,35.63%,142xx,NY,< 1 year,0.0
4000.0,2013-12-28,Moving and relocation,623.0,0.11%,927xx,CA,10+ years,0.0
10000.0,2013-12-30,debt_consolidation,501.0,2.55%,065xx,CT,10+ years,0.0
35000.0,2014-01-01,debt_consolidation,702.0,39.96%,441xx,OH,< 1 year,0.0
2500.0,2014-01-07,other,,0%,120xx,NY,< 1 year,0.0
8500.0,2014-01-07,debt_consolidation,644.0,28.57%,756xx,TX,< 1 year,0.0
5000.0,2014-01-08,home_improvement,638.0,32.07%,602xx,IL,10+ years,0.0
15000.0,2014-01-11,debt_consolidation,624.0,9.6%,088xx,NJ,< 1 year,0.0
35000.0,2014-01-14,other,679.0,46.27%,785xx,TX,< 1 year,0.0
10000.0,2014-01-18,debt_consolidation,720.0,8.72%,140xx,NY,< 1 year,0.0
1000.0,2014-01-20,other,,-1%,012xx,MA,< 1 year,0.0
10000.0,2014-01-21,debt_consolidation,681.0,7.68%,128xx,NY,< 1 year,0.0
1500.0,2014-01-21,small_business,683.0,29.84%,740xx,OK,< 1 year,0.0
3000.0,2014-01-22,Debt consolidation,639.0,24.14%,402xx,KY,10+ years,0.0
8000.0,2014-01-22,debt_consolidation,670.0,12.85%,723xx,AR,< 1 year,0.0
15000.0,2014-01-23,Debt consolidation,668.0,15.51%,294xx,SC,6 years,0.0
3000.0,2014-01-23,car,554.0,4%,330xx,FL,< 1 year,0.0
35000.0,2014-01-23,credit_card,561.0,21.7%,109xx,NY,< 1 year,0.0
10000.0,2014-01-24,credit_card,671.0,12.19%,470xx,IN,< 1 year,0.0
3000.0,2014-01-24,car,681.0,6.99%,916xx,CA,< 1 year,0.0
1000.0,2014-01-24,medical,522.0,2.46%,931xx,CA,< 1 year,0.0
15000.0,2014-01-27,Debt consolidation,634.0,4.92%,960xx,CA,10+ years,0.0
12000.0,2014-01-30,Debt consolidation,685.0,27.66%,230xx,VA,10+ years,0.0
1000.0,2014-01-30,major_purchase,615.0,-1%,654xx,MO,< 1 year,0.0
4000.0,2014-01-30,debt_consolidation,607.0,15.23%,300xx,GA,< 1 year,0.0
29000.0,2014-01-31,credit_card,647.0,33.48%,322xx,FL,< 1 year,0.0
35000.0,2014-02-03,credit_card,581.0,35.13%,077xx,NJ,< 1 year,0.0
10000.0,2014-02-04,debt_consolidation,503.0,0.89%,541xx,WI,< 1 year,0.0
8000.0,2014-02-11,credit_card,712.0,56.29%,960xx,CA,< 1 year,0.0
4000.0,2014-02-12,credit_card,630.0,37.07%,787xx,TX,< 1 year,0.0
12000.0,2014-02-14,debt_consolidation,692.0,59.1%,880xx,NM,< 1 year,0.0
10000.0,2014-02-16,debt_consolidation,,-1%,410xx,KY,< 1 year,0.0
30000.0,2014-02-17,debt_consolidation,612.0,3.26%,288xx,NC,< 1 year,0.0
20000.0,2014-02-18,debt_consolidation,670.0,52.03%,207xx,MD,< 1 year,0.0
18000.0,2014-02-19,debt_consolidation,671.0,16.74%,760xx,TX,< 1 year,0.0
6000.0,2014-02-20,credit_card,573.0,17.06%,070xx,NJ,< 1 year,0.0
35000.0,2014-02-20,Other,732.0,8.91%,843xx,UT,10+ years,0.0
25000.0,2014-02-21,major_purchase,721.0,41.49%,785xx,TX,< 1 year,0.0
10000.0,2014-02-21,home_improvement,557.0,6%,935xx,CA,< 1 year,0.0
3000.0,2014-03-04,other,501.0,3.42%,775xx,TX,2 years,0.0
25000.0,2014-03-06,major_purchase,673.0,24.27%,561xx,MN,< 1 year,0.0
4500.0,2014-03-07,debt_consolidation,522.0,7.32%,080xx,NJ,< 1 year,0.0
20000.0,2014-03-10,credit_card,,-1%,070xx,NJ,< 1 year,0.0
5000.0,2014-03-12,debt_consolidation,501.0,21.12%,958xx,CA,< 1 year,0.0
32500.0,2014-03-13,small_business,667.0,15.58%,298xx,SC,< 1 year,0.0
25000.0,2014-03-13,debt_consolidation,667.0,42.66%,760xx,TX,< 1 year,0.0
15000.0,2014-03-14,credit_card,651.0,45.47%,852xx,AZ,< 1 year,0.0
3000.0,2014-03-15,other,633.0,0%,919xx,CA,< 1 year,0.0
26000.0,2014-03-15,debt_consolidation,691.0,28.59%,853xx,AZ,< 1 year,0.0
10000.0,2014-03-15,Debt consolidation,641.0,20.8%,452xx,OH,2 years,0.0
15000.0,2014-03-18,debt_consolidation,634.0,15.39%,283xx,NC,< 1 year,0.0
35000.0,2014-03-20,small_business,632.0,34%,080xx,NJ,< 1 year,0.0
35000.0,2014-03-20,credit_card,667.0,4.34%,300xx,GA,< 1 year,0.0
1000.0,2014-03-21,car,636.0,18.16%,730xx,OK,5 years,0.0
2500.0,2014-03-22,major_purchase,539.0,6.2%,175xx,PA,< 1 year,0.0
6000.0,2014-03-22,debt_consolidation,679.0,19.13%,554xx,MN,< 1 year,0.0
35000.0,2014-03-24,credit_card,666.0,72.95%,490xx,MI,< 1 year,0.0
1000.0,2014-03-25,credit_card,643.0,24.88%,460xx,IN,< 1 year,0.0
7200.0,2014-03-25,other,599.0,305.96%,601xx,IL,< 1 year,0.0
25000.0,2014-03-25,debt_consolidation,647.0,25.48%,305xx,GA,< 1 year,0.0
5000.0,2014-03-26,debt_consolidation,645.0,25.53%,432xx,OH,< 1 year,0.0
2000.0,2014-03-27,home_improvement,629.0,46.48%,251xx,WV,< 1 year,0.0
8000.0,2014-03-29,debt_consolidation,647.0,5.92%,303xx,GA,< 1 year,0.0
24000.0,2014-03-30,debt_consolidation,688.0,38.99%,919xx,CA,< 1 year,0.0
15000.0,2014-03-30,other,670.0,0%,076xx,NJ,< 1 year,0.0
3000.0,2014-03-31,other,598.0,43.36%,042xx,MA,< 1 year,0.0
10000.0,2014-04-03,Debt consolidation,727.0,10.29%,327xx,FL,4 years,0.0
5000.0,2014-04-04,major_purchase,637.0,7.71%,180xx,PA,< 1 year,0.0
10000.0,2014-04-07,car,701.0,1.36%,631xx,MO,< 1 year,0.0
2000.0,2014-04-09,other,666.0,32.07%,139xx,NY,< 1 year,0.0
5000.0,2014-04-09,credit_card,553.0,9999%,722xx,AR,< 1 year,0.0
25000.0,2014-04-10,home_improvement,669.0,39.62%,283xx,NC,< 1 year,0.0
13000.0,2014-04-11,credit_card,711.0,58.76%,330xx,FL,< 1 year,0.0
1000.0,2014-04-12,car,697.0,88.8%,787xx,TX,< 1 year,0.0
12000.0,2014-04-12,debt_consolidation,666.0,40.37%,631xx,MO,< 1 year,0.0
15000.0,2014-04-14,credit_card,750.0,22.17%,936xx,CA,< 1 year,0.0
5000.0,2014-04-14,Credit card refinancing,666.0,8.31%,604xx,IL,8 years,0.0
35000.0,2014-04-15,debt_consolidation,671.0,22.65%,853xx,AZ,< 1 year,0.0
5000.0,2014-04-19,car,501.0,1.5%,557xx,MN,< 1 year,0.0
1000.0,2014-04-21,car,568.0,1.69%,722xx,AR,< 1 year,0.0
5000.0,2014-04-23,other,527.0,25.34%,432xx,OH,< 1 year,0.0
5000.0,2014-04-23,credit_card,501.0,55.65%,793xx,TX,< 1 year,0.0
1000.0,2014-04-23,medical,524.0,104.76%,932xx,CA,< 1 year,0.0
4000.0,2014-04-25,car,687.0,458.5%,300xx,GA,< 1 year,0.0
12000.0,2014-04-26,credit_card,612.0,7.07%,208xx,MD,< 1 year,0.0
13000.0,2014-04-28,moving,651.0,24.02%,136xx,NY,< 1 year,0.0
2500.0,2014-04-29,debt_consolidation,587.0,23.88%,087xx,NJ,< 1 year,0.0
30000.0,2014-05-01,home_improvement,648.0,18.89%,467xx,IN,< 1 year,0.0
7000.0,2014-05-02,debt_consolidation,666.0,68.38%,234xx,VA,< 1 year,0.0
2700.0,2014-05-04,debt_consolidation,611.0,13.32%,490xx,MI,< 1 year,0.0
35000.0,2014-05-07,debt_consolidation,684.0,14.11%,300xx,GA,< 1 year,0.0
2700.0,2014-05-07,debt_consolidation,600.0,493.41%,853xx,AZ,< 1 year,0.0
5500.0,2014-05-08,debt_consolidation,563.0,20.21%,559xx,MN,< 1 year,0.0
9000.0,2014-05-09,debt_consolidation,637.0,42.98%,806xx,CO,< 1 year,0.0
1000.0,2014-05-12,other,501.0,16.41%,023xx,MA,< 1 year,0.0
35000.0,2014-05-13,debt_consolidation,731.0,10.25%,412xx,KY,< 1 year,0.0
35000.0,2014-05-13,credit_card,630.0,64.18%,546xx,WI,< 1 year,0.0
15000.0,2014-05-14,Other,742.0,6.9%,084xx,NJ,< 1 year,0.0
12000.0,2014-05-15,major_purchase,647.0,0.53%,117xx,NY,< 1 year,0.0
35000.0,2014-05-17,home_improvement,675.0,33.57%,347xx,FL,< 1 year,0.0
1000.0,2014-05-18,moving,635.0,2.61%,664xx,KS,< 1 year,0.0
11200.0,2014-05-20,debt_consolidation,658.0,35.43%,124xx,NY,< 1 year,0.0
15000.0,2014-05-20,Credit card refinancing,682.0,11.46%,940xx,CA,10+ years,0.0
2000.0,2014-05-21,debt_consolidation,623.0,13.84%,925xx,CA,< 1 year,0.0
35000.0,2014-05-22,debt_consolidation,651.0,30.93%,776xx,TX,< 1 year,0.0
8000.0,2014-05-22,credit_card,563.0,52%,937xx,CA,< 1 year,0.0
5000.0,2014-05-23,other,605.0,37.6%,070xx,NJ,< 1 year,0.0
20000.0,2014-05-24,debt_consolidation,681.0,16.13%,290xx,SC,< 1 year,0.0
27000.0,2014-05-26,home_improvement,689.0,65.62%,134xx,NY,< 1 year,0.0
11000.0,2014-05-27,other,603.0,15.1%,754xx,TX,< 1 year,0.0
5000.0,2014-05-27,debt_consolidation,668.0,32.86%,857xx,AZ,< 1 year,0.0
3500.0,2014-05-28,other,504.0,0%,191xx,PA,< 1 year,0.0
3500.0,2014-06-02,major_purchase,501.0,12.16%,105xx,NY,< 1 year,0.0
3000.0,2014-06-03,debt_consolidation,541.0,0.91%,481xx,MI,< 1 year,0.0
10000.0,2014-06-03,credit_card,720.0,41%,112xx,NY,< 1 year,0.0
7700.0,2014-06-04,debt_consolidation,605.0,21.12%,933xx,CA,< 1 year,0.0
1000.0,2014-06-07,other,618.0,80.24%,760xx,TX,< 1 year,0.0
1000.0,2014-06-07,home_improvement,671.0,8.64%,760xx,TX,< 1 year,0.0
35000.0,2014-06-10,debt_consolidation,675.0,28.98%,983xx,WA,< 1 year,0.0
7000.0,2014-06-11,debt_consolidation,626.0,10.04%,617xx,IL,< 1 year,0.0
10000.0,2014-06-11,other,531.0,7.82%,079xx,NJ,< 1 year,0.0
4500.0,2014-06-11,debt_consolidation,644.0,67.92%,281xx,NC,< 1 year,0.0
15000.0,2014-06-16,credit_card,683.0,47.4%,331xx,FL,< 1 year,0.0
3500.0,2014-06-16,car,540.0,19.64%,631xx,MO,< 1 year,0.0
25000.0,2014-06-16,Business Loan,,-1%,088xx,NJ,< 1 year,0.0
10000.0,2014-06-17,car,687.0,5.8%,030xx,NH,< 1 year,0.0
6500.0,2014-06-18,debt_consolidation,733.0,32.76%,853xx,AZ,< 1 year,0.0
10000.0,2014-06-19,debt_consolidation,712.0,31.31%,658xx,MO,< 1 year,0.0
17000.0,2014-06-20,debt_consolidation,671.0,20.32%,334xx,FL,< 1 year,0.0
10000.0,2014-06-22,credit_card,,-1%,323xx,FL,< 1 year,0.0
2500.0,2014-06-22,debt_consolidation,623.0,363.14%,302xx,GA,< 1 year,0.0
20000.0,2014-06-22,credit_card,669.0,11.25%,076xx,NJ,< 1 year,0.0
20000.0,2014-06-23,debt_consolidation,,-1%,928xx,CA,< 1 year,0.0
30000.0,2014-06-24,credit_card,652.0,79.02%,380xx,TN,< 1 year,0.0
2000.0,2014-06-24,house,603.0,4.5%,080xx,NJ,< 1 year,0.0
2000.0,2014-06-27,debt_consolidation,,0%,070xx,NJ,< 1 year,0.0
16000.0,2014-06-28,credit_card,692.0,43%,281xx,NC,< 1 year,0.0
4000.0,2014-06-28,debt_consolidation,615.0,10.32%,011xx,MA,< 1 year,0.0
5000.0,2014-07-01,other,,-1%,465xx,IN,< 1 year,0.0
20000.0,2014-07-01,Debt consolidation,766.0,13.98%,970xx,OR,4 years,0.0
8000.0,2014-07-01,debt_consolidation,625.0,21.67%,083xx,NJ,< 1 year,0.0
1000.0,2014-07-01,other,,-1%,778xx,TX,< 1 year,0.0
7000.0,2014-07-01,car,599.0,1%,065xx,CT,5 years,0.0
12000.0,2014-07-02,debt_consolidation,626.0,22.65%,480xx,MI,5 years,0.0
2000.0,2014-07-02,debt_consolidation,,-1%,357xx,AL,< 1 year,0.0
10000.0,2014-07-03,debt_consolidation,,-1%,358xx,AL,< 1 year,0.0
25000.0,2014-07-04,credit_card,,-1%,111xx,NY,< 1 year,0.0
8000.0,2014-07-04,house,501.0,48.75%,432xx,OH,< 1 year,0.0
1500.0,2014-07-05,other,,-1%,902xx,CA,< 1 year,0.0
1500.0,2014-07-05,car,,-1%,729xx,AR,< 1 year,0.0
35000.0,2014-07-05,house,663.0,15.84%,274xx,NC,< 1 year,0.0
2000.0,2014-07-06,car,,0%,005xx,CT,< 1 year,0.0
2000.0,2014-07-07,moving,608.0,4.17%,323xx,FL,< 1 year,0.0
1000.0,2014-07-07,medical,573.0,37.55%,752xx,TX,< 1 year,0.0
30000.0,2014-07-07,debt_consolidation,674.0,87.44%,331xx,FL,< 1 year,0.0
8000.0,2014-07-07,debt_consolidation,692.0,9.45%,387xx,MS,< 1 year,0.0
5000.0,2014-07-08,debt_consolidation,612.0,6.17%,751xx,TX,< 1 year,0.0
5000.0,2014-07-09,major_purchase,549.0,32.18%,278xx,NC,< 1 year,0.0
10000.0,2014-07-09,debt_consolidation,723.0,50.28%,335xx,FL,5 years,0.0
2000.0,2014-07-09,other,567.0,16.76%,193xx,PA,< 1 year,0.0
30000.0,2014-07-10,Debt consolidation,,0%,917xx,CA,10+ years,2.0
12000.0,2014-07-11,debt_consolidation,678.0,19.81%,958xx,CA,< 1 year,0.0
11000.0,2014-07-12,debt_consolidation,606.0,15.75%,928xx,CA,< 1 year,0.0
20000.0,2014-07-12,debt_consolidation,604.0,8.85%,672xx,KS,< 1 year,0.0
25000.0,2014-07-13,Debt consolidation,712.0,17.19%,072xx,NJ,,0.0
12000.0,2014-07-13,debt_consolidation,567.0,52.6%,658xx,MO,< 1 year,0.0
12000.0,2014-07-14,debt_consolidation,661.0,17.73%,604xx,IL,< 1 year,0.0
35000.0,2014-07-14,home_improvement,672.0,31.55%,050xx,VT,< 1 year,0.0
22000.0,2014-07-14,home_improvement,663.0,17.16%,236xx,VA,< 1 year,0.0
1000.0,2014-07-14,other,521.0,1.8%,306xx,GA,< 1 year,0.0
4000.0,2014-07-14,credit_card,655.0,39.1%,932xx,CA,< 1 year,0.0
9000.0,2014-07-15,debt_consolidation,614.0,24.26%,370xx,TN,< 1 year,0.0
15000.0,2014-07-16,debt_consolidation,673.0,62.98%,291xx,SC,< 1 year,0.0
10000.0,2014-07-17,debt_consolidation,,-1%,610xx,IL,< 1 year,0.0
15000.0,2014-07-18,Credit card refinancing,696.0,20.41%,331xx,FL,4 years,0.0
5000.0,2014-07-19,major_purchase,526.0,9.6%,312xx,GA,< 1 year,0.0
35000.0,2014-07-19,credit_card,695.0,33.91%,799xx,TX,< 1 year,0.0
35000.0,2014-07-20,home_improvement,669.0,14.29%,300xx,GA,< 1 year,0.0
3500.0,2014-07-20,home_improvement,,-1%,620xx,IL,< 1 year,0.0
5000.0,2014-07-22,moving,530.0,31.5%,299xx,SC,< 1 year,0.0
1000.0,2014-07-23,other,,-1%,142xx,NY,< 1 year,0.0
25000.0,2014-07-23,debt_consolidation,652.0,122.71%,616xx,IL,< 1 year,0.0
6000.0,2014-07-23,debt_consolidation,501.0,146.23%,482xx,MI,< 1 year,0.0
30000.0,2014-07-24,debt_consolidation,,50.51%,656xx,MO,< 1 year,0.0
1000.0,2014-07-24,other,550.0,36.85%,388xx,MS,< 1 year,0.0
3000.0,2014-07-25,other,,-1%,210xx,MD,< 1 year,0.0
6000.0,2014-07-25,other,684.0,27.23%,400xx,KY,< 1 year,0.0
1800.0,2014-07-25,other,580.0,33.96%,606xx,IL,< 1 year,0.0
1000.0,2014-07-26,other,,0%,923xx,CA,< 1 year,0.0
3500.0,2014-07-29,small_business,612.0,113.87%,112xx,NY,< 1 year,0.0
3000.0,2014-07-29,debt_consolidation,,-1%,551xx,MN,< 1 year,0.0
2000.0,2014-07-29,debt_consolidation,,-1%,244xx,VA,< 1 year,0.0
10000.0,2014-07-31,debt_consolidation,639.0,18.04%,455xx,OH,< 1 year,0.0
15000.0,2014-07-31,debt_consolidation,,-1%,232xx,VA,< 1 year,0.0
19000.0,2014-08-04,other,,-1%,083xx,NJ,< 1 year,0.0
6000.0,2014-08-04,debt_consolidation,562.0,1%,995xx,AK,< 1 year,0.0
5000.0,2014-08-04,debt_consolidation,,-1%,029xx,RI,< 1 year,0.0
5000.0,2014-08-04,other,,-1%,190xx,PA,< 1 year,0.0
1000.0,2014-08-05,debt_consolidation,593.0,8.61%,604xx,IL,< 1 year,0.0
10000.0,2014-08-05,debt_consolidation,666.0,8.03%,374xx,TN,< 1 year,0.0
15000.0,2014-08-05,Moving and relocation,667.0,29.36%,564xx,MN,9 years,0.0
1000.0,2014-08-05,moving,,-1%,240xx,VA,< 1 year,0.0
1000.0,2014-08-05,car,567.0,25.23%,770xx,TX,< 1 year,0.0
3000.0,2014-08-06,other,,-1%,783xx,TX,< 1 year,0.0
1500.0,2014-08-06,debt_consolidation,501.0,4.91%,941xx,CA,< 1 year,0.0
20000.0,2014-08-07,car,726.0,1.31%,900xx,CA,5 years,0.0
1500.0,2014-08-10,home_improvement,594.0,13.92%,903xx,CA,< 1 year,0.0
10000.0,2014-08-10,moving,520.0,222.46%,468xx,IN,< 1 year,0.0
8000.0,2014-08-12,debt_consolidation,,-1%,960xx,CA,< 1 year,0.0
8500.0,2014-08-12,debt_consolidation,,-1%,604xx,IL,< 1 year,0.0
35000.0,2014-08-13,Debt consolidation,812.0,11.46%,150xx,PA,10+ years,0.0
3000.0,2014-08-15,other,,-1%,760xx,TX,< 1 year,0.0
6000.0,2014-08-15,major_purchase,693.0,3.44%,329xx,FL,5 years,0.0
35000.0,2014-08-16,Home buying,,0%,296xx,SC,4 years,2.0
5000.0,2014-08-17,other,717.0,13.87%,462xx,IN,< 1 year,0.0
17500.0,2014-08-17,debt_consolidation,,-1%,761xx,TX,< 1 year,0.0
15000.0,2014-08-19,Business Loan,,-1%,282xx,NC,< 1 year,0.0
2500.0,2014-08-19,debt_consolidation,,-1%,300xx,GA,< 1 year,0.0
2500.0,2014-08-19,debt_consolidation,,-1%,760xx,TX,< 1 year,0.0
10000.0,2014-08-20,home_improvement,,-1%,168xx,PA,< 1 year,0.0
1600.0,2014-08-22,moving,527.0,0.93%,752xx,TX,< 1 year,0.0
10000.0,2014-08-23,debt_consolidation,,-1%,233xx,VA,< 1 year,0.0
20000.0,2014-08-23,debt_consolidation,,-1%,236xx,VA,10+ years,0.0
1000.0,2014-08-25,other,509.0,38.37%,806xx,CO,< 1 year,0.0
4000.0,2014-08-26,vacation,710.0,22.86%,577xx,SD,< 1 year,0.0
25000.0,2014-08-27,small_business,,-1%,173xx,PA,< 1 year,0.0
15000.0,2014-08-27,debt_consolidation,503.0,29.13%,328xx,FL,< 1 year,0.0
1000.0,2014-08-28,debt_consolidation,,-1%,786xx,TX,< 1 year,0.0
25000.0,2014-08-29,Business,755.0,7.57%,117xx,NY,3 years,0.0
5000.0,2014-08-29,small_business,540.0,9.93%,284xx,NC,< 1 year,0.0
15000.0,2014-08-31,debt_consolidation,682.0,10.28%,934xx,CA,< 1 year,0.0
5000.0,2014-08-31,moving,609.0,0%,302xx,GA,< 1 year,0.0
6000.0,2014-09-01,debt_consolidation,607.0,7.8%,080xx,NJ,< 1 year,0.0
7500.0,2014-09-01,debt_consolidation,573.0,5.66%,974xx,OR,< 1 year,0.0
19000.0,2014-09-02,credit_card,,-1%,933xx,CA,< 1 year,0.0
1000.0,2014-09-02,moving,,-1%,207xx,MD,< 1 year,0.0
19500.0,2014-09-04,other,,-1%,215xx,MD,< 1 year,0.0
2000.0,2014-09-04,debt_consolidation,,-1%,064xx,CT,< 1 year,0.0
10000.0,2014-09-05,debt_consolidation,655.0,5.71%,452xx,OH,< 1 year,0.0
15000.0,2014-09-05,Home improvement,661.0,5.57%,028xx,RI,10+ years,0.0
2500.0,2014-09-07,medical,702.0,19.55%,752xx,TX,< 1 year,0.0
11000.0,2014-09-07,small_business,,-1%,070xx,NJ,< 1 year,0.0
15000.0,2014-09-08,debt_consolidation,,-1%,891xx,NV,< 1 year,0.0
1750.0,2014-09-09,Debt consolidation,,0%,481xx,MI,10+ years,2.0
8000.0,2014-09-09,debt_consolidation,,0%,236xx,VA,< 1 year,0.0
25000.0,2014-09-09,Debt consolidation,655.0,14.28%,104xx,NY,3 years,0.0
6000.0,2014-09-10,debt_consolidation,610.0,27.26%,454xx,OH,< 1 year,0.0
14000.0,2014-09-11,car,695.0,82.12%,894xx,NV,< 1 year,0.0
20000.0,2014-09-12,Business Loan,,-1%,443xx,OH,< 1 year,0.0
2000.0,2014-09-12,medical,590.0,0%,923xx,CA,< 1 year,0.0
28000.0,2014-09-12,credit_card,649.0,27.6%,730xx,OK,< 1 year,0.0
10000.0,2014-09-14,debt_consolidation,644.0,8.18%,088xx,NJ,< 1 year,0.0
20000.0,2014-09-15,debt_consolidation,601.0,14.25%,857xx,AZ,< 1 year,0.0
35000.0,2014-09-17,other,589.0,17.22%,975xx,OR,< 1 year,0.0
1500.0,2014-09-19,other,655.0,0%,302xx,GA,< 1 year,0.0
2500.0,2014-09-19,medical,675.0,16.64%,951xx,CA,< 1 year,0.0
6000.0,2014-09-20,debt_consolidation,565.0,7.76%,207xx,MD,< 1 year,0.0
2000.0,2014-09-20,debt_consolidation,652.0,0%,082xx,NJ,< 1 year,0.0
9000.0,2014-09-21,debt_consolidation,557.0,33.29%,281xx,NC,< 1 year,0.0
1500.0,2014-09-21,other,588.0,13.73%,292xx,SC,< 1 year,0.0
1000.0,2014-09-21,credit_card,544.0,5.19%,145xx,NY,< 1 year,0.0
5000.0,2014-09-21,debt_consolidation,595.0,20.35%,751xx,TX,< 1 year,0.0
5500.0,2014-09-22,other,663.0,43.09%,351xx,AL,5 years,0.0
6000.0,2014-09-23,Debt consolidation,733.0,31.24%,891xx,NV,< 1 year,0.0
35000.0,2014-09-24,home_improvement,681.0,15.67%,604xx,IL,< 1 year,0.0
7500.0,2014-09-24,debt_consolidation,810.0,25.49%,300xx,GA,< 1 year,0.0
25000.0,2014-09-24,debt_consolidation,613.0,25.59%,967xx,HI,< 1 year,0.0
15000.0,2014-09-25,debt_consolidation,582.0,37.74%,113xx,NY,< 1 year,0.0
5000.0,2014-09-26,medical,630.0,12.66%,852xx,AZ,< 1 year,0.0
12000.0,2014-09-27,credit_card,627.0,16.37%,342xx,FL,< 1 year,0.0
8000.0,2014-09-30,credit_card,591.0,13.43%,809xx,CO,< 1 year,0.0
12000.0,2014-10-01,debt_consolidation,657.0,24.06%,296xx,SC,< 1 year,0.0
11000.0,2014-10-01,debt_consolidation,649.0,16.98%,092xx,MA,< 1 year,0.0
1500.0,2014-10-02,debt_consolidation,611.0,15.91%,750xx,TX,< 1 year,0.0
1000.0,2014-10-02,renewable_energy,739.0,1.5%,852xx,AZ,< 1 year,0.0
20000.0,2014-10-02,credit_card,662.0,173.11%,871xx,NM,< 1 year,0.0
10000.0,2014-10-02,debt_consolidation,663.0,28.47%,935xx,CA,< 1 year,0.0
20000.0,2014-10-02,debt_consolidation,603.0,20.81%,300xx,GA,< 1 year,0.0
35000.0,2014-10-03,Debt consolidation,658.0,19.74%,953xx,CA,10+ years,0.0
1200.0,2014-10-05,moving,655.0,4.07%,765xx,TX,< 1 year,0.0
5000.0,2014-10-06,other,502.0,7.86%,238xx,VA,< 1 year,0.0
3500.0,2014-10-07,moving,625.0,1.58%,140xx,NY,< 1 year,0.0
3000.0,2014-10-07,credit_card,624.0,32.61%,651xx,MO,< 1 year,0.0
1200.0,2014-10-08,small_business,827.0,42.88%,631xx,MO,< 1 year,0.0
12000.0,2014-10-09,credit_card,652.0,31.6%,906xx,CA,< 1 year,0.0
35000.0,2014-10-09,credit_card,689.0,22.84%,450xx,OH,< 1 year,0.0
4600.0,2014-10-09,medical,512.0,738.17%,330xx,FL,< 1 year,0.0
12000.0,2014-10-10,medical,656.0,12.35%,282xx,NC,< 1 year,0.0
20000.0,2014-10-10,debt_consolidation,632.0,16.78%,762xx,TX,< 1 year,0.0
3000.0,2014-10-12,debt_consolidation,611.0,38.82%,330xx,FL,< 1 year,0.0
1200.0,2014-10-12,other,,0%,296xx,SC,< 1 year,0.0
17000.0,2014-10-13,other,559.0,10.44%,268xx,WV,< 1 year,0.0
20000.0,2014-10-13,Home buying,728.0,2.64%,201xx,VA,10+ years,0.0
5000.0,2014-10-14,debt_consolidation,586.0,35.98%,935xx,CA,< 1 year,0.0
2000.0,2014-10-14,debt_consolidation,600.0,2.55%,190xx,PA,< 1 year,0.0
2000.0,2014-10-14,medical,526.0,23.73%,442xx,OH,< 1 year,0.0
31000.0,2014-10-15,credit_card,664.0,40.66%,312xx,GA,< 1 year,0.0
12000.0,2014-10-15,Debt consolidation,666.0,25.13%,927xx,CA,10+ years,0.0
5000.0,2014-10-17,debt_consolidation,575.0,25.01%,770xx,TX,< 1 year,0.0
20000.0,2014-10-19,credit_card,643.0,31.4%,330xx,FL,< 1 year,0.0
35000.0,2014-10-19,debt_consolidation,673.0,25.32%,023xx,MA,< 1 year,0.0
1000.0,2014-10-19,debt_consolidation,563.0,6.28%,840xx,UT,< 1 year,0.0
10000.0,2014-10-20,debt_consolidation,618.0,10.95%,474xx,IN,< 1 year,0.0
5000.0,2014-10-20,debt_consolidation,569.0,11.91%,280xx,NC,< 1 year,0.0
1000.0,2014-10-20,moving,,-1%,958xx,CA,< 1 year,0.0
8000.0,2014-10-20,car,707.0,22.63%,214xx,MD,< 1 year,0.0
3600.0,2014-10-21,credit_card,580.0,11.71%,450xx,OH,< 1 year,0.0
10000.0,2014-10-21,debt_consolidation,732.0,268%,984xx,WA,< 1 year,0.0
2500.0,2014-10-21,other,598.0,20.84%,553xx,MN,< 1 year,0.0
11000.0,2014-10-22,debt_consolidation,642.0,14.77%,287xx,NC,< 1 year,0.0
8000.0,2014-10-22,debt_consolidation,645.0,6.75%,606xx,IL,< 1 year,0.0
4000.0,2014-10-24,credit_card,709.0,13.4%,394xx,MS,< 1 year,0.0
12000.0,2014-10-25,debt_consolidation,659.0,34.89%,453xx,OH,< 1 year,0.0
5000.0,2014-10-28,home_improvement,647.0,25.12%,283xx,NC,< 1 year,0.0
35000.0,2014-10-28,debt_consolidation,578.0,28.62%,070xx,NJ,< 1 year,0.0
2000.0,2014-10-28,medical,501.0,1.01%,386xx,MS,< 1 year,0.0
2000.0,2014-10-30,medical,563.0,18.91%,322xx,FL,< 1 year,0.0
1000.0,2014-10-30,medical,550.0,2.36%,770xx,TX,< 1 year,0.0
6000.0,2014-11-01,moving,533.0,3.28%,606xx,IL,< 1 year,0.0
35000.0,2014-11-02,debt_consolidation,634.0,9.65%,120xx,NY,5 years,0.0
15000.0,2014-11-02,medical,646.0,15.38%,786xx,TX,< 1 year,0.0
13500.0,2014-11-02,debt_consolidation,685.0,8.86%,760xx,TX,5 years,0.0
35000.0,2014-11-03,debt_consolidation,646.0,45.64%,451xx,OH,< 1 year,0.0
10000.0,2014-11-03,small_business,550.0,1%,339xx,FL,< 1 year,0.0
7000.0,2014-11-03,debt_consolidation,646.0,14.82%,212xx,MD,< 1 year,0.0
8000.0,2014-11-04,other,673.0,12.93%,294xx,SC,< 1 year,0.0
15000.0,2014-11-04,Business Loan,,-1%,716xx,AR,< 1 year,0.0
3500.0,2014-11-05,credit_card,723.0,13.39%,217xx,MD,< 1 year,0.0
10000.0,2014-11-05,debt_consolidation,625.0,35.23%,956xx,CA,< 1 year,0.0
20000.0,2014-11-05,Debt consolidation,680.0,16.14%,070xx,NJ,7 years,0.0
40000.0,2014-11-05,Business Loan,,-1%,922xx,CA,< 1 year,2.0
5000.0,2014-11-07,car,550.0,0%,394xx,MS,< 1 year,0.0
3200.0,2014-11-08,debt_consolidation,697.0,29.46%,409xx,KY,< 1 year,0.0
1000.0,2014-11-09,major_purchase,592.0,29.69%,625xx,IL,< 1 year,0.0
35000.0,2014-11-09,debt_consolidation,627.0,-1%,900xx,CA,5 years,0.0
4000.0,2014-11-10,car,562.0,0%,346xx,FL,< 1 year,0.0
7000.0,2014-11-10,Credit card refinancing,653.0,22.37%,181xx,PA,< 1 year,0.0
2000.0,2014-11-12,moving,697.0,0%,437xx,OH,< 1 year,0.0
9000.0,2014-11-12,Credit card refinancing,700.0,10.86%,928xx,CA,7 years,0.0
9000.0,2014-11-13,debt_consolidation,671.0,145.5%,959xx,CA,< 1 year,0.0
1000.0,2014-11-14,debt_consolidation,601.0,18.87%,306xx,GA,< 1 year,0.0
3000.0,2014-11-15,other,612.0,0%,138xx,NY,< 1 year,0.0
5000.0,2014-11-16,home_improvement,501.0,4.18%,670xx,KS,< 1 year,0.0
5500.0,2014-11-18,moving,501.0,8.1%,871xx,NM,< 1 year,0.0
7000.0,2014-11-19,debt_consolidation,547.0,31.84%,292xx,SC,< 1 year,0.0
10000.0,2014-11-19,debt_consolidation,615.0,58.1%,105xx,NY,< 1 year,0.0
35000.0,2014-11-20,major_purchase,591.0,19.25%,331xx,FL,< 1 year,0.0
1000.0,2014-11-21,medical,539.0,13.51%,781xx,TX,< 1 year,0.0
35000.0,2014-11-22,small_business,,-1%,981xx,WA,< 1 year,0.0
5000.0,2014-11-23,other,587.0,58.78%,245xx,VA,< 1 year,0.0
8000.0,2014-11-25,home_improvement,603.0,0.07%,300xx,GA,< 1 year,0.0
20000.0,2014-11-26,debt_consolidation,597.0,23.97%,291xx,SC,< 1 year,0.0
1000.0,2014-11-26,other,551.0,22.99%,454xx,OH,< 1 year,0.0
1000.0,2014-11-26,vacation,501.0,1.48%,112xx,NY,< 1 year,0.0
3000.0,2014-11-28,debt_consolidation,638.0,29.7%,613xx,IL,5 years,0.0
7900.0,2014-12-02,debt_consolidation,676.0,22.17%,796xx,TX,5 years,0.0
1000.0,2014-12-03,major_purchase,689.0,22.13%,173xx,PA,< 1 year,0.0
7500.0,2014-12-03,other,553.0,8.52%,925xx,CA,< 1 year,0.0
7000.0,2014-12-04,other,628.0,28.64%,112xx,NY,< 1 year,0.0
3500.0,2014-12-06,other,615.0,35.37%,930xx,CA,< 1 year,0.0
23000.0,2014-12-06,debt_consolidation,615.0,25.25%,294xx,SC,< 1 year,0.0
9000.0,2014-12-12,debt_consolidation,589.0,3.88%,141xx,NY,< 1 year,0.0
2500.0,2014-12-16,other,676.0,27.96%,467xx,IN,< 1 year,0.0
35000.0,2014-12-16,debt_consolidation,619.0,41.04%,628xx,IL,5 years,0.0
30000.0,2014-12-17,Business,800.0,6.8%,381xx,TN,10+ years,0.0
1500.0,2014-12-17,other,594.0,8.04%,809xx,CO,< 1 year,0.0
10000.0,2014-12-20,other,633.0,21.17%,469xx,IN,,0.0
14000.0,2014-12-20,car,572.0,0%,750xx,TX,< 1 year,0.0
30000.0,2014-12-22,debt_consolidation,629.0,25.86%,070xx,NJ,< 1 year,0.0
2900.0,2014-12-22,debt_consolidation,501.0,22.02%,801xx,CO,< 1 year,0.0
1000.0,2014-12-22,major_purchase,606.0,13.25%,390xx,MS,< 1 year,0.0
10000.0,2014-12-22,debt_consolidation,572.0,12.12%,206xx,MD,< 1 year,0.0
20000.0,2014-12-23,debt_consolidation,622.0,34.95%,891xx,NV,< 1 year,0.0
2500.0,2014-12-23,debt_consolidation,568.0,50.01%,853xx,AZ,< 1 year,0.0
1000.0,2014-12-23,car,622.0,76.25%,444xx,OH,< 1 year,0.0
20000.0,2014-12-28,small_business,679.0,0.86%,880xx,NM,< 1 year,0.0
2000.0,2014-12-29,debt_consolidation,630.0,34.53%,482xx,MI,< 1 year,0.0
4000.0,2014-12-30,debt_consolidation,616.0,1.51%,185xx,PA,< 1 year,0.0
9000.0,2014-12-31,other,524.0,27.21%,706xx,LA,< 1 year,0.0
1000.0,2018-01-02,Home improvement,625.0,51.61%,606xx,IL,< 1 year,0.0
1000.0,2018-01-02,Moving and relocation,,100%,960xx,CA,< 1 year,0.0
5000.0,2018-01-03,Credit card refinancing,684.0,304.82%,802xx,CO,< 1 year,0.0
20000.0,2018-01-03,Debt consolidation,605.0,28.3%,970xx,OR,< 1 year,0.0
40000.0,2018-01-03,Debt consolidation,613.0,71.94%,115xx,NY,< 1 year,0.0
5000.0,2018-01-03,Debt consolidation,587.0,4.66%,478xx,IN,< 1 year,0.0
40000.0,2018-01-04,Debt consolidation,,100%,088xx,NJ,< 1 year,0.0
2000.0,2018-01-04,Other,547.0,0%,387xx,MS,< 1 year,0.0
15000.0,2018-01-05,Debt consolidation,615.0,15.86%,142xx,NY,< 1 year,0.0
4000.0,2018-01-05,Other,561.0,3.22%,917xx,CA,< 1 year,0.0
30000.0,2018-01-05,Home buying,732.0,30.63%,853xx,AZ,< 1 year,0.0
30000.0,2018-01-06,Debt consolidation,654.0,15.85%,539xx,WI,< 1 year,0.0
7500.0,2018-01-06,Debt consolidation,744.0,64.7%,720xx,AR,< 1 year,0.0
40000.0,2018-01-06,Debt consolidation,682.0,40.76%,184xx,PA,< 1 year,0.0
2500.0,2018-01-07,Medical expenses,565.0,0%,028xx,RI,< 1 year,0.0
10000.0,2018-01-07,Debt consolidation,680.0,26.01%,538xx,WI,< 1 year,0.0
10000.0,2018-01-07,Debt consolidation,667.0,16.87%,750xx,TX,< 1 year,0.0
4000.0,2018-01-07,Other,648.0,6.48%,774xx,TX,< 1 year,0.0
15000.0,2018-01-07,Credit card refinancing,651.0,19.94%,956xx,CA,< 1 year,0.0
3000.0,2018-01-08,Debt consolidation,520.0,42.09%,350xx,AL,< 1 year,0.0
15000.0,2018-01-08,Debt consolidation,650.0,20.15%,339xx,FL,< 1 year,0.0
10000.0,2018-01-08,Other,594.0,8.43%,852xx,AZ,< 1 year,0.0
20000.0,2018-01-09,Car financing,683.0,27.35%,046xx,ME,< 1 year,0.0
7000.0,2018-01-09,Debt consolidation,692.0,32.31%,751xx,TX,< 1 year,0.0
7000.0,2018-01-09,Credit card refinancing,624.0,11.6%,030xx,NH,< 1 year,0.0
25000.0,2018-01-09,Debt consolidation,625.0,39.51%,740xx,OK,< 1 year,0.0
22000.0,2018-01-10,Credit card refinancing,679.0,15.44%,972xx,OR,< 1 year,0.0
10000.0,2018-01-10,Other,629.0,5.05%,303xx,GA,< 1 year,0.0
15000.0,2018-01-10,Debt consolidation,634.0,38.6%,756xx,TX,< 1 year,0.0
35000.0,2018-01-11,Credit card refinancing,640.0,29.66%,945xx,CA,< 1 year,0.0
5000.0,2018-01-11,Debt consolidation,549.0,0%,800xx,CO,< 1 year,0.0
5000.0,2018-01-11,Other,614.0,12.77%,770xx,TX,< 1 year,0.0
20000.0,2018-01-11,Debt consolidation,626.0,37.66%,200xx,DC,< 1 year,0.0
5000.0,2018-01-11,Business,651.0,14.95%,344xx,FL,10+ years,0.0
18500.0,2018-01-12,Debt consolidation,618.0,35.19%,628xx,IL,< 1 year,0.0
6000.0,2018-01-12,Home buying,655.0,10.6%,291xx,SC,< 1 year,0.0
3500.0,2018-01-14,Credit card refinancing,702.0,13.65%,550xx,MN,< 1 year,0.0
40000.0,2018-01-14,Debt consolidation,687.0,35.86%,760xx,TX,< 1 year,0.0
5000.0,2018-01-14,Other,606.0,0%,071xx,NJ,< 1 year,0.0
10000.0,2018-01-14,Credit card refinancing,634.0,10.07%,984xx,WA,< 1 year,0.0
25000.0,2018-01-15,Debt consolidation,,100%,278xx,NC,< 1 year,0.0
10000.0,2018-01-15,Debt consolidation,620.0,14.56%,481xx,MI,< 1 year,0.0
30000.0,2018-01-15,Debt consolidation,619.0,7.29%,410xx,KY,< 1 year,0.0
10000.0,2018-01-15,Credit card refinancing,664.0,18.34%,283xx,NC,< 1 year,0.0
40000.0,2018-01-16,Other,,100%,791xx,TX,< 1 year,0.0
20000.0,2018-01-16,Credit card refinancing,659.0,45.39%,787xx,TX,< 1 year,0.0
25000.0,2018-01-17,Credit card refinancing,619.0,27.35%,342xx,FL,< 1 year,0.0
7500.0,2018-01-17,Debt consolidation,682.0,11.5%,910xx,CA,7 years,0.0
40000.0,2018-01-17,Credit card refinancing,668.0,23.14%,986xx,WA,< 1 year,0.0
150000.0,2018-01-18,Business Loan,,-1%,463xx,IN,< 1 year,0.0
10000.0,2018-01-18,Credit card refinancing,,31.88%,531xx,WI,< 1 year,0.0
6000.0,2018-01-18,Major purchase,,100%,104xx,NY,< 1 year,0.0
3000.0,2018-01-18,Home improvement,,13.57%,347xx,FL,< 1 year,0.0
8000.0,2018-01-18,Debt consolidation,,40.91%,584xx,ND,< 1 year,0.0
5000.0,2018-01-18,Other,,0%,023xx,MA,< 1 year,0.0
2500.0,2018-01-19,Other,,100%,187xx,PA,< 1 year,0.0
10000.0,2018-01-19,Home improvement,,48.28%,125xx,NY,< 1 year,0.0
15000.0,2018-01-19,Debt consolidation,,27.88%,336xx,FL,< 1 year,0.0
20200.0,2018-01-19,Car financing,,100%,550xx,MN,< 1 year,0.0
1800.0,2018-01-20,Credit card refinancing,,20.31%,993xx,WA,4 years,2.0
20000.0,2018-01-20,Debt consolidation,,17.24%,190xx,PA,< 1 year,0.0
8000.0,2018-01-21,Debt consolidation,,5.6%,191xx,PA,< 1 year,0.0
1000.0,2018-01-21,Other,,17.89%,750xx,TX,< 1 year,0.0
11000.0,2018-01-22,Debt consolidation,,39.71%,383xx,TN,10+ years,0.0
5500.0,2018-01-22,Credit card refinancing,,25.89%,117xx,NY,< 1 year,0.0
5000.0,2018-01-22,Other,,100%,370xx,TN,< 1 year,0.0
20000.0,2018-01-22,Debt consolidation,675.0,36.53%,394xx,MS,< 1 year,0.0
1000.0,2018-01-23,Other,,81.75%,657xx,MO,< 1 year,0.0
20000.0,2018-01-24,Other,,15.72%,532xx,WI,< 1 year,0.0
1600.0,2018-01-24,Debt consolidation,,17.31%,902xx,CA,< 1 year,0.0
40000.0,2018-01-24,Other,,100%,432xx,OH,< 1 year,0.0
1500.0,2018-01-24,Medical expenses,,2.94%,313xx,GA,< 1 year,0.0
5000.0,2018-01-24,Credit card refinancing,,20.4%,986xx,WA,< 1 year,0.0
5000.0,2018-01-24,Debt consolidation,,36.34%,232xx,VA,< 1 year,0.0
11000.0,2018-01-25,Debt consolidation,,43.93%,344xx,FL,< 1 year,0.0
10000.0,2018-01-25,Credit card refinancing,,100%,760xx,TX,< 1 year,0.0
10000.0,2018-01-26,Debt consolidation,,63.8%,980xx,WA,< 1 year,0.0
10000.0,2018-01-27,Other,,21.09%,334xx,FL,< 1 year,0.0
35000.0,2018-01-28,Other,,0.24%,681xx,NE,< 1 year,0.0
10000.0,2018-01-28,Credit card refinancing,,100%,274xx,NC,< 1 year,0.0
20000.0,2018-01-28,Credit card refinancing,595.0,134.34%,598xx,MT,< 1 year,0.0
1500.0,2018-01-29,Debt consolidation,,31.67%,319xx,GA,< 1 year,0.0
10000.0,2018-01-29,Other,,90.56%,705xx,LA,< 1 year,0.0
1000.0,2018-01-29,Credit card refinancing,,4.78%,201xx,VA,< 1 year,0.0
25000.0,2018-01-30,Credit card refinancing,,43.42%,128xx,NY,< 1 year,0.0
5000.0,2018-01-30,Other,,1.84%,770xx,TX,< 1 year,0.0
35000.0,2018-01-30,Debt consolidation,,46.74%,604xx,IL,< 1 year,0.0
10000.0,2018-01-30,Other,,42.09%,790xx,TX,< 1 year,0.0
2500.0,2018-01-31,Credit card refinancing,,10.6%,725xx,AR,< 1 year,0.0
9000.0,2018-01-31,Debt consolidation,,31.63%,395xx,MS,< 1 year,0.0
2000.0,2018-01-31,Other,,268.28%,946xx,CA,< 1 year,0.0
35000.0,2018-01-31,Other,,100%,980xx,WA,< 1 year,0.0
5000.0,2018-01-31,Major purchase,,21.12%,950xx,CA,< 1 year,0.0
40000.0,2018-02-01,Other,,47.68%,601xx,IL,< 1 year,0.0
15000.0,2018-02-01,Debt consolidation,,21.9%,952xx,CA,< 1 year,0.0
15000.0,2018-02-01,Debt consolidation,,43.06%,900xx,CA,< 1 year,0.0
10000.0,2018-02-02,Debt consolidation,,14.15%,805xx,CO,< 1 year,0.0
10000.0,2018-02-02,Vacation,,5.12%,071xx,NJ,< 1 year,0.0
3000.0,2018-02-02,Other,,5.64%,900xx,CA,< 1 year,0.0
40000.0,2018-02-03,Vacation,,534.25%,430xx,OH,< 1 year,0.0
10000.0,2018-02-03,Debt consolidation,,46.05%,850xx,AZ,< 1 year,0.0
5000.0,2018-02-03,Other,,100%,433xx,OH,< 1 year,0.0
2000.0,2018-02-03,Major purchase,,32.79%,320xx,FL,< 1 year,0.0
7000.0,2018-02-04,Debt consolidation,,5.42%,945xx,CA,< 1 year,0.0
30000.0,2018-02-04,Debt consolidation,,8.68%,815xx,CO,< 1 year,0.0
15000.0,2018-02-05,Credit card refinancing,,100%,077xx,NJ,< 1 year,0.0
18000.0,2018-02-05,Car financing,,15.8%,217xx,MD,< 1 year,0.0
40000.0,2018-02-05,Debt consolidation,,9999%,401xx,KY,< 1 year,0.0
26000.0,2018-02-05,Debt consolidation,,11.42%,930xx,CA,< 1 year,0.0
10000.0,2018-02-05,Other,,16.51%,774xx,TX,< 1 year,0.0
40000.0,2018-02-06,Debt consolidation,,40.38%,357xx,AL,< 1 year,0.0
12000.0,2018-02-06,Car financing,634.0,0%,172xx,PA,< 1 year,0.0
5500.0,2018-02-07,Credit card refinancing,,24.91%,133xx,NY,< 1 year,0.0
7500.0,2018-02-07,Credit card refinancing,,11.52%,952xx,CA,< 1 year,0.0
5000.0,2018-02-08,Other,,6.62%,924xx,CA,< 1 year,0.0
10000.0,2018-02-08,Debt consolidation,,20.19%,172xx,PA,< 1 year,0.0
13500.0,2018-02-08,Major purchase,,5.42%,331xx,FL,< 1 year,0.0
3000.0,2018-02-09,Debt consolidation,,6.52%,763xx,TX,< 1 year,0.0
10000.0,2018-02-09,Credit card refinancing,,1.37%,543xx,WI,< 1 year,0.0
15000.0,2018-02-09,Debt consolidation,,11.57%,761xx,TX,< 1 year,0.0
3000.0,2018-02-10,Medical expenses,,9.63%,530xx,WI,< 1 year,0.0
11500.0,2018-02-10,Car financing,,5.67%,922xx,CA,< 1 year,0.0
1500.0,2018-02-10,Other,,9.09%,448xx,OH,< 1 year,0.0
22000.0,2018-02-10,Credit card refinancing,,37.04%,165xx,PA,< 1 year,0.0
20000.0,2018-02-11,Credit card refinancing,,22.88%,300xx,GA,< 1 year,0.0
3000.0,2018-02-12,Medical expenses,,23.78%,454xx,OH,< 1 year,0.0
20000.0,2018-02-12,Credit card refinancing,,17.23%,620xx,IL,< 1 year,0.0
10000.0,2018-02-12,Credit card refinancing,,9.72%,151xx,PA,< 1 year,0.0
10000.0,2018-02-12,Debt consolidation,,3.66%,462xx,IN,< 1 year,0.0
15000.0,2018-02-12,Credit card refinancing,,34.45%,750xx,TX,< 1 year,0.0
40000.0,2018-02-12,Major purchase,,6.63%,325xx,FL,< 1 year,0.0
9000.0,2018-02-12,Debt consolidation,,12.62%,840xx,UT,< 1 year,0.0
5000.0,2018-02-13,Debt consolidation,,23.94%,923xx,CA,< 1 year,0.0
10000.0,2018-02-13,Major purchase,,100%,250xx,WV,< 1 year,0.0
20000.0,2018-02-13,Debt consolidation,,18.46%,105xx,NY,< 1 year,0.0
15000.0,2018-02-14,Debt consolidation,,19.76%,038xx,NH,< 1 year,0.0
20000.0,2018-02-14,Debt consolidation,,540.49%,088xx,NJ,< 1 year,0.0
4800.0,2018-02-14,Other,,19.61%,440xx,OH,< 1 year,0.0
20000.0,2018-02-14,Credit card refinancing,,33.39%,785xx,TX,< 1 year,0.0
37000.0,2018-02-15,Debt consolidation,,15.41%,226xx,VA,< 1 year,0.0
16400.0,2018-02-15,Car financing,,100%,380xx,TN,,0.0
20000.0,2018-02-15,Major purchase,,0.85%,989xx,WA,< 1 year,0.0
8000.0,2018-02-15,Debt consolidation,,8.34%,130xx,NY,< 1 year,0.0
1000.0,2018-02-16,Other,,6.3%,307xx,GA,< 1 year,0.0
1600.0,2018-02-16,Home buying,,100%,481xx,MI,< 1 year,0.0
20000.0,2018-02-16,Credit card refinancing,,34.92%,208xx,MD,< 1 year,0.0
1000.0,2018-02-16,Debt consolidation,,0.83%,117xx,NY,< 1 year,0.0
5000.0,2018-02-16,Debt consolidation,,8.56%,381xx,TN,< 1 year,0.0
6000.0,2018-02-16,Debt consolidation,,9.56%,900xx,CA,< 1 year,0.0
40000.0,2018-02-17,Other,,22.44%,759xx,TX,,0.0
25000.0,2018-02-17,Debt consolidation,,56.36%,796xx,TX,< 1 year,0.0
2000.0,2018-02-18,Debt consolidation,,39.19%,741xx,OK,< 1 year,0.0
35000.0,2018-02-18,Debt consolidation,,100%,945xx,CA,< 1 year,0.0
6000.0,2018-02-19,Debt consolidation,,6.6%,774xx,TX,10+ years,0.0
10000.0,2018-02-19,Debt consolidation,,40.03%,973xx,OR,< 1 year,0.0
10000.0,2018-02-19,Debt consolidation,,64.37%,278xx,NC,< 1 year,0.0
2300.0,2018-02-19,Major purchase,,34.61%,302xx,GA,< 1 year,0.0
1200.0,2018-02-19,Other,,16.24%,333xx,FL,< 1 year,0.0
1400.0,2018-02-20,Other,,13.76%,381xx,TN,< 1 year,0.0
35000.0,2018-02-20,Debt consolidation,,36.9%,351xx,AL,< 1 year,0.0
25000.0,2018-02-20,Debt consolidation,,41.6%,326xx,FL,< 1 year,0.0
23000.0,2018-02-20,Debt consolidation,,100%,200xx,DC,< 1 year,0.0
20000.0,2018-02-20,Car financing,,22.83%,280xx,NC,< 1 year,0.0
10000.0,2018-02-20,Major purchase,,10%,922xx,CA,< 1 year,0.0
6000.0,2018-02-20,Moving and relocation,,1%,913xx,CA,< 1 year,0.0
2000.0,2018-02-21,Debt consolidation,,100%,750xx,TX,< 1 year,0.0
5000.0,2018-02-21,Other,,7.01%,444xx,OH,< 1 year,0.0
8000.0,2018-02-22,Debt consolidation,,29.69%,212xx,MD,< 1 year,0.0
5000.0,2018-02-22,Major purchase,562.0,29.75%,351xx,AL,< 1 year,0.0
1500.0,2018-02-22,Credit card refinancing,,1.69%,450xx,OH,< 1 year,0.0
25000.0,2018-02-22,Debt consolidation,602.0,37.83%,925xx,CA,< 1 year,0.0
2000.0,2018-02-23,Debt consolidation,,7.65%,972xx,OR,< 1 year,0.0
35000.0,2018-02-23,Other,,3.46%,640xx,MO,< 1 year,0.0
1500.0,2018-02-23,Moving and relocation,,1.29%,115xx,NY,< 1 year,0.0
5000.0,2018-02-24,Other,,8.01%,370xx,TN,< 1 year,0.0
5000.0,2018-02-24,Debt consolidation,,30.38%,236xx,VA,< 1 year,0.0
10000.0,2018-02-24,Medical expenses,,15.76%,581xx,ND,4 years,0.0
1000.0,2018-02-24,Moving and relocation,,1.07%,282xx,NC,< 1 year,0.0
3000.0,2018-02-24,Major purchase,,100%,400xx,KY,< 1 year,0.0
12000.0,2018-02-25,Debt consolidation,,2.13%,940xx,CA,4 years,0.0
15000.0,2018-02-25,Debt consolidation,,38%,720xx,AR,< 1 year,0.0
40000.0,2018-02-25,Major purchase,583.0,0%,381xx,TN,< 1 year,0.0
35000.0,2018-02-26,Home buying,,100%,724xx,AR,< 1 year,0.0
25000.0,2018-02-26,Debt consolidation,,34.08%,190xx,PA,< 1 year,0.0
3000.0,2018-02-27,Other,,1.71%,752xx,TX,< 1 year,0.0
30000.0,2018-02-27,Debt consolidation,,42.94%,300xx,GA,< 1 year,0.0
2500.0,2018-02-27,Debt consolidation,,14.48%,151xx,PA,2 years,0.0
20000.0,2018-02-27,Moving and relocation,,12.66%,763xx,TX,< 1 year,0.0
12500.0,2018-02-28,Moving and relocation,,100%,197xx,DE,< 1 year,0.0
1200.0,2018-02-28,Debt consolidation,,20.23%,210xx,MD,< 1 year,0.0
10000.0,2018-02-28,Credit card refinancing,,52.17%,338xx,FL,< 1 year,0.0
10000.0,2018-03-01,Debt consolidation,,28.09%,967xx,HI,< 1 year,0.0
6000.0,2018-03-01,Debt consolidation,,20%,916xx,CA,< 1 year,0.0
5000.0,2018-03-01,Debt consolidation,,11.65%,021xx,MA,< 1 year,0.0
15000.0,2018-03-01,Debt consolidation,,355.11%,554xx,MN,< 1 year,0.0
16000.0,2018-03-01,Debt consolidation,,7.17%,756xx,TX,< 1 year,0.0
8000.0,2018-03-01,Debt consolidation,,100%,553xx,MN,< 1 year,0.0
10000.0,2018-03-02,Credit card refinancing,,2.55%,606xx,IL,< 1 year,0.0
15000.0,2018-03-02,Debt consolidation,,13.26%,460xx,IN,< 1 year,0.0
2000.0,2018-03-02,Other,,13.13%,381xx,TN,< 1 year,0.0
22000.0,2018-03-02,Debt consolidation,,16.99%,914xx,CA,< 1 year,0.0
40000.0,2018-03-03,Debt consolidation,,100%,101xx,NY,< 1 year,0.0
30000.0,2018-03-03,Debt consolidation,,23.07%,852xx,AZ,< 1 year,0.0
10000.0,2018-03-03,Debt consolidation,,56.39%,860xx,AZ,< 1 year,0.0
25000.0,2018-03-03,Debt consolidation,,100%,481xx,MI,< 1 year,0.0
5000.0,2018-03-04,Debt consolidation,,18.13%,217xx,MD,< 1 year,0.0
15000.0,2018-03-04,Debt consolidation,,15.02%,331xx,FL,< 1 year,0.0
35000.0,2018-03-04,Other,,677.28%,914xx,CA,< 1 year,0.0
3000.0,2018-03-05,Other,,112.79%,585xx,ND,< 1 year,0.0
5000.0,2018-03-05,Home buying,,13.9%,212xx,MD,< 1 year,0.0
1000.0,2018-03-05,Major purchase,,32%,836xx,ID,< 1 year,0.0
40000.0,2018-03-05,Major purchase,,18.42%,745xx,OK,< 1 year,0.0
10000.0,2018-03-05,Other,,8.82%,731xx,OK,< 1 year,0.0
16000.0,2018-03-05,Debt consolidation,,33.49%,850xx,AZ,< 1 year,0.0
25000.0,2018-03-06,Debt consolidation,,44.53%,625xx,IL,< 1 year,0.0
20000.0,2018-03-06,Home improvement,,23.67%,349xx,FL,< 1 year,0.0
25000.0,2018-03-06,Other,,100%,775xx,TX,< 1 year,0.0
1400.0,2018-03-06,Other,,3162.67%,226xx,VA,< 1 year,0.0
35000.0,2018-03-06,Credit card refinancing,,38.5%,023xx,MA,< 1 year,0.0
40000.0,2018-03-07,Debt consolidation,,27.39%,765xx,TX,< 1 year,0.0
1500.0,2018-03-07,Other,,25.02%,100xx,NY,< 1 year,0.0
40000.0,2018-03-08,Debt consolidation,,29.53%,207xx,MD,< 1 year,0.0
15000.0,2018-03-08,Debt consolidation,,100%,276xx,NC,< 1 year,0.0
40000.0,2018-03-08,Debt consolidation,,65.69%,770xx,TX,< 1 year,0.0
12000.0,2018-03-09,Debt consolidation,,10.14%,628xx,IL,< 1 year,0.0
5000.0,2018-03-09,Credit card refinancing,,5.18%,112xx,NY,< 1 year,0.0
2000.0,2018-03-11,Other,,6.3%,914xx,CA,< 1 year,0.0
9000.0,2018-03-11,Credit card refinancing,,47.79%,401xx,KY,< 1 year,0.0
3000.0,2018-03-11,Other,,20.5%,200xx,DC,< 1 year,0.0
2500.0,2018-03-11,Other,,2.44%,923xx,CA,< 1 year,0.0
5000.0,2018-03-12,Credit card refinancing,,14.21%,240xx,VA,< 1 year,0.0
1000.0,2018-03-12,Debt consolidation,,4.2%,297xx,SC,< 1 year,0.0
10000.0,2018-03-12,Debt consolidation,,19.96%,806xx,CO,< 1 year,0.0
3000.0,2018-03-12,Other,,32.57%,063xx,CT,< 1 year,0.0
11000.0,2018-03-12,Credit card refinancing,,100%,891xx,NV,< 1 year,0.0
15000.0,2018-03-14,Credit card refinancing,,12.23%,330xx,FL,< 1 year,0.0
30000.0,2018-03-14,Debt consolidation,,36.38%,151xx,PA,< 1 year,0.0
5000.0,2018-03-14,Medical expenses,,0%,360xx,AL,< 1 year,0.0
12000.0,2018-03-14,Debt consolidation,,34.87%,199xx,DE,< 1 year,0.0
15000.0,2018-03-14,Debt consolidation,,37.84%,279xx,NC,< 1 year,0.0
2500.0,2018-03-14,Other,,33.49%,473xx,IN,,0.0
1000.0,2018-03-14,Debt consolidation,,14.06%,777xx,TX,< 1 year,0.0
20000.0,2018-03-14,Medical expenses,,13.02%,761xx,TX,< 1 year,0.0
10000.0,2018-03-15,Debt consolidation,,16.82%,995xx,AK,< 1 year,0.0
20000.0,2018-03-15,Debt consolidation,,19.35%,751xx,TX,< 1 year,0.0
30000.0,2018-03-15,Other,,5.16%,291xx,SC,< 1 year,0.0
10000.0,2018-03-15,Credit card refinancing,,41.12%,604xx,IL,< 1 year,0.0
2000.0,2018-03-15,Other,,29.83%,328xx,FL,< 1 year,0.0
25000.0,2018-03-15,Debt consolidation,,19.93%,853xx,AZ,< 1 year,0.0
10000.0,2018-03-15,Other,,17.53%,334xx,FL,< 1 year,0.0
8000.0,2018-03-16,Other,,11.22%,900xx,CA,< 1 year,0.0
25000.0,2018-03-16,Debt consolidation,,44.11%,900xx,CA,< 1 year,0.0
10000.0,2018-03-17,Credit card refinancing,,13.12%,851xx,AZ,< 1 year,0.0
13500.0,2018-03-18,Other,,24.9%,071xx,NJ,< 1 year,0.0
12000.0,2018-03-18,Debt consolidation,,22.63%,334xx,FL,< 1 year,0.0
10000.0,2018-03-19,Debt consolidation,,42.23%,380xx,TN,< 1 year,0.0
4000.0,2018-03-19,Other,,0%,482xx,MI,< 1 year,0.0
5000.0,2018-03-19,Other,,4.57%,104xx,NY,< 1 year,0.0
10000.0,2018-03-19,Home buying,,100%,801xx,CO,< 1 year,0.0
8000.0,2018-03-20,Home buying,,1.18%,960xx,CA,< 1 year,0.0
23150.0,2018-03-20,Credit card refinancing,,100%,327xx,FL,< 1 year,0.0
3500.0,2018-03-20,Other,,18.53%,430xx,OH,< 1 year,0.0
2000.0,2018-03-21,Debt consolidation,,0.36%,330xx,FL,< 1 year,0.0
100000.0,2018-03-21,Business Loan,,-1%,740xx,OK,< 1 year,0.0
10000.0,2018-03-21,Other,,13.47%,028xx,RI,4 years,0.0
5000.0,2018-03-21,Debt consolidation,,100%,930xx,CA,< 1 year,0.0
29325.0,2018-03-22,Credit card refinancing,,14.73%,220xx,VA,< 1 year,0.0
10000.0,2018-03-22,Credit card refinancing,,11.03%,100xx,NY,< 1 year,0.0
20000.0,2018-03-22,Credit card refinancing,,100%,972xx,OR,< 1 year,0.0
10000.0,2018-03-22,Credit card refinancing,,16.3%,796xx,TX,< 1 year,0.0
5000.0,2018-03-23,Other,,18.89%,919xx,CA,< 1 year,0.0
2000.0,2018-03-23,Debt consolidation,,3.41%,300xx,GA,< 1 year,0.0
10000.0,2018-03-23,Debt consolidation,,62.72%,683xx,NE,< 1 year,0.0
15200.0,2018-03-23,Debt consolidation,,42.43%,953xx,CA,< 1 year,0.0
1000.0,2018-03-24,Debt consolidation,,1.24%,604xx,IL,< 1 year,0.0
3600.0,2018-03-24,Medical expenses,,36.2%,775xx,TX,< 1 year,0.0
5000.0,2018-03-25,Debt consolidation,,24.57%,532xx,WI,< 1 year,0.0
2000.0,2018-03-25,Other,,0%,292xx,SC,< 1 year,0.0
7700.0,2018-03-26,Medical expenses,,0.76%,432xx,OH,< 1 year,0.0
15000.0,2018-03-26,Debt consolidation,,9.64%,864xx,AZ,< 1 year,0.0
7000.0,2018-03-27,Debt consolidation,,25.95%,454xx,OH,< 1 year,0.0
20000.0,2018-03-27,Debt consolidation,,17.68%,974xx,OR,< 1 year,0.0
10000.0,2018-03-27,Debt consolidation,,23.9%,945xx,CA,< 1 year,0.0
4000.0,2018-03-27,Home buying,,18.2%,700xx,LA,< 1 year,0.0
20000.0,2018-03-27,Debt consolidation,,21.63%,212xx,MD,< 1 year,0.0
13000.0,2018-03-27,Debt consolidation,,4.56%,914xx,CA,< 1 year,0.0
4000.0,2018-03-27,Debt consolidation,,6.26%,335xx,FL,< 1 year,0.0
30000.0,2018-03-27,Debt consolidation,,84.6%,301xx,GA,< 1 year,0.0
5000.0,2018-03-27,Credit card refinancing,,7.83%,104xx,NY,< 1 year,0.0
4500.0,2018-03-28,Debt consolidation,,0.79%,138xx,NY,< 1 year,0.0
15000.0,2018-03-28,Other,,15.75%,305xx,GA,< 1 year,0.0
5000.0,2018-03-28,Debt consolidation,,18.65%,187xx,PA,< 1 year,0.0
1500.0,2018-03-28,Other,,0%,922xx,CA,< 1 year,0.0
2000.0,2018-03-28,Debt consolidation,,20.51%,150xx,PA,< 1 year,0.0
10000.0,2018-03-28,Debt consolidation,,1.99%,606xx,IL,< 1 year,0.0
10000.0,2018-03-28,Debt consolidation,,24.14%,704xx,LA,< 1 year,0.0
15000.0,2018-03-29,Home improvement,,9.84%,334xx,FL,< 1 year,0.0
40000.0,2018-03-30,Home buying,,0%,458xx,OH,< 1 year,0.0
4000.0,2018-03-30,Debt consolidation,,22.7%,142xx,NY,< 1 year,0.0
1000.0,2018-03-30,Debt consolidation,,0%,932xx,CA,< 1 year,0.0
5000.0,2018-03-30,Debt consolidation,,47.57%,114xx,NY,< 1 year,0.0
2000.0,2018-03-31,Other,,16.56%,925xx,CA,< 1 year,0.0
1000.0,2018-03-31,Other,,100%,774xx,TX,< 1 year,0.0
2000.0,2018-03-31,Debt consolidation,,41.9%,750xx,TX,< 1 year,0.0
11000.0,2017-07-02,other,,10.56%,467xx,IN,< 1 year,0.0
5000.0,2017-07-02,Debt consolidation,598.0,24.19%,891xx,NV,< 1 year,0.0
34000.0,2017-07-03,debt_consolidation,,-1%,548xx,WI,< 1 year,0.0
10000.0,2017-07-03,debt_consolidation,,-1%,759xx,TX,5 years,0.0
2000.0,2017-07-03,Major purchase,634.0,0%,403xx,KY,< 1 year,0.0
1700.0,2017-07-04,credit_card,,14.72%,852xx,AZ,5 years,0.0
5000.0,2017-07-04,debt_consolidation,,37.68%,486xx,MI,4 years,0.0
5350.0,2017-07-04,debt_consolidation,,38.79%,103xx,NY,< 1 year,0.0
30000.0,2017-07-05,debt_consolidation,,39.56%,754xx,TX,< 1 year,0.0
5000.0,2017-07-05,major_purchase,,18.69%,330xx,FL,< 1 year,0.0
30000.0,2017-07-06,debt_consolidation,,15.46%,329xx,FL,2 years,0.0
25000.0,2017-07-07,Debt consolidation,668.0,58.86%,401xx,KY,< 1 year,0.0
1000.0,2017-07-07,car,,1.06%,486xx,MI,,0.0
1000.0,2017-07-07,other,568.0,2.89%,932xx,CA,5 years,0.0
1500.0,2017-07-07,Moving and relocation,,100%,370xx,TN,< 1 year,0.0
10000.0,2017-07-08,major_purchase,,15%,275xx,NC,< 1 year,0.0
20000.0,2017-07-08,debt_consolidation,,21.49%,551xx,MN,,0.0
27000.0,2017-07-08,debt_consolidation,,49.57%,975xx,OR,< 1 year,0.0
4000.0,2017-07-08,debt_consolidation,,-1%,492xx,MI,< 1 year,0.0
30000.0,2017-07-09,Home improvement,724.0,20.19%,020xx,MA,< 1 year,0.0
1000.0,2017-07-09,other,,2.68%,712xx,LA,5 years,0.0
23650.0,2017-07-09,Car financing,533.0,100%,761xx,TX,< 1 year,0.0
3500.0,2017-07-10,vacation,634.0,5.58%,285xx,NC,5 years,0.0
10000.0,2017-07-10,Debt consolidation,654.0,35.41%,296xx,SC,< 1 year,0.0
5000.0,2017-07-10,Other,558.0,2.86%,980xx,WA,< 1 year,0.0
5000.0,2017-07-11,Moving and relocation,709.0,2.2%,331xx,FL,< 1 year,0.0
1000.0,2017-07-11,car,,45.67%,446xx,OH,1 year,0.0
5000.0,2017-07-11,Medical expenses,585.0,4.54%,285xx,NC,< 1 year,0.0
40000.0,2017-07-11,debt_consolidation,,-1%,015xx,MA,< 1 year,0.0
15000.0,2017-07-12,debt_consolidation,,31.91%,983xx,WA,< 1 year,0.0
3000.0,2017-07-12,other,,1.48%,306xx,GA,1 year,0.0
10000.0,2017-07-12,Major purchase,821.0,41.51%,935xx,CA,< 1 year,0.0
5000.0,2017-07-12,moving,628.0,14.21%,946xx,CA,,0.0
10000.0,2017-07-13,debt_consolidation,,18.09%,626xx,IL,< 1 year,0.0
2500.0,2017-07-13,other,,29.32%,334xx,FL,1 year,0.0
30000.0,2017-07-13,Home improvement,727.0,52.74%,900xx,CA,< 1 year,0.0
3000.0,2017-07-13,moving,,8.55%,344xx,FL,5 years,0.0
4000.0,2017-07-14,other,,3.82%,438xx,OH,< 1 year,0.0
17000.0,2017-07-14,debt_consolidation,,17.66%,915xx,CA,< 1 year,0.0
5000.0,2017-07-14,other,,17.78%,670xx,KS,,0.0
4000.0,2017-07-14,debt_consolidation,,2.44%,890xx,NV,< 1 year,0.0
3500.0,2017-07-14,medical,,43.28%,117xx,NY,5 years,0.0
10000.0,2017-07-14,debt_consolidation,,14.64%,770xx,TX,< 1 year,0.0
4000.0,2017-07-15,credit_card,,21.92%,761xx,TX,5 years,0.0
9000.0,2017-07-15,debt_consolidation,,43.32%,295xx,SC,< 1 year,0.0
1500.0,2017-07-15,Other,655.0,23.26%,087xx,NJ,< 1 year,0.0
5000.0,2017-07-15,Car financing,501.0,3.17%,623xx,IL,< 1 year,0.0
30000.0,2017-07-15,Credit card refinancing,639.0,46.99%,840xx,UT,< 1 year,0.0
20000.0,2017-07-16,debt_consolidation,,28.18%,773xx,TX,< 1 year,0.0
8000.0,2017-07-16,car,,16.52%,010xx,MA,10+ years,0.0
1000.0,2017-07-17,Debt consolidation,501.0,21.52%,630xx,MO,< 1 year,0.0
1000.0,2017-07-17,debt_consolidation,,22.45%,730xx,OK,2 years,0.0
5000.0,2017-07-17,debt_consolidation,,19.26%,553xx,MN,< 1 year,0.0
2000.0,2017-07-17,Debt consolidation,501.0,6.85%,206xx,MD,< 1 year,0.0
4250.0,2017-07-17,Debt consolidation,566.0,350.86%,618xx,IL,< 1 year,0.0
2000.0,2017-07-18,major_purchase,,26.89%,466xx,IN,< 1 year,0.0
10000.0,2017-07-18,Debt consolidation,501.0,34.72%,917xx,CA,< 1 year,0.0
5000.0,2017-07-18,other,,10.14%,178xx,PA,3 years,0.0
25000.0,2017-07-18,debt_consolidation,,30.99%,997xx,AK,5 years,0.0
5000.0,2017-07-18,home_improvement,,14.3%,471xx,IN,5 years,0.0
10000.0,2017-07-19,Car financing,569.0,3.94%,015xx,MA,< 1 year,0.0
20400.0,2017-07-19,credit_card,,-1%,554xx,MN,5 years,0.0
10000.0,2017-07-19,Major purchase,691.0,34.96%,923xx,CA,< 1 year,0.0
2000.0,2017-07-19,car,,22.4%,363xx,AL,5 years,0.0
5000.0,2017-07-20,Home improvement,853.0,2.57%,282xx,NC,8 years,0.0
8000.0,2017-07-20,debt_consolidation,,23.04%,786xx,TX,< 1 year,0.0
10000.0,2017-07-20,Debt consolidation,642.0,34%,973xx,OR,< 1 year,0.0
30000.0,2017-07-20,credit_card,,10.89%,191xx,PA,5 years,0.0
3000.0,2017-07-20,Car financing,590.0,100%,956xx,CA,< 1 year,0.0
2500.0,2017-07-20,credit_card,,1.33%,104xx,NY,,0.0
5000.0,2017-07-21,other,,19.68%,786xx,TX,5 years,0.0
30000.0,2017-07-21,credit_card,,54.67%,310xx,GA,5 years,0.0
2000.0,2017-07-21,Medical expenses,,100%,750xx,TX,< 1 year,0.0
10000.0,2017-07-21,Debt consolidation,651.0,37.05%,690xx,NE,< 1 year,0.0
20000.0,2017-07-22,credit_card,,60.46%,456xx,OH,5 years,0.0
10000.0,2017-07-23,major_purchase,,3.17%,913xx,CA,< 1 year,0.0
60000.0,2017-07-24,Business Loan,,-1%,757xx,TX,< 1 year,0.0
10000.0,2017-07-24,home_improvement,,27.91%,941xx,CA,5 years,0.0
10000.0,2017-07-24,home_improvement,,9.91%,074xx,NJ,< 1 year,0.0
25000.0,2017-07-24,Credit card refinancing,613.0,8.1%,145xx,NY,< 1 year,0.0
2000.0,2017-07-24,debt_consolidation,,1.37%,207xx,MD,,0.0
2000.0,2017-07-24,debt_consolidation,,10.64%,917xx,CA,5 years,0.0
10000.0,2017-07-24,major_purchase,,2.95%,085xx,NJ,< 1 year,0.0
1000.0,2017-07-24,Other,606.0,40.33%,656xx,MO,< 1 year,0.0
20000.0,2017-07-25,other,,160.6%,769xx,TX,< 1 year,0.0
40000.0,2017-07-25,Credit card refinancing,655.0,15.36%,174xx,PA,< 1 year,0.0
20000.0,2017-07-25,Debt consolidation,663.0,11.64%,730xx,OK,< 1 year,0.0
5000.0,2017-07-25,other,,15.93%,212xx,MD,5 years,0.0
5000.0,2017-07-26,Debt consolidation,573.0,11.87%,300xx,GA,< 1 year,0.0
15000.0,2017-07-26,Debt consolidation,679.0,15.82%,920xx,CA,< 1 year,0.0
1600.0,2017-07-26,debt_consolidation,,23.49%,761xx,TX,< 1 year,0.0
6000.0,2017-07-26,medical,,0.25%,448xx,OH,,0.0
40000.0,2017-07-26,Debt consolidation,698.0,47.66%,286xx,NC,< 1 year,0.0
30000.0,2017-07-26,Debt consolidation,,100%,600xx,IL,< 1 year,0.0
27000.0,2017-07-26,debt_consolidation,,37.48%,025xx,MA,< 1 year,0.0
30000.0,2017-07-26,Debt consolidation,629.0,20.9%,112xx,NY,< 1 year,0.0
3000.0,2017-07-27,debt_consolidation,,15.4%,400xx,KY,< 1 year,0.0
30000.0,2017-07-27,major_purchase,,19.78%,355xx,AL,,0.0
1000.0,2017-07-27,major_purchase,,32.71%,784xx,TX,,0.0
3000.0,2017-07-27,Home buying,585.0,184.52%,774xx,TX,< 1 year,0.0
12500.0,2017-07-27,other,591.0,0%,300xx,GA,4 years,0.0
4600.0,2017-07-27,medical,,19.81%,925xx,CA,< 1 year,0.0
5000.0,2017-07-28,Debt consolidation,630.0,29.38%,316xx,GA,< 1 year,0.0
1000.0,2017-07-28,Other,659.0,46.56%,850xx,AZ,< 1 year,0.0
6000.0,2017-07-29,Vacation,697.0,17.34%,782xx,TX,< 1 year,0.0
10000.0,2017-07-30,major_purchase,,43.06%,463xx,IN,< 1 year,0.0
12775.0,2017-07-30,credit_card,,52.62%,480xx,MI,5 years,0.0
5000.0,2017-07-31,small_business,,0.71%,331xx,FL,< 1 year,0.0
3000.0,2017-07-31,vacation,,42.6%,316xx,GA,5 years,0.0
6000.0,2017-07-31,home_improvement,,17.59%,441xx,OH,< 1 year,0.0
1500.0,2017-07-31,Debt consolidation,501.0,19.24%,443xx,OH,< 1 year,0.0
10000.0,2017-07-31,debt_consolidation,,24.82%,015xx,MA,< 1 year,0.0
4000.0,2017-08-01,debt_consolidation,,20.02%,940xx,CA,< 1 year,0.0
30000.0,2017-08-01,Debt consolidation,647.0,34.69%,210xx,MD,< 1 year,0.0
2000.0,2017-08-01,credit_card,,13.18%,480xx,MI,5 years,0.0
1500.0,2017-08-01,Other,501.0,27.61%,610xx,IL,< 1 year,0.0
5000.0,2017-08-01,Other,738.0,31.8%,996xx,AK,10+ years,0.0
1000.0,2017-08-01,Vacation,529.0,10.56%,953xx,CA,< 1 year,0.0
10000.0,2017-08-02,debt_consolidation,,54.8%,158xx,PA,< 1 year,0.0
25000.0,2017-08-02,Debt consolidation,,100%,958xx,CA,< 1 year,0.0
30000.0,2017-08-02,Business Loan,,-1%,197xx,DE,< 1 year,0.0
10000.0,2017-08-02,Debt consolidation,652.0,22.61%,940xx,CA,< 1 year,0.0
30000.0,2017-08-02,debt_consolidation,,23.64%,686xx,NE,5 years,0.0
15000.0,2017-08-03,debt_consolidation,,55.29%,841xx,UT,< 1 year,0.0
5500.0,2017-08-03,Other,651.0,0%,908xx,CA,< 1 year,0.0
20000.0,2017-08-03,Other,634.0,23.53%,967xx,HI,< 1 year,0.0
3025.0,2017-08-03,Debt consolidation,629.0,58.1%,316xx,GA,< 1 year,0.0
3000.0,2017-08-03,other,,32.84%,368xx,AL,,0.0
10525.0,2017-08-04,Car financing,706.0,100%,722xx,AR,< 1 year,0.0
3000.0,2017-08-04,Other,570.0,18.03%,606xx,IL,< 1 year,0.0
25000.0,2017-08-04,debt_consolidation,,-1%,750xx,TX,5 years,0.0
2500.0,2017-08-05,debt_consolidation,,48.72%,840xx,UT,< 1 year,0.0
34775.0,2017-08-06,Car financing,581.0,100%,300xx,GA,< 1 year,0.0
10000.0,2017-08-07,debt_consolidation,,21.18%,330xx,FL,< 1 year,0.0
1000.0,2017-08-07,debt_consolidation,,23.5%,302xx,GA,5 years,0.0
25000.0,2017-08-08,debt_consolidation,,23.54%,945xx,CA,5 years,0.0
16000.0,2017-08-08,debt_consolidation,,58.89%,388xx,MS,,0.0
1500.0,2017-08-09,Medical expenses,612.0,8.26%,857xx,AZ,< 1 year,0.0
40000.0,2017-08-09,Debt consolidation,524.0,39.73%,179xx,PA,< 1 year,0.0
24000.0,2017-08-09,other,,12.61%,750xx,TX,5 years,0.0
1500.0,2017-08-09,other,,20.01%,925xx,CA,5 years,0.0
10000.0,2017-08-10,Major purchase,620.0,50.74%,481xx,MI,< 1 year,0.0
10000.0,2017-08-10,debt_consolidation,,28.26%,925xx,CA,< 1 year,0.0
5000.0,2017-08-11,car,,9.7%,945xx,CA,< 1 year,0.0
10000.0,2017-08-12,debt_consolidation,,28.74%,928xx,CA,< 1 year,0.0
20000.0,2017-08-12,Other,667.0,55.38%,783xx,TX,< 1 year,0.0
7500.0,2017-08-13,Credit card refinancing,688.0,15.84%,088xx,NJ,< 1 year,0.0
35000.0,2017-08-13,debt_consolidation,,86.67%,974xx,OR,5 years,0.0
6000.0,2017-08-13,Credit card refinancing,626.0,8.74%,770xx,TX,< 1 year,0.0
3025.0,2017-08-14,Debt consolidation,603.0,38.32%,303xx,GA,< 1 year,0.0
16500.0,2017-08-14,Medical expenses,505.0,22.91%,158xx,PA,< 1 year,0.0
25000.0,2017-08-15,home_improvement,,7.9%,800xx,CO,5 years,0.0
30000.0,2017-08-15,Credit card refinancing,729.0,31.92%,286xx,NC,< 1 year,0.0
10000.0,2017-08-15,small_business,,-1%,146xx,NY,5 years,0.0
6000.0,2017-08-15,major_purchase,,2.95%,113xx,NY,,0.0
2000.0,2017-08-15,credit_card,,15.92%,857xx,AZ,5 years,0.0
1000.0,2017-08-15,other,,10.1%,775xx,TX,< 1 year,0.0
23775.0,2017-08-15,Car financing,581.0,100%,871xx,NM,< 1 year,0.0
20000.0,2017-08-16,Debt consolidation,686.0,17.55%,900xx,CA,< 1 year,0.0
22000.0,2017-08-16,Debt consolidation,660.0,24.63%,550xx,MN,< 1 year,0.0
1100.0,2017-08-16,major_purchase,,53.24%,601xx,IL,,0.0
2500.0,2017-08-16,home_improvement,,37.79%,770xx,TX,,0.0
5000.0,2017-08-17,debt_consolidation,,25.31%,108xx,NY,5 years,0.0
1000.0,2017-08-17,debt_consolidation,,40.07%,900xx,CA,5 years,0.0
4000.0,2017-08-18,Debt consolidation,600.0,21.65%,895xx,NV,< 1 year,0.0
1500.0,2017-08-18,Debt consolidation,535.0,53.23%,452xx,OH,< 1 year,0.0
20000.0,2017-08-18,debt_consolidation,,31.65%,631xx,MO,< 1 year,0.0
1000.0,2017-08-18,vacation,,19.34%,461xx,IN,5 years,0.0
9000.0,2017-08-18,debt_consolidation,,10.76%,796xx,TX,< 1 year,0.0
10000.0,2017-08-19,Other,573.0,2.38%,914xx,CA,< 1 year,0.0
35000.0,2017-08-19,home_improvement,,6.68%,290xx,SC,< 1 year,0.0
3000.0,2017-08-20,debt_consolidation,,0%,322xx,FL,< 1 year,0.0
12000.0,2017-08-20,home_improvement,,19.52%,166xx,PA,5 years,0.0
17200.0,2017-08-20,Car financing,745.0,100%,760xx,TX,< 1 year,0.0
10000.0,2017-08-20,Other,,12.53%,067xx,CT,,0.0
16575.0,2017-08-21,credit_card,,40.17%,397xx,MS,5 years,0.0
22000.0,2017-08-21,major_purchase,,12.36%,302xx,GA,< 1 year,0.0
25000.0,2017-08-21,debt_consolidation,,13.55%,729xx,AR,< 1 year,0.0
7500.0,2017-08-22,major_purchase,,15.73%,190xx,PA,< 1 year,0.0
2000.0,2017-08-22,other,,0%,363xx,AL,< 1 year,0.0
10000.0,2017-08-22,Credit card refinancing,647.0,16.62%,460xx,IN,< 1 year,0.0
15550.0,2017-08-22,Car financing,738.0,100%,488xx,MI,< 1 year,0.0
5000.0,2017-08-22,debt_consolidation,,32.35%,780xx,TX,< 1 year,0.0
25000.0,2017-08-22,Car financing,600.0,6.91%,060xx,CT,< 1 year,0.0
5000.0,2017-08-22,debt_consolidation,,5.27%,723xx,AR,< 1 year,0.0
20000.0,2017-08-23,Debt consolidation,756.0,46.11%,430xx,OH,< 1 year,0.0
10000.0,2017-08-23,Other,597.0,13.69%,105xx,NY,< 1 year,0.0
40000.0,2017-08-23,Debt consolidation,669.0,41.61%,958xx,CA,< 1 year,0.0
10000.0,2017-08-23,Debt consolidation,693.0,12.08%,075xx,NJ,< 1 year,0.0
40000.0,2017-08-23,Debt consolidation,725.0,26.46%,956xx,CA,,0.0
1000.0,2017-08-24,medical,,13.96%,209xx,MD,5 years,0.0
10000.0,2017-08-24,Debt consolidation,626.0,48.87%,554xx,MN,< 1 year,0.0
10000.0,2017-08-24,debt_consolidation,,6.61%,235xx,VA,< 1 year,0.0
20000.0,2017-08-25,Other,,100%,083xx,NJ,< 1 year,0.0
4000.0,2017-08-25,debt_consolidation,,24.74%,114xx,NY,< 1 year,0.0
35000.0,2017-08-25,home_improvement,,18.28%,674xx,KS,5 years,0.0
20000.0,2017-08-25,Other,,100%,605xx,IL,< 1 year,0.0
2500.0,2017-08-26,debt_consolidation,,32.44%,983xx,WA,< 1 year,0.0
4000.0,2017-08-26,major_purchase,,3.27%,300xx,GA,5 years,0.0
1000.0,2017-08-26,Other,611.0,56.4%,921xx,CA,< 1 year,0.0
3000.0,2017-08-26,Other,668.0,15.55%,905xx,CA,< 1 year,0.0
13500.0,2017-08-27,Credit card refinancing,677.0,8.1%,915xx,CA,< 1 year,0.0
10000.0,2017-08-27,home_improvement,,0%,336xx,FL,5 years,0.0
2000.0,2017-08-28,Moving and relocation,631.0,1.5%,844xx,UT,< 1 year,0.0
5000.0,2017-08-28,other,,1.55%,230xx,VA,5 years,0.0
3000.0,2017-08-28,credit_card,,29.06%,320xx,FL,5 years,0.0
10000.0,2017-08-28,debt_consolidation,,21.05%,740xx,OK,< 1 year,0.0
15000.0,2017-08-29,Debt consolidation,,100%,483xx,MI,< 1 year,0.0
10150.0,2017-08-29,Car financing,643.0,100%,653xx,MO,< 1 year,0.0
4000.0,2017-08-29,Debt consolidation,502.0,16.63%,303xx,GA,< 1 year,0.0
20000.0,2017-08-29,Debt consolidation,698.0,5.92%,600xx,IL,10+ years,0.0
10000.0,2017-08-29,Credit card refinancing,598.0,9.91%,442xx,OH,< 1 year,0.0
4000.0,2017-08-29,other,,17.72%,810xx,CO,5 years,0.0
3000.0,2017-08-30,credit_card,,16.8%,782xx,TX,5 years,0.0
5000.0,2017-08-30,Debt consolidation,624.0,25.98%,300xx,GA,< 1 year,0.0
3500.0,2017-08-30,Debt consolidation,623.0,18.5%,395xx,MS,< 1 year,0.0
5000.0,2017-08-30,Debt consolidation,671.0,31.42%,240xx,VA,< 1 year,0.0
5000.0,2017-08-30,debt_consolidation,,13.75%,300xx,GA,5 years,0.0
1000.0,2017-08-30,Moving and relocation,304.0,7.06%,295xx,SC,< 1 year,0.0
20000.0,2017-08-30,debt_consolidation,,18.59%,727xx,AR,< 1 year,0.0
3000.0,2017-08-30,Car financing,619.0,0%,191xx,PA,< 1 year,0.0
2600.0,2017-08-31,other,,11.46%,920xx,CA,5 years,0.0
10000.0,2017-08-31,debt_consolidation,,28.67%,132xx,NY,< 1 year,0.0
5000.0,2017-09-01,Debt consolidation,663.0,29.11%,416xx,KY,< 1 year,0.0
40000.0,2017-09-01,Debt consolidation,657.0,26.64%,335xx,FL,< 1 year,0.0
8000.0,2017-09-01,debt_consolidation,,18.96%,923xx,CA,1 year,0.0
5000.0,2017-09-01,home_improvement,,0.6%,190xx,PA,< 1 year,0.0
30000.0,2017-09-02,Home buying,675.0,31.92%,913xx,CA,< 1 year,0.0
10000.0,2017-09-02,debt_consolidation,,12.06%,802xx,CO,< 1 year,0.0
18000.0,2017-09-02,debt_consolidation,,24.4%,631xx,MO,< 1 year,0.0
20000.0,2017-09-02,debt_consolidation,,17.06%,272xx,NC,< 1 year,0.0
40000.0,2017-09-02,Debt consolidation,,100%,446xx,OH,< 1 year,0.0
25000.0,2017-09-03,credit_card,,21.19%,685xx,NE,< 1 year,0.0
20000.0,2017-09-04,Debt consolidation,615.0,75.34%,387xx,MS,< 1 year,0.0
20000.0,2017-09-04,Debt consolidation,556.0,40.59%,836xx,ID,< 1 year,0.0
10000.0,2017-09-04,debt_consolidation,,35.83%,951xx,CA,< 1 year,0.0
1500.0,2017-09-04,Other,603.0,16.08%,322xx,FL,< 1 year,0.0
2500.0,2017-09-05,Other,634.0,70.92%,550xx,MN,< 1 year,0.0
20000.0,2017-09-05,Debt consolidation,641.0,12.17%,773xx,TX,< 1 year,0.0
3000.0,2017-09-05,other,,3.71%,773xx,TX,< 1 year,0.0
2000.0,2017-09-05,debt_consolidation,,17.5%,752xx,TX,< 1 year,0.0
7000.0,2017-09-05,debt_consolidation,,17.56%,327xx,FL,< 1 year,0.0
2000.0,2017-09-05,debt_consolidation,,18.7%,415xx,KY,< 1 year,0.0
3000.0,2017-09-05,debt_consolidation,501.0,0.03%,294xx,SC,< 1 year,0.0
2000.0,2017-09-06,moving,,7.42%,207xx,MD,< 1 year,0.0
19000.0,2017-09-07,debt_consolidation,,40.15%,386xx,MS,< 1 year,0.0
20000.0,2017-09-07,Debt consolidation,742.0,4.43%,065xx,CT,< 1 year,0.0
26925.0,2017-09-07,debt_consolidation,,-1%,970xx,OR,5 years,0.0
3000.0,2017-09-07,Debt consolidation,630.0,3.86%,381xx,TN,< 1 year,0.0
35000.0,2017-09-07,Credit card refinancing,665.0,17.4%,805xx,CO,< 1 year,0.0
15000.0,2017-09-07,Debt consolidation,728.0,46.4%,871xx,NM,< 1 year,0.0
1000.0,2017-09-08,vacation,,5.03%,370xx,TN,5 years,0.0
8000.0,2017-09-08,Credit card refinancing,717.0,57.14%,971xx,OR,< 1 year,0.0
10000.0,2017-09-08,debt_consolidation,,15.12%,728xx,AR,< 1 year,0.0
8000.0,2017-09-08,Debt consolidation,599.0,22.65%,483xx,MI,< 1 year,0.0
40000.0,2017-09-08,Home improvement,729.0,19.67%,357xx,AL,< 1 year,0.0
3450.0,2017-09-08,Medical expenses,636.0,10.48%,986xx,WA,< 1 year,0.0
10000.0,2017-09-08,Other,,2.19%,117xx,NY,10+ years,0.0
30000.0,2017-09-08,Debt consolidation,543.0,36.84%,782xx,TX,< 1 year,0.0
2000.0,2017-09-09,medical,,8.31%,156xx,PA,,0.0
5000.0,2017-09-09,debt_consolidation,,14.28%,941xx,CA,< 1 year,0.0
5000.0,2017-09-09,other,,16.08%,631xx,MO,5 years,0.0
15000.0,2017-09-10,debt_consolidation,,29.52%,087xx,NJ,< 1 year,0.0
10000.0,2017-09-10,Debt consolidation,633.0,6.66%,532xx,WI,10+ years,0.0
1000.0,2017-09-10,Other,605.0,100%,394xx,MS,< 1 year,0.0
5000.0,2017-09-10,other,,9.17%,325xx,FL,< 1 year,0.0
10000.0,2017-09-11,debt_consolidation,,29.25%,342xx,FL,< 1 year,0.0
5000.0,2017-09-11,debt_consolidation,,-1%,908xx,CA,< 1 year,0.0
40000.0,2017-09-12,Credit card refinancing,663.0,14.45%,750xx,TX,< 1 year,0.0
10000.0,2017-09-12,other,690.0,7.42%,782xx,TX,< 1 year,0.0
4500.0,2017-09-12,debt_consolidation,,34.25%,775xx,TX,5 years,0.0
1000.0,2017-09-13,Moving and relocation,567.0,31.81%,853xx,AZ,< 1 year,0.0
10000.0,2017-09-13,home_improvement,,29.84%,021xx,MA,< 1 year,0.0
2000.0,2017-09-13,Business,501.0,486.4%,995xx,AK,< 1 year,0.0
5000.0,2017-09-13,Debt consolidation,682.0,16.27%,610xx,IL,< 1 year,0.0
25000.0,2017-09-13,home_improvement,,212.9%,331xx,FL,< 1 year,0.0
20000.0,2017-09-14,Debt consolidation,544.0,14.58%,606xx,IL,< 1 year,0.0
30000.0,2017-09-14,Debt consolidation,683.0,29.59%,074xx,NJ,< 1 year,0.0
15000.0,2017-09-14,Debt consolidation,630.0,12.95%,980xx,WA,< 1 year,0.0
5000.0,2017-09-14,credit_card,,27.58%,352xx,AL,5 years,0.0
3000.0,2017-09-14,debt_consolidation,,14.77%,236xx,VA,< 1 year,0.0
10000.0,2017-09-14,other,,14.01%,949xx,CA,5 years,0.0
10000.0,2017-09-14,Debt consolidation,626.0,15.58%,141xx,NY,< 1 year,0.0
3000.0,2017-09-14,debt_consolidation,,1.03%,292xx,SC,,0.0
20000.0,2017-09-14,Debt consolidation,641.0,24.6%,286xx,NC,< 1 year,0.0
3000.0,2017-09-15,debt_consolidation,,13.42%,604xx,IL,< 1 year,0.0
15000.0,2017-09-15,Debt consolidation,586.0,39%,460xx,IN,< 1 year,0.0
5000.0,2017-09-15,debt_consolidation,,27.33%,933xx,CA,< 1 year,0.0
20000.0,2017-09-17,debt_consolidation,,45.23%,180xx,PA,5 years,0.0
5000.0,2017-09-17,Debt consolidation,548.0,41.76%,927xx,CA,< 1 year,0.0
10000.0,2017-09-18,debt_consolidation,,13.18%,750xx,TX,< 1 year,0.0
35000.0,2017-09-18,Other,597.0,0.03%,271xx,NC,< 1 year,0.0
2500.0,2017-09-18,car,,2.36%,385xx,TN,< 1 year,0.0
1000.0,2017-09-18,Other,556.0,0%,191xx,PA,< 1 year,0.0
2000.0,2017-09-18,Debt consolidation,685.0,169.76%,958xx,CA,< 1 year,0.0
3000.0,2017-09-19,Other,,100%,483xx,MI,< 1 year,0.0
28000.0,2017-09-19,Debt consolidation,682.0,54.56%,077xx,NJ,< 1 year,0.0
5000.0,2017-09-19,house,,45.75%,212xx,MD,,0.0
18800.0,2017-09-19,Debt consolidation,645.0,11.02%,780xx,TX,10+ years,0.0
40000.0,2017-09-19,Credit card refinancing,633.0,8.39%,891xx,NV,< 1 year,0.0
5000.0,2017-09-19,Car financing,,100%,975xx,OR,< 1 year,0.0
15000.0,2017-09-20,home_improvement,,0.72%,775xx,TX,< 1 year,0.0
1500.0,2017-09-20,debt_consolidation,,11.3%,360xx,AL,< 1 year,0.0
7500.0,2017-09-20,debt_consolidation,,7.03%,301xx,GA,,0.0
2600.0,2017-09-20,debt_consolidation,,20.06%,635xx,MO,< 1 year,0.0
1000.0,2017-09-20,Credit card refinancing,622.0,19.7%,708xx,LA,< 1 year,0.0
130000.0,2017-09-20,Business Loan,,-1%,329xx,FL,< 1 year,0.0
10000.0,2017-09-20,debt_consolidation,,-1%,727xx,AR,< 1 year,0.0
1500.0,2017-09-20,debt_consolidation,,29.97%,782xx,TX,5 years,0.0
1000.0,2017-09-21,Debt consolidation,590.0,46.96%,301xx,GA,< 1 year,0.0
10000.0,2017-09-21,Home buying,816.0,13.64%,302xx,GA,< 1 year,0.0
3500.0,2017-09-22,other,,16.94%,913xx,CA,< 1 year,0.0
10000.0,2017-09-22,debt_consolidation,,10.16%,362xx,AL,< 1 year,0.0
20000.0,2017-09-22,debt_consolidation,,20%,773xx,TX,< 1 year,0.0
12250.0,2017-09-23,Debt consolidation,705.0,28.84%,495xx,MI,5 years,0.0
20000.0,2017-09-23,Debt consolidation,648.0,33.39%,557xx,MN,< 1 year,0.0
1000.0,2017-09-24,debt_consolidation,,0%,953xx,CA,5 years,0.0
30000.0,2017-09-24,Debt consolidation,630.0,23.36%,890xx,NV,< 1 year,0.0
5000.0,2017-09-24,Debt consolidation,549.0,14.41%,945xx,CA,< 1 year,0.0
4500.0,2017-09-24,other,,-1%,346xx,FL,< 1 year,0.0
3000.0,2017-09-24,other,,22.87%,210xx,MD,5 years,0.0
2500.0,2017-09-25,Debt consolidation,616.0,31.61%,367xx,AL,< 1 year,0.0
3000.0,2017-09-25,home_improvement,553.0,0.47%,121xx,NY,< 1 year,0.0
12000.0,2017-09-25,Credit card refinancing,606.0,14.48%,430xx,OH,< 1 year,0.0
30000.0,2017-09-25,home_improvement,,0%,954xx,CA,5 years,0.0
1500.0,2017-09-26,credit_card,,32.5%,451xx,OH,5 years,0.0
15000.0,2017-09-26,Debt consolidation,521.0,20.73%,551xx,MN,< 1 year,0.0
10000.0,2017-09-26,Debt consolidation,794.0,144.39%,782xx,TX,< 1 year,0.0
25000.0,2017-09-26,Debt consolidation,694.0,30.6%,060xx,CT,< 1 year,0.0
15000.0,2017-09-26,Debt consolidation,689.0,38.13%,762xx,TX,< 1 year,0.0
4000.0,2017-09-26,Medical expenses,590.0,0%,359xx,AL,< 1 year,0.0
20000.0,2017-09-26,Debt consolidation,634.0,50.56%,760xx,TX,< 1 year,0.0
20000.0,2017-09-26,Debt consolidation,590.0,46.02%,625xx,IL,< 1 year,0.0
10000.0,2017-09-26,other,,-1%,956xx,CA,< 1 year,0.0
15000.0,2017-09-27,small_business,,10.7%,335xx,FL,5 years,0.0
8000.0,2017-09-28,Debt consolidation,628.0,5.07%,761xx,TX,< 1 year,0.0
7000.0,2017-09-28,other,,1.68%,152xx,PA,< 1 year,0.0
30000.0,2017-09-28,Debt consolidation,648.0,51.11%,751xx,TX,< 1 year,0.0
1500.0,2017-09-28,Other,621.0,12.75%,234xx,VA,< 1 year,0.0
13800.0,2017-09-28,Other,758.0,12.97%,986xx,WA,< 1 year,0.0
8000.0,2017-09-28,Home improvement,678.0,36.2%,287xx,NC,< 1 year,0.0
30000.0,2017-09-29,Debt consolidation,676.0,30.87%,371xx,TN,< 1 year,0.0
2000.0,2017-09-30,other,,13.67%,112xx,NY,5 years,0.0
5000.0,2016-01-01,debt_consolidation,,18.57%,381xx,TN,< 1 year,0.0
15000.0,2016-01-04,debt_consolidation,,11.44%,112xx,NY,< 1 year,0.0
14000.0,2016-01-04,credit_card,674.0,129.28%,553xx,MN,< 1 year,0.0
2000.0,2016-01-04,debt_consolidation,,1680%,381xx,TN,< 1 year,0.0
10000.0,2016-01-05,debt_consolidation,579.0,62.53%,775xx,TX,< 1 year,0.0
65000.0,2016-01-05,Business Loan,,-1%,338xx,FL,< 1 year,0.0
10000.0,2016-01-05,credit_card,,0%,328xx,FL,< 1 year,0.0
1000.0,2016-01-05,debt_consolidation,,15.84%,720xx,AR,5 years,0.0
20000.0,2016-01-06,Credit card refinancing,,13.92%,080xx,NJ,10+ years,0.0
3000.0,2016-01-06,credit_card,,54.38%,329xx,FL,< 1 year,0.0
2500.0,2016-01-07,debt_consolidation,540.0,19.99%,751xx,TX,< 1 year,0.0
1000.0,2016-01-08,moving,,29.67%,462xx,IN,< 1 year,0.0
4000.0,2016-01-08,debt_consolidation,,8.74%,322xx,FL,< 1 year,0.0
3500.0,2016-01-09,medical,,57.89%,315xx,GA,5 years,0.0
20000.0,2016-01-11,credit_card,,11.08%,773xx,TX,< 1 year,0.0
1000.0,2016-01-12,other,574.0,0.59%,853xx,AZ,< 1 year,0.0
35000.0,2016-01-13,debt_consolidation,,0.65%,334xx,FL,< 1 year,0.0
15000.0,2016-01-13,debt_consolidation,,77.16%,480xx,MI,< 1 year,0.0
35000.0,2016-01-14,small_business,,10.87%,604xx,IL,5 years,0.0
10000.0,2016-01-14,debt_consolidation,676.0,39.25%,330xx,FL,< 1 year,0.0
5000.0,2016-01-14,debt_consolidation,,37.59%,932xx,CA,,0.0
2500.0,2016-01-14,home_improvement,,0.79%,254xx,WV,< 1 year,0.0
35000.0,2016-01-14,debt_consolidation,,13.12%,114xx,NY,5 years,0.0
15000.0,2016-01-14,debt_consolidation,,33.6%,330xx,FL,< 1 year,0.0
4500.0,2016-01-14,car,,10.53%,465xx,IN,< 1 year,0.0
5000.0,2016-01-16,other,,12.15%,320xx,FL,< 1 year,0.0
2000.0,2016-01-18,other,,3.93%,198xx,DE,5 years,0.0
35000.0,2016-01-19,Home improvement,,31.86%,116xx,NY,< 1 year,0.0
25000.0,2016-01-19,debt_consolidation,,31.59%,700xx,LA,< 1 year,0.0
10000.0,2016-01-19,debt_consolidation,619.0,3.04%,333xx,FL,< 1 year,0.0
8000.0,2016-01-21,car,,1.07%,080xx,NJ,,0.0
6000.0,2016-01-21,debt_consolidation,,8.04%,751xx,TX,< 1 year,0.0
5500.0,2016-01-21,other,597.0,14.08%,087xx,NJ,< 1 year,0.0
20000.0,2016-01-22,debt_consolidation,,0%,422xx,KY,< 1 year,0.0
30000.0,2016-01-23,debt_consolidation,699.0,22.5%,402xx,KY,< 1 year,0.0
15000.0,2016-01-23,debt_consolidation,,31.22%,440xx,OH,< 1 year,0.0
35000.0,2016-01-25,small_business,,14.25%,381xx,TN,,0.0
3500.0,2016-01-26,debt_consolidation,,10%,317xx,GA,5 years,0.0
1000.0,2016-01-26,credit_card,,16.98%,190xx,PA,< 1 year,0.0
17000.0,2016-01-26,debt_consolidation,,40.49%,570xx,SD,9 years,0.0
22000.0,2016-01-26,debt_consolidation,504.0,19.87%,809xx,CO,< 1 year,0.0
10000.0,2016-01-27,debt_consolidation,,10.47%,601xx,IL,< 1 year,0.0
25000.0,2016-01-27,debt_consolidation,,80.74%,851xx,AZ,< 1 year,0.0
3000.0,2016-01-27,Debt consolidation,,26.5%,895xx,NV,3 years,2.0
15000.0,2016-01-29,debt_consolidation,,5.45%,371xx,TN,< 1 year,0.0
15000.0,2016-01-31,credit_card,,35.51%,881xx,NM,< 1 year,0.0
20000.0,2016-01-31,home_improvement,,12.43%,604xx,IL,5 years,0.0
10000.0,2016-02-01,debt_consolidation,,27.97%,704xx,LA,< 1 year,0.0
35000.0,2016-02-01,other,,4.72%,200xx,DC,< 1 year,0.0
4000.0,2016-02-01,other,620.0,34.23%,551xx,MN,< 1 year,0.0
15000.0,2016-02-01,home_improvement,,27.85%,292xx,SC,< 1 year,0.0
18000.0,2016-02-01,debt_consolidation,,24.03%,207xx,MD,< 1 year,0.0
10000.0,2016-02-02,credit_card,,48.8%,752xx,TX,< 1 year,0.0
5000.0,2016-02-03,debt_consolidation,,40.93%,984xx,WA,< 1 year,0.0
6000.0,2016-02-03,car,,-1%,302xx,GA,5 years,0.0
10000.0,2016-02-03,Debt consolidation,,7.36%,371xx,TN,,0.0
10000.0,2016-02-04,small_business,652.0,19.84%,395xx,MS,< 1 year,0.0
1500.0,2016-02-06,other,,5.46%,782xx,TX,,0.0
35000.0,2016-02-06,Debt consolidation,650.0,29.98%,773xx,TX,8 years,0.0
35000.0,2016-02-08,home_improvement,,35.45%,365xx,AL,< 1 year,0.0
5000.0,2016-02-08,small_business,653.0,0.77%,730xx,OK,< 1 year,0.0
6000.0,2016-02-09,debt_consolidation,,18.93%,210xx,MD,< 1 year,0.0
3000.0,2016-02-09,debt_consolidation,,7.23%,564xx,MN,< 1 year,0.0
25000.0,2016-02-09,credit_card,,30.51%,191xx,PA,< 1 year,0.0
2000.0,2016-02-10,debt_consolidation,,0%,611xx,IL,< 1 year,0.0
30000.0,2016-02-10,debt_consolidation,,1380.99%,662xx,KS,< 1 year,0.0
2000.0,2016-02-10,debt_consolidation,655.0,7.96%,953xx,CA,< 1 year,0.0
12500.0,2016-02-11,other,,55.08%,857xx,AZ,< 1 year,0.0
12000.0,2016-02-11,major_purchase,,14.64%,356xx,AL,< 1 year,0.0
20000.0,2016-02-12,Major purchase,,17.71%,770xx,TX,1 year,0.0
1500.0,2016-02-12,medical,,11.03%,665xx,KS,5 years,0.0
15000.0,2016-02-13,debt_consolidation,689.0,27.37%,331xx,FL,< 1 year,0.0
8000.0,2016-02-13,debt_consolidation,689.0,4.85%,112xx,NY,< 1 year,0.0
3500.0,2016-02-15,credit_card,,61.41%,454xx,OH,5 years,0.0
35000.0,2016-02-16,home_improvement,,9.81%,104xx,NY,< 1 year,0.0
35000.0,2016-02-16,debt_consolidation,,40.67%,199xx,DE,< 1 year,0.0
2000.0,2016-02-16,medical,,260.86%,331xx,FL,< 1 year,0.0
12000.0,2016-02-17,debt_consolidation,661.0,46.28%,945xx,CA,< 1 year,0.0
8000.0,2016-02-17,home_improvement,,6.8%,191xx,PA,5 years,0.0
21000.0,2016-02-17,debt_consolidation,,10.05%,365xx,AL,5 years,0.0
20000.0,2016-02-17,debt_consolidation,,18.06%,349xx,FL,< 1 year,0.0
5000.0,2016-02-17,Business Loan,,-1%,610xx,IL,< 1 year,0.0
35000.0,2016-02-18,debt_consolidation,631.0,29.76%,755xx,TX,< 1 year,0.0
35000.0,2016-02-18,Debt consolidation,681.0,10.18%,483xx,MI,7 years,0.0
15000.0,2016-02-18,debt_consolidation,668.0,63.11%,424xx,KY,< 1 year,0.0
5000.0,2016-02-18,debt_consolidation,,15.89%,027xx,MA,< 1 year,0.0
15000.0,2016-02-18,other,,33.16%,032xx,NH,5 years,0.0
8000.0,2016-02-19,debt_consolidation,,31.95%,437xx,OH,< 1 year,0.0
3000.0,2016-02-19,other,,36.5%,917xx,CA,< 1 year,0.0
5000.0,2016-02-19,debt_consolidation,,10.08%,130xx,NY,,0.0
20000.0,2016-02-20,debt_consolidation,653.0,25.38%,970xx,OR,6 years,0.0
4500.0,2016-02-21,debt_consolidation,606.0,22.27%,078xx,NJ,< 1 year,0.0
5000.0,2016-02-21,debt_consolidation,,50.42%,850xx,AZ,< 1 year,0.0
3000.0,2016-02-21,home_improvement,,0%,608xx,IL,< 1 year,0.0
10000.0,2016-02-22,debt_consolidation,524.0,27.88%,852xx,AZ,< 1 year,0.0
5000.0,2016-02-23,other,,19.82%,705xx,LA,< 1 year,0.0
2500.0,2016-02-25,debt_consolidation,501.0,2.31%,146xx,NY,< 1 year,0.0
3500.0,2016-02-25,moving,,25.92%,331xx,FL,< 1 year,0.0
35000.0,2016-02-25,Debt consolidation,636.0,29.36%,482xx,MI,4 years,0.0
2000.0,2016-02-26,Credit card refinancing,,9.3%,637xx,MO,5 years,0.0
5000.0,2016-02-26,home_improvement,,66.87%,333xx,FL,< 1 year,0.0
35000.0,2016-02-28,debt_consolidation,636.0,19.13%,989xx,WA,< 1 year,0.0
25000.0,2016-02-29,debt_consolidation,,28.97%,106xx,NY,< 1 year,0.0
15000.0,2016-03-01,debt_consolidation,,38.82%,402xx,KY,< 1 year,0.0
8000.0,2016-03-01,debt_consolidation,674.0,16.77%,452xx,OH,< 1 year,0.0
30000.0,2016-03-01,small_business,664.0,58.08%,767xx,TX,< 1 year,0.0
5000.0,2016-03-02,debt_consolidation,,595.37%,773xx,TX,< 1 year,0.0
9000.0,2016-03-02,other,,68.46%,306xx,GA,< 1 year,0.0
20000.0,2016-03-02,debt_consolidation,,310.5%,926xx,CA,< 1 year,0.0
10000.0,2016-03-03,debt_consolidation,,15.32%,549xx,WI,< 1 year,0.0
27000.0,2016-03-03,credit_card,,63%,297xx,SC,5 years,0.0
4500.0,2016-03-03,medical,,15.08%,670xx,KS,5 years,0.0
15000.0,2016-03-03,car,689.0,13.91%,044xx,ME,< 1 year,0.0
7500.0,2016-03-03,debt_consolidation,,16.28%,370xx,TN,< 1 year,0.0
20000.0,2016-03-04,other,,0.68%,303xx,GA,< 1 year,0.0
11000.0,2016-03-04,debt_consolidation,,25.32%,301xx,GA,< 1 year,0.0
5000.0,2016-03-04,major_purchase,,16.49%,319xx,GA,< 1 year,0.0
7000.0,2016-03-04,home_improvement,,34.67%,894xx,NV,< 1 year,0.0
10000.0,2016-03-04,medical,652.0,0%,441xx,OH,< 1 year,0.0
35000.0,2016-03-05,debt_consolidation,,3.34%,254xx,WV,5 years,0.0
10000.0,2016-03-05,debt_consolidation,,6.09%,851xx,AZ,< 1 year,0.0
9000.0,2016-03-06,Credit card refinancing,,16.19%,179xx,PA,1 year,0.0
5000.0,2016-03-07,debt_consolidation,,11.12%,774xx,TX,< 1 year,0.0
3000.0,2016-03-07,credit_card,746.0,561.65%,448xx,OH,< 1 year,0.0
5000.0,2016-03-07,debt_consolidation,580.0,11.25%,305xx,GA,< 1 year,0.0
30000.0,2016-03-07,debt_consolidation,648.0,10.2%,716xx,AR,< 1 year,0.0
15000.0,2016-03-08,debt_consolidation,,1.02%,200xx,DC,,0.0
20000.0,2016-03-08,car,626.0,15.72%,283xx,NC,< 1 year,0.0
4000.0,2016-03-09,Credit card refinancing,709.0,35.09%,380xx,TN,,0.0
15000.0,2016-03-09,major_purchase,,0.89%,984xx,WA,< 1 year,0.0
10000.0,2016-03-09,debt_consolidation,,26.58%,973xx,OR,< 1 year,0.0
10000.0,2016-03-09,debt_consolidation,,9.82%,958xx,CA,< 1 year,0.0
35000.0,2016-03-10,debt_consolidation,,23.27%,923xx,CA,< 1 year,0.0
40000.0,2016-03-10,Business Loan,,-1%,975xx,OR,< 1 year,0.0
15000.0,2016-03-10,debt_consolidation,,13.74%,633xx,MO,< 1 year,0.0
100000.0,2016-03-11,Business Loan,,-1%,254xx,WV,< 1 year,0.0
30000.0,2016-03-11,other,,25.76%,339xx,FL,< 1 year,0.0
15000.0,2016-03-11,credit_card,615.0,27.68%,111xx,NY,< 1 year,0.0
2000.0,2016-03-11,debt_consolidation,,65.01%,704xx,LA,< 1 year,0.0
5000.0,2016-03-11,other,,214.66%,062xx,CT,,0.0
30000.0,2016-03-11,debt_consolidation,756.0,16.84%,800xx,CO,,0.0
25000.0,2016-03-12,debt_consolidation,,27.42%,063xx,CT,< 1 year,0.0
25000.0,2016-03-12,debt_consolidation,,37.55%,806xx,CO,5 years,0.0
20000.0,2016-03-13,credit_card,,48.65%,786xx,TX,< 1 year,0.0
15000.0,2016-03-13,home_improvement,,48.98%,441xx,OH,,0.0
5000.0,2016-03-14,debt_consolidation,,243.6%,926xx,CA,< 1 year,0.0
6000.0,2016-03-14,moving,,19.26%,212xx,MD,5 years,0.0
15000.0,2016-03-14,debt_consolidation,,129.91%,486xx,MI,< 1 year,0.0
20000.0,2016-03-15,debt_consolidation,,-1%,018xx,MA,< 1 year,0.0
18000.0,2016-03-15,home_improvement,,47.48%,338xx,FL,5 years,0.0
10000.0,2016-03-15,other,,18.05%,748xx,OK,< 1 year,0.0
3000.0,2016-03-16,home_improvement,,30.63%,301xx,GA,< 1 year,0.0
6000.0,2016-03-16,credit_card,,13.62%,371xx,TN,< 1 year,0.0
40000.0,2016-03-17,debt_consolidation,,6.71%,301xx,GA,< 1 year,0.0
40000.0,2016-03-17,debt_consolidation,,51.83%,267xx,WV,< 1 year,0.0
5000.0,2016-03-19,house,608.0,2.2%,295xx,SC,< 1 year,0.0
5000.0,2016-03-20,other,556.0,19.32%,076xx,NJ,< 1 year,0.0
20000.0,2016-03-20,debt_consolidation,,-1%,194xx,PA,5 years,0.0
5000.0,2016-03-21,credit_card,,43.82%,439xx,OH,< 1 year,0.0
15000.0,2016-03-22,debt_consolidation,,29.13%,212xx,MD,,0.0
10000.0,2016-03-22,debt_consolidation,,13.46%,685xx,NE,< 1 year,0.0
40000.0,2016-03-22,debt_consolidation,,18.34%,752xx,TX,< 1 year,0.0
2000.0,2016-03-22,car,,-1%,342xx,FL,,0.0
2500.0,2016-03-22,Medical expenses,,1.98%,145xx,NY,10+ years,0.0
2000.0,2016-03-24,credit_card,,8.24%,864xx,AZ,< 1 year,0.0
5500.0,2016-03-24,home_improvement,,7.96%,270xx,NC,,0.0
27000.0,2016-03-25,debt_consolidation,689.0,47.23%,242xx,VA,< 1 year,0.0
25000.0,2016-03-25,debt_consolidation,,9.33%,608xx,IL,< 1 year,0.0
6000.0,2016-03-25,major_purchase,,-1%,342xx,FL,< 1 year,0.0
1500.0,2016-03-27,moving,,0%,606xx,IL,< 1 year,0.0
40000.0,2016-03-27,medical,,-1%,981xx,WA,< 1 year,0.0
10000.0,2016-03-28,debt_consolidation,,12.75%,181xx,PA,< 1 year,0.0
1500.0,2016-03-28,debt_consolidation,,44.14%,656xx,MO,< 1 year,0.0
1500.0,2016-03-28,moving,568.0,0.8%,362xx,AL,< 1 year,0.0
3000.0,2016-03-28,debt_consolidation,,23.48%,881xx,NM,,0.0
30000.0,2016-03-28,credit_card,,52.43%,763xx,TX,< 1 year,0.0
2500.0,2016-03-29,home_improvement,662.0,1.44%,750xx,TX,< 1 year,0.0
5000.0,2016-03-29,debt_consolidation,,14%,021xx,MA,5 years,0.0
7000.0,2016-03-29,debt_consolidation,,33.43%,310xx,GA,< 1 year,0.0
5500.0,2016-03-29,major_purchase,,43.32%,131xx,NY,< 1 year,0.0
9000.0,2016-03-29,car,,-1%,940xx,CA,5 years,0.0
20000.0,2016-03-30,debt_consolidation,,14.16%,105xx,NY,< 1 year,0.0
25000.0,2016-03-30,debt_consolidation,,43.47%,331xx,FL,< 1 year,0.0
10000.0,2016-03-31,debt_consolidation,,44.28%,253xx,WV,< 1 year,0.0
35000.0,2016-03-31,debt_consolidation,,19.89%,786xx,TX,5 years,0.0
1000.0,2018-10-01,Debt consolidation,,22%,741xx,OK,< 1 year,0.0
3000.0,2018-10-01,Debt consolidation,,19.8%,891xx,NV,< 1 year,0.0
6500.0,2018-10-01,Debt consolidation,,2.42%,620xx,IL,< 1 year,0.0
4800.0,2018-10-01,Other,,2.3%,334xx,FL,< 1 year,0.0
10000.0,2018-10-01,Major purchase,,25.08%,168xx,PA,< 1 year,0.0
100000.0,2018-10-01,Business Loan,,-1%,941xx,CA,< 1 year,0.0
25000.0,2018-10-02,Debt consolidation,,2.87%,785xx,TX,< 1 year,0.0
20000.0,2018-10-02,Credit card refinancing,,9.62%,027xx,MA,< 1 year,0.0
2150.0,2018-10-02,Credit card refinancing,,26.4%,027xx,MA,< 1 year,0.0
10000.0,2018-10-02,Credit card refinancing,,60.3%,372xx,TN,< 1 year,0.0
10000.0,2018-10-02,Debt consolidation,,61.86%,605xx,IL,10+ years,0.0
12000.0,2018-10-02,Debt consolidation,,36.39%,420xx,KY,< 1 year,0.0
18500.0,2018-10-02,Debt consolidation,,21.15%,376xx,TN,< 1 year,0.0
15500.0,2018-10-02,Credit card refinancing,,40.5%,352xx,AL,< 1 year,0.0
10000.0,2018-10-03,Credit card refinancing,,29.38%,923xx,CA,< 1 year,0.0
10000.0,2018-10-03,Debt consolidation,,10.32%,210xx,MD,< 1 year,0.0
2500.0,2018-10-03,Other,,2.26%,925xx,CA,< 1 year,0.0
10000.0,2018-10-03,Credit card refinancing,,45.63%,051xx,VT,< 1 year,0.0
2500.0,2018-10-03,Debt consolidation,,8.24%,970xx,OR,< 1 year,0.0
10000.0,2018-10-03,Debt consolidation,,23.49%,550xx,MN,< 1 year,0.0
10000.0,2018-10-03,Home buying,,12.81%,019xx,MA,< 1 year,0.0
35000.0,2018-10-03,Debt consolidation,,22.5%,770xx,TX,< 1 year,0.0
10000.0,2018-10-04,Credit card refinancing,,28.53%,027xx,MA,< 1 year,0.0
3000.0,2018-10-04,Home improvement,,28.8%,983xx,WA,< 1 year,0.0
2500.0,2018-10-04,Other,,0%,305xx,GA,6 years,0.0
8000.0,2018-10-04,Other,,11.9%,440xx,OH,< 1 year,0.0
10000.0,2018-10-04,Credit card refinancing,,28.98%,333xx,FL,< 1 year,0.0
5000.0,2018-10-04,Other,,100%,660xx,KS,< 1 year,0.0
5000.0,2018-10-04,Credit card refinancing,,44.78%,074xx,NJ,< 1 year,0.0
4000.0,2018-10-05,Credit card refinancing,,3.16%,356xx,AL,< 1 year,0.0
10000.0,2018-10-05,Debt consolidation,,23.03%,762xx,TX,< 1 year,0.0
6000.0,2018-10-05,Car financing,,14.68%,390xx,MS,2 years,0.0
10000.0,2018-10-06,Credit card refinancing,,24.18%,119xx,NY,5 years,0.0
2000.0,2018-10-06,Debt consolidation,,15920%,480xx,MI,< 1 year,0.0
10000.0,2018-10-06,Credit card refinancing,,100%,727xx,AR,< 1 year,0.0
35000.0,2018-10-07,Debt consolidation,,19.47%,439xx,OH,< 1 year,0.0
4000.0,2018-10-07,Debt consolidation,,100%,984xx,WA,< 1 year,0.0
10000.0,2018-10-07,Credit card refinancing,,0.77%,925xx,CA,< 1 year,0.0
6000.0,2018-10-07,Credit card refinancing,,11.18%,087xx,NJ,< 1 year,0.0
35000.0,2018-10-07,Debt consolidation,,100%,773xx,TX,< 1 year,0.0
6000.0,2018-10-08,Debt consolidation,,8%,342xx,FL,< 1 year,0.0
35000.0,2018-10-08,Debt consolidation,,31.6%,294xx,SC,5 years,0.0
5000.0,2018-10-08,Other,,27.81%,900xx,CA,7 years,0.0
4000.0,2018-10-09,Debt consolidation,,9.55%,346xx,FL,< 1 year,0.0
2000.0,2018-10-09,Car financing,,0.91%,292xx,SC,< 1 year,0.0
5000.0,2018-10-09,Debt consolidation,,24.65%,681xx,NE,< 1 year,0.0
20000.0,2018-10-09,Debt consolidation,,19.22%,770xx,TX,< 1 year,0.0
20000.0,2018-10-09,Debt consolidation,,32.76%,432xx,OH,< 1 year,0.0
20000.0,2018-10-09,Debt consolidation,,100%,841xx,UT,< 1 year,0.0
40000.0,2018-10-09,Debt consolidation,,124.96%,953xx,CA,< 1 year,0.0
5000.0,2018-10-09,Medical expenses,,34.92%,338xx,FL,< 1 year,0.0
10000.0,2018-10-10,Credit card refinancing,,37.33%,827xx,WY,< 1 year,0.0
10000.0,2018-10-10,Car financing,,32.61%,759xx,TX,< 1 year,0.0
5000.0,2018-10-10,Debt consolidation,,64.7%,140xx,NY,< 1 year,0.0
30000.0,2018-10-10,Credit card refinancing,,38.32%,191xx,PA,10+ years,0.0
35000.0,2018-10-10,Debt consolidation,,100%,989xx,WA,< 1 year,0.0
15000.0,2018-10-10,Credit card refinancing,,100%,669xx,KS,< 1 year,0.0
35000.0,2018-10-10,Debt consolidation,,20.24%,117xx,NY,< 1 year,0.0
18450.0,2018-10-10,Car financing,,100%,430xx,OH,< 1 year,0.0
14000.0,2018-10-11,Debt consolidation,,77.72%,193xx,PA,< 1 year,0.0
25000.0,2018-10-11,Other,,6.38%,785xx,TX,< 1 year,0.0
5000.0,2018-10-11,Other,,4.37%,900xx,CA,< 1 year,0.0
8000.0,2018-10-12,Credit card refinancing,,5.21%,125xx,NY,< 1 year,0.0
3000.0,2018-10-12,Debt consolidation,,11.15%,940xx,CA,< 1 year,0.0
5000.0,2018-10-12,Other,,100%,330xx,FL,< 1 year,0.0
1000.0,2018-10-12,Other,570.0,0%,937xx,CA,< 1 year,0.0
5000.0,2018-10-12,Debt consolidation,,100%,275xx,NC,< 1 year,0.0
5000.0,2018-10-12,Home improvement,,2.58%,107xx,NY,< 1 year,0.0
20000.0,2018-10-13,Debt consolidation,,190.64%,344xx,FL,< 1 year,0.0
35000.0,2018-10-13,Other,,100%,119xx,NY,< 1 year,0.0
1500.0,2018-10-13,Other,,76.77%,029xx,RI,,0.0
15000.0,2018-10-13,Debt consolidation,,1.27%,752xx,TX,< 1 year,0.0
30000.0,2018-10-13,Debt consolidation,,75.64%,920xx,CA,< 1 year,0.0
10000.0,2018-10-14,Credit card refinancing,,190.83%,902xx,CA,< 1 year,0.0
35000.0,2018-10-14,Debt consolidation,,25.28%,136xx,NY,< 1 year,0.0
15000.0,2018-10-15,Home improvement,,23.88%,207xx,MD,< 1 year,0.0
40000.0,2018-10-15,Credit card refinancing,,23.03%,025xx,MA,< 1 year,0.0
35000.0,2018-10-15,Other,,4.85%,816xx,CO,< 1 year,0.0
2000.0,2018-10-15,Other,,15.44%,366xx,AL,< 1 year,0.0
1500.0,2018-10-15,Debt consolidation,,5.33%,303xx,GA,< 1 year,0.0
20000.0,2018-10-16,Car financing,,17.04%,331xx,FL,< 1 year,0.0
4000.0,2018-10-16,Other,,18.61%,774xx,TX,< 1 year,0.0
7625.0,2018-10-16,Car financing,,100%,297xx,SC,2 years,0.0
80000.0,2018-10-16,Business Loan,,-1%,201xx,VA,< 1 year,0.0
7500.0,2018-10-16,Other,,28.91%,310xx,GA,< 1 year,0.0
40000.0,2018-10-16,Home buying,,9.31%,922xx,CA,< 1 year,0.0
2500.0,2018-10-17,Other,,25.39%,452xx,OH,< 1 year,0.0
5000.0,2018-10-17,Debt consolidation,,18.39%,932xx,CA,< 1 year,0.0
1500.0,2018-10-17,Other,,54.54%,363xx,AL,< 1 year,0.0
12650.0,2018-10-17,Credit card refinancing,,34.65%,402xx,KY,< 1 year,0.0
10000.0,2018-10-17,Other,,6.06%,235xx,VA,< 1 year,0.0
4000.0,2018-10-18,Debt consolidation,,36.53%,606xx,IL,< 1 year,0.0
5000.0,2018-10-18,Credit card refinancing,,16.39%,941xx,CA,< 1 year,0.0
35000.0,2018-10-19,Debt consolidation,,3.23%,685xx,NE,< 1 year,0.0
10000.0,2018-10-19,Credit card refinancing,,27.16%,756xx,TX,< 1 year,0.0
2500.0,2018-10-19,Debt consolidation,,23.25%,606xx,IL,< 1 year,0.0
10000.0,2018-10-19,Debt consolidation,710.0,100%,800xx,CO,,0.0
4000.0,2018-10-19,Other,593.0,12.74%,336xx,FL,< 1 year,0.0
1000.0,2018-10-19,Home buying,,16.65%,921xx,CA,< 1 year,0.0
25000.0,2018-10-19,Business Loan,,-1%,563xx,MN,< 1 year,0.0
10000.0,2018-10-20,Credit card refinancing,,100%,852xx,AZ,< 1 year,0.0
15000.0,2018-10-20,Credit card refinancing,,34.25%,458xx,OH,< 1 year,0.0
18000.0,2018-10-21,Car financing,,100%,109xx,NY,< 1 year,0.0
4500.0,2018-10-21,Other,,8.49%,563xx,MN,< 1 year,0.0
15000.0,2018-10-21,Debt consolidation,,20.73%,313xx,GA,< 1 year,0.0
3500.0,2018-10-22,Major purchase,,10.81%,678xx,KS,< 1 year,0.0
14350.0,2018-10-22,Car financing,,100%,701xx,LA,2 years,0.0
1000.0,2018-10-22,Medical expenses,,0.23%,358xx,AL,< 1 year,0.0
1500.0,2018-10-22,Home improvement,,20.8%,708xx,LA,< 1 year,0.0
25000.0,2018-10-22,Other,,4.68%,104xx,NY,< 1 year,0.0
4000.0,2018-10-22,Debt consolidation,,75.94%,351xx,AL,< 1 year,0.0
25000.0,2018-10-22,Other,,0%,936xx,CA,< 1 year,0.0
20000.0,2018-10-22,Debt consolidation,,48.05%,906xx,CA,< 1 year,0.0
2000.0,2018-10-24,Other,,19.27%,338xx,FL,< 1 year,0.0
20000.0,2018-10-24,Major purchase,,12.87%,160xx,PA,< 1 year,0.0
2000.0,2018-10-24,Moving and relocation,595.0,4.3%,921xx,CA,< 1 year,0.0
5000.0,2018-10-24,Debt consolidation,,18.18%,774xx,TX,< 1 year,0.0
33500.0,2018-10-24,Debt consolidation,,56.4%,852xx,AZ,< 1 year,0.0
10000.0,2018-10-24,Other,,13.4%,316xx,GA,< 1 year,0.0
3500.0,2018-10-24,Home buying,,5.8%,640xx,MO,< 1 year,0.0
20000.0,2018-10-24,Credit card refinancing,655.0,184.38%,937xx,CA,< 1 year,0.0
20500.0,2018-10-24,Credit card refinancing,,53.42%,710xx,LA,< 1 year,0.0
20000.0,2018-10-25,Credit card refinancing,,41.29%,549xx,WI,< 1 year,0.0
7000.0,2018-10-25,Debt consolidation,,5.76%,300xx,GA,< 1 year,0.0
11000.0,2018-10-25,Debt consolidation,,16.51%,156xx,PA,< 1 year,0.0
30000.0,2018-10-25,Debt consolidation,,100%,800xx,CO,< 1 year,0.0
40000.0,2018-10-25,Credit card refinancing,659.0,45.25%,113xx,NY,< 1 year,0.0
5000.0,2018-10-25,Other,,17.67%,622xx,IL,< 1 year,0.0
10000.0,2018-10-26,Other,,31.11%,298xx,SC,< 1 year,0.0
25000.0,2018-10-26,Debt consolidation,737.0,0.66%,238xx,VA,< 1 year,0.0
2500.0,2018-10-26,Credit card refinancing,,17.46%,020xx,MA,< 1 year,0.0
10000.0,2018-10-26,Other,,5.12%,117xx,NY,< 1 year,0.0
2000.0,2018-10-27,Medical expenses,,27.18%,341xx,FL,,0.0
38000.0,2018-10-27,Credit card refinancing,,19.64%,537xx,WI,< 1 year,0.0
13000.0,2018-10-27,Debt consolidation,,21.68%,855xx,AZ,< 1 year,0.0
24000.0,2018-10-28,Credit card refinancing,,10.52%,303xx,GA,10+ years,2.0
10000.0,2018-10-28,Debt consolidation,,49.44%,234xx,VA,< 1 year,0.0
25000.0,2018-10-28,Debt consolidation,,26.3%,790xx,TX,< 1 year,0.0
17000.0,2018-10-28,Debt consolidation,,18.48%,752xx,TX,< 1 year,0.0
10000.0,2018-10-28,Debt consolidation,,11.68%,919xx,CA,< 1 year,0.0
33000.0,2018-10-29,Debt consolidation,,44.28%,159xx,PA,< 1 year,0.0
25000.0,2018-10-29,Debt consolidation,,100%,284xx,NC,< 1 year,0.0
5000.0,2018-10-29,Debt consolidation,,6.94%,063xx,CT,< 1 year,0.0
15000.0,2018-10-29,Debt consolidation,,100%,272xx,NC,,0.0
5000.0,2018-10-29,Debt consolidation,,23.03%,268xx,WV,< 1 year,0.0
2500.0,2018-10-30,Other,,29.83%,274xx,NC,,0.0
6000.0,2018-10-30,Business,573.0,25.21%,851xx,AZ,< 1 year,0.0
2000.0,2018-10-30,Other,,13.47%,802xx,CO,< 1 year,0.0
13000.0,2018-10-30,Debt consolidation,,100%,752xx,TX,< 1 year,0.0
3000.0,2018-10-31,Moving and relocation,582.0,0%,553xx,MN,< 1 year,0.0
40000.0,2018-11-01,Debt consolidation,,33.42%,482xx,MI,< 1 year,0.0
4000.0,2018-11-01,Credit card refinancing,,1.91%,300xx,GA,< 1 year,0.0
35000.0,2018-11-01,Debt consolidation,,100%,103xx,NY,< 1 year,0.0
35000.0,2018-11-01,Debt consolidation,,100%,846xx,UT,< 1 year,0.0
20000.0,2018-11-01,Debt consolidation,,93.65%,922xx,CA,< 1 year,0.0
13000.0,2018-11-02,Debt consolidation,,28.56%,463xx,IN,< 1 year,0.0
25000.0,2018-11-02,Debt consolidation,,27.37%,986xx,WA,< 1 year,0.0
6000.0,2018-11-02,Home improvement,,5.37%,926xx,CA,,0.0
10000.0,2018-11-02,Vacation,,225.33%,850xx,AZ,< 1 year,0.0
1000.0,2018-11-02,Other,,0%,678xx,KS,< 1 year,0.0
20000.0,2018-11-02,Major purchase,,23.92%,970xx,OR,< 1 year,0.0
15000.0,2018-11-03,Debt consolidation,707.0,100%,908xx,CA,< 1 year,0.0
5000.0,2018-11-03,Credit card refinancing,,46.56%,770xx,TX,< 1 year,0.0
25000.0,2018-11-03,Debt consolidation,,16.89%,750xx,TX,< 1 year,0.0
1000.0,2018-11-03,Medical expenses,,4.88%,481xx,MI,,0.0
20000.0,2018-11-05,Other,,5.43%,773xx,TX,< 1 year,0.0
8000.0,2018-11-05,Credit card refinancing,,3.47%,916xx,CA,< 1 year,0.0
2500.0,2018-11-05,Moving and relocation,,19.75%,774xx,TX,< 1 year,0.0
5000.0,2018-11-06,Debt consolidation,,18.35%,974xx,OR,< 1 year,0.0
1500.0,2018-11-06,Other,,0%,127xx,NY,< 1 year,0.0
35000.0,2018-11-06,Other,,100%,765xx,TX,< 1 year,0.0
35000.0,2018-11-06,Debt consolidation,,22.81%,302xx,GA,< 1 year,0.0
1000.0,2018-11-07,Other,,0%,532xx,WI,,0.0
5000.0,2018-11-07,Debt consolidation,,5.97%,907xx,CA,< 1 year,0.0
5000.0,2018-11-07,Debt consolidation,,20.01%,376xx,TN,< 1 year,0.0
13000.0,2018-11-07,Credit card refinancing,744.0,55.55%,327xx,FL,< 1 year,0.0
32000.0,2018-11-07,Debt consolidation,,16.41%,788xx,TX,< 1 year,0.0
3000.0,2018-11-08,Major purchase,586.0,0.93%,310xx,GA,1 year,0.0
2000.0,2018-11-08,Medical expenses,,28.89%,605xx,IL,< 1 year,0.0
10000.0,2018-11-08,Debt consolidation,,61.68%,385xx,TN,< 1 year,0.0
34500.0,2018-11-08,Debt consolidation,,17.54%,480xx,MI,< 1 year,0.0
40000.0,2018-11-09,Credit card refinancing,,38.46%,290xx,SC,< 1 year,0.0
10000.0,2018-11-09,Debt consolidation,,60.49%,309xx,GA,< 1 year,0.0
4000.0,2018-11-09,Credit card refinancing,,13.09%,233xx,VA,< 1 year,0.0
4000.0,2018-11-09,Major purchase,,2.53%,922xx,CA,< 1 year,0.0
3000.0,2018-11-09,Debt consolidation,,23.94%,325xx,FL,< 1 year,0.0
7000.0,2018-11-09,Credit card refinancing,,2.04%,070xx,NJ,< 1 year,0.0
12500.0,2018-11-09,Debt consolidation,,18.74%,224xx,VA,< 1 year,0.0
15000.0,2018-11-10,Debt consolidation,,19.34%,440xx,OH,< 1 year,0.0
10000.0,2018-11-10,Home buying,,10.15%,478xx,IN,< 1 year,0.0
15000.0,2018-11-11,Debt consolidation,,132.76%,672xx,KS,< 1 year,0.0
4000.0,2018-11-12,Other,574.0,1.2%,688xx,NE,< 1 year,0.0
10000.0,2018-11-12,Car financing,,1463.04%,336xx,FL,< 1 year,0.0
2500.0,2018-11-12,Other,,100%,334xx,FL,< 1 year,0.0
5000.0,2018-11-13,Debt consolidation,,13.66%,852xx,AZ,5 years,0.0
5000.0,2018-11-13,Major purchase,,18.63%,494xx,MI,< 1 year,0.0
25000.0,2018-11-13,Debt consolidation,,25.61%,283xx,NC,< 1 year,0.0
5000.0,2018-11-13,Major purchase,,10.58%,223xx,VA,< 1 year,0.0
40000.0,2018-11-13,Debt consolidation,,19.66%,079xx,NJ,< 1 year,0.0
4000.0,2018-11-13,Other,,51.07%,703xx,LA,,0.0
20000.0,2018-11-13,Credit card refinancing,,63.53%,198xx,DE,< 1 year,0.0
36000.0,2018-11-14,Credit card refinancing,,1474.67%,972xx,OR,< 1 year,0.0
26000.0,2018-11-14,Debt consolidation,,31.68%,543xx,WI,< 1 year,0.0
15000.0,2018-11-14,Debt consolidation,,17.58%,762xx,TX,< 1 year,0.0
2500.0,2018-11-14,Debt consolidation,,42.94%,350xx,AL,1 year,0.0
15000.0,2018-11-14,Other,,8.87%,331xx,FL,< 1 year,0.0
25000.0,2018-11-14,Car financing,,13.27%,282xx,NC,< 1 year,0.0
2000.0,2018-11-14,Other,,0.43%,945xx,CA,< 1 year,0.0
4000.0,2018-11-14,Debt consolidation,,30.92%,850xx,AZ,< 1 year,0.0
19000.0,2018-11-14,Other,,100%,992xx,WA,< 1 year,0.0
1000.0,2018-11-14,Moving and relocation,,46.08%,770xx,TX,< 1 year,0.0
25000.0,2018-11-14,Home buying,,7.06%,020xx,MA,< 1 year,0.0
5500.0,2018-11-15,Debt consolidation,,16.01%,921xx,CA,< 1 year,0.0
5000.0,2018-11-15,Other,,12.99%,461xx,IN,< 1 year,0.0
12000.0,2018-11-15,Other,,100%,123xx,NY,,0.0
2000.0,2018-11-15,Credit card refinancing,,13.25%,760xx,TX,< 1 year,0.0
1300.0,2018-11-15,Other,,1.74%,441xx,OH,< 1 year,0.0
5000.0,2018-11-16,Other,,3.56%,620xx,IL,< 1 year,0.0
30000.0,2018-11-16,Debt consolidation,,44.12%,782xx,TX,< 1 year,0.0
3000.0,2018-11-16,Debt consolidation,585.0,56.9%,764xx,TX,< 1 year,0.0
3500.0,2018-11-17,Credit card refinancing,,12.15%,462xx,IN,< 1 year,0.0
13000.0,2018-11-17,Credit card refinancing,,74.42%,493xx,MI,,0.0
27000.0,2018-11-19,Other,,52.78%,953xx,CA,< 1 year,0.0
6000.0,2018-11-19,Debt consolidation,,29.92%,949xx,CA,< 1 year,0.0
40000.0,2018-11-19,Debt consolidation,,31.49%,714xx,LA,< 1 year,0.0
5000.0,2018-11-19,Car financing,585.0,0%,335xx,FL,< 1 year,0.0
13000.0,2018-11-19,Debt consolidation,,41.3%,980xx,WA,< 1 year,0.0
25000.0,2018-11-19,Debt consolidation,,18.26%,087xx,NJ,< 1 year,0.0
2400.0,2018-11-19,Vacation,,14.08%,223xx,VA,< 1 year,0.0
20000.0,2018-11-19,Credit card refinancing,,61.8%,115xx,NY,< 1 year,0.0
31000.0,2018-11-19,Major purchase,,12.65%,391xx,MS,< 1 year,0.0
40000.0,2018-11-20,Credit card refinancing,,46.24%,017xx,MA,< 1 year,0.0
25000.0,2018-11-20,Home buying,,100%,559xx,MN,< 1 year,0.0
40000.0,2018-11-20,Home improvement,,100%,337xx,FL,< 1 year,0.0
13000.0,2018-11-20,Debt consolidation,581.0,16.77%,907xx,CA,< 1 year,0.0
5000.0,2018-11-21,Other,,29.47%,420xx,KY,2 years,0.0
1500.0,2018-11-21,Debt consolidation,597.0,2.19%,616xx,IL,< 1 year,0.0
1000.0,2018-11-21,Home buying,,27.67%,389xx,MS,< 1 year,0.0
5000.0,2018-11-22,Debt consolidation,,14.36%,223xx,VA,< 1 year,0.0
40000.0,2018-11-22,Credit card refinancing,,49.26%,750xx,TX,< 1 year,0.0
12500.0,2018-11-23,Debt consolidation,,29.03%,594xx,MT,< 1 year,0.0
4000.0,2018-11-23,Credit card refinancing,,24.8%,333xx,FL,2 years,2.0
3050.0,2018-11-23,Other,,100%,300xx,GA,< 1 year,0.0
12000.0,2018-11-23,Credit card refinancing,,34.3%,982xx,WA,< 1 year,0.0
16750.0,2018-11-23,Debt consolidation,,28.81%,968xx,HI,< 1 year,0.0
10000.0,2018-11-23,Debt consolidation,,3.82%,958xx,CA,,0.0
5000.0,2018-11-23,Debt consolidation,,32725%,114xx,NY,< 1 year,0.0
1800.0,2018-11-24,Major purchase,,2.57%,112xx,NY,< 1 year,0.0
7000.0,2018-11-24,Credit card refinancing,,34.48%,672xx,KS,< 1 year,0.0
5000.0,2018-11-24,Debt consolidation,,46.38%,310xx,GA,< 1 year,0.0
35000.0,2018-11-25,Credit card refinancing,,100%,943xx,CA,< 1 year,0.0
25000.0,2018-11-25,Other,624.0,0%,618xx,IL,< 1 year,0.0
15000.0,2018-11-25,Credit card refinancing,,27.49%,328xx,FL,< 1 year,0.0
20000.0,2018-11-25,Other,,2.83%,606xx,IL,< 1 year,0.0
13425.0,2018-11-25,Car financing,,100%,840xx,UT,2 years,2.0
30000.0,2018-11-25,Debt consolidation,,42.06%,860xx,WV,< 1 year,0.0
17000.0,2018-11-25,Debt consolidation,,8.73%,334xx,FL,< 1 year,0.0
5600.0,2018-11-26,Other,,0%,392xx,MS,< 1 year,0.0
27475.0,2018-11-26,Car financing,,17.97%,054xx,VT,< 1 year,0.0
10000.0,2018-11-26,Debt consolidation,,39.24%,331xx,FL,< 1 year,0.0
6000.0,2018-11-26,Debt consolidation,,21.81%,444xx,OH,< 1 year,0.0
40000.0,2018-11-26,Major purchase,,4.67%,212xx,MD,< 1 year,0.0
15000.0,2018-11-26,Debt consolidation,,36.23%,169xx,PA,< 1 year,0.0
10000.0,2018-11-26,Debt consolidation,,51.06%,770xx,TX,< 1 year,0.0
5000.0,2018-11-26,Debt consolidation,,56.12%,352xx,AL,< 1 year,0.0
5000.0,2018-11-27,Other,,17.59%,984xx,WA,< 1 year,0.0
10000.0,2018-11-27,Debt consolidation,,13.81%,114xx,NY,< 1 year,0.0
10000.0,2018-11-27,Debt consolidation,,14.2%,724xx,AR,< 1 year,0.0
35000.0,2018-11-27,Debt consolidation,,1537.33%,470xx,IN,< 1 year,0.0
4000.0,2018-11-27,Credit card refinancing,,12.2%,537xx,WI,< 1 year,0.0
10000.0,2018-11-27,Home buying,,28.18%,774xx,TX,< 1 year,0.0
7000.0,2018-11-27,Debt consolidation,,25.87%,054xx,VT,< 1 year,0.0
30000.0,2018-11-27,Debt consolidation,,11.73%,701xx,LA,< 1 year,0.0
1250.0,2018-11-27,Other,,12.64%,930xx,CA,< 1 year,0.0
10000.0,2018-11-28,Credit card refinancing,,36.39%,707xx,LA,< 1 year,0.0
5000.0,2018-11-28,Other,548.0,100%,296xx,SC,2 years,0.0
15000.0,2018-11-28,Debt consolidation,,29.76%,320xx,FL,< 1 year,0.0
10000.0,2018-11-28,Debt consolidation,,24.03%,984xx,WA,< 1 year,0.0
10000.0,2018-11-28,Vacation,,2.12%,750xx,TX,< 1 year,0.0
10000.0,2018-11-28,Debt consolidation,,100%,021xx,MA,< 1 year,0.0
10000.0,2018-11-28,Debt consolidation,,9.46%,641xx,MO,< 1 year,0.0
3000.0,2018-11-28,Credit card refinancing,,27.04%,337xx,FL,< 1 year,0.0
5000.0,2018-11-28,Credit card refinancing,,8.52%,448xx,OH,< 1 year,0.0
16000.0,2018-11-28,Debt consolidation,,28.15%,840xx,UT,< 1 year,0.0
6000.0,2018-11-28,Credit card refinancing,,50.38%,931xx,CA,< 1 year,0.0
15000.0,2018-11-29,Debt consolidation,,17.63%,191xx,PA,< 1 year,0.0
12500.0,2018-11-29,Debt consolidation,,24.66%,282xx,NC,< 1 year,0.0
13500.0,2018-11-29,Debt consolidation,,13.64%,693xx,NE,< 1 year,0.0
5000.0,2018-11-29,Other,,12.28%,115xx,NY,< 1 year,0.0
10000.0,2018-11-29,Other,,5.38%,782xx,TX,3 years,0.0
35000.0,2018-11-29,Debt consolidation,,12.51%,436xx,OH,< 1 year,0.0
1000.0,2018-11-30,Debt consolidation,,8.82%,027xx,MA,< 1 year,0.0
2000.0,2018-11-30,Other,,19.16%,122xx,NY,< 1 year,0.0
40000.0,2018-11-30,Debt consolidation,,33.46%,609xx,IL,< 1 year,0.0
9000.0,2018-12-01,Debt consolidation,,25.51%,427xx,KY,< 1 year,0.0
35000.0,2018-12-01,Debt consolidation,,13.29%,911xx,CA,< 1 year,0.0
10000.0,2018-12-02,Debt consolidation,,100%,853xx,AZ,< 1 year,0.0
35500.0,2018-12-02,Debt consolidation,,100%,300xx,GA,< 1 year,0.0
2000.0,2018-12-03,Debt consolidation,,80.15%,238xx,VA,1 year,0.0
10000.0,2018-12-03,Debt consolidation,,8.79%,080xx,NJ,10+ years,0.0
40525.0,2018-12-03,Car financing,,100%,773xx,TX,10+ years,0.0
6000.0,2018-12-03,Debt consolidation,,44.15%,863xx,AZ,< 1 year,0.0
8500.0,2018-12-03,Credit card refinancing,,15.68%,344xx,FL,< 1 year,0.0
8000.0,2018-12-03,Other,,100%,344xx,FL,,0.0
6000.0,2018-12-03,Other,,18.15%,042xx,ME,< 1 year,0.0
30000.0,2018-12-04,Home buying,,29.13%,033xx,NH,< 1 year,0.0
10000.0,2018-12-04,Home buying,,36.29%,378xx,TN,< 1 year,0.0
4000.0,2018-12-04,Other,,19.68%,453xx,OH,< 1 year,0.0
7500.0,2018-12-04,Debt consolidation,,45.8%,601xx,IL,< 1 year,0.0
5000.0,2018-12-04,Debt consolidation,,8.36%,919xx,CA,< 1 year,0.0
2500.0,2018-12-04,Credit card refinancing,,17.98%,946xx,CA,< 1 year,0.0
5000.0,2018-12-04,Debt consolidation,,5.11%,331xx,FL,< 1 year,0.0
5000.0,2018-12-04,Debt consolidation,,21.5%,152xx,PA,< 1 year,0.0
12000.0,2018-12-05,Car financing,,26.58%,278xx,NC,< 1 year,0.0
15000.0,2018-12-05,Debt consolidation,,22.23%,105xx,NY,< 1 year,0.0
12000.0,2018-12-05,Debt consolidation,,27.06%,310xx,GA,< 1 year,0.0
7500.0,2018-12-05,Home improvement,,0.99%,299xx,SC,< 1 year,0.0
20000.0,2018-12-05,Debt consolidation,,36.05%,334xx,FL,< 1 year,0.0
25000.0,2018-12-05,Credit card refinancing,564.0,20.53%,945xx,CA,< 1 year,0.0
30000.0,2018-12-05,Home improvement,,20.85%,760xx,TX,< 1 year,0.0
35000.0,2018-12-05,Other,,50.72%,633xx,MO,< 1 year,0.0
25000.0,2018-12-05,Credit card refinancing,,100%,566xx,MN,< 1 year,0.0
10000.0,2018-12-06,Credit card refinancing,,20.5%,301xx,GA,< 1 year,0.0
2500.0,2018-12-07,Debt consolidation,,26.9%,610xx,IL,1 year,0.0
6000.0,2018-12-07,Other,,15.64%,932xx,CA,< 1 year,0.0
12000.0,2018-12-07,Credit card refinancing,,9.6%,903xx,CA,< 1 year,0.0
3500.0,2018-12-07,Other,,100%,923xx,CA,< 1 year,0.0
10000.0,2018-12-07,Business,,18.45%,113xx,NY,10+ years,0.0
3500.0,2018-12-07,Debt consolidation,,26.44%,293xx,SC,< 1 year,0.0
5000.0,2018-12-08,Debt consolidation,,7.68%,837xx,ID,< 1 year,0.0
15000.0,2018-12-08,Debt consolidation,,19.44%,300xx,GA,< 1 year,0.0
17000.0,2018-12-08,Debt consolidation,,42.95%,645xx,MO,< 1 year,0.0
40000.0,2018-12-08,Debt consolidation,,100%,275xx,NC,< 1 year,0.0
5000.0,2018-12-09,Debt consolidation,,100%,970xx,OR,< 1 year,0.0
20000.0,2018-12-09,Other,,24.47%,387xx,MS,< 1 year,0.0
12000.0,2018-12-10,Other,,37.73%,100xx,NY,< 1 year,0.0
6500.0,2018-12-10,Other,,0.44%,070xx,NJ,< 1 year,0.0
3000.0,2018-12-10,Debt consolidation,,33%,322xx,FL,3 years,0.0
5000.0,2018-12-10,Other,,55.61%,604xx,IL,< 1 year,0.0
5000.0,2018-12-10,Other,606.0,34.61%,460xx,IN,2 years,0.0
4925.0,2018-12-11,Other,518.0,100%,720xx,AR,< 1 year,0.0
10000.0,2018-12-11,Car financing,,0.6%,350xx,AL,< 1 year,0.0
7000.0,2018-12-11,Credit card refinancing,,16.35%,703xx,LA,< 1 year,0.0
1000.0,2018-12-11,Other,,44.36%,973xx,OR,< 1 year,0.0
10000.0,2018-12-11,Debt consolidation,,22.77%,953xx,CA,< 1 year,0.0
1000.0,2018-12-12,Debt consolidation,,23.49%,494xx,MI,< 1 year,0.0
1000.0,2018-12-12,Credit card refinancing,,27.1%,334xx,FL,< 1 year,0.0
10000.0,2018-12-12,Credit card refinancing,,49.37%,333xx,FL,< 1 year,0.0
5000.0,2018-12-12,Debt consolidation,,12.83%,019xx,MA,10+ years,0.0
6500.0,2018-12-12,Major purchase,,6.71%,631xx,MO,< 1 year,0.0
36000.0,2018-12-12,Debt consolidation,,309.02%,757xx,TX,< 1 year,0.0
17000.0,2018-12-12,Debt consolidation,,11.73%,300xx,GA,< 1 year,0.0
1000.0,2018-12-12,Debt consolidation,,0%,238xx,VA,< 1 year,0.0
20000.0,2018-12-13,Business,,100%,308xx,GA,,0.0
10000.0,2018-12-14,Other,,60.27%,436xx,OH,< 1 year,0.0
25000.0,2018-12-14,Debt consolidation,,0.86%,334xx,FL,< 1 year,0.0
5000.0,2018-12-15,Debt consolidation,,19.78%,275xx,NC,< 1 year,0.0
15000.0,2018-12-15,Credit card refinancing,,23.98%,300xx,GA,< 1 year,0.0
25000.0,2018-12-15,Debt consolidation,,28.05%,494xx,MI,< 1 year,0.0
3000.0,2018-12-15,Debt consolidation,,2.29%,191xx,PA,2 years,0.0
3000.0,2018-12-15,Debt consolidation,,46.93%,024xx,MA,< 1 year,0.0
15000.0,2018-12-15,Debt consolidation,,8.99%,027xx,MA,< 1 year,0.0
2500.0,2018-12-16,Medical expenses,,0.12%,395xx,MS,< 1 year,0.0
1000.0,2018-12-16,Other,,12.36%,631xx,MO,5 years,0.0
9500.0,2018-12-17,Credit card refinancing,,33.27%,757xx,TX,< 1 year,0.0
12000.0,2018-12-17,Major purchase,,12.61%,494xx,MI,< 1 year,0.0
8000.0,2018-12-17,Debt consolidation,,14.56%,446xx,OH,< 1 year,0.0
15000.0,2018-12-17,Credit card refinancing,,33.4%,808xx,CO,< 1 year,0.0
3000.0,2018-12-17,Other,,19.44%,333xx,FL,< 1 year,0.0
10000.0,2018-12-17,Credit card refinancing,701.0,1.35%,770xx,TX,< 1 year,0.0
10000.0,2018-12-17,Debt consolidation,,8685.71%,902xx,CA,< 1 year,0.0
1000.0,2018-12-18,Other,,0.47%,547xx,WI,4 years,0.0
1000.0,2018-12-18,Other,,21.77%,347xx,FL,< 1 year,0.0
6000.0,2018-12-18,Debt consolidation,,100%,021xx,MA,< 1 year,0.0
10200.0,2018-12-18,Debt consolidation,,35.03%,080xx,NJ,1 year,2.0
2000.0,2018-12-19,Credit card refinancing,,3.22%,190xx,PA,< 1 year,0.0
30000.0,2018-12-19,Debt consolidation,,45.01%,150xx,PA,< 1 year,0.0
4000.0,2018-12-19,Credit card refinancing,,33%,840xx,UT,< 1 year,0.0
25000.0,2018-12-19,Debt consolidation,,22.94%,980xx,WA,< 1 year,0.0
30000.0,2018-12-19,Debt consolidation,,39.63%,891xx,NV,< 1 year,0.0
9000.0,2018-12-20,Debt consolidation,,30.08%,948xx,CA,10+ years,0.0
1500.0,2018-12-20,Other,,1.08%,373xx,TN,< 1 year,0.0
1000.0,2018-12-21,Other,,100%,850xx,AZ,5 years,0.0
1000.0,2018-12-21,Other,,0%,752xx,TX,3 years,0.0
1000.0,2018-12-21,Home buying,,13.23%,276xx,NC,< 1 year,0.0
10000.0,2018-12-21,Other,,1.11%,891xx,NV,< 1 year,0.0
10000.0,2018-12-21,Credit card refinancing,,29.44%,936xx,CA,< 1 year,0.0
35000.0,2018-12-21,Credit card refinancing,,45.75%,980xx,WA,< 1 year,0.0
14500.0,2018-12-22,Car financing,,2.78%,801xx,CO,< 1 year,0.0
15000.0,2018-12-22,Home buying,,11.4%,320xx,FL,< 1 year,0.0
8000.0,2018-12-22,Other,641.0,1%,458xx,OH,< 1 year,0.0
5000.0,2018-12-22,Other,,12%,294xx,SC,< 1 year,0.0
1000.0,2018-12-23,Debt consolidation,,35.83%,775xx,TX,4 years,0.0
40000.0,2018-12-23,Debt consolidation,,100%,494xx,MI,< 1 year,0.0
5000.0,2018-12-23,Debt consolidation,,0.7%,300xx,GA,10+ years,0.0
1500.0,2018-12-24,Debt consolidation,,5.38%,100xx,NY,< 1 year,0.0
7800.0,2018-12-24,Debt consolidation,,40.69%,686xx,NE,< 1 year,0.0
23500.0,2018-12-24,Credit card refinancing,,19%,063xx,CT,< 1 year,0.0
30000.0,2018-12-25,Credit card refinancing,,100%,161xx,PA,< 1 year,0.0
22000.0,2018-12-26,Credit card refinancing,,40.38%,784xx,TX,< 1 year,0.0
8000.0,2018-12-26,Debt consolidation,,30.15%,327xx,FL,< 1 year,0.0
10000.0,2018-12-26,Credit card refinancing,,14.4%,590xx,MT,< 1 year,0.0
35000.0,2018-12-26,Other,,15.28%,925xx,CA,< 1 year,0.0
27000.0,2018-12-26,Business,,6.53%,024xx,MA,< 1 year,0.0
8000.0,2018-12-26,Car financing,,46.6%,409xx,KY,< 1 year,0.0
1000.0,2018-12-26,Home buying,,1.63%,750xx,TX,9 years,0.0
20000.0,2018-12-27,Major purchase,,1.18%,323xx,FL,< 1 year,0.0
10000.0,2018-12-27,Debt consolidation,,41.15%,212xx,MD,< 1 year,0.0
8000.0,2018-12-27,Debt consolidation,,16.91%,678xx,KS,< 1 year,0.0
5500.0,2018-12-27,Credit card refinancing,,66.84%,784xx,TX,< 1 year,0.0
10000.0,2018-12-28,Car financing,,39.13%,180xx,PA,< 1 year,0.0
39000.0,2018-12-28,Credit card refinancing,,28.02%,941xx,CA,< 1 year,0.0
5000.0,2018-12-28,Other,,22.31%,104xx,NY,< 1 year,0.0
12000.0,2018-12-28,Debt consolidation,,9.02%,982xx,WA,< 1 year,0.0
1000.0,2018-12-29,Other,,2.21%,760xx,TX,< 1 year,0.0
3000.0,2018-12-29,Debt consolidation,,164.79%,913xx,CA,< 1 year,0.0
5000.0,2018-12-30,Other,,15.3%,815xx,CO,,0.0
10000.0,2018-12-30,Credit card refinancing,,10.01%,024xx,MA,< 1 year,0.0
15000.0,2018-12-30,Vacation,,31.86%,322xx,FL,< 1 year,0.0
8500.0,2018-12-31,Other,,18.43%,191xx,PA,< 1 year,0.0
15000.0,2018-12-31,Credit card refinancing,,38.53%,560xx,MN,< 1 year,0.0
3000.0,2018-12-31,Debt consolidation,,26.8%,433xx,OH,5 years,0.0
10000.0,2018-12-31,Major purchase,,3.12%,484xx,MI,< 1 year,0.0
12000.0,2018-12-31,Debt consolidation,,27.69%,189xx,PA,< 1 year,0.0
10000.0,2018-12-31,Debt consolidation,,27.66%,401xx,KY,< 1 year,0.0
7500.0,2018-04-01,Debt consolidation,,34.37%,729xx,AR,< 1 year,0.0
15000.0,2018-04-01,Home improvement,,0.39%,021xx,MA,2 years,0.0
10000.0,2018-04-02,Major purchase,,0%,112xx,NY,< 1 year,0.0
1500.0,2018-04-02,Other,,51.98%,086xx,NJ,< 1 year,0.0
20000.0,2018-04-02,Business Loan,,-1%,331xx,FL,< 1 year,0.0
2000.0,2018-04-02,Debt consolidation,,22.91%,784xx,TX,< 1 year,0.0
40000.0,2018-04-02,Debt consolidation,,20.83%,801xx,CO,< 1 year,0.0
30000.0,2018-04-02,Other,,100%,114xx,NY,< 1 year,0.0
10000.0,2018-04-03,Debt consolidation,,19.98%,220xx,VA,< 1 year,0.0
25000.0,2018-04-03,Home buying,,15.4%,785xx,TX,< 1 year,0.0
10000.0,2018-04-03,Credit card refinancing,,19.99%,018xx,MA,< 1 year,0.0
10000.0,2018-04-03,Other,,45.61%,312xx,GA,< 1 year,0.0
5000.0,2018-04-03,Other,,11.74%,752xx,TX,< 1 year,0.0
30000.0,2018-04-03,Major purchase,,14.12%,903xx,CA,< 1 year,0.0
20000.0,2018-04-04,Credit card refinancing,,63.8%,841xx,UT,< 1 year,0.0
40000.0,2018-04-04,Debt consolidation,,4.56%,076xx,NJ,5 years,0.0
3000.0,2018-04-04,Other,631.0,32.16%,277xx,NC,< 1 year,0.0
24500.0,2018-04-04,Debt consolidation,,51.43%,735xx,OK,< 1 year,0.0
10000.0,2018-04-04,Debt consolidation,,16.14%,193xx,PA,< 1 year,0.0
35000.0,2018-04-04,Debt consolidation,,1.27%,337xx,FL,2 years,0.0
7500.0,2018-04-04,Vacation,,26.84%,890xx,NV,< 1 year,0.0
30000.0,2018-04-04,Medical expenses,,13.8%,770xx,TX,< 1 year,0.0
22275.0,2018-04-04,Credit card refinancing,,69.03%,021xx,MA,< 1 year,0.0
8500.0,2018-04-04,Debt consolidation,,15.31%,196xx,PA,< 1 year,0.0
3000.0,2018-04-05,Debt consolidation,,34.39%,773xx,TX,< 1 year,0.0
10000.0,2018-04-05,Debt consolidation,,32.12%,775xx,TX,< 1 year,0.0
8000.0,2018-04-05,Debt consolidation,,7.73%,770xx,TX,< 1 year,0.0
7500.0,2018-04-05,Debt consolidation,,14.02%,924xx,CA,< 1 year,0.0
1000.0,2018-04-06,Other,,28.92%,576xx,SD,< 1 year,0.0
5000.0,2018-04-06,Other,,26.82%,254xx,WV,< 1 year,0.0
3500.0,2018-04-07,Other,,10.87%,770xx,TX,< 1 year,0.0
14500.0,2018-04-07,Other,,6.65%,478xx,IN,< 1 year,0.0
2500.0,2018-04-07,Home improvement,,31.78%,535xx,WI,< 1 year,0.0
20000.0,2018-04-07,Debt consolidation,,41.22%,112xx,NY,< 1 year,0.0
30000.0,2018-04-07,Debt consolidation,,43.14%,201xx,VA,< 1 year,0.0
5000.0,2018-04-07,Credit card refinancing,,3.57%,344xx,FL,< 1 year,0.0
10000.0,2018-04-07,Other,,5.52%,917xx,CA,< 1 year,0.0
7000.0,2018-04-08,Other,,15.44%,347xx,FL,< 1 year,0.0
5000.0,2018-04-08,Business,,15.64%,018xx,MA,< 1 year,0.0
20000.0,2018-04-08,Credit card refinancing,,37.23%,298xx,SC,< 1 year,0.0
4000.0,2018-04-08,Debt consolidation,,57.36%,260xx,WV,< 1 year,0.0
25000.0,2018-04-09,Debt consolidation,,12.12%,441xx,OH,< 1 year,0.0
3000.0,2018-04-09,Debt consolidation,,12.63%,780xx,TX,< 1 year,0.0
5000.0,2018-04-10,Credit card refinancing,,58.15%,920xx,CA,< 1 year,0.0
5000.0,2018-04-10,Credit card refinancing,,17.24%,331xx,FL,< 1 year,0.0
10000.0,2018-04-10,Debt consolidation,,27.88%,230xx,VA,< 1 year,0.0
1000.0,2018-04-10,Debt consolidation,,25.54%,373xx,TN,< 1 year,0.0
30000.0,2018-04-10,Credit card refinancing,,43.74%,273xx,NC,< 1 year,0.0
5000.0,2018-04-10,Debt consolidation,,37.72%,351xx,AL,< 1 year,0.0
25000.0,2018-04-11,Other,,3.47%,531xx,WI,< 1 year,0.0
2500.0,2018-04-11,Credit card refinancing,,18.72%,492xx,MI,< 1 year,0.0
8000.0,2018-04-11,Debt consolidation,,41.96%,741xx,OK,< 1 year,0.0
5000.0,2018-04-11,Credit card refinancing,,51.34%,161xx,PA,< 1 year,0.0
1400.0,2018-04-11,Other,,1.79%,392xx,MS,< 1 year,0.0
10000.0,2018-04-11,Credit card refinancing,,100%,802xx,CO,< 1 year,0.0
3000.0,2018-04-11,Other,,8.11%,750xx,TX,< 1 year,0.0
5000.0,2018-04-12,Debt consolidation,,10.21%,900xx,CA,< 1 year,0.0
20000.0,2018-04-12,Car financing,,18.86%,117xx,NY,< 1 year,0.0
20000.0,2018-04-12,Home improvement,,17.09%,273xx,NC,< 1 year,0.0
40000.0,2018-04-12,Debt consolidation,,22.62%,551xx,MN,< 1 year,0.0
5000.0,2018-04-12,Debt consolidation,,40.05%,062xx,CT,< 1 year,0.0
7000.0,2018-04-13,Debt consolidation,,29.3%,770xx,TX,< 1 year,0.0
20000.0,2018-04-13,Other,,8.14%,765xx,TX,< 1 year,0.0
25000.0,2018-04-13,Debt consolidation,,67.36%,785xx,TX,< 1 year,0.0
5000.0,2018-04-13,Debt consolidation,,197.9%,760xx,TX,< 1 year,0.0
3000.0,2018-04-14,Home improvement,,2004.88%,926xx,CA,< 1 year,0.0
10000.0,2018-04-14,Other,,1.53%,034xx,NH,,0.0
20000.0,2018-04-14,Debt consolidation,,20.56%,662xx,KS,< 1 year,0.0
1000.0,2018-04-14,Other,,0%,494xx,MI,< 1 year,0.0
10000.0,2018-04-15,Debt consolidation,,0%,840xx,UT,< 1 year,0.0
20000.0,2018-04-15,Credit card refinancing,,32.69%,027xx,MA,< 1 year,0.0
5000.0,2018-04-16,Moving and relocation,,10.15%,805xx,CO,< 1 year,0.0
10000.0,2018-04-16,Other,,9.82%,300xx,GA,< 1 year,0.0
10000.0,2018-04-16,Credit card refinancing,,2.55%,708xx,LA,< 1 year,0.0
4700.0,2018-04-16,Debt consolidation,,9.63%,151xx,PA,< 1 year,0.0
30000.0,2018-04-16,Debt consolidation,,0%,809xx,CO,< 1 year,0.0
25000.0,2018-04-17,Credit card refinancing,,65.92%,956xx,CA,< 1 year,0.0
25000.0,2018-04-17,Debt consolidation,,36.19%,300xx,GA,< 1 year,0.0
10000.0,2018-04-17,Credit card refinancing,,9.92%,601xx,IL,< 1 year,0.0
30000.0,2018-04-17,Credit card refinancing,,14.37%,064xx,CT,< 1 year,0.0
10000.0,2018-04-17,Debt consolidation,,32.34%,857xx,AZ,< 1 year,0.0
11000.0,2018-04-17,Debt consolidation,,43.16%,810xx,CO,< 1 year,0.0
40000.0,2018-04-17,Major purchase,,2.39%,925xx,CA,< 1 year,0.0
1000.0,2018-04-17,Other,,0%,532xx,WI,< 1 year,0.0
10000.0,2018-04-17,Debt consolidation,,40.68%,450xx,OH,< 1 year,0.0
2000.0,2018-04-17,Medical expenses,,9.32%,797xx,TX,< 1 year,0.0
35000.0,2018-04-17,Credit card refinancing,,36.97%,061xx,CT,< 1 year,0.0
1500.0,2018-04-18,Debt consolidation,,19.33%,450xx,OH,< 1 year,0.0
9000.0,2018-04-18,Moving and relocation,,20.81%,109xx,NY,< 1 year,0.0
30000.0,2018-04-18,Home buying,,5.82%,105xx,NY,< 1 year,0.0
1000.0,2018-04-18,Debt consolidation,,17.63%,212xx,MD,< 1 year,0.0
5000.0,2018-04-19,Other,,15.08%,377xx,TN,< 1 year,0.0
30000.0,2018-04-19,Moving and relocation,,0%,806xx,CO,< 1 year,0.0
13950.0,2018-04-19,Car financing,,100%,331xx,FL,< 1 year,0.0
9000.0,2018-04-19,Debt consolidation,,53.64%,945xx,CA,< 1 year,0.0
20000.0,2018-04-20,Home improvement,,25.4%,864xx,AZ,< 1 year,0.0
1500.0,2018-04-20,Other,621.0,1595.65%,535xx,WI,< 1 year,0.0
1000.0,2018-04-20,Moving and relocation,,71.2%,759xx,TX,< 1 year,0.0
1000.0,2018-04-20,Medical expenses,,5.98%,027xx,MA,< 1 year,0.0
2500.0,2018-04-20,Debt consolidation,,39%,924xx,CA,< 1 year,0.0
10000.0,2018-04-20,Debt consolidation,,13.89%,383xx,TN,< 1 year,0.0
15000.0,2018-04-20,Home buying,,2.69%,104xx,NY,2 years,0.0
10000.0,2018-04-21,Debt consolidation,,59.67%,041xx,ME,< 1 year,0.0
10000.0,2018-04-21,Credit card refinancing,,26.27%,607xx,IL,< 1 year,0.0
10000.0,2018-04-21,Debt consolidation,,11.15%,027xx,MA,< 1 year,0.0
10000.0,2018-04-21,Credit card refinancing,,9.03%,750xx,TX,< 1 year,0.0
2500.0,2018-04-22,Other,,8.23%,037xx,NH,10+ years,0.0
30000.0,2018-04-22,Debt consolidation,,1.46%,128xx,NY,1 year,0.0
4800.0,2018-04-23,Medical expenses,,25.99%,070xx,NJ,< 1 year,0.0
20000.0,2018-04-23,Debt consolidation,670.0,29.84%,324xx,FL,2 years,0.0
2000.0,2018-04-23,Debt consolidation,,100%,211xx,MD,< 1 year,0.0
22000.0,2018-04-24,Debt consolidation,,54.19%,788xx,TX,< 1 year,0.0
40000.0,2018-04-24,Credit card refinancing,,41.61%,740xx,OK,< 1 year,0.0
5000.0,2018-04-24,Other,,25.96%,296xx,SC,< 1 year,0.0
3000.0,2018-04-24,Other,,9.36%,384xx,TN,< 1 year,0.0
35000.0,2018-04-24,Debt consolidation,,123.1%,945xx,CA,< 1 year,0.0
5000.0,2018-04-24,Other,,12.96%,960xx,CA,< 1 year,0.0
17000.0,2018-04-24,Credit card refinancing,,29.56%,761xx,TX,< 1 year,0.0
30000.0,2018-04-25,Debt consolidation,,43.14%,774xx,TX,< 1 year,0.0
20000.0,2018-04-25,Debt consolidation,,20760%,112xx,NY,< 1 year,0.0
5000.0,2018-04-25,Other,,26.83%,756xx,TX,< 1 year,0.0
8000.0,2018-04-25,Other,731.0,18.1%,357xx,AL,1 year,0.0
2000.0,2018-04-25,Other,,0.53%,958xx,CA,,0.0
6500.0,2018-04-26,Major purchase,,12.07%,752xx,TX,< 1 year,0.0
10000.0,2018-04-26,Credit card refinancing,,36.76%,061xx,CT,< 1 year,0.0
10300.0,2018-04-28,Car financing,,100%,328xx,FL,< 1 year,0.0
10000.0,2018-04-28,Other,,4.21%,730xx,OK,< 1 year,0.0
5000.0,2018-04-28,Debt consolidation,,17.98%,076xx,NJ,< 1 year,0.0
25000.0,2018-04-28,Home improvement,,9.02%,337xx,FL,< 1 year,0.0
10000.0,2018-04-28,Debt consolidation,,2.2%,076xx,NJ,< 1 year,0.0
1000.0,2018-04-29,Other,,0%,657xx,MO,< 1 year,0.0
1000.0,2018-04-29,Other,,10.12%,433xx,OH,< 1 year,0.0
2500.0,2018-04-29,Debt consolidation,,0.29%,330xx,FL,< 1 year,0.0
4500.0,2018-04-29,Debt consolidation,,16.23%,086xx,NJ,< 1 year,0.0
10000.0,2018-04-29,Debt consolidation,,100%,325xx,FL,< 1 year,0.0
2000.0,2018-04-29,Other,,1.76%,770xx,TX,< 1 year,0.0
1000.0,2018-04-29,Debt consolidation,,1.28%,463xx,IN,< 1 year,0.0
7500.0,2018-04-29,Other,646.0,0.86%,751xx,TX,< 1 year,0.0
3000.0,2018-04-30,Other,,18.16%,277xx,NC,< 1 year,0.0
10000.0,2018-04-30,Credit card refinancing,,12.89%,191xx,PA,< 1 year,0.0
35000.0,2018-04-30,Debt consolidation,,20.45%,902xx,CA,< 1 year,0.0
10000.0,2018-04-30,Debt consolidation,,35.42%,339xx,FL,< 1 year,0.0
3000.0,2018-04-30,Credit card refinancing,,15.24%,481xx,MI,< 1 year,0.0
16975.0,2018-04-30,Car financing,,100%,727xx,AR,< 1 year,0.0
6000.0,2018-04-30,Debt consolidation,,21.87%,333xx,FL,2 years,0.0
26000.0,2018-04-30,Debt consolidation,,49.85%,327xx,FL,< 1 year,0.0
6000.0,2018-04-30,Credit card refinancing,,5.81%,928xx,CA,< 1 year,0.0
7000.0,2018-04-30,Debt consolidation,,7.5%,359xx,AL,< 1 year,0.0
2500.0,2018-04-30,Debt consolidation,,16.7%,191xx,PA,< 1 year,0.0
2000.0,2018-05-01,Credit card refinancing,,16.13%,333xx,FL,< 1 year,0.0
35000.0,2018-05-01,Debt consolidation,,3.97%,935xx,CA,< 1 year,0.0
4000.0,2018-05-01,Major purchase,,21.17%,740xx,OK,< 1 year,0.0
5000.0,2018-05-01,Major purchase,,13.05%,381xx,TN,< 1 year,0.0
10000.0,2018-05-01,Other,,8.61%,762xx,TX,< 1 year,0.0
10000.0,2018-05-02,Debt consolidation,,11.84%,770xx,TX,< 1 year,0.0
2500.0,2018-05-02,Home buying,,21.84%,390xx,MS,< 1 year,0.0
12500.0,2018-05-02,Debt consolidation,,20.08%,681xx,NE,< 1 year,0.0
20000.0,2018-05-02,Credit card refinancing,,42.16%,285xx,NC,< 1 year,0.0
1000.0,2018-05-02,Other,545.0,6.3%,461xx,IN,< 1 year,0.0
2000.0,2018-05-02,Other,,2.33%,100xx,NY,< 1 year,0.0
10000.0,2018-05-02,Credit card refinancing,,12.74%,331xx,FL,< 1 year,0.0
40000.0,2018-05-03,Credit card refinancing,,16%,068xx,CT,< 1 year,0.0
14475.0,2018-05-03,Car financing,,100%,379xx,TN,3 years,0.0
23000.0,2018-05-03,Credit card refinancing,,27.03%,937xx,CA,< 1 year,0.0
13000.0,2018-05-03,Credit card refinancing,,40.69%,300xx,GA,< 1 year,0.0
1000.0,2018-05-03,Medical expenses,,91.35%,322xx,FL,< 1 year,0.0
35000.0,2018-05-04,Credit card refinancing,,14.02%,950xx,CA,1 year,0.0
18350.0,2018-05-04,Car financing,,100%,778xx,TX,< 1 year,0.0
30000.0,2018-05-04,Debt consolidation,,45.38%,331xx,FL,< 1 year,0.0
5500.0,2018-05-05,Other,,33.98%,951xx,CA,< 1 year,0.0
6000.0,2018-05-06,Other,,24.06%,235xx,VA,< 1 year,0.0
19000.0,2018-05-06,Debt consolidation,,43.05%,986xx,WA,< 1 year,0.0
2000.0,2018-05-07,Other,,22.27%,333xx,FL,< 1 year,0.0
10000.0,2018-05-07,Other,,7.8%,292xx,SC,< 1 year,0.0
2500.0,2018-05-07,Debt consolidation,,69.33%,726xx,AR,< 1 year,0.0
10000.0,2018-05-07,Credit card refinancing,,6.84%,913xx,CA,< 1 year,0.0
5000.0,2018-05-07,Vacation,,18.43%,559xx,MN,< 1 year,0.0
5000.0,2018-05-07,Car financing,,11.69%,933xx,CA,< 1 year,0.0
10000.0,2018-05-07,Credit card refinancing,,20.59%,967xx,HI,< 1 year,0.0
100000.0,2018-05-07,Business Loan,,-1%,361xx,AL,< 1 year,0.0
16000.0,2018-05-08,Other,,27.26%,335xx,FL,< 1 year,0.0
2500.0,2018-05-08,Other,,44.92%,207xx,MD,< 1 year,0.0
2000.0,2018-05-08,Other,,16.56%,028xx,RI,< 1 year,0.0
5000.0,2018-05-08,Debt consolidation,,21.45%,318xx,GA,< 1 year,0.0
40000.0,2018-05-08,Debt consolidation,,39.32%,995xx,AK,< 1 year,0.0
1000.0,2018-05-08,Moving and relocation,595.0,14.26%,980xx,WA,< 1 year,0.0
2000.0,2018-05-09,Other,,17.4%,427xx,KY,< 1 year,0.0
2200.0,2018-05-09,Debt consolidation,,14.24%,238xx,VA,,0.0
5000.0,2018-05-09,Debt consolidation,,2.64%,335xx,FL,< 1 year,0.0
10000.0,2018-05-09,Other,,14.81%,078xx,NJ,< 1 year,0.0
5000.0,2018-05-09,Other,,89.15%,900xx,CA,< 1 year,0.0
10000.0,2018-05-09,Other,,1.73%,304xx,GA,< 1 year,0.0
8500.0,2018-05-10,Debt consolidation,,29.86%,199xx,DE,< 1 year,0.0
6000.0,2018-05-10,Debt consolidation,,87.05%,279xx,NC,< 1 year,0.0
3000.0,2018-05-10,Debt consolidation,,26.5%,327xx,FL,< 1 year,0.0
30000.0,2018-05-10,Home buying,,100%,064xx,CT,< 1 year,0.0
2000.0,2018-05-10,Moving and relocation,,30.78%,307xx,GA,< 1 year,0.0
26325.0,2018-05-10,Car financing,,100%,720xx,AR,1 year,2.0
10000.0,2018-05-10,Other,,21.56%,463xx,IN,< 1 year,0.0
10000.0,2018-05-11,Debt consolidation,,218.78%,773xx,TX,< 1 year,0.0
15000.0,2018-05-11,Home buying,,30.71%,486xx,MI,< 1 year,0.0
3000.0,2018-05-11,Debt consolidation,,2.23%,482xx,MI,< 1 year,0.0
2000.0,2018-05-11,Debt consolidation,,100%,142xx,NY,< 1 year,0.0
35000.0,2018-05-11,Debt consolidation,,29.16%,910xx,CA,< 1 year,0.0
5000.0,2018-05-12,Home buying,,4.16%,322xx,FL,,0.0
9000.0,2018-05-12,Debt consolidation,,43.94%,597xx,MT,< 1 year,0.0
6000.0,2018-05-12,Major purchase,,1.61%,989xx,WA,< 1 year,0.0
5000.0,2018-05-13,Other,,26.04%,105xx,NY,< 1 year,0.0
15000.0,2018-05-13,Debt consolidation,,4.26%,100xx,NY,< 1 year,0.0
10000.0,2018-05-14,Debt consolidation,,18.79%,333xx,FL,< 1 year,0.0
3000.0,2018-05-14,Other,,100.5%,310xx,GA,< 1 year,0.0
30000.0,2018-05-14,Debt consolidation,,100%,891xx,NV,< 1 year,0.0
2000.0,2018-05-14,Car financing,,0%,381xx,TN,< 1 year,0.0
15550.0,2018-05-14,Other,,42.83%,064xx,CT,< 1 year,0.0
20000.0,2018-05-14,Car financing,,11.84%,186xx,PA,< 1 year,0.0
20000.0,2018-05-14,Major purchase,,21.51%,217xx,MD,< 1 year,0.0
35000.0,2018-05-14,Debt consolidation,,130.73%,207xx,MD,< 1 year,0.0
10000.0,2018-05-14,Other,,7.45%,891xx,NV,< 1 year,0.0
12000.0,2018-05-14,Other,,14.93%,453xx,OH,< 1 year,0.0
30000.0,2018-05-14,Debt consolidation,,5.86%,064xx,CT,< 1 year,0.0
2700.0,2018-05-15,Other,,18.63%,958xx,CA,< 1 year,0.0
1000.0,2018-05-15,Other,,27.11%,236xx,VA,< 1 year,0.0
3000.0,2018-05-15,Debt consolidation,,2.1%,926xx,CA,< 1 year,0.0
3500.0,2018-05-15,Credit card refinancing,,341.67%,300xx,GA,< 1 year,0.0
10000.0,2018-05-15,Debt consolidation,,20.21%,346xx,FL,< 1 year,0.0
20000.0,2018-05-15,Debt consolidation,,100%,011xx,MA,< 1 year,0.0
9500.0,2018-05-15,Other,,1.3%,152xx,PA,< 1 year,0.0
40000.0,2018-05-15,Debt consolidation,,71.16%,762xx,TX,< 1 year,0.0
1000.0,2018-05-15,Medical expenses,,27.95%,156xx,PA,< 1 year,0.0
15000.0,2018-05-15,Debt consolidation,,29.29%,871xx,NM,< 1 year,0.0
3000.0,2018-05-15,Car financing,568.0,5.93%,927xx,CA,< 1 year,0.0
25000.0,2018-05-15,Debt consolidation,,23.98%,133xx,NY,< 1 year,0.0
10000.0,2018-05-16,Other,,16.97%,275xx,NC,3 years,0.0
2600.0,2018-05-16,Other,,28.23%,765xx,TX,< 1 year,0.0
25000.0,2018-05-16,Debt consolidation,,36.49%,631xx,MO,< 1 year,0.0
6000.0,2018-05-16,Debt consolidation,,29.57%,900xx,CA,< 1 year,0.0
10000.0,2018-05-16,Other,,1.88%,212xx,MD,< 1 year,0.0
5000.0,2018-05-16,Debt consolidation,,26.16%,799xx,TX,< 1 year,0.0
5000.0,2018-05-17,Car financing,,14.74%,864xx,AZ,< 1 year,0.0
5000.0,2018-05-17,Debt consolidation,,44.97%,042xx,ME,< 1 year,0.0
3000.0,2018-05-17,Home buying,,0.22%,444xx,OH,< 1 year,0.0
30000.0,2018-05-17,Other,,105.85%,201xx,VA,< 1 year,0.0
30000.0,2018-05-17,Debt consolidation,,7.91%,605xx,IL,< 1 year,0.0
1000.0,2018-05-17,Other,,39.86%,207xx,MD,< 1 year,0.0
1000.0,2018-05-17,Medical expenses,,0%,932xx,CA,< 1 year,0.0
25000.0,2018-05-18,Debt consolidation,,55.83%,933xx,CA,< 1 year,0.0
10000.0,2018-05-18,Debt consolidation,,10.6%,673xx,KS,< 1 year,0.0
1600.0,2018-05-18,Other,,49.66%,339xx,FL,< 1 year,0.0
2000.0,2018-05-18,Debt consolidation,,16.93%,630xx,MO,< 1 year,0.0
5000.0,2018-05-18,Debt consolidation,,7.26%,071xx,NJ,< 1 year,0.0
1500.0,2018-05-19,Debt consolidation,,7.95%,021xx,MA,< 1 year,0.0
12000.0,2018-05-19,Other,,38.56%,320xx,FL,< 1 year,0.0
10000.0,2018-05-20,Credit card refinancing,,23.64%,332xx,FL,< 1 year,0.0
2500.0,2018-05-20,Other,,32.58%,347xx,FL,< 1 year,0.0
1700.0,2018-05-21,Other,,1.87%,925xx,CA,< 1 year,0.0
6000.0,2018-05-21,Debt consolidation,,12.94%,539xx,WI,< 1 year,0.0
7000.0,2018-05-21,Major purchase,,540.28%,672xx,KS,< 1 year,0.0
1500.0,2018-05-21,Moving and relocation,,10.65%,781xx,TX,< 1 year,0.0
10000.0,2018-05-21,Home buying,,25.2%,600xx,IL,< 1 year,0.0
20000.0,2018-05-22,Debt consolidation,,100%,297xx,SC,< 1 year,0.0
10000.0,2018-05-22,Debt consolidation,,9.85%,634xx,MO,< 1 year,0.0
4500.0,2018-05-22,Moving and relocation,,18.1%,559xx,MN,< 1 year,0.0
1000.0,2018-05-22,Credit card refinancing,,1.84%,915xx,CA,< 1 year,0.0
5300.0,2018-05-22,Car financing,,8.06%,377xx,TN,< 1 year,0.0
2000.0,2018-05-22,Moving and relocation,,11.42%,371xx,TN,< 1 year,0.0
7000.0,2018-05-22,Other,,10.72%,483xx,MI,6 years,0.0
4000.0,2018-05-22,Car financing,,17.88%,211xx,MD,< 1 year,0.0
28000.0,2018-05-22,Credit card refinancing,,8.47%,121xx,NY,< 1 year,0.0
20000.0,2018-05-22,Debt consolidation,689.0,52.62%,975xx,OR,< 1 year,0.0
24850.0,2018-05-22,Car financing,,100%,140xx,NY,4 years,0.0
20000.0,2018-05-22,Other,,100%,907xx,CA,< 1 year,0.0
35000.0,2018-05-22,Other,,17.64%,773xx,TX,10+ years,0.0
5000.0,2018-05-23,Debt consolidation,,19.65%,422xx,KY,< 1 year,0.0
5000.0,2018-05-23,Moving and relocation,,17.94%,018xx,MA,< 1 year,0.0
10000.0,2018-05-23,Credit card refinancing,,367.59%,804xx,CO,< 1 year,0.0
20000.0,2018-05-23,Debt consolidation,,10.15%,958xx,CA,2 years,0.0
28375.0,2018-05-23,Debt consolidation,,24.44%,984xx,WA,< 1 year,0.0
10000.0,2018-05-23,Debt consolidation,,100%,010xx,MA,< 1 year,0.0
10000.0,2018-05-23,Credit card refinancing,,100%,483xx,MI,< 1 year,0.0
20000.0,2018-05-23,Debt consolidation,,20.68%,482xx,MI,< 1 year,0.0
1000.0,2018-05-24,Moving and relocation,,24.71%,752xx,TX,< 1 year,0.0
7500.0,2018-05-24,Business Loan,,-1%,331xx,FL,< 1 year,0.0
5000.0,2018-05-24,Other,,18.47%,390xx,MS,< 1 year,0.0
5000.0,2018-05-24,Other,,11.88%,671xx,KS,< 1 year,0.0
2500.0,2018-05-24,Other,,100%,942xx,CA,< 1 year,0.0
15000.0,2018-05-24,Credit card refinancing,,7.7%,356xx,AL,< 1 year,0.0
5000.0,2018-05-25,Car financing,501.0,1.63%,953xx,CA,< 1 year,0.0
10000.0,2018-05-25,Debt consolidation,,84.59%,386xx,MS,< 1 year,0.0
18700.0,2018-05-25,Car financing,,100%,319xx,GA,3 years,0.0
6000.0,2018-05-25,Debt consolidation,,6.86%,912xx,CA,< 1 year,0.0
5000.0,2018-05-25,Home buying,,0%,212xx,MD,< 1 year,0.0
2500.0,2018-05-25,Moving and relocation,,17.77%,152xx,PA,< 1 year,0.0
10000.0,2018-05-26,Home improvement,,12980%,224xx,VA,< 1 year,0.0
20000.0,2018-05-26,Debt consolidation,,23.06%,921xx,CA,< 1 year,0.0
30000.0,2018-05-26,Debt consolidation,,45.91%,067xx,CT,< 1 year,0.0
5000.0,2018-05-27,Debt consolidation,,3.26%,305xx,GA,< 1 year,0.0
2000.0,2018-05-27,Other,,37.14%,770xx,TX,< 1 year,0.0
10000.0,2018-05-28,Business,,16.72%,465xx,IN,< 1 year,0.0
20000.0,2018-05-28,Debt consolidation,,23.63%,197xx,DE,< 1 year,0.0
10000.0,2018-05-28,Credit card refinancing,,20.88%,328xx,FL,< 1 year,0.0
20000.0,2018-05-28,Debt consolidation,,46.03%,781xx,TX,< 1 year,0.0
25000.0,2018-05-29,Other,,23.09%,142xx,NY,< 1 year,0.0
17700.0,2018-05-29,Car financing,,100%,190xx,PA,< 1 year,0.0
1500.0,2018-05-29,Vacation,,100%,462xx,IN,< 1 year,0.0
1000.0,2018-05-29,Debt consolidation,,20.47%,933xx,CA,< 1 year,0.0
30000.0,2018-05-29,Debt consolidation,,30.55%,113xx,NY,< 1 year,0.0
10000.0,2018-05-29,Debt consolidation,,12%,030xx,NH,< 1 year,0.0
20000.0,2018-05-30,Credit card refinancing,,25.4%,584xx,ND,< 1 year,0.0
2000.0,2018-05-30,Debt consolidation,,16.1%,750xx,TX,< 1 year,0.0
40000.0,2018-05-30,Home improvement,,8.44%,922xx,CA,< 1 year,0.0
1000.0,2018-05-30,Other,,5.58%,922xx,CA,< 1 year,0.0
1000.0,2018-05-31,Other,,0%,531xx,WI,< 1 year,0.0
7000.0,2018-05-31,Other,,29.94%,303xx,GA,1 year,0.0
10000.0,2018-05-31,Other,,20.27%,494xx,MI,< 1 year,0.0
19725.0,2018-06-01,Car financing,,100%,291xx,SC,< 1 year,0.0
35000.0,2018-06-01,Major purchase,,7.89%,472xx,IN,< 1 year,0.0
6000.0,2018-06-01,Other,,0.16%,335xx,FL,1 year,0.0
3000.0,2018-06-01,Credit card refinancing,,3.02%,300xx,GA,< 1 year,0.0
40000.0,2018-06-01,Credit card refinancing,,11.34%,111xx,NY,6 years,0.0
17800.0,2018-06-01,Car financing,,100%,852xx,AZ,< 1 year,0.0
6000.0,2018-06-01,Debt consolidation,,100%,826xx,WY,< 1 year,0.0
26500.0,2018-06-01,Debt consolidation,,100%,601xx,IL,< 1 year,0.0
30000.0,2018-06-02,Credit card refinancing,,23.02%,015xx,MA,< 1 year,0.0
8750.0,2018-06-02,Credit card refinancing,,8%,549xx,WI,< 1 year,0.0
35000.0,2018-06-02,Other,,2.79%,952xx,CA,< 1 year,0.0
2000.0,2018-06-02,Major purchase,,43.6%,750xx,TX,< 1 year,0.0
10000.0,2018-06-02,Credit card refinancing,,15.28%,431xx,OH,< 1 year,0.0
2500.0,2018-06-02,Car financing,,6.67%,441xx,OH,,0.0
30000.0,2018-06-02,Other,,13.3%,920xx,CA,< 1 year,0.0
3500.0,2018-06-02,Credit card refinancing,,6%,114xx,NY,< 1 year,0.0
1500.0,2018-06-02,Credit card refinancing,,14.47%,368xx,AL,< 1 year,0.0
5000.0,2018-06-02,Credit card refinancing,,62.89%,775xx,TX,< 1 year,0.0
5000.0,2018-06-04,Medical expenses,,9.99%,186xx,PA,,0.0
1000.0,2018-06-04,Home buying,,8.07%,291xx,SC,< 1 year,0.0
15000.0,2018-06-04,Debt consolidation,,28.35%,852xx,AZ,2 years,0.0
5000.0,2018-06-05,Major purchase,,4.85%,190xx,PA,< 1 year,0.0
7000.0,2018-06-05,Other,,16.1%,925xx,CA,< 1 year,0.0
10000.0,2018-06-05,Debt consolidation,,2416.67%,894xx,NV,< 1 year,0.0
30000.0,2018-06-05,Debt consolidation,,9.05%,362xx,AL,< 1 year,0.0
6000.0,2018-06-05,Other,,0%,112xx,NY,< 1 year,0.0
10000.0,2018-06-05,Debt consolidation,,25.41%,104xx,NY,< 1 year,0.0
2000.0,2018-06-06,Other,,0%,551xx,MN,< 1 year,0.0
15000.0,2018-06-06,Debt consolidation,,53.81%,104xx,NY,< 1 year,0.0
35000.0,2018-06-06,Home buying,,6.19%,481xx,MI,< 1 year,0.0
13475.0,2018-06-06,Car financing,,100%,114xx,NY,2 years,0.0
10000.0,2018-06-07,Credit card refinancing,,46.47%,117xx,NY,< 1 year,0.0
25000.0,2018-06-07,Home buying,,10.58%,463xx,IN,< 1 year,0.0
10000.0,2018-06-07,Major purchase,,12.76%,214xx,MD,< 1 year,0.0
10000.0,2018-06-07,Credit card refinancing,,6.83%,191xx,PA,< 1 year,0.0
5000.0,2018-06-08,Debt consolidation,,12.48%,900xx,CA,< 1 year,0.0
3500.0,2018-06-08,Debt consolidation,,43.36%,708xx,LA,< 1 year,0.0
3500.0,2018-06-08,Vacation,,8.51%,984xx,WA,< 1 year,0.0
3000.0,2018-06-08,Medical expenses,,37.62%,240xx,VA,< 1 year,0.0
3000.0,2018-06-09,Debt consolidation,,1.33%,265xx,WV,< 1 year,0.0
4000.0,2018-06-10,Debt consolidation,,13.04%,179xx,PA,< 1 year,0.0
3000.0,2018-06-10,Moving and relocation,,1.14%,310xx,GA,< 1 year,0.0
20000.0,2018-06-10,Debt consolidation,,10.96%,488xx,MI,< 1 year,0.0
10000.0,2018-06-10,Debt consolidation,,33.57%,021xx,MA,< 1 year,0.0
25000.0,2018-06-10,Credit card refinancing,,13.7%,115xx,NY,< 1 year,0.0
10000.0,2018-06-11,Credit card refinancing,,10.94%,011xx,MA,< 1 year,0.0
12000.0,2018-06-11,Debt consolidation,,16.98%,461xx,IN,< 1 year,0.0
1500.0,2018-06-12,Other,,18.51%,454xx,OH,< 1 year,0.0
8000.0,2018-06-12,Other,,15.6%,778xx,TX,< 1 year,0.0
10000.0,2018-06-12,Credit card refinancing,,18.12%,330xx,FL,< 1 year,0.0
2000.0,2018-06-12,Other,,18.47%,984xx,WA,< 1 year,0.0
17000.0,2018-06-13,Debt consolidation,,40.85%,370xx,TN,< 1 year,0.0
10000.0,2018-06-13,Other,,57.94%,756xx,TX,< 1 year,0.0
6000.0,2018-06-13,Credit card refinancing,,11.98%,968xx,HI,< 1 year,0.0
1000.0,2018-06-13,Home buying,,5.04%,366xx,AL,,0.0
25000.0,2018-06-13,Major purchase,,17.33%,980xx,WA,< 1 year,0.0
5000.0,2018-06-13,Credit card refinancing,,100%,936xx,CA,< 1 year,0.0
3000.0,2018-06-13,Debt consolidation,,0%,226xx,VA,< 1 year,0.0
6000.0,2018-06-13,Debt consolidation,,32.56%,487xx,MI,< 1 year,0.0
25000.0,2018-06-14,Home buying,,9.34%,258xx,WV,< 1 year,0.0
11500.0,2018-06-14,Car financing,,100%,641xx,MO,2 years,0.0
7500.0,2018-06-14,Debt consolidation,,5.16%,208xx,MD,5 years,0.0
4000.0,2018-06-14,Credit card refinancing,,21.08%,736xx,OK,< 1 year,0.0
5000.0,2018-06-14,Debt consolidation,,539.72%,731xx,OK,< 1 year,0.0
10000.0,2018-06-14,Debt consolidation,,100%,770xx,TX,< 1 year,0.0
30000.0,2018-06-15,Debt consolidation,,46.34%,310xx,GA,< 1 year,0.0
1000.0,2018-06-15,Debt consolidation,,1.56%,322xx,FL,< 1 year,0.0
10000.0,2018-06-15,Debt consolidation,,40.69%,871xx,NM,< 1 year,0.0
30000.0,2018-06-15,Other,,0.84%,104xx,NY,< 1 year,0.0
13500.0,2018-06-16,Debt consolidation,,29.54%,199xx,DE,< 1 year,0.0
10000.0,2018-06-16,Other,,1.36%,030xx,NH,,0.0
7500.0,2018-06-16,Debt consolidation,,5.42%,431xx,OH,< 1 year,0.0
35000.0,2018-06-16,Major purchase,,1.27%,335xx,FL,< 1 year,0.0
20000.0,2018-06-17,Home buying,,11.72%,208xx,MD,< 1 year,0.0
10000.0,2018-06-17,Other,,0.52%,310xx,GA,1 year,0.0
2500.0,2018-06-18,Other,,0%,960xx,CA,3 years,0.0
25000.0,2018-06-18,Other,,14.85%,210xx,MD,< 1 year,0.0
3000.0,2018-06-18,Other,,100%,431xx,OH,< 1 year,0.0
10000.0,2018-06-18,Other,,1.03%,852xx,AZ,< 1 year,0.0
10000.0,2018-06-18,Credit card refinancing,,14.28%,701xx,LA,< 1 year,0.0
10000.0,2018-06-19,Medical expenses,,34.19%,065xx,CT,< 1 year,0.0
15000.0,2018-06-19,Credit card refinancing,618.0,14.24%,551xx,MN,< 1 year,0.0
2000.0,2018-06-19,Other,,26.63%,940xx,CA,1 year,0.0
20200.0,2018-06-19,Car financing,,100%,341xx,FL,< 1 year,0.0
200000.0,2018-06-19,Business Loan,,-1%,928xx,CA,< 1 year,2.0
15000.0,2018-06-19,Debt consolidation,,1.3%,334xx,FL,< 1 year,0.0
10000.0,2018-06-19,Credit card refinancing,,28%,350xx,AL,< 1 year,0.0
20000.0,2018-06-20,Other,,19.57%,068xx,CT,< 1 year,0.0
35000.0,2018-06-20,Other,,100%,344xx,FL,< 1 year,0.0
15000.0,2018-06-20,Other,,0%,125xx,NY,< 1 year,0.0
4000.0,2018-06-20,Credit card refinancing,,8.15%,840xx,UT,< 1 year,0.0
30000.0,2018-06-20,Credit card refinancing,,30.88%,900xx,CA,< 1 year,0.0
31000.0,2018-06-20,Debt consolidation,,100%,272xx,NC,< 1 year,0.0
35000.0,2018-06-20,Home buying,,16%,339xx,FL,< 1 year,0.0
10000.0,2018-06-21,Credit card refinancing,,6.31%,112xx,NY,< 1 year,0.0
40000.0,2018-06-21,Debt consolidation,,4.48%,191xx,PA,< 1 year,0.0
24000.0,2018-06-21,Debt consolidation,,100%,630xx,MO,< 1 year,0.0
15000.0,2018-06-22,Credit card refinancing,,23.38%,328xx,FL,< 1 year,0.0
6000.0,2018-06-22,Home buying,,100%,610xx,IL,< 1 year,0.0
18000.0,2018-06-23,Credit card refinancing,,27.98%,841xx,UT,< 1 year,0.0
1000.0,2018-06-23,Other,,5.24%,936xx,CA,< 1 year,0.0
6000.0,2018-06-23,Credit card refinancing,,21.74%,981xx,WA,< 1 year,0.0
20000.0,2018-06-23,Credit card refinancing,,3.52%,945xx,CA,< 1 year,0.0
15000.0,2018-06-23,Debt consolidation,,34.05%,478xx,IN,< 1 year,0.0
15000.0,2018-06-23,Home improvement,,21.75%,774xx,TX,< 1 year,0.0
5000.0,2018-06-23,Home buying,,24%,731xx,OK,< 1 year,0.0
11000.0,2018-06-24,Other,,17.23%,779xx,TX,< 1 year,0.0
10000.0,2018-06-24,Credit card refinancing,,3.85%,309xx,GA,< 1 year,0.0
35000.0,2018-06-24,Debt consolidation,,100%,300xx,GA,< 1 year,0.0
10000.0,2018-06-25,Credit card refinancing,,87.9%,451xx,OH,< 1 year,0.0
2500.0,2018-06-25,Other,501.0,2.56%,542xx,WI,1 year,0.0
6000.0,2018-06-25,Other,,48.1%,302xx,GA,5 years,0.0
5000.0,2018-06-25,Other,640.0,0%,393xx,MS,5 years,0.0
20000.0,2018-06-25,Debt consolidation,,42.5%,320xx,FL,< 1 year,0.0
10000.0,2018-06-26,Debt consolidation,,25.06%,295xx,SC,< 1 year,0.0
3000.0,2018-06-26,Other,,31.65%,930xx,CA,< 1 year,0.0
22000.0,2018-06-26,Debt consolidation,,25.16%,344xx,FL,< 1 year,0.0
20000.0,2018-06-27,Business Loan,,-1%,070xx,NJ,< 1 year,0.0
10000.0,2018-06-27,Debt consolidation,,164.32%,331xx,FL,< 1 year,0.0
35000.0,2018-06-27,Credit card refinancing,,38.35%,481xx,MI,< 1 year,0.0
3000.0,2018-06-27,Other,,38.11%,850xx,AZ,< 1 year,0.0
3000.0,2018-06-27,Car financing,,2.23%,303xx,GA,< 1 year,0.0
3000.0,2018-06-27,Debt consolidation,,100%,411xx,KY,< 1 year,0.0
10000.0,2018-06-28,Other,,3.99%,927xx,CA,< 1 year,0.0
10000.0,2018-06-28,Debt consolidation,,1.82%,752xx,TX,< 1 year,0.0
13000.0,2018-06-28,Debt consolidation,,19.81%,131xx,NY,< 1 year,0.0
11000.0,2018-06-28,Credit card refinancing,,10.4%,598xx,MT,< 1 year,0.0
30000.0,2018-06-28,Credit card refinancing,728.0,41.9%,208xx,MD,< 1 year,0.0
9000.0,2018-06-28,Debt consolidation,,28.73%,482xx,MI,3 years,0.0
2500.0,2018-06-28,Major purchase,,39.48%,945xx,CA,1 year,0.0
15000.0,2018-06-29,Credit card refinancing,,25.17%,920xx,CA,< 1 year,0.0
17000.0,2018-06-29,Debt consolidation,,9.63%,136xx,NY,< 1 year,0.0
5000.0,2018-06-30,Vacation,,21.45%,296xx,SC,< 1 year,0.0
2000.0,2018-06-30,Other,,4.66%,104xx,NY,2 years,0.0
3500.0,2018-06-30,Credit card refinancing,,29.63%,968xx,HI,< 1 year,0.0
6000.0,2018-06-30,Credit card refinancing,,33.39%,430xx,OH,< 1 year,0.0
8000.0,2017-10-01,Debt consolidation,650.0,19.31%,838xx,ID,< 1 year,0.0
30000.0,2017-10-01,Debt consolidation,,100%,850xx,AZ,< 1 year,0.0
20000.0,2017-10-02,debt_consolidation,,25.57%,606xx,IL,< 1 year,0.0
5000.0,2017-10-02,Debt consolidation,580.0,13.52%,112xx,NY,< 1 year,0.0
11500.0,2017-10-02,Car financing,595.0,100%,161xx,PA,< 1 year,0.0
12425.0,2017-10-02,Car financing,570.0,100%,150xx,PA,< 1 year,0.0
10000.0,2017-10-02,other,,4.6%,871xx,NM,< 1 year,0.0
2500.0,2017-10-02,Other,537.0,0%,407xx,KY,< 1 year,0.0
5000.0,2017-10-03,Other,592.0,1.47%,122xx,NY,< 1 year,0.0
5000.0,2017-10-03,debt_consolidation,,2.35%,230xx,VA,< 1 year,0.0
20000.0,2017-10-03,small_business,,5.83%,077xx,NJ,,0.0
10000.0,2017-10-03,debt_consolidation,,20.56%,146xx,NY,< 1 year,0.0
14250.0,2017-10-03,credit_card,,-1%,857xx,AZ,5 years,0.0
2000.0,2017-10-04,Debt consolidation,561.0,23.82%,765xx,TX,< 1 year,0.0
15000.0,2017-10-04,debt_consolidation,,-1%,546xx,WI,< 1 year,0.0
20000.0,2017-10-04,Business Loan,,-1%,631xx,MO,< 1 year,0.0
5000.0,2017-10-04,Other,675.0,0.43%,982xx,WA,< 1 year,0.0
6950.0,2017-10-04,Debt consolidation,686.0,45.45%,331xx,FL,< 1 year,0.0
1700.0,2017-10-05,Other,708.0,16.48%,775xx,TX,< 1 year,0.0
3000.0,2017-10-05,debt_consolidation,617.0,7.33%,535xx,WI,< 1 year,0.0
5000.0,2017-10-07,other,,55.16%,080xx,NJ,< 1 year,0.0
10000.0,2017-10-07,debt_consolidation,,23.21%,038xx,NH,,0.0
1500.0,2017-10-07,other,,10.66%,917xx,CA,10+ years,0.0
1000.0,2017-10-07,Debt consolidation,597.0,22.21%,902xx,CA,< 1 year,0.0
15000.0,2017-10-07,Other,633.0,22.09%,967xx,HI,< 1 year,0.0
14000.0,2017-10-07,Business,,100%,140xx,NY,< 1 year,0.0
10000.0,2017-10-08,other,,3.7%,112xx,NY,< 1 year,0.0
1500.0,2017-10-08,moving,,22.95%,338xx,FL,3 years,0.0
30000.0,2017-10-08,debt_consolidation,,41.34%,980xx,WA,< 1 year,0.0
10000.0,2017-10-08,Other,612.0,55.83%,856xx,AZ,< 1 year,0.0
10000.0,2017-10-08,debt_consolidation,,13.51%,454xx,OH,< 1 year,0.0
2500.0,2017-10-08,Credit card refinancing,523.0,4.57%,080xx,NJ,< 1 year,0.0
20000.0,2017-10-08,Home improvement,655.0,7.04%,278xx,NC,< 1 year,0.0
1000.0,2017-10-09,Other,674.0,11.76%,922xx,CA,< 1 year,0.0
3500.0,2017-10-09,other,,0%,331xx,FL,< 1 year,0.0
40000.0,2017-10-09,Debt consolidation,734.0,25.73%,147xx,NY,< 1 year,0.0
7000.0,2017-10-09,Debt consolidation,649.0,16.99%,100xx,NY,< 1 year,0.0
30000.0,2017-10-09,Debt consolidation,591.0,44.34%,786xx,TX,< 1 year,0.0
1000.0,2017-10-09,Other,618.0,25.63%,549xx,WI,< 1 year,0.0
5000.0,2017-10-09,Other,578.0,9.56%,902xx,CA,< 1 year,0.0
10000.0,2017-10-10,debt_consolidation,,21.78%,295xx,SC,< 1 year,0.0
10000.0,2017-10-10,Debt consolidation,586.0,19.28%,761xx,TX,< 1 year,0.0
10000.0,2017-10-11,debt_consolidation,,7.27%,605xx,IL,< 1 year,0.0
35000.0,2017-10-11,debt_consolidation,,13.98%,170xx,PA,< 1 year,0.0
2000.0,2017-10-11,Car financing,723.0,59%,853xx,AZ,< 1 year,0.0
35000.0,2017-10-11,Credit card refinancing,675.0,5.25%,912xx,CA,10+ years,0.0
10000.0,2017-10-11,home_improvement,,22.94%,061xx,CT,,0.0
10000.0,2017-10-12,Credit card refinancing,,100%,606xx,IL,< 1 year,0.0
5000.0,2017-10-12,Business,669.0,43.4%,294xx,SC,< 1 year,0.0
12000.0,2017-10-12,debt_consolidation,,29.28%,664xx,KS,< 1 year,0.0
2000.0,2017-10-12,Other,651.0,45.31%,342xx,FL,< 1 year,0.0
5000.0,2017-10-12,Debt consolidation,606.0,30%,142xx,NY,< 1 year,0.0
5000.0,2017-10-13,other,,30.36%,130xx,NY,< 1 year,0.0
5000.0,2017-10-13,Other,598.0,32.83%,212xx,MD,< 1 year,0.0
2500.0,2017-10-13,other,,20.5%,338xx,FL,,0.0
6000.0,2017-10-13,Home buying,678.0,0.36%,728xx,AR,< 1 year,0.0
20000.0,2017-10-13,Debt consolidation,695.0,8.86%,701xx,LA,< 1 year,0.0
10000.0,2017-10-13,Debt consolidation,641.0,17.44%,113xx,NY,1 year,0.0
20000.0,2017-10-13,Debt consolidation,681.0,364%,958xx,CA,< 1 year,0.0
20000.0,2017-10-13,debt_consolidation,,18.36%,112xx,NY,< 1 year,0.0
10000.0,2017-10-13,Debt consolidation,669.0,16.44%,300xx,GA,< 1 year,0.0
16000.0,2017-10-14,Debt consolidation,667.0,20.11%,070xx,NJ,< 1 year,0.0
10000.0,2017-10-14,Home improvement,718.0,28.96%,446xx,OH,10+ years,0.0
40000.0,2017-10-15,other,,75.51%,708xx,LA,< 1 year,0.0
5000.0,2017-10-15,Other,612.0,28.8%,117xx,NY,< 1 year,0.0
3000.0,2017-10-15,medical,573.0,6.11%,775xx,TX,,0.0
10000.0,2017-10-16,Debt consolidation,623.0,7.35%,023xx,MA,< 1 year,0.0
10000.0,2017-10-16,Debt consolidation,563.0,16.4%,641xx,MO,< 1 year,0.0
3000.0,2017-10-16,Debt consolidation,608.0,11.78%,224xx,VA,< 1 year,0.0
15000.0,2017-10-16,Debt consolidation,686.0,27.41%,118xx,NY,< 1 year,0.0
2500.0,2017-10-16,Debt consolidation,659.0,21.98%,281xx,NC,2 years,0.0
15000.0,2017-10-16,Credit card refinancing,638.0,53.89%,820xx,WY,< 1 year,0.0
30000.0,2017-10-17,Debt consolidation,650.0,22.47%,982xx,WA,< 1 year,0.0
1000.0,2017-10-17,Car financing,,100%,349xx,FL,< 1 year,0.0
11000.0,2017-10-17,Debt consolidation,530.0,19.52%,351xx,AL,< 1 year,0.0
9500.0,2017-10-17,car,,0.91%,653xx,MO,1 year,0.0
3000.0,2017-10-17,Other,697.0,42.08%,105xx,NY,< 1 year,0.0
1000.0,2017-10-18,car,,-1%,356xx,AL,1 year,0.0
20000.0,2017-10-18,Debt consolidation,688.0,24.76%,361xx,AL,< 1 year,0.0
2000.0,2017-10-18,car,,8.3%,303xx,GA,< 1 year,0.0
1500.0,2017-10-18,Debt consolidation,564.0,31.48%,597xx,MT,< 1 year,0.0
1000.0,2017-10-18,Other,501.0,100%,606xx,IL,< 1 year,0.0
5000.0,2017-10-18,small_business,,14.17%,480xx,MI,< 1 year,0.0
1000.0,2017-10-19,Car financing,585.0,1.98%,774xx,TX,< 1 year,0.0
24000.0,2017-10-19,Credit card refinancing,,100%,028xx,RI,< 1 year,0.0
3000.0,2017-10-19,Credit card refinancing,658.0,193.47%,945xx,CA,< 1 year,0.0
2000.0,2017-10-20,Debt consolidation,588.0,10%,559xx,MN,< 1 year,0.0
13000.0,2017-10-20,Debt consolidation,634.0,25.15%,705xx,LA,,0.0
15000.0,2017-10-20,Debt consolidation,696.0,9999%,799xx,TX,< 1 year,0.0
7000.0,2017-10-20,Debt consolidation,613.0,12.02%,551xx,MN,< 1 year,0.0
5000.0,2017-10-20,home_improvement,,1.57%,295xx,SC,< 1 year,0.0
15000.0,2017-10-21,Credit card refinancing,,100%,852xx,AZ,< 1 year,0.0
15000.0,2017-10-21,Debt consolidation,705.0,22.86%,371xx,TN,< 1 year,0.0
3000.0,2017-10-22,Credit card refinancing,501.0,11.21%,112xx,NY,< 1 year,0.0
10000.0,2017-10-23,Debt consolidation,654.0,37.03%,647xx,MO,< 1 year,0.0
10000.0,2017-10-23,Home buying,746.0,40.85%,974xx,OR,< 1 year,0.0
5000.0,2017-10-23,Debt consolidation,633.0,44.84%,276xx,NC,< 1 year,0.0
10000.0,2017-10-23,Credit card refinancing,663.0,26.95%,067xx,CT,< 1 year,0.0
30000.0,2017-10-23,Debt consolidation,682.0,19.35%,211xx,MD,< 1 year,0.0
4000.0,2017-10-24,Moving and relocation,671.0,30.8%,951xx,CA,< 1 year,0.0
50000.0,2017-10-24,Business Loan,,-1%,834xx,ID,< 1 year,0.0
5000.0,2017-10-24,Debt consolidation,594.0,3.73%,152xx,PA,< 1 year,0.0
31600.0,2017-10-24,Car financing,790.0,100%,370xx,TN,1 year,0.0
15000.0,2017-10-24,Home buying,730.0,12.07%,493xx,MI,10+ years,0.0
40000.0,2017-10-25,Home improvement,631.0,5.48%,879xx,NM,< 1 year,0.0
1000.0,2017-10-25,Major purchase,501.0,81.44%,711xx,LA,< 1 year,0.0
1000.0,2017-10-25,Other,605.0,7.3%,761xx,TX,< 1 year,0.0
9000.0,2017-10-25,Debt consolidation,664.0,70.94%,630xx,MO,< 1 year,0.0
2500.0,2017-10-25,Medical expenses,644.0,38.84%,300xx,GA,< 1 year,0.0
5000.0,2017-10-25,home_improvement,,190.16%,080xx,NJ,,0.0
10000.0,2017-10-25,Other,540.0,11.25%,427xx,KY,< 1 year,0.0
6000.0,2017-10-25,Debt consolidation,657.0,45.68%,723xx,AR,< 1 year,0.0
5000.0,2017-10-25,Other,871.0,9.57%,802xx,CO,,0.0
10000.0,2017-10-25,Other,592.0,11.19%,660xx,KS,< 1 year,0.0
14150.0,2017-10-25,Car financing,595.0,100%,871xx,NM,< 1 year,0.0
10000.0,2017-10-26,Credit card refinancing,618.0,12.71%,207xx,MD,< 1 year,0.0
1500.0,2017-10-26,Other,594.0,18.13%,189xx,PA,< 1 year,0.0
7000.0,2017-10-26,Debt consolidation,714.0,17.35%,018xx,MA,< 1 year,0.0
3000.0,2017-10-26,Other,709.0,0.87%,302xx,GA,< 1 year,0.0
4000.0,2017-10-26,Debt consolidation,621.0,6.02%,606xx,IL,< 1 year,0.0
10000.0,2017-10-26,Credit card refinancing,639.0,34.58%,027xx,MA,< 1 year,0.0
11000.0,2017-10-26,Debt consolidation,659.0,24.29%,919xx,CA,< 1 year,0.0
10000.0,2017-10-27,Other,669.0,8.08%,551xx,MN,< 1 year,0.0
3000.0,2017-10-27,Other,618.0,15.19%,473xx,IN,< 1 year,0.0
10000.0,2017-10-28,Debt consolidation,688.0,19.88%,455xx,OH,< 1 year,0.0
20000.0,2017-10-28,Major purchase,656.0,1.5%,303xx,GA,< 1 year,0.0
15000.0,2017-10-29,Other,602.0,5.91%,271xx,NC,< 1 year,0.0
1100.0,2017-10-30,Other,631.0,63.2%,482xx,MI,< 1 year,0.0
5000.0,2017-10-30,Other,615.0,0.59%,613xx,IL,< 1 year,0.0
8000.0,2017-10-30,Home improvement,643.0,17.79%,347xx,FL,2 years,0.0
10000.0,2017-10-30,Car financing,678.0,16.46%,392xx,MS,< 1 year,0.0
10000.0,2017-10-30,Credit card refinancing,629.0,29.9%,923xx,CA,< 1 year,0.0
5000.0,2017-10-31,Home buying,624.0,29%,770xx,TX,< 1 year,0.0
25000.0,2017-10-31,Debt consolidation,635.0,25.84%,754xx,TX,< 1 year,0.0
5000.0,2017-10-31,Car financing,595.0,13.14%,563xx,MN,< 1 year,0.0
1000.0,2017-11-01,Other,601.0,0.7%,641xx,MO,< 1 year,0.0
6000.0,2017-11-01,Debt consolidation,579.0,24.72%,604xx,IL,< 1 year,0.0
7000.0,2017-11-01,Vacation,771.0,31.52%,109xx,NY,< 1 year,0.0
6500.0,2017-11-01,Credit card refinancing,655.0,16.34%,752xx,TX,< 1 year,0.0
6000.0,2017-11-02,Moving and relocation,638.0,3.13%,115xx,NY,< 1 year,0.0
25000.0,2017-11-02,Debt consolidation,740.0,15.78%,928xx,CA,10+ years,0.0
10000.0,2017-11-03,Credit card refinancing,652.0,2.51%,334xx,FL,< 1 year,0.0
1000.0,2017-11-03,Other,579.0,33.72%,701xx,LA,< 1 year,0.0
1000.0,2017-11-03,Other,640.0,25.2%,606xx,IL,< 1 year,0.0
15000.0,2017-11-03,Other,675.0,23.67%,082xx,NJ,< 1 year,0.0
5000.0,2017-11-03,Moving and relocation,559.0,27.35%,425xx,KY,< 1 year,0.0
5500.0,2017-11-03,Debt consolidation,634.0,13.4%,928xx,CA,< 1 year,0.0
1000.0,2017-11-04,Major purchase,531.0,1.59%,972xx,OR,< 1 year,0.0
6500.0,2017-11-04,Debt consolidation,629.0,35.65%,207xx,MD,< 1 year,0.0
43775.0,2017-11-04,Car financing,684.0,100%,919xx,CA,6 years,0.0
40000.0,2017-11-05,Debt consolidation,598.0,28.55%,925xx,CA,< 1 year,0.0
7000.0,2017-11-05,Home buying,728.0,18.39%,985xx,WA,< 1 year,0.0
10000.0,2017-11-05,Other,677.0,25.77%,921xx,CA,< 1 year,0.0
6000.0,2017-11-05,Other,663.0,25.94%,072xx,NJ,< 1 year,0.0
35000.0,2017-11-06,Debt consolidation,,100%,342xx,FL,< 1 year,0.0
5000.0,2017-11-06,Debt consolidation,650.0,32.35%,900xx,CA,< 1 year,0.0
4700.0,2017-11-07,Credit card refinancing,694.0,18.85%,151xx,PA,< 1 year,0.0
25000.0,2017-11-07,Debt consolidation,603.0,27.77%,480xx,MI,< 1 year,0.0
30000.0,2017-11-07,Debt consolidation,701.0,12.36%,356xx,AL,< 1 year,0.0
1500.0,2017-11-07,Home buying,605.0,29.18%,926xx,CA,< 1 year,0.0
3000.0,2017-11-07,Debt consolidation,568.0,18.54%,852xx,AZ,< 1 year,0.0
2000.0,2017-11-07,Other,596.0,2.82%,919xx,CA,< 1 year,0.0
2000.0,2017-11-07,Other,587.0,3.01%,114xx,NY,< 1 year,0.0
2500.0,2017-11-07,Vacation,,100%,232xx,VA,< 1 year,0.0
10000.0,2017-11-08,Credit card refinancing,563.0,100.2%,401xx,KY,< 1 year,0.0
15000.0,2017-11-08,Debt consolidation,563.0,38.89%,937xx,CA,< 1 year,0.0
15000.0,2017-11-08,Debt consolidation,648.0,15.76%,219xx,MD,< 1 year,0.0
10000.0,2017-11-08,Credit card refinancing,671.0,15.53%,900xx,CA,< 1 year,0.0
5875.0,2017-11-09,Car financing,686.0,100%,206xx,MD,< 1 year,0.0
8000.0,2017-11-09,Debt consolidation,654.0,31.57%,385xx,TN,< 1 year,0.0
5000.0,2017-11-09,Other,688.0,4.55%,366xx,AL,< 1 year,0.0
8000.0,2017-11-09,Debt consolidation,649.0,11.63%,850xx,AZ,< 1 year,0.0
1000.0,2017-11-10,Other,556.0,34.77%,467xx,IN,< 1 year,0.0
10000.0,2017-11-10,Debt consolidation,653.0,32.62%,894xx,NV,< 1 year,0.0
17250.0,2017-11-10,Credit card refinancing,594.0,32.17%,276xx,NC,< 1 year,0.0
8000.0,2017-11-11,Debt consolidation,668.0,35.3%,765xx,TX,< 1 year,0.0
5000.0,2017-11-12,Other,583.0,44.43%,028xx,RI,< 1 year,0.0
10000.0,2017-11-12,Debt consolidation,680.0,11.74%,850xx,AZ,< 1 year,0.0
10000.0,2017-11-12,Debt consolidation,676.0,24.93%,330xx,FL,8 years,0.0
10000.0,2017-11-13,Credit card refinancing,,100%,959xx,CA,< 1 year,0.0
23000.0,2017-11-13,Debt consolidation,679.0,42.06%,773xx,TX,< 1 year,0.0
1000.0,2017-11-13,Home improvement,517.0,14.45%,480xx,MI,< 1 year,0.0
4000.0,2017-11-13,Medical expenses,592.0,32.27%,330xx,FL,< 1 year,0.0
1000.0,2017-11-14,Other,607.0,41.46%,395xx,MS,< 1 year,0.0
3000.0,2017-11-14,Debt consolidation,574.0,23.98%,191xx,PA,< 1 year,0.0
12000.0,2017-11-15,Debt consolidation,530.0,13.81%,130xx,NY,< 1 year,0.0
2000.0,2017-11-15,Debt consolidation,615.0,35.92%,314xx,GA,< 1 year,0.0
22000.0,2017-11-15,Debt consolidation,673.0,19%,306xx,GA,< 1 year,0.0
1000.0,2017-11-15,Other,642.0,30.14%,770xx,TX,< 1 year,0.0
5000.0,2017-11-15,Other,707.0,13.07%,551xx,MN,< 1 year,0.0
10000.0,2017-11-15,Debt consolidation,570.0,49.2%,945xx,CA,< 1 year,0.0
25000.0,2017-11-15,Debt consolidation,691.0,21.75%,630xx,MO,< 1 year,0.0
15000.0,2017-11-15,Business,582.0,57.88%,339xx,FL,< 1 year,0.0
2000.0,2017-11-16,Other,617.0,18.92%,539xx,WI,< 1 year,0.0
7000.0,2017-11-16,Other,736.0,0.62%,707xx,LA,< 1 year,0.0
18000.0,2017-11-16,Car financing,505.0,0%,104xx,NY,< 1 year,0.0
25000.0,2017-11-16,Debt consolidation,644.0,43.76%,905xx,CA,< 1 year,0.0
25800.0,2017-11-16,Debt consolidation,700.0,28.63%,750xx,TX,< 1 year,0.0
4000.0,2017-11-16,Other,636.0,13.4%,018xx,MA,< 1 year,0.0
3000.0,2017-11-16,Debt consolidation,545.0,13.27%,191xx,PA,< 1 year,0.0
5000.0,2017-11-17,Debt consolidation,608.0,44.9%,840xx,UT,< 1 year,0.0
20000.0,2017-11-17,car,,0%,402xx,KY,< 1 year,0.0
5000.0,2017-11-17,Debt consolidation,576.0,89.44%,372xx,TN,< 1 year,0.0
2500.0,2017-11-18,Vacation,617.0,51.55%,073xx,NJ,< 1 year,0.0
4500.0,2017-11-18,Debt consolidation,525.0,22.05%,781xx,TX,< 1 year,0.0
1000.0,2017-11-18,Moving and relocation,,100%,381xx,TN,< 1 year,0.0
5000.0,2017-11-18,Other,643.0,20.33%,112xx,NY,< 1 year,0.0
10000.0,2017-11-19,Other,674.0,58.81%,322xx,FL,< 1 year,0.0
1000.0,2017-11-19,Medical expenses,628.0,23.62%,811xx,CO,< 1 year,0.0
15000.0,2017-11-20,Debt consolidation,762.0,9.52%,337xx,FL,< 1 year,0.0
10000.0,2017-11-20,Debt consolidation,692.0,26.81%,463xx,IN,< 1 year,0.0
20000.0,2017-11-20,Debt consolidation,612.0,2.44%,337xx,FL,< 1 year,0.0
20000.0,2017-11-21,Debt consolidation,581.0,15.28%,463xx,IN,< 1 year,0.0
25000.0,2017-11-21,Credit card refinancing,600.0,17.78%,618xx,IL,< 1 year,0.0
20000.0,2017-11-21,Debt consolidation,675.0,15.48%,930xx,CA,10+ years,0.0
16000.0,2017-11-21,Debt consolidation,681.0,57.26%,294xx,SC,< 1 year,0.0
2000.0,2017-11-21,Debt consolidation,649.0,19.44%,863xx,AZ,< 1 year,0.0
15000.0,2017-11-22,Home buying,,100%,906xx,CA,< 1 year,0.0
25000.0,2017-11-22,Debt consolidation,625.0,33.66%,077xx,NJ,< 1 year,0.0
10000.0,2017-11-22,Credit card refinancing,612.0,23.38%,038xx,NH,< 1 year,0.0
2000.0,2017-11-23,Debt consolidation,661.0,13.76%,971xx,OR,< 1 year,0.0
5000.0,2017-11-23,Medical expenses,688.0,40.9%,980xx,WA,< 1 year,0.0
5000.0,2017-11-24,Car financing,552.0,1%,296xx,SC,< 1 year,0.0
15000.0,2017-11-24,debt_consolidation,,-1%,101xx,NY,< 1 year,0.0
3000.0,2017-11-25,Credit card refinancing,669.0,47.74%,330xx,FL,< 1 year,0.0
1500.0,2017-11-25,Other,512.0,0%,751xx,TX,,0.0
5000.0,2017-11-25,Debt consolidation,679.0,77.16%,087xx,NJ,< 1 year,0.0
1500.0,2017-11-25,Other,700.0,19.88%,950xx,CA,< 1 year,0.0
2500.0,2017-11-25,Credit card refinancing,740.0,30.82%,809xx,CO,< 1 year,0.0
5000.0,2017-11-25,Credit card refinancing,651.0,19.67%,600xx,IL,< 1 year,0.0
10000.0,2017-11-26,Debt consolidation,622.0,25.92%,436xx,OH,< 1 year,0.0
20000.0,2017-11-26,Debt consolidation,622.0,21.87%,361xx,AL,< 1 year,0.0
5000.0,2017-11-26,Credit card refinancing,599.0,18.93%,910xx,CA,< 1 year,0.0
6000.0,2017-11-26,Car financing,485.0,0%,710xx,LA,< 1 year,0.0
15000.0,2017-11-27,Other,685.0,7.39%,117xx,NY,< 1 year,0.0
2000.0,2017-11-27,Credit card refinancing,648.0,15.93%,079xx,NJ,< 1 year,0.0
1500.0,2017-11-27,Debt consolidation,527.0,167.57%,744xx,OK,< 1 year,0.0
3500.0,2017-11-27,Home buying,589.0,19.03%,206xx,MD,< 1 year,0.0
10000.0,2017-11-27,Debt consolidation,618.0,41.23%,906xx,CA,< 1 year,0.0
1500.0,2017-11-27,Other,596.0,18.16%,295xx,SC,< 1 year,0.0
8000.0,2017-11-27,Debt consolidation,641.0,29.78%,932xx,CA,< 1 year,0.0
35000.0,2017-11-27,Business,658.0,27.46%,917xx,CA,< 1 year,0.0
9000.0,2017-11-27,Credit card refinancing,674.0,7.65%,116xx,NY,< 1 year,0.0
10000.0,2017-11-27,Debt consolidation,585.0,52.02%,364xx,AL,< 1 year,0.0
30000.0,2017-11-27,Debt consolidation,650.0,19.18%,015xx,MA,< 1 year,0.0
5000.0,2017-11-28,Other,644.0,0.48%,890xx,NV,< 1 year,0.0
10000.0,2017-11-28,Home buying,651.0,2.92%,638xx,MO,< 1 year,0.0
40000.0,2017-11-28,Debt consolidation,664.0,10.73%,945xx,CA,10+ years,0.0
2000.0,2017-11-28,Other,709.0,35.73%,294xx,SC,< 1 year,0.0
10000.0,2017-11-28,Other,594.0,35.28%,293xx,SC,< 1 year,0.0
15000.0,2017-11-28,Debt consolidation,638.0,41.2%,291xx,SC,< 1 year,0.0
5000.0,2017-11-29,Home improvement,819.0,9999%,470xx,IN,< 1 year,0.0
10000.0,2017-11-29,Credit card refinancing,573.0,8.06%,294xx,SC,< 1 year,0.0
10000.0,2017-11-30,Other,,100%,104xx,NY,< 1 year,0.0
5000.0,2017-11-30,Home buying,642.0,15.36%,484xx,MI,< 1 year,0.0
30000.0,2017-11-30,Debt consolidation,587.0,23.36%,760xx,TX,< 1 year,0.0
10000.0,2017-11-30,Credit card refinancing,645.0,15.73%,932xx,CA,< 1 year,0.0
35000.0,2017-12-01,Debt consolidation,687.0,39.12%,833xx,ID,< 1 year,0.0
3000.0,2017-12-01,Debt consolidation,511.0,19.4%,290xx,SC,< 1 year,0.0
7000.0,2017-12-02,Moving and relocation,651.0,37.32%,967xx,HI,< 1 year,0.0
20000.0,2017-12-02,Credit card refinancing,604.0,12.15%,393xx,MS,< 1 year,0.0
2500.0,2017-12-02,Other,624.0,36.28%,327xx,FL,< 1 year,0.0
10000.0,2017-12-03,Home buying,627.0,24.81%,730xx,OK,< 1 year,0.0
10000.0,2017-12-04,Debt consolidation,,100%,310xx,GA,< 1 year,0.0
10000.0,2017-12-04,Debt consolidation,593.0,30.74%,750xx,TX,< 1 year,0.0
2500.0,2017-12-04,Other,,0.18%,532xx,WI,< 1 year,0.0
7400.0,2017-12-04,Credit card refinancing,665.0,8.02%,373xx,TN,< 1 year,0.0
12500.0,2017-12-04,Debt consolidation,622.0,22.89%,672xx,KS,< 1 year,0.0
200000.0,2017-12-04,Business Loan,,-1%,928xx,CA,< 1 year,0.0
1000.0,2017-12-05,Other,573.0,22.67%,315xx,GA,< 1 year,0.0
40000.0,2017-12-05,Debt consolidation,617.0,12.44%,276xx,NC,< 1 year,0.0
10000.0,2017-12-05,Medical expenses,687.0,45.35%,606xx,IL,< 1 year,0.0
5000.0,2017-12-05,Debt consolidation,613.0,58.22%,150xx,PA,< 1 year,0.0
6000.0,2017-12-05,Debt consolidation,674.0,19.94%,974xx,OR,< 1 year,0.0
6000.0,2017-12-05,Other,665.0,36.63%,760xx,TX,< 1 year,0.0
5000.0,2017-12-05,Other,,0%,061xx,CT,< 1 year,0.0
35000.0,2017-12-06,Debt consolidation,737.0,20.14%,301xx,GA,< 1 year,0.0
28000.0,2017-12-06,Debt consolidation,623.0,24.09%,422xx,KY,< 1 year,0.0
6000.0,2017-12-06,Home buying,718.0,0.75%,775xx,TX,< 1 year,0.0
10000.0,2017-12-06,Debt consolidation,573.0,3.2%,338xx,FL,< 1 year,0.0
4000.0,2017-12-06,Other,628.0,20.4%,601xx,IL,< 1 year,0.0
5000.0,2017-12-07,Debt consolidation,565.0,33.58%,104xx,NY,< 1 year,0.0
40000.0,2017-12-07,Debt consolidation,687.0,29.34%,113xx,NY,< 1 year,0.0
10000.0,2017-12-07,Debt consolidation,694.0,5.31%,775xx,TX,< 1 year,0.0
5000.0,2017-12-07,Other,709.0,47.4%,296xx,SC,< 1 year,0.0
10000.0,2017-12-07,Debt consolidation,587.0,76.5%,103xx,NY,< 1 year,0.0
10000.0,2017-12-07,Debt consolidation,684.0,28.03%,236xx,VA,< 1 year,0.0
6300.0,2017-12-07,Debt consolidation,739.0,3.31%,531xx,WI,< 1 year,0.0
2500.0,2017-12-07,Other,674.0,12.85%,105xx,NY,< 1 year,0.0
2000.0,2017-12-07,Major purchase,589.0,6.09%,927xx,CA,< 1 year,0.0
13000.0,2017-12-08,Credit card refinancing,609.0,44.27%,352xx,AL,< 1 year,0.0
10000.0,2017-12-08,Credit card refinancing,743.0,2.75%,021xx,MA,< 1 year,0.0
9700.0,2017-12-09,Home buying,593.0,11.27%,297xx,SC,< 1 year,0.0
30000.0,2017-12-09,Debt consolidation,588.0,14.72%,117xx,NY,< 1 year,0.0
5000.0,2017-12-09,Credit card refinancing,664.0,24.71%,948xx,CA,7 years,0.0
20000.0,2017-12-10,Credit card refinancing,,100%,273xx,NC,< 1 year,0.0
6000.0,2017-12-10,Other,,100%,926xx,CA,< 1 year,0.0
5000.0,2017-12-10,Other,568.0,0.24%,913xx,CA,< 1 year,0.0
10000.0,2017-12-10,Other,721.0,6.87%,661xx,KS,< 1 year,0.0
3000.0,2017-12-10,Other,501.0,9.9%,800xx,CO,< 1 year,0.0
10000.0,2017-12-11,Credit card refinancing,640.0,72.95%,444xx,OH,< 1 year,0.0
1000.0,2017-12-11,Debt consolidation,599.0,21.98%,626xx,IL,< 1 year,0.0
1000.0,2017-12-11,Car financing,501.0,34.57%,761xx,TX,< 1 year,0.0
35000.0,2017-12-11,Debt consolidation,630.0,41.9%,060xx,CT,< 1 year,0.0
40000.0,2017-12-11,Debt consolidation,596.0,4.2%,852xx,AZ,< 1 year,0.0
35000.0,2017-12-11,Credit card refinancing,728.0,10.47%,153xx,PA,< 1 year,0.0
30000.0,2017-12-12,Major purchase,803.0,20.09%,759xx,TX,10+ years,0.0
2000.0,2017-12-12,Home improvement,650.0,80.98%,390xx,MS,< 1 year,0.0
10000.0,2017-12-12,Debt consolidation,683.0,62.08%,329xx,FL,< 1 year,0.0
4000.0,2017-12-12,Home buying,674.0,13.67%,850xx,AZ,3 years,0.0
3000.0,2017-12-13,Debt consolidation,589.0,18.32%,797xx,TX,< 1 year,0.0
5000.0,2017-12-13,Vacation,,100%,602xx,ID,< 1 year,0.0
4000.0,2017-12-13,Debt consolidation,583.0,1.57%,740xx,OK,< 1 year,0.0
3500.0,2017-12-13,Debt consolidation,641.0,51.79%,300xx,GA,< 1 year,0.0
25000.0,2017-12-14,Business,727.0,2.38%,179xx,PA,< 1 year,0.0
5000.0,2017-12-14,Business,,100%,300xx,GA,< 1 year,0.0
15000.0,2017-12-14,Debt consolidation,568.0,9999%,212xx,MD,< 1 year,0.0
1000.0,2017-12-15,Other,,100%,850xx,AZ,< 1 year,0.0
11000.0,2017-12-15,Car financing,537.0,1.78%,238xx,VA,< 1 year,0.0
35000.0,2017-12-15,Credit card refinancing,713.0,18.95%,906xx,CA,< 1 year,0.0
4000.0,2017-12-15,Vacation,637.0,30.02%,112xx,NY,< 1 year,0.0
5000.0,2017-12-16,Debt consolidation,586.0,13.01%,071xx,NJ,< 1 year,0.0
10000.0,2017-12-16,Credit card refinancing,746.0,15.79%,577xx,SD,2 years,0.0
5000.0,2017-12-17,Medical expenses,521.0,10.82%,379xx,TN,< 1 year,0.0
2000.0,2017-12-17,Debt consolidation,514.0,18.56%,757xx,TX,< 1 year,0.0
40000.0,2017-12-17,Debt consolidation,749.0,43.75%,208xx,MD,< 1 year,0.0
10000.0,2017-12-18,Business,692.0,54.55%,640xx,MO,< 1 year,0.0
10000.0,2017-12-18,Other,580.0,7.48%,791xx,TX,< 1 year,0.0
6575.0,2017-12-19,Credit card refinancing,,100%,089xx,NJ,< 1 year,0.0
30000.0,2017-12-19,Debt consolidation,,100%,035xx,NH,< 1 year,0.0
10000.0,2017-12-19,Major purchase,,100%,136xx,NY,< 1 year,0.0
25000.0,2017-12-19,Debt consolidation,637.0,24.69%,655xx,MO,< 1 year,0.0
4000.0,2017-12-19,Debt consolidation,501.0,14.51%,300xx,GA,< 1 year,0.0
15000.0,2017-12-20,Debt consolidation,607.0,100%,713xx,LA,< 1 year,0.0
20000.0,2017-12-20,Credit card refinancing,680.0,9.79%,119xx,NY,< 1 year,0.0
15000.0,2017-12-21,Debt consolidation,638.0,25.01%,281xx,NC,< 1 year,0.0
19000.0,2017-12-21,Major purchase,668.0,2.66%,741xx,OK,< 1 year,0.0
3000.0,2017-12-21,Credit card refinancing,662.0,17.4%,347xx,FL,< 1 year,0.0
5000.0,2017-12-21,Other,505.0,0.6%,782xx,TX,< 1 year,0.0
35000.0,2017-12-22,Car financing,655.0,0%,750xx,TX,< 1 year,0.0
7000.0,2017-12-22,Moving and relocation,575.0,19.78%,347xx,FL,< 1 year,0.0
11000.0,2017-12-22,Debt consolidation,682.0,26.37%,995xx,AK,< 1 year,0.0
28000.0,2017-12-23,Credit card refinancing,607.0,37.1%,553xx,MN,< 1 year,0.0
25000.0,2017-12-23,Debt consolidation,666.0,33.33%,752xx,TX,< 1 year,0.0
4000.0,2017-12-24,Vacation,709.0,54.76%,778xx,TX,< 1 year,0.0
10000.0,2017-12-25,Debt consolidation,,100%,198xx,PA,< 1 year,0.0
8000.0,2017-12-25,Credit card refinancing,640.0,63.61%,493xx,MI,< 1 year,0.0
21000.0,2017-12-25,Debt consolidation,,100%,212xx,MD,< 1 year,0.0
30000.0,2017-12-25,Credit card refinancing,710.0,25.6%,104xx,NY,2 years,0.0
2500.0,2017-12-26,Other,593.0,1.26%,452xx,OH,< 1 year,0.0
7000.0,2017-12-26,Debt consolidation,608.0,32.08%,325xx,FL,< 1 year,0.0
5000.0,2017-12-26,Debt consolidation,659.0,3.31%,761xx,TX,< 1 year,0.0
10000.0,2017-12-27,Credit card refinancing,732.0,516.71%,923xx,CA,< 1 year,0.0
5000.0,2017-12-27,Other,637.0,2.16%,325xx,FL,< 1 year,0.0
5775.0,2017-12-27,Credit card refinancing,640.0,34.18%,210xx,MD,< 1 year,0.0
5000.0,2017-12-28,Business Loan,,-1%,298xx,SC,< 1 year,0.0
5000.0,2017-12-28,Other,652.0,25.16%,857xx,AZ,< 1 year,0.0
20000.0,2017-12-28,Debt consolidation,632.0,23.22%,853xx,AZ,< 1 year,0.0
1000.0,2017-12-29,Credit card refinancing,653.0,33.3%,427xx,KY,< 1 year,0.0
17675.0,2017-12-29,Car financing,597.0,100%,939xx,CA,< 1 year,0.0
29900.0,2017-12-29,Car financing,609.0,0.87%,191xx,PA,< 1 year,0.0
5000.0,2017-12-29,Debt consolidation,659.0,12.33%,900xx,CA,< 1 year,0.0
35000.0,2017-12-30,Debt consolidation,608.0,13.79%,327xx,FL,< 1 year,0.0
1000.0,2017-12-30,Home buying,643.0,7.43%,841xx,UT,< 1 year,0.0
75000.0,2017-12-30,Business Loan,,-1%,799xx,TX,< 1 year,0.0
10000.0,2017-12-31,Debt consolidation,,100%,441xx,OH,< 1 year,0.0
6000.0,2017-12-31,Debt consolidation,672.0,21.92%,010xx,MA,5 years,0.0
13000.0,2017-12-31,Debt consolidation,614.0,15.36%,467xx,IN,< 1 year,0.0
10000.0,2017-12-31,Debt consolidation,600.0,3.52%,130xx,NY,< 1 year,0.0
25000.0,2015-01-01,small_business,832.0,17.61%,023xx,MA,< 1 year,0.0
5000.0,2015-01-02,Debt consolidation,702.0,20.59%,992xx,WA,,0.0
5000.0,2015-01-02,moving,494.0,17.94%,641xx,MO,< 1 year,0.0
30000.0,2015-01-02,Debt consolidation,647.0,27.84%,761xx,TX,10+ years,0.0
9000.0,2015-01-04,debt_consolidation,695.0,59.57%,382xx,TN,5 years,0.0
30000.0,2015-01-04,credit_card,687.0,42.68%,384xx,TN,5 years,0.0
8000.0,2015-01-07,debt_consolidation,649.0,31.01%,760xx,TX,< 1 year,0.0
20000.0,2015-01-07,credit_card,649.0,30.86%,968xx,HI,< 1 year,0.0
32000.0,2015-01-07,car,744.0,22.86%,782xx,TX,< 1 year,0.0
4000.0,2015-01-08,credit_card,643.0,880.73%,551xx,MN,< 1 year,0.0
10000.0,2015-01-08,debt_consolidation,655.0,41.07%,430xx,TX,< 1 year,0.0
30000.0,2015-01-09,debt_consolidation,701.0,43.51%,483xx,MI,< 1 year,0.0
5000.0,2015-01-11,debt_consolidation,612.0,1.59%,330xx,FL,< 1 year,0.0
7000.0,2015-01-11,debt_consolidation,639.0,38.25%,553xx,MN,< 1 year,0.0
20000.0,2015-01-12,debt_consolidation,629.0,26.81%,922xx,CA,< 1 year,0.0
5000.0,2015-01-12,debt_consolidation,722.0,186.63%,551xx,MN,< 1 year,0.0
18000.0,2015-01-14,debt_consolidation,501.0,3.15%,450xx,OH,< 1 year,0.0
1000.0,2015-01-14,credit_card,609.0,14.75%,923xx,CA,< 1 year,0.0
10000.0,2015-01-14,credit_card,611.0,25.53%,481xx,MI,< 1 year,0.0
10000.0,2015-01-15,credit_card,667.0,42.49%,711xx,LA,< 1 year,0.0
1000.0,2015-01-15,debt_consolidation,633.0,46.07%,490xx,MI,< 1 year,0.0
5000.0,2015-01-15,major_purchase,594.0,24.33%,190xx,PA,< 1 year,0.0
5000.0,2015-01-16,debt_consolidation,686.0,86.16%,363xx,AL,< 1 year,0.0
15000.0,2015-01-17,home_improvement,689.0,18.93%,945xx,CA,< 1 year,0.0
30000.0,2015-01-19,Debt consolidation,826.0,18.94%,336xx,FL,10+ years,0.0
14000.0,2015-01-19,credit_card,713.0,53.08%,982xx,WA,< 1 year,0.0
35000.0,2015-01-19,Credit card refinancing,686.0,12.13%,996xx,AK,10+ years,0.0
12000.0,2015-01-21,debt_consolidation,501.0,24.92%,038xx,NH,< 1 year,0.0
2300.0,2015-01-21,debt_consolidation,608.0,8.47%,606xx,IL,< 1 year,0.0
10000.0,2015-01-21,debt_consolidation,714.0,11.12%,781xx,TX,5 years,0.0
25000.0,2015-01-25,debt_consolidation,676.0,18.04%,021xx,MA,< 1 year,0.0
10000.0,2015-01-25,debt_consolidation,545.0,15.19%,209xx,MD,< 1 year,0.0
22000.0,2015-01-25,credit_card,,-1%,959xx,CA,< 1 year,0.0
100000.0,2015-01-27,Business Loan,,-1%,302xx,GA,< 1 year,0.0
35000.0,2015-01-27,small_business,499.0,0.96%,857xx,AZ,< 1 year,0.0
5000.0,2015-02-01,small_business,628.0,8.3%,598xx,MT,< 1 year,0.0
10000.0,2015-02-01,home_improvement,732.0,0%,347xx,FL,< 1 year,0.0
20000.0,2015-02-02,debt_consolidation,567.0,28.9%,295xx,SC,< 1 year,0.0
26000.0,2015-02-02,credit_card,643.0,47.73%,333xx,FL,< 1 year,0.0
5000.0,2015-02-03,car,543.0,30.11%,911xx,CA,< 1 year,0.0
20000.0,2015-02-03,debt_consolidation,521.0,15.87%,956xx,CA,< 1 year,0.0
6000.0,2015-02-03,home_improvement,648.0,1.2%,577xx,SD,< 1 year,0.0
1000.0,2015-02-04,other,601.0,21%,679xx,KS,< 1 year,0.0
30000.0,2015-02-05,debt_consolidation,649.0,6.51%,980xx,WA,< 1 year,0.0
10000.0,2015-02-05,moving,654.0,22.42%,271xx,NC,< 1 year,0.0
10000.0,2015-02-07,debt_consolidation,501.0,25.86%,334xx,FL,< 1 year,0.0
5000.0,2015-02-10,debt_consolidation,670.0,13.92%,982xx,WA,< 1 year,0.0
15000.0,2015-02-11,car,623.0,2.27%,954xx,CA,< 1 year,0.0
10000.0,2015-02-12,debt_consolidation,591.0,77%,781xx,TX,< 1 year,0.0
13000.0,2015-02-13,car,571.0,0.04%,085xx,NJ,< 1 year,0.0
15000.0,2015-02-17,Business Loan,,-1%,281xx,NC,< 1 year,0.0
15000.0,2015-02-18,debt_consolidation,560.0,27%,210xx,MD,< 1 year,0.0
15000.0,2015-02-20,home_improvement,652.0,42.44%,474xx,IN,< 1 year,0.0
10000.0,2015-02-20,debt_consolidation,718.0,41.08%,546xx,WI,< 1 year,0.0
10000.0,2015-02-20,debt_consolidation,555.0,2.16%,937xx,CA,< 1 year,0.0
7000.0,2015-02-21,debt_consolidation,523.0,14.91%,703xx,LA,< 1 year,0.0
10000.0,2015-02-24,debt_consolidation,535.0,2.54%,070xx,NJ,< 1 year,0.0
6000.0,2015-02-24,medical,501.0,5.23%,430xx,OH,< 1 year,0.0
20000.0,2015-02-25,debt_consolidation,643.0,16.52%,162xx,PA,< 1 year,0.0
12000.0,2015-02-26,other,740.0,2.63%,906xx,CA,1 year,0.0
5000.0,2015-02-26,debt_consolidation,672.0,15.54%,431xx,OH,< 1 year,0.0
25000.0,2015-02-26,Business Loan,,-1%,230xx,VA,< 1 year,0.0
6000.0,2015-02-26,credit_card,608.0,30.66%,104xx,NY,< 1 year,0.0
10000.0,2015-02-28,debt_consolidation,583.0,21.51%,908xx,CA,< 1 year,0.0
35000.0,2015-03-02,home_improvement,,-1%,082xx,NJ,< 1 year,0.0
18000.0,2015-03-02,debt_consolidation,656.0,12.07%,739xx,OK,< 1 year,0.0
2000.0,2015-03-03,debt_consolidation,546.0,71.96%,900xx,CA,< 1 year,0.0
1500.0,2015-03-04,Moving and relocation,647.0,20.95%,339xx,FL,,0.0
12000.0,2015-03-06,credit_card,,13.34%,805xx,CO,< 1 year,0.0
10000.0,2015-03-12,debt_consolidation,,12.07%,190xx,PA,< 1 year,0.0
20000.0,2015-03-13,debt_consolidation,626.0,69.5%,910xx,CA,< 1 year,0.0
30000.0,2015-03-14,Debt consolidation,,8.81%,023xx,MA,10+ years,0.0
15000.0,2015-03-14,car,,6.19%,970xx,OR,5 years,0.0
2500.0,2015-03-16,other,,54.06%,105xx,NY,< 1 year,0.0
15000.0,2015-03-16,Business Loan,,-1%,850xx,AZ,< 1 year,0.0
12000.0,2015-03-16,home_improvement,,41.28%,600xx,IL,< 1 year,0.0
20000.0,2015-03-17,credit_card,,20.93%,112xx,NY,< 1 year,0.0
20000.0,2015-03-18,debt_consolidation,,63.59%,786xx,TX,< 1 year,0.0
35000.0,2015-03-18,debt_consolidation,,56.37%,750xx,TX,< 1 year,0.0
10000.0,2015-03-18,Other,,35.64%,104xx,NY,4 years,0.0
15000.0,2015-03-19,debt_consolidation,,110.38%,329xx,FL,< 1 year,0.0
5000.0,2015-03-20,debt_consolidation,,0.67%,606xx,IL,< 1 year,0.0
3000.0,2015-03-21,debt_consolidation,,28.54%,672xx,KS,< 1 year,0.0
2000.0,2015-03-22,other,,49.2%,890xx,NV,< 1 year,0.0
5000.0,2015-03-22,debt_consolidation,,0.51%,930xx,CA,< 1 year,0.0
20000.0,2015-03-22,house,,1.44%,294xx,SC,< 1 year,0.0
9000.0,2015-03-23,car,,24.89%,370xx,TN,< 1 year,0.0
14000.0,2015-03-24,debt_consolidation,,13.05%,945xx,CA,< 1 year,0.0
25000.0,2015-03-25,debt_consolidation,,40.54%,293xx,SC,< 1 year,0.0
4000.0,2015-03-25,debt_consolidation,,7.2%,376xx,TN,< 1 year,0.0
5000.0,2015-03-26,debt_consolidation,,17.2%,086xx,NJ,< 1 year,0.0
25000.0,2015-03-27,major_purchase,,9.04%,064xx,CT,< 1 year,0.0
12000.0,2015-03-29,debt_consolidation,,59.66%,028xx,RI,< 1 year,0.0
7700.0,2015-03-30,debt_consolidation,,15.92%,338xx,FL,< 1 year,0.0
2000.0,2015-03-30,other,,-1%,458xx,OH,< 1 year,0.0
10000.0,2015-03-30,debt_consolidation,,17.94%,917xx,CA,5 years,0.0
8500.0,2015-03-31,car,586.0,0.39%,967xx,HI,< 1 year,0.0
1000.0,2015-03-31,debt_consolidation,,50.67%,312xx,GA,< 1 year,0.0
8000.0,2015-04-01,credit_card,,14.28%,333xx,FL,< 1 year,0.0
5000.0,2015-04-01,debt_consolidation,,14.03%,770xx,TX,< 1 year,0.0
35000.0,2015-04-02,medical,,0%,954xx,CA,< 1 year,0.0
25000.0,2015-04-03,debt_consolidation,,17.66%,427xx,KY,< 1 year,0.0
8000.0,2015-04-03,debt_consolidation,,9.96%,741xx,OK,< 1 year,0.0
30000.0,2015-04-03,Business Loan,,-1%,316xx,GA,< 1 year,0.0
5000.0,2015-04-04,home_improvement,623.0,3.03%,606xx,IL,< 1 year,0.0
20000.0,2015-04-07,debt_consolidation,,9.89%,617xx,IL,< 1 year,0.0
10000.0,2015-04-07,car,,0.95%,230xx,VA,< 1 year,0.0
5000.0,2015-04-08,debt_consolidation,,2.38%,226xx,VA,< 1 year,0.0
5000.0,2015-04-08,debt_consolidation,,49.76%,420xx,KY,< 1 year,0.0
15000.0,2015-04-10,Debt consolidation,,29.42%,342xx,FL,10+ years,0.0
4000.0,2015-04-10,debt_consolidation,,12.13%,917xx,CA,< 1 year,0.0
35000.0,2015-04-10,debt_consolidation,,44.55%,484xx,MI,< 1 year,0.0
20000.0,2015-04-11,Debt consolidation,,17.35%,633xx,MO,4 years,0.0
8000.0,2015-04-13,debt_consolidation,,10.72%,897xx,NV,< 1 year,0.0
10000.0,2015-04-13,debt_consolidation,,53.3%,385xx,TN,< 1 year,0.0
20000.0,2015-04-14,debt_consolidation,,15.43%,497xx,MI,< 1 year,0.0
20000.0,2015-04-14,medical,,11.41%,337xx,FL,< 1 year,0.0
15000.0,2015-04-14,home_improvement,,4.46%,603xx,IL,< 1 year,0.0
5000.0,2015-04-14,Debt consolidation,,12.95%,933xx,CA,10+ years,0.0
15500.0,2015-04-15,debt_consolidation,,30.94%,857xx,AZ,< 1 year,0.0
35000.0,2015-04-15,credit_card,,16.22%,750xx,TX,< 1 year,0.0
10000.0,2015-04-16,debt_consolidation,,11.87%,331xx,FL,< 1 year,0.0
31000.0,2015-04-16,debt_consolidation,,22.06%,785xx,TX,< 1 year,0.0
14000.0,2015-04-16,debt_consolidation,,35.98%,462xx,IN,< 1 year,0.0
6000.0,2015-04-18,Debt consolidation,,16.96%,921xx,CA,10+ years,0.0
35000.0,2015-04-19,debt_consolidation,721.0,0%,616xx,IL,< 1 year,0.0
2500.0,2015-04-20,home_improvement,,0%,857xx,AZ,< 1 year,0.0
25000.0,2015-04-20,medical,,0%,168xx,PA,< 1 year,0.0
6000.0,2015-04-21,debt_consolidation,,22.6%,377xx,TN,< 1 year,0.0
5000.0,2015-04-21,debt_consolidation,,4.7%,295xx,SC,< 1 year,0.0
35000.0,2015-04-22,debt_consolidation,,31.59%,077xx,NJ,< 1 year,0.0
35000.0,2015-04-22,credit_card,,12.95%,460xx,IN,5 years,0.0
35000.0,2015-04-23,Debt consolidation,,38.92%,612xx,IL,10+ years,0.0
35000.0,2015-04-23,debt_consolidation,,51.7%,300xx,GA,< 1 year,0.0
20000.0,2015-04-25,debt_consolidation,,40.78%,645xx,MO,< 1 year,0.0
30000.0,2015-04-25,small_business,,-1%,891xx,NV,< 1 year,0.0
5000.0,2015-04-28,debt_consolidation,,23.35%,346xx,FL,< 1 year,0.0
10000.0,2015-04-29,credit_card,,43.51%,802xx,CO,< 1 year,0.0
30000.0,2015-04-29,house,,0%,275xx,NC,< 1 year,0.0
2500.0,2015-04-29,other,,1.9%,951xx,CA,< 1 year,0.0
35000.0,2015-04-30,debt_consolidation,,43.55%,074xx,NJ,< 1 year,0.0
5000.0,2015-04-30,car,,0%,322xx,FL,< 1 year,0.0
3000.0,2015-05-01,debt_consolidation,,10.39%,770xx,TX,< 1 year,0.0
35000.0,2015-05-02,credit_card,,41.99%,435xx,OH,5 years,0.0
25000.0,2015-05-02,small_business,,31.06%,376xx,TN,< 1 year,0.0
1000.0,2015-05-04,car,,18.3%,064xx,CT,< 1 year,0.0
6000.0,2015-05-04,debt_consolidation,,60.08%,917xx,CA,< 1 year,0.0
17000.0,2015-05-04,debt_consolidation,,34.5%,974xx,OR,< 1 year,0.0
8000.0,2015-05-04,vacation,,20.16%,455xx,OH,< 1 year,0.0
15000.0,2015-05-05,debt_consolidation,,16.98%,935xx,CA,< 1 year,0.0
5000.0,2015-05-06,debt_consolidation,,41.81%,902xx,CA,< 1 year,0.0
14700.0,2015-05-07,credit_card,,10.62%,458xx,OH,< 1 year,0.0
30000.0,2015-05-07,house,,7.3%,061xx,CT,< 1 year,0.0
10000.0,2015-05-09,credit_card,,39.54%,917xx,CA,< 1 year,0.0
3000.0,2015-05-11,medical,,5.84%,761xx,TX,< 1 year,0.0
35000.0,2015-05-11,other,,22.48%,303xx,GA,5 years,0.0
20000.0,2015-05-11,debt_consolidation,,27.69%,387xx,MS,5 years,0.0
5000.0,2015-05-13,vacation,,0.52%,300xx,GA,< 1 year,0.0
3000.0,2015-05-13,debt_consolidation,,3.5%,276xx,NC,< 1 year,0.0
1000.0,2015-05-13,other,,14.13%,151xx,PA,< 1 year,0.0
35000.0,2015-05-14,house,,6.84%,958xx,CA,< 1 year,0.0
7500.0,2015-05-14,major_purchase,,1.07%,336xx,FL,< 1 year,0.0
12000.0,2015-05-14,credit_card,,12.5%,847xx,UT,< 1 year,0.0
3000.0,2015-05-14,other,,360.55%,857xx,AZ,< 1 year,0.0
5000.0,2015-05-14,debt_consolidation,,4.32%,222xx,VA,< 1 year,0.0
15000.0,2015-05-14,credit_card,,64.52%,287xx,NC,< 1 year,0.0
5000.0,2015-05-15,debt_consolidation,,16.18%,784xx,TX,< 1 year,0.0
10000.0,2015-05-16,debt_consolidation,,18.18%,153xx,PA,< 1 year,0.0
10000.0,2015-05-17,debt_consolidation,,8.98%,967xx,HI,< 1 year,0.0
20000.0,2015-05-17,house,,30.89%,325xx,FL,< 1 year,0.0
12000.0,2015-05-17,other,,0.41%,087xx,NJ,< 1 year,0.0
8000.0,2015-05-18,debt_consolidation,683.0,39.83%,271xx,NC,< 1 year,0.0
5000.0,2015-05-20,debt_consolidation,,6.26%,150xx,PA,< 1 year,0.0
3500.0,2015-05-21,debt_consolidation,,23.81%,327xx,FL,< 1 year,0.0
8000.0,2015-05-21,major_purchase,,2.07%,983xx,WA,< 1 year,0.0
30000.0,2015-05-22,debt_consolidation,,43.12%,404xx,KY,< 1 year,0.0
15000.0,2015-05-22,debt_consolidation,,8.12%,482xx,MI,< 1 year,0.0
6000.0,2015-05-23,debt_consolidation,,21.8%,330xx,FL,< 1 year,0.0
25000.0,2015-05-23,debt_consolidation,,31.69%,740xx,OK,5 years,0.0
30000.0,2015-05-23,Business Loan,,-1%,381xx,TN,< 1 year,0.0
9000.0,2015-05-23,debt_consolidation,,9.93%,032xx,NH,< 1 year,0.0
6000.0,2015-05-25,other,,23.89%,310xx,GA,< 1 year,0.0
8000.0,2015-05-25,debt_consolidation,,22.2%,759xx,TX,< 1 year,0.0
12000.0,2015-05-25,debt_consolidation,,12.78%,206xx,MD,5 years,0.0
30000.0,2015-05-26,home_improvement,,13.92%,351xx,AL,< 1 year,0.0
35000.0,2015-05-26,debt_consolidation,,41.56%,785xx,TX,< 1 year,0.0
2500.0,2015-05-26,renewable_energy,,0%,179xx,PA,< 1 year,0.0
22500.0,2015-05-27,debt_consolidation,,30.51%,380xx,TN,< 1 year,0.0
3500.0,2015-05-27,debt_consolidation,,23.04%,751xx,TX,< 1 year,0.0
25000.0,2015-05-28,other,,31.02%,760xx,TX,< 1 year,0.0
35000.0,2015-05-28,debt_consolidation,,45.16%,401xx,KY,< 1 year,0.0
5000.0,2015-05-28,home_improvement,,35.96%,440xx,OH,< 1 year,0.0
20000.0,2015-05-28,debt_consolidation,,20.29%,285xx,NC,< 1 year,0.0
5000.0,2015-05-29,debt_consolidation,,185.82%,921xx,CA,< 1 year,0.0
20000.0,2015-05-29,debt_consolidation,,9.21%,920xx,CA,< 1 year,0.0
5000.0,2015-05-30,house,,0%,451xx,OH,< 1 year,0.0
2500.0,2015-05-31,debt_consolidation,,2.52%,146xx,NY,< 1 year,0.0
8000.0,2015-06-01,debt_consolidation,,59.04%,799xx,TX,< 1 year,0.0
10000.0,2015-06-01,car,,57.38%,300xx,GA,< 1 year,0.0
4500.0,2015-06-02,car,,3.92%,114xx,NY,< 1 year,0.0
30000.0,2015-06-02,debt_consolidation,,-1%,103xx,NY,< 1 year,0.0
5000.0,2015-06-02,credit_card,,39.27%,928xx,CA,< 1 year,0.0
35000.0,2015-06-03,debt_consolidation,,5.45%,284xx,NC,< 1 year,0.0
3000.0,2015-06-03,debt_consolidation,,21.08%,549xx,WI,< 1 year,0.0
2000.0,2015-06-04,other,,0%,601xx,IL,< 1 year,0.0
20000.0,2015-06-08,debt_consolidation,,2.9%,752xx,TX,< 1 year,0.0
12000.0,2015-06-08,debt_consolidation,,41%,328xx,FL,< 1 year,0.0
15000.0,2015-06-11,debt_consolidation,,19.24%,544xx,WI,< 1 year,0.0
4000.0,2015-06-15,debt_consolidation,,39.48%,460xx,IN,< 1 year,0.0
150000.0,2015-06-15,Business Loan,,-1%,904xx,CA,< 1 year,0.0
1500.0,2015-06-15,debt_consolidation,,1.23%,330xx,FL,< 1 year,0.0
10000.0,2015-06-16,credit_card,,9999%,462xx,IN,< 1 year,0.0
35000.0,2015-06-17,Debt consolidation,,37.66%,741xx,OK,10+ years,0.0
2500.0,2015-06-17,other,,18.9%,920xx,CA,< 1 year,0.0
1000.0,2015-06-20,car,,15.37%,370xx,TN,< 1 year,0.0
4000.0,2015-06-22,debt_consolidation,,28.69%,104xx,NY,< 1 year,0.0
35000.0,2015-06-23,house,,60.97%,737xx,OK,< 1 year,0.0
1000.0,2015-06-23,other,,1.5%,111xx,NY,< 1 year,0.0
1000.0,2015-06-25,small_business,,53.03%,920xx,CA,< 1 year,0.0
4000.0,2015-06-25,debt_consolidation,,12.18%,631xx,MO,< 1 year,0.0
2500.0,2015-06-26,home_improvement,,14.3%,344xx,FL,< 1 year,0.0
7000.0,2015-06-26,debt_consolidation,,12.19%,242xx,VA,< 1 year,0.0
20000.0,2015-06-27,credit_card,,-1%,020xx,MA,< 1 year,0.0
15000.0,2015-06-27,credit_card,,16.03%,925xx,CA,< 1 year,0.0
10000.0,2015-06-28,major_purchase,,35.25%,330xx,FL,< 1 year,0.0
4500.0,2015-06-28,car,,31.59%,381xx,TN,< 1 year,0.0
5000.0,2015-06-28,other,,18.68%,144xx,NY,< 1 year,0.0
5000.0,2015-06-29,debt_consolidation,,16.83%,483xx,MI,< 1 year,0.0
5000.0,2015-06-29,vacation,,-1%,902xx,CA,< 1 year,0.0
5000.0,2015-06-30,credit_card,,12%,917xx,CA,< 1 year,0.0
5000.0,2015-06-30,debt_consolidation,,41.78%,015xx,MA,< 1 year,0.0
32750.0,2015-06-30,credit_card,,8.14%,937xx,CA,< 1 year,0.0
35000.0,2015-07-01,other,,28.35%,773xx,TX,< 1 year,0.0
7000.0,2015-07-01,debt_consolidation,,9.31%,980xx,WA,< 1 year,0.0
35000.0,2015-07-02,home_improvement,,8.88%,606xx,IL,< 1 year,0.0
1500.0,2015-07-03,car,,-1%,303xx,GA,< 1 year,0.0
15000.0,2015-07-04,debt_consolidation,,39.16%,496xx,MI,< 1 year,0.0
20000.0,2015-07-04,car,,2.1%,329xx,FL,< 1 year,0.0
100000.0,2015-07-05,Business Loan,,-1%,135xx,NY,< 1 year,0.0
15000.0,2015-07-06,debt_consolidation,662.0,75.18%,640xx,MO,< 1 year,0.0
30000.0,2015-07-06,small_business,,0%,956xx,CA,< 1 year,0.0
300000.0,2015-07-06,Business Loan,,-1%,600xx,IL,< 1 year,0.0
1000.0,2015-07-07,home_improvement,,34.97%,121xx,NY,< 1 year,0.0
10000.0,2015-07-09,other,,34.93%,407xx,KY,< 1 year,0.0
8000.0,2015-07-10,debt_consolidation,,33.2%,483xx,MI,< 1 year,0.0
5000.0,2015-07-10,vacation,,297.9%,922xx,CA,< 1 year,0.0
5000.0,2015-07-11,other,,45.46%,489xx,MI,< 1 year,0.0
35000.0,2015-07-11,home_improvement,,9.1%,925xx,CA,< 1 year,0.0
3000.0,2015-07-12,car,,-1%,601xx,IL,< 1 year,0.0
7000.0,2015-07-13,debt_consolidation,,47.96%,612xx,IL,< 1 year,0.0
10000.0,2015-07-13,debt_consolidation,596.0,10.38%,117xx,NY,< 1 year,0.0
6000.0,2015-07-13,vacation,,15.28%,351xx,AL,< 1 year,0.0
10000.0,2015-07-13,debt_consolidation,721.0,109.69%,970xx,OR,< 1 year,0.0
1000.0,2015-07-13,debt_consolidation,,10.08%,146xx,NY,< 1 year,0.0
35000.0,2015-07-14,Business,,2.3%,770xx,TX,2 years,0.0
30000.0,2015-07-14,car,,15.65%,750xx,TX,< 1 year,0.0
5000.0,2015-07-15,debt_consolidation,,-1%,706xx,LA,< 1 year,0.0
1000.0,2015-07-15,other,,1.5%,320xx,FL,< 1 year,0.0
6000.0,2015-07-16,other,,5.25%,857xx,AZ,< 1 year,0.0
5000.0,2015-07-17,small_business,,20.8%,880xx,NM,< 1 year,0.0
15000.0,2015-07-20,debt_consolidation,,40.55%,932xx,CA,< 1 year,0.0
25000.0,2015-07-22,debt_consolidation,,29.05%,403xx,KY,< 1 year,0.0
1500.0,2015-07-22,debt_consolidation,,-1%,132xx,NY,< 1 year,0.0
15000.0,2015-07-22,moving,,0%,990xx,WA,< 1 year,0.0
6000.0,2015-07-23,other,,1.22%,226xx,VA,< 1 year,0.0
2500.0,2015-07-24,other,,0.55%,071xx,NJ,< 1 year,0.0
5000.0,2015-07-24,Debt consolidation,,13.66%,301xx,GA,1 year,2.0
25000.0,2015-07-24,debt_consolidation,,8.85%,724xx,AR,< 1 year,0.0
3500.0,2015-07-25,major_purchase,,20.58%,283xx,NC,< 1 year,0.0
25000.0,2015-07-26,medical,,0%,334xx,FL,< 1 year,0.0
30000.0,2015-07-27,credit_card,,13.9%,719xx,AR,< 1 year,0.0
5000.0,2015-07-27,debt_consolidation,,9.55%,331xx,FL,< 1 year,0.0
31300.0,2015-07-28,Debt consolidation,,27.63%,956xx,CA,,0.0
18500.0,2015-07-29,debt_consolidation,,20.09%,191xx,PA,< 1 year,0.0
5000.0,2015-07-30,credit_card,,16.23%,900xx,CA,< 1 year,0.0
35000.0,2015-07-30,debt_consolidation,,35.32%,452xx,OH,5 years,0.0
1000.0,2015-07-30,home_improvement,,-1%,330xx,FL,< 1 year,0.0
15000.0,2015-07-30,credit_card,,42.3%,358xx,AL,< 1 year,0.0
12000.0,2015-07-31,debt_consolidation,,88.32%,473xx,IN,< 1 year,0.0
5000.0,2015-07-31,major_purchase,,2.8%,290xx,SC,< 1 year,0.0
30000.0,2015-08-01,debt_consolidation,,16.51%,558xx,MN,< 1 year,0.0
50000.0,2015-08-02,Business Loan,,-1%,178xx,PA,< 1 year,0.0
15000.0,2015-08-02,debt_consolidation,,14.68%,403xx,KY,< 1 year,0.0
3000.0,2015-08-03,debt_consolidation,,15.4%,334xx,FL,< 1 year,0.0
5000.0,2015-08-03,medical,,20.21%,275xx,NC,< 1 year,0.0
5000.0,2015-08-05,debt_consolidation,,4.94%,606xx,IL,< 1 year,0.0
7000.0,2015-08-06,other,,9999%,781xx,TX,< 1 year,0.0
10000.0,2015-08-06,major_purchase,,0.03%,773xx,TX,< 1 year,0.0
2500.0,2015-08-07,debt_consolidation,,2.5%,125xx,NY,< 1 year,0.0
2300.0,2015-08-08,car,,1.88%,060xx,CT,< 1 year,0.0
25000.0,2015-08-08,Debt consolidation,,28.28%,331xx,FL,< 1 year,0.0
10000.0,2015-08-09,car,,24.15%,770xx,TX,5 years,0.0
18000.0,2015-08-09,car,,-1%,172xx,PA,5 years,0.0
7000.0,2015-08-10,debt_consolidation,659.0,52.4%,610xx,IL,< 1 year,0.0
20000.0,2015-08-10,Business Loan,,-1%,850xx,AZ,< 1 year,0.0
5000.0,2015-08-11,other,,0%,275xx,NC,< 1 year,0.0
6000.0,2015-08-11,other,,11.56%,236xx,VA,< 1 year,0.0
10000.0,2015-08-11,credit_card,,44.76%,113xx,NY,< 1 year,0.0
8000.0,2015-08-12,credit_card,,7.26%,334xx,FL,< 1 year,0.0
30000.0,2015-08-12,debt_consolidation,,21.95%,301xx,GA,< 1 year,0.0
1000.0,2015-08-13,debt_consolidation,,-1%,787xx,TX,< 1 year,0.0
1000.0,2015-08-13,medical,,7.03%,229xx,VA,< 1 year,0.0
20000.0,2015-08-14,debt_consolidation,,67.94%,956xx,CA,< 1 year,0.0
20000.0,2015-08-14,home_improvement,,23.9%,765xx,TX,< 1 year,0.0
2500.0,2015-08-15,other,629.0,48.11%,945xx,CA,< 1 year,0.0
7500.0,2015-08-16,debt_consolidation,,22.44%,370xx,TN,< 1 year,0.0
2000.0,2015-08-16,other,,36.56%,917xx,CA,< 1 year,0.0
6000.0,2015-08-17,debt_consolidation,,25.29%,744xx,OK,< 1 year,0.0
29700.0,2015-08-18,other,,14.67%,806xx,CO,< 1 year,0.0
5000.0,2015-08-19,debt_consolidation,,22.15%,971xx,OR,< 1 year,0.0
35000.0,2015-08-21,debt_consolidation,,28.86%,330xx,FL,5 years,0.0
5000.0,2015-08-21,other,,9.24%,851xx,AZ,< 1 year,0.0
35000.0,2015-08-22,debt_consolidation,,30.13%,448xx,OH,< 1 year,0.0
12000.0,2015-08-23,other,,0%,582xx,ND,< 1 year,0.0
3000.0,2015-08-24,other,,52.95%,922xx,CA,< 1 year,0.0
1000.0,2015-08-25,other,,12.96%,787xx,TX,< 1 year,0.0
10000.0,2015-08-25,other,,45.57%,765xx,TX,,0.0
5000.0,2015-08-25,debt_consolidation,,1.26%,604xx,IL,< 1 year,0.0
5000.0,2015-08-25,car,,-1%,124xx,NY,< 1 year,0.0
40000.0,2015-08-25,car,,5.04%,914xx,CA,6 years,0.0
5000.0,2015-08-26,other,,-1%,462xx,IN,< 1 year,0.0
15000.0,2015-08-28,credit_card,,49.11%,066xx,CT,5 years,0.0
6000.0,2015-08-29,medical,,16.42%,912xx,CA,< 1 year,0.0
1200.0,2015-08-31,other,,24.94%,080xx,NJ,< 1 year,0.0
25000.0,2015-08-31,debt_consolidation,,40.05%,750xx,TX,< 1 year,0.0
1000.0,2015-08-31,car,,30.01%,301xx,GA,< 1 year,0.0
1000.0,2015-08-31,debt_consolidation,,0.86%,972xx,OR,< 1 year,0.0
1500.0,2015-09-01,moving,,-1%,356xx,AL,< 1 year,0.0
2000.0,2015-09-01,medical,,35.54%,773xx,TX,< 1 year,0.0
7000.0,2015-09-02,debt_consolidation,,26.43%,606xx,IL,< 1 year,0.0
25000.0,2015-09-02,Debt consolidation,,16.76%,112xx,NY,2 years,0.0
10000.0,2015-09-02,debt_consolidation,,-1%,233xx,VA,< 1 year,0.0
185000.0,2015-09-03,Business Loan,,-1%,967xx,HI,< 1 year,0.0
20000.0,2015-09-03,credit_card,,10.01%,275xx,NC,< 1 year,0.0
2000.0,2015-09-03,medical,,-1%,265xx,WV,< 1 year,0.0
14000.0,2015-09-03,debt_consolidation,,29.46%,365xx,AL,< 1 year,0.0
15000.0,2015-09-03,credit_card,,16.22%,112xx,NY,< 1 year,0.0
1000.0,2015-09-04,credit_card,,0.91%,117xx,NY,< 1 year,0.0
3500.0,2015-09-04,other,,24%,908xx,CA,< 1 year,0.0
20000.0,2015-09-05,debt_consolidation,,25.54%,980xx,WA,< 1 year,0.0
35000.0,2015-09-07,debt_consolidation,,22.23%,064xx,CT,< 1 year,0.0
6200.0,2015-09-08,credit_card,,20.29%,384xx,TN,< 1 year,0.0
6500.0,2015-09-09,major_purchase,,2.75%,936xx,CA,< 1 year,0.0
10000.0,2015-09-10,debt_consolidation,,32.38%,900xx,CA,< 1 year,0.0
15000.0,2015-09-11,debt_consolidation,,32.88%,531xx,WI,< 1 year,0.0
10000.0,2015-09-12,credit_card,,21.73%,197xx,DE,< 1 year,0.0
3000.0,2015-09-12,medical,,33.35%,891xx,NV,< 1 year,0.0
20000.0,2015-09-13,major_purchase,,-1%,539xx,WI,< 1 year,0.0
12000.0,2015-09-14,credit_card,,22.13%,331xx,FL,< 1 year,0.0
50000.0,2015-09-15,Business Loan,,-1%,115xx,NY,< 1 year,0.0
15000.0,2015-09-15,debt_consolidation,,37.36%,747xx,OK,< 1 year,0.0
2000.0,2015-09-15,car,,3.76%,029xx,RI,< 1 year,0.0
5500.0,2015-09-15,debt_consolidation,608.0,18.77%,760xx,TX,< 1 year,0.0
8000.0,2015-09-17,debt_consolidation,,18.55%,289xx,NC,< 1 year,0.0
35000.0,2015-09-17,other,,15.56%,548xx,MN,< 1 year,0.0
10000.0,2015-09-19,major_purchase,,44.9%,627xx,IL,< 1 year,0.0
1000.0,2015-09-20,home_improvement,,-1%,366xx,AL,< 1 year,0.0
10000.0,2015-09-20,other,,34.35%,906xx,CA,< 1 year,0.0
12000.0,2015-09-20,home_improvement,,20.41%,140xx,NY,5 years,0.0
7000.0,2015-09-21,debt_consolidation,,0%,076xx,NJ,< 1 year,0.0
1000.0,2015-09-21,other,,-1%,019xx,MA,< 1 year,0.0
3100.0,2015-09-22,debt_consolidation,,12.66%,946xx,CA,< 1 year,0.0
10000.0,2015-09-22,other,,44.03%,878xx,NM,< 1 year,0.0
20000.0,2015-09-24,debt_consolidation,,19.12%,441xx,OH,< 1 year,0.0
12000.0,2015-09-24,debt_consolidation,,7.36%,628xx,IL,< 1 year,0.0
10000.0,2015-09-24,medical,,8.03%,782xx,TX,5 years,0.0
1000.0,2015-09-24,debt_consolidation,,12.98%,704xx,LA,< 1 year,0.0
14000.0,2015-09-24,credit_card,,30.5%,554xx,MN,< 1 year,0.0
15000.0,2015-09-25,debt_consolidation,,36.6%,770xx,TX,< 1 year,0.0
10500.0,2015-09-27,medical,,-1%,606xx,IL,5 years,0.0
20000.0,2015-09-27,home_improvement,,2.61%,104xx,NY,< 1 year,0.0
2500.0,2015-09-29,debt_consolidation,,6%,012xx,MA,< 1 year,0.0
25000.0,2015-09-29,debt_consolidation,,3.36%,562xx,MN,< 1 year,0.0
30000.0,2015-09-29,debt_consolidation,,58.69%,010xx,MA,< 1 year,0.0
20000.0,2015-09-29,debt_consolidation,,33.89%,977xx,OR,< 1 year,0.0
1000.0,2015-09-30,house,,0.56%,199xx,DE,< 1 year,0.0
10000.0,2015-09-30,credit_card,,5.69%,797xx,TX,< 1 year,0.0
20000.0,2015-10-01,other,,12.96%,481xx,MI,< 1 year,0.0
10000.0,2015-10-02,medical,,0%,228xx,VA,5 years,0.0
8000.0,2015-10-02,Debt consolidation,,3.6%,920xx,CA,5 years,0.0
12000.0,2015-10-05,home_improvement,,39.6%,441xx,OH,< 1 year,0.0
1500.0,2015-10-05,debt_consolidation,,18.14%,852xx,AZ,< 1 year,0.0
15000.0,2015-10-05,Business Loan,,-1%,378xx,TN,< 1 year,0.0
20000.0,2015-10-06,debt_consolidation,,8.45%,801xx,CO,< 1 year,0.0
5000.0,2015-10-07,medical,,1.84%,580xx,ND,< 1 year,0.0
6000.0,2015-10-07,medical,,0%,492xx,MI,< 1 year,0.0
35000.0,2015-10-07,credit_card,,122.69%,853xx,AZ,< 1 year,0.0
12000.0,2015-10-08,debt_consolidation,,11.79%,553xx,MN,< 1 year,0.0
35000.0,2015-10-09,debt_consolidation,,11.59%,450xx,OH,< 1 year,0.0
9500.0,2015-10-11,major_purchase,,39.76%,232xx,VA,< 1 year,0.0
8000.0,2015-10-12,debt_consolidation,,13.95%,930xx,CA,< 1 year,0.0
15000.0,2015-10-12,Business Loan,,-1%,025xx,MA,< 1 year,0.0
1000.0,2015-10-13,debt_consolidation,,18.98%,314xx,GA,< 1 year,0.0
8000.0,2015-10-13,debt_consolidation,,17.46%,104xx,NY,< 1 year,0.0
35000.0,2015-10-14,debt_consolidation,,38.65%,395xx,MS,5 years,0.0
6250.0,2015-10-15,debt_consolidation,,30.12%,920xx,CA,< 1 year,0.0
8000.0,2015-10-15,debt_consolidation,,14.82%,331xx,FL,< 1 year,0.0
12000.0,2015-10-16,credit_card,,87.68%,211xx,MD,< 1 year,0.0
1000.0,2015-10-16,debt_consolidation,,1.95%,122xx,NY,< 1 year,0.0
5000.0,2015-10-17,medical,642.0,0.82%,648xx,MO,< 1 year,0.0
4000.0,2015-10-18,debt_consolidation,,19.85%,125xx,NY,< 1 year,0.0
5000.0,2015-10-19,car,,1.84%,352xx,AL,< 1 year,0.0
1000.0,2015-10-19,vacation,,49.58%,891xx,NV,< 1 year,0.0
100000.0,2015-10-21,Business Loan,,-1%,980xx,WA,< 1 year,0.0
35000.0,2015-10-21,debt_consolidation,,76.98%,629xx,IL,< 1 year,0.0
15000.0,2015-10-21,Debt consolidation,,31.05%,430xx,OH,10+ years,0.0
20000.0,2015-10-24,debt_consolidation,,46.19%,547xx,WI,< 1 year,0.0
15000.0,2015-10-24,small_business,,11.57%,334xx,FL,< 1 year,0.0
10000.0,2015-10-26,debt_consolidation,,18.96%,200xx,DC,< 1 year,0.0
19125.0,2015-10-26,Debt consolidation,,26.9%,132xx,NY,4 years,0.0
150000.0,2015-10-26,Business Loan,,-1%,333xx,FL,< 1 year,2.0
35000.0,2015-10-26,Debt consolidation,,8.42%,930xx,CA,,0.0
15000.0,2015-10-27,Moving and relocation,,14.67%,900xx,CA,10+ years,0.0
7000.0,2015-10-27,debt_consolidation,,15.08%,641xx,MO,< 1 year,0.0
25000.0,2015-10-29,credit_card,,49.28%,240xx,VA,< 1 year,0.0
15000.0,2015-10-30,Debt consolidation,,0.52%,342xx,FL,10+ years,0.0
3000.0,2015-10-30,moving,,2.42%,770xx,TX,< 1 year,0.0
18000.0,2015-10-30,credit_card,685.0,42.37%,481xx,MI,< 1 year,0.0
15000.0,2015-10-30,debt_consolidation,,18.06%,606xx,IL,< 1 year,0.0
4000.0,2015-10-31,moving,,6.3%,142xx,NY,< 1 year,0.0
5000.0,2015-10-31,debt_consolidation,,56.4%,371xx,TN,< 1 year,0.0
11000.0,2015-11-02,debt_consolidation,,85.49%,587xx,ND,< 1 year,0.0
10000.0,2015-11-03,debt_consolidation,,24.29%,926xx,CA,< 1 year,0.0
9000.0,2015-11-03,credit_card,,21.69%,207xx,MD,< 1 year,0.0
35000.0,2015-11-03,debt_consolidation,,27.96%,117xx,NY,5 years,0.0
28000.0,2015-11-04,debt_consolidation,,20.86%,276xx,NC,< 1 year,0.0
20000.0,2015-11-04,debt_consolidation,,43.56%,462xx,IN,< 1 year,0.0
15000.0,2015-11-04,debt_consolidation,,22.93%,928xx,CA,< 1 year,0.0
4175.0,2015-11-04,other,,45.5%,330xx,FL,< 1 year,0.0
5000.0,2015-11-05,Other,,6.75%,724xx,AR,7 years,0.0
1000.0,2015-11-05,car,,1.52%,115xx,NY,< 1 year,0.0
5000.0,2015-11-05,debt_consolidation,,1.57%,153xx,PA,< 1 year,0.0
7000.0,2015-11-07,other,,45.95%,463xx,IN,< 1 year,0.0
30000.0,2015-11-08,medical,578.0,1.46%,385xx,TN,< 1 year,0.0
25000.0,2015-11-09,debt_consolidation,,14.72%,275xx,NC,< 1 year,0.0
1400.0,2015-11-09,other,,1.67%,980xx,WA,< 1 year,0.0
5000.0,2015-11-09,other,,23.59%,462xx,IN,< 1 year,0.0
8000.0,2015-11-10,debt_consolidation,,29.36%,777xx,TX,< 1 year,0.0
15000.0,2015-11-10,debt_consolidation,,87.4%,760xx,TX,< 1 year,0.0
5000.0,2015-11-10,vacation,,55.8%,532xx,WI,< 1 year,0.0
5000.0,2015-11-10,debt_consolidation,,7.84%,926xx,CA,< 1 year,0.0
4000.0,2015-11-11,debt_consolidation,,45.71%,234xx,VA,< 1 year,0.0
5000.0,2015-11-12,medical,,16.63%,641xx,MO,< 1 year,0.0
2500.0,2015-11-13,medical,,18.44%,465xx,IN,< 1 year,0.0
35000.0,2015-11-13,Debt consolidation,683.0,21.67%,557xx,MN,,0.0
20000.0,2015-11-13,debt_consolidation,,1.1%,012xx,MA,< 1 year,0.0
8000.0,2015-11-13,debt_consolidation,,16.36%,926xx,CA,< 1 year,0.0
5000.0,2015-11-14,other,,3.73%,913xx,CA,< 1 year,0.0
30000.0,2015-11-14,credit_card,,18.34%,113xx,NY,< 1 year,0.0
6000.0,2015-11-14,credit_card,,8.42%,681xx,NE,< 1 year,0.0
5000.0,2015-11-15,moving,622.0,64.52%,283xx,NC,< 1 year,0.0
15000.0,2015-11-15,debt_consolidation,,1.07%,917xx,CA,5 years,0.0
5000.0,2015-11-16,Business Loan,,-1%,291xx,SC,< 1 year,0.0
10000.0,2015-11-17,moving,582.0,14.16%,985xx,WA,< 1 year,0.0
10000.0,2015-11-18,small_business,,-1%,606xx,IL,< 1 year,0.0
2500.0,2015-11-18,debt_consolidation,,32.77%,598xx,MT,< 1 year,0.0
35000.0,2015-11-18,car,,0%,601xx,IL,< 1 year,0.0
1000.0,2015-11-19,credit_card,,3.83%,474xx,IN,< 1 year,0.0
15000.0,2015-11-20,debt_consolidation,,-1%,968xx,HI,< 1 year,0.0
5000.0,2015-11-20,other,,8.01%,287xx,NC,< 1 year,0.0
3000.0,2015-11-20,other,,17.41%,953xx,CA,< 1 year,0.0
18000.0,2015-11-22,debt_consolidation,,20.52%,743xx,OK,< 1 year,0.0
5000.0,2015-11-22,major_purchase,,27.21%,323xx,FL,< 1 year,0.0
5000.0,2015-11-23,credit_card,,47.15%,551xx,MN,< 1 year,0.0
9500.0,2015-11-23,credit_card,,64.03%,631xx,MO,< 1 year,0.0
1000.0,2015-11-24,other,,6.29%,232xx,VA,< 1 year,0.0
17000.0,2015-11-24,debt_consolidation,,14.62%,077xx,NJ,< 1 year,0.0
25000.0,2015-11-25,debt_consolidation,,35.86%,937xx,CA,< 1 year,0.0
35000.0,2015-11-26,debt_consolidation,,50.11%,380xx,TN,< 1 year,0.0
30000.0,2015-11-27,debt_consolidation,,24.83%,650xx,MO,< 1 year,0.0
5000.0,2015-11-28,home_improvement,,11.86%,136xx,NY,< 1 year,0.0
16000.0,2015-11-28,Credit card refinancing,658.0,18.39%,370xx,TN,< 1 year,0.0
15000.0,2015-11-29,debt_consolidation,,31.14%,378xx,TN,< 1 year,0.0
20000.0,2015-11-29,debt_consolidation,,26.59%,805xx,CO,< 1 year,0.0
10000.0,2015-12-01,home_improvement,,50.83%,371xx,TN,< 1 year,0.0
4500.0,2015-12-02,credit_card,666.0,56.99%,231xx,VA,< 1 year,0.0
1000.0,2015-12-02,debt_consolidation,,6.55%,661xx,KS,5 years,0.0
2000.0,2015-12-02,debt_consolidation,,2.42%,945xx,CA,< 1 year,0.0
14000.0,2015-12-03,debt_consolidation,,15.6%,934xx,CA,< 1 year,0.0
35000.0,2015-12-03,debt_consolidation,,54.7%,477xx,IN,5 years,0.0
15000.0,2015-12-03,credit_card,,16.37%,284xx,NC,5 years,0.0
5000.0,2015-12-03,Debt consolidation,,17.58%,799xx,TX,,0.0
1000.0,2015-12-03,debt_consolidation,,21.15%,641xx,MO,< 1 year,0.0
10000.0,2015-12-04,major_purchase,,10.8%,850xx,AZ,< 1 year,0.0
20000.0,2015-12-04,car,,15.47%,349xx,FL,5 years,0.0
15000.0,2015-12-04,Business Loan,,-1%,762xx,TX,< 1 year,0.0
15000.0,2015-12-05,Debt consolidation,,13.07%,217xx,MD,10+ years,0.0
25000.0,2015-12-05,credit_card,,106.84%,191xx,PA,< 1 year,0.0
15000.0,2015-12-06,debt_consolidation,,11.68%,383xx,TN,< 1 year,0.0
30000.0,2015-12-07,moving,,5.05%,207xx,MD,5 years,0.0
5000.0,2015-12-07,credit_card,,32.72%,891xx,NV,< 1 year,0.0
1500.0,2015-12-08,car,,0%,140xx,NY,< 1 year,0.0
4000.0,2015-12-08,other,,49.78%,557xx,MN,< 1 year,0.0
2000.0,2015-12-09,debt_consolidation,,15.36%,840xx,UT,< 1 year,0.0
2500.0,2015-12-09,other,,9.81%,211xx,MD,< 1 year,0.0
1000.0,2015-12-09,medical,,0%,750xx,TX,< 1 year,0.0
25000.0,2015-12-10,Other,,25.69%,283xx,NC,8 years,0.0
15000.0,2015-12-10,debt_consolidation,,13.29%,532xx,WI,5 years,0.0
20000.0,2015-12-11,house,,351.6%,334xx,FL,< 1 year,0.0
3500.0,2015-12-11,debt_consolidation,657.0,36.02%,986xx,WA,< 1 year,0.0
9500.0,2015-12-13,Debt consolidation,,8.61%,015xx,MA,1 year,0.0
35000.0,2015-12-14,credit_card,,53.89%,700xx,LA,< 1 year,0.0
6300.0,2015-12-15,credit_card,,16.1%,114xx,NY,< 1 year,0.0
5000.0,2015-12-15,major_purchase,,28.11%,453xx,OH,< 1 year,0.0
20000.0,2015-12-15,Credit card refinancing,679.0,21.33%,115xx,NY,2 years,0.0
2500.0,2015-12-16,major_purchase,,48.3%,986xx,WA,< 1 year,0.0
5000.0,2015-12-16,car,,0%,971xx,OR,< 1 year,0.0
3000.0,2015-12-17,debt_consolidation,,3.35%,371xx,TN,5 years,0.0
6000.0,2015-12-17,other,,15.16%,685xx,NE,< 1 year,0.0
35000.0,2015-12-17,credit_card,,21.86%,671xx,KS,5 years,0.0
5000.0,2015-12-17,medical,567.0,39.53%,300xx,GA,< 1 year,0.0
15000.0,2015-12-18,credit_card,598.0,9999%,463xx,IN,< 1 year,0.0
20000.0,2015-12-18,car,,12.69%,075xx,NJ,< 1 year,0.0
4000.0,2015-12-19,debt_consolidation,,8.92%,088xx,NJ,< 1 year,0.0
25000.0,2015-12-19,debt_consolidation,679.0,49.71%,894xx,NV,< 1 year,0.0
15000.0,2015-12-21,debt_consolidation,,22.49%,874xx,NM,< 1 year,0.0
21000.0,2015-12-21,debt_consolidation,,61.97%,410xx,KY,5 years,0.0
10000.0,2015-12-21,debt_consolidation,,29.33%,802xx,CO,< 1 year,0.0
1000.0,2015-12-21,other,,25.64%,770xx,TX,5 years,0.0
12000.0,2015-12-21,debt_consolidation,,92.31%,782xx,TX,< 1 year,0.0
1200.0,2015-12-22,other,,-1%,902xx,CA,,0.0
1000.0,2015-12-22,debt_consolidation,,20.49%,853xx,AZ,< 1 year,0.0
1500.0,2015-12-22,debt_consolidation,,27.29%,172xx,PA,< 1 year,0.0
9000.0,2015-12-24,debt_consolidation,,8.04%,078xx,NJ,< 1 year,0.0
7600.0,2015-12-24,debt_consolidation,,9.15%,060xx,CT,< 1 year,0.0
1000.0,2015-12-26,other,,13.59%,707xx,LA,5 years,0.0
1500.0,2015-12-27,debt_consolidation,,17.76%,323xx,FL,< 1 year,0.0
3000.0,2015-12-28,debt_consolidation,,2.66%,323xx,FL,< 1 year,0.0
2000.0,2015-12-29,debt_consolidation,,15.98%,482xx,MI,< 1 year,0.0
35000.0,2015-12-29,Credit card refinancing,638.0,28.56%,302xx,GA,6 years,0.0
6500.0,2015-12-29,major_purchase,,0.8%,731xx,OK,< 1 year,0.0
5000.0,2015-12-29,debt_consolidation,,5.14%,441xx,OH,< 1 year,0.0
15000.0,2015-12-30,debt_consolidation,,13.88%,360xx,AL,< 1 year,0.0
25000.0,2015-12-30,credit_card,632.0,68.35%,070xx,NJ,< 1 year,0.0
1000.0,2015-12-30,other,,22.53%,850xx,AZ,< 1 year,0.0
20000.0,2015-12-30,credit_card,,52.19%,300xx,GA,< 1 year,0.0
6800.0,2015-12-30,Debt consolidation,,13.54%,967xx,HI,10+ years,0.0
7000.0,2017-04-01,other,,8.72%,806xx,CO,5 years,0.0
1000.0,2017-04-01,Credit card refinancing,577.0,24.34%,280xx,NC,< 1 year,0.0
5000.0,2017-04-02,debt_consolidation,,-1%,708xx,LA,,0.0
10000.0,2017-04-02,debt_consolidation,,9.96%,800xx,CO,< 1 year,0.0
10000.0,2017-04-02,Debt consolidation,648.0,15.77%,926xx,CA,7 years,0.0
25000.0,2017-04-02,Debt consolidation,631.0,37.64%,378xx,TN,< 1 year,0.0
10000.0,2017-04-03,Credit card refinancing,617.0,67.28%,553xx,MN,< 1 year,0.0
2000.0,2017-04-03,other,,6.5%,114xx,NY,< 1 year,0.0
6000.0,2017-04-03,debt_consolidation,,26.51%,085xx,NJ,5 years,0.0
2000.0,2017-04-03,Moving and relocation,501.0,10.06%,351xx,AL,< 1 year,0.0
10000.0,2017-04-04,small_business,,8.08%,547xx,WI,< 1 year,0.0
5000.0,2017-04-04,other,,-1%,014xx,MA,< 1 year,0.0
21000.0,2017-04-04,Debt consolidation,752.0,54.17%,393xx,MS,< 1 year,0.0
3000.0,2017-04-04,Car financing,682.0,0.15%,330xx,FL,< 1 year,0.0
20000.0,2017-04-04,credit_card,,-1%,782xx,TX,5 years,0.0
10000.0,2017-04-04,Debt consolidation,524.0,17.43%,932xx,CA,< 1 year,0.0
5000.0,2017-04-04,other,,1.84%,483xx,MI,5 years,0.0
10000.0,2017-04-04,Debt consolidation,661.0,3.97%,331xx,FL,,0.0
15000.0,2017-04-04,Debt consolidation,624.0,19.33%,999xx,AK,< 1 year,0.0
7500.0,2017-04-05,credit_card,,20.88%,276xx,NC,5 years,0.0
10000.0,2017-04-05,debt_consolidation,,12.23%,200xx,DC,< 1 year,0.0
3000.0,2017-04-05,Car financing,576.0,11.57%,325xx,FL,< 1 year,0.0
30000.0,2017-04-05,Debt consolidation,717.0,18.51%,171xx,PA,< 1 year,0.0
3500.0,2017-04-05,Home improvement,,100%,953xx,CA,< 1 year,0.0
35000.0,2017-04-05,debt_consolidation,,49.83%,836xx,ID,5 years,0.0
10000.0,2017-04-06,other,,9999%,294xx,SC,< 1 year,0.0
300000.0,2017-04-06,Business Loan,,-1%,156xx,PA,< 1 year,0.0
10000.0,2017-04-06,debt_consolidation,,26.97%,317xx,GA,5 years,0.0
5000.0,2017-04-07,vacation,,10.36%,932xx,CA,5 years,0.0
35000.0,2017-04-08,debt_consolidation,,69.04%,437xx,OH,< 1 year,0.0
8000.0,2017-04-08,Other,637.0,53.13%,194xx,PA,< 1 year,0.0
1000.0,2017-04-08,other,,15%,238xx,VA,5 years,0.0
6000.0,2017-04-09,Credit card refinancing,693.0,9.14%,740xx,OK,< 1 year,0.0
8000.0,2017-04-09,Credit card refinancing,598.0,7.66%,980xx,WA,< 1 year,0.0
20000.0,2017-04-10,Debt consolidation,668.0,81.8%,296xx,OH,< 1 year,0.0
3000.0,2017-04-10,debt_consolidation,,23.3%,801xx,CO,< 1 year,0.0
20000.0,2017-04-10,home_improvement,,30.78%,633xx,MO,< 1 year,0.0
3000.0,2017-04-10,Moving and relocation,574.0,22.17%,992xx,WA,< 1 year,0.0
6000.0,2017-04-11,other,,33.86%,300xx,GA,5 years,0.0
15000.0,2017-04-12,Debt consolidation,642.0,21.87%,236xx,VA,< 1 year,0.0
16000.0,2017-04-13,car,,0.47%,982xx,WA,4 years,0.0
35000.0,2017-04-13,Debt consolidation,612.0,8.51%,787xx,TX,< 1 year,0.0
20000.0,2017-04-13,Debt consolidation,661.0,21.6%,917xx,CA,< 1 year,0.0
1000.0,2017-04-13,house,623.0,41.75%,710xx,LA,5 years,0.0
3000.0,2017-04-14,Debt consolidation,618.0,33.66%,751xx,TX,< 1 year,0.0
1000.0,2017-04-14,Vacation,,18.04%,891xx,NV,7 years,0.0
2000.0,2017-04-14,other,580.0,0.53%,560xx,MN,< 1 year,0.0
12000.0,2017-04-16,other,,11.97%,712xx,LA,5 years,0.0
26650.0,2017-04-17,car,,14.72%,190xx,PA,10+ years,0.0
20000.0,2017-04-18,Debt consolidation,609.0,498.36%,315xx,GA,< 1 year,0.0
4000.0,2017-04-18,debt_consolidation,,15%,302xx,GA,< 1 year,0.0
1500.0,2017-04-19,debt_consolidation,,36.11%,631xx,MO,5 years,0.0
18000.0,2017-04-19,Debt consolidation,765.0,42.38%,762xx,TX,< 1 year,0.0
1000.0,2017-04-19,medical,,18.36%,321xx,FL,< 1 year,0.0
7000.0,2017-04-19,home_improvement,,15.18%,801xx,CO,< 1 year,0.0
3000.0,2017-04-19,other,,15%,453xx,OH,< 1 year,0.0
20000.0,2017-04-20,Debt consolidation,622.0,16.02%,015xx,MA,< 1 year,0.0
15000.0,2017-04-20,Debt consolidation,700.0,35.68%,751xx,TX,< 1 year,0.0
30000.0,2017-04-21,debt_consolidation,,0.62%,240xx,VA,,0.0
30000.0,2017-04-21,Credit card refinancing,,100%,750xx,TX,< 1 year,0.0
25000.0,2017-04-21,Credit card refinancing,692.0,22.9%,622xx,IL,< 1 year,0.0
6000.0,2017-04-21,debt_consolidation,,49.92%,840xx,UT,< 1 year,0.0
40000.0,2017-04-22,Major purchase,692.0,17.41%,930xx,CA,< 1 year,0.0
35000.0,2017-04-22,debt_consolidation,,18.39%,787xx,TX,5 years,0.0
1200.0,2017-04-22,other,,28.62%,336xx,FL,5 years,0.0
7000.0,2017-04-22,credit_card,,0.8%,019xx,MA,5 years,0.0
30600.0,2017-04-22,debt_consolidation,,30.13%,722xx,AR,< 1 year,0.0
10000.0,2017-04-22,Home buying,720.0,66.76%,989xx,WA,< 1 year,0.0
5500.0,2017-04-23,Debt consolidation,681.0,26.12%,300xx,GA,< 1 year,0.0
25000.0,2017-04-23,Debt consolidation,676.0,4.11%,486xx,MI,< 1 year,0.0
6000.0,2017-04-23,Debt consolidation,712.0,13.41%,282xx,NC,< 1 year,0.0
17000.0,2017-04-23,Debt consolidation,,100%,922xx,CA,< 1 year,0.0
5000.0,2017-04-23,Home improvement,620.0,14.79%,441xx,OH,< 1 year,0.0
3000.0,2017-04-24,Major purchase,595.0,26.88%,720xx,AR,< 1 year,0.0
15000.0,2017-04-25,Credit card refinancing,594.0,66.43%,900xx,CA,< 1 year,0.0
3000.0,2017-04-25,other,,1.88%,891xx,NV,5 years,0.0
10000.0,2017-04-26,Debt consolidation,563.0,4.4%,180xx,PA,< 1 year,0.0
2500.0,2017-04-26,debt_consolidation,,17.23%,606xx,IL,< 1 year,0.0
35000.0,2017-04-26,Debt consolidation,772.0,16.4%,791xx,TX,< 1 year,0.0
1000.0,2017-04-26,Moving and relocation,,100%,751xx,TX,< 1 year,0.0
1000.0,2017-04-26,Car financing,552.0,0%,190xx,PA,< 1 year,0.0
30000.0,2017-04-27,Home improvement,743.0,130.01%,064xx,CT,< 1 year,0.0
75000.0,2017-04-27,Business Loan,,-1%,577xx,SD,< 1 year,0.0
5000.0,2017-04-27,debt_consolidation,,22.91%,770xx,TX,< 1 year,0.0
5000.0,2017-04-28,debt_consolidation,,39.78%,787xx,TX,< 1 year,0.0
10000.0,2017-04-29,debt_consolidation,,22.95%,496xx,MI,< 1 year,0.0
5000.0,2017-04-30,Debt consolidation,629.0,14.16%,852xx,AZ,5 years,0.0
2500.0,2017-05-01,Debt consolidation,582.0,7520%,730xx,OK,< 1 year,0.0
10000.0,2017-05-01,Vacation,668.0,7.8%,114xx,NY,< 1 year,0.0
5000.0,2017-05-01,Debt consolidation,656.0,7.92%,782xx,TX,< 1 year,0.0
6500.0,2017-05-01,debt_consolidation,,18.94%,816xx,CO,< 1 year,0.0
12000.0,2017-05-01,debt_consolidation,,14.82%,685xx,NE,5 years,0.0
15000.0,2017-05-01,other,,-1%,129xx,PA,< 1 year,0.0
35000.0,2017-05-02,credit_card,625.0,22.02%,923xx,CA,,0.0
30000.0,2017-05-02,debt_consolidation,,11.46%,782xx,TX,< 1 year,0.0
4000.0,2017-05-02,Debt consolidation,662.0,13.93%,564xx,MN,,0.0
30000.0,2017-05-02,small_business,,0.4%,752xx,TX,5 years,0.0
3000.0,2017-05-02,Vacation,718.0,28.93%,959xx,CA,< 1 year,0.0
1200.0,2017-05-02,other,,17.65%,019xx,MA,< 1 year,0.0
7000.0,2017-05-02,Home improvement,653.0,50.5%,087xx,NJ,< 1 year,0.0
10000.0,2017-05-03,Credit card refinancing,716.0,53.82%,273xx,NC,< 1 year,0.0
1000.0,2017-05-03,Credit card refinancing,740.0,1056.63%,293xx,SC,< 1 year,0.0
10000.0,2017-05-04,other,,1.17%,018xx,MA,< 1 year,0.0
35000.0,2017-05-04,home_improvement,,10.97%,318xx,GA,< 1 year,0.0
4000.0,2017-05-04,Debt consolidation,626.0,433.73%,242xx,VA,< 1 year,0.0
6000.0,2017-05-05,Medical expenses,528.0,0%,112xx,NY,< 1 year,0.0
26000.0,2017-05-05,Credit card refinancing,646.0,11.2%,209xx,MD,< 1 year,0.0
15000.0,2017-05-06,debt_consolidation,,40.14%,840xx,UT,< 1 year,0.0
2700.0,2017-05-07,debt_consolidation,,3.48%,761xx,TX,< 1 year,0.0
6000.0,2017-05-07,Credit card refinancing,736.0,6.71%,759xx,TX,10+ years,0.0
10000.0,2017-05-08,debt_consolidation,,9999%,232xx,VA,< 1 year,0.0
1500.0,2017-05-08,medical,,0.6%,448xx,OH,5 years,0.0
19000.0,2017-05-08,house,649.0,0.83%,974xx,OR,,0.0
25000.0,2017-05-09,Credit card refinancing,690.0,22.59%,626xx,IL,< 1 year,0.0
20000.0,2017-05-09,Car financing,643.0,4.8%,341xx,FL,< 1 year,0.0
10000.0,2017-05-09,other,,9.76%,978xx,OR,< 1 year,0.0
5000.0,2017-05-10,vacation,,15.77%,133xx,NY,< 1 year,0.0
5000.0,2017-05-10,debt_consolidation,,-1%,633xx,MO,5 years,0.0
2000.0,2017-05-11,other,600.0,0%,377xx,TN,< 1 year,0.0
5000.0,2017-05-12,small_business,,4.54%,109xx,NY,5 years,0.0
2000.0,2017-05-12,debt_consolidation,,29.12%,125xx,NY,< 1 year,0.0
15000.0,2017-05-12,debt_consolidation,,8.59%,172xx,PA,< 1 year,0.0
35875.0,2017-05-13,Car financing,681.0,100%,442xx,OH,< 1 year,0.0
5000.0,2017-05-15,Other,675.0,3.72%,100xx,NY,< 1 year,0.0
40000.0,2017-05-15,Debt consolidation,566.0,23.59%,301xx,GA,< 1 year,0.0
3000.0,2017-05-15,car,,7.44%,327xx,FL,5 years,0.0
50000.0,2017-05-15,Business Loan,,-1%,232xx,VA,< 1 year,2.0
1000.0,2017-05-15,other,,17.45%,941xx,CA,,0.0
10000.0,2017-05-16,Home improvement,614.0,2.93%,014xx,MA,< 1 year,0.0
1000.0,2017-05-16,car,,16.16%,190xx,PA,5 years,0.0
2000.0,2017-05-16,vacation,,49.47%,785xx,TX,< 1 year,0.0
5000.0,2017-05-16,Debt consolidation,585.0,27.45%,765xx,TX,< 1 year,0.0
5225.0,2017-05-16,Car financing,662.0,100%,635xx,MO,< 1 year,0.0
2500.0,2017-05-17,other,,18.15%,089xx,NJ,5 years,0.0
25000.0,2017-05-17,Debt consolidation,657.0,32.9%,917xx,CA,< 1 year,0.0
1000.0,2017-05-17,moving,680.0,0%,923xx,CA,5 years,0.0
3500.0,2017-05-18,small_business,503.0,0.2%,711xx,LA,5 years,0.0
5000.0,2017-05-18,home_improvement,,19.86%,238xx,VA,< 1 year,0.0
7000.0,2017-05-18,Debt consolidation,565.0,11.52%,071xx,NJ,< 1 year,0.0
2000.0,2017-05-19,car,,12.33%,640xx,MO,< 1 year,0.0
40000.0,2017-05-19,Debt consolidation,622.0,33.91%,481xx,MI,< 1 year,0.0
1000.0,2017-05-19,vacation,601.0,0%,421xx,KY,5 years,0.0
4000.0,2017-05-20,debt_consolidation,,1.03%,770xx,TX,< 1 year,0.0
20000.0,2017-05-20,debt_consolidation,,20.99%,945xx,CA,< 1 year,0.0
14000.0,2017-05-21,debt_consolidation,,49.68%,704xx,LA,5 years,0.0
10000.0,2017-05-21,major_purchase,,12.9%,027xx,MA,< 1 year,0.0
10000.0,2017-05-21,other,,3.8%,303xx,GA,< 1 year,0.0
31800.0,2017-05-22,Car financing,659.0,100%,271xx,NC,< 1 year,0.0
5000.0,2017-05-22,Credit card refinancing,563.0,39.73%,720xx,AR,< 1 year,0.0
25000.0,2017-05-22,Debt consolidation,505.0,33.73%,322xx,FL,< 1 year,0.0
15500.0,2017-05-22,Debt consolidation,677.0,9999%,412xx,KY,< 1 year,0.0
10000.0,2017-05-22,debt_consolidation,,34.57%,770xx,TX,< 1 year,0.0
35000.0,2017-05-22,debt_consolidation,,34.76%,763xx,TX,< 1 year,0.0
15000.0,2017-05-22,debt_consolidation,,10.17%,302xx,GA,< 1 year,0.0
5000.0,2017-05-23,debt_consolidation,,16.63%,925xx,CA,< 1 year,0.0
20000.0,2017-05-23,home_improvement,,8.62%,751xx,TX,< 1 year,0.0
15000.0,2017-05-23,Debt consolidation,657.0,16.3%,473xx,IN,< 1 year,0.0
10000.0,2017-05-24,debt_consolidation,,25.14%,750xx,TX,< 1 year,0.0
40000.0,2017-05-24,Debt consolidation,658.0,19.14%,925xx,CA,< 1 year,0.0
3500.0,2017-05-24,moving,,25.17%,196xx,PA,2 years,0.0
5000.0,2017-05-24,Debt consolidation,594.0,17.85%,472xx,IN,< 1 year,0.0
20000.0,2017-05-24,debt_consolidation,,7.74%,027xx,MA,< 1 year,0.0
2000.0,2017-05-24,other,,22.02%,300xx,GA,1 year,0.0
4000.0,2017-05-24,Credit card refinancing,592.0,43.52%,112xx,NY,< 1 year,0.0
5000.0,2017-05-24,credit_card,,23.66%,891xx,NV,< 1 year,0.0
5000.0,2017-05-27,debt_consolidation,,24.72%,480xx,MI,< 1 year,0.0
6000.0,2017-05-28,credit_card,,76.83%,144xx,NY,,0.0
35000.0,2017-05-28,credit_card,,28.68%,604xx,IL,,0.0
5000.0,2017-05-29,house,,5.86%,761xx,TX,5 years,0.0
21000.0,2017-05-29,home_improvement,,17.78%,488xx,MI,1 year,0.0
38000.0,2017-05-29,major_purchase,,31.23%,730xx,OK,< 1 year,0.0
25000.0,2017-05-29,debt_consolidation,,11.5%,840xx,UT,< 1 year,0.0
3500.0,2017-05-29,Credit card refinancing,609.0,12.2%,581xx,ND,< 1 year,0.0
5000.0,2017-05-29,major_purchase,,20.99%,840xx,UT,< 1 year,0.0
25000.0,2017-05-30,Debt consolidation,701.0,16.01%,853xx,AZ,< 1 year,0.0
7000.0,2017-05-30,Debt consolidation,744.0,37.9%,301xx,GA,< 1 year,0.0
40000.0,2017-05-30,debt_consolidation,,22.02%,761xx,TX,< 1 year,0.0
35000.0,2017-05-31,major_purchase,,1.71%,303xx,GA,< 1 year,0.0
15000.0,2017-05-31,Debt consolidation,670.0,6.79%,344xx,FL,,0.0
40000.0,2017-05-31,Debt consolidation,823.0,21.93%,180xx,PA,< 1 year,0.0
5000.0,2017-05-31,other,,63.63%,748xx,OK,,0.0
10000.0,2017-06-01,other,,16.42%,750xx,TX,< 1 year,0.0
35000.0,2017-06-01,vacation,,13.15%,770xx,TX,5 years,0.0
30000.0,2017-06-01,Credit card refinancing,,100%,307xx,FL,< 1 year,0.0
15000.0,2017-06-01,debt_consolidation,681.0,18.37%,606xx,IL,< 1 year,0.0
5000.0,2017-06-02,Credit card refinancing,664.0,27.72%,140xx,NY,< 1 year,0.0
23000.0,2017-06-02,major_purchase,,3.42%,110xx,NY,< 1 year,0.0
5000.0,2017-06-03,debt_consolidation,,6.08%,104xx,NY,< 1 year,0.0
4000.0,2017-06-04,other,,0%,989xx,WA,< 1 year,0.0
40000.0,2017-06-04,debt_consolidation,,39.54%,826xx,WY,< 1 year,0.0
15000.0,2017-06-04,Debt consolidation,626.0,32.29%,983xx,WA,< 1 year,0.0
2500.0,2017-06-05,other,,12.92%,086xx,NJ,< 1 year,0.0
26000.0,2017-06-05,debt_consolidation,,8.44%,182xx,PA,5 years,0.0
8000.0,2017-06-05,Major purchase,,5.9%,342xx,FL,5 years,0.0
15000.0,2017-06-05,debt_consolidation,,10.31%,199xx,DE,< 1 year,0.0
20000.0,2017-06-06,Other,,25.44%,103xx,NY,10+ years,0.0
8500.0,2017-06-06,Debt consolidation,633.0,23.31%,681xx,NE,< 1 year,0.0
1000.0,2017-06-06,other,,14.44%,319xx,GA,< 1 year,0.0
10000.0,2017-06-06,debt_consolidation,,12.46%,922xx,CA,< 1 year,0.0
3000.0,2017-06-07,Medical expenses,637.0,33.17%,720xx,AR,< 1 year,0.0
10000.0,2017-06-07,debt_consolidation,,20.34%,104xx,NY,< 1 year,0.0
13000.0,2017-06-07,major_purchase,,8.14%,795xx,TX,< 1 year,0.0
2000.0,2017-06-07,debt_consolidation,643.0,3.93%,641xx,MO,,0.0
3000.0,2017-06-07,Medical expenses,564.0,5.51%,852xx,AZ,< 1 year,0.0
10000.0,2017-06-08,Major purchase,714.0,22.96%,217xx,MD,< 1 year,0.0
5000.0,2017-06-08,Vacation,795.0,74.64%,781xx,TX,< 1 year,0.0
10000.0,2017-06-08,debt_consolidation,,49.12%,794xx,TX,5 years,0.0
35000.0,2017-06-08,debt_consolidation,,41.57%,023xx,MA,5 years,0.0
10000.0,2017-06-08,debt_consolidation,,40.36%,174xx,PA,5 years,0.0
15000.0,2017-06-09,debt_consolidation,,14.59%,940xx,CA,< 1 year,0.0
1500.0,2017-06-09,debt_consolidation,,0%,271xx,NC,5 years,0.0
9000.0,2017-06-09,Debt consolidation,731.0,26.12%,871xx,NM,< 1 year,0.0
12500.0,2017-06-09,credit_card,,24.22%,950xx,CA,5 years,0.0
4000.0,2017-06-10,debt_consolidation,,14.37%,156xx,PA,< 1 year,0.0
4000.0,2017-06-10,Debt consolidation,628.0,7.29%,780xx,TX,< 1 year,0.0
5600.0,2017-06-10,Other,,100%,917xx,CA,< 1 year,0.0
3000.0,2017-06-10,other,,1.29%,300xx,GA,4 years,0.0
5000.0,2017-06-11,Home improvement,594.0,13.09%,443xx,OH,< 1 year,0.0
10000.0,2017-06-11,debt_consolidation,,20.36%,434xx,OH,< 1 year,0.0
1500.0,2017-06-11,Medical expenses,665.0,9.55%,917xx,CA,< 1 year,0.0
15000.0,2017-06-11,debt_consolidation,,13.69%,285xx,NC,< 1 year,0.0
10000.0,2017-06-12,debt_consolidation,,41.31%,306xx,GA,< 1 year,0.0
20000.0,2017-06-12,Credit card refinancing,608.0,44.23%,541xx,WI,< 1 year,0.0
2000.0,2017-06-12,other,,12.71%,633xx,MO,5 years,0.0
11500.0,2017-06-12,other,,0.18%,339xx,FL,,0.0
1500.0,2017-06-13,debt_consolidation,,9.55%,206xx,MD,5 years,0.0
2500.0,2017-06-13,Debt consolidation,568.0,2.73%,986xx,WA,< 1 year,0.0
2000.0,2017-06-13,home_improvement,,15.69%,143xx,NY,< 1 year,0.0
1000.0,2017-06-13,debt_consolidation,,11.48%,770xx,TX,,0.0
5000.0,2017-06-13,Debt consolidation,550.0,412.98%,121xx,NY,< 1 year,0.0
10000.0,2017-06-14,Debt consolidation,600.0,25.89%,018xx,MA,< 1 year,0.0
2500.0,2017-06-14,Other,642.0,4.18%,234xx,VA,< 1 year,0.0
10000.0,2017-06-14,other,,7.76%,852xx,AZ,< 1 year,0.0
40000.0,2017-06-15,Debt consolidation,711.0,20.25%,328xx,FL,< 1 year,0.0
5000.0,2017-06-15,Home improvement,775.0,34.75%,136xx,NY,10+ years,0.0
1000.0,2017-06-15,other,,18.46%,150xx,PA,1 year,0.0
10000.0,2017-06-15,debt_consolidation,,42.87%,174xx,PA,4 years,0.0
15000.0,2017-06-15,Credit card refinancing,698.0,36.21%,785xx,TX,< 1 year,0.0
5000.0,2017-06-16,Other,732.0,52.16%,551xx,MN,< 1 year,0.0
3000.0,2017-06-18,Other,501.0,0%,376xx,TN,< 1 year,0.0
9000.0,2017-06-18,credit_card,,24.11%,018xx,MA,5 years,0.0
12000.0,2017-06-19,Debt consolidation,660.0,17.32%,174xx,PA,< 1 year,0.0
4000.0,2017-06-19,debt_consolidation,,5.39%,750xx,TX,5 years,0.0
12625.0,2017-06-20,debt_consolidation,,21.06%,775xx,TX,< 1 year,0.0
15000.0,2017-06-20,Debt consolidation,,-1%,600xx,IL,< 1 year,0.0
20000.0,2017-06-20,Debt consolidation,683.0,37.17%,326xx,FL,< 1 year,0.0
20000.0,2017-06-21,Home buying,629.0,2.42%,283xx,ND,< 1 year,0.0
35000.0,2017-06-21,Business,622.0,36.1%,880xx,NM,< 1 year,0.0
1000.0,2017-06-21,other,,0%,482xx,MI,,0.0
25000.0,2017-06-22,other,,26.44%,393xx,MS,1 year,0.0
18000.0,2017-06-22,Debt consolidation,617.0,24.95%,402xx,KY,< 1 year,0.0
2000.0,2017-06-23,moving,,19.47%,334xx,FL,< 1 year,0.0
15000.0,2017-06-23,other,,23.15%,352xx,AL,5 years,0.0
1500.0,2017-06-23,debt_consolidation,,8.71%,275xx,NC,,0.0
10000.0,2017-06-23,other,,29.66%,917xx,CA,< 1 year,0.0
20000.0,2017-06-24,home_improvement,,9.14%,365xx,AL,5 years,0.0
3000.0,2017-06-24,other,,-1%,322xx,FL,,0.0
14000.0,2017-06-24,major_purchase,,12.9%,303xx,GA,,0.0
25000.0,2017-06-25,Credit card refinancing,603.0,35.14%,530xx,WI,< 1 year,0.0
35000.0,2017-06-25,medical,573.0,14.2%,945xx,CA,5 years,0.0
2400.0,2017-06-25,Debt consolidation,732.0,8.83%,079xx,NJ,< 1 year,0.0
15000.0,2017-06-26,Debt consolidation,620.0,10.67%,190xx,PA,< 1 year,0.0
5000.0,2017-06-26,other,,2.43%,100xx,NY,< 1 year,0.0
5000.0,2017-06-26,debt_consolidation,,4.78%,993xx,WA,< 1 year,0.0
18025.0,2017-06-26,Car financing,562.0,100%,923xx,CA,< 1 year,0.0
22000.0,2017-06-27,debt_consolidation,,12.72%,347xx,FL,< 1 year,0.0
5000.0,2017-06-27,other,,0%,970xx,OR,,0.0
8000.0,2017-06-27,other,,2.96%,182xx,PA,< 1 year,0.0
30000.0,2017-06-28,Debt consolidation,686.0,20.19%,330xx,FL,< 1 year,0.0
1500.0,2017-06-28,Car financing,512.0,0%,551xx,MN,< 1 year,0.0
5000.0,2017-06-28,Debt consolidation,678.0,27.97%,356xx,AL,< 1 year,0.0
35000.0,2017-06-28,home_improvement,,16.64%,476xx,IN,5 years,0.0
5000.0,2017-06-28,other,,8%,456xx,OH,< 1 year,0.0
25000.0,2017-06-28,credit_card,,-1%,953xx,CA,5 years,0.0
1000.0,2017-06-28,car,,0%,326xx,FL,,0.0
18200.0,2017-06-29,Car financing,729.0,100%,316xx,GA,< 1 year,0.0
1500.0,2017-06-29,major_purchase,,1.25%,967xx,HI,5 years,0.0
5000.0,2017-06-29,Debt consolidation,675.0,54.34%,530xx,WI,< 1 year,0.0
9000.0,2017-06-30,Debt consolidation,628.0,41.74%,327xx,FL,< 1 year,0.0
6000.0,2017-06-30,Other,,100%,935xx,CA,< 1 year,0.0
6000.0,2017-06-30,credit_card,,3.99%,130xx,NY,5 years,0.0
3000.0,2017-06-30,other,,3.9%,430xx,OH,< 1 year,0.0
6000.0,2016-10-01,debt_consolidation,,34.51%,602xx,IL,< 1 year,0.0
10000.0,2016-10-02,debt_consolidation,,9999%,070xx,NJ,< 1 year,0.0
15000.0,2016-10-03,debt_consolidation,,45.95%,296xx,SC,< 1 year,0.0
30000.0,2016-10-03,Debt consolidation,,13.55%,333xx,FL,,0.0
6000.0,2016-10-03,debt_consolidation,,16.36%,179xx,PA,5 years,0.0
10000.0,2016-10-03,other,,0.17%,774xx,TX,,0.0
35000.0,2016-10-04,other,,30.07%,549xx,WI,< 1 year,0.0
10000.0,2016-10-04,debt_consolidation,,9.75%,207xx,MD,< 1 year,0.0
1000.0,2016-10-04,medical,,25.97%,432xx,OH,5 years,0.0
7000.0,2016-10-04,Debt consolidation,501.0,21.73%,302xx,GA,< 1 year,0.0
5000.0,2016-10-04,other,,9999%,232xx,VA,< 1 year,0.0
1000.0,2016-10-04,moving,,18.48%,770xx,TX,5 years,0.0
20000.0,2016-10-05,debt_consolidation,,48.32%,630xx,MO,< 1 year,0.0
10000.0,2016-10-05,credit_card,,27.6%,900xx,CA,5 years,0.0
8000.0,2016-10-05,Debt consolidation,630.0,257%,761xx,TX,< 1 year,0.0
6000.0,2016-10-05,debt_consolidation,,51.89%,921xx,CA,5 years,0.0
2000.0,2016-10-05,debt_consolidation,,37.45%,535xx,WI,< 1 year,0.0
5000.0,2016-10-05,credit_card,,-1%,271xx,NC,,0.0
40000.0,2016-10-06,debt_consolidation,,46.56%,226xx,VA,< 1 year,0.0
20000.0,2016-10-07,credit_card,,43.33%,808xx,CO,5 years,0.0
20000.0,2016-10-07,credit_card,,4.13%,972xx,OR,5 years,0.0
20000.0,2016-10-08,Debt consolidation,614.0,13.7%,465xx,IN,< 1 year,0.0
3000.0,2016-10-09,other,,2%,600xx,IL,< 1 year,0.0
35000.0,2016-10-10,Debt consolidation,675.0,337.67%,328xx,FL,< 1 year,0.0
3000.0,2016-10-11,Home improvement,708.0,0.15%,900xx,CA,< 1 year,0.0
5000.0,2016-10-11,debt_consolidation,,56.1%,850xx,AZ,< 1 year,0.0
10000.0,2016-10-11,car,,23.59%,100xx,NY,< 1 year,0.0
5000.0,2016-10-11,credit_card,,32.81%,048xx,ME,< 1 year,0.0
1000.0,2016-10-12,Other,625.0,10%,271xx,NC,< 1 year,0.0
40000.0,2016-10-12,major_purchase,,37.04%,719xx,AR,< 1 year,0.0
5000.0,2016-10-13,Credit card refinancing,667.0,28.69%,333xx,FL,< 1 year,0.0
17500.0,2016-10-14,other,,21.82%,748xx,OK,,0.0
30000.0,2016-10-14,debt_consolidation,,-1%,554xx,MN,< 1 year,0.0
15000.0,2016-10-14,debt_consolidation,,-1%,496xx,MI,,0.0
20000.0,2016-10-14,debt_consolidation,,19.54%,933xx,CA,< 1 year,0.0
10000.0,2016-10-14,major_purchase,,9999%,852xx,AZ,< 1 year,0.0
30000.0,2016-10-15,debt_consolidation,,24.93%,481xx,MI,5 years,0.0
12000.0,2016-10-16,Debt consolidation,,100%,088xx,NJ,< 1 year,0.0
2000.0,2016-10-17,Car financing,537.0,1.94%,010xx,MA,< 1 year,0.0
5000.0,2016-10-17,car,,-1%,731xx,OK,5 years,0.0
7500.0,2016-10-17,debt_consolidation,,36.71%,577xx,SD,< 1 year,0.0
30000.0,2016-10-18,debt_consolidation,,38.29%,331xx,FL,< 1 year,0.0
2000.0,2016-10-18,Other,564.0,0.8%,365xx,AL,< 1 year,0.0
5000.0,2016-10-18,other,,0%,273xx,NC,5 years,0.0
40000.0,2016-10-18,debt_consolidation,,37.1%,216xx,MD,< 1 year,0.0
20000.0,2016-10-18,Debt consolidation,611.0,39.18%,451xx,OH,< 1 year,0.0
15000.0,2016-10-18,Debt consolidation,610.0,25.63%,338xx,FL,< 1 year,0.0
21500.0,2016-10-18,debt_consolidation,,71.31%,125xx,NY,5 years,0.0
5000.0,2016-10-18,Other,613.0,98.53%,350xx,AL,< 1 year,0.0
8000.0,2016-10-19,car,,32.5%,015xx,MA,< 1 year,0.0
2500.0,2016-10-19,Debt consolidation,595.0,1.78%,601xx,IL,< 1 year,0.0
17000.0,2016-10-19,major_purchase,,387.57%,782xx,TX,< 1 year,0.0
30000.0,2016-10-20,debt_consolidation,,28.6%,840xx,UT,< 1 year,0.0
6000.0,2016-10-20,vacation,,3.56%,290xx,SC,5 years,0.0
5000.0,2016-10-20,home_improvement,,1.99%,386xx,MS,< 1 year,0.0
10000.0,2016-10-21,debt_consolidation,,33.84%,363xx,AL,< 1 year,0.0
3000.0,2016-10-21,debt_consolidation,,49.52%,934xx,CA,< 1 year,0.0
20000.0,2016-10-22,debt_consolidation,,62.36%,328xx,FL,< 1 year,0.0
2000.0,2016-10-22,other,,-1%,393xx,MS,< 1 year,0.0
5000.0,2016-10-23,other,,3.13%,485xx,MI,< 1 year,0.0
11000.0,2016-10-23,debt_consolidation,,40.77%,337xx,FL,< 1 year,0.0
3000.0,2016-10-23,debt_consolidation,,80.39%,302xx,GA,< 1 year,0.0
5000.0,2016-10-24,debt_consolidation,,35.38%,374xx,TN,,0.0
3000.0,2016-10-24,Major purchase,633.0,13.69%,329xx,FL,< 1 year,0.0
25000.0,2016-10-24,Debt consolidation,792.0,40.86%,953xx,CA,< 1 year,0.0
1000.0,2016-10-24,other,,17.86%,606xx,IL,< 1 year,0.0
15000.0,2016-10-24,debt_consolidation,,26.92%,891xx,NV,5 years,0.0
10000.0,2016-10-24,other,,-1%,740xx,OK,5 years,0.0
6000.0,2016-10-25,debt_consolidation,,8.19%,801xx,CO,< 1 year,0.0
20000.0,2016-10-25,Debt consolidation,664.0,13.17%,040xx,ME,2 years,0.0
15000.0,2016-10-25,home_improvement,,0.22%,234xx,VA,< 1 year,0.0
15000.0,2016-10-26,Business,584.0,17.19%,207xx,MD,< 1 year,0.0
7000.0,2016-10-26,Credit card refinancing,671.0,6.88%,809xx,CO,< 1 year,0.0
25000.0,2016-10-27,debt_consolidation,,56.67%,604xx,IL,5 years,0.0
10000.0,2016-10-27,debt_consolidation,,14.4%,103xx,NY,,0.0
2500.0,2016-10-27,other,,24.41%,921xx,CA,5 years,0.0
5000.0,2016-10-27,moving,,0%,810xx,CO,5 years,0.0
25000.0,2016-10-27,debt_consolidation,620.0,67.03%,762xx,TX,< 1 year,0.0
5000.0,2016-10-28,other,,15.93%,198xx,DE,5 years,0.0
3500.0,2016-10-28,Other,609.0,8.2%,277xx,NC,< 1 year,0.0
10000.0,2016-10-28,Credit card refinancing,,100%,338xx,FL,< 1 year,0.0
20000.0,2016-10-28,debt_consolidation,,-1%,600xx,IL,< 1 year,0.0
40000.0,2016-10-29,Credit card refinancing,692.0,49.64%,370xx,TN,< 1 year,0.0
1000.0,2016-10-30,other,,23.63%,400xx,KY,5 years,0.0
2500.0,2016-10-30,debt_consolidation,,0.6%,492xx,MI,< 1 year,0.0
35000.0,2016-10-31,credit_card,,44.73%,923xx,CA,< 1 year,0.0
7000.0,2016-10-31,debt_consolidation,,39.32%,608xx,IL,5 years,0.0
17000.0,2016-10-31,debt_consolidation,,-1%,067xx,CT,< 1 year,0.0
5000.0,2016-10-31,debt_consolidation,,5.86%,658xx,MO,5 years,0.0
1000.0,2016-11-01,Medical expenses,618.0,3.66%,705xx,LA,< 1 year,0.0
5000.0,2016-11-01,credit_card,,3.6%,840xx,UT,5 years,0.0
20000.0,2016-11-01,Debt consolidation,652.0,14.38%,951xx,CA,< 1 year,0.0
2500.0,2016-11-01,credit_card,,-1%,171xx,PA,5 years,0.0
2000.0,2016-11-01,Moving and relocation,649.0,2.1%,941xx,CA,< 1 year,0.0
2000.0,2016-11-02,other,,0.75%,220xx,VA,5 years,0.0
10000.0,2016-11-02,home_improvement,,19.15%,708xx,LA,,0.0
8000.0,2016-11-04,Business,663.0,41.18%,142xx,OH,< 1 year,0.0
3000.0,2016-11-04,debt_consolidation,,39.65%,750xx,TX,5 years,0.0
11000.0,2016-11-05,Debt consolidation,579.0,15.83%,452xx,OH,< 1 year,0.0
15000.0,2016-11-06,Debt consolidation,628.0,45.68%,577xx,SD,< 1 year,0.0
5000.0,2016-11-06,debt_consolidation,,-1%,967xx,HI,< 1 year,0.0
4500.0,2016-11-06,debt_consolidation,,11.85%,532xx,WI,< 1 year,0.0
20000.0,2016-11-07,debt_consolidation,,26.89%,104xx,NY,< 1 year,0.0
8000.0,2016-11-07,Debt consolidation,694.0,35.64%,296xx,SC,< 1 year,0.0
2000.0,2016-11-07,Debt consolidation,564.0,38.64%,292xx,SC,< 1 year,0.0
2500.0,2016-11-07,Debt consolidation,588.0,11.2%,809xx,CO,< 1 year,0.0
20000.0,2016-11-07,Business,728.0,59.6%,775xx,TX,< 1 year,0.0
5000.0,2016-11-07,Car financing,512.0,2.7%,104xx,NY,< 1 year,0.0
10000.0,2016-11-08,Business Loan,,-1%,441xx,OH,< 1 year,0.0
7000.0,2016-11-09,other,,38.05%,114xx,NY,< 1 year,0.0
3000.0,2016-11-09,vacation,,-1%,019xx,MA,,0.0
10000.0,2016-11-09,other,,1.87%,191xx,PA,< 1 year,0.0
1000.0,2016-11-09,Debt consolidation,,0%,875xx,NM,< 1 year,0.0
10000.0,2016-11-10,Debt consolidation,647.0,18.62%,843xx,UT,10+ years,0.0
1000.0,2016-11-10,other,,-1%,768xx,TX,,0.0
35000.0,2016-11-11,debt_consolidation,690.0,51.37%,395xx,MS,< 1 year,0.0
10000.0,2016-11-11,debt_consolidation,,54.84%,334xx,FL,< 1 year,0.0
5000.0,2016-11-11,Home improvement,685.0,28.12%,785xx,TX,< 1 year,0.0
12500.0,2016-11-12,Home improvement,668.0,39.39%,016xx,MA,< 1 year,0.0
6000.0,2016-11-12,Debt consolidation,602.0,31.44%,349xx,FL,< 1 year,0.0
10000.0,2016-11-12,other,,10.23%,800xx,CO,5 years,0.0
5000.0,2016-11-12,debt_consolidation,,67.33%,431xx,OH,< 1 year,0.0
15000.0,2016-11-12,Business,534.0,0%,321xx,FL,< 1 year,0.0
25000.0,2016-11-14,debt_consolidation,673.0,57.71%,301xx,GA,< 1 year,0.0
1000.0,2016-11-14,Debt consolidation,674.0,62.72%,137xx,NY,< 1 year,0.0
12000.0,2016-11-14,Other,677.0,12.93%,276xx,NC,< 1 year,0.0
5000.0,2016-11-14,debt_consolidation,,28.19%,376xx,TN,< 1 year,0.0
40000.0,2016-11-14,debt_consolidation,,21.05%,322xx,FL,< 1 year,0.0
28800.0,2016-11-15,debt_consolidation,,50.18%,114xx,NY,< 1 year,0.0
6000.0,2016-11-15,Debt consolidation,621.0,21.39%,312xx,GA,< 1 year,0.0
12500.0,2016-11-15,debt_consolidation,,15.67%,980xx,WA,< 1 year,0.0
40000.0,2016-11-15,debt_consolidation,,8.1%,330xx,FL,< 1 year,0.0
10000.0,2016-11-15,Debt consolidation,625.0,46.19%,983xx,WA,< 1 year,0.0
6000.0,2016-11-15,debt_consolidation,,-1%,303xx,GA,< 1 year,0.0
3500.0,2016-11-16,credit_card,,39.04%,210xx,MD,< 1 year,0.0
10000.0,2016-11-16,moving,,1.57%,440xx,OH,< 1 year,0.0
15000.0,2016-11-16,debt_consolidation,,20.13%,365xx,AL,< 1 year,0.0
40000.0,2016-11-16,Debt consolidation,656.0,28.55%,116xx,NY,< 1 year,0.0
40000.0,2016-11-17,Debt consolidation,501.0,31.81%,925xx,CA,< 1 year,0.0
3000.0,2016-11-17,Other,653.0,13.62%,921xx,CA,< 1 year,0.0
25000.0,2016-11-17,debt_consolidation,647.0,20.05%,601xx,IL,< 1 year,0.0
40000.0,2016-11-18,debt_consolidation,,9999%,015xx,MA,< 1 year,0.0
5000.0,2016-11-19,house,,3.78%,620xx,IL,,0.0
20000.0,2016-11-20,debt_consolidation,,8.19%,605xx,IL,< 1 year,0.0
2000.0,2016-11-20,other,,5.94%,195xx,PA,5 years,0.0
25000.0,2016-11-21,Business Loan,,-1%,100xx,NY,< 1 year,0.0
20000.0,2016-11-21,Debt consolidation,642.0,25.36%,430xx,OH,< 1 year,0.0
10000.0,2016-11-22,Debt consolidation,662.0,22.65%,331xx,FL,,0.0
7000.0,2016-11-22,debt_consolidation,,16.35%,067xx,CT,< 1 year,0.0
5000.0,2016-11-23,Other,731.0,44.4%,322xx,FL,< 1 year,0.0
2500.0,2016-11-25,other,,1.09%,180xx,PA,5 years,0.0
15500.0,2016-11-25,Debt consolidation,609.0,34%,454xx,OH,< 1 year,0.0
5500.0,2016-11-25,debt_consolidation,,28.65%,770xx,TX,< 1 year,0.0
5000.0,2016-11-27,debt_consolidation,,11.71%,405xx,KY,< 1 year,0.0
35000.0,2016-11-28,credit_card,647.0,43.27%,853xx,AZ,< 1 year,0.0
10000.0,2016-11-28,Debt consolidation,,100%,373xx,TN,< 1 year,0.0
10000.0,2016-11-28,debt_consolidation,,15.76%,064xx,CT,5 years,0.0
20000.0,2016-11-28,other,,28.01%,652xx,MO,< 1 year,0.0
1000.0,2016-11-29,Medical expenses,517.0,21.29%,354xx,AL,< 1 year,0.0
5000.0,2016-11-30,small_business,,40.57%,750xx,TX,< 1 year,0.0
20000.0,2016-11-30,Debt consolidation,671.0,41.19%,331xx,FL,< 1 year,0.0
15000.0,2016-12-01,debt_consolidation,,35.12%,321xx,FL,< 1 year,0.0
30000.0,2016-12-01,Debt consolidation,712.0,35.43%,782xx,TX,< 1 year,0.0
10000.0,2016-12-01,Credit card refinancing,,35.5%,190xx,PA,< 1 year,0.0
15000.0,2016-12-01,debt_consolidation,,34.92%,902xx,CA,< 1 year,0.0
1500.0,2016-12-01,other,,4.98%,235xx,VA,5 years,0.0
30000.0,2016-12-02,Business Loan,,-1%,112xx,NY,< 1 year,0.0
9500.0,2016-12-03,debt_consolidation,,47.52%,019xx,MA,5 years,0.0
1000.0,2016-12-04,small_business,,0.42%,672xx,KS,5 years,0.0
4000.0,2016-12-04,vacation,,1.88%,104xx,NY,5 years,0.0
1000.0,2016-12-05,other,,5.44%,726xx,AR,5 years,0.0
1000.0,2016-12-05,Other,605.0,3.06%,285xx,NC,< 1 year,0.0
10000.0,2016-12-05,Debt consolidation,664.0,9.15%,130xx,NY,< 1 year,0.0
6000.0,2016-12-05,other,,21.46%,112xx,NY,5 years,0.0
10000.0,2016-12-06,debt_consolidation,,56.39%,080xx,NJ,< 1 year,0.0
13000.0,2016-12-06,Business,,0.28%,968xx,HI,10+ years,0.0
3000.0,2016-12-06,debt_consolidation,,3.53%,584xx,ND,< 1 year,0.0
16000.0,2016-12-06,credit_card,,31.64%,655xx,MO,5 years,0.0
2000.0,2016-12-06,major_purchase,,1.98%,082xx,NJ,,0.0
40000.0,2016-12-06,debt_consolidation,625.0,149.94%,071xx,NJ,< 1 year,0.0
10000.0,2016-12-07,debt_consolidation,,4.5%,275xx,NC,< 1 year,0.0
20000.0,2016-12-07,Business Loan,,-1%,327xx,FL,< 1 year,0.0
2000.0,2016-12-07,debt_consolidation,,11.32%,327xx,FL,< 1 year,0.0
15000.0,2016-12-07,other,,-1%,335xx,FL,8 years,0.0
30000.0,2016-12-07,Debt consolidation,598.0,68.21%,752xx,TX,< 1 year,0.0
1500.0,2016-12-07,Medical expenses,631.0,31.82%,851xx,AZ,< 1 year,0.0
1000.0,2016-12-07,Moving and relocation,592.0,25.25%,301xx,GA,< 1 year,0.0
6000.0,2016-12-07,Debt consolidation,622.0,22.16%,906xx,CA,< 1 year,0.0
4000.0,2016-12-08,Other,588.0,25.3%,945xx,CA,< 1 year,0.0
26000.0,2016-12-08,house,,2.4%,293xx,SC,5 years,0.0
3500.0,2016-12-08,Other,492.0,2.55%,190xx,PA,< 1 year,0.0
6000.0,2016-12-08,credit_card,,15.88%,551xx,MN,5 years,0.0
15000.0,2016-12-09,credit_card,,41.29%,195xx,PA,5 years,0.0
7000.0,2016-12-09,debt_consolidation,,-1%,300xx,GA,< 1 year,0.0
40000.0,2016-12-09,Credit card refinancing,625.0,33.8%,223xx,VA,,0.0
35000.0,2016-12-10,Credit card refinancing,680.0,74.28%,935xx,CA,< 1 year,0.0
1500.0,2016-12-11,Moving and relocation,508.0,7.07%,452xx,OH,< 1 year,0.0
10000.0,2016-12-12,debt_consolidation,,-1%,730xx,OK,< 1 year,0.0
2800.0,2016-12-12,Major purchase,725.0,40.58%,440xx,OH,< 1 year,0.0
4500.0,2016-12-13,debt_consolidation,,28.61%,347xx,FL,< 1 year,0.0
1000.0,2016-12-13,moving,,-1%,212xx,MD,< 1 year,0.0
1000.0,2016-12-13,other,,21.42%,970xx,OR,5 years,0.0
15000.0,2016-12-13,credit_card,,33.39%,891xx,NV,5 years,0.0
2500.0,2016-12-14,Debt consolidation,563.0,362.67%,368xx,AL,< 1 year,0.0
14000.0,2016-12-14,Business,,-1%,939xx,CA,< 1 year,0.0
2000.0,2016-12-14,Other,533.0,24.8%,088xx,NJ,< 1 year,0.0
20000.0,2016-12-14,Debt consolidation,598.0,55.72%,995xx,AK,< 1 year,0.0
7000.0,2016-12-14,Debt consolidation,676.0,46.17%,211xx,MD,< 1 year,0.0
10000.0,2016-12-15,debt_consolidation,,22.26%,117xx,NY,< 1 year,0.0
1000.0,2016-12-15,major_purchase,,22.41%,495xx,MI,5 years,0.0
3000.0,2016-12-15,debt_consolidation,,23.04%,937xx,CA,< 1 year,0.0
15000.0,2016-12-15,debt_consolidation,,38.98%,871xx,NM,5 years,0.0
1500.0,2016-12-15,debt_consolidation,,3.71%,750xx,TX,5 years,0.0
8500.0,2016-12-16,Debt consolidation,753.0,15.1%,464xx,IN,,0.0
15000.0,2016-12-16,Other,662.0,19.48%,912xx,CA,< 1 year,0.0
5000.0,2016-12-16,debt_consolidation,,-1%,282xx,NC,,0.0
3500.0,2016-12-17,debt_consolidation,,29.76%,285xx,NC,< 1 year,0.0
20000.0,2016-12-17,Debt consolidation,632.0,26.2%,416xx,KY,< 1 year,0.0
35000.0,2016-12-19,Home buying,563.0,20.41%,604xx,IL,< 1 year,0.0
5000.0,2016-12-19,Medical expenses,,16.43%,302xx,GA,6 years,0.0
10000.0,2016-12-19,Credit card refinancing,673.0,48.6%,740xx,OK,< 1 year,0.0
15000.0,2016-12-19,other,,6.8%,941xx,CA,< 1 year,0.0
4000.0,2016-12-19,major_purchase,,2.37%,380xx,TN,5 years,0.0
20000.0,2016-12-19,Debt consolidation,585.0,357.26%,103xx,NY,< 1 year,0.0
2500.0,2016-12-20,other,,44.95%,329xx,FL,< 1 year,0.0
300000.0,2016-12-20,Business Loan,,-1%,658xx,MO,< 1 year,0.0
40000.0,2016-12-21,Debt consolidation,501.0,19.94%,754xx,TX,< 1 year,0.0
2500.0,2016-12-21,car,,43.04%,958xx,CA,< 1 year,0.0
10000.0,2016-12-21,debt_consolidation,,39.32%,923xx,CA,5 years,0.0
10000.0,2016-12-21,debt_consolidation,,11.1%,785xx,TX,< 1 year,0.0
40000.0,2016-12-21,debt_consolidation,,12.52%,958xx,CA,< 1 year,0.0
17000.0,2016-12-21,Credit card refinancing,623.0,39.67%,847xx,UT,< 1 year,0.0
10000.0,2016-12-22,debt_consolidation,,20.7%,704xx,LA,< 1 year,0.0
30000.0,2016-12-22,Debt consolidation,707.0,72.24%,333xx,FL,< 1 year,0.0
40000.0,2016-12-23,Debt consolidation,630.0,18.19%,921xx,CA,< 1 year,0.0
1000.0,2016-12-24,other,,12.68%,372xx,TN,,0.0
40000.0,2016-12-24,debt_consolidation,,18.47%,934xx,CA,,0.0
30000.0,2016-12-26,Debt consolidation,670.0,18.34%,495xx,MI,< 1 year,0.0
30000.0,2016-12-26,debt_consolidation,,35.12%,570xx,SD,< 1 year,0.0
5000.0,2016-12-27,credit_card,,41.01%,778xx,TX,< 1 year,0.0
2000.0,2016-12-27,debt_consolidation,,23.52%,791xx,TX,< 1 year,0.0
20000.0,2016-12-27,debt_consolidation,,15.28%,449xx,OH,5 years,0.0
40000.0,2016-12-27,Credit card refinancing,,12.58%,121xx,NY,5 years,0.0
15000.0,2016-12-27,other,,28.79%,028xx,RI,< 1 year,0.0
16000.0,2016-12-28,debt_consolidation,,18.96%,672xx,KS,< 1 year,0.0
1000.0,2016-12-28,Major purchase,588.0,18.27%,322xx,FL,< 1 year,0.0
4000.0,2016-12-28,debt_consolidation,,6.97%,232xx,VA,< 1 year,0.0
30000.0,2016-12-28,Debt consolidation,757.0,67.16%,273xx,NC,< 1 year,0.0
15000.0,2016-12-28,other,,14.47%,206xx,MD,< 1 year,0.0
15000.0,2016-12-29,other,,-1%,786xx,TX,5 years,0.0
10000.0,2016-12-29,Credit card refinancing,579.0,3.53%,322xx,FL,< 1 year,0.0
15000.0,2016-12-29,debt_consolidation,,11.61%,562xx,MN,< 1 year,0.0
6000.0,2016-12-29,Credit card refinancing,,100%,112xx,NY,< 1 year,0.0
10000.0,2016-12-30,other,,1.53%,021xx,MA,< 1 year,0.0
10000.0,2016-12-31,debt_consolidation,,-1%,435xx,OH,< 1 year,0.0
2000.0,2016-12-31,credit_card,,-1%,333xx,FL,5 years,0.0
15000.0,2016-12-31,credit_card,,16.3%,731xx,OK,5 years,0.0
