10000.0,2007-09-20,OracleDBA,607.0,17.02%,285xx,NC,< 1 year,0.0
5000.0,2007-11-19,immart73,506.0,3%,240xx,VA,4 years,0.0
25000.0,2007-12-15,Tap1,480.0,28.38%,800xx,CO,10+ years,0.0
7000.0,2007-12-29,other,,100%,076xx,NJ,< 1 year,0.0
23000.0,2008-01-14,HowieP,536.0,28.33%,927xx,CA,9 years,0.0
14000.0,2008-04-06,Help my homeownership dreams come true!,650.0,36.14%,152xx,PA,< 1 year,0.0
7500.0,2008-08-26,Dream Home In Safe Neighborhood,588.0,3.38%,799xx,TX,< 1 year,0.0
8800.0,2008-10-21,personal loan,463.0,3%,337xx,FL,1 year,0.0
5000.0,2008-10-29,Deposit fees for housing,727.0,0%,037xx,NH,< 1 year,0.0
3500.0,2008-12-05,pantent,0.0,0%,125xx,NY,2 years,0.0
5600.0,2009-01-16,Spring Semester Tuition on Deans list,660.0,0%,208xx,MD,< 1 year,0.0
2000.0,2009-01-26,"Need Money For College,AlreadyPaid 3/4th",499.0,15.8%,142xx,NY,< 1 year,0.0
5000.0,2009-03-10, ,673.0,25.06%,060xx,CT,< 1 year,0.0
3500.0,2009-03-12,Purchase motorcycle,629.0,11.03%,283xx,NY,8 years,0.0
15000.0,2009-03-21,Credit Cards and Pay Day Loans,655.0,32.59%,019xx,MA,3 years,0.0
13000.0,2009-03-25, ,685.0,13.74%,018xx,MA,8 years,0.0
20000.0,2009-03-30, ,,99999%,442xx,OH,3 years,0.0
2000.0,2009-04-09,Old Student Loans,444.0,2.94%,296xx,SC,< 1 year,0.0
18000.0,2009-04-17, ,607.0,2.25%,928xx,CA,6 years,0.0
25000.0,2009-04-17,Education and a fresh start in Colorado,0.0,0%,928xx,CA,< 1 year,0.0
1000.0,2009-04-19,car in need of repair ,,-1%,731xx,OK,10+ years,0.0
5000.0,2009-04-30,PLUS loan,512.0,3.67%,911xx,CA,< 1 year,0.0
4000.0,2009-05-04,Student,450.0,231%,482xx,MI,1 year,0.0
6000.0,2009-06-28,Financing a new car,579.0,21.52%,328xx,FL,< 1 year,0.0
3000.0,2009-07-01,School,,-1%,403xx,KY,< 1 year,0.0
1500.0,2009-07-31,Jacob Cooper,507.0,1.25%,144xx,NY,2 years,0.0
1000.0,2009-08-07,school,580.0,2.93%,112xx,NY,1 year,0.0
4000.0,2009-08-20,a little help,606.0,12.52%,023xx,MA,3 years,0.0
1000.0,2009-09-16,Payoff BofA,699.0,25.57%,679xx,KS,10+ years,0.0
20000.0,2009-09-19,Personal Loan,,-1%,750xx,TX,< 1 year,0.0
20000.0,2009-10-03,combine debt,411.0,20.13%,983xx,WA,10+ years,0.0
1500.0,2009-11-04, ,660.0,1.2%,981xx,WA,2 years,0.0
10000.0,2009-11-26,debt_consolidation,523.0,13.92%,983xx,WA,< 1 year,0.0
2000.0,2009-11-30,small_business,507.0,4.43%,324xx,FL,< 1 year,0.0
10000.0,2009-12-31,other,674.0,16.77%,970xx,OR,4 years,0.0
5000.0,2010-01-06,other,556.0,112%,701xx,LA,< 1 year,0.0
11000.0,2010-02-05,credit_card,693.0,27.14%,064xx,CT,4 years,0.0
7000.0,2010-03-11,educational,0.0,0%,894xx,NV,2 years,0.0
15000.0,2010-03-21,medical,712.0,32.94%,890xx,NV,5 years,0.0
4000.0,2010-04-12,other,740.0,25.75%,917xx,CA,10+ years,0.0
1000.0,2010-04-19,house,0.0,0%,334xx,FL,1 year,0.0
30000.0,2010-05-16,debt_consolidation,696.0,25.58%,300xx,GA,1 year,0.0
10000.0,2010-06-05,vacation,0.0,0%,010xx,MA,< 1 year,0.0
15000.0,2010-06-10,debt_consolidation,641.0,19.55%,564xx,MN,< 1 year,0.0
2000.0,2010-07-09,medical,535.0,10.63%,441xx,OH,< 1 year,0.0
8000.0,2010-07-09,credit_card,690.0,26.31%,900xx,CA,< 1 year,0.0
10000.0,2010-07-13,wedding,0.0,199998%,921xx,CA,< 1 year,0.0
1000.0,2010-07-29,small_business,0.0,0%,960xx,CA,< 1 year,0.0
10000.0,2010-08-14,car,,-1%,603xx,IL,8 years,0.0
25000.0,2010-08-24,debt_consolidation,718.0,27.47%,900xx,CA,< 1 year,0.0
10000.0,2010-09-04,home_improvement,,27.35%,243xx,VA,< 1 year,0.0
15000.0,2010-10-04,debt_consolidation,569.0,16.71%,606xx,IL,< 1 year,0.0
25000.0,2010-10-26,credit_card,662.0,7.51%,844xx,UT,< 1 year,0.0
1000.0,2010-11-08,major_purchase,600.0,3.9%,953xx,CA,< 1 year,0.0
5000.0,2010-11-17,small_business,0.0,-1%,112xx,NY,< 1 year,0.0
2000.0,2010-11-17,other,644.0,280%,782xx,TX,< 1 year,0.0
23000.0,2010-11-25,other,565.0,15.54%,015xx,MA,< 1 year,0.0
17000.0,2010-12-10,debt_consolidation,653.0,14.68%,945xx,CA,< 1 year,0.0
8300.0,2010-12-15,credit_card,684.0,28.31%,660xx,KS,< 1 year,0.0
11000.0,2010-12-20,other,708.0,47.58%,210xx,MD,3 years,0.0
21000.0,2010-12-20,MARKETING AND WORKING CAPITAL,678.0,22.48%,750xx,TX,7 years,0.0
15000.0,2011-01-05,debt_consolidation,684.0,51.2%,070xx,NJ,< 1 year,0.0
2000.0,2011-01-08,vacation,664.0,37.92%,605xx,IL,< 1 year,0.0
2500.0,2011-01-25,Helping Family,771.0,5.54%,130xx,CA,,0.0
3000.0,2011-02-02,car,0.0,-1%,992xx,WA,< 1 year,0.0
1500.0,2011-02-17,other,548.0,0.31%,560xx,MN,10+ years,0.0
3500.0,2011-02-22,credit_card,639.0,15.38%,907xx,CA,< 1 year,0.0
12000.0,2011-02-22,car,704.0,31.15%,920xx,CA,< 1 year,0.0
1500.0,2011-02-27,other,0.0,254.4%,954xx,CA,8 years,0.0
1500.0,2011-03-06,other,0.0,0%,290xx,SC,5 years,0.0
1500.0,2011-03-07,other,598.0,188.5%,600xx,IL,9 years,0.0
15000.0,2011-03-08,debt_consolidation,728.0,31.75%,782xx,TX,< 1 year,0.0
1500.0,2011-03-12,other,473.0,92.76%,840xx,UT,2 years,0.0
20000.0,2011-03-15,debt_consolidation,615.0,22.02%,913xx,CA,< 1 year,0.0
20000.0,2011-03-23,debt_consolidation,650.0,20.09%,902xx,CA,< 1 year,0.0
35000.0,2011-03-25,small_business,591.0,6.24%,646xx,MO,< 1 year,0.0
6000.0,2011-03-30,debt_consolidation,651.0,13.35%,920xx,CA,< 1 year,0.0
6000.0,2011-03-30,loan,715.0,1.1%,212xx,MD,< 1 year,0.0
20000.0,2011-04-05,debt_consolidation,655.0,33.94%,773xx,TX,< 1 year,0.0
30000.0,2011-04-11,other,727.0,35.96%,251xx,WV,10+ years,0.0
5000.0,2011-04-19,credit_card,611.0,18.56%,895xx,NV,< 1 year,0.0
1000.0,2011-04-20,debt_consolidation,556.0,26%,179xx,PA,< 1 year,0.0
30000.0,2011-04-23,car,631.0,1.82%,923xx,CA,< 1 year,0.0
15000.0,2011-04-27,other,602.0,26.78%,074xx,NJ,< 1 year,0.0
35000.0,2011-04-28,house,738.0,12.38%,925xx,CA,< 1 year,0.0
1500.0,2011-05-02,debt_consolidation,556.0,8.55%,633xx,MO,< 1 year,0.0
10000.0,2011-05-07,small_business,0.0,-1%,201xx,VA,< 1 year,0.0
1000.0,2011-05-16,small_business,0.0,-1%,903xx,CO,< 1 year,0.0
1000.0,2011-05-25,debt_consolidation,536.0,0%,337xx,FL,< 1 year,0.0
15000.0,2011-06-06,debt_consolidation,611.0,14.21%,900xx,CA,< 1 year,0.0
2900.0,2011-06-13,Moving,773.0,19.15%,752xx,TX,1 year,0.0
25000.0,2011-06-21,Consolidate,808.0,0.19%,114xx,NY,7 years,0.0
5000.0,2011-07-09,other,646.0,8.38%,029xx,RI,< 1 year,0.0
18000.0,2011-07-26,credit_card,696.0,25.79%,125xx,NY,< 1 year,0.0
4000.0,2011-08-02,other,662.0,8.58%,913xx,CA,< 1 year,0.0
13000.0,2011-08-06,debt_consolidation,559.0,19.69%,770xx,TX,< 1 year,0.0
20000.0,2011-08-08,debt_consolidation,675.0,25.41%,610xx,IL,< 1 year,0.0
5000.0,2011-08-10,wedding,653.0,25.13%,871xx,NM,< 1 year,0.0
25000.0,2011-08-22,credit_card,0.0,0%,923xx,CA,< 1 year,0.0
2000.0,2011-09-01,car,427.0,24.48%,347xx,FL,< 1 year,0.0
17000.0,2011-09-05,debt_consolidation,715.0,26.17%,144xx,NY,< 1 year,0.0
20000.0,2011-09-12,debt_consolidation,748.0,13.8%,908xx,CA,< 1 year,0.0
10000.0,2011-09-14,debt_consolidation,548.0,5%,420xx,KY,< 1 year,0.0
7500.0,2011-09-14,debt_consolidation,692.0,20.04%,441xx,OH,< 1 year,0.0
5000.0,2011-09-26,small_business,522.0,3.08%,565xx,MN,< 1 year,0.0
10000.0,2011-10-03,home_improvement,615.0,16.09%,331xx,FL,< 1 year,0.0
20000.0,2011-10-04,major_purchase,697.0,8.56%,775xx,TX,< 1 year,0.0
7000.0,2011-10-04,Small Business Loan,704.0,10.58%,922xx,CA,2 years,0.0
10000.0,2011-10-12,major_purchase,642.0,13.77%,112xx,NY,< 1 year,0.0
5000.0,2011-10-14,other,667.0,6.57%,109xx,NY,< 1 year,0.0
20000.0,2011-10-20,home_improvement,0.0,6.55%,360xx,AL,< 1 year,0.0
35000.0,2011-10-27,debt_consolidation,669.0,17.49%,300xx,GA,< 1 year,0.0
22000.0,2011-10-28,credit_card,687.0,37.87%,318xx,GA,< 1 year,0.0
2000.0,2011-10-29,other,601.0,6.17%,853xx,AZ,< 1 year,0.0
5000.0,2011-10-29,small_business,481.0,5.93%,453xx,OH,< 1 year,0.0
25000.0,2011-10-31,home_improvement,594.0,178.3%,068xx,CT,< 1 year,0.0
1000.0,2011-11-04,other,542.0,0%,302xx,GA,< 1 year,0.0
20000.0,2011-11-06,major_purchase,479.0,0.8%,902xx,CA,< 1 year,0.0
2500.0,2011-11-09,debt_consolidation,604.0,2.5%,113xx,NY,< 1 year,0.0
7500.0,2011-11-10,home_improvement,702.0,29.1%,114xx,NY,< 1 year,0.0
20000.0,2011-11-12,small_business,0.0,0.83%,104xx,NY,< 1 year,0.0
10000.0,2011-11-21,debt_consolidation,621.0,24.09%,799xx,TX,< 1 year,0.0
15000.0,2011-11-30,small_business,635.0,19.77%,980xx,WA,< 1 year,0.0
25000.0,2011-12-05,debt_consolidation,709.0,125.28%,980xx,WA,< 1 year,0.0
35000.0,2011-12-08,home_improvement,696.0,60.92%,187xx,PA,< 1 year,0.0
20000.0,2011-12-10,debt_consolidation,702.0,26.4%,325xx,FL,10+ years,0.0
3000.0,2011-12-10,credit_card,686.0,30.6%,982xx,WA,< 1 year,0.0
30000.0,2011-12-15,debt_consolidation,613.0,29.94%,112xx,NY,< 1 year,0.0
2500.0,2011-12-29,wedding,0.0,0%,061xx,CT,< 1 year,0.0
1500.0,2012-01-01,other,633.0,0%,847xx,UT,< 1 year,0.0
7000.0,2012-01-03,car,627.0,0.45%,993xx,WA,< 1 year,0.0
5000.0,2012-01-04,major_purchase,634.0,22200%,104xx,NY,< 1 year,0.0
4000.0,2012-01-06,debt_consolidation,631.0,8.23%,601xx,IL,< 1 year,0.0
2000.0,2012-01-07,moving,553.0,3%,300xx,GA,< 1 year,0.0
3000.0,2012-01-09,moving,652.0,36.94%,609xx,IL,< 1 year,0.0
10000.0,2012-01-11,credit_card,562.0,52.37%,302xx,GA,< 1 year,0.0
35000.0,2012-01-13,debt_consolidation,731.0,51.12%,793xx,TX,< 1 year,0.0
35000.0,2012-01-14,small_business,702.0,3.77%,302xx,GA,< 1 year,0.0
35000.0,2012-01-16,home_improvement,639.0,11.79%,774xx,TX,< 1 year,0.0
7000.0,2012-01-17,debt_consolidation,661.0,2.22%,114xx,NY,< 1 year,0.0
20000.0,2012-01-24,credit_card,763.0,28.28%,908xx,CA,< 1 year,0.0
18975.0,2012-01-29,car,690.0,27.23%,323xx,FL,1 year,0.0
8000.0,2012-01-30,car,0.0,0%,779xx,TX,< 1 year,0.0
8000.0,2012-01-31,debt_consolidation,622.0,46.67%,222xx,VA,< 1 year,0.0
10025.0,2012-02-02,debt_consolidation,675.0,11.57%,302xx,GA,< 1 year,0.0
35000.0,2012-02-02,debt_consolidation,656.0,44.51%,173xx,PA,< 1 year,0.0
10000.0,2012-02-02,other,545.0,32.73%,772xx,TX,< 1 year,0.0
10000.0,2012-02-06,major_purchase,771.0,17.04%,600xx,IL,< 1 year,0.0
10000.0,2012-02-07,debt_consolidation,642.0,56.15%,282xx,NC,< 1 year,0.0
8000.0,2012-02-07,debt_consolidation,617.0,36.83%,912xx,CA,< 1 year,0.0
15000.0,2012-02-08,debt_consolidation,672.0,13.07%,537xx,WI,< 1 year,0.0
15000.0,2012-02-08,debt_consolidation,738.0,38.52%,146xx,NY,< 1 year,0.0
10000.0,2012-02-23,home_improvement,689.0,5.06%,730xx,OK,< 1 year,0.0
35000.0,2012-03-07,Consolidation Loan,714.0,4.08%,600xx,IL,5 years,0.0
6000.0,2012-03-08,credit_card,659.0,122%,457xx,OH,< 1 year,0.0
5500.0,2012-03-11,car,760.0,40.33%,790xx,TX,6 years,0.0
25000.0,2012-03-15,major_purchase,634.0,1070.53%,337xx,FL,< 1 year,0.0
8500.0,2012-03-26,Important Loan,738.0,1%,064xx,CT,,0.0
5000.0,2012-04-01,car,557.0,11.67%,967xx,HI,< 1 year,0.0
15000.0,2012-04-02,small_business,717.0,17.66%,926xx,CA,< 1 year,0.0
10000.0,2012-04-12,car,691.0,59.77%,331xx,FL,< 1 year,0.0
1500.0,2012-04-16,other,655.0,19.54%,774xx,TX,9 years,0.0
10000.0,2012-04-17,debt_consolidation,642.0,17.31%,904xx,CA,< 1 year,0.0
15000.0,2012-04-22,debt_consolidation,496.0,2.4%,072xx,NJ,< 1 year,0.0
4000.0,2012-04-22,other,647.0,21.65%,456xx,OH,< 1 year,0.0
35000.0,2012-05-01,medical,562.0,4.62%,100xx,NY,< 1 year,0.0
5000.0,2012-05-03,home_improvement,574.0,13.12%,850xx,AZ,< 1 year,0.0
30000.0,2012-05-03,other,680.0,39.52%,731xx,OK,< 1 year,0.0
5000.0,2012-05-06,debt_consolidation,610.0,2.27%,891xx,NV,< 1 year,0.0
5000.0,2012-05-07,credit_card,650.0,14.27%,028xx,RI,< 1 year,0.0
15000.0,2012-05-08,other,692.0,5.87%,921xx,CA,< 1 year,0.0
5000.0,2012-05-12,other,626.0,7.92%,112xx,NY,< 1 year,0.0
5000.0,2012-05-12,other,0.0,0%,986xx,WA,< 1 year,0.0
35000.0,2012-05-15,Debt Loan,678.0,22.84%,989xx,WA,,0.0
1500.0,2012-05-19,major_purchase,0.0,0%,405xx,KY,< 1 year,0.0
5000.0,2012-05-23,debt_consolidation,620.0,42.79%,229xx,VA,< 1 year,0.0
35000.0,2012-05-25,other,480.0,5.89%,532xx,WI,< 1 year,0.0
7500.0,2012-05-30,debt_consolidation,569.0,5.69%,356xx,AL,< 1 year,0.0
10000.0,2012-05-30,debt_consolidation,507.0,1.82%,985xx,WA,< 1 year,0.0
12000.0,2012-05-30,car,613.0,2.5%,483xx,MI,4 years,0.0
30000.0,2012-06-03,debt_consolidation,653.0,20.08%,070xx,NJ,< 1 year,0.0
25000.0,2012-06-04,credit_card,510.0,1.66%,234xx,VA,< 1 year,0.0
1000.0,2012-06-05,moving,0.0,64.09%,191xx,PA,< 1 year,0.0
10000.0,2012-06-06,credit_card,641.0,28.73%,494xx,MI,< 1 year,0.0
10000.0,2012-06-06,debt_consolidation,651.0,15.54%,630xx,MO,< 1 year,0.0
35000.0,2012-06-08,Debt consolidation,687.0,31.53%,786xx,TX,8 years,0.0
3500.0,2012-06-09,debt_consolidation,539.0,0%,769xx,TX,< 1 year,0.0
10000.0,2012-06-11,debt_consolidation,697.0,26.1%,752xx,TX,< 1 year,0.0
3000.0,2012-06-13,Business,684.0,5.89%,115xx,NY,10+ years,0.0
12000.0,2012-06-19,home_improvement,657.0,0.95%,648xx,MO,< 1 year,0.0
8000.0,2012-06-19,medical,592.0,2.99%,336xx,FL,< 1 year,0.0
2500.0,2012-06-20,major_purchase,0.0,8%,278xx,NC,< 1 year,0.0
14000.0,2012-06-25,debt_consolidation,566.0,3.26%,253xx,WV,< 1 year,0.0
18000.0,2012-06-26,credit_card,667.0,35.72%,735xx,OK,< 1 year,0.0
33000.0,2012-07-02,house,557.0,2.22%,432xx,OH,< 1 year,0.0
10000.0,2012-07-08,wedding,677.0,8.52%,402xx,KY,< 1 year,0.0
20000.0,2012-07-13,debt_consolidation,691.0,11.32%,015xx,MA,< 1 year,0.0
29000.0,2012-07-13,debt_consolidation,657.0,14.91%,103xx,NY,1 year,0.0
3000.0,2012-07-19,debt_consolidation,627.0,73.7%,480xx,MI,< 1 year,0.0
5000.0,2012-07-20,other,624.0,67.08%,628xx,IL,< 1 year,0.0
2700.0,2012-07-21,moving,483.0,3.13%,541xx,WI,< 1 year,0.0
30000.0,2012-07-25,debt_consolidation,672.0,32.03%,863xx,AZ,< 1 year,0.0
14300.0,2012-07-26,other,590.0,87.39%,212xx,MD,< 1 year,0.0
1500.0,2012-08-09,other,606.0,3.53%,337xx,FL,2 years,0.0
20000.0,2012-08-15,debt_consolidation,715.0,30.56%,241xx,VA,< 1 year,0.0
10000.0,2012-08-16,Moving and relocation,691.0,16.17%,276xx,NC,1 year,0.0
25000.0,2012-08-20,Debt repay,695.0,19.24%,333xx,FL,1 year,0.0
4000.0,2012-08-20,other,650.0,0%,220xx,VA,< 1 year,0.0
8000.0,2012-08-21,debt_consolidation,715.0,17.97%,752xx,TX,< 1 year,0.0
10000.0,2012-08-25,major_purchase,634.0,15.89%,930xx,CA,< 1 year,0.0
14000.0,2012-08-27,major_purchase,625.0,14.4%,208xx,MD,2 years,0.0
7000.0,2012-08-28,debt_consolidation,635.0,18.42%,225xx,VA,< 1 year,0.0
6000.0,2012-08-31,wedding,506.0,0%,303xx,GA,< 1 year,0.0
7600.0,2012-09-10,major_purchase,621.0,29.16%,750xx,TX,< 1 year,0.0
8000.0,2012-09-13,medical,534.0,11.74%,900xx,CA,< 1 year,0.0
12000.0,2012-09-15,debt_consolidation,540.0,26.09%,032xx,NH,< 1 year,0.0
15000.0,2012-09-16,wedding,633.0,40.67%,770xx,TX,< 1 year,0.0
20000.0,2012-09-17,credit_card,626.0,50.72%,296xx,SC,< 1 year,0.0
3000.0,2012-09-17,debt_consolidation,598.0,2.08%,553xx,MN,< 1 year,0.0
5000.0,2012-09-17,vacation,625.0,17.19%,782xx,TX,< 1 year,0.0
6000.0,2012-09-17,car,0.0,0%,775xx,TX,< 1 year,0.0
4000.0,2012-09-20,debt_consolidation,0.0,0%,770xx,TX,< 1 year,0.0
3000.0,2012-09-21,major_purchase,0.0,0%,606xx,IL,< 1 year,0.0
20000.0,2012-09-26,debt_consolidation,637.0,58.18%,216xx,MD,< 1 year,0.0
15000.0,2012-10-01,Debt consolidation,693.0,1.84%,191xx,PA,10+ years,0.0
25000.0,2012-10-05,debt_consolidation,668.0,33.56%,531xx,WI,< 1 year,0.0
5000.0,2012-10-05,home_improvement,560.0,23.65%,103xx,NY,< 1 year,0.0
15000.0,2012-10-05,debt_consolidation,600.0,4.11%,020xx,MA,< 1 year,0.0
30000.0,2012-10-05,other,0.0,1.67%,726xx,AR,< 1 year,0.0
5000.0,2012-10-08,wedding,465.0,13.63%,624xx,IL,< 1 year,0.0
1300.0,2012-10-09,other,564.0,7.06%,770xx,TX,< 1 year,0.0
4500.0,2012-10-10,other,570.0,36.03%,937xx,CA,< 1 year,0.0
35000.0,2012-10-15,moving,626.0,25.83%,235xx,VA,< 1 year,0.0
25000.0,2012-10-18,debt_consolidation,652.0,11.52%,708xx,LA,< 1 year,0.0
20000.0,2012-10-20,Business Expenses  ,693.0,24.36%,611xx,IL,3 years,0.0
23000.0,2012-10-22,debt_consolidation,713.0,46.31%,543xx,WI,,0.0
7000.0,2012-10-22,debt_consolidation,586.0,15.51%,774xx,TX,< 1 year,0.0
25000.0,2012-10-23,debt_consolidation,678.0,79.71%,902xx,CA,< 1 year,0.0
15000.0,2012-10-23,credit_card,600.0,9.11%,283xx,NC,< 1 year,0.0
1500.0,2012-10-26,other,633.0,6.87%,207xx,MD,4 years,0.0
5000.0,2012-10-29,debt_consolidation,594.0,13.89%,921xx,CA,< 1 year,0.0
3500.0,2012-10-31,medical,624.0,32.26%,757xx,TX,< 1 year,0.0
1000.0,2012-11-02,other,0.0,0%,302xx,GA,< 1 year,0.0
20000.0,2012-11-04,credit_card,661.0,41.55%,368xx,AL,< 1 year,0.0
15000.0,2012-11-05,debt_consolidation,649.0,37.36%,625xx,IL,< 1 year,0.0
5000.0,2012-11-05,debt_consolidation,643.0,27.96%,310xx,GA,< 1 year,0.0
15000.0,2012-11-08,debt_consolidation,709.0,44.52%,460xx,IN,< 1 year,0.0
3000.0,2012-11-14,debt_consolidation,651.0,15.66%,750xx,TX,2 years,0.0
4500.0,2012-11-16,small_business,572.0,0.1%,026xx,MA,< 1 year,0.0
20000.0,2012-11-17,debt_consolidation,569.0,0.43%,069xx,CT,< 1 year,0.0
5000.0,2012-11-17,debt_consolidation,629.0,54.9%,958xx,CA,< 1 year,0.0
1300.0,2012-11-17,Truthful,792.0,2.05%,331xx,FL,,0.0
1000.0,2012-11-21,debt_consolidation,0.0,0%,272xx,NC,< 1 year,0.0
3500.0,2012-11-27,home_improvement,783.0,11.12%,310xx,GA,< 1 year,0.0
5000.0,2012-11-27,credit_card,731.0,3%,100xx,NY,< 1 year,0.0
1200.0,2012-11-29,car,489.0,5.01%,128xx,NY,< 1 year,0.0
18700.0,2012-12-04,debt_consolidation,683.0,40.23%,779xx,TX,< 1 year,0.0
6000.0,2012-12-05,debt_consolidation,638.0,42.48%,598xx,MT,< 1 year,0.0
35000.0,2012-12-06,debt_consolidation,712.0,24.76%,902xx,CA,< 1 year,0.0
1000.0,2012-12-11,other,540.0,441.57%,777xx,TX,< 1 year,0.0
1000.0,2012-12-13,other,457.0,5.35%,464xx,IN,< 1 year,0.0
2700.0,2012-12-15,debt_consolidation,0.0,2.76%,300xx,GA,< 1 year,0.0
1000.0,2012-12-16,moving,0.0,0%,921xx,CA,< 1 year,0.0
1000.0,2012-12-16,other,588.0,33.23%,648xx,MO,< 1 year,0.0
10000.0,2012-12-17,other,635.0,1.99%,787xx,TX,< 1 year,0.0
20000.0,2012-12-17,other,656.0,40.73%,194xx,PA,< 1 year,0.0
30000.0,2012-12-18,other,714.0,43.59%,619xx,IL,< 1 year,0.0
15000.0,2012-12-27,debt_consolidation,597.0,37.69%,874xx,NM,< 1 year,0.0
20000.0,2012-12-30,debt_consolidation,638.0,8%,908xx,CA,< 1 year,0.0
15000.0,2016-04-01,major_purchase,,1%,481xx,MI,5 years,0.0
5000.0,2016-04-01,debt_consolidation,,38.34%,281xx,NC,< 1 year,0.0
16000.0,2016-04-01,debt_consolidation,613.0,31.53%,980xx,WA,< 1 year,0.0
5000.0,2016-04-01,other,,8.16%,334xx,FL,5 years,0.0
8000.0,2016-04-02,debt_consolidation,,6.83%,838xx,ID,< 1 year,0.0
25000.0,2016-04-02,credit_card,,-1%,721xx,AR,5 years,0.0
20000.0,2016-04-03,Home improvement,,19.89%,210xx,MD,3 years,0.0
17500.0,2016-04-03,credit_card,,36.87%,347xx,FL,< 1 year,0.0
8000.0,2016-04-03,credit_card,,22.91%,117xx,NY,< 1 year,0.0
200000.0,2016-04-04,Business Loan,,-1%,109xx,NY,< 1 year,0.0
2000.0,2016-04-04,debt_consolidation,,0.11%,356xx,AL,< 1 year,0.0
35000.0,2016-04-04,debt_consolidation,,15.57%,554xx,MN,< 1 year,0.0
5000.0,2016-04-05,debt_consolidation,,0%,360xx,AL,< 1 year,0.0
15000.0,2016-04-05,debt_consolidation,,7.56%,278xx,NC,< 1 year,0.0
2000.0,2016-04-05,debt_consolidation,,18.08%,441xx,OH,< 1 year,0.0
5000.0,2016-04-05,debt_consolidation,,36.8%,750xx,TX,< 1 year,0.0
1125.0,2016-04-05,medical,,31.98%,775xx,TX,< 1 year,0.0
2000.0,2016-04-05,major_purchase,,4.6%,221xx,VA,,0.0
35000.0,2016-04-05,Credit card refinancing,,16.91%,857xx,AZ,10+ years,0.0
9000.0,2016-04-05,credit_card,,30.57%,880xx,NM,< 1 year,0.0
25000.0,2016-04-05,debt_consolidation,,70.77%,266xx,WV,< 1 year,0.0
28000.0,2016-04-05,debt_consolidation,,55.35%,592xx,MT,< 1 year,0.0
5000.0,2016-04-06,car,,95.44%,329xx,FL,< 1 year,0.0
10000.0,2016-04-06,debt_consolidation,,14.4%,301xx,GA,5 years,0.0
12000.0,2016-04-06,Debt consolidation,,32.88%,760xx,TX,2 years,0.0
5000.0,2016-04-06,debt_consolidation,,9.44%,591xx,MT,,0.0
2525.0,2016-04-06,credit_card,,26.38%,952xx,CA,5 years,0.0
5000.0,2016-04-07,debt_consolidation,,48.48%,809xx,CO,,0.0
4000.0,2016-04-07,small_business,,40.88%,430xx,OH,5 years,0.0
15000.0,2016-04-07,home_improvement,,34.4%,405xx,KY,< 1 year,0.0
26000.0,2016-04-08,debt_consolidation,,24.66%,770xx,TX,5 years,0.0
40000.0,2016-04-08,debt_consolidation,653.0,48.16%,010xx,MA,< 1 year,0.0
14000.0,2016-04-08,debt_consolidation,,18.13%,034xx,NH,< 1 year,0.0
50000.0,2016-04-08,Business Loan,,-1%,103xx,NY,< 1 year,0.0
6000.0,2016-04-08,credit_card,646.0,7.44%,972xx,OR,< 1 year,0.0
1000.0,2016-04-09,other,,263.8%,781xx,TX,< 1 year,0.0
13000.0,2016-04-09,debt_consolidation,,21.21%,494xx,MI,< 1 year,0.0
2500.0,2016-04-09,debt_consolidation,,57.54%,541xx,WI,5 years,0.0
15000.0,2016-04-09,Business Loan,,-1%,711xx,LA,< 1 year,0.0
15000.0,2016-04-09,debt_consolidation,,13.87%,337xx,FL,< 1 year,0.0
6000.0,2016-04-09,credit_card,,2.89%,917xx,CA,5 years,0.0
16000.0,2016-04-10,debt_consolidation,,9999%,080xx,NJ,< 1 year,0.0
2500.0,2016-04-10,vacation,,9999%,993xx,WA,< 1 year,0.0
3300.0,2016-04-11,home_improvement,,11.18%,234xx,VA,5 years,0.0
5000.0,2016-04-11,other,,10.51%,540xx,WI,< 1 year,0.0
15000.0,2016-04-11,medical,,24.45%,067xx,CT,< 1 year,0.0
10000.0,2016-04-11,credit_card,,9999%,958xx,CA,< 1 year,0.0
10000.0,2016-04-11,debt_consolidation,,22.05%,882xx,NM,< 1 year,0.0
40000.0,2016-04-11,house,639.0,17.37%,482xx,MI,< 1 year,0.0
20000.0,2016-04-11,debt_consolidation,618.0,37.67%,444xx,OH,< 1 year,0.0
20000.0,2016-04-11,debt_consolidation,576.0,15.71%,489xx,MI,< 1 year,0.0
8000.0,2016-04-11,debt_consolidation,644.0,15.25%,921xx,CA,< 1 year,0.0
8000.0,2016-04-11,other,,7.38%,902xx,CA,< 1 year,0.0
5000.0,2016-04-11,credit_card,,6.45%,700xx,LA,< 1 year,0.0
1800.0,2016-04-11,major_purchase,,0%,725xx,AR,< 1 year,0.0
20000.0,2016-04-12,Debt consolidation,,14.71%,898xx,NV,2 years,0.0
5000.0,2016-04-12,debt_consolidation,,26.9%,795xx,TX,< 1 year,0.0
12000.0,2016-04-12,debt_consolidation,,10.69%,327xx,FL,< 1 year,0.0
2000.0,2016-04-12,other,,17.69%,462xx,IN,5 years,0.0
3000.0,2016-04-12,debt_consolidation,670.0,55.14%,810xx,CO,< 1 year,0.0
20000.0,2016-04-12,debt_consolidation,656.0,45.86%,454xx,OH,< 1 year,0.0
26000.0,2016-04-12,debt_consolidation,,33.47%,148xx,NY,5 years,0.0
20000.0,2016-04-12,debt_consolidation,,16.26%,989xx,WA,< 1 year,0.0
6000.0,2016-04-13,credit_card,,4.7%,606xx,IL,< 1 year,0.0
25000.0,2016-04-13,Home improvement,,26.22%,103xx,NY,,0.0
35000.0,2016-04-13,debt_consolidation,,34.4%,021xx,MA,,0.0
15000.0,2016-04-13,credit_card,655.0,28.15%,633xx,MO,< 1 year,0.0
3000.0,2016-04-13,major_purchase,,1.37%,563xx,MN,< 1 year,0.0
29000.0,2016-04-13,debt_consolidation,,9999%,920xx,CA,< 1 year,0.0
20000.0,2016-04-14,debt_consolidation,642.0,19.37%,321xx,FL,< 1 year,0.0
8000.0,2016-04-14,credit_card,,44.84%,840xx,UT,< 1 year,0.0
5000.0,2016-04-14,home_improvement,,34.09%,388xx,MS,5 years,0.0
23000.0,2016-04-15,debt_consolidation,,-1%,650xx,MO,,0.0
5500.0,2016-04-15,debt_consolidation,,33.51%,121xx,NY,5 years,0.0
2000.0,2016-04-16,debt_consolidation,,8.34%,207xx,MD,< 1 year,0.0
11000.0,2016-04-16,debt_consolidation,,82.64%,985xx,WA,5 years,0.0
25000.0,2016-04-16,debt_consolidation,,7.36%,857xx,AZ,5 years,0.0
1600.0,2016-04-16,other,,6.18%,900xx,CA,5 years,0.0
5000.0,2016-04-17,debt_consolidation,634.0,2.25%,972xx,OR,< 1 year,0.0
2500.0,2016-04-17,other,,25.93%,543xx,WI,< 1 year,0.0
5000.0,2016-04-18,debt_consolidation,,14.84%,462xx,IN,< 1 year,0.0
30000.0,2016-04-18,debt_consolidation,,-1%,926xx,CA,< 1 year,0.0
6500.0,2016-04-18,debt_consolidation,,11.57%,261xx,WV,5 years,0.0
15000.0,2016-04-18,debt_consolidation,,57.69%,302xx,GA,< 1 year,0.0
1000.0,2016-04-18,debt_consolidation,,29.31%,381xx,TN,< 1 year,0.0
15000.0,2016-04-19,debt_consolidation,,17.87%,457xx,OH,< 1 year,0.0
4000.0,2016-04-19,home_improvement,,0%,295xx,SC,< 1 year,0.0
20000.0,2016-04-19,credit_card,,32.94%,735xx,OK,< 1 year,0.0
3500.0,2016-04-19,small_business,,42.57%,402xx,KY,< 1 year,0.0
5000.0,2016-04-19,moving,,11.51%,020xx,MA,< 1 year,0.0
4000.0,2016-04-19,major_purchase,,6.64%,234xx,VA,5 years,0.0
50000.0,2016-04-19,Business Loan,,-1%,846xx,UT,< 1 year,0.0
15000.0,2016-04-19,debt_consolidation,,42.28%,910xx,CA,< 1 year,0.0
35000.0,2016-04-19,house,,-1%,925xx,CA,,0.0
30000.0,2016-04-19,major_purchase,,24.83%,406xx,KY,< 1 year,0.0
8000.0,2016-04-19,debt_consolidation,,10.52%,953xx,CA,< 1 year,0.0
3000.0,2016-04-20,other,,22.61%,044xx,ME,< 1 year,0.0
25000.0,2016-04-20,car,,4.66%,984xx,WA,5 years,0.0
3500.0,2016-04-20,debt_consolidation,,3%,234xx,VA,< 1 year,0.0
4000.0,2016-04-21,debt_consolidation,675.0,14.81%,152xx,PA,< 1 year,0.0
40000.0,2016-04-21,Business Loan,,-1%,300xx,GA,< 1 year,0.0
1200.0,2016-04-21,credit_card,,8.29%,751xx,TX,5 years,0.0
6000.0,2016-04-21,debt_consolidation,675.0,7.3%,809xx,CO,2 years,0.0
20000.0,2016-04-21,debt_consolidation,,0%,021xx,MA,< 1 year,0.0
5000.0,2016-04-21,debt_consolidation,,14.56%,344xx,FL,5 years,0.0
5000.0,2016-04-21,medical,,0.62%,328xx,FL,< 1 year,0.0
9800.0,2016-04-21,Major purchase,,43.09%,380xx,TN,7 years,0.0
50000.0,2016-04-21,Business Loan,,-1%,605xx,IL,< 1 year,0.0
12000.0,2016-04-21,debt_consolidation,689.0,24.15%,362xx,AL,10+ years,0.0
5000.0,2016-04-22,debt_consolidation,,1.41%,841xx,UT,< 1 year,0.0
10000.0,2016-04-22,major_purchase,,7.06%,212xx,MD,< 1 year,0.0
1000.0,2016-04-22,other,,36.9%,776xx,TX,5 years,0.0
15000.0,2016-04-22,debt_consolidation,630.0,4.06%,933xx,CA,< 1 year,0.0
9500.0,2016-04-23,small_business,,15.4%,330xx,FL,< 1 year,0.0
15000.0,2016-04-23,debt_consolidation,,8.78%,913xx,CA,< 1 year,0.0
15000.0,2016-04-23,debt_consolidation,665.0,8.16%,750xx,TX,< 1 year,0.0
8500.0,2016-04-23,credit_card,647.0,60.26%,648xx,MO,< 1 year,0.0
6000.0,2016-04-23,debt_consolidation,,36.75%,850xx,AZ,< 1 year,0.0
3500.0,2016-04-24,car,,8.4%,631xx,MO,,0.0
15000.0,2016-04-24,debt_consolidation,,12.03%,907xx,CA,< 1 year,0.0
15000.0,2016-04-25,debt_consolidation,,24.24%,891xx,NV,< 1 year,0.0
10000.0,2016-04-25,debt_consolidation,,6.84%,446xx,OH,< 1 year,0.0
6000.0,2016-04-25,moving,,14.07%,532xx,WI,5 years,0.0
2000.0,2016-04-25,debt_consolidation,,10.66%,191xx,PA,5 years,0.0
2500.0,2016-04-25,debt_consolidation,,16.98%,441xx,OH,< 1 year,0.0
1000.0,2016-04-25,other,,4.95%,354xx,AL,< 1 year,0.0
1000.0,2016-04-25,debt_consolidation,,8.46%,941xx,CA,< 1 year,0.0
12000.0,2016-04-25,credit_card,,45.52%,657xx,MO,5 years,0.0
10000.0,2016-04-25,car,,0%,932xx,CA,,0.0
26000.0,2016-04-26,debt_consolidation,,21.08%,210xx,MD,< 1 year,0.0
5000.0,2016-04-26,home_improvement,,25.88%,751xx,TX,< 1 year,0.0
5000.0,2016-04-26,debt_consolidation,,17.72%,207xx,MD,< 1 year,0.0
3500.0,2016-04-26,car,,12.96%,770xx,TX,5 years,0.0
8000.0,2016-04-27,medical,,8.31%,328xx,FL,< 1 year,0.0
20000.0,2016-04-27,other,,18.88%,117xx,NY,< 1 year,0.0
5000.0,2016-04-27,Debt consolidation,692.0,7.59%,331xx,FL,,0.0
2000.0,2016-04-27,debt_consolidation,,0.38%,121xx,NY,< 1 year,0.0
20000.0,2016-04-27,debt_consolidation,,31.19%,114xx,NY,5 years,0.0
3000.0,2016-04-27,other,,2%,953xx,CA,,0.0
30000.0,2016-04-27,debt_consolidation,,46.02%,708xx,LA,< 1 year,0.0
2000.0,2016-04-27,car,,11.54%,064xx,CT,5 years,0.0
12000.0,2016-04-27,debt_consolidation,,34.63%,973xx,OR,< 1 year,0.0
21000.0,2016-04-28,other,,6.08%,300xx,GA,< 1 year,0.0
5000.0,2016-04-28,debt_consolidation,,53.24%,346xx,FL,< 1 year,0.0
20000.0,2016-04-28,debt_consolidation,639.0,100.65%,441xx,OH,< 1 year,0.0
5000.0,2016-04-28,debt_consolidation,,8.09%,021xx,MA,< 1 year,0.0
10000.0,2016-04-28,debt_consolidation,,32.74%,773xx,TX,< 1 year,0.0
33000.0,2016-04-28,Credit card refinancing,,14.21%,338xx,FL,8 years,0.0
5000.0,2016-04-28,debt_consolidation,,72.33%,126xx,NY,< 1 year,0.0
15000.0,2016-04-28,Credit card refinancing,717.0,18.21%,462xx,IN,2 years,0.0
20000.0,2016-04-29,debt_consolidation,614.0,11.63%,580xx,ND,< 1 year,0.0
35000.0,2016-04-29,debt_consolidation,,30.34%,475xx,IN,5 years,0.0
2500.0,2016-04-29,car,629.0,14.74%,278xx,NC,9 years,0.0
5000.0,2016-04-29,Debt consolidation,644.0,3.79%,430xx,OH,4 years,0.0
30000.0,2016-04-29,car,,1.59%,070xx,NJ,< 1 year,0.0
30000.0,2016-04-29,other,,0%,950xx,CA,< 1 year,0.0
1000.0,2016-04-29,other,,40.68%,967xx,HI,< 1 year,0.0
28000.0,2016-04-30,debt_consolidation,,23%,790xx,TX,< 1 year,0.0
5000.0,2016-05-01,debt_consolidation,,0%,665xx,KS,< 1 year,0.0
15000.0,2016-05-01,other,,49.1%,145xx,NY,< 1 year,0.0
1000.0,2016-05-01,small_business,,2.37%,138xx,NY,5 years,0.0
3500.0,2016-05-02,other,,0.92%,303xx,GA,< 1 year,0.0
40000.0,2016-05-02,house,,15.98%,236xx,VA,< 1 year,0.0
25000.0,2016-05-02,credit_card,,9999%,294xx,SC,< 1 year,0.0
40000.0,2016-05-02,medical,,54.42%,704xx,LA,< 1 year,0.0
15000.0,2016-05-03,debt_consolidation,,19.62%,925xx,CA,< 1 year,0.0
13500.0,2016-05-03,credit_card,,35.09%,988xx,WA,< 1 year,0.0
25000.0,2016-05-03,car,,9.03%,805xx,CO,< 1 year,0.0
12500.0,2016-05-03,other,,6.42%,891xx,NV,< 1 year,0.0
2500.0,2016-05-03,renewable_energy,,-1%,194xx,PA,5 years,0.0
1000.0,2016-05-03,moving,,2%,921xx,CA,5 years,0.0
2000.0,2016-05-03,debt_consolidation,,36.29%,338xx,FL,< 1 year,0.0
15000.0,2016-05-03,home_improvement,,9.13%,292xx,SC,< 1 year,0.0
12000.0,2016-05-04,Business,681.0,9.5%,797xx,TX,5 years,0.0
20000.0,2016-05-04,credit_card,,28.92%,329xx,FL,5 years,0.0
10000.0,2016-05-04,debt_consolidation,614.0,33.88%,331xx,FL,< 1 year,0.0
35000.0,2016-05-04,debt_consolidation,,23.94%,907xx,CA,5 years,0.0
10000.0,2016-05-04,debt_consolidation,656.0,74.92%,960xx,CA,< 1 year,0.0
5000.0,2016-05-04,credit_card,596.0,64.19%,956xx,CA,< 1 year,0.0
20000.0,2016-05-04,debt_consolidation,,51.81%,760xx,TX,< 1 year,0.0
20000.0,2016-05-04,credit_card,,12.68%,029xx,RI,< 1 year,0.0
15000.0,2016-05-04,major_purchase,,15.09%,321xx,FL,< 1 year,0.0
5000.0,2016-05-05,Debt consolidation,,5.44%,565xx,MN,3 years,0.0
7500.0,2016-05-05,credit_card,,17.53%,933xx,CA,< 1 year,0.0
1000.0,2016-05-05,debt_consolidation,,2.9%,300xx,GA,< 1 year,0.0
7000.0,2016-05-05,debt_consolidation,,50.66%,790xx,TX,5 years,0.0
3000.0,2016-05-05,debt_consolidation,,15.01%,330xx,FL,< 1 year,0.0
7000.0,2016-05-06,credit_card,,7.96%,015xx,MA,< 1 year,0.0
25000.0,2016-05-06,debt_consolidation,,19.58%,314xx,GA,< 1 year,0.0
8000.0,2016-05-06,home_improvement,,32.3%,989xx,WA,< 1 year,0.0
40000.0,2016-05-07,debt_consolidation,671.0,87.18%,580xx,ND,< 1 year,0.0
1000.0,2016-05-07,debt_consolidation,,29.91%,953xx,CA,< 1 year,0.0
15000.0,2016-05-07,Business Loan,,-1%,450xx,OH,< 1 year,0.0
20000.0,2016-05-07,debt_consolidation,682.0,11.15%,640xx,MO,< 1 year,0.0
6000.0,2016-05-09,home_improvement,,2.49%,015xx,MA,< 1 year,0.0
2000.0,2016-05-09,debt_consolidation,,15.73%,610xx,IL,< 1 year,0.0
10000.0,2016-05-09,small_business,,0%,381xx,TN,< 1 year,0.0
5000.0,2016-05-09,debt_consolidation,,4.9%,104xx,NY,< 1 year,0.0
3000.0,2016-05-09,debt_consolidation,,0.16%,270xx,NC,< 1 year,0.0
12000.0,2016-05-10,debt_consolidation,,6.11%,111xx,NY,< 1 year,0.0
10000.0,2016-05-10,debt_consolidation,,-1%,606xx,IL,< 1 year,0.0
15000.0,2016-05-10,car,,10.37%,117xx,NY,5 years,0.0
1000.0,2016-05-10,debt_consolidation,,38.1%,916xx,CA,< 1 year,0.0
20000.0,2016-05-11,car,,2.4%,772xx,TX,,0.0
3300.0,2016-05-11,debt_consolidation,,40.94%,278xx,NC,< 1 year,0.0
9000.0,2016-05-11,debt_consolidation,,27.19%,076xx,NJ,5 years,0.0
20000.0,2016-05-11,debt_consolidation,,26.76%,630xx,MO,< 1 year,0.0
30000.0,2016-05-12,debt_consolidation,,15.83%,190xx,PA,< 1 year,0.0
1000.0,2016-05-12,medical,594.0,0.38%,951xx,CA,< 1 year,0.0
30000.0,2016-05-12,home_improvement,,0.07%,301xx,GA,< 1 year,0.0
6500.0,2016-05-13,renewable_energy,,1.48%,935xx,CA,< 1 year,0.0
30000.0,2016-05-13,home_improvement,,8.3%,497xx,MI,,0.0
1000.0,2016-05-14,vacation,,11.29%,323xx,FL,< 1 year,0.0
7000.0,2016-05-14,other,,47.06%,104xx,NY,< 1 year,0.0
5000.0,2016-05-14,other,,90.52%,712xx,LA,< 1 year,0.0
27000.0,2016-05-15,small_business,,1.42%,330xx,FL,< 1 year,0.0
2000.0,2016-05-15,debt_consolidation,716.0,0%,774xx,TX,< 1 year,0.0
5000.0,2016-05-15,other,,17.87%,852xx,AZ,5 years,0.0
35000.0,2016-05-15,house,,5.54%,636xx,MO,5 years,0.0
2000.0,2016-05-15,small_business,,12%,029xx,RI,< 1 year,0.0
1000.0,2016-05-16,other,,21.42%,303xx,GA,5 years,0.0
5000.0,2016-05-16,debt_consolidation,,101.42%,619xx,IL,< 1 year,0.0
2000.0,2016-05-17,small_business,,31.86%,342xx,FL,< 1 year,0.0
5500.0,2016-05-17,other,,10.75%,495xx,MI,,0.0
34000.0,2016-05-17,debt_consolidation,,17.59%,114xx,NY,5 years,0.0
1000.0,2016-05-17,car,653.0,0%,482xx,MI,< 1 year,0.0
8000.0,2016-05-17,credit_card,,-1%,746xx,OK,5 years,0.0
18000.0,2016-05-18,Debt consolidation,,19.09%,300xx,GA,2 years,0.0
8500.0,2016-05-18,credit_card,,44.1%,435xx,OH,< 1 year,0.0
10000.0,2016-05-18,credit_card,,36.65%,301xx,GA,< 1 year,0.0
25000.0,2016-05-19,Credit card refinancing,,16.91%,756xx,TX,,0.0
10000.0,2016-05-20,debt_consolidation,,45.94%,132xx,NY,< 1 year,0.0
4000.0,2016-05-20,debt_consolidation,,27.11%,986xx,WA,< 1 year,0.0
35000.0,2016-05-20,credit_card,,18.37%,774xx,TX,5 years,0.0
3000.0,2016-05-22,moving,,18.22%,347xx,FL,< 1 year,0.0
10000.0,2016-05-22,debt_consolidation,,52.48%,336xx,FL,< 1 year,0.0
6000.0,2016-05-23,debt_consolidation,,20.38%,467xx,IN,< 1 year,0.0
1500.0,2016-05-25,other,,33.19%,481xx,MI,< 1 year,0.0
40000.0,2016-05-25,home_improvement,,25.47%,046xx,ME,< 1 year,0.0
5000.0,2016-05-25,major_purchase,,26.7%,925xx,CA,< 1 year,0.0
5000.0,2016-05-26,moving,,1.43%,922xx,CA,< 1 year,0.0
5000.0,2016-05-26,other,,18.23%,539xx,WI,< 1 year,0.0
6000.0,2016-05-26,debt_consolidation,,22.74%,210xx,MD,< 1 year,0.0
5000.0,2016-05-26,home_improvement,,18.9%,143xx,NY,< 1 year,0.0
6000.0,2016-05-26,other,,-1%,112xx,NY,< 1 year,0.0
1000.0,2016-05-30,major_purchase,,-1%,021xx,MA,,0.0
7000.0,2016-05-31,debt_consolidation,,13.12%,113xx,NY,< 1 year,0.0
30000.0,2016-06-01,credit_card,,60.01%,606xx,IL,< 1 year,0.0
10000.0,2016-06-01,credit_card,,48.08%,347xx,FL,< 1 year,0.0
26000.0,2016-06-01,debt_consolidation,,34.92%,238xx,VA,< 1 year,0.0
5000.0,2016-06-02,other,,-1%,078xx,NJ,< 1 year,0.0
25000.0,2016-06-02,home_improvement,,0.68%,604xx,IL,5 years,0.0
35000.0,2016-06-03,debt_consolidation,,45.39%,307xx,GA,< 1 year,0.0
4000.0,2016-06-04,car,,-1%,805xx,CO,5 years,0.0
1000.0,2016-06-04,other,,70.49%,857xx,AZ,< 1 year,0.0
1000.0,2016-06-04,other,,0%,606xx,IL,< 1 year,0.0
5000.0,2016-06-04,Business Loan,,-1%,601xx,IL,< 1 year,0.0
40000.0,2016-06-05,debt_consolidation,,44.16%,305xx,GA,< 1 year,0.0
5000.0,2016-06-05,debt_consolidation,,42.86%,744xx,OK,< 1 year,0.0
2000.0,2016-06-05,debt_consolidation,,1.94%,182xx,PA,< 1 year,0.0
17000.0,2016-06-06,credit_card,,71.23%,206xx,MD,5 years,0.0
4000.0,2016-06-06,debt_consolidation,,24.58%,368xx,AL,< 1 year,0.0
25000.0,2016-06-07,debt_consolidation,,1.46%,606xx,IL,< 1 year,0.0
10000.0,2016-06-07,car,,10.49%,104xx,NY,< 1 year,0.0
3000.0,2016-06-07,debt_consolidation,,29.63%,319xx,GA,< 1 year,0.0
25000.0,2016-06-08,Business Loan,,-1%,371xx,TN,< 1 year,0.0
2000.0,2016-06-08,car,,2.1%,151xx,PA,5 years,0.0
10000.0,2016-06-08,Business Loan,,-1%,946xx,CA,< 1 year,0.0
20000.0,2016-06-09,credit_card,,16.5%,673xx,KS,5 years,0.0
14000.0,2016-06-09,credit_card,,66.14%,380xx,TN,5 years,0.0
35000.0,2016-06-09,debt_consolidation,,10.96%,331xx,FL,5 years,0.0
15000.0,2016-06-09,other,,8.55%,146xx,NY,< 1 year,0.0
5000.0,2016-06-09,debt_consolidation,,9.33%,331xx,FL,< 1 year,0.0
25000.0,2016-06-10,debt_consolidation,,33.73%,173xx,PA,< 1 year,0.0
5000.0,2016-06-10,other,,2.49%,212xx,MD,5 years,0.0
4000.0,2016-06-10,Car financing,,21.68%,752xx,TX,9 years,0.0
9000.0,2016-06-11,debt_consolidation,,28.76%,441xx,OH,5 years,0.0
5000.0,2016-06-11,car,,17.25%,968xx,HI,< 1 year,0.0
2000.0,2016-06-12,major_purchase,,21.31%,370xx,TN,< 1 year,0.0
15000.0,2016-06-12,small_business,,2.2%,483xx,MI,5 years,0.0
26000.0,2016-06-13,debt_consolidation,,-1%,479xx,IN,< 1 year,0.0
8500.0,2016-06-13,other,,3.19%,725xx,AR,,0.0
3000.0,2016-06-13,debt_consolidation,,8.12%,217xx,MD,< 1 year,0.0
15000.0,2016-06-13,other,,20.1%,982xx,WA,5 years,0.0
40000.0,2016-06-13,debt_consolidation,,3.72%,882xx,NM,< 1 year,0.0
15000.0,2016-06-14,debt_consolidation,,23.72%,472xx,IN,< 1 year,0.0
6000.0,2016-06-14,debt_consolidation,,6.99%,601xx,IL,5 years,0.0
25000.0,2016-06-14,other,,45.18%,351xx,AL,,0.0
15000.0,2016-06-14,debt_consolidation,,28.67%,628xx,IL,< 1 year,0.0
15000.0,2016-06-14,credit_card,,18.57%,028xx,RI,< 1 year,0.0
1000.0,2016-06-15,major_purchase,,90.36%,837xx,ID,< 1 year,0.0
5500.0,2016-06-15,debt_consolidation,,29.06%,301xx,GA,< 1 year,0.0
2000.0,2016-06-15,debt_consolidation,,28.17%,338xx,FL,< 1 year,0.0
2000.0,2016-06-15,debt_consolidation,,21.71%,600xx,IL,5 years,0.0
25000.0,2016-06-15,debt_consolidation,,18.17%,600xx,IL,< 1 year,0.0
10000.0,2016-06-15,Debt consolidation,,16.72%,431xx,OH,3 years,0.0
3500.0,2016-06-15,medical,,0%,633xx,MO,< 1 year,0.0
3000.0,2016-06-15,credit_card,,10.72%,928xx,CA,< 1 year,0.0
2500.0,2016-06-15,debt_consolidation,,13.69%,730xx,OK,< 1 year,0.0
1500.0,2016-06-15,other,,2.87%,587xx,ND,< 1 year,0.0
15000.0,2016-06-15,debt_consolidation,,61.06%,245xx,VA,< 1 year,0.0
5000.0,2016-06-16,other,,0%,334xx,FL,< 1 year,0.0
10000.0,2016-06-16,Debt consolidation,,10.9%,606xx,IL,10+ years,0.0
40000.0,2016-06-16,debt_consolidation,,10.42%,282xx,NC,< 1 year,0.0
5000.0,2016-06-16,debt_consolidation,,10.4%,900xx,CA,< 1 year,0.0
5000.0,2016-06-16,other,,33.96%,152xx,PA,< 1 year,0.0
14000.0,2016-06-16,debt_consolidation,,16.79%,448xx,OH,5 years,0.0
3000.0,2016-06-16,moving,,0%,726xx,AR,< 1 year,0.0
2600.0,2016-06-17,credit_card,,13.22%,637xx,MO,< 1 year,0.0
30000.0,2016-06-17,debt_consolidation,,19.78%,809xx,CO,< 1 year,0.0
5000.0,2016-06-17,credit_card,,11.69%,114xx,NY,< 1 year,0.0
10000.0,2016-06-17,other,,3.31%,920xx,CA,< 1 year,0.0
10000.0,2016-06-17,Debt consolidation,,9.42%,681xx,NE,8 years,0.0
1500.0,2016-06-20,vacation,,1.43%,560xx,MN,5 years,0.0
2500.0,2016-06-20,debt_consolidation,,20.45%,461xx,IN,< 1 year,0.0
6000.0,2016-06-20,credit_card,,24.59%,932xx,CA,5 years,0.0
10000.0,2016-06-20,debt_consolidation,,33.1%,211xx,MD,< 1 year,0.0
2000.0,2016-06-20,home_improvement,,-1%,952xx,CA,,0.0
5900.0,2016-06-20,car,,37.76%,838xx,ID,< 1 year,0.0
6000.0,2016-06-21,debt_consolidation,,30.13%,384xx,TN,< 1 year,0.0
10000.0,2016-06-21,debt_consolidation,,35.57%,232xx,VA,5 years,0.0
7000.0,2016-06-21,credit_card,,10.77%,075xx,NJ,5 years,0.0
25000.0,2016-06-21,debt_consolidation,,13.53%,278xx,NC,< 1 year,0.0
35000.0,2016-06-21,other,,-1%,890xx,NV,< 1 year,0.0
5000.0,2016-06-21,other,,80.31%,335xx,FL,< 1 year,0.0
1500.0,2016-06-21,vacation,,8.32%,392xx,MS,< 1 year,0.0
8500.0,2016-06-22,other,,17.78%,809xx,CO,< 1 year,0.0
4000.0,2016-06-22,small_business,,16.84%,100xx,NY,< 1 year,0.0
17000.0,2016-06-22,Debt consolidation,,10.7%,313xx,GA,10+ years,0.0
10000.0,2016-06-22,credit_card,,30.01%,562xx,MN,< 1 year,0.0
1000.0,2016-06-22,other,,13.83%,436xx,OH,< 1 year,0.0
7500.0,2016-06-23,debt_consolidation,,37.88%,840xx,UT,< 1 year,0.0
35000.0,2016-06-23,home_improvement,,11.38%,069xx,CT,< 1 year,0.0
2500.0,2016-06-23,debt_consolidation,,16.6%,722xx,AR,< 1 year,0.0
3000.0,2016-06-23,debt_consolidation,,26.97%,405xx,KY,5 years,0.0
25000.0,2016-06-23,credit_card,,57.36%,894xx,NV,< 1 year,0.0
35000.0,2016-06-23,debt_consolidation,,38.53%,720xx,AR,< 1 year,0.0
40000.0,2016-06-23,home_improvement,,4.53%,302xx,GA,< 1 year,0.0
20000.0,2016-06-23,debt_consolidation,,26.29%,469xx,IN,< 1 year,0.0
8000.0,2016-06-24,debt_consolidation,,1.43%,118xx,NY,< 1 year,0.0
15000.0,2016-06-24,debt_consolidation,,37.85%,851xx,AZ,< 1 year,0.0
5000.0,2016-06-24,debt_consolidation,,15.9%,760xx,TX,5 years,0.0
14000.0,2016-06-24,medical,,34.65%,974xx,OR,,0.0
4500.0,2016-06-24,other,,29.49%,852xx,AZ,< 1 year,0.0
30000.0,2016-06-25,debt_consolidation,,18.33%,604xx,IL,5 years,0.0
10000.0,2016-06-25,home_improvement,,27.8%,326xx,FL,< 1 year,0.0
7000.0,2016-06-26,debt_consolidation,,10.82%,167xx,PA,< 1 year,0.0
5000.0,2016-06-26,car,,0%,395xx,MS,,0.0
30000.0,2016-06-26,debt_consolidation,,33.35%,775xx,TX,< 1 year,0.0
3000.0,2016-06-27,home_improvement,,49.54%,336xx,FL,< 1 year,0.0
10000.0,2016-06-27,debt_consolidation,,4.57%,027xx,MA,< 1 year,0.0
20000.0,2016-06-27,debt_consolidation,,25.68%,730xx,OK,< 1 year,0.0
20000.0,2016-06-27,debt_consolidation,,40.99%,344xx,FL,< 1 year,0.0
30000.0,2016-06-27,house,,-1%,326xx,FL,5 years,0.0
3000.0,2016-06-27,major_purchase,,0.5%,956xx,CA,< 1 year,0.0
5000.0,2016-06-27,debt_consolidation,,20.94%,925xx,CA,< 1 year,0.0
10000.0,2016-06-27,credit_card,,37.36%,469xx,IN,5 years,0.0
15000.0,2016-06-27,debt_consolidation,,46.56%,040xx,ME,< 1 year,0.0
10000.0,2016-06-27,Debt consolidation,,12.73%,922xx,CA,10+ years,0.0
20000.0,2016-06-28,house,,22.4%,706xx,LA,5 years,0.0
2500.0,2016-06-28,other,,12.01%,104xx,NY,< 1 year,0.0
1000.0,2016-06-28,moving,,41.98%,201xx,VA,< 1 year,0.0
3000.0,2016-06-28,other,,3.87%,537xx,WI,5 years,0.0
10000.0,2016-06-28,debt_consolidation,,25.62%,283xx,NC,< 1 year,0.0
5000.0,2016-06-28,debt_consolidation,,1.08%,883xx,NM,< 1 year,0.0
10000.0,2016-06-28,home_improvement,,15%,650xx,MO,< 1 year,0.0
3000.0,2016-06-28,small_business,,0.24%,630xx,MO,< 1 year,0.0
15000.0,2016-06-29,debt_consolidation,,179.6%,907xx,CA,< 1 year,0.0
2200.0,2016-06-29,other,,16.82%,493xx,MI,< 1 year,0.0
33000.0,2016-06-29,debt_consolidation,,38.85%,855xx,AZ,< 1 year,0.0
30000.0,2016-06-29,debt_consolidation,,37.87%,344xx,FL,< 1 year,0.0
7000.0,2016-06-29,debt_consolidation,,18.73%,891xx,NV,,0.0
6000.0,2016-06-29,other,,5.8%,117xx,NY,5 years,0.0
3000.0,2016-06-29,other,,24.61%,972xx,OR,< 1 year,0.0
1500.0,2016-06-29,moving,,1.56%,925xx,CA,,0.0
15000.0,2016-06-29,debt_consolidation,,13.61%,100xx,NY,< 1 year,0.0
15000.0,2016-06-29,debt_consolidation,,28.59%,922xx,CA,< 1 year,0.0
5000.0,2016-06-30,debt_consolidation,,36.33%,920xx,CA,< 1 year,0.0
20000.0,2016-06-30,debt_consolidation,,2.43%,952xx,CA,5 years,0.0
8000.0,2016-06-30,debt_consolidation,,11.35%,275xx,NC,5 years,0.0
6000.0,2016-06-30,debt_consolidation,,24.82%,238xx,VA,< 1 year,0.0
5000.0,2016-06-30,moving,,17.23%,906xx,CA,< 1 year,0.0
2000.0,2016-06-30,debt_consolidation,,45.91%,606xx,IL,< 1 year,0.0
15000.0,2016-07-01,debt_consolidation,,88.77%,463xx,IN,< 1 year,0.0
40000.0,2016-07-01,debt_consolidation,,75.79%,809xx,CO,< 1 year,0.0
15000.0,2016-07-02,home_improvement,,18.8%,740xx,OK,< 1 year,0.0
3000.0,2016-07-02,debt_consolidation,,36.36%,599xx,MT,5 years,0.0
5000.0,2016-07-02,debt_consolidation,,0.39%,773xx,TX,< 1 year,0.0
15000.0,2016-07-02,small_business,,16.82%,283xx,NC,< 1 year,0.0
15000.0,2016-07-03,Debt consolidation,,29.28%,224xx,VA,< 1 year,0.0
3000.0,2016-07-03,debt_consolidation,,30.6%,300xx,GA,< 1 year,0.0
8000.0,2016-07-03,major_purchase,,4.22%,551xx,MN,5 years,0.0
30000.0,2016-07-03,debt_consolidation,,50.58%,086xx,NJ,< 1 year,0.0
20000.0,2016-07-05,debt_consolidation,,60.46%,440xx,OH,< 1 year,0.0
10000.0,2016-07-05,debt_consolidation,,17.8%,328xx,FL,< 1 year,0.0
8000.0,2016-07-05,debt_consolidation,,37.32%,307xx,GA,< 1 year,0.0
5000.0,2016-07-05,debt_consolidation,,3.84%,900xx,CA,< 1 year,0.0
8000.0,2016-07-05,debt_consolidation,,22.45%,902xx,CA,< 1 year,0.0
10000.0,2016-07-05,Debt consolidation,,12.63%,741xx,OK,6 years,0.0
5000.0,2016-07-05,credit_card,,42.2%,752xx,TX,< 1 year,0.0
6000.0,2016-07-05,moving,,51.98%,024xx,MA,5 years,0.0
8000.0,2016-07-05,credit_card,,22.5%,447xx,OH,< 1 year,0.0
15000.0,2016-07-05,Debt consolidation,,25.27%,229xx,VA,,0.0
2000.0,2016-07-05,debt_consolidation,,37.8%,300xx,GA,< 1 year,0.0
160000.0,2016-07-06,Business Loan,,-1%,778xx,TX,< 1 year,0.0
10000.0,2016-07-06,home_improvement,,91.6%,551xx,MN,10+ years,0.0
25000.0,2016-07-06,credit_card,,30.61%,625xx,IL,5 years,0.0
30000.0,2016-07-06,debt_consolidation,,30.39%,131xx,NY,< 1 year,0.0
5350.0,2016-07-06,debt_consolidation,,36.8%,384xx,TN,5 years,0.0
12000.0,2016-07-06,debt_consolidation,,7.4%,410xx,KY,< 1 year,0.0
5000.0,2016-07-06,credit_card,,18.1%,443xx,OH,< 1 year,0.0
10000.0,2016-07-06,debt_consolidation,,22.46%,913xx,CA,< 1 year,0.0
20000.0,2016-07-06,Home improvement,,1.16%,146xx,NY,10+ years,0.0
5000.0,2016-07-06,debt_consolidation,,22.57%,925xx,CA,< 1 year,0.0
16000.0,2016-07-06,car,,14.49%,322xx,FL,5 years,0.0
35000.0,2016-07-06,home_improvement,,58.71%,687xx,NE,,0.0
19500.0,2016-07-06,debt_consolidation,,0.84%,409xx,KY,< 1 year,0.0
20000.0,2016-07-07,small_business,,0%,482xx,MI,,0.0
2500.0,2016-07-07,other,,3.36%,294xx,SC,< 1 year,0.0
15000.0,2016-07-07,Debt consolidation,,4.05%,923xx,CA,5 years,0.0
10000.0,2016-07-07,debt_consolidation,,19.83%,917xx,CA,< 1 year,0.0
5000.0,2016-07-07,credit_card,,38.23%,490xx,MI,< 1 year,0.0
3000.0,2016-07-07,debt_consolidation,,16.13%,750xx,TX,< 1 year,0.0
1000.0,2016-07-08,medical,,3.16%,770xx,TX,< 1 year,0.0
10000.0,2016-07-08,debt_consolidation,567.0,17.7%,114xx,NY,< 1 year,0.0
15000.0,2016-07-08,credit_card,,22.48%,852xx,AZ,5 years,0.0
20000.0,2016-07-08,credit_card,,-1%,282xx,NC,5 years,0.0
20000.0,2016-07-08,debt_consolidation,,14.28%,967xx,HI,< 1 year,0.0
9500.0,2016-07-08,debt_consolidation,,-1%,,TX,< 1 year,0.0
10000.0,2016-07-09,vacation,,2.7%,606xx,IL,< 1 year,0.0
1000.0,2016-07-09,debt_consolidation,,22.69%,335xx,FL,< 1 year,0.0
5000.0,2016-07-09,car,,0%,450xx,OH,< 1 year,0.0
20000.0,2016-07-09,debt_consolidation,,42.22%,371xx,TN,< 1 year,0.0
7000.0,2016-07-09,home_improvement,,17.59%,234xx,VA,< 1 year,0.0
10000.0,2016-07-09,debt_consolidation,,13.23%,841xx,UT,< 1 year,0.0
35000.0,2016-07-09,debt_consolidation,,57.66%,350xx,AL,5 years,0.0
35000.0,2016-07-10,small_business,664.0,0%,085xx,NJ,< 1 year,0.0
31000.0,2016-07-10,debt_consolidation,,47.03%,085xx,NJ,5 years,0.0
5000.0,2016-07-10,debt_consolidation,,36.09%,315xx,GA,< 1 year,0.0
3000.0,2016-07-10,debt_consolidation,,7.05%,106xx,NY,5 years,0.0
7000.0,2016-07-10,credit_card,,27.68%,605xx,IL,< 1 year,0.0
1000.0,2016-07-10,other,,6.82%,765xx,TX,< 1 year,0.0
1000.0,2016-07-11,other,,27.65%,463xx,IN,< 1 year,0.0
13000.0,2016-07-11,debt_consolidation,709.0,17.86%,957xx,CA,< 1 year,0.0
35000.0,2016-07-11,home_improvement,,11%,278xx,NC,< 1 year,0.0
40000.0,2016-07-11,Debt consolidation,,30.99%,132xx,NY,8 years,0.0
3000.0,2016-07-11,debt_consolidation,,21.83%,852xx,AZ,< 1 year,0.0
3500.0,2016-07-11,home_improvement,,3.22%,146xx,NY,< 1 year,0.0
35000.0,2016-07-11,debt_consolidation,,74.97%,539xx,WI,< 1 year,0.0
1500.0,2016-07-11,Other,,3.16%,900xx,CA,< 1 year,0.0
20000.0,2016-07-11,debt_consolidation,,5.6%,073xx,NJ,< 1 year,0.0
5000.0,2016-07-12,debt_consolidation,,14.8%,151xx,PA,< 1 year,0.0
14000.0,2016-07-12,credit_card,,38.05%,726xx,AR,5 years,0.0
10000.0,2016-07-12,other,,42.91%,346xx,FL,< 1 year,0.0
6500.0,2016-07-12,other,,21.81%,919xx,CA,< 1 year,0.0
9000.0,2016-07-12,other,,-1%,281xx,NC,< 1 year,0.0
5000.0,2016-07-12,car,,-1%,450xx,OH,< 1 year,0.0
1500.0,2016-07-12,other,,22%,606xx,IL,< 1 year,0.0
5000.0,2016-07-13,debt_consolidation,,30.47%,906xx,CA,< 1 year,0.0
5000.0,2016-07-13,home_improvement,599.0,13.16%,782xx,TX,< 1 year,0.0
25000.0,2016-07-13,debt_consolidation,,33.24%,331xx,FL,< 1 year,0.0
10000.0,2016-07-13,credit_card,,39.24%,927xx,CA,5 years,0.0
1000.0,2016-07-14,medical,,8.82%,970xx,OR,< 1 year,0.0
6000.0,2016-07-14,other,,2.5%,351xx,AL,5 years,0.0
5000.0,2016-07-15,debt_consolidation,,10.71%,380xx,TN,< 1 year,0.0
3000.0,2016-07-15,debt_consolidation,,209.87%,448xx,OH,< 1 year,0.0
40000.0,2016-07-15,debt_consolidation,652.0,35%,770xx,TX,< 1 year,0.0
10000.0,2016-07-15,moving,,23.93%,730xx,OK,< 1 year,0.0
8000.0,2016-07-15,other,,36.07%,314xx,GA,< 1 year,0.0
8000.0,2016-07-15,other,,21.49%,953xx,CA,5 years,0.0
18000.0,2016-07-16,debt_consolidation,,27.7%,933xx,CA,< 1 year,0.0
5500.0,2016-07-16,major_purchase,,46.7%,615xx,IL,< 1 year,0.0
7000.0,2016-07-17,home_improvement,,43.95%,442xx,OH,5 years,0.0
14000.0,2016-07-17,debt_consolidation,,13.85%,972xx,OR,5 years,0.0
15000.0,2016-07-17,debt_consolidation,607.0,63.51%,029xx,RI,< 1 year,0.0
19000.0,2016-07-17,Debt consolidation,,21.86%,773xx,TX,4 years,0.0
7500.0,2016-07-17,Debt consolidation,,21.91%,770xx,TX,3 years,0.0
10000.0,2016-07-17,debt_consolidation,,21.34%,836xx,ID,5 years,0.0
1000.0,2016-07-18,small_business,,33.46%,290xx,SC,5 years,0.0
2500.0,2016-07-18,home_improvement,,-1%,618xx,IL,< 1 year,0.0
10000.0,2016-07-18,major_purchase,,-1%,557xx,MN,,0.0
40000.0,2016-07-18,debt_consolidation,624.0,57.61%,359xx,AL,< 1 year,0.0
1500.0,2016-07-18,car,,0%,135xx,NY,< 1 year,0.0
3000.0,2016-07-18,debt_consolidation,,41.91%,371xx,TN,< 1 year,0.0
35000.0,2016-07-19,debt_consolidation,,45.13%,386xx,MS,5 years,0.0
10000.0,2016-07-19,debt_consolidation,,39.99%,280xx,NC,< 1 year,0.0
35000.0,2016-07-19,credit_card,,5.28%,175xx,PA,5 years,0.0
2500.0,2016-07-19,medical,,4.56%,495xx,MI,5 years,0.0
5000.0,2016-07-19,major_purchase,,46.93%,750xx,TX,5 years,0.0
15000.0,2016-07-19,small_business,,3.48%,356xx,AL,5 years,0.0
10000.0,2016-07-19,debt_consolidation,,9.46%,967xx,HI,< 1 year,0.0
25000.0,2016-07-19,credit_card,,52.1%,061xx,CT,5 years,0.0
6000.0,2016-07-19,debt_consolidation,,6.87%,018xx,MA,< 1 year,0.0
35000.0,2016-07-20,credit_card,,60.97%,541xx,WI,5 years,0.0
3000.0,2016-07-20,other,,14.51%,905xx,CA,< 1 year,0.0
24000.0,2016-07-20,debt_consolidation,,39.41%,718xx,AR,< 1 year,0.0
1000.0,2016-07-20,debt_consolidation,,-1%,333xx,FL,< 1 year,0.0
6000.0,2016-07-21,debt_consolidation,,53.65%,729xx,AR,< 1 year,0.0
3000.0,2016-07-21,home_improvement,,0%,028xx,RI,,0.0
12000.0,2016-07-21,debt_consolidation,,66.02%,782xx,TX,< 1 year,0.0
12000.0,2016-07-21,home_improvement,,30.08%,448xx,OH,< 1 year,0.0
24000.0,2016-07-21,other,,0%,927xx,CA,5 years,0.0
1000.0,2016-07-21,other,,22.11%,760xx,TX,5 years,0.0
7000.0,2016-07-22,debt_consolidation,,38.32%,303xx,GA,5 years,0.0
3000.0,2016-07-22,major_purchase,,13.35%,926xx,CA,< 1 year,0.0
5500.0,2016-07-22,other,,85.8%,638xx,MO,,0.0
10000.0,2016-07-22,home_improvement,,0%,027xx,MA,< 1 year,0.0
3800.0,2016-07-22,medical,,-1%,787xx,TX,< 1 year,0.0
1000.0,2016-07-23,debt_consolidation,,1.6%,276xx,NC,5 years,0.0
10000.0,2016-07-23,Credit card refinancing,,16.8%,920xx,CA,,0.0
9500.0,2016-07-23,home_improvement,,51.01%,757xx,TX,< 1 year,0.0
3000.0,2016-07-23,other,,0%,073xx,NJ,< 1 year,0.0
2500.0,2016-07-23,debt_consolidation,,13.21%,200xx,DC,< 1 year,0.0
18000.0,2016-07-24,car,,20.33%,415xx,KY,7 years,0.0
5000.0,2016-07-25,credit_card,,8.16%,921xx,CA,< 1 year,0.0
1000.0,2016-07-25,debt_consolidation,,0.69%,200xx,DC,< 1 year,0.0
20000.0,2016-07-25,debt_consolidation,,54.74%,303xx,GA,,0.0
3000.0,2016-07-25,moving,,27.13%,368xx,AL,< 1 year,0.0
5000.0,2016-07-25,debt_consolidation,,8.26%,981xx,WA,< 1 year,0.0
7500.0,2016-07-25,small_business,,0%,530xx,WI,5 years,0.0
30000.0,2016-07-25,debt_consolidation,,36.8%,396xx,MS,< 1 year,0.0
5000.0,2016-07-25,debt_consolidation,,27.35%,293xx,SC,< 1 year,0.0
1000.0,2016-07-25,debt_consolidation,,23.75%,221xx,VA,< 1 year,0.0
40000.0,2016-07-25,debt_consolidation,,26.18%,207xx,MD,< 1 year,0.0
10000.0,2016-07-25,other,,6.45%,760xx,TX,< 1 year,0.0
25000.0,2016-07-26,debt_consolidation,,45.23%,796xx,TX,5 years,0.0
5000.0,2016-07-26,debt_consolidation,,42.59%,482xx,MI,< 1 year,0.0
5000.0,2016-07-26,home_improvement,,37.33%,923xx,CA,< 1 year,0.0
3000.0,2016-07-26,Other,,34.96%,926xx,CA,,0.0
35000.0,2016-07-26,debt_consolidation,,28.66%,600xx,IL,5 years,0.0
30000.0,2016-07-27,credit_card,,38.23%,121xx,NY,5 years,0.0
2000.0,2016-07-27,medical,,9.7%,170xx,PA,5 years,0.0
10000.0,2016-07-27,debt_consolidation,,5.09%,707xx,LA,< 1 year,0.0
12000.0,2016-07-27,credit_card,,25.31%,479xx,IN,< 1 year,0.0
3000.0,2016-07-27,debt_consolidation,,1.89%,919xx,CA,< 1 year,0.0
10000.0,2016-07-27,debt_consolidation,,28.16%,114xx,NY,< 1 year,0.0
6125.0,2016-07-27,credit_card,,9.85%,488xx,MI,5 years,0.0
30000.0,2016-07-28,debt_consolidation,,0.6%,344xx,FL,5 years,0.0
5000.0,2016-07-28,credit_card,,36.57%,087xx,NJ,5 years,0.0
20000.0,2016-07-28,credit_card,,36.88%,764xx,TX,< 1 year,0.0
5000.0,2016-07-28,credit_card,615.0,22.28%,770xx,TX,< 1 year,0.0
27000.0,2016-07-28,credit_card,680.0,9999%,325xx,FL,< 1 year,0.0
5000.0,2016-07-28,medical,,24.28%,637xx,MO,< 1 year,0.0
5000.0,2016-07-28,debt_consolidation,,6.71%,082xx,NJ,< 1 year,0.0
22000.0,2016-07-28,debt_consolidation,,39.53%,177xx,PA,< 1 year,0.0
2000.0,2016-07-28,Major purchase,,28.42%,891xx,NV,,0.0
20000.0,2016-07-29,debt_consolidation,,24.93%,430xx,OH,< 1 year,0.0
15000.0,2016-07-29,debt_consolidation,,41.95%,328xx,FL,< 1 year,0.0
30000.0,2016-07-29,credit_card,,48.68%,430xx,OH,< 1 year,0.0
40000.0,2016-07-30,Debt consolidation,,21.87%,331xx,FL,5 years,0.0
15000.0,2016-07-30,small_business,,23.94%,088xx,NJ,< 1 year,0.0
25000.0,2016-07-31,debt_consolidation,,41.66%,925xx,CA,< 1 year,0.0
15000.0,2016-08-01,debt_consolidation,,1.69%,774xx,TX,< 1 year,0.0
10000.0,2016-08-01,Credit card refinancing,,33.68%,331xx,FL,9 years,0.0
8100.0,2016-08-01,debt_consolidation,,15.84%,601xx,IL,< 1 year,0.0
11000.0,2016-08-02,debt_consolidation,,15.31%,069xx,CT,< 1 year,0.0
4000.0,2016-08-02,credit_card,,0%,863xx,AZ,< 1 year,0.0
1000.0,2016-08-02,other,,24.54%,797xx,TX,,0.0
1000.0,2016-08-03,medical,,26.98%,370xx,TN,< 1 year,0.0
5000.0,2016-08-03,home_improvement,,-1%,365xx,AL,5 years,0.0
7500.0,2016-08-03,debt_consolidation,,32.52%,370xx,TN,< 1 year,0.0
1000.0,2016-08-03,other,,25.09%,288xx,NC,< 1 year,0.0
15000.0,2016-08-03,debt_consolidation,626.0,56.36%,800xx,CO,< 1 year,0.0
15000.0,2016-08-04,debt_consolidation,,61.82%,770xx,TX,< 1 year,0.0
1500.0,2016-08-04,car,,0%,760xx,TX,5 years,0.0
10000.0,2016-08-04,credit_card,,27.78%,752xx,TX,< 1 year,0.0
15000.0,2016-08-04,Debt consolidation,,7.23%,923xx,CA,10+ years,0.0
20000.0,2016-08-04,other,,0.34%,335xx,FL,< 1 year,0.0
5000.0,2016-08-04,debt_consolidation,,34.68%,377xx,TN,< 1 year,0.0
3000.0,2016-08-05,debt_consolidation,538.0,0%,352xx,AL,< 1 year,0.0
5500.0,2016-08-05,vacation,,17.84%,981xx,WA,< 1 year,0.0
3000.0,2016-08-05,debt_consolidation,,11.77%,946xx,CA,5 years,0.0
5000.0,2016-08-05,debt_consolidation,,30.18%,919xx,CA,5 years,0.0
10000.0,2016-08-05,Major purchase,,6.15%,932xx,CA,10+ years,0.0
10000.0,2016-08-05,debt_consolidation,,4.02%,967xx,HI,< 1 year,0.0
5000.0,2016-08-06,major_purchase,,0%,467xx,IN,< 1 year,0.0
7000.0,2016-08-06,other,,0%,279xx,NC,< 1 year,0.0
18000.0,2016-08-06,debt_consolidation,,40.48%,841xx,UT,< 1 year,0.0
20000.0,2016-08-06,credit_card,,25.01%,021xx,MA,< 1 year,0.0
3000.0,2016-08-06,debt_consolidation,,26.21%,907xx,CA,< 1 year,0.0
10000.0,2016-08-07,credit_card,,-1%,836xx,ID,5 years,0.0
5000.0,2016-08-08,other,,22.86%,920xx,CA,< 1 year,0.0
35000.0,2016-08-08,home_improvement,,2.38%,641xx,MO,5 years,0.0
9000.0,2016-08-08,small_business,,0.1%,112xx,NY,< 1 year,0.0
30000.0,2016-08-08,major_purchase,,1.32%,201xx,VA,< 1 year,0.0
10000.0,2016-08-08,debt_consolidation,,14.8%,766xx,TX,< 1 year,0.0
4000.0,2016-08-08,credit_card,,2.45%,560xx,MN,< 1 year,0.0
5000.0,2016-08-08,other,,0%,631xx,MO,< 1 year,0.0
15000.0,2016-08-08,debt_consolidation,,15.86%,481xx,MI,< 1 year,0.0
8000.0,2016-08-08,debt_consolidation,,29.73%,972xx,OR,< 1 year,0.0
4000.0,2016-08-09,debt_consolidation,,9.43%,170xx,PA,< 1 year,0.0
4000.0,2016-08-09,credit_card,,25.16%,379xx,TN,< 1 year,0.0
40000.0,2016-08-09,home_improvement,661.0,31.58%,106xx,NY,< 1 year,0.0
16000.0,2016-08-09,credit_card,,5.18%,283xx,NC,< 1 year,0.0
6000.0,2016-08-09,other,,26.8%,665xx,KS,< 1 year,0.0
30000.0,2016-08-09,debt_consolidation,,58.28%,750xx,TX,< 1 year,0.0
1000.0,2016-08-09,other,,3.86%,308xx,GA,< 1 year,0.0
40000.0,2016-08-09,debt_consolidation,,19.56%,539xx,WI,< 1 year,0.0
2500.0,2016-08-09,credit_card,,6.56%,112xx,NY,5 years,0.0
8000.0,2016-08-09,debt_consolidation,,13.19%,900xx,CA,< 1 year,0.0
10000.0,2016-08-09,debt_consolidation,,17.1%,371xx,TN,< 1 year,0.0
25000.0,2016-08-09,debt_consolidation,,20.99%,227xx,VA,5 years,0.0
2500.0,2016-08-09,debt_consolidation,,16.42%,458xx,OH,< 1 year,0.0
20000.0,2016-08-10,debt_consolidation,,35.57%,755xx,TX,< 1 year,0.0
4000.0,2016-08-10,debt_consolidation,,9.29%,327xx,FL,< 1 year,0.0
10000.0,2016-08-11,debt_consolidation,,35.33%,773xx,TX,< 1 year,0.0
5000.0,2016-08-11,home_improvement,,22.03%,604xx,IL,< 1 year,0.0
4850.0,2016-08-11,other,,39.76%,070xx,NJ,5 years,0.0
20000.0,2016-08-11,debt_consolidation,,23.86%,932xx,CA,5 years,0.0
3000.0,2016-08-11,debt_consolidation,,0%,606xx,IL,< 1 year,0.0
5000.0,2016-08-11,other,,9.86%,622xx,IL,5 years,0.0
9000.0,2016-08-11,other,,23.38%,765xx,TX,5 years,0.0
6000.0,2016-08-11,debt_consolidation,,12.88%,373xx,TN,< 1 year,0.0
40000.0,2016-08-11,debt_consolidation,,88.76%,604xx,IL,< 1 year,0.0
2000.0,2016-08-11,debt_consolidation,,139%,281xx,NC,< 1 year,0.0
15000.0,2016-08-12,debt_consolidation,,113.24%,469xx,IN,< 1 year,0.0
5000.0,2016-08-12,Business Loan,,-1%,300xx,GA,< 1 year,0.0
10000.0,2016-08-13,major_purchase,,9999%,330xx,FL,< 1 year,0.0
2000.0,2016-08-14,other,,9.24%,336xx,FL,< 1 year,0.0
10000.0,2016-08-14,medical,,0%,072xx,NJ,,0.0
3000.0,2016-08-15,small_business,,0%,294xx,SC,< 1 year,0.0
5000.0,2016-08-15,debt_consolidation,,18.39%,657xx,MO,< 1 year,0.0
7000.0,2016-08-15,car,,16.25%,465xx,IN,< 1 year,0.0
2500.0,2016-08-16,debt_consolidation,,44.29%,031xx,NH,< 1 year,0.0
2000.0,2016-08-16,debt_consolidation,,54.43%,070xx,NJ,< 1 year,0.0
30000.0,2016-08-16,debt_consolidation,619.0,111.88%,652xx,MO,< 1 year,0.0
12000.0,2016-08-16,Credit card refinancing,,20.07%,310xx,GA,10+ years,0.0
1600.0,2016-08-16,debt_consolidation,563.0,1.47%,112xx,NY,< 1 year,0.0
11325.0,2016-08-16,car,,32.8%,799xx,TX,< 1 year,0.0
6000.0,2016-08-16,medical,,10.5%,773xx,TX,5 years,0.0
5000.0,2016-08-16,other,,2.97%,123xx,NY,5 years,0.0
5000.0,2016-08-16,debt_consolidation,,68.17%,323xx,FL,< 1 year,0.0
8000.0,2016-08-16,debt_consolidation,,31.79%,309xx,GA,< 1 year,0.0
5000.0,2016-08-16,debt_consolidation,,26.59%,735xx,OK,< 1 year,0.0
7500.0,2016-08-17,debt_consolidation,,45.92%,850xx,AZ,< 1 year,0.0
5000.0,2016-08-17,debt_consolidation,,37.32%,190xx,PA,< 1 year,0.0
10000.0,2016-08-17,debt_consolidation,,20.58%,082xx,NJ,< 1 year,0.0
20000.0,2016-08-17,debt_consolidation,,20.39%,953xx,CA,< 1 year,0.0
5000.0,2016-08-17,debt_consolidation,,9.91%,112xx,NY,< 1 year,0.0
16000.0,2016-08-18,debt_consolidation,,31.61%,720xx,AR,< 1 year,0.0
5000.0,2016-08-18,credit_card,,39.44%,193xx,PA,< 1 year,0.0
40000.0,2016-08-18,Debt consolidation,,9.49%,761xx,TX,1 year,0.0
20000.0,2016-08-19,debt_consolidation,,34.25%,200xx,DC,< 1 year,0.0
30000.0,2016-08-19,debt_consolidation,,49.39%,190xx,PA,< 1 year,0.0
16000.0,2016-08-19,debt_consolidation,,21.6%,334xx,FL,< 1 year,0.0
10000.0,2016-08-19,debt_consolidation,,9.18%,446xx,OH,< 1 year,0.0
35000.0,2016-08-19,debt_consolidation,,38.37%,114xx,NY,< 1 year,0.0
10000.0,2016-08-19,debt_consolidation,,15.59%,132xx,NY,< 1 year,0.0
35000.0,2016-08-20,house,,8.31%,381xx,TN,5 years,0.0
10000.0,2016-08-20,medical,,4.05%,211xx,MD,5 years,0.0
20000.0,2016-08-20,major_purchase,,12.51%,799xx,TX,< 1 year,0.0
20000.0,2016-08-20,debt_consolidation,,35.08%,700xx,LA,< 1 year,0.0
5000.0,2016-08-21,credit_card,,15.1%,730xx,OK,5 years,0.0
4000.0,2016-08-21,home_improvement,,5.74%,284xx,NC,< 1 year,0.0
6000.0,2016-08-22,home_improvement,,19.65%,234xx,VA,5 years,0.0
20000.0,2016-08-22,debt_consolidation,,21.68%,921xx,CA,< 1 year,0.0
15000.0,2016-08-22,debt_consolidation,,21.08%,596xx,MT,5 years,0.0
15000.0,2016-08-22,debt_consolidation,,24.12%,852xx,AZ,< 1 year,0.0
25000.0,2016-08-22,debt_consolidation,,40%,304xx,GA,< 1 year,0.0
35000.0,2016-08-23,debt_consolidation,,54.5%,073xx,NJ,< 1 year,0.0
4000.0,2016-08-23,medical,,8.98%,436xx,OH,5 years,0.0
10000.0,2016-08-24,debt_consolidation,,51.96%,275xx,NC,< 1 year,0.0
15000.0,2016-08-24,Debt consolidation,,11.95%,275xx,NC,10+ years,0.0
10000.0,2016-08-24,debt_consolidation,616.0,22%,851xx,AZ,< 1 year,0.0
10000.0,2016-08-24,debt_consolidation,626.0,18.77%,970xx,OR,< 1 year,0.0
5000.0,2016-08-24,debt_consolidation,616.0,40.89%,123xx,NY,< 1 year,0.0
5000.0,2016-08-24,major_purchase,,20.36%,402xx,KY,5 years,0.0
10000.0,2016-08-24,Debt consolidation,645.0,25.23%,983xx,WA,10+ years,0.0
40000.0,2016-08-25,house,661.0,0%,833xx,ID,< 1 year,0.0
3500.0,2016-08-25,medical,,16.46%,956xx,CA,< 1 year,0.0
1000.0,2016-08-26,other,501.0,12.07%,114xx,NY,< 1 year,0.0
14000.0,2016-08-26,debt_consolidation,,56.8%,840xx,UT,5 years,0.0
20000.0,2016-08-26,debt_consolidation,,25.63%,917xx,CA,< 1 year,0.0
1000.0,2016-08-26,medical,,4.84%,458xx,OH,< 1 year,0.0
8000.0,2016-08-26,other,,35.08%,755xx,TX,5 years,0.0
10000.0,2016-08-26,Debt consolidation,,5.42%,113xx,NY,10+ years,0.0
35000.0,2016-08-27,house,,41.84%,975xx,OR,,0.0
5000.0,2016-08-27,other,,30.28%,633xx,MO,< 1 year,0.0
20000.0,2016-08-28,car,,63.04%,275xx,NC,5 years,0.0
20000.0,2016-08-28,major_purchase,,1%,785xx,TX,5 years,0.0
10000.0,2016-08-28,debt_consolidation,,5.93%,778xx,TX,< 1 year,0.0
10000.0,2016-08-29,debt_consolidation,,22.41%,165xx,PA,< 1 year,0.0
30000.0,2016-08-29,debt_consolidation,,14.6%,010xx,MA,< 1 year,0.0
3000.0,2016-08-29,vacation,,54.72%,782xx,TX,,0.0
5000.0,2016-08-29,other,,49.59%,860xx,AZ,< 1 year,0.0
30000.0,2016-08-29,debt_consolidation,,22.96%,349xx,FL,< 1 year,0.0
5000.0,2016-08-29,debt_consolidation,,11.38%,075xx,NJ,< 1 year,0.0
18000.0,2016-08-29,debt_consolidation,689.0,18.87%,333xx,FL,< 1 year,0.0
20000.0,2016-08-30,debt_consolidation,578.0,83.95%,776xx,TX,< 1 year,0.0
15000.0,2016-08-30,debt_consolidation,,18.96%,785xx,TX,< 1 year,0.0
1500.0,2016-08-30,home_improvement,,30.4%,410xx,KY,< 1 year,0.0
10000.0,2016-08-30,home_improvement,,34.12%,613xx,IL,< 1 year,0.0
10000.0,2016-08-30,credit_card,,-1%,104xx,NY,< 1 year,0.0
5000.0,2016-08-30,debt_consolidation,,29.37%,706xx,LA,< 1 year,0.0
30000.0,2016-08-31,debt_consolidation,,66.46%,333xx,FL,< 1 year,0.0
10000.0,2016-08-31,debt_consolidation,637.0,33.88%,450xx,OH,< 1 year,0.0
6000.0,2016-08-31,debt_consolidation,,35.41%,140xx,NY,< 1 year,0.0
4000.0,2016-08-31,credit_card,704.0,39.65%,083xx,NJ,< 1 year,0.0
10000.0,2016-08-31,credit_card,,17.24%,407xx,KY,< 1 year,0.0
15000.0,2016-08-31,debt_consolidation,696.0,39.68%,910xx,CA,< 1 year,0.0
6000.0,2016-08-31,car,,-1%,921xx,CA,5 years,0.0
4000.0,2016-09-01,other,,0%,182xx,PA,5 years,0.0
13000.0,2016-09-01,debt_consolidation,,18.63%,356xx,AL,< 1 year,0.0
8000.0,2016-09-01,debt_consolidation,,31.89%,231xx,VA,< 1 year,0.0
1000.0,2016-09-01,other,,19.37%,782xx,TX,< 1 year,0.0
1025.0,2016-09-01,other,643.0,18.47%,581xx,ND,< 1 year,0.0
16000.0,2016-09-01,major_purchase,,1.56%,206xx,MD,5 years,0.0
14000.0,2016-09-01,debt_consolidation,,26.04%,156xx,PA,< 1 year,0.0
40000.0,2016-09-01,debt_consolidation,,23.81%,900xx,CA,< 1 year,0.0
3000.0,2016-09-01,debt_consolidation,,14.79%,708xx,LA,5 years,0.0
14000.0,2016-09-01,home_improvement,628.0,13.63%,193xx,PA,< 1 year,0.0
5000.0,2016-09-01,debt_consolidation,574.0,33.39%,727xx,AR,< 1 year,0.0
25000.0,2016-09-01,car,,16.62%,750xx,TX,5 years,0.0
10000.0,2016-09-01,debt_consolidation,,35.98%,285xx,NC,< 1 year,0.0
10000.0,2016-09-01,debt_consolidation,,36.07%,319xx,GA,< 1 year,0.0
1500.0,2016-09-01,other,,234.73%,274xx,NC,< 1 year,0.0
10000.0,2016-09-01,debt_consolidation,,32.26%,605xx,IL,< 1 year,0.0
40000.0,2016-09-01,small_business,663.0,15.47%,890xx,NV,< 1 year,0.0
5000.0,2016-09-01,debt_consolidation,,-1%,456xx,OH,,0.0
20000.0,2016-09-02,debt_consolidation,,53%,471xx,IN,< 1 year,0.0
5000.0,2016-09-02,other,,48.87%,015xx,MA,< 1 year,0.0
15000.0,2016-09-03,debt_consolidation,,35.19%,945xx,CA,< 1 year,0.0
1000.0,2016-09-03,debt_consolidation,,1.5%,113xx,NY,5 years,0.0
20000.0,2016-09-03,debt_consolidation,696.0,11.38%,802xx,CO,< 1 year,0.0
20000.0,2016-09-04,debt_consolidation,,14.36%,077xx,NJ,5 years,0.0
10000.0,2016-09-04,credit_card,,24.17%,325xx,FL,5 years,0.0
3000.0,2016-09-04,car,,106.91%,300xx,GA,< 1 year,0.0
1000.0,2016-09-05,other,,32.59%,794xx,TX,,0.0
7000.0,2016-09-05,debt_consolidation,,43.52%,292xx,SC,< 1 year,0.0
10000.0,2016-09-05,debt_consolidation,608.0,6.05%,905xx,CA,< 1 year,0.0
10000.0,2016-09-05,medical,,1.93%,793xx,TX,,0.0
4000.0,2016-09-05,other,,-1%,625xx,IL,< 1 year,0.0
12000.0,2016-09-05,other,,22.37%,480xx,MI,< 1 year,0.0
10000.0,2016-09-06,debt_consolidation,,23.05%,305xx,GA,< 1 year,0.0
2000.0,2016-09-06,debt_consolidation,,22.08%,296xx,SC,< 1 year,0.0
1200.0,2016-09-06,other,,19.1%,630xx,MO,< 1 year,0.0
40000.0,2016-09-06,debt_consolidation,,65.16%,913xx,CA,< 1 year,0.0
20000.0,2016-09-06,credit_card,,45.14%,124xx,NY,< 1 year,0.0
3000.0,2016-09-06,debt_consolidation,532.0,28.14%,951xx,CA,< 1 year,0.0
15000.0,2016-09-06,medical,,13.84%,945xx,CA,5 years,0.0
20000.0,2016-09-06,small_business,,17.54%,275xx,NC,< 1 year,0.0
40000.0,2016-09-06,debt_consolidation,650.0,9.52%,891xx,NV,2 years,0.0
22000.0,2016-09-06,debt_consolidation,,296.89%,070xx,NJ,< 1 year,0.0
8000.0,2016-09-06,debt_consolidation,,39.04%,113xx,NY,5 years,0.0
3000.0,2016-09-06,moving,,4.98%,405xx,KY,5 years,0.0
5000.0,2016-09-07,debt_consolidation,501.0,17.14%,604xx,IL,< 1 year,0.0
15000.0,2016-09-07,debt_consolidation,,23.25%,136xx,NY,5 years,0.0
15000.0,2016-09-07,major_purchase,,22.73%,148xx,NY,< 1 year,0.0
20000.0,2016-09-07,Debt consolidation,648.0,47.63%,724xx,AR,< 1 year,0.0
16000.0,2016-09-07,other,,22.75%,591xx,MT,10+ years,0.0
11000.0,2016-09-08,debt_consolidation,,12.34%,457xx,OH,< 1 year,0.0
7000.0,2016-09-08,Debt consolidation,595.0,10.02%,105xx,NY,< 1 year,0.0
10000.0,2016-09-08,debt_consolidation,,19.03%,283xx,NC,< 1 year,0.0
2000.0,2016-09-08,Medical expenses,515.0,16.03%,195xx,PA,< 1 year,0.0
5000.0,2016-09-08,home_improvement,,43.25%,360xx,AL,< 1 year,0.0
40000.0,2016-09-08,debt_consolidation,,26.14%,302xx,GA,< 1 year,0.0
10000.0,2016-09-09,small_business,,0.35%,802xx,CO,5 years,0.0
35000.0,2016-09-09,debt_consolidation,,21.78%,201xx,VA,5 years,0.0
1000.0,2016-09-09,other,,450.4%,770xx,TX,< 1 year,0.0
2000.0,2016-09-12,debt_consolidation,,32.2%,770xx,TX,< 1 year,0.0
17000.0,2016-09-12,debt_consolidation,,29.04%,012xx,MA,< 1 year,0.0
30000.0,2016-09-12,Credit card refinancing,650.0,38.58%,988xx,WA,< 1 year,0.0
1000.0,2016-09-12,other,,25.98%,112xx,NY,< 1 year,0.0
1000.0,2016-09-12,Other,553.0,0.83%,303xx,GA,< 1 year,0.0
15000.0,2016-09-12,Home improvement,606.0,42.18%,782xx,TX,< 1 year,0.0
20000.0,2016-09-12,debt_consolidation,,43.06%,453xx,OH,< 1 year,0.0
10000.0,2016-09-12,home_improvement,,34.01%,214xx,MD,< 1 year,0.0
5000.0,2016-09-12,debt_consolidation,,16.18%,752xx,TX,< 1 year,0.0
3000.0,2016-09-12,Medical expenses,706.0,2.06%,073xx,NJ,< 1 year,0.0
15000.0,2016-09-13,debt_consolidation,,57.67%,297xx,SC,5 years,0.0
5000.0,2016-09-13,debt_consolidation,,29.74%,471xx,IN,< 1 year,0.0
6000.0,2016-09-13,debt_consolidation,,42.15%,781xx,TX,< 1 year,0.0
8000.0,2016-09-13,other,,4.62%,283xx,NC,5 years,0.0
17000.0,2016-09-13,debt_consolidation,,20.49%,800xx,CO,< 1 year,0.0
7000.0,2016-09-13,Debt consolidation,685.0,28.05%,931xx,CA,9 years,0.0
4000.0,2016-09-13,debt_consolidation,,12.17%,967xx,HI,< 1 year,0.0
1000.0,2016-09-13,major_purchase,,-1%,636xx,MO,< 1 year,0.0
5000.0,2016-09-14,Home improvement,607.0,50.34%,782xx,TX,< 1 year,0.0
10000.0,2016-09-14,debt_consolidation,,63.99%,473xx,IN,< 1 year,0.0
2000.0,2016-09-14,moving,,4.41%,934xx,CA,< 1 year,0.0
1000.0,2016-09-14,other,566.0,5.03%,071xx,NJ,< 1 year,0.0
250000.0,2016-09-14,Business Loan,,-1%,784xx,TX,< 1 year,0.0
16000.0,2016-09-14,debt_consolidation,,34.28%,187xx,PA,< 1 year,0.0
15000.0,2016-09-14,Other,608.0,19.44%,112xx,NY,< 1 year,0.0
30000.0,2016-09-15,Debt consolidation,724.0,54.67%,474xx,IN,< 1 year,0.0
40000.0,2016-09-15,debt_consolidation,,29.1%,958xx,CA,< 1 year,0.0
7500.0,2016-09-15,car,,48.91%,705xx,LA,5 years,0.0
2000.0,2016-09-15,debt_consolidation,598.0,15.97%,917xx,CA,< 1 year,0.0
27000.0,2016-09-15,house,,12.57%,386xx,MS,5 years,0.0
4000.0,2016-09-15,moving,,20.33%,967xx,HI,5 years,0.0
3000.0,2016-09-15,Other,586.0,29.14%,916xx,CA,< 1 year,0.0
40000.0,2016-09-15,debt_consolidation,,25.77%,882xx,NM,< 1 year,0.0
5000.0,2016-09-15,other,,14.41%,795xx,TX,< 1 year,0.0
5000.0,2016-09-15,medical,,11.19%,790xx,TX,5 years,0.0
10000.0,2016-09-15,credit_card,,36.73%,390xx,MS,5 years,0.0
35000.0,2016-09-16,debt_consolidation,,38.77%,366xx,AL,< 1 year,0.0
35000.0,2016-09-16,car,,16.63%,750xx,TX,< 1 year,0.0
15000.0,2016-09-16,debt_consolidation,,2796.18%,297xx,SC,< 1 year,0.0
30000.0,2016-09-17,debt_consolidation,,33.03%,452xx,OH,< 1 year,0.0
1200.0,2016-09-17,other,,0%,287xx,NC,,0.0
5000.0,2016-09-17,Debt consolidation,514.0,19.38%,482xx,MI,< 1 year,0.0
1500.0,2016-09-17,other,,35.23%,480xx,MI,5 years,0.0
2000.0,2016-09-18,debt_consolidation,,30.14%,282xx,NC,< 1 year,0.0
15000.0,2016-09-20,medical,,4.88%,334xx,FL,< 1 year,0.0
8500.0,2016-09-20,Debt consolidation,639.0,22.37%,302xx,GA,< 1 year,0.0
2000.0,2016-09-20,other,,-1%,360xx,AL,,0.0
8000.0,2016-09-20,debt_consolidation,644.0,62.2%,373xx,TN,< 1 year,0.0
40000.0,2016-09-20,debt_consolidation,,18.47%,852xx,AZ,< 1 year,0.0
1000.0,2016-09-20,Other,618.0,16.43%,864xx,AZ,< 1 year,0.0
5000.0,2016-09-20,Vacation,565.0,31.45%,331xx,FL,< 1 year,0.0
10000.0,2016-09-21,Car financing,631.0,9.03%,405xx,KY,< 1 year,0.0
5000.0,2016-09-21,Debt consolidation,589.0,25.29%,298xx,SC,< 1 year,0.0
6000.0,2016-09-21,Credit card refinancing,650.0,31.77%,032xx,NH,< 1 year,0.0
5000.0,2016-09-21,major_purchase,,474.12%,712xx,LA,5 years,0.0
25000.0,2016-09-21,home_improvement,,27.95%,749xx,OK,< 1 year,0.0
40000.0,2016-09-21,small_business,,4.48%,891xx,NV,< 1 year,0.0
10000.0,2016-09-22,other,,0.34%,104xx,NY,< 1 year,0.0
15000.0,2016-09-22,home_improvement,,37.63%,575xx,SD,< 1 year,0.0
18500.0,2016-09-22,debt_consolidation,,32.18%,863xx,AZ,< 1 year,0.0
10000.0,2016-09-22,Debt consolidation,,24.22%,308xx,GA,3 years,0.0
25000.0,2016-09-22,Debt consolidation,523.0,22.29%,162xx,PA,< 1 year,0.0
7000.0,2016-09-22,major_purchase,,17.28%,430xx,OH,5 years,0.0
13750.0,2016-09-23,other,,22.89%,906xx,CA,5 years,0.0
3500.0,2016-09-23,Car financing,496.0,1.1%,141xx,NY,< 1 year,0.0
4400.0,2016-09-23,Debt consolidation,596.0,14.56%,232xx,VA,< 1 year,0.0
8500.0,2016-09-23,other,,29.01%,064xx,CT,< 1 year,0.0
10000.0,2016-09-23,debt_consolidation,,13.32%,241xx,VA,5 years,0.0
10000.0,2016-09-23,Credit card refinancing,657.0,4.04%,112xx,NY,< 1 year,0.0
2500.0,2016-09-24,credit_card,,1.44%,029xx,RI,5 years,0.0
10000.0,2016-09-25,other,,0%,060xx,CT,< 1 year,0.0
10000.0,2016-09-25,debt_consolidation,,14.34%,188xx,PA,,0.0
30000.0,2016-09-25,debt_consolidation,,18.42%,100xx,NY,< 1 year,0.0
9000.0,2016-09-26,Debt consolidation,632.0,59.89%,210xx,MD,< 1 year,0.0
15000.0,2016-09-26,Moving and relocation,,100%,334xx,FL,< 1 year,0.0
7000.0,2016-09-26,house,,14.88%,386xx,MS,5 years,0.0
2000.0,2016-09-26,other,,-1%,212xx,MD,5 years,0.0
5000.0,2016-09-26,small_business,,4.34%,282xx,NC,< 1 year,0.0
5000.0,2016-09-26,Home buying,,100%,210xx,MD,< 1 year,0.0
40000.0,2016-09-26,moving,,14.34%,983xx,WA,< 1 year,0.0
6000.0,2016-09-26,major_purchase,,1.62%,163xx,PA,5 years,0.0
10000.0,2016-09-26,Debt consolidation,651.0,14.91%,018xx,MA,< 1 year,0.0
26100.0,2016-09-26,Debt consolidation,618.0,16.18%,344xx,FL,< 1 year,0.0
35000.0,2016-09-26,debt_consolidation,,33.72%,070xx,NJ,5 years,0.0
1000.0,2016-09-27,Other,501.0,134.81%,778xx,TX,< 1 year,0.0
3000.0,2016-09-27,Debt consolidation,759.0,3.2%,100xx,NY,< 1 year,0.0
4000.0,2016-09-27,vacation,592.0,0%,775xx,TX,< 1 year,0.0
40000.0,2016-09-27,debt_consolidation,,55.77%,244xx,VA,< 1 year,0.0
15000.0,2016-09-27,credit_card,,29.7%,331xx,FL,5 years,0.0
5000.0,2016-09-27,Debt consolidation,581.0,50.53%,662xx,KS,< 1 year,0.0
30000.0,2016-09-27,Credit card refinancing,630.0,47.54%,331xx,FL,< 1 year,0.0
20000.0,2016-09-27,small_business,,6.87%,112xx,NY,5 years,0.0
1500.0,2016-09-27,small_business,,15.81%,928xx,CA,< 1 year,0.0
8000.0,2016-09-27,car,,3.19%,713xx,LA,< 1 year,0.0
5900.0,2016-09-27,debt_consolidation,,41.75%,559xx,MN,< 1 year,0.0
35000.0,2016-09-27,house,,38.49%,280xx,NC,5 years,0.0
18000.0,2016-09-27,car,,15.96%,021xx,MA,< 1 year,0.0
8500.0,2016-09-28,debt_consolidation,,21.02%,603xx,IL,5 years,0.0
5000.0,2016-09-28,Business,,22.9%,937xx,CA,9 years,0.0
5000.0,2016-09-28,Debt consolidation,612.0,24.34%,785xx,TX,< 1 year,0.0
15000.0,2016-09-28,Credit card refinancing,653.0,46.94%,726xx,AR,< 1 year,0.0
40000.0,2016-09-28,debt_consolidation,,35.74%,914xx,CA,< 1 year,0.0
4000.0,2016-09-28,Debt consolidation,629.0,31.55%,757xx,TX,< 1 year,0.0
10000.0,2016-09-28,debt_consolidation,,39.8%,373xx,TN,5 years,0.0
4500.0,2016-09-29,Home improvement,,7.4%,152xx,PA,10+ years,0.0
2500.0,2016-09-29,moving,,7.55%,480xx,MI,< 1 year,0.0
7000.0,2016-09-29,other,,22.47%,550xx,MN,< 1 year,0.0
10000.0,2016-09-29,credit_card,,33.11%,640xx,MO,5 years,0.0
10000.0,2016-09-29,Other,641.0,22.4%,421xx,KY,< 1 year,0.0
40000.0,2016-09-30,Debt consolidation,653.0,13.17%,913xx,CA,< 1 year,0.0
1000.0,2016-09-30,vacation,,1.06%,393xx,MS,< 1 year,0.0
15000.0,2016-09-30,debt_consolidation,,30.93%,900xx,CA,< 1 year,0.0
1000.0,2016-09-30,other,,-1%,553xx,MN,< 1 year,0.0
5000.0,2016-09-30,credit_card,,16.15%,920xx,CA,< 1 year,0.0
5500.0,2017-01-01,Credit card refinancing,671.0,14.14%,701xx,LA,10+ years,0.0
10000.0,2017-01-01,debt_consolidation,,21.62%,970xx,OR,< 1 year,0.0
15000.0,2017-01-01,moving,,-1%,395xx,MS,5 years,0.0
16000.0,2017-01-02,Debt consolidation,,23.53%,465xx,IN,7 years,0.0
2000.0,2017-01-02,debt_consolidation,,-1%,462xx,IN,5 years,0.0
20000.0,2017-01-02,major_purchase,,17.79%,017xx,MA,< 1 year,0.0
35000.0,2017-01-02,debt_consolidation,,48.36%,129xx,NY,5 years,0.0
15500.0,2017-01-02,Credit card refinancing,737.0,41.55%,333xx,FL,< 1 year,0.0
2000.0,2017-01-02,credit_card,,2%,114xx,NY,< 1 year,0.0
2500.0,2017-01-02,debt_consolidation,,28.48%,924xx,CA,5 years,0.0
40000.0,2017-01-03,home_improvement,,-1%,816xx,CO,< 1 year,0.0
40000.0,2017-01-03,Debt consolidation,685.0,38.5%,955xx,CA,< 1 year,0.0
5000.0,2017-01-03,medical,,0%,328xx,FL,< 1 year,0.0
30000.0,2017-01-03,Business Loan,,-1%,207xx,MD,< 1 year,0.0
1500.0,2017-01-03,Moving and relocation,586.0,36.01%,784xx,TX,< 1 year,0.0
25000.0,2017-01-03,debt_consolidation,,-1%,704xx,LA,< 1 year,0.0
1200.0,2017-01-03,Debt consolidation,611.0,52.61%,705xx,LA,< 1 year,0.0
17450.0,2017-01-03,Car financing,738.0,100%,932xx,CA,< 1 year,0.0
2500.0,2017-01-04,medical,,10.38%,166xx,PA,5 years,0.0
10000.0,2017-01-04,debt_consolidation,,6.17%,934xx,CA,5 years,0.0
5500.0,2017-01-04,debt_consolidation,,29.87%,629xx,IL,5 years,0.0
38000.0,2017-01-05,Debt consolidation,731.0,39.83%,129xx,NY,< 1 year,0.0
5000.0,2017-01-05,debt_consolidation,,25.73%,235xx,VA,< 1 year,0.0
25000.0,2017-01-05,Credit card refinancing,615.0,20.44%,951xx,CA,< 1 year,0.0
30000.0,2017-01-05,debt_consolidation,,-1%,307xx,GA,< 1 year,0.0
1000.0,2017-01-05,Other,628.0,130.87%,928xx,CA,< 1 year,0.0
15000.0,2017-01-05,Debt consolidation,647.0,17.62%,380xx,TN,< 1 year,0.0
35000.0,2017-01-05,other,,26.48%,952xx,CA,5 years,0.0
30000.0,2017-01-06,credit_card,,40.1%,945xx,CA,< 1 year,0.0
3500.0,2017-01-06,other,,16.2%,750xx,TX,5 years,0.0
35000.0,2017-01-06,Debt consolidation,535.0,36.64%,323xx,FL,< 1 year,0.0
21750.0,2017-01-06,credit_card,,55.96%,434xx,OH,5 years,0.0
10000.0,2017-01-06,Debt consolidation,,100%,128xx,NY,< 1 year,0.0
5000.0,2017-01-06,moving,,17.83%,925xx,CA,,0.0
20000.0,2017-01-06,Debt consolidation,628.0,31.72%,900xx,CA,< 1 year,0.0
1200.0,2017-01-07,Other,563.0,15.64%,853xx,AZ,< 1 year,0.0
5000.0,2017-01-07,Other,626.0,0.53%,551xx,MN,< 1 year,0.0
6100.0,2017-01-07,Other,580.0,52.46%,493xx,MI,< 1 year,0.0
8000.0,2017-01-07,Debt consolidation,682.0,43.4%,743xx,OK,< 1 year,0.0
6000.0,2017-01-07,other,,0%,959xx,CA,5 years,0.0
40000.0,2017-01-07,Business Loan,,-1%,335xx,FL,< 1 year,0.0
2500.0,2017-01-07,other,,36.93%,809xx,CO,5 years,0.0
5300.0,2017-01-08,Debt consolidation,651.0,36.58%,200xx,DC,< 1 year,0.0
9000.0,2017-01-08,credit_card,,-1%,452xx,OH,< 1 year,0.0
10000.0,2017-01-08,credit_card,,40.64%,984xx,WA,5 years,0.0
7000.0,2017-01-08,Credit card refinancing,551.0,13.02%,925xx,CA,< 1 year,0.0
7000.0,2017-01-08,other,,25.13%,462xx,IN,< 1 year,0.0
3500.0,2017-01-08,Debt consolidation,618.0,25.05%,840xx,UT,< 1 year,0.0
10000.0,2017-01-09,debt_consolidation,,34.33%,085xx,NJ,< 1 year,0.0
10000.0,2017-01-09,Debt consolidation,501.0,15.95%,303xx,GA,< 1 year,0.0
40000.0,2017-01-09,Car financing,742.0,21.02%,114xx,NY,< 1 year,0.0
10000.0,2017-01-09,Debt consolidation,572.0,24.47%,330xx,FL,< 1 year,0.0
3000.0,2017-01-09,Debt consolidation,593.0,34.04%,917xx,CA,< 1 year,0.0
10000.0,2017-01-09,debt_consolidation,,19.53%,912xx,CA,< 1 year,0.0
10000.0,2017-01-09,Debt consolidation,691.0,24.87%,955xx,CA,< 1 year,0.0
17500.0,2017-01-09,credit_card,,79.05%,604xx,IL,,0.0
20000.0,2017-01-09,Debt consolidation,501.0,26.96%,450xx,OH,< 1 year,0.0
12000.0,2017-01-09,Debt consolidation,,100%,988xx,WA,< 1 year,0.0
15000.0,2017-01-09,Debt consolidation,690.0,21887.5%,351xx,AL,< 1 year,0.0
2500.0,2017-01-10,other,,48.8%,924xx,CA,< 1 year,0.0
6500.0,2017-01-10,Debt consolidation,603.0,29%,061xx,CT,< 1 year,0.0
10000.0,2017-01-10,other,,0.33%,923xx,CA,5 years,0.0
9500.0,2017-01-11,debt_consolidation,,12.57%,462xx,IN,5 years,0.0
5000.0,2017-01-11,other,,83.41%,440xx,OH,5 years,0.0
5000.0,2017-01-11,debt_consolidation,,26.77%,287xx,NC,< 1 year,0.0
5400.0,2017-01-11,debt_consolidation,,40.13%,631xx,MO,,0.0
5000.0,2017-01-11,small_business,,-1%,075xx,NJ,5 years,0.0
40000.0,2017-01-12,Debt consolidation,683.0,14.88%,230xx,VA,< 1 year,0.0
7000.0,2017-01-12,debt_consolidation,,65.05%,913xx,CA,< 1 year,0.0
10000.0,2017-01-12,other,,12.86%,474xx,IN,5 years,0.0
10000.0,2017-01-13,Major purchase,666.0,20.58%,148xx,NY,< 1 year,0.0
15000.0,2017-01-13,small_business,,61.36%,328xx,FL,5 years,0.0
20000.0,2017-01-13,credit_card,,43.24%,028xx,RI,5 years,0.0
30000.0,2017-01-13,debt_consolidation,,37.38%,620xx,IL,< 1 year,0.0
3000.0,2017-01-13,medical,,10.43%,770xx,TX,< 1 year,0.0
19000.0,2017-01-14,car,,19.68%,082xx,NJ,5 years,0.0
20000.0,2017-01-14,Major purchase,682.0,8.63%,960xx,CA,< 1 year,0.0
15000.0,2017-01-14,other,,22.42%,919xx,CA,5 years,0.0
5000.0,2017-01-14,house,,13.59%,672xx,KS,5 years,0.0
40000.0,2017-01-14,Debt consolidation,668.0,36.56%,550xx,MN,< 1 year,0.0
35000.0,2017-01-14,debt_consolidation,,403.37%,923xx,CA,< 1 year,0.0
10000.0,2017-01-14,debt_consolidation,,40.54%,720xx,AR,< 1 year,0.0
7000.0,2017-01-14,credit_card,,6.37%,324xx,FL,< 1 year,0.0
5000.0,2017-01-14,moving,,0%,716xx,AR,,0.0
5000.0,2017-01-15,Debt consolidation,569.0,5.43%,336xx,FL,< 1 year,0.0
2000.0,2017-01-16,Moving and relocation,637.0,44.49%,891xx,NV,< 1 year,0.0
40000.0,2017-01-16,other,,38.63%,070xx,NJ,< 1 year,0.0
30000.0,2017-01-16,credit_card,567.0,49.88%,542xx,WI,< 1 year,0.0
20000.0,2017-01-16,debt_consolidation,,14.07%,180xx,PA,5 years,0.0
1000.0,2017-01-16,Debt consolidation,,-1%,235xx,VA,< 1 year,0.0
5000.0,2017-01-16,Debt consolidation,559.0,27.36%,820xx,WY,< 1 year,0.0
35000.0,2017-01-16,Business,727.0,40%,967xx,HI,< 1 year,0.0
40000.0,2017-01-16,debt_consolidation,,28.61%,956xx,CA,< 1 year,0.0
2500.0,2017-01-16,car,,13.51%,960xx,CA,< 1 year,0.0
7500.0,2017-01-16,Debt consolidation,680.0,15.8%,920xx,CA,< 1 year,0.0
30000.0,2017-01-17,Debt consolidation,571.0,37%,431xx,OH,< 1 year,0.0
25000.0,2017-01-17,Credit card refinancing,693.0,7.42%,076xx,NJ,10+ years,0.0
2500.0,2017-01-17,other,,304.39%,547xx,WI,< 1 year,0.0
10000.0,2017-01-17,Credit card refinancing,629.0,22.84%,450xx,OH,< 1 year,0.0
9000.0,2017-01-17,Debt consolidation,656.0,7.85%,402xx,KY,< 1 year,0.0
10000.0,2017-01-18,small_business,,9.3%,951xx,CA,,0.0
40000.0,2017-01-18,Business Loan,,-1%,711xx,LA,< 1 year,0.0
30000.0,2017-01-18,small_business,649.0,74.9%,681xx,NE,< 1 year,0.0
15000.0,2017-01-18,credit_card,,36.29%,992xx,WA,5 years,0.0
8000.0,2017-01-18,Other,717.0,14.52%,107xx,NY,< 1 year,0.0
6000.0,2017-01-18,Debt consolidation,675.0,43.93%,465xx,IN,< 1 year,0.0
20000.0,2017-01-18,Debt consolidation,525.0,20.56%,405xx,KY,< 1 year,0.0
5000.0,2017-01-18,Car financing,613.0,-1%,079xx,NJ,< 1 year,0.0
2000.0,2017-01-18,car,,1.25%,554xx,MN,< 1 year,0.0
6000.0,2017-01-19,credit_card,,41%,165xx,PA,< 1 year,0.0
2500.0,2017-01-19,debt_consolidation,,342.89%,272xx,NC,< 1 year,0.0
20000.0,2017-01-19,Debt consolidation,630.0,21.7%,605xx,IL,< 1 year,0.0
12000.0,2017-01-19,Debt consolidation,612.0,18.36%,335xx,FL,< 1 year,0.0
20000.0,2017-01-19,Debt consolidation,648.0,27.08%,752xx,TX,< 1 year,0.0
10000.0,2017-01-19,other,628.0,49.65%,910xx,CA,< 1 year,0.0
6000.0,2017-01-19,debt_consolidation,,50.17%,706xx,LA,< 1 year,0.0
8600.0,2017-01-19,major_purchase,,15.35%,532xx,WI,5 years,0.0
35000.0,2017-01-19,Debt consolidation,676.0,18.91%,209xx,MD,< 1 year,0.0
2000.0,2017-01-20,small_business,,33.25%,770xx,TX,< 1 year,0.0
10000.0,2017-01-21,debt_consolidation,,5.59%,902xx,CA,< 1 year,0.0
39000.0,2017-01-21,Debt consolidation,,28.78%,218xx,MD,10+ years,0.0
40000.0,2017-01-21,Debt consolidation,544.0,35.62%,412xx,KY,< 1 year,0.0
4000.0,2017-01-21,other,,5.09%,374xx,TN,< 1 year,0.0
30000.0,2017-01-21,Debt consolidation,710.0,10.52%,721xx,AR,< 1 year,0.0
18000.0,2017-01-21,debt_consolidation,,6.32%,727xx,AR,< 1 year,0.0
35000.0,2017-01-21,medical,,0.6%,178xx,PA,,0.0
5000.0,2017-01-21,Debt consolidation,639.0,30.33%,914xx,CA,< 1 year,0.0
275000.0,2017-01-21,Business Loan,,-1%,256xx,WV,< 1 year,0.0
3000.0,2017-01-22,Debt consolidation,524.0,0.03%,967xx,HI,< 1 year,0.0
12000.0,2017-01-23,Debt consolidation,573.0,3.7%,038xx,NH,< 1 year,0.0
20000.0,2017-01-23,Debt consolidation,644.0,13.47%,335xx,FL,< 1 year,0.0
25000.0,2017-01-23,Debt consolidation,663.0,12.17%,295xx,SC,< 1 year,0.0
40000.0,2017-01-23,debt_consolidation,,9.73%,342xx,FL,< 1 year,0.0
2000.0,2017-01-23,Debt consolidation,545.0,1.82%,016xx,MA,< 1 year,0.0
40000.0,2017-01-23,Debt consolidation,641.0,24.55%,983xx,WA,< 1 year,0.0
35000.0,2017-01-23,house,,19.23%,441xx,OH,5 years,0.0
5000.0,2017-01-23,Car financing,547.0,61.08%,863xx,AZ,< 1 year,0.0
30000.0,2017-01-24,Debt consolidation,690.0,36.88%,735xx,OK,< 1 year,0.0
10000.0,2017-01-24,Credit card refinancing,705.0,14.01%,710xx,LA,3 years,0.0
10000.0,2017-01-24,debt_consolidation,,85.11%,594xx,MT,< 1 year,0.0
30000.0,2017-01-24,Home buying,598.0,21.1%,219xx,MD,< 1 year,0.0
12000.0,2017-01-24,Debt consolidation,679.0,123.33%,330xx,FL,< 1 year,0.0
10000.0,2017-01-24,debt_consolidation,,17.86%,142xx,NY,< 1 year,0.0
40000.0,2017-01-25,Debt consolidation,652.0,48.1%,281xx,NC,< 1 year,0.0
25000.0,2017-01-25,debt_consolidation,,-1%,363xx,AL,< 1 year,0.0
5000.0,2017-01-25,Debt consolidation,715.0,27.13%,793xx,TX,2 years,0.0
10500.0,2017-01-25,Debt consolidation,632.0,25.72%,278xx,NC,< 1 year,0.0
3000.0,2017-01-25,moving,,15.58%,119xx,NY,5 years,0.0
4000.0,2017-01-25,debt_consolidation,,20.17%,245xx,VA,< 1 year,0.0
2500.0,2017-01-26,debt_consolidation,,-1%,191xx,PA,< 1 year,0.0
20000.0,2017-01-26,Home improvement,750.0,46.9%,034xx,NH,< 1 year,0.0
16000.0,2017-01-26,debt_consolidation,,11.9%,939xx,CA,< 1 year,0.0
5000.0,2017-01-26,Other,545.0,0%,756xx,TX,< 1 year,0.0
15000.0,2017-01-26,other,,49.98%,716xx,AR,< 1 year,0.0
1500.0,2017-01-26,other,,43.88%,220xx,VA,< 1 year,0.0
2000.0,2017-01-26,other,,-1%,977xx,OR,,0.0
8000.0,2017-01-27,Car financing,655.0,0.86%,105xx,NY,< 1 year,0.0
4500.0,2017-01-27,Debt consolidation,651.0,23.72%,622xx,IL,< 1 year,0.0
20000.0,2017-01-27,debt_consolidation,,-1%,112xx,NY,< 1 year,0.0
10000.0,2017-01-27,Credit card refinancing,,28.82%,770xx,TX,7 years,0.0
3000.0,2017-01-28,other,,45.22%,331xx,FL,< 1 year,0.0
15000.0,2017-01-28,car,,1.92%,604xx,IL,5 years,0.0
20000.0,2017-01-28,other,,27.66%,768xx,TX,< 1 year,0.0
20000.0,2017-01-29,major_purchase,,7.2%,465xx,IN,< 1 year,0.0
40000.0,2017-01-29,Home improvement,746.0,7.09%,927xx,CA,< 1 year,0.0
7500.0,2017-01-30,debt_consolidation,,23.71%,405xx,KY,5 years,0.0
8000.0,2017-01-30,credit_card,,-1%,921xx,CA,5 years,0.0
10000.0,2017-01-30,Debt consolidation,721.0,3.15%,952xx,CA,< 1 year,0.0
8000.0,2017-01-30,debt_consolidation,,15.33%,497xx,MI,< 1 year,0.0
3000.0,2017-01-30,small_business,,17.91%,301xx,GA,5 years,0.0
25000.0,2017-01-30,Debt consolidation,,0%,114xx,NY,< 1 year,0.0
10000.0,2017-01-30,debt_consolidation,,47.24%,123xx,NY,< 1 year,0.0
6000.0,2017-01-31,other,,14.92%,339xx,FL,< 1 year,0.0
4000.0,2017-01-31,credit_card,,32.54%,530xx,WI,< 1 year,0.0
3000.0,2017-01-31,home_improvement,,33.8%,891xx,NV,< 1 year,0.0
3000.0,2017-01-31,debt_consolidation,,34.87%,201xx,VA,< 1 year,0.0
75000.0,2017-01-31,Business Loan,,-1%,917xx,CA,< 1 year,0.0
5000.0,2017-01-31,Credit card refinancing,,100%,403xx,KY,< 1 year,0.0
40000.0,2017-01-31,home_improvement,,19.53%,988xx,WA,< 1 year,0.0
18000.0,2017-01-31,credit_card,,39.74%,334xx,FL,< 1 year,0.0
1000.0,2017-01-31,debt_consolidation,,32.55%,346xx,FL,< 1 year,0.0
5000.0,2017-01-31,debt_consolidation,,410.5%,437xx,OH,< 1 year,0.0
40000.0,2017-01-31,Home improvement,734.0,12.76%,982xx,WA,< 1 year,0.0
1000.0,2017-01-31,debt_consolidation,,503.2%,313xx,GA,< 1 year,0.0
20000.0,2017-02-01,debt_consolidation,,-1%,601xx,IL,< 1 year,0.0
2000.0,2017-02-01,debt_consolidation,,37.2%,755xx,TX,< 1 year,0.0
5000.0,2017-02-01,small_business,,60.81%,658xx,MO,< 1 year,0.0
40000.0,2017-02-01,debt_consolidation,,19.81%,604xx,IL,< 1 year,0.0
1000.0,2017-02-01,other,,31%,900xx,CA,5 years,0.0
5000.0,2017-02-01,other,,18.04%,784xx,TX,< 1 year,0.0
1000.0,2017-02-01,other,,0.28%,310xx,GA,< 1 year,0.0
1000.0,2017-02-01,credit_card,,3.48%,951xx,CA,5 years,0.0
20000.0,2017-02-01,credit_card,,44.97%,906xx,CA,< 1 year,0.0
30000.0,2017-02-02,Business Loan,,-1%,212xx,MD,< 1 year,0.0
5000.0,2017-02-02,debt_consolidation,,88.32%,840xx,UT,< 1 year,0.0
25000.0,2017-02-02,debt_consolidation,,15.07%,871xx,NM,< 1 year,0.0
30000.0,2017-02-02,credit_card,,38.42%,730xx,OK,5 years,0.0
8000.0,2017-02-02,debt_consolidation,,36.1%,956xx,CA,< 1 year,0.0
10000.0,2017-02-03,other,,32.02%,785xx,TX,< 1 year,0.0
10000.0,2017-02-03,Debt consolidation,,100%,672xx,KS,< 1 year,0.0
1000.0,2017-02-03,Moving and relocation,539.0,23.11%,970xx,OR,< 1 year,0.0
20000.0,2017-02-04,Major purchase,545.0,8.41%,561xx,MN,< 1 year,0.0
2500.0,2017-02-05,debt_consolidation,,73.45%,469xx,IN,5 years,0.0
1500.0,2017-02-05,Home buying,695.0,2.37%,322xx,FL,< 1 year,0.0
2000.0,2017-02-05,debt_consolidation,,23.83%,975xx,OR,,0.0
2000.0,2017-02-05,home_improvement,,39.1%,773xx,TX,< 1 year,0.0
1000.0,2017-02-05,other,,-1%,207xx,MD,< 1 year,0.0
40000.0,2017-02-05,Debt consolidation,701.0,41.54%,364xx,AL,< 1 year,0.0
6500.0,2017-02-05,debt_consolidation,,14.91%,906xx,CA,< 1 year,0.0
10000.0,2017-02-05,debt_consolidation,,628%,156xx,PA,< 1 year,0.0
5000.0,2017-02-06,house,,-1%,802xx,CO,5 years,0.0
20000.0,2017-02-06,debt_consolidation,,35.06%,282xx,NC,< 1 year,0.0
25000.0,2017-02-06,credit_card,,-1%,175xx,PA,5 years,0.0
8000.0,2017-02-06,credit_card,,31.51%,891xx,NV,< 1 year,0.0
20000.0,2017-02-06,debt_consolidation,,27.02%,363xx,AL,< 1 year,0.0
3000.0,2017-02-06,other,,42.71%,132xx,NY,5 years,0.0
10000.0,2017-02-07,Debt consolidation,,6.57%,539xx,WI,10+ years,0.0
3000.0,2017-02-07,Medical expenses,608.0,20%,923xx,CA,< 1 year,0.0
15000.0,2017-02-07,Debt consolidation,655.0,2.18%,939xx,CA,< 1 year,0.0
16000.0,2017-02-07,credit_card,,18.01%,073xx,NJ,< 1 year,0.0
16775.0,2017-02-08,credit_card,,84.99%,339xx,FL,5 years,0.0
1500.0,2017-02-08,debt_consolidation,,41.94%,088xx,NJ,< 1 year,0.0
30000.0,2017-02-08,Credit card refinancing,719.0,55.92%,275xx,NC,< 1 year,0.0
3500.0,2017-02-08,home_improvement,,5.96%,609xx,IL,< 1 year,0.0
110000.0,2017-02-08,Business Loan,,-1%,371xx,TN,< 1 year,0.0
30000.0,2017-02-08,Debt consolidation,644.0,49.05%,201xx,VA,< 1 year,0.0
5000.0,2017-02-09,debt_consolidation,,33.77%,420xx,KY,< 1 year,0.0
35000.0,2017-02-09,other,,0%,283xx,NC,5 years,0.0
1000.0,2017-02-09,Moving and relocation,517.0,0.55%,922xx,CA,< 1 year,0.0
15000.0,2017-02-09,other,,10.37%,287xx,NC,< 1 year,0.0
2000.0,2017-02-10,other,,-1%,195xx,PA,< 1 year,0.0
6000.0,2017-02-10,small_business,,12.71%,285xx,NC,,0.0
3000.0,2017-02-10,debt_consolidation,,25.14%,850xx,AZ,< 1 year,0.0
16075.0,2017-02-10,debt_consolidation,,-1%,480xx,MI,,0.0
8000.0,2017-02-10,debt_consolidation,,22.79%,853xx,AZ,< 1 year,0.0
15000.0,2017-02-11,debt_consolidation,,71.38%,440xx,OH,< 1 year,0.0
35000.0,2017-02-11,home_improvement,,43.86%,070xx,NJ,< 1 year,0.0
25000.0,2017-02-11,Major purchase,746.0,10.66%,750xx,TX,< 1 year,0.0
10000.0,2017-02-11,Debt consolidation,625.0,24.51%,800xx,CO,1 year,0.0
1500.0,2017-02-11,moving,,-1%,864xx,AZ,5 years,0.0
1000.0,2017-02-11,vacation,,17.66%,395xx,MS,5 years,0.0
20000.0,2017-02-12,debt_consolidation,,17.1%,302xx,GA,< 1 year,0.0
1000.0,2017-02-12,Other,501.0,21.04%,339xx,FL,< 1 year,0.0
5000.0,2017-02-12,small_business,,0.83%,073xx,NJ,< 1 year,0.0
2500.0,2017-02-12,Debt consolidation,590.0,23.13%,338xx,FL,< 1 year,0.0
1500.0,2017-02-13,Green loan,519.0,53.77%,612xx,IL,< 1 year,0.0
2000.0,2017-02-13,Debt consolidation,609.0,383.33%,605xx,IL,< 1 year,0.0
20000.0,2017-02-13,Debt consolidation,699.0,26.58%,042xx,ME,< 1 year,0.0
3000.0,2017-02-13,other,,1.94%,802xx,CO,< 1 year,0.0
2500.0,2017-02-13,Other,645.0,31.28%,088xx,NJ,< 1 year,0.0
29000.0,2017-02-13,major_purchase,,19.09%,988xx,WA,,0.0
10000.0,2017-02-13,Debt consolidation,518.0,24.23%,152xx,PA,< 1 year,0.0
3500.0,2017-02-13,Business,512.0,100.82%,787xx,TX,< 1 year,0.0
3000.0,2017-02-13,debt_consolidation,,45.34%,331xx,FL,< 1 year,0.0
35000.0,2017-02-13,Debt consolidation,645.0,24.15%,750xx,TX,< 1 year,0.0
5000.0,2017-02-13,debt_consolidation,,6.45%,170xx,PA,< 1 year,0.0
20000.0,2017-02-13,Debt consolidation,629.0,49.55%,330xx,FL,< 1 year,0.0
7500.0,2017-02-14,debt_consolidation,,11.85%,486xx,MI,5 years,0.0
10000.0,2017-02-14,debt_consolidation,,18%,928xx,CA,< 1 year,0.0
17300.0,2017-02-14,Car financing,587.0,100%,208xx,MD,< 1 year,0.0
15000.0,2017-02-14,Credit card refinancing,672.0,17.9%,750xx,TX,< 1 year,0.0
10000.0,2017-02-14,Debt consolidation,585.0,25.83%,775xx,TX,< 1 year,0.0
15000.0,2017-02-14,debt_consolidation,,-1%,207xx,MD,< 1 year,0.0
1000.0,2017-02-14,Other,895.0,100%,174xx,PA,< 1 year,0.0
8000.0,2017-02-14,Credit card refinancing,652.0,25.34%,474xx,IN,< 1 year,0.0
1000.0,2017-02-15,Other,659.0,100%,308xx,GA,< 1 year,0.0
3500.0,2017-02-15,other,,19.74%,923xx,CA,< 1 year,0.0
8000.0,2017-02-15,Vacation,,10.89%,553xx,MN,< 1 year,0.0
5000.0,2017-02-15,Debt consolidation,508.0,0.27%,372xx,TN,< 1 year,0.0
1000.0,2017-02-15,Major purchase,,0%,330xx,FL,< 1 year,0.0
7125.0,2017-02-15,debt_consolidation,,18.51%,559xx,MN,< 1 year,0.0
40000.0,2017-02-15,other,,-1%,336xx,FL,,0.0
20000.0,2017-02-15,Major purchase,,100%,763xx,TX,< 1 year,0.0
5450.0,2017-02-15,Car financing,635.0,100%,945xx,CA,< 1 year,0.0
3000.0,2017-02-15,Credit card refinancing,678.0,15.15%,900xx,CA,< 1 year,0.0
15000.0,2017-02-16,debt_consolidation,,18.68%,891xx,NV,< 1 year,0.0
40000.0,2017-02-16,house,,17.17%,729xx,AR,< 1 year,0.0
10000.0,2017-02-16,Debt consolidation,723.0,103.05%,337xx,FL,< 1 year,0.0
1200.0,2017-02-16,car,,9.18%,857xx,AZ,5 years,0.0
1500.0,2017-02-16,Major purchase,525.0,1.2%,837xx,ID,< 1 year,0.0
15000.0,2017-02-17,Car financing,,100%,069xx,CT,< 1 year,0.0
25000.0,2017-02-17,Debt consolidation,652.0,20.56%,088xx,NJ,< 1 year,0.0
1500.0,2017-02-17,car,,-1%,421xx,KY,5 years,0.0
20000.0,2017-02-17,Debt consolidation,749.0,33.06%,992xx,WA,10+ years,0.0
10000.0,2017-02-17,other,,15.31%,145xx,NY,5 years,0.0
35000.0,2017-02-18,debt_consolidation,685.0,41.61%,440xx,OH,< 1 year,0.0
25000.0,2017-02-18,debt_consolidation,,47.76%,402xx,KY,< 1 year,0.0
2000.0,2017-02-18,Car financing,501.0,5.22%,720xx,AR,< 1 year,0.0
30000.0,2017-02-18,major_purchase,,8.77%,351xx,AL,< 1 year,0.0
5000.0,2017-02-19,other,,19.51%,245xx,VA,< 1 year,0.0
10000.0,2017-02-19,debt_consolidation,,11.76%,336xx,FL,< 1 year,0.0
6000.0,2017-02-20,Debt consolidation,501.0,16.67%,761xx,TX,< 1 year,0.0
40000.0,2017-02-20,credit_card,,24.92%,073xx,NJ,< 1 year,0.0
5000.0,2017-02-20,Other,597.0,14.81%,727xx,AR,< 1 year,0.0
3000.0,2017-02-20,Debt consolidation,623.0,12.68%,087xx,NJ,< 1 year,0.0
1200.0,2017-02-20,Other,617.0,14.45%,070xx,NJ,< 1 year,0.0
10000.0,2017-02-20,home_improvement,,15.19%,296xx,SC,< 1 year,0.0
2000.0,2017-02-20,Debt consolidation,607.0,25.06%,633xx,MO,< 1 year,0.0
30000.0,2017-02-20,debt_consolidation,,24.52%,085xx,NJ,< 1 year,0.0
2500.0,2017-02-20,other,,40.58%,062xx,CT,< 1 year,0.0
15000.0,2017-02-20,major_purchase,,0.5%,900xx,CA,,0.0
5000.0,2017-02-21,Home improvement,,100%,972xx,OR,< 1 year,0.0
1475.0,2017-02-21,Other,623.0,5.62%,925xx,CA,< 1 year,0.0
1200.0,2017-02-22,Debt consolidation,670.0,37.53%,480xx,MI,< 1 year,0.0
12000.0,2017-02-22,Debt consolidation,627.0,19.94%,021xx,MA,< 1 year,0.0
15000.0,2017-02-22,debt_consolidation,,78.53%,338xx,FL,< 1 year,0.0
20000.0,2017-02-22,Debt consolidation,642.0,37.78%,285xx,NC,< 1 year,0.0
2000.0,2017-02-22,Vacation,,100%,900xx,CA,< 1 year,0.0
40000.0,2017-02-22,Business,654.0,16.64%,895xx,NV,< 1 year,0.0
10000.0,2017-02-22,debt_consolidation,,47.22%,328xx,FL,< 1 year,0.0
3000.0,2017-02-23,other,,-1%,440xx,OH,5 years,0.0
3000.0,2017-02-23,Debt consolidation,589.0,12.29%,325xx,FL,< 1 year,0.0
28000.0,2017-02-23,Debt consolidation,651.0,10.76%,286xx,NC,< 1 year,0.0
11975.0,2017-02-23,Car financing,692.0,100%,272xx,NC,3 years,0.0
15000.0,2017-02-23,debt_consolidation,,40.6%,374xx,TN,< 1 year,0.0
5000.0,2017-02-23,major_purchase,,12.43%,441xx,OH,5 years,0.0
5000.0,2017-02-23,other,,5.24%,956xx,CA,5 years,0.0
35000.0,2017-02-23,small_business,,4.62%,604xx,IL,< 1 year,0.0
25000.0,2017-02-23,debt_consolidation,,35.64%,916xx,CA,,0.0
10000.0,2017-02-24,debt_consolidation,,35.55%,660xx,KS,< 1 year,0.0
2000.0,2017-02-24,moving,,0%,926xx,CA,5 years,0.0
10000.0,2017-02-24,other,,1.98%,587xx,ND,< 1 year,0.0
2000.0,2017-02-24,Debt consolidation,501.0,60.62%,481xx,MI,< 1 year,0.0
3000.0,2017-02-24,other,,-1%,631xx,MO,5 years,0.0
10000.0,2017-02-25,debt_consolidation,,35.45%,081xx,NJ,,0.0
28000.0,2017-02-25,credit_card,,24.45%,042xx,ME,< 1 year,0.0
14000.0,2017-02-25,car,,9.5%,347xx,FL,,0.0
5000.0,2017-02-26,home_improvement,723.0,48.07%,349xx,FL,< 1 year,0.0
14000.0,2017-02-26,medical,,1.8%,330xx,FL,5 years,0.0
15000.0,2017-02-26,debt_consolidation,,24.96%,891xx,NV,5 years,0.0
2500.0,2017-02-27,small_business,,454.59%,412xx,KY,< 1 year,0.0
15000.0,2017-02-27,moving,,38.98%,800xx,CO,< 1 year,0.0
20000.0,2017-02-28,debt_consolidation,,9999%,600xx,IL,< 1 year,0.0
15000.0,2017-02-28,debt_consolidation,,19.48%,208xx,MD,< 1 year,0.0
40000.0,2017-02-28,Business Loan,,-1%,853xx,AZ,< 1 year,0.0
7000.0,2017-02-28,major_purchase,,1.13%,945xx,CA,5 years,0.0
35000.0,2017-02-28,Debt consolidation,577.0,42.32%,400xx,KY,< 1 year,0.0
10000.0,2017-02-28,debt_consolidation,,30.37%,307xx,GA,< 1 year,0.0
10000.0,2017-02-28,Major purchase,649.0,6.24%,441xx,OH,< 1 year,0.0
9700.0,2017-02-28,major_purchase,,3%,134xx,NY,,0.0
8000.0,2017-02-28,other,,48.32%,142xx,NY,< 1 year,0.0
40000.0,2017-03-01,Debt consolidation,674.0,40.44%,394xx,MS,< 1 year,0.0
35000.0,2017-03-01,Debt consolidation,,100%,335xx,FL,< 1 year,0.0
40000.0,2017-03-01,Debt consolidation,660.0,67.83%,393xx,MS,< 1 year,0.0
25000.0,2017-03-01,Debt consolidation,597.0,27.54%,604xx,IL,< 1 year,0.0
8000.0,2017-03-01,debt_consolidation,,17.33%,344xx,FL,< 1 year,0.0
40000.0,2017-03-01,Credit card refinancing,665.0,69.73%,750xx,TX,< 1 year,0.0
1000.0,2017-03-01,Other,502.0,0%,576xx,SD,< 1 year,0.0
20000.0,2017-03-01,Debt consolidation,684.0,11.58%,209xx,MD,< 1 year,0.0
10000.0,2017-03-01,debt_consolidation,,24.59%,604xx,IL,< 1 year,0.0
30000.0,2017-03-01,Debt consolidation,672.0,51.8%,974xx,OR,< 1 year,0.0
25000.0,2017-03-01,Credit card refinancing,591.0,26.79%,021xx,MA,< 1 year,0.0
4000.0,2017-03-01,major_purchase,,13.85%,982xx,WA,5 years,0.0
1250.0,2017-03-02,moving,,1.5%,280xx,NC,< 1 year,0.0
14650.0,2017-03-02,Car financing,624.0,100%,381xx,TN,< 1 year,0.0
30000.0,2017-03-02,Debt consolidation,639.0,18.85%,329xx,FL,< 1 year,0.0
5000.0,2017-03-02,debt_consolidation,,8.17%,463xx,IN,5 years,0.0
1000.0,2017-03-02,debt_consolidation,,-1%,283xx,NC,5 years,0.0
1500.0,2017-03-02,debt_consolidation,,2.94%,300xx,GA,5 years,0.0
1000.0,2017-03-03,Other,549.0,100%,950xx,CA,< 1 year,0.0
2500.0,2017-03-03,Debt consolidation,663.0,13.68%,329xx,FL,< 1 year,0.0
10000.0,2017-03-03,debt_consolidation,,13.72%,907xx,CA,5 years,0.0
2000.0,2017-03-03,other,,0.85%,331xx,FL,< 1 year,0.0
5000.0,2017-03-03,debt_consolidation,,0%,882xx,NM,5 years,0.0
25000.0,2017-03-03,debt_consolidation,,-1%,212xx,MD,< 1 year,0.0
35000.0,2017-03-03,home_improvement,,5.13%,029xx,RI,5 years,0.0
30000.0,2017-03-04,credit_card,,39.52%,052xx,VT,5 years,0.0
10000.0,2017-03-04,Major purchase,622.0,23.95%,575xx,SD,< 1 year,0.0
10000.0,2017-03-04,Other,,100%,762xx,TX,< 1 year,0.0
4000.0,2017-03-04,debt_consolidation,,9.28%,554xx,MN,5 years,0.0
20000.0,2017-03-05,Debt consolidation,734.0,27.94%,446xx,OH,< 1 year,0.0
10000.0,2017-03-05,Car financing,572.0,0%,366xx,AL,< 1 year,0.0
4300.0,2017-03-05,Debt consolidation,,100%,983xx,WA,< 1 year,0.0
25000.0,2017-03-05,credit_card,,23.37%,630xx,MO,5 years,0.0
30000.0,2017-03-05,Major purchase,690.0,9.89%,076xx,NJ,< 1 year,0.0
10000.0,2017-03-05,debt_consolidation,,59.13%,983xx,WA,< 1 year,0.0
10000.0,2017-03-06,debt_consolidation,,39.16%,549xx,WI,< 1 year,0.0
2500.0,2017-03-06,other,,9.95%,212xx,MD,< 1 year,0.0
13000.0,2017-03-06,Debt consolidation,686.0,29.82%,104xx,NY,< 1 year,0.0
1000.0,2017-03-06,Other,630.0,12.93%,606xx,IL,< 1 year,0.0
15000.0,2017-03-06,debt_consolidation,,66.39%,672xx,KS,5 years,0.0
35000.0,2017-03-07,other,,8.4%,564xx,MN,5 years,0.0
30000.0,2017-03-07,debt_consolidation,,14.91%,701xx,LA,< 1 year,0.0
4000.0,2017-03-07,debt_consolidation,,38.43%,330xx,FL,< 1 year,0.0
2800.0,2017-03-07,Major purchase,681.0,6.54%,071xx,NJ,10+ years,0.0
10000.0,2017-03-07,Credit card refinancing,711.0,443.86%,752xx,TX,< 1 year,0.0
10000.0,2017-03-07,debt_consolidation,,15.44%,077xx,NJ,< 1 year,0.0
5000.0,2017-03-07,Debt consolidation,631.0,33.34%,376xx,TN,< 1 year,0.0
13000.0,2017-03-07,other,,18.94%,773xx,TX,5 years,0.0
6000.0,2017-03-08,Debt consolidation,644.0,28.99%,295xx,SC,< 1 year,0.0
1500.0,2017-03-08,Major purchase,515.0,21.29%,180xx,PA,< 1 year,0.0
35000.0,2017-03-08,debt_consolidation,,37.51%,762xx,TX,5 years,0.0
2500.0,2017-03-08,Debt consolidation,501.0,8.9%,958xx,CA,< 1 year,0.0
28000.0,2017-03-08,debt_consolidation,,67.02%,940xx,CA,< 1 year,0.0
3000.0,2017-03-08,major_purchase,,0.84%,223xx,VA,< 1 year,0.0
2500.0,2017-03-08,car,,2%,953xx,CA,5 years,0.0
1000.0,2017-03-08,Moving and relocation,562.0,13.98%,482xx,MI,< 1 year,0.0
5000.0,2017-03-08,debt_consolidation,,44.33%,945xx,CA,< 1 year,0.0
8000.0,2017-03-09,credit_card,,43.64%,133xx,NY,5 years,0.0
20000.0,2017-03-09,Home improvement,,15.64%,863xx,AZ,,0.0
20000.0,2017-03-09,Debt consolidation,640.0,9.41%,922xx,CA,< 1 year,0.0
8000.0,2017-03-09,home_improvement,,27.47%,806xx,CO,5 years,0.0
35000.0,2017-03-09,debt_consolidation,,39.79%,322xx,FL,5 years,0.0
1000.0,2017-03-09,medical,,-1%,601xx,IL,5 years,0.0
5000.0,2017-03-10,other,,13%,088xx,NJ,5 years,0.0
25000.0,2017-03-10,home_improvement,,-1%,113xx,NY,< 1 year,0.0
10000.0,2017-03-10,medical,,0.13%,337xx,FL,,0.0
5000.0,2017-03-10,other,,24.95%,405xx,KY,< 1 year,0.0
10000.0,2017-03-10,Debt consolidation,762.0,3.97%,112xx,NY,9 years,0.0
7000.0,2017-03-10,Other,663.0,34.3%,953xx,CA,< 1 year,0.0
10000.0,2017-03-10,Credit card refinancing,825.0,24.05%,799xx,TX,< 1 year,0.0
10000.0,2017-03-10,debt_consolidation,,13.64%,730xx,OK,< 1 year,0.0
2000.0,2017-03-10,home_improvement,,16.63%,314xx,GA,< 1 year,0.0
25000.0,2017-03-11,Debt consolidation,669.0,31.1%,857xx,AZ,< 1 year,0.0
1500.0,2017-03-11,Vacation,553.0,13.14%,376xx,TN,< 1 year,0.0
2500.0,2017-03-11,other,,357.55%,770xx,TX,,0.0
1000.0,2017-03-11,Moving and relocation,492.0,35.93%,112xx,NY,< 1 year,0.0
20000.0,2017-03-11,Debt consolidation,636.0,18.24%,967xx,HI,< 1 year,0.0
4000.0,2017-03-12,major_purchase,,46.26%,016xx,MA,< 1 year,0.0
20000.0,2017-03-12,debt_consolidation,,28.25%,391xx,MS,< 1 year,0.0
5000.0,2017-03-12,major_purchase,,27.76%,588xx,ND,< 1 year,0.0
4000.0,2017-03-12,other,,5.55%,367xx,AL,< 1 year,0.0
10000.0,2017-03-12,home_improvement,,6.06%,088xx,NJ,,0.0
25000.0,2017-03-12,credit_card,,22.41%,652xx,MO,,0.0
10000.0,2017-03-13,Debt consolidation,639.0,39.81%,117xx,NY,< 1 year,0.0
1500.0,2017-03-13,other,,5.61%,841xx,UT,< 1 year,0.0
4000.0,2017-03-13,Debt consolidation,517.0,5.33%,331xx,FL,< 1 year,0.0
35000.0,2017-03-13,Debt consolidation,563.0,35.71%,077xx,NJ,< 1 year,0.0
40000.0,2017-03-13,Debt consolidation,650.0,28.33%,711xx,LA,< 1 year,0.0
40000.0,2017-03-13,Debt consolidation,654.0,31.32%,283xx,NC,< 1 year,0.0
20000.0,2017-03-13,home_improvement,,72.15%,315xx,GA,< 1 year,0.0
6000.0,2017-03-13,debt_consolidation,,16.07%,532xx,WI,< 1 year,0.0
40000.0,2017-03-13,Home improvement,573.0,1245.78%,337xx,FL,< 1 year,0.0
12000.0,2017-03-13,major_purchase,,-1%,430xx,OH,5 years,0.0
12300.0,2017-03-14,debt_consolidation,,0%,631xx,MO,5 years,0.0
5000.0,2017-03-14,other,,27.89%,588xx,ND,< 1 year,0.0
17000.0,2017-03-14,debt_consolidation,,-1%,950xx,CA,5 years,0.0
20000.0,2017-03-15,Debt consolidation,585.0,53%,740xx,OK,< 1 year,0.0
15000.0,2017-03-15,debt_consolidation,,17.67%,117xx,NY,< 1 year,0.0
5000.0,2017-03-15,other,,0.54%,207xx,MD,5 years,0.0
2000.0,2017-03-15,debt_consolidation,,61.03%,770xx,TX,< 1 year,0.0
6000.0,2017-03-15,Debt consolidation,617.0,49.55%,720xx,AR,< 1 year,0.0
35000.0,2017-03-15,debt_consolidation,,25.32%,730xx,OK,< 1 year,0.0
15000.0,2017-03-16,debt_consolidation,,40.65%,330xx,FL,< 1 year,0.0
6000.0,2017-03-16,other,,1.5%,988xx,WA,5 years,0.0
40000.0,2017-03-16,debt_consolidation,,40.9%,305xx,GA,< 1 year,0.0
24000.0,2017-03-17,credit_card,,-1%,902xx,CA,,0.0
35000.0,2017-03-17,Credit card refinancing,832.0,151.6%,330xx,FL,< 1 year,0.0
20000.0,2017-03-17,debt_consolidation,,18.15%,190xx,PA,< 1 year,0.0
5000.0,2017-03-17,other,,24.06%,440xx,OH,< 1 year,0.0
10000.0,2017-03-17,debt_consolidation,,338.47%,606xx,IL,< 1 year,0.0
40000.0,2017-03-17,Home improvement,659.0,28.06%,334xx,FL,< 1 year,0.0
10000.0,2017-03-17,credit_card,,21.83%,306xx,GA,5 years,0.0
5000.0,2017-03-17,debt_consolidation,,18.56%,370xx,TN,5 years,0.0
5000.0,2017-03-18,debt_consolidation,,22.31%,346xx,FL,5 years,0.0
3500.0,2017-03-18,car,,11.58%,853xx,AZ,5 years,0.0
3000.0,2017-03-18,Debt consolidation,713.0,16.06%,137xx,NY,10+ years,0.0
15000.0,2017-03-19,debt_consolidation,,22.19%,207xx,MD,< 1 year,0.0
15000.0,2017-03-20,Debt consolidation,674.0,26.77%,278xx,NC,< 1 year,0.0
10000.0,2017-03-20,Debt consolidation,682.0,10.25%,070xx,NJ,< 1 year,0.0
12000.0,2017-03-20,Debt consolidation,501.0,3.07%,741xx,OK,< 1 year,0.0
1000.0,2017-03-21,Medical expenses,,0%,114xx,NY,< 1 year,0.0
15000.0,2017-03-21,debt_consolidation,,298.47%,317xx,GA,< 1 year,0.0
8000.0,2017-03-21,Debt consolidation,,100%,836xx,ID,< 1 year,0.0
1000.0,2017-03-21,small_business,,19.46%,012xx,MA,5 years,0.0
75000.0,2017-03-22,Business Loan,,-1%,142xx,NY,< 1 year,0.0
30000.0,2017-03-22,Debt consolidation,643.0,20.27%,539xx,WI,< 1 year,0.0
2000.0,2017-03-23,other,,-1%,550xx,MN,< 1 year,0.0
15000.0,2017-03-23,Debt consolidation,652.0,28.51%,422xx,KY,< 1 year,0.0
20000.0,2017-03-23,Debt consolidation,,26.75%,641xx,MO,5 years,0.0
12200.0,2017-03-23,Credit card refinancing,735.0,3.6%,600xx,IL,< 1 year,0.0
5000.0,2017-03-23,Debt consolidation,,100%,088xx,NJ,< 1 year,0.0
22000.0,2017-03-23,Debt consolidation,705.0,43.14%,871xx,NM,< 1 year,0.0
35000.0,2017-03-23,debt_consolidation,,-1%,852xx,AZ,5 years,0.0
3000.0,2017-03-23,debt_consolidation,,2.46%,952xx,CA,5 years,0.0
15000.0,2017-03-24,debt_consolidation,,14.75%,112xx,NY,< 1 year,0.0
40000.0,2017-03-24,Debt consolidation,553.0,6.24%,921xx,CA,< 1 year,0.0
5000.0,2017-03-24,Debt consolidation,571.0,11.71%,152xx,PA,< 1 year,0.0
40000.0,2017-03-24,home_improvement,,21.43%,485xx,MI,< 1 year,0.0
40000.0,2017-03-25,Debt consolidation,536.0,2.64%,112xx,NY,< 1 year,0.0
1000.0,2017-03-25,other,,19.37%,392xx,MS,5 years,0.0
1500.0,2017-03-26,Vacation,573.0,21.03%,712xx,LA,< 1 year,0.0
20000.0,2017-03-26,debt_consolidation,,88.82%,436xx,OH,,0.0
15500.0,2017-03-26,Major purchase,652.0,32.56%,241xx,VA,< 1 year,0.0
25750.0,2017-03-26,debt_consolidation,,23.85%,335xx,FL,< 1 year,0.0
35000.0,2017-03-26,debt_consolidation,,7.82%,853xx,AZ,< 1 year,0.0
5000.0,2017-03-27,Debt consolidation,567.0,7.33%,544xx,WI,< 1 year,0.0
15000.0,2017-03-27,Debt consolidation,648.0,30.43%,630xx,MO,< 1 year,0.0
6300.0,2017-03-27,car,607.0,0%,807xx,CO,5 years,0.0
10000.0,2017-03-27,Debt consolidation,652.0,55.69%,435xx,OH,< 1 year,0.0
6000.0,2017-03-27,Other,702.0,29.82%,335xx,FL,< 1 year,0.0
6000.0,2017-03-27,major_purchase,,0.77%,640xx,MO,5 years,0.0
15000.0,2017-03-27,debt_consolidation,,37.13%,765xx,TX,< 1 year,0.0
10000.0,2017-03-27,credit_card,,5.27%,762xx,TX,5 years,0.0
3000.0,2017-03-28,vacation,,32%,890xx,NV,5 years,0.0
1200.0,2017-03-28,Moving and relocation,542.0,19.93%,483xx,MI,< 1 year,0.0
12275.0,2017-03-28,Car financing,566.0,100%,431xx,OH,< 1 year,0.0
15000.0,2017-03-28,credit_card,,12.72%,338xx,FL,5 years,0.0
1500.0,2017-03-28,debt_consolidation,,7.06%,303xx,GA,< 1 year,0.0
20000.0,2017-03-28,debt_consolidation,,25.14%,386xx,MS,< 1 year,0.0
1500.0,2017-03-28,Other,604.0,16.28%,926xx,CA,< 1 year,0.0
12000.0,2017-03-28,Debt consolidation,631.0,17.13%,330xx,FL,< 1 year,0.0
7000.0,2017-03-28,credit_card,,31.04%,460xx,IN,5 years,0.0
13000.0,2017-03-28,debt_consolidation,,7.53%,100xx,NY,< 1 year,0.0
5000.0,2017-03-29,Medical expenses,530.0,3.12%,062xx,CT,< 1 year,0.0
5000.0,2017-03-29,Debt consolidation,613.0,72.68%,141xx,NY,< 1 year,0.0
5000.0,2017-03-29,debt_consolidation,,40.22%,666xx,KS,,0.0
10000.0,2017-03-29,Debt consolidation,698.0,64%,797xx,TX,< 1 year,0.0
5000.0,2017-03-29,Debt consolidation,,100%,594xx,MT,< 1 year,0.0
35000.0,2017-03-29,Credit card refinancing,726.0,35.22%,816xx,CO,< 1 year,0.0
20000.0,2017-03-29,Home improvement,659.0,48.26%,386xx,MS,< 1 year,0.0
2500.0,2017-03-29,Debt consolidation,670.0,28.38%,730xx,OK,< 1 year,0.0
1000.0,2017-03-29,credit_card,,3.2%,852xx,AZ,5 years,0.0
1000.0,2017-03-29,Moving and relocation,653.0,16.6%,079xx,NJ,< 1 year,0.0
10000.0,2017-03-30,debt_consolidation,,15.73%,961xx,CA,< 1 year,0.0
35000.0,2017-03-30,major_purchase,,9.11%,347xx,FL,5 years,0.0
10000.0,2017-03-30,debt_consolidation,,32.64%,787xx,TX,< 1 year,0.0
20000.0,2017-03-30,debt_consolidation,,24.73%,113xx,NY,< 1 year,0.0
15000.0,2017-03-30,debt_consolidation,,15.02%,144xx,NY,< 1 year,0.0
3000.0,2017-03-30,Debt consolidation,524.0,23.63%,967xx,HI,< 1 year,0.0
8000.0,2017-03-30,debt_consolidation,,12.29%,115xx,NY,< 1 year,0.0
1500.0,2017-03-30,moving,,0.46%,112xx,NY,< 1 year,0.0
20000.0,2017-03-30,Debt consolidation,631.0,15.2%,482xx,MI,< 1 year,0.0
40000.0,2017-03-31,Debt consolidation,618.0,22.66%,302xx,GA,< 1 year,0.0
19000.0,2017-03-31,debt_consolidation,,2.74%,112xx,NY,5 years,0.0
5000.0,2017-03-31,Home buying,525.0,45.36%,487xx,MI,< 1 year,0.0
14000.0,2018-07-01,Credit card refinancing,,40.04%,300xx,GA,< 1 year,0.0
2500.0,2018-07-01,Major purchase,,56.55%,620xx,IL,,0.0
3000.0,2018-07-01,Debt consolidation,,28.71%,470xx,IN,< 1 year,0.0
28000.0,2018-07-01,Debt consolidation,,29.1%,786xx,TX,< 1 year,0.0
10000.0,2018-07-01,Debt consolidation,,22.96%,836xx,ID,< 1 year,0.0
35000.0,2018-07-01,Debt consolidation,,11.76%,791xx,TX,< 1 year,0.0
15000.0,2018-07-02,Debt consolidation,,5.57%,112xx,NY,< 1 year,0.0
2500.0,2018-07-02,Other,,4.23%,491xx,MI,2 years,0.0
7000.0,2018-07-02,Debt consolidation,,26.16%,688xx,NE,< 1 year,0.0
14000.0,2018-07-02,Credit card refinancing,,55.56%,120xx,NY,< 1 year,0.0
1000.0,2018-07-02,Other,,100%,941xx,CA,< 1 year,0.0
40000.0,2018-07-02,Debt consolidation,,10.68%,112xx,NY,< 1 year,0.0
15000.0,2018-07-02,Debt consolidation,,28.66%,080xx,NJ,< 1 year,0.0
15000.0,2018-07-02,Debt consolidation,,10.31%,978xx,OR,< 1 year,0.0
5000.0,2018-07-02,Other,631.0,2.8%,882xx,NM,< 1 year,0.0
20000.0,2018-07-02,Home buying,,6.64%,700xx,LA,< 1 year,0.0
5000.0,2018-07-03,Other,,29.72%,191xx,PA,< 1 year,0.0
20000.0,2018-07-03,Credit card refinancing,,36.35%,620xx,IL,< 1 year,0.0
5000.0,2018-07-03,Other,,4.3%,937xx,CA,,0.0
2500.0,2018-07-03,Other,,11.42%,088xx,NJ,2 years,0.0
25000.0,2018-07-03,Credit card refinancing,,80.01%,787xx,TX,< 1 year,0.0
10000.0,2018-07-03,Debt consolidation,,28.28%,365xx,AL,< 1 year,0.0
14500.0,2018-07-03,Other,,9.42%,913xx,CA,< 1 year,0.0
10000.0,2018-07-03,Car financing,,14.83%,945xx,CA,< 1 year,0.0
20000.0,2018-07-03,Debt consolidation,,49.16%,381xx,TN,< 1 year,0.0
10000.0,2018-07-04,Other,749.0,0%,900xx,CA,< 1 year,0.0
3000.0,2018-07-04,Debt consolidation,,36.08%,430xx,OH,< 1 year,0.0
2000.0,2018-07-04,Car financing,,17.33%,750xx,TX,3 years,0.0
4000.0,2018-07-04,Debt consolidation,,11.23%,841xx,UT,< 1 year,0.0
7000.0,2018-07-04,Debt consolidation,,84.7%,029xx,RI,< 1 year,0.0
10000.0,2018-07-04,Debt consolidation,,17.11%,441xx,OH,< 1 year,0.0
10000.0,2018-07-04,Other,,4.16%,454xx,OH,< 1 year,0.0
10000.0,2018-07-04,Major purchase,,1.39%,461xx,IN,< 1 year,0.0
10000.0,2018-07-04,Other,,14.2%,752xx,TX,,0.0
5000.0,2018-07-04,Other,,100%,718xx,AR,< 1 year,0.0
2000.0,2018-07-04,Home buying,,21.72%,165xx,PA,< 1 year,0.0
10000.0,2018-07-05,Major purchase,,1.6%,021xx,MA,< 1 year,0.0
2000.0,2018-07-05,Other,,2.09%,630xx,MO,9 years,0.0
2000.0,2018-07-05,Other,,5.46%,303xx,GA,< 1 year,0.0
35000.0,2018-07-05,Home buying,,7.95%,295xx,SC,< 1 year,0.0
27000.0,2018-07-05,Car financing,,21.49%,951xx,CA,< 1 year,0.0
9500.0,2018-07-05,Credit card refinancing,,7.73%,907xx,CA,< 1 year,0.0
2000.0,2018-07-05,Debt consolidation,,33.04%,371xx,TN,< 1 year,0.0
2500.0,2018-07-05,Home buying,,100%,083xx,NJ,4 years,0.0
12000.0,2018-07-06,Other,,8.29%,474xx,IN,< 1 year,0.0
1000.0,2018-07-06,Vacation,,18.56%,292xx,SC,< 1 year,0.0
12600.0,2018-07-06,Credit card refinancing,,35.2%,362xx,AL,< 1 year,0.0
13500.0,2018-07-06,Debt consolidation,,6.44%,917xx,CA,< 1 year,0.0
10000.0,2018-07-06,Home buying,,21.03%,282xx,NC,< 1 year,0.0
5500.0,2018-07-06,Debt consolidation,,21.56%,980xx,WA,< 1 year,0.0
10000.0,2018-07-06,Debt consolidation,,10.13%,535xx,WI,< 1 year,0.0
20000.0,2018-07-06,Credit card refinancing,,51.6%,120xx,NY,< 1 year,0.0
36000.0,2018-07-06,Debt consolidation,,47.58%,235xx,VA,< 1 year,0.0
31000.0,2018-07-06,Debt consolidation,,27.63%,662xx,KS,< 1 year,0.0
1300.0,2018-07-06,Debt consolidation,,48.34%,836xx,ID,< 1 year,0.0
3000.0,2018-07-07,Debt consolidation,,5.6%,069xx,CT,< 1 year,0.0
10000.0,2018-07-07,Home buying,,31.77%,751xx,TX,< 1 year,0.0
1000.0,2018-07-07,Medical expenses,,68.17%,850xx,AZ,,0.0
15000.0,2018-07-07,Credit card refinancing,,17.32%,076xx,NJ,< 1 year,0.0
2500.0,2018-07-07,Other,,40.68%,292xx,SC,4 years,0.0
1000.0,2018-07-07,Major purchase,,31.88%,735xx,OK,< 1 year,0.0
3575.0,2018-07-07,Other,,13.85%,741xx,OK,< 1 year,0.0
13000.0,2018-07-07,Other,,10.2%,666xx,KS,,0.0
39000.0,2018-07-08,Debt consolidation,,25.21%,997xx,AK,< 1 year,0.0
15000.0,2018-07-08,Debt consolidation,,17.58%,451xx,OH,< 1 year,0.0
39000.0,2018-07-08,Credit card refinancing,,412.96%,910xx,CA,< 1 year,0.0
1000.0,2018-07-08,Vacation,,6.23%,763xx,TX,< 1 year,0.0
1000.0,2018-07-08,Car financing,,182.83%,322xx,FL,< 1 year,0.0
3200.0,2018-07-09,Car financing,,0.89%,288xx,NC,< 1 year,0.0
30000.0,2018-07-09,Debt consolidation,,14.52%,705xx,LA,< 1 year,0.0
5000.0,2018-07-09,Other,,16.35%,737xx,OK,1 year,0.0
6000.0,2018-07-09,Debt consolidation,,33.73%,495xx,MI,< 1 year,0.0
3000.0,2018-07-09,Other,,100%,038xx,NH,< 1 year,0.0
6000.0,2018-07-09,Debt consolidation,,28.15%,234xx,VA,< 1 year,0.0
10000.0,2018-07-09,Debt consolidation,,50.86%,394xx,MS,< 1 year,0.0
5000.0,2018-07-09,Debt consolidation,,21.84%,934xx,CA,< 1 year,0.0
18000.0,2018-07-10,Credit card refinancing,,22.94%,152xx,PA,1 year,0.0
4000.0,2018-07-10,Debt consolidation,,3.67%,410xx,KY,< 1 year,0.0
8000.0,2018-07-10,Credit card refinancing,,27.68%,185xx,PA,< 1 year,0.0
35000.0,2018-07-10,Debt consolidation,,28.29%,750xx,TX,,0.0
8000.0,2018-07-10,Debt consolidation,,30.28%,786xx,TX,< 1 year,0.0
10000.0,2018-07-10,Home improvement,,21.21%,233xx,VA,< 1 year,0.0
10000.0,2018-07-10,Debt consolidation,,47400%,978xx,OR,< 1 year,0.0
6400.0,2018-07-10,Credit card refinancing,,19.47%,120xx,NY,10+ years,0.0
1800.0,2018-07-10,Vacation,,9.24%,900xx,CA,< 1 year,0.0
5000.0,2018-07-10,Other,,18.89%,301xx,GA,< 1 year,0.0
10000.0,2018-07-10,Debt consolidation,,2.34%,760xx,TX,< 1 year,0.0
10000.0,2018-07-10,Debt consolidation,,3.09%,478xx,IN,< 1 year,0.0
5000.0,2018-07-10,Other,,100%,372xx,TN,5 years,0.0
20000.0,2018-07-10,Credit card refinancing,,39.38%,917xx,CA,< 1 year,0.0
7000.0,2018-07-10,Debt consolidation,,100%,471xx,IN,< 1 year,0.0
5000.0,2018-07-10,Credit card refinancing,,23.05%,921xx,CA,< 1 year,0.0
10000.0,2018-07-10,Credit card refinancing,,39.85%,104xx,NY,< 1 year,0.0
16000.0,2018-07-10,Credit card refinancing,,501.63%,322xx,FL,< 1 year,0.0
35000.0,2018-07-10,Debt consolidation,,36.35%,810xx,CO,< 1 year,0.0
12000.0,2018-07-11,Credit card refinancing,,17.82%,177xx,PA,< 1 year,0.0
10000.0,2018-07-11,Car financing,,100%,770xx,TX,1 year,0.0
5000.0,2018-07-11,Credit card refinancing,,4.27%,993xx,WA,< 1 year,0.0
30000.0,2018-07-11,Business,,12.79%,604xx,IL,< 1 year,0.0
33000.0,2018-07-11,Debt consolidation,,32.56%,937xx,CA,< 1 year,0.0
7000.0,2018-07-11,Other,,15.35%,209xx,MD,< 1 year,0.0
12000.0,2018-07-11,Credit card refinancing,,43.97%,617xx,IL,,0.0
7000.0,2018-07-11,Debt consolidation,,24.25%,163xx,PA,< 1 year,0.0
16000.0,2018-07-11,Debt consolidation,,16.89%,136xx,NY,8 years,0.0
1000.0,2018-07-11,Other,,2.65%,952xx,CA,< 1 year,0.0
12000.0,2018-07-12,Debt consolidation,,11.06%,432xx,OH,< 1 year,0.0
20000.0,2018-07-12,Debt consolidation,,36.16%,809xx,CO,< 1 year,0.0
2500.0,2018-07-12,Vacation,,22.28%,717xx,AR,< 1 year,0.0
35000.0,2018-07-12,Other,,12%,256xx,WV,,0.0
2000.0,2018-07-12,Debt consolidation,,31.17%,350xx,AL,< 1 year,0.0
15000.0,2018-07-12,Home buying,,22.66%,662xx,KS,< 1 year,0.0
1200.0,2018-07-12,Other,,28.92%,272xx,NC,< 1 year,0.0
5000.0,2018-07-12,Debt consolidation,,92.04%,630xx,MO,< 1 year,0.0
2000.0,2018-07-12,Other,,16.68%,180xx,PA,< 1 year,0.0
10000.0,2018-07-13,Credit card refinancing,,7.65%,560xx,MN,< 1 year,0.0
20000.0,2018-07-13,Other,,41.69%,630xx,MO,< 1 year,0.0
1000.0,2018-07-13,Medical expenses,,71.13%,604xx,IL,,0.0
3000.0,2018-07-13,Moving and relocation,,9.93%,925xx,CA,< 1 year,0.0
9000.0,2018-07-13,Debt consolidation,,5.64%,330xx,FL,< 1 year,0.0
32000.0,2018-07-13,Car financing,,45.04%,312xx,GA,< 1 year,0.0
38000.0,2018-07-13,Home improvement,,12.07%,465xx,IN,< 1 year,0.0
10000.0,2018-07-13,Medical expenses,,0%,240xx,VA,< 1 year,0.0
12000.0,2018-07-13,Debt consolidation,,11.55%,217xx,MD,< 1 year,0.0
23000.0,2018-07-13,Debt consolidation,,0.76%,701xx,LA,< 1 year,0.0
25000.0,2018-07-13,Credit card refinancing,,39.67%,326xx,FL,< 1 year,0.0
2000.0,2018-07-13,Credit card refinancing,,11.57%,750xx,TX,< 1 year,0.0
22000.0,2018-07-13,Debt consolidation,,100%,100xx,NY,< 1 year,0.0
12000.0,2018-07-13,Other,,100%,114xx,NY,< 1 year,0.0
5000.0,2018-07-13,Debt consolidation,,15.8%,386xx,MS,5 years,0.0
20000.0,2018-07-13,Credit card refinancing,,17.28%,069xx,CT,< 1 year,0.0
35000.0,2018-07-14,Debt consolidation,,36.35%,606xx,IL,< 1 year,0.0
30000.0,2018-07-14,Home buying,,2.16%,782xx,TX,< 1 year,0.0
30000.0,2018-07-14,Debt consolidation,,13.56%,179xx,PA,< 1 year,0.0
9000.0,2018-07-14,Credit card refinancing,,6.44%,294xx,SC,< 1 year,0.0
10000.0,2018-07-14,Home improvement,,10.8%,480xx,MI,< 1 year,0.0
1500.0,2018-07-14,Other,,6.25%,300xx,GA,< 1 year,0.0
35000.0,2018-07-14,Debt consolidation,,15.83%,334xx,FL,< 1 year,0.0
10000.0,2018-07-14,Debt consolidation,,9%,028xx,RI,< 1 year,0.0
20000.0,2018-07-14,Car financing,,18.28%,480xx,MI,< 1 year,0.0
10000.0,2018-07-14,Credit card refinancing,,8.11%,700xx,LA,6 years,2.0
2300.0,2018-07-14,Credit card refinancing,,10.08%,975xx,OR,10+ years,0.0
20000.0,2018-07-15,Medical expenses,,0%,023xx,MA,< 1 year,0.0
20000.0,2018-07-15,Credit card refinancing,,46.91%,972xx,OR,< 1 year,0.0
4000.0,2018-07-15,Debt consolidation,,37.03%,779xx,TX,< 1 year,0.0
10000.0,2018-07-15,Other,,34.57%,945xx,CA,7 years,0.0
7000.0,2018-07-15,Debt consolidation,,100%,284xx,NC,< 1 year,0.0
17850.0,2018-07-15,Debt consolidation,,26.3%,600xx,IL,,0.0
5000.0,2018-07-15,Debt consolidation,,40.9%,293xx,SC,< 1 year,0.0
10000.0,2018-07-16,Debt consolidation,,6.72%,354xx,AL,< 1 year,0.0
10000.0,2018-07-16,Debt consolidation,,41.96%,057xx,VT,< 1 year,0.0
10000.0,2018-07-16,Other,,7.5%,113xx,NY,< 1 year,0.0
10000.0,2018-07-16,Other,,6.36%,112xx,NY,< 1 year,0.0
32500.0,2018-07-16,Debt consolidation,,25.4%,207xx,MD,< 1 year,0.0
2500.0,2018-07-16,Car financing,,8.38%,184xx,PA,< 1 year,0.0
35000.0,2018-07-16,Other,,0%,998xx,AK,5 years,0.0
2500.0,2018-07-16,Other,,17.25%,463xx,IN,9 years,0.0
2500.0,2018-07-16,Other,,16.02%,310xx,GA,< 1 year,0.0
3000.0,2018-07-16,Debt consolidation,,9.81%,279xx,NC,< 1 year,0.0
5000.0,2018-07-16,Credit card refinancing,,46.65%,727xx,AR,< 1 year,0.0
24000.0,2018-07-17,Debt consolidation,,25.81%,917xx,CA,< 1 year,0.0
10000.0,2018-07-17,Debt consolidation,,1.2%,760xx,TX,< 1 year,0.0
30000.0,2018-07-17,Debt consolidation,,15.44%,083xx,NJ,< 1 year,0.0
1800.0,2018-07-17,Vacation,,44.67%,018xx,MA,,0.0
5500.0,2018-07-17,Credit card refinancing,,12.24%,535xx,WI,< 1 year,0.0
12100.0,2018-07-17,Car financing,,100%,381xx,TN,< 1 year,0.0
18000.0,2018-07-17,Debt consolidation,,100%,802xx,CO,< 1 year,0.0
5000.0,2018-07-17,Other,,19.01%,113xx,NY,< 1 year,0.0
10000.0,2018-07-17,Other,,16.74%,871xx,NM,< 1 year,0.0
1450.0,2018-07-17,Debt consolidation,,14.6%,412xx,KY,< 1 year,0.0
15000.0,2018-07-17,Credit card refinancing,,14.11%,291xx,SC,< 1 year,0.0
10000.0,2018-07-17,Debt consolidation,,52.1%,114xx,NY,< 1 year,0.0
5000.0,2018-07-17,Other,,4.25%,482xx,MI,< 1 year,0.0
10000.0,2018-07-17,Credit card refinancing,,11566.67%,113xx,NY,< 1 year,0.0
1500.0,2018-07-18,Other,,6.24%,302xx,GA,< 1 year,0.0
10000.0,2018-07-18,Car financing,657.0,0%,150xx,PA,,0.0
10000.0,2018-07-18,Credit card refinancing,,11.29%,305xx,GA,< 1 year,0.0
5000.0,2018-07-18,Medical expenses,,335.19%,907xx,CA,< 1 year,0.0
20000.0,2018-07-18,Debt consolidation,,14.2%,550xx,MN,< 1 year,0.0
35000.0,2018-07-18,Debt consolidation,,21.2%,286xx,NC,< 1 year,0.0
5000.0,2018-07-18,Other,,14.33%,333xx,FL,< 1 year,0.0
4000.0,2018-07-18,Other,,7.09%,606xx,IL,< 1 year,0.0
23000.0,2018-07-18,Debt consolidation,,39.29%,360xx,AL,< 1 year,0.0
4000.0,2018-07-18,Moving and relocation,,1.02%,070xx,NJ,< 1 year,0.0
5500.0,2018-07-18,Major purchase,,21.76%,554xx,MN,< 1 year,0.0
10000.0,2018-07-18,Credit card refinancing,,27.88%,935xx,CA,< 1 year,0.0
20000.0,2018-07-18,Debt consolidation,,24.12%,850xx,AZ,< 1 year,0.0
3000.0,2018-07-18,Home improvement,,0%,769xx,TX,,0.0
2000.0,2018-07-18,Other,,36.45%,314xx,GA,< 1 year,0.0
20000.0,2018-07-19,Credit card refinancing,,29.91%,206xx,MD,< 1 year,0.0
7000.0,2018-07-19,Medical expenses,,14.78%,760xx,TX,< 1 year,0.0
4500.0,2018-07-19,Debt consolidation,,770.16%,371xx,TN,< 1 year,0.0
7000.0,2018-07-19,Credit card refinancing,,48.38%,784xx,TX,< 1 year,0.0
3000.0,2018-07-19,Debt consolidation,,15.1%,604xx,IL,< 1 year,0.0
2000.0,2018-07-19,Medical expenses,,46.54%,349xx,FL,< 1 year,0.0
10000.0,2018-07-19,Home improvement,,20.07%,325xx,FL,< 1 year,0.0
10000.0,2018-07-19,Debt consolidation,,15.62%,342xx,FL,< 1 year,0.0
10000.0,2018-07-19,Credit card refinancing,,100%,337xx,FL,< 1 year,0.0
35000.0,2018-07-19,Debt consolidation,,23.96%,586xx,ND,< 1 year,0.0
12000.0,2018-07-19,Debt consolidation,,29.25%,616xx,IL,< 1 year,0.0
5000.0,2018-07-20,Other,,6.77%,277xx,NC,< 1 year,0.0
40000.0,2018-07-20,Debt consolidation,,18.68%,070xx,NJ,< 1 year,0.0
8000.0,2018-07-20,Credit card refinancing,,18.82%,029xx,RI,< 1 year,0.0
11000.0,2018-07-20,Debt consolidation,,46.65%,479xx,IN,< 1 year,0.0
5000.0,2018-07-20,Credit card refinancing,,22380%,785xx,TX,< 1 year,0.0
3000.0,2018-07-20,Other,,25.47%,784xx,TX,< 1 year,0.0
10000.0,2018-07-20,Debt consolidation,,100%,760xx,TX,< 1 year,0.0
10000.0,2018-07-20,Credit card refinancing,,43.44%,299xx,SC,< 1 year,0.0
35000.0,2018-07-20,Home improvement,,2.43%,190xx,PA,< 1 year,0.0
1000.0,2018-07-20,Other,682.0,0%,931xx,CA,< 1 year,0.0
10000.0,2018-07-20,Major purchase,,10.2%,443xx,OH,6 years,0.0
40000.0,2018-07-20,Debt consolidation,,16.21%,795xx,TX,< 1 year,0.0
11900.0,2018-07-20,Car financing,,100%,750xx,TX,< 1 year,0.0
40000.0,2018-07-21,Business,,9.86%,086xx,NJ,< 1 year,0.0
5000.0,2018-07-21,Debt consolidation,,20.09%,173xx,PA,10+ years,0.0
3000.0,2018-07-21,Other,,29.48%,284xx,NC,< 1 year,0.0
1000.0,2018-07-21,Other,577.0,0%,270xx,NC,< 1 year,0.0
5000.0,2018-07-21,Home buying,,1.42%,802xx,CO,< 1 year,0.0
1100.0,2018-07-21,Other,,272.53%,481xx,MI,< 1 year,0.0
4000.0,2018-07-21,Debt consolidation,,25.5%,302xx,GA,< 1 year,0.0
10000.0,2018-07-21,Credit card refinancing,,75.28%,760xx,TX,< 1 year,0.0
15000.0,2018-07-21,Debt consolidation,,1.93%,921xx,CA,< 1 year,0.0
25000.0,2018-07-22,Credit card refinancing,,100%,245xx,VA,< 1 year,0.0
20000.0,2018-07-22,Other,,11.05%,287xx,NC,< 1 year,0.0
40000.0,2018-07-22,Debt consolidation,,5.78%,109xx,NY,< 1 year,0.0
5000.0,2018-07-22,Debt consolidation,,28.13%,433xx,OH,< 1 year,0.0
10000.0,2018-07-22,Credit card refinancing,,100%,958xx,CA,< 1 year,0.0
30000.0,2018-07-22,Business Loan,,-1%,070xx,NJ,< 1 year,0.0
3000.0,2018-07-23,Debt consolidation,,39.94%,537xx,WI,< 1 year,0.0
6500.0,2018-07-23,Home improvement,,100%,380xx,TN,< 1 year,0.0
7000.0,2018-07-23,Credit card refinancing,,1.28%,019xx,MA,< 1 year,0.0
40000.0,2018-07-23,Home improvement,,19.04%,530xx,WI,< 1 year,0.0
14800.0,2018-07-23,Car financing,,100%,028xx,RI,4 years,0.0
3000.0,2018-07-23,Major purchase,,6.63%,260xx,WV,< 1 year,0.0
3000.0,2018-07-23,Other,,8475%,062xx,CT,< 1 year,0.0
10000.0,2018-07-23,Credit card refinancing,,5.93%,469xx,IN,< 1 year,0.0
20000.0,2018-07-23,Credit card refinancing,,5.01%,230xx,VA,< 1 year,0.0
10000.0,2018-07-23,Debt consolidation,,100%,558xx,MN,< 1 year,0.0
30000.0,2018-07-23,Debt consolidation,,9.07%,957xx,CA,9 years,0.0
25000.0,2018-07-23,Business,,4.84%,914xx,CA,< 1 year,0.0
27650.0,2018-07-24,Car financing,,100%,282xx,NC,6 years,0.0
30000.0,2018-07-24,Other,,0.42%,953xx,CA,< 1 year,0.0
35000.0,2018-07-24,Home buying,,6.14%,805xx,CO,< 1 year,0.0
20000.0,2018-07-24,Debt consolidation,,33.05%,484xx,MI,< 1 year,0.0
10000.0,2018-07-24,Credit card refinancing,632.0,30.89%,130xx,NY,< 1 year,0.0
40000.0,2018-07-24,Other,,36.07%,088xx,NJ,< 1 year,0.0
3000.0,2018-07-24,Other,,20.97%,451xx,OH,< 1 year,0.0
6500.0,2018-07-24,Business Loan,,-1%,328xx,FL,< 1 year,0.0
2800.0,2018-07-24,Home improvement,,24.56%,604xx,IL,< 1 year,0.0
30000.0,2018-07-24,Major purchase,,100%,294xx,SC,< 1 year,0.0
15000.0,2018-07-25,Home improvement,,20.86%,801xx,CO,< 1 year,0.0
5500.0,2018-07-25,Business,613.0,12.14%,436xx,OH,< 1 year,0.0
1000.0,2018-07-25,Debt consolidation,,14.44%,331xx,FL,< 1 year,0.0
30000.0,2018-07-25,Debt consolidation,,318.52%,641xx,MO,< 1 year,0.0
3000.0,2018-07-25,Debt consolidation,,18.21%,339xx,FL,< 1 year,0.0
1000.0,2018-07-25,Moving and relocation,,0%,273xx,NC,< 1 year,0.0
6000.0,2018-07-25,Major purchase,,248.99%,104xx,NY,< 1 year,0.0
10000.0,2018-07-25,Other,,1.15%,109xx,NY,< 1 year,0.0
10000.0,2018-07-25,Credit card refinancing,,21.51%,606xx,IL,< 1 year,0.0
8000.0,2018-07-25,Debt consolidation,,19.51%,100xx,NY,< 1 year,0.0
10000.0,2018-07-26,Debt consolidation,,127.66%,724xx,AR,< 1 year,0.0
4500.0,2018-07-26,Debt consolidation,,26.54%,029xx,RI,< 1 year,0.0
24000.0,2018-07-26,Moving and relocation,,32.07%,913xx,CA,< 1 year,0.0
17000.0,2018-07-26,Debt consolidation,,18.15%,225xx,VA,< 1 year,0.0
1000.0,2018-07-26,Major purchase,,57.84%,705xx,LA,< 1 year,0.0
10500.0,2018-07-26,Debt consolidation,,10.71%,210xx,MD,< 1 year,0.0
2000.0,2018-07-26,Medical expenses,,0.03%,641xx,MO,< 1 year,0.0
40000.0,2018-07-26,Medical expenses,,85.22%,194xx,PA,< 1 year,0.0
12000.0,2018-07-26,Debt consolidation,,28.96%,347xx,FL,< 1 year,0.0
25500.0,2018-07-26,Car financing,,10.36%,532xx,WI,< 1 year,0.0
16000.0,2018-07-26,Debt consolidation,,29.22%,760xx,TX,< 1 year,0.0
30000.0,2018-07-27,Debt consolidation,,18.06%,329xx,FL,3 years,0.0
10000.0,2018-07-27,Other,,32.31%,712xx,LA,< 1 year,0.0
1600.0,2018-07-27,Medical expenses,,529.55%,802xx,CO,< 1 year,0.0
35000.0,2018-07-27,Debt consolidation,,183.32%,787xx,TX,< 1 year,0.0
12000.0,2018-07-27,Credit card refinancing,,26.88%,088xx,NJ,< 1 year,0.0
26000.0,2018-07-27,Car financing,,13.33%,724xx,AR,< 1 year,0.0
15000.0,2018-07-27,Major purchase,,54.12%,281xx,NC,< 1 year,0.0
5000.0,2018-07-27,Debt consolidation,,17.01%,331xx,FL,< 1 year,0.0
15000.0,2018-07-27,Debt consolidation,,55.28%,850xx,AZ,< 1 year,0.0
7500.0,2018-07-27,Moving and relocation,,4.36%,441xx,OH,5 years,0.0
15000.0,2018-07-28,Debt consolidation,,28.58%,021xx,MA,< 1 year,0.0
10000.0,2018-07-28,Other,,20.85%,704xx,LA,< 1 year,0.0
10000.0,2018-07-28,Credit card refinancing,,27.36%,484xx,MI,< 1 year,0.0
35000.0,2018-07-28,Other,,0%,986xx,WA,,0.0
40000.0,2018-07-28,Debt consolidation,,37.95%,809xx,CO,< 1 year,0.0
20500.0,2018-07-28,Other,578.0,1.88%,985xx,WA,5 years,0.0
10000.0,2018-07-29,Debt consolidation,,281.08%,606xx,IL,< 1 year,0.0
2500.0,2018-07-29,Other,,14.92%,951xx,CA,< 1 year,0.0
20000.0,2018-07-29,Debt consolidation,,45.35%,280xx,NC,< 1 year,0.0
1000.0,2018-07-29,Debt consolidation,,0%,386xx,MS,< 1 year,0.0
5000.0,2018-07-29,Debt consolidation,,10.63%,232xx,VA,< 1 year,0.0
33000.0,2018-07-29,Major purchase,,1.1%,711xx,LA,< 1 year,0.0
2000.0,2018-07-30,Debt consolidation,,20.65%,916xx,CA,< 1 year,0.0
3000.0,2018-07-30,Car financing,,67.43%,773xx,TX,10+ years,0.0
5000.0,2018-07-30,Other,,33.76%,622xx,IL,< 1 year,0.0
1500.0,2018-07-30,Debt consolidation,,51.35%,191xx,PA,,0.0
10000.0,2018-07-30,Other,,18.13%,276xx,NC,,0.0
30000.0,2018-07-30,Credit card refinancing,,29.7%,452xx,OH,< 1 year,0.0
1000.0,2018-07-30,Vacation,,24.77%,232xx,VA,< 1 year,0.0
35000.0,2018-07-30,Credit card refinancing,,56.66%,333xx,FL,< 1 year,0.0
250000.0,2018-07-30,Business Loan,,-1%,232xx,VA,< 1 year,0.0
6500.0,2018-07-30,Other,,11.45%,167xx,PA,,0.0
12000.0,2018-07-30,Car financing,,23.37%,306xx,GA,< 1 year,0.0
3500.0,2018-07-30,Other,,150.12%,922xx,CA,< 1 year,0.0
25000.0,2018-07-30,Business Loan,,-1%,775xx,TX,< 1 year,0.0
20000.0,2018-07-30,Home improvement,,74.47%,183xx,PA,< 1 year,0.0
7500.0,2018-07-30,Other,,44.35%,900xx,CA,< 1 year,0.0
2000.0,2018-07-30,Other,,40.88%,165xx,PA,< 1 year,0.0
30000.0,2018-07-30,Debt consolidation,,33.17%,975xx,OR,< 1 year,0.0
5000.0,2018-07-30,Medical expenses,,281.52%,594xx,MT,< 1 year,0.0
35000.0,2018-07-31,Debt consolidation,,30.66%,150xx,PA,< 1 year,0.0
7000.0,2018-07-31,Home improvement,,5.31%,394xx,MS,< 1 year,0.0
30000.0,2018-07-31,Business,,35.4%,957xx,CA,< 1 year,0.0
12000.0,2018-07-31,Debt consolidation,,39.14%,328xx,FL,< 1 year,0.0
20000.0,2018-07-31,Debt consolidation,,23.81%,600xx,IL,10+ years,0.0
2000.0,2018-07-31,Debt consolidation,,21.7%,801xx,CO,< 1 year,0.0
1000.0,2018-07-31,Debt consolidation,,26.27%,627xx,IL,< 1 year,0.0
5000.0,2018-07-31,Other,,1.89%,314xx,GA,< 1 year,0.0
5000.0,2018-07-31,Other,,4.61%,354xx,AL,< 1 year,0.0
30000.0,2018-07-31,Debt consolidation,,37.15%,541xx,WI,< 1 year,0.0
10000.0,2018-07-31,Debt consolidation,,34.19%,475xx,IN,< 1 year,0.0
20000.0,2018-08-01,Debt consolidation,,31.46%,565xx,MN,< 1 year,0.0
12000.0,2018-08-01,Debt consolidation,,100%,100xx,NY,< 1 year,0.0
2000.0,2018-08-01,Moving and relocation,,0%,287xx,NC,< 1 year,0.0
7000.0,2018-08-01,Debt consolidation,,14.54%,770xx,TX,< 1 year,0.0
7500.0,2018-08-01,Debt consolidation,,29.41%,806xx,CO,< 1 year,0.0
31000.0,2018-08-01,Home improvement,,1.9%,606xx,IL,< 1 year,0.0
10000.0,2018-08-02,Debt consolidation,,18.52%,700xx,LA,< 1 year,0.0
6000.0,2018-08-02,Credit card refinancing,,6.09%,180xx,PA,< 1 year,0.0
10000.0,2018-08-02,Debt consolidation,,13.9%,285xx,NC,< 1 year,0.0
10000.0,2018-08-02,Credit card refinancing,,27.55%,786xx,TX,< 1 year,0.0
20000.0,2018-08-02,Major purchase,,12.73%,361xx,AL,< 1 year,0.0
5000.0,2018-08-02,Medical expenses,,22.85%,981xx,WA,< 1 year,0.0
8000.0,2018-08-02,Debt consolidation,,40.72%,234xx,VA,< 1 year,0.0
10000.0,2018-08-02,Credit card refinancing,,62.19%,445xx,OH,< 1 year,0.0
40000.0,2018-08-02,Debt consolidation,,19.03%,191xx,PA,< 1 year,0.0
40000.0,2018-08-02,Debt consolidation,,8.71%,925xx,OR,< 1 year,0.0
10000.0,2018-08-02,Credit card refinancing,,103.1%,484xx,MI,< 1 year,0.0
5000.0,2018-08-02,Other,,4.28%,959xx,CA,< 1 year,0.0
3000.0,2018-08-03,Major purchase,,31.83%,728xx,AR,< 1 year,0.0
12500.0,2018-08-03,Credit card refinancing,,15.41%,780xx,TX,< 1 year,0.0
28000.0,2018-08-03,Debt consolidation,,26.35%,454xx,OH,< 1 year,0.0
10000.0,2018-08-03,Major purchase,,15.88%,443xx,OH,< 1 year,0.0
3000.0,2018-08-03,Business,,4.02%,365xx,AL,< 1 year,0.0
7000.0,2018-08-03,Home improvement,,11.29%,117xx,NY,< 1 year,0.0
10000.0,2018-08-03,Credit card refinancing,,42.34%,388xx,MS,< 1 year,0.0
10000.0,2018-08-03,Major purchase,,15.96%,930xx,CA,< 1 year,0.0
9500.0,2018-08-03,Debt consolidation,607.0,0%,924xx,CA,< 1 year,0.0
1300.0,2018-08-03,Other,590.0,0%,212xx,MD,< 1 year,0.0
10000.0,2018-08-03,Debt consolidation,,18.63%,857xx,AZ,< 1 year,0.0
5000.0,2018-08-03,Other,,29%,631xx,MO,8 years,0.0
1000.0,2018-08-03,Other,,0%,773xx,TX,< 1 year,0.0
5000.0,2018-08-03,Other,,0.53%,662xx,KS,< 1 year,0.0
3500.0,2018-08-03,Debt consolidation,,100%,178xx,PA,< 1 year,0.0
10000.0,2018-08-03,Other,,3.66%,196xx,PA,< 1 year,0.0
20000.0,2018-08-03,Other,,20.91%,113xx,NY,< 1 year,0.0
21000.0,2018-08-03,Debt consolidation,,15.56%,029xx,RI,< 1 year,0.0
2500.0,2018-08-04,Vacation,,72.18%,799xx,TX,< 1 year,0.0
20500.0,2018-08-04,Major purchase,,55.3%,782xx,TX,< 1 year,0.0
10000.0,2018-08-04,Debt consolidation,,187.99%,142xx,NY,< 1 year,0.0
1000.0,2018-08-04,Other,,23.04%,305xx,GA,,0.0
16575.0,2018-08-05,Car financing,,100%,303xx,GA,1 year,0.0
1000.0,2018-08-05,Other,,36.8%,853xx,AZ,< 1 year,0.0
8000.0,2018-08-05,Credit card refinancing,,21%,070xx,NJ,< 1 year,0.0
35000.0,2018-08-05,Other,,100%,334xx,FL,< 1 year,0.0
15000.0,2018-08-06,Debt consolidation,,25.36%,232xx,VA,< 1 year,0.0
1000.0,2018-08-06,Vacation,,14.1%,774xx,TX,< 1 year,0.0
5000.0,2018-08-06,Debt consolidation,,9.16%,038xx,NH,< 1 year,0.0
10000.0,2018-08-06,Credit card refinancing,,33.76%,939xx,CA,< 1 year,0.0
15500.0,2018-08-06,Debt consolidation,,100%,206xx,MD,< 1 year,0.0
2000.0,2018-08-07,Credit card refinancing,,28.19%,320xx,FL,< 1 year,0.0
12000.0,2018-08-07,Credit card refinancing,,100%,080xx,NJ,< 1 year,0.0
35000.0,2018-08-07,Debt consolidation,,27.9%,487xx,MI,,0.0
25000.0,2018-08-07,Home buying,,18.87%,705xx,LA,< 1 year,0.0
3000.0,2018-08-07,Other,,10.4%,085xx,NJ,< 1 year,0.0
25000.0,2018-08-07,Debt consolidation,,27.3%,831xx,WY,< 1 year,0.0
3000.0,2018-08-07,Credit card refinancing,,18.47%,750xx,TX,< 1 year,0.0
10000.0,2018-08-07,Debt consolidation,,46.58%,143xx,NY,< 1 year,0.0
2000.0,2018-08-07,Other,,44.62%,488xx,MI,< 1 year,0.0
10000.0,2018-08-07,Other,,31.39%,291xx,SC,< 1 year,0.0
30000.0,2018-08-07,Major purchase,,100%,296xx,SC,< 1 year,0.0
5000.0,2018-08-07,Credit card refinancing,,4.08%,331xx,FL,< 1 year,0.0
5000.0,2018-08-08,Other,,2.5%,423xx,KY,< 1 year,0.0
10000.0,2018-08-08,Other,,53.42%,705xx,LA,< 1 year,0.0
2000.0,2018-08-08,Moving and relocation,,17.01%,132xx,NY,< 1 year,0.0
35000.0,2018-08-08,Debt consolidation,,26.86%,787xx,TX,< 1 year,0.0
15000.0,2018-08-08,Credit card refinancing,,13.1%,100xx,NY,< 1 year,0.0
5500.0,2018-08-08,Other,,5.5%,190xx,PA,< 1 year,0.0
25550.0,2018-08-08,Business,,3.07%,483xx,MI,< 1 year,0.0
18000.0,2018-08-08,Credit card refinancing,,31.01%,128xx,NY,7 years,0.0
25000.0,2018-08-08,Debt consolidation,,33.68%,914xx,CA,10+ years,0.0
35000.0,2018-08-08,Debt consolidation,,48.7%,334xx,FL,< 1 year,0.0
7000.0,2018-08-08,Other,,11.87%,275xx,NC,< 1 year,0.0
10000.0,2018-08-08,Vacation,,0.46%,882xx,NM,< 1 year,0.0
3000.0,2018-08-08,Debt consolidation,,18.68%,488xx,MI,< 1 year,0.0
4000.0,2018-08-08,Other,,1.79%,761xx,OK,< 1 year,0.0
10000.0,2018-08-08,Other,,9.13%,067xx,CT,< 1 year,0.0
10000.0,2018-08-08,Credit card refinancing,,34.2%,948xx,CA,< 1 year,0.0
33000.0,2018-08-09,Debt consolidation,,23.95%,316xx,GA,< 1 year,0.0
35000.0,2018-08-09,Credit card refinancing,,23.85%,483xx,MI,< 1 year,0.0
2000.0,2018-08-09,Debt consolidation,,12.98%,303xx,GA,< 1 year,0.0
10000.0,2018-08-09,Credit card refinancing,,31.31%,240xx,VA,< 1 year,0.0
1500.0,2018-08-09,Other,,34.73%,641xx,MO,< 1 year,0.0
20000.0,2018-08-09,Other,,13.46%,871xx,NM,< 1 year,0.0
16000.0,2018-08-09,Car financing,,18.78%,372xx,TN,< 1 year,0.0
1000.0,2018-08-09,Major purchase,,1.78%,017xx,MA,< 1 year,0.0
40000.0,2018-08-09,Debt consolidation,,100%,080xx,NJ,< 1 year,0.0
4000.0,2018-08-09,Debt consolidation,,100%,700xx,LA,< 1 year,0.0
20000.0,2018-08-09,Debt consolidation,,38.82%,370xx,TN,< 1 year,0.0
30000.0,2018-08-09,Debt consolidation,,9.62%,115xx,NY,< 1 year,0.0
10000.0,2018-08-09,Debt consolidation,,30.88%,606xx,IL,< 1 year,0.0
12000.0,2018-08-09,Debt consolidation,,22.15%,956xx,CA,< 1 year,0.0
5000.0,2018-08-10,Debt consolidation,,26.11%,328xx,FL,< 1 year,0.0
13000.0,2018-08-10,Debt consolidation,,37.47%,600xx,IL,< 1 year,0.0
5000.0,2018-08-10,Debt consolidation,,349.6%,334xx,FL,< 1 year,0.0
15000.0,2018-08-10,Credit card refinancing,,53.08%,331xx,FL,< 1 year,0.0
1500.0,2018-08-10,Debt consolidation,,18.63%,391xx,MS,< 1 year,0.0
1000.0,2018-08-10,Other,,15.67%,489xx,MI,< 1 year,0.0
40000.0,2018-08-10,Debt consolidation,,19.63%,606xx,IL,9 years,0.0
17000.0,2018-08-11,Credit card refinancing,,46.96%,701xx,LA,,0.0
3700.0,2018-08-11,Other,,4.32%,667xx,KS,4 years,0.0
10000.0,2018-08-11,Credit card refinancing,,9.2%,601xx,IL,< 1 year,0.0
10000.0,2018-08-11,Debt consolidation,,37.4%,716xx,AR,< 1 year,0.0
4000.0,2018-08-11,Credit card refinancing,,100%,015xx,MA,< 1 year,0.0
4000.0,2018-08-11,Debt consolidation,,6.13%,657xx,MO,< 1 year,0.0
1000.0,2018-08-12,Debt consolidation,,24.17%,775xx,TX,< 1 year,0.0
15000.0,2018-08-12,Other,,54.9%,199xx,DE,< 1 year,0.0
20100.0,2018-08-12,Car financing,,100%,279xx,NC,9 years,0.0
15000.0,2018-08-12,Other,,66.9%,532xx,WI,< 1 year,0.0
30000.0,2018-08-12,Debt consolidation,,16.76%,750xx,TX,< 1 year,0.0
15000.0,2018-08-13,Debt consolidation,,41.89%,388xx,MS,< 1 year,0.0
6000.0,2018-08-13,Debt consolidation,,33.51%,783xx,TX,< 1 year,0.0
8000.0,2018-08-13,Credit card refinancing,,13.1%,805xx,CO,< 1 year,0.0
7000.0,2018-08-13,Debt consolidation,,1.08%,490xx,MI,< 1 year,0.0
2500.0,2018-08-13,Car financing,,35.02%,151xx,PA,< 1 year,0.0
1400.0,2018-08-13,Other,,100%,564xx,MN,< 1 year,0.0
9000.0,2018-08-13,Medical expenses,,37.75%,334xx,FL,1 year,0.0
3000.0,2018-08-13,Other,,100%,801xx,CO,< 1 year,0.0
40000.0,2018-08-13,Debt consolidation,,100%,430xx,OH,< 1 year,0.0
4500.0,2018-08-14,Other,,0.54%,934xx,CA,< 1 year,0.0
3000.0,2018-08-14,Car financing,,5.9%,273xx,NC,< 1 year,0.0
20000.0,2018-08-14,Debt consolidation,,29.35%,070xx,NJ,< 1 year,0.0
3000.0,2018-08-14,Debt consolidation,,17.9%,551xx,MN,< 1 year,0.0
25000.0,2018-08-14,Debt consolidation,,30.08%,462xx,IN,< 1 year,0.0
25000.0,2018-08-14,Credit card refinancing,,2.29%,452xx,OH,< 1 year,0.0
2500.0,2018-08-14,Vacation,,100%,021xx,MA,< 1 year,0.0
35000.0,2018-08-14,Credit card refinancing,,40.84%,750xx,TX,< 1 year,0.0
25000.0,2018-08-14,Other,,9.23%,949xx,CA,< 1 year,0.0
5000.0,2018-08-14,Debt consolidation,,94.85%,781xx,TX,< 1 year,0.0
16000.0,2018-08-14,Debt consolidation,,100%,019xx,MA,< 1 year,0.0
30000.0,2018-08-14,Other,,10.83%,928xx,CA,< 1 year,0.0
30000.0,2018-08-14,Debt consolidation,,61.75%,657xx,MO,,0.0
10000.0,2018-08-15,Debt consolidation,,11.6%,981xx,WA,< 1 year,0.0
15000.0,2018-08-15,Credit card refinancing,,24.75%,136xx,NY,< 1 year,0.0
23000.0,2018-08-15,Debt consolidation,,26.17%,605xx,IL,< 1 year,0.0
40000.0,2018-08-15,Credit card refinancing,,24.02%,463xx,IN,< 1 year,0.0
1000.0,2018-08-15,Other,,3.75%,937xx,CA,< 1 year,0.0
18500.0,2018-08-15,Home buying,,33.01%,107xx,NY,< 1 year,0.0
28000.0,2018-08-15,Debt consolidation,,0%,926xx,CA,< 1 year,0.0
10000.0,2018-08-15,Other,,33.85%,997xx,AK,< 1 year,0.0
1000.0,2018-08-15,Moving and relocation,,28.01%,370xx,TN,< 1 year,0.0
28000.0,2018-08-15,Debt consolidation,,11.78%,488xx,MI,< 1 year,0.0
10000.0,2018-08-15,Debt consolidation,,7.88%,923xx,CA,< 1 year,0.0
2500.0,2018-08-16,Medical expenses,,100%,461xx,IN,< 1 year,0.0
7500.0,2018-08-16,Debt consolidation,,18.9%,060xx,CT,< 1 year,0.0
20000.0,2018-08-16,Major purchase,,12.28%,840xx,UT,2 years,0.0
8400.0,2018-08-16,Other,,21.65%,100xx,NY,< 1 year,0.0
15000.0,2018-08-16,Debt consolidation,,47.7%,439xx,OH,< 1 year,0.0
10000.0,2018-08-16,Debt consolidation,,14.07%,900xx,CA,< 1 year,0.0
20000.0,2018-08-16,Medical expenses,,100%,554xx,MN,< 1 year,0.0
2000.0,2018-08-16,Debt consolidation,,11.59%,906xx,CA,< 1 year,0.0
10000.0,2018-08-16,Debt consolidation,,34.82%,761xx,TX,< 1 year,0.0
2500.0,2018-08-16,Business,,44.67%,104xx,NY,< 1 year,0.0
15000.0,2018-08-17,Debt consolidation,,26.84%,972xx,OR,< 1 year,0.0
40000.0,2018-08-17,Debt consolidation,,189.08%,404xx,KY,< 1 year,0.0
35000.0,2018-08-17,Major purchase,,20.08%,335xx,FL,< 1 year,0.0
13000.0,2018-08-17,Debt consolidation,,9.56%,900xx,CA,4 years,2.0
2200.0,2018-08-17,Debt consolidation,,6.49%,900xx,CA,< 1 year,0.0
1000.0,2018-08-17,Other,,6.27%,986xx,WA,< 1 year,0.0
5000.0,2018-08-17,Other,,6.32%,049xx,ME,< 1 year,0.0
17525.0,2018-08-17,Car financing,,100%,837xx,ID,6 years,0.0
2000.0,2018-08-17,Debt consolidation,,4.37%,660xx,KS,< 1 year,0.0
10000.0,2018-08-18,Credit card refinancing,,23.38%,296xx,SC,< 1 year,0.0
6000.0,2018-08-18,Debt consolidation,,32.45%,380xx,TN,< 1 year,0.0
4500.0,2018-08-18,Credit card refinancing,,7.38%,601xx,IL,< 1 year,0.0
6500.0,2018-08-18,Debt consolidation,,20.22%,176xx,PA,< 1 year,0.0
6500.0,2018-08-18,Credit card refinancing,,13.85%,080xx,NJ,< 1 year,0.0
6000.0,2018-08-18,Debt consolidation,,6.29%,760xx,TX,< 1 year,0.0
5000.0,2018-08-18,Major purchase,,20.52%,926xx,CA,< 1 year,0.0
25000.0,2018-08-18,Debt consolidation,,17.57%,253xx,WV,< 1 year,0.0
8000.0,2018-08-18,Credit card refinancing,,24.44%,207xx,MD,< 1 year,0.0
19200.0,2018-08-19,Car financing,,100%,408xx,KY,,0.0
40000.0,2018-08-19,Credit card refinancing,,33.92%,926xx,CA,< 1 year,0.0
6000.0,2018-08-19,Other,,28.16%,370xx,TN,< 1 year,0.0
2500.0,2018-08-19,Home buying,,4.25%,681xx,NE,< 1 year,0.0
10000.0,2018-08-19,Credit card refinancing,,9.94%,068xx,CT,2 years,2.0
20000.0,2018-08-19,Credit card refinancing,,31.54%,142xx,NY,< 1 year,0.0
7500.0,2018-08-19,Other,,7.93%,453xx,OH,< 1 year,0.0
6000.0,2018-08-20,Debt consolidation,,3.12%,325xx,FL,< 1 year,0.0
10000.0,2018-08-20,Debt consolidation,,5.05%,770xx,TX,< 1 year,0.0
30000.0,2018-08-20,Debt consolidation,,49.54%,370xx,TN,< 1 year,0.0
25000.0,2018-08-20,Debt consolidation,,31.61%,299xx,SC,< 1 year,0.0
20800.0,2018-08-20,Car financing,,100%,349xx,FL,2 years,0.0
15000.0,2018-08-20,Debt consolidation,,27.97%,112xx,NY,< 1 year,0.0
15000.0,2018-08-20,Other,,13.32%,925xx,CA,< 1 year,0.0
7000.0,2018-08-20,Credit card refinancing,,45.03%,806xx,CO,< 1 year,0.0
20000.0,2018-08-20,Debt consolidation,,25.61%,296xx,SC,5 years,0.0
25000.0,2018-08-20,Debt consolidation,,31.78%,446xx,OH,< 1 year,0.0
3000.0,2018-08-20,Other,694.0,0.29%,112xx,NY,< 1 year,0.0
10000.0,2018-08-20,Credit card refinancing,,14.69%,891xx,NV,< 1 year,0.0
10000.0,2018-08-20,Other,634.0,0.43%,301xx,GA,< 1 year,0.0
15000.0,2018-08-20,Debt consolidation,,11.23%,331xx,FL,< 1 year,0.0
4500.0,2018-08-20,Other,,24.83%,136xx,NY,< 1 year,0.0
5000.0,2018-08-20,Debt consolidation,,32.91%,660xx,KS,< 1 year,0.0
20000.0,2018-08-21,Other,,31.55%,600xx,IL,< 1 year,0.0
6000.0,2018-08-21,Debt consolidation,,23.1%,015xx,MA,< 1 year,0.0
40000.0,2018-08-21,Debt consolidation,,22.12%,630xx,MO,< 1 year,0.0
5000.0,2018-08-21,Debt consolidation,,12.53%,875xx,NM,< 1 year,0.0
10000.0,2018-08-21,Credit card refinancing,,32.48%,370xx,TN,< 1 year,0.0
2600.0,2018-08-21,Car financing,,42.08%,958xx,CA,< 1 year,0.0
10000.0,2018-08-21,Car financing,,2.19%,967xx,HI,< 1 year,0.0
40000.0,2018-08-21,Debt consolidation,,52.29%,212xx,MD,< 1 year,0.0
15000.0,2018-08-21,Credit card refinancing,,32.46%,472xx,IN,< 1 year,0.0
14175.0,2018-08-21,Credit card refinancing,,100%,287xx,NC,< 1 year,0.0
2000.0,2018-08-21,Medical expenses,,0%,770xx,TX,< 1 year,0.0
3000.0,2018-08-22,Major purchase,,2.34%,981xx,WA,2 years,0.0
35000.0,2018-08-22,Credit card refinancing,,10.61%,484xx,MI,< 1 year,0.0
10000.0,2018-08-22,Credit card refinancing,,12.63%,245xx,VA,< 1 year,0.0
23500.0,2018-08-22,Other,,45.87%,927xx,CA,3 years,0.0
5000.0,2018-08-22,Other,,10.23%,071xx,NJ,,0.0
10000.0,2018-08-22,Debt consolidation,,32.44%,770xx,TX,< 1 year,0.0
35000.0,2018-08-22,Other,,45.28%,647xx,MI,< 1 year,0.0
10000.0,2018-08-22,Debt consolidation,,0.08%,904xx,CA,< 1 year,0.0
30000.0,2018-08-22,Debt consolidation,,18.6%,119xx,NY,< 1 year,0.0
6000.0,2018-08-22,Major purchase,,315.56%,446xx,OH,< 1 year,0.0
35000.0,2018-08-22,Debt consolidation,,24.31%,217xx,MD,< 1 year,0.0
5000.0,2018-08-22,Other,,9999%,559xx,MN,< 1 year,0.0
20000.0,2018-08-22,Major purchase,,1.43%,951xx,CA,< 1 year,0.0
40000.0,2018-08-22,Credit card refinancing,,45.06%,273xx,NC,< 1 year,0.0
2000.0,2018-08-23,Debt consolidation,,25.2%,441xx,OH,< 1 year,0.0
10000.0,2018-08-23,Home buying,,21.32%,336xx,FL,< 1 year,0.0
10000.0,2018-08-23,Other,,10%,342xx,FL,< 1 year,0.0
40000.0,2018-08-23,Debt consolidation,,1.78%,280xx,NC,< 1 year,0.0
3000.0,2018-08-23,Other,,29.2%,765xx,TX,< 1 year,0.0
10000.0,2018-08-23,Debt consolidation,,22.28%,200xx,DC,< 1 year,0.0
15000.0,2018-08-23,Debt consolidation,,30.26%,539xx,WI,10+ years,0.0
10000.0,2018-08-23,Credit card refinancing,,4.05%,951xx,CA,< 1 year,0.0
10000.0,2018-08-23,Credit card refinancing,,42.14%,342xx,FL,< 1 year,0.0
10000.0,2018-08-23,Home buying,,100%,077xx,NJ,< 1 year,0.0
15000.0,2018-08-23,Other,,3.23%,112xx,NY,< 1 year,0.0
20000.0,2018-08-23,Credit card refinancing,,50.1%,799xx,TX,< 1 year,0.0
10000.0,2018-08-24,Debt consolidation,,18.49%,305xx,GA,< 1 year,0.0
1000.0,2018-08-24,Major purchase,,0%,225xx,VA,< 1 year,0.0
7500.0,2018-08-24,Debt consolidation,,47.57%,368xx,AL,,0.0
5000.0,2018-08-24,Major purchase,,5.22%,740xx,OK,< 1 year,0.0
5525.0,2018-08-24,Debt consolidation,,33.25%,627xx,IL,< 1 year,0.0
2500.0,2018-08-24,Other,559.0,2.15%,662xx,KS,5 years,0.0
10000.0,2018-08-24,Other,,11.72%,774xx,TX,< 1 year,0.0
7000.0,2018-08-25,Other,,29.86%,262xx,WV,< 1 year,0.0
10000.0,2018-08-25,Other,,17.33%,109xx,NY,< 1 year,0.0
1500.0,2018-08-25,Debt consolidation,,15.84%,717xx,AR,< 1 year,0.0
1500.0,2018-08-25,Other,,9.7%,112xx,NY,< 1 year,0.0
1000.0,2018-08-25,Other,,0%,606xx,IL,< 1 year,0.0
20000.0,2018-08-25,Debt consolidation,,47.93%,338xx,FL,< 1 year,0.0
7000.0,2018-08-25,Moving and relocation,,100%,806xx,CO,< 1 year,0.0
10000.0,2018-08-25,Debt consolidation,,26.75%,295xx,SC,< 1 year,0.0
21500.0,2018-08-26,Other,549.0,0.46%,712xx,LA,5 years,0.0
11000.0,2018-08-26,Other,599.0,25.32%,968xx,HI,< 1 year,0.0
20000.0,2018-08-26,Debt consolidation,,4.38%,330xx,FL,< 1 year,0.0
30000.0,2018-08-26,Home buying,,100%,028xx,RI,< 1 year,0.0
2000.0,2018-08-26,Home improvement,,84.34%,298xx,SC,< 1 year,0.0
3000.0,2018-08-26,Credit card refinancing,,44.93%,330xx,FL,< 1 year,0.0
5500.0,2018-08-26,Credit card refinancing,,31%,763xx,TX,< 1 year,0.0
3000.0,2018-08-27,Home improvement,,10.18%,274xx,NC,7 years,0.0
10000.0,2018-08-27,Debt consolidation,,10.15%,769xx,TX,< 1 year,0.0
1000.0,2018-08-27,Moving and relocation,,12.93%,535xx,WI,< 1 year,0.0
1500.0,2018-08-27,Major purchase,,0%,296xx,SC,< 1 year,0.0
22000.0,2018-08-27,Car financing,,46.4%,481xx,MI,< 1 year,0.0
8000.0,2018-08-27,Home improvement,,5.56%,272xx,NC,< 1 year,0.0
5000.0,2018-08-27,Other,,3.5%,109xx,NY,< 1 year,0.0
18000.0,2018-08-27,Credit card refinancing,,45.75%,206xx,MD,< 1 year,0.0
2000.0,2018-08-27,Other,,100%,932xx,CA,< 1 year,0.0
20000.0,2018-08-27,Home buying,,42.61%,327xx,FL,< 1 year,0.0
20000.0,2018-08-27,Other,,68.76%,786xx,TX,< 1 year,0.0
27000.0,2018-08-27,Debt consolidation,,16.41%,925xx,CA,< 1 year,0.0
5000.0,2018-08-28,Other,,7.67%,208xx,MD,< 1 year,0.0
10000.0,2018-08-28,Debt consolidation,,5.1%,928xx,CA,< 1 year,0.0
1000.0,2018-08-28,Other,,2.2%,338xx,FL,5 years,0.0
1500.0,2018-08-28,Car financing,584.0,6.92%,484xx,MI,2 years,0.0
8000.0,2018-08-28,Other,,15.48%,580xx,ND,< 1 year,0.0
2000.0,2018-08-28,Credit card refinancing,,11.63%,700xx,LA,< 1 year,0.0
15000.0,2018-08-28,Credit card refinancing,,15.13%,760xx,TX,< 1 year,0.0
5000.0,2018-08-28,Home buying,,4.04%,850xx,AZ,,0.0
20000.0,2018-08-28,Debt consolidation,598.0,45.98%,847xx,UT,< 1 year,0.0
6900.0,2018-08-28,Medical expenses,,100%,707xx,LA,< 1 year,0.0
2500.0,2018-08-28,Home buying,,100%,718xx,AR,5 years,0.0
40000.0,2018-08-28,Home improvement,,11.19%,432xx,OH,< 1 year,0.0
5000.0,2018-08-28,Debt consolidation,,26.34%,392xx,MS,< 1 year,0.0
10000.0,2018-08-28,Other,,56.91%,968xx,HI,< 1 year,0.0
35000.0,2018-08-29,Major purchase,,18.52%,773xx,TX,< 1 year,0.0
12500.0,2018-08-29,Major purchase,,0%,616xx,IL,1 year,0.0
1000.0,2018-08-29,Other,,26.75%,405xx,KY,< 1 year,0.0
20000.0,2018-08-29,Debt consolidation,,40.5%,116xx,NY,< 1 year,0.0
40000.0,2018-08-29,Other,,17.03%,799xx,TX,< 1 year,0.0
10000.0,2018-08-29,Debt consolidation,,28.71%,149xx,NY,< 1 year,0.0
12000.0,2018-08-29,Credit card refinancing,,9.33%,347xx,FL,4 years,0.0
10000.0,2018-08-29,Home improvement,,3.81%,295xx,SC,< 1 year,0.0
26425.0,2018-08-29,Car financing,,100%,852xx,AZ,< 1 year,0.0
25000.0,2018-08-29,Debt consolidation,,41.95%,298xx,SC,< 1 year,0.0
5000.0,2018-08-29,Credit card refinancing,,10.1%,481xx,MI,< 1 year,0.0
40000.0,2018-08-29,Debt consolidation,,100%,840xx,UT,< 1 year,0.0
2500.0,2018-08-29,Debt consolidation,664.0,35.42%,891xx,NV,< 1 year,0.0
20000.0,2018-08-29,Debt consolidation,,42.13%,700xx,LA,< 1 year,0.0
1000.0,2018-08-29,Other,,0%,836xx,ID,< 1 year,0.0
15000.0,2018-08-30,Debt consolidation,,22.18%,604xx,IL,,0.0
8000.0,2018-08-30,Other,,15.14%,073xx,NJ,< 1 year,0.0
9000.0,2018-08-30,Debt consolidation,,9.76%,315xx,GA,< 1 year,0.0
25000.0,2018-08-30,Debt consolidation,,25.11%,936xx,CA,< 1 year,0.0
35000.0,2018-08-30,Debt consolidation,,29.39%,178xx,PA,< 1 year,0.0
5000.0,2018-08-30,Credit card refinancing,,24.57%,601xx,IL,< 1 year,0.0
7000.0,2018-08-30,Debt consolidation,,228%,478xx,IN,< 1 year,0.0
10000.0,2018-08-30,Home buying,,100%,752xx,TX,< 1 year,0.0
23000.0,2018-08-31,Other,607.0,0%,721xx,AR,< 1 year,0.0
1700.0,2018-08-31,Credit card refinancing,,27.58%,474xx,IN,< 1 year,0.0
20000.0,2018-08-31,Debt consolidation,,29.25%,853xx,AZ,< 1 year,0.0
10000.0,2018-08-31,Other,,17.93%,282xx,NC,< 1 year,0.0
1000.0,2018-08-31,Other,,0%,798xx,TX,< 1 year,0.0
35000.0,2018-08-31,Debt consolidation,,14.08%,804xx,CO,< 1 year,0.0
6475.0,2018-08-31,Car financing,,3.94%,760xx,TX,< 1 year,0.0
30000.0,2018-08-31,Other,,14.55%,325xx,FL,< 1 year,0.0
1000.0,2018-08-31,Debt consolidation,618.0,1.2%,379xx,TN,< 1 year,0.0
35000.0,2018-08-31,Debt consolidation,,28.83%,229xx,VA,< 1 year,0.0
16000.0,2018-09-01,Debt consolidation,,24.61%,890xx,NV,,0.0
12000.0,2018-09-01,Debt consolidation,,74.45%,652xx,MO,< 1 year,0.0
7000.0,2018-09-01,Credit card refinancing,,21.6%,029xx,RI,3 years,0.0
10000.0,2018-09-01,Debt consolidation,,19.57%,750xx,TX,< 1 year,0.0
2500.0,2018-09-01,Debt consolidation,,32.96%,344xx,FL,< 1 year,0.0
1000.0,2018-09-01,Other,,30.63%,726xx,AR,,0.0
10000.0,2018-09-01,Debt consolidation,,28.47%,152xx,PA,< 1 year,0.0
3000.0,2018-09-01,Credit card refinancing,,45.02%,801xx,CO,< 1 year,0.0
30000.0,2018-09-01,Debt consolidation,,36.7%,303xx,GA,< 1 year,0.0
6000.0,2018-09-01,Debt consolidation,,34.94%,762xx,TX,< 1 year,0.0
8000.0,2018-09-01,Credit card refinancing,,100%,281xx,NC,< 1 year,0.0
1500.0,2018-09-01,Debt consolidation,,6.75%,588xx,ND,< 1 year,0.0
10000.0,2018-09-02,Debt consolidation,,2.47%,065xx,CT,10+ years,0.0
10000.0,2018-09-02,Debt consolidation,,60.27%,327xx,FL,< 1 year,0.0
35000.0,2018-09-02,Debt consolidation,,31.51%,327xx,FL,< 1 year,0.0
10000.0,2018-09-02,Car financing,,4.57%,258xx,WV,< 1 year,0.0
15000.0,2018-09-02,Debt consolidation,,7.66%,200xx,DC,< 1 year,0.0
200000.0,2018-09-02,Business Loan,,-1%,172xx,PA,< 1 year,0.0
10000.0,2018-09-02,Debt consolidation,,14.56%,481xx,MI,< 1 year,0.0
10000.0,2018-09-02,Business,,100%,088xx,NJ,< 1 year,0.0
1000.0,2018-09-02,Vacation,,4.52%,940xx,CA,3 years,0.0
20000.0,2018-09-02,Major purchase,,13.87%,282xx,NC,< 1 year,0.0
10000.0,2018-09-03,Credit card refinancing,,10.31%,334xx,FL,< 1 year,0.0
40000.0,2018-09-03,Home buying,,5.7%,981xx,WA,< 1 year,0.0
1000.0,2018-09-03,Other,,0%,442xx,OH,< 1 year,0.0
10000.0,2018-09-03,Other,,100%,282xx,NC,< 1 year,0.0
10000.0,2018-09-03,Business Loan,,-1%,841xx,UT,< 1 year,0.0
15000.0,2018-09-04,Debt consolidation,,21.88%,319xx,GA,< 1 year,0.0
5000.0,2018-09-04,Other,,12.11%,358xx,AL,< 1 year,0.0
1200.0,2018-09-04,Debt consolidation,,26.79%,917xx,CA,< 1 year,0.0
20000.0,2018-09-04,Debt consolidation,,15.94%,261xx,WV,< 1 year,0.0
35000.0,2018-09-04,Credit card refinancing,,22.27%,927xx,CA,< 1 year,0.0
35000.0,2018-09-04,Debt consolidation,,52.42%,339xx,FL,< 1 year,0.0
30000.0,2018-09-04,Other,,30.85%,381xx,TN,< 1 year,0.0
4500.0,2018-09-04,Other,,28.75%,761xx,TX,< 1 year,0.0
10000.0,2018-09-04,Debt consolidation,596.0,32%,320xx,FL,< 1 year,0.0
8000.0,2018-09-04,Credit card refinancing,,48.57%,754xx,TX,< 1 year,0.0
35000.0,2018-09-04,Other,,8.3%,330xx,FL,< 1 year,0.0
1000.0,2018-09-04,Other,,229.33%,751xx,TX,< 1 year,0.0
2500.0,2018-09-05,Credit card refinancing,,17.97%,613xx,IL,< 1 year,0.0
2500.0,2018-09-05,Other,,29.22%,730xx,OK,< 1 year,0.0
15000.0,2018-09-05,Other,,4.13%,054xx,VT,< 1 year,0.0
5000.0,2018-09-05,Credit card refinancing,,121.69%,335xx,FL,< 1 year,0.0
10000.0,2018-09-05,Home improvement,,7.36%,760xx,TX,10+ years,0.0
17000.0,2018-09-05,Debt consolidation,,45.82%,104xx,NY,< 1 year,0.0
30000.0,2018-09-05,Debt consolidation,,326.75%,917xx,CA,< 1 year,0.0
16500.0,2018-09-05,Debt consolidation,,44.06%,068xx,CT,< 1 year,0.0
3000.0,2018-09-05,Other,,31.36%,923xx,CA,< 1 year,0.0
13000.0,2018-09-05,Other,593.0,0.51%,535xx,WI,< 1 year,0.0
1000.0,2018-09-05,Car financing,,0%,921xx,CA,< 1 year,0.0
10000.0,2018-09-05,Credit card refinancing,,30.43%,481xx,MI,< 1 year,0.0
5000.0,2018-09-05,Home buying,,12.29%,322xx,FL,< 1 year,0.0
10000.0,2018-09-05,Credit card refinancing,,26.73%,967xx,HI,< 1 year,0.0
7000.0,2018-09-05,Car financing,,3.44%,970xx,OR,,0.0
35000.0,2018-09-05,Major purchase,,7.08%,925xx,CA,< 1 year,0.0
15000.0,2018-09-06,Debt consolidation,,47.09%,346xx,FL,< 1 year,0.0
10000.0,2018-09-06,Credit card refinancing,,28.42%,770xx,TX,< 1 year,0.0
10000.0,2018-09-06,Home buying,,21.36%,403xx,KY,< 1 year,0.0
1000.0,2018-09-06,Car financing,,0%,618xx,IL,,0.0
21450.0,2018-09-06,Home buying,,8.13%,750xx,TX,< 1 year,0.0
5000.0,2018-09-06,Debt consolidation,,15.58%,800xx,CO,< 1 year,0.0
10000.0,2018-09-06,Debt consolidation,,49.86%,547xx,WI,< 1 year,0.0
15000.0,2018-09-06,Debt consolidation,,55.67%,913xx,CA,< 1 year,0.0
15500.0,2018-09-06,Debt consolidation,,26.11%,984xx,WA,,0.0
5000.0,2018-09-06,Debt consolidation,,40.04%,793xx,TX,< 1 year,0.0
40000.0,2018-09-06,Business,,5.42%,331xx,FL,< 1 year,0.0
15000.0,2018-09-06,Debt consolidation,,100%,144xx,NY,< 1 year,0.0
13000.0,2018-09-06,Debt consolidation,,31.31%,454xx,OH,< 1 year,0.0
25000.0,2018-09-06,Debt consolidation,,19.64%,231xx,VA,< 1 year,0.0
7500.0,2018-09-06,Debt consolidation,,11.09%,451xx,OH,< 1 year,0.0
3500.0,2018-09-06,Other,612.0,10.21%,853xx,AZ,< 1 year,0.0
50000.0,2018-09-07,Business Loan,,-1%,030xx,NH,< 1 year,0.0
6000.0,2018-09-07,Debt consolidation,,9.24%,548xx,WI,< 1 year,0.0
3500.0,2018-09-07,Other,,10.47%,492xx,MI,< 1 year,0.0
5000.0,2018-09-07,Home buying,,22.41%,109xx,NY,< 1 year,0.0
6000.0,2018-09-07,Credit card refinancing,,12.33%,388xx,MS,< 1 year,0.0
13000.0,2018-09-07,Credit card refinancing,,60.68%,614xx,IL,< 1 year,0.0
5000.0,2018-09-07,Debt consolidation,,12.94%,498xx,MI,4 years,0.0
23000.0,2018-09-07,Debt consolidation,,4.51%,986xx,WA,< 1 year,0.0
19650.0,2018-09-07,Credit card refinancing,,100%,212xx,MD,< 1 year,0.0
3500.0,2018-09-07,Credit card refinancing,,41.86%,937xx,CA,< 1 year,0.0
9000.0,2018-09-08,Debt consolidation,,0%,481xx,MI,< 1 year,0.0
22000.0,2018-09-08,Other,,44.34%,156xx,PA,< 1 year,0.0
20000.0,2018-09-08,Debt consolidation,,175.49%,337xx,FL,< 1 year,0.0
6000.0,2018-09-08,Moving and relocation,,32.71%,021xx,MA,< 1 year,0.0
6000.0,2018-09-08,Home improvement,,30.91%,705xx,LA,< 1 year,0.0
30000.0,2018-09-08,Debt consolidation,,20.45%,479xx,IN,< 1 year,0.0
4000.0,2018-09-08,Moving and relocation,,18.78%,339xx,FL,< 1 year,0.0
5000.0,2018-09-08,Business,,0%,530xx,WI,< 1 year,0.0
40000.0,2018-09-08,Debt consolidation,,84.07%,349xx,FL,< 1 year,0.0
2000.0,2018-09-08,Home improvement,550.0,0%,407xx,KY,< 1 year,0.0
10000.0,2018-09-08,Credit card refinancing,,31.85%,856xx,AZ,< 1 year,0.0
20000.0,2018-09-08,Car financing,,36.67%,620xx,IL,< 1 year,0.0
25000.0,2018-09-08,Debt consolidation,,26.91%,852xx,AZ,< 1 year,0.0
25000.0,2018-09-08,Debt consolidation,,22.8%,180xx,PA,< 1 year,0.0
2000.0,2018-09-08,Major purchase,,100%,931xx,CA,< 1 year,0.0
1000.0,2018-09-09,Other,,0%,286xx,NC,< 1 year,0.0
10000.0,2018-09-09,Credit card refinancing,,55.93%,356xx,AL,< 1 year,0.0
35000.0,2018-09-09,Debt consolidation,,35.64%,799xx,TX,< 1 year,0.0
5000.0,2018-09-09,Moving and relocation,,100%,272xx,NC,< 1 year,0.0
5000.0,2018-09-09,Medical expenses,,7.41%,480xx,MI,< 1 year,0.0
10000.0,2018-09-09,Credit card refinancing,,10%,101xx,NY,< 1 year,0.0
10000.0,2018-09-09,Credit card refinancing,,19.43%,080xx,NJ,< 1 year,0.0
12000.0,2018-09-09,Debt consolidation,,16.87%,209xx,MD,< 1 year,0.0
20000.0,2018-09-09,Debt consolidation,,16.73%,913xx,CA,< 1 year,0.0
10000.0,2018-09-10,Medical expenses,,15.98%,212xx,MD,< 1 year,0.0
13000.0,2018-09-10,Debt consolidation,,8.88%,735xx,OK,< 1 year,0.0
10000.0,2018-09-10,Credit card refinancing,,19.68%,481xx,MI,< 1 year,0.0
5000.0,2018-09-10,Other,,15.26%,441xx,OH,< 1 year,0.0
25000.0,2018-09-10,Debt consolidation,,34.73%,159xx,PA,< 1 year,0.0
20000.0,2018-09-10,Debt consolidation,,10.24%,853xx,AZ,< 1 year,0.0
1000.0,2018-09-10,Other,,42%,386xx,MS,< 1 year,0.0
1000.0,2018-09-10,Other,,5.38%,319xx,GA,< 1 year,0.0
10000.0,2018-09-10,Car financing,,100%,178xx,PA,< 1 year,0.0
10900.0,2018-09-10,Green loan,,11.96%,104xx,SD,< 1 year,0.0
7000.0,2018-09-10,Debt consolidation,,14.91%,292xx,SC,< 1 year,0.0
20000.0,2018-09-10,Debt consolidation,,46.07%,802xx,CO,< 1 year,0.0
30000.0,2018-09-10,Other,,23.61%,462xx,IN,< 1 year,0.0
10000.0,2018-09-10,Other,,31.66%,175xx,PA,< 1 year,0.0
3500.0,2018-09-11,Debt consolidation,,24.71%,342xx,FL,< 1 year,0.0
1000.0,2018-09-11,Other,631.0,1%,199xx,DE,2 years,0.0
40000.0,2018-09-11,Credit card refinancing,,33.87%,292xx,SC,< 1 year,0.0
3000.0,2018-09-11,Other,665.0,0%,925xx,CA,,0.0
1000.0,2018-09-11,Credit card refinancing,,35.93%,780xx,TX,< 1 year,0.0
30000.0,2018-09-11,Debt consolidation,,27.29%,302xx,GA,10+ years,0.0
5000.0,2018-09-11,Debt consolidation,,52.21%,606xx,IL,< 1 year,0.0
17500.0,2018-09-11,Debt consolidation,,95.56%,181xx,PA,< 1 year,0.0
5000.0,2018-09-11,Debt consolidation,,29.72%,652xx,MO,< 1 year,0.0
5000.0,2018-09-11,Major purchase,,2.63%,891xx,NV,< 1 year,0.0
12000.0,2018-09-11,Debt consolidation,,24.8%,761xx,TX,< 1 year,0.0
35000.0,2018-09-11,Major purchase,,30.61%,952xx,CA,< 1 year,0.0
10000.0,2018-09-12,Debt consolidation,,0.71%,075xx,NJ,< 1 year,0.0
5000.0,2018-09-12,Major purchase,,5.94%,012xx,MA,< 1 year,0.0
10000.0,2018-09-12,Home buying,,15.78%,932xx,CA,< 1 year,0.0
35000.0,2018-09-12,Medical expenses,,66.82%,060xx,CT,< 1 year,0.0
5000.0,2018-09-12,Credit card refinancing,,5.13%,906xx,CA,,0.0
9600.0,2018-09-12,Credit card refinancing,,14.06%,554xx,MN,< 1 year,0.0
4000.0,2018-09-12,Other,,398.15%,481xx,MI,< 1 year,0.0
18500.0,2018-09-12,Other,,25.49%,785xx,TX,< 1 year,0.0
25000.0,2018-09-12,Debt consolidation,,48.45%,541xx,WI,< 1 year,0.0
4200.0,2018-09-12,Credit card refinancing,,22.43%,300xx,GA,< 1 year,0.0
5000.0,2018-09-13,Debt consolidation,,26.05%,070xx,NJ,< 1 year,0.0
4000.0,2018-09-13,Debt consolidation,,13.29%,106xx,NY,,0.0
11000.0,2018-09-13,Debt consolidation,,8.99%,381xx,TN,< 1 year,0.0
26000.0,2018-09-13,Debt consolidation,,48.37%,368xx,AL,< 1 year,0.0
3000.0,2018-09-13,Debt consolidation,,32.62%,770xx,TX,3 years,0.0
4000.0,2018-09-13,Debt consolidation,,15.2%,606xx,IL,< 1 year,0.0
1000.0,2018-09-13,Other,,24.44%,124xx,NY,< 1 year,0.0
3000.0,2018-09-13,Debt consolidation,,130.64%,021xx,MA,< 1 year,0.0
1000.0,2018-09-13,Medical expenses,587.0,1.05%,070xx,NJ,< 1 year,0.0
10000.0,2018-09-13,Credit card refinancing,,26.06%,291xx,SC,< 1 year,0.0
10000.0,2018-09-13,Debt consolidation,,26.25%,970xx,OR,< 1 year,0.0
5000.0,2018-09-13,Other,,0%,751xx,TX,2 years,0.0
10000.0,2018-09-13,Debt consolidation,,12.08%,986xx,WA,< 1 year,0.0
8000.0,2018-09-14,Debt consolidation,,38.78%,759xx,TX,2 years,0.0
5000.0,2018-09-14,Home improvement,,53.69%,620xx,IL,< 1 year,0.0
1600.0,2018-09-14,Car financing,,21.19%,224xx,NY,< 1 year,0.0
11375.0,2018-09-14,Car financing,,100%,933xx,CA,< 1 year,0.0
20000.0,2018-09-14,Debt consolidation,,117.77%,334xx,FL,< 1 year,0.0
25000.0,2018-09-15,Debt consolidation,,18.66%,346xx,FL,1 year,2.0
15000.0,2018-09-15,Other,,18.77%,301xx,GA,< 1 year,0.0
10000.0,2018-09-15,Credit card refinancing,,15.34%,492xx,MI,< 1 year,0.0
15000.0,2018-09-15,Debt consolidation,,43.48%,921xx,CA,< 1 year,0.0
2500.0,2018-09-15,Debt consolidation,,2.48%,882xx,NM,1 year,0.0
25000.0,2018-09-15,Debt consolidation,,21.89%,759xx,TX,< 1 year,0.0
5000.0,2018-09-15,Major purchase,,6.65%,347xx,FL,< 1 year,0.0
2000.0,2018-09-15,Debt consolidation,,9.7%,932xx,CA,< 1 year,0.0
1000.0,2018-09-15,Other,,7.26%,372xx,TN,< 1 year,0.0
25000.0,2018-09-15,Debt consolidation,,17.47%,339xx,FL,2 years,0.0
10000.0,2018-09-15,Credit card refinancing,,100%,481xx,MI,< 1 year,0.0
30000.0,2018-09-15,Car financing,,0%,329xx,FL,< 1 year,0.0
35000.0,2018-09-16,Credit card refinancing,,37.88%,982xx,WA,< 1 year,0.0
10000.0,2018-09-16,Credit card refinancing,,18.68%,191xx,PA,< 1 year,0.0
3000.0,2018-09-16,Debt consolidation,,27.6%,207xx,MD,< 1 year,0.0
4000.0,2018-09-16,Car financing,689.0,0%,490xx,MI,< 1 year,0.0
10000.0,2018-09-16,Credit card refinancing,,20.97%,655xx,MO,< 1 year,0.0
4300.0,2018-09-16,Debt consolidation,,11.33%,177xx,PA,< 1 year,0.0
1600.0,2018-09-16,Debt consolidation,,40.07%,431xx,OH,< 1 year,0.0
10000.0,2018-09-16,Medical expenses,,13.03%,175xx,PA,< 1 year,0.0
3000.0,2018-09-17,Credit card refinancing,,11.9%,334xx,FL,< 1 year,0.0
1000.0,2018-09-17,Debt consolidation,,28.1%,730xx,OK,< 1 year,0.0
2000.0,2018-09-17,Other,,3.9%,802xx,CO,< 1 year,0.0
35000.0,2018-09-17,Debt consolidation,,100%,917xx,CA,< 1 year,0.0
10000.0,2018-09-17,Credit card refinancing,,31.36%,453xx,OH,< 1 year,0.0
5000.0,2018-09-17,Other,,50.68%,712xx,LA,< 1 year,0.0
1000.0,2018-09-18,Other,,16.01%,945xx,CA,< 1 year,0.0
10000.0,2018-09-18,Other,,22.88%,754xx,TX,< 1 year,0.0
25000.0,2018-09-18,Debt consolidation,,33.86%,770xx,TX,< 1 year,0.0
10000.0,2018-09-18,Debt consolidation,,13.48%,730xx,OK,< 1 year,0.0
35000.0,2018-09-18,Credit card refinancing,,100%,328xx,FL,< 1 year,0.0
5000.0,2018-09-18,Other,,517.8%,333xx,FL,< 1 year,0.0
23600.0,2018-09-18,Car financing,,100%,076xx,NJ,1 year,0.0
25000.0,2018-09-18,Debt consolidation,,33.94%,190xx,PA,< 1 year,0.0
15000.0,2018-09-18,Debt consolidation,,24.8%,456xx,OH,< 1 year,0.0
2000.0,2018-09-18,Credit card refinancing,,26.94%,802xx,CO,< 1 year,0.0
3000.0,2018-09-18,Other,,0%,852xx,AZ,< 1 year,0.0
1500.0,2018-09-19,Other,,25%,170xx,PA,< 1 year,0.0
4000.0,2018-09-19,Debt consolidation,606.0,3.18%,371xx,TN,< 1 year,0.0
15000.0,2018-09-19,Debt consolidation,,57.85%,604xx,IL,< 1 year,0.0
5000.0,2018-09-19,Home buying,,25.54%,686xx,NE,< 1 year,0.0
25000.0,2018-09-19,Debt consolidation,,44.43%,156xx,PA,< 1 year,0.0
40000.0,2018-09-19,Debt consolidation,,2.64%,064xx,CT,< 1 year,0.0
20000.0,2018-09-19,Debt consolidation,,30.21%,172xx,PA,< 1 year,0.0
20000.0,2018-09-19,Business,,100%,070xx,NJ,< 1 year,0.0
1000.0,2018-09-19,Other,,13.41%,295xx,SC,< 1 year,0.0
10000.0,2018-09-19,Credit card refinancing,,12.26%,331xx,FL,5 years,0.0
10500.0,2018-09-19,Debt consolidation,,6.28%,431xx,OH,< 1 year,0.0
25000.0,2018-09-19,Other,,2.51%,925xx,CA,< 1 year,0.0
35000.0,2018-09-20,Debt consolidation,,35.5%,666xx,KS,< 1 year,0.0
10000.0,2018-09-20,Major purchase,,2.33%,338xx,FL,< 1 year,0.0
21000.0,2018-09-20,Credit card refinancing,,41.36%,140xx,NY,< 1 year,0.0
10000.0,2018-09-20,Credit card refinancing,,26.24%,937xx,CA,< 1 year,0.0
31000.0,2018-09-20,Debt consolidation,,25.32%,775xx,TX,< 1 year,0.0
2500.0,2018-09-20,Moving and relocation,,15.45%,227xx,VA,< 1 year,0.0
10000.0,2018-09-20,Debt consolidation,,5.26%,029xx,RI,3 years,0.0
12000.0,2018-09-20,Debt consolidation,,45.87%,794xx,TX,< 1 year,0.0
20000.0,2018-09-20,Business Loan,,-1%,805xx,CO,< 1 year,0.0
20000.0,2018-09-20,Debt consolidation,,14.22%,296xx,SC,< 1 year,0.0
3000.0,2018-09-20,Car financing,,24.63%,840xx,UT,< 1 year,0.0
3000.0,2018-09-20,Debt consolidation,,14.81%,762xx,TX,< 1 year,0.0
1500.0,2018-09-20,Debt consolidation,,18.92%,368xx,AL,< 1 year,0.0
25000.0,2018-09-20,Debt consolidation,,44.38%,344xx,FL,< 1 year,0.0
35000.0,2018-09-21,Credit card refinancing,,1.32%,603xx,IL,< 1 year,0.0
20000.0,2018-09-21,Debt consolidation,,24.38%,082xx,NJ,< 1 year,0.0
10000.0,2018-09-21,Debt consolidation,,51.36%,477xx,IN,< 1 year,0.0
10000.0,2018-09-21,Home improvement,643.0,1.68%,902xx,CA,< 1 year,0.0
40000.0,2018-09-21,Home improvement,,100%,784xx,TX,< 1 year,0.0
5000.0,2018-09-21,Other,,12.21%,863xx,AZ,< 1 year,0.0
10000.0,2018-09-21,Debt consolidation,,37.43%,302xx,GA,< 1 year,0.0
35000.0,2018-09-21,Home improvement,,419.35%,191xx,PA,< 1 year,0.0
5000.0,2018-09-21,Major purchase,,25.52%,324xx,FL,< 1 year,0.0
1000.0,2018-09-21,Other,,23.22%,923xx,CA,< 1 year,0.0
20000.0,2018-09-21,Home buying,,0%,750xx,TX,< 1 year,0.0
2500.0,2018-09-21,Medical expenses,,100%,413xx,KY,< 1 year,0.0
8000.0,2018-09-22,Debt consolidation,,17.8%,180xx,PA,,0.0
10000.0,2018-09-22,Debt consolidation,,26.36%,917xx,CA,< 1 year,0.0
30000.0,2018-09-22,Debt consolidation,,23.32%,119xx,NY,< 1 year,0.0
35000.0,2018-09-22,Major purchase,,32.91%,029xx,RI,< 1 year,0.0
6500.0,2018-09-22,Other,,20.83%,458xx,OH,< 1 year,0.0
15000.0,2018-09-22,Credit card refinancing,,11.76%,331xx,FL,< 1 year,0.0
25000.0,2018-09-22,Business Loan,,-1%,689xx,NE,< 1 year,0.0
10000.0,2018-09-22,Major purchase,,19.1%,727xx,AR,< 1 year,0.0
40000.0,2018-09-23,Car financing,,100%,331xx,FL,< 1 year,0.0
12000.0,2018-09-23,Car financing,,14.43%,727xx,AR,< 1 year,0.0
10000.0,2018-09-23,Credit card refinancing,,7.72%,319xx,GA,< 1 year,0.0
2000.0,2018-09-23,Credit card refinancing,,30.1%,346xx,FL,< 1 year,0.0
2000.0,2018-09-23,Other,,5.18%,703xx,LA,< 1 year,0.0
30000.0,2018-09-23,Other,,22.26%,336xx,FL,< 1 year,0.0
20000.0,2018-09-23,Other,,13.71%,755xx,TX,< 1 year,0.0
2400.0,2018-09-23,Business,,0%,560xx,MN,< 1 year,0.0
15000.0,2018-09-23,Other,,13.29%,402xx,KY,< 1 year,0.0
10000.0,2018-09-24,Credit card refinancing,,14.28%,123xx,NY,< 1 year,0.0
3000.0,2018-09-24,Credit card refinancing,,9.3%,403xx,KY,< 1 year,0.0
10000.0,2018-09-24,Debt consolidation,,180%,317xx,GA,< 1 year,0.0
20000.0,2018-09-24,Debt consolidation,,38.74%,711xx,LA,< 1 year,0.0
20000.0,2018-09-24,Debt consolidation,,21.02%,207xx,MD,< 1 year,0.0
1125.0,2018-09-24,Credit card refinancing,,41.48%,142xx,NY,< 1 year,0.0
35000.0,2018-09-24,Major purchase,,21.08%,757xx,TX,< 1 year,0.0
15000.0,2018-09-24,Debt consolidation,,29.53%,787xx,TX,< 1 year,0.0
20000.0,2018-09-24,Credit card refinancing,,100%,152xx,PA,< 1 year,0.0
1000.0,2018-09-25,Car financing,,18.65%,712xx,LA,5 years,0.0
10000.0,2018-09-25,Other,653.0,100%,712xx,LA,,0.0
15000.0,2018-09-25,Debt consolidation,,10.85%,282xx,NC,< 1 year,0.0
40000.0,2018-09-25,Home improvement,,100%,318xx,GA,< 1 year,0.0
5000.0,2018-09-25,Major purchase,,27.85%,337xx,FL,< 1 year,0.0
20000.0,2018-09-25,Credit card refinancing,,25.32%,254xx,WV,< 1 year,0.0
4500.0,2018-09-25,Other,,6.55%,300xx,GA,< 1 year,0.0
2500.0,2018-09-25,Other,,23.4%,331xx,FL,5 years,0.0
4000.0,2018-09-25,Debt consolidation,,28.91%,337xx,FL,< 1 year,0.0
10000.0,2018-09-26,Major purchase,,21.12%,782xx,TX,< 1 year,0.0
5000.0,2018-09-26,Debt consolidation,,31.8%,488xx,MI,< 1 year,0.0
20000.0,2018-09-26,Debt consolidation,,44.51%,483xx,MI,< 1 year,0.0
6000.0,2018-09-26,Debt consolidation,,34.13%,197xx,DE,< 1 year,0.0
15000.0,2018-09-26,Debt consolidation,,26.85%,327xx,FL,< 1 year,0.0
25000.0,2018-09-26,Credit card refinancing,,211.2%,080xx,NJ,< 1 year,0.0
10000.0,2018-09-26,Credit card refinancing,,100%,347xx,FL,< 1 year,0.0
3500.0,2018-09-26,Other,,6.42%,380xx,TN,< 1 year,0.0
8500.0,2018-09-26,Debt consolidation,,19.09%,370xx,TN,10+ years,2.0
3225.0,2018-09-26,Debt consolidation,,10.24%,902xx,CA,< 1 year,0.0
12000.0,2018-09-27,Business Loan,,-1%,945xx,CA,< 1 year,0.0
20000.0,2018-09-27,Debt consolidation,,25.92%,370xx,TN,< 1 year,0.0
20000.0,2018-09-27,Other,,38.06%,185xx,PA,< 1 year,0.0
30000.0,2018-09-27,Home buying,,15.06%,021xx,MA,< 1 year,0.0
20000.0,2018-09-27,Debt consolidation,,58.49%,900xx,CA,< 1 year,0.0
10000.0,2018-09-27,Home improvement,,100%,490xx,MI,< 1 year,0.0
15000.0,2018-09-27,Moving and relocation,,1.31%,170xx,PA,< 1 year,0.0
15000.0,2018-09-27,Debt consolidation,,48.34%,685xx,NE,< 1 year,0.0
4000.0,2018-09-27,Debt consolidation,,13.06%,844xx,UT,< 1 year,0.0
5000.0,2018-09-27,Credit card refinancing,,6.18%,956xx,CA,< 1 year,0.0
6000.0,2018-09-27,Debt consolidation,,90.48%,038xx,NH,< 1 year,0.0
16000.0,2018-09-27,Credit card refinancing,,51.35%,370xx,TN,< 1 year,0.0
35000.0,2018-09-27,Credit card refinancing,,21.95%,640xx,MO,< 1 year,0.0
30000.0,2018-09-27,Home buying,,6.02%,902xx,CA,< 1 year,0.0
10000.0,2018-09-27,Debt consolidation,,20.23%,751xx,TX,< 1 year,0.0
15000.0,2018-09-28,Debt consolidation,,32.45%,306xx,GA,< 1 year,0.0
2500.0,2018-09-28,Other,,11.76%,300xx,GA,< 1 year,0.0
8000.0,2018-09-28,Debt consolidation,,11.55%,229xx,VA,< 1 year,0.0
17000.0,2018-09-28,Debt consolidation,,34.44%,933xx,CA,< 1 year,0.0
25000.0,2018-09-28,Debt consolidation,,24.23%,751xx,TX,< 1 year,0.0
30000.0,2018-09-28,Debt consolidation,,23.1%,481xx,MI,< 1 year,0.0
10000.0,2018-09-28,Car financing,,100%,277xx,NC,,0.0
20000.0,2018-09-28,Home buying,,74.9%,785xx,TX,< 1 year,0.0
5000.0,2018-09-29,Debt consolidation,,0%,968xx,HI,5 years,0.0
1000.0,2018-09-29,Medical expenses,,31.35%,782xx,TX,< 1 year,0.0
15000.0,2018-09-29,Debt consolidation,,15.54%,331xx,FL,< 1 year,0.0
40000.0,2018-09-29,Vacation,,212.73%,481xx,MI,< 1 year,0.0
20000.0,2018-09-29,Medical expenses,,10.32%,661xx,KS,< 1 year,0.0
30000.0,2018-09-29,Debt consolidation,,17.23%,989xx,WA,< 1 year,0.0
20000.0,2018-09-29,Debt consolidation,,100%,800xx,CO,< 1 year,0.0
7000.0,2018-09-29,Debt consolidation,,72.36%,640xx,MO,< 1 year,0.0
10000.0,2018-09-30,Other,,29.47%,707xx,LA,< 1 year,0.0
30000.0,2018-09-30,Moving and relocation,,0.15%,935xx,CA,< 1 year,0.0
30000.0,2018-09-30,Major purchase,,7.48%,166xx,PA,< 1 year,0.0
2000.0,2018-09-30,Car financing,687.0,0%,377xx,TN,< 1 year,0.0
22000.0,2013-01-08,debt_consolidation,732.0,32.36%,325xx,FL,< 1 year,0.0
10000.0,2013-01-09,debt_consolidation,687.0,40.44%,228xx,VA,< 1 year,0.0
35000.0,2013-01-12,debt_consolidation,694.0,38.78%,170xx,PA,< 1 year,0.0
6000.0,2013-01-15,moving,599.0,0.07%,333xx,FL,< 1 year,0.0
1000.0,2013-01-17,home_improvement,680.0,3.61%,335xx,FL,< 1 year,0.0
3000.0,2013-01-17,car,506.0,41.65%,986xx,WA,< 1 year,0.0
25000.0,2013-01-19,credit_card,712.0,18.5%,956xx,CA,< 1 year,0.0
3000.0,2013-01-20,other,712.0,0%,701xx,LA,< 1 year,0.0
3000.0,2013-01-26,debt_consolidation,591.0,14.33%,112xx,NY,< 1 year,0.0
8000.0,2013-01-29,debt_consolidation,623.0,36.57%,780xx,TX,< 1 year,0.0
20000.0,2013-02-04,bills,678.0,17.52%,460xx,IN,10+ years,0.0
25000.0,2013-02-08,small_business,654.0,150010.19%,945xx,CA,< 1 year,0.0
30000.0,2013-02-08,home_improvement,693.0,14.57%,220xx,VA,< 1 year,0.0
5000.0,2013-02-08,home_improvement,526.0,7.23%,604xx,IL,< 1 year,0.0
5000.0,2013-02-11,other,673.0,13.2%,294xx,SC,< 1 year,0.0
8000.0,2013-02-11,other,629.0,1.44%,027xx,MA,< 1 year,0.0
10000.0,2013-02-12,credit_card,582.0,40.4%,231xx,VA,< 1 year,0.0
3000.0,2013-02-19,other,608.0,9.24%,981xx,WA,< 1 year,0.0
15000.0,2013-02-19,house,629.0,5.91%,151xx,PA,< 1 year,0.0
5000.0,2013-02-21,debt_consolidation,656.0,37%,240xx,VA,< 1 year,0.0
10000.0,2013-02-26,debt_consolidation,624.0,28.22%,285xx,NC,< 1 year,0.0
10000.0,2013-02-28,debt_consolidation,636.0,17.77%,559xx,MN,< 1 year,0.0
15000.0,2013-03-01,credit_card,658.0,29.82%,871xx,NM,< 1 year,0.0
30000.0,2013-03-03,debt_consolidation,649.0,29.96%,605xx,IL,< 1 year,0.0
6150.0,2013-03-04,debt_consolidation,697.0,41.86%,201xx,VA,< 1 year,0.0
20000.0,2013-03-07,car,529.0,3.38%,761xx,TX,< 1 year,0.0
1000.0,2013-03-08,moving,578.0,43.37%,760xx,TX,< 1 year,0.0
10000.0,2013-03-11,medical,675.0,0.7%,112xx,NY,< 1 year,0.0
1000.0,2013-03-13,other,702.0,23.36%,480xx,MI,< 1 year,0.0
5000.0,2013-03-13,business adventure,672.0,6.51%,940xx,CA,6 years,0.0
5000.0,2013-03-20,debt_consolidation,571.0,13.95%,430xx,OH,< 1 year,0.0
10000.0,2013-03-22,moving,506.0,0.86%,112xx,NY,< 1 year,0.0
3000.0,2013-03-23,other,604.0,11.9%,606xx,IL,< 1 year,0.0
2300.0,2013-03-24,major_purchase,652.0,7.08%,405xx,AK,< 1 year,0.0
10000.0,2013-03-25,debt_consolidation,758.0,24.64%,107xx,NY,< 1 year,0.0
35000.0,2013-03-30,credit_card,674.0,22.67%,986xx,WA,< 1 year,0.0
35000.0,2013-04-03,Consolidate debt into one payment,711.0,15.59%,801xx,CO,8 years,0.0
10000.0,2013-04-03,debt_consolidation,638.0,5.86%,895xx,NV,< 1 year,0.0
15000.0,2013-04-04,debt_consolidation,666.0,28.32%,775xx,TX,< 1 year,0.0
7000.0,2013-04-06,debt_consolidation,497.0,25.35%,770xx,TX,< 1 year,0.0
30000.0,2013-04-07,credit_card,628.0,32.39%,532xx,WI,< 1 year,0.0
10000.0,2013-04-13,debt consolidation,709.0,31.96%,224xx,VA,2 years,0.0
1000.0,2013-04-14,other,0.0,0%,081xx,NJ,< 1 year,0.0
5000.0,2013-04-18,car,675.0,19%,021xx,MA,< 1 year,0.0
20000.0,2013-04-23,other,582.0,12.85%,275xx,NC,1 year,0.0
20000.0,2013-04-24,debt_consolidation,700.0,38.35%,171xx,PA,< 1 year,0.0
2000.0,2013-04-24,major_purchase,659.0,12.12%,853xx,AZ,< 1 year,0.0
3500.0,2013-04-24,car,649.0,4.02%,331xx,FL,3 years,0.0
5000.0,2013-04-25,debt_consolidation,568.0,35.15%,785xx,TX,< 1 year,0.0
1500.0,2013-04-25,other,706.0,1.49%,328xx,FL,< 1 year,0.0
30000.0,2013-04-26,debt_consolidation,703.0,85.35%,758xx,TX,< 1 year,0.0
5000.0,2013-04-29,debt_consolidation,634.0,30.2%,326xx,FL,< 1 year,0.0
30000.0,2013-04-29,debt_consolidation,705.0,43.97%,780xx,TX,< 1 year,0.0
6000.0,2013-05-04,debt_consolidation,650.0,45.55%,432xx,OH,< 1 year,0.0
27000.0,2013-05-05,Credit card consolodation,731.0,17.77%,926xx,CA,2 years,0.0
15000.0,2013-05-05,debt_consolidation,668.0,6.23%,117xx,NY,2 years,0.0
25000.0,2013-05-06,debt_consolidation,692.0,40.8%,981xx,WA,< 1 year,0.0
10000.0,2013-05-06,savemoney,680.0,12.58%,940xx,CA,7 years,0.0
14000.0,2013-05-08,Good Bye Revolving Debt,716.0,34.36%,130xx,NY,3 years,0.0
35000.0,2013-05-08,debt_consolidation,694.0,41.67%,967xx,HI,< 1 year,0.0
3500.0,2013-05-11,home_improvement,620.0,15.96%,143xx,NY,< 1 year,0.0
6000.0,2013-05-11,debt_consolidation,728.0,96.84%,030xx,NH,< 1 year,0.0
5000.0,2013-05-22,debt_consolidation,621.0,27.6%,314xx,GA,< 1 year,0.0
15000.0,2013-05-23,debt_consolidation,694.0,50.06%,130xx,NY,< 1 year,0.0
10000.0,2013-05-27,other,543.0,17.4%,765xx,TX,< 1 year,0.0
35000.0,2013-05-28,home_improvement,680.0,42.91%,634xx,MO,< 1 year,0.0
8500.0,2013-05-29,debt_consolidation,678.0,107.84%,853xx,AZ,< 1 year,0.0
1000.0,2013-05-30,home_improvement,541.0,4.13%,465xx,IN,< 1 year,0.0
10000.0,2013-05-31,home_improvement,670.0,19.17%,223xx,VA,< 1 year,0.0
35000.0,2013-06-01,debt_consolidation,681.0,57.89%,070xx,NJ,< 1 year,0.0
25000.0,2013-06-05,debt_consolidation,692.0,53.14%,919xx,CA,< 1 year,0.0
2000.0,2013-06-10,debt_consolidation,0.0,0%,727xx,AR,< 1 year,0.0
4125.0,2013-06-12,car,638.0,0.77%,087xx,NJ,< 1 year,0.0
8000.0,2013-06-12,debt_consolidation,645.0,52.96%,606xx,IL,< 1 year,0.0
5000.0,2013-06-12,other,607.0,1.71%,114xx,NY,< 1 year,0.0
35000.0,2013-06-13,credit_card,701.0,58.23%,034xx,NH,< 1 year,0.0
5000.0,2013-06-13,other,533.0,0%,402xx,KY,< 1 year,0.0
11000.0,2013-06-14,debt_consolidation,650.0,7.28%,075xx,NJ,< 1 year,0.0
3000.0,2013-06-15,other,628.0,16.32%,727xx,AR,< 1 year,0.0
10000.0,2013-06-15,debt_consolidation,611.0,26.88%,342xx,FL,< 1 year,0.0
5000.0,2013-06-16,other,532.0,39.76%,113xx,NY,< 1 year,0.0
10000.0,2013-06-17,Other,667.0,5.5%,356xx,AL,10+ years,0.0
20000.0,2013-06-18,Home improvement,676.0,9.8%,105xx,NY,8 years,0.0
35000.0,2013-06-18,small_business,628.0,4.01%,400xx,KY,< 1 year,0.0
2000.0,2013-06-20,home_improvement,689.0,23.17%,021xx,MA,< 1 year,0.0
20000.0,2013-06-22,debt_consolidation,590.0,34.27%,925xx,CA,< 1 year,0.0
5000.0,2013-06-23,debt_consolidation,659.0,17.85%,871xx,NM,< 1 year,0.0
25000.0,2013-06-24,debt_consolidation,692.0,36.84%,129xx,NY,< 1 year,0.0
10000.0,2013-06-24,credit_card,650.0,17.16%,864xx,AZ,< 1 year,0.0
10000.0,2013-06-26,debt_consolidation,517.0,3.67%,347xx,FL,< 1 year,0.0
10000.0,2013-06-26,debt_consolidation,657.0,21.74%,294xx,SC,< 1 year,0.0
25000.0,2013-06-27,Debt consolidation,673.0,12.03%,105xx,NY,10+ years,0.0
2000.0,2013-06-27,other,490.0,13.64%,338xx,FL,< 1 year,0.0
4500.0,2013-06-27,home_improvement,536.0,8.71%,648xx,MO,< 1 year,0.0
10000.0,2013-06-27,other,623.0,12.01%,752xx,TX,< 1 year,0.0
8000.0,2013-06-30,credit_card,677.0,43.8%,953xx,CA,< 1 year,0.0
5000.0,2013-07-05,wedding,583.0,17.45%,212xx,MD,< 1 year,0.0
4000.0,2013-07-05,burial,667.0,26.78%,925xx,CA,10+ years,0.0
10000.0,2013-07-06,bill consolidation,677.0,20.91%,554xx,MN,10+ years,0.0
20000.0,2013-07-06,small_business,652.0,7.9%,930xx,CA,< 1 year,0.0
1500.0,2013-07-06,major_purchase,598.0,24.27%,303xx,GA,< 1 year,0.0
35000.0,2013-07-08,debt_consolidation,766.0,32.3%,234xx,VA,< 1 year,0.0
4000.0,2013-07-08,debt_consolidation,603.0,13.32%,073xx,NJ,10+ years,0.0
30000.0,2013-07-09,debt_consolidation,623.0,11.6%,330xx,FL,< 1 year,0.0
17000.0,2013-07-11,debt_consolidation,661.0,34.69%,010xx,MA,< 1 year,0.0
2000.0,2013-07-11,other,478.0,3.65%,207xx,MD,< 1 year,0.0
15000.0,2013-07-15,debt_consolidation,493.0,316.5%,729xx,AR,< 1 year,0.0
19000.0,2013-07-17,debt_consolidation,660.0,12.12%,019xx,MA,< 1 year,0.0
26000.0,2013-07-17,debt_consolidation,648.0,15.86%,447xx,OH,< 1 year,0.0
10000.0,2013-07-18,debt_consolidation,647.0,14.05%,060xx,CT,< 1 year,0.0
2000.0,2013-07-19,other,654.0,1.76%,078xx,NJ,< 1 year,0.0
1000.0,2013-07-22,debt_consolidation,585.0,14.02%,631xx,MO,< 1 year,0.0
30000.0,2013-07-24,credit_card,609.0,53.91%,785xx,TX,< 1 year,0.0
4000.0,2013-07-24,other,550.0,4.19%,760xx,TX,< 1 year,0.0
2000.0,2013-07-24,debt_consolidation,640.0,35.68%,331xx,FL,< 1 year,0.0
5000.0,2013-07-24,debt_consolidation,576.0,5.42%,980xx,WA,< 1 year,0.0
6800.0,2013-07-26,credit_card,650.0,39.02%,919xx,CA,< 1 year,0.0
35000.0,2013-07-26,house,638.0,16%,334xx,FL,< 1 year,0.0
35000.0,2013-07-27,home_improvement,645.0,3.64%,276xx,NC,< 1 year,0.0
5000.0,2013-07-27,debt_consolidation,693.0,42.22%,980xx,WA,< 1 year,0.0
2000.0,2013-07-29,medical,573.0,1.44%,229xx,VA,< 1 year,0.0
12000.0,2013-07-29,other,599.0,0.28%,212xx,MD,7 years,0.0
1500.0,2013-07-30,major_purchase,600.0,7.63%,314xx,GA,< 1 year,0.0
5000.0,2013-07-31,debt_consolidation,577.0,8.19%,402xx,KY,< 1 year,0.0
21000.0,2013-08-01,debt_consolidation,631.0,12.5%,351xx,AL,< 1 year,0.0
12000.0,2013-08-05,debt_consolidation,664.0,26.16%,483xx,MI,< 1 year,0.0
10000.0,2013-08-06,other,718.0,5.86%,228xx,VA,< 1 year,0.0
6000.0,2013-08-07,debt_consolidation,684.0,58.2%,178xx,PA,< 1 year,0.0
7000.0,2013-08-08,debt_consolidation,630.0,14.04%,450xx,OH,< 1 year,0.0
30000.0,2013-08-08,other,672.0,32.07%,449xx,OH,< 1 year,0.0
3000.0,2013-08-11,other,703.0,35.11%,170xx,PA,< 1 year,0.0
15000.0,2013-08-16,other,0.0,0%,721xx,AR,< 1 year,0.0
20000.0,2013-08-16,debt_consolidation,648.0,21.72%,322xx,FL,< 1 year,0.0
15000.0,2013-08-16,credit_card,621.0,9.65%,770xx,TX,< 1 year,0.0
2500.0,2013-08-17,other,515.0,1.32%,342xx,FL,6 years,0.0
10000.0,2013-08-17,car,679.0,30.43%,321xx,FL,< 1 year,0.0
10000.0,2013-08-20,debt_consolidation,621.0,28.23%,447xx,OH,< 1 year,0.0
10000.0,2013-08-20,home_improvement,590.0,12.48%,156xx,PA,< 1 year,0.0
18000.0,2013-08-20,Debt Consolidation,683.0,9.96%,606xx,IL,7 years,0.0
10000.0,2013-08-21,car,620.0,1.81%,109xx,NY,5 years,0.0
5000.0,2013-08-22,debt_consolidation,661.0,13.23%,121xx,NY,< 1 year,0.0
15000.0,2013-08-22,debt_consolidation,680.0,40.28%,809xx,CO,< 1 year,0.0
10000.0,2013-08-23,credit_card,657.0,32.13%,435xx,OH,< 1 year,0.0
20000.0,2013-08-23,debt_consolidation,657.0,22.04%,410xx,KY,5 years,0.0
1500.0,2013-08-28,debt_consolidation,587.0,5.28%,790xx,TX,5 years,0.0
35000.0,2013-09-05,debt_consolidation,700.0,44.22%,805xx,CO,< 1 year,0.0
1500.0,2013-09-05,debt_consolidation,596.0,1.36%,784xx,TX,< 1 year,0.0
3000.0,2013-09-06,credit_card,644.0,34.44%,706xx,LA,< 1 year,0.0
10000.0,2013-09-07,debt_consolidation,685.0,13.5%,383xx,TN,< 1 year,0.0
35000.0,2013-09-08,debt_consolidation,685.0,69.36%,330xx,FL,< 1 year,0.0
10000.0,2013-09-09,other,660.0,30.05%,712xx,LA,< 1 year,0.0
2000.0,2013-09-09,medical,633.0,8.33%,279xx,NC,< 1 year,0.0
10000.0,2013-09-09,debt_consolidation,633.0,28.43%,735xx,OK,< 1 year,0.0
7000.0,2013-09-09,debt_consolidation,542.0,26.88%,982xx,WA,< 1 year,0.0
6000.0,2013-09-10,debt_consolidation,700.0,26.88%,550xx,MN,< 1 year,0.0
12000.0,2013-09-10,Credit card refinancing,677.0,10.07%,917xx,CA,6 years,0.0
6000.0,2013-09-12,debt_consolidation,610.0,10.27%,852xx,AZ,< 1 year,0.0
7500.0,2013-09-12,debt_consolidation,646.0,24.81%,344xx,FL,< 1 year,0.0
10000.0,2013-09-13,debt_consolidation,675.0,45.92%,301xx,GA,< 1 year,0.0
25000.0,2013-09-13,car,0.0,0%,300xx,GA,< 1 year,0.0
10000.0,2013-09-16,home_improvement,555.0,0.98%,851xx,AZ,< 1 year,0.0
15000.0,2013-09-16,debt_consolidation,691.0,39.84%,809xx,CO,< 1 year,0.0
35000.0,2013-09-17,debt_consolidation,737.0,24.14%,281xx,NC,< 1 year,0.0
6000.0,2013-09-17,other,659.0,0%,754xx,TX,< 1 year,0.0
15000.0,2013-09-18,credit_card,697.0,40.49%,085xx,NJ,< 1 year,0.0
30000.0,2013-09-19,debt_consolidation,671.0,41.6%,197xx,DE,< 1 year,0.0
10000.0,2013-09-21,debt_consolidation,647.0,20.35%,968xx,HI,< 1 year,0.0
15000.0,2013-09-22,My loan,670.0,13.68%,112xx,NY,7 years,0.0
27500.0,2013-09-23,credit_card,630.0,20.47%,775xx,TX,5 years,0.0
1000.0,2013-09-23,other,526.0,5.73%,908xx,CA,< 1 year,0.0
6500.0,2013-09-23,debt_consolidation,647.0,6.49%,100xx,NY,5 years,0.0
4000.0,2013-09-23,major_purchase,0.0,0%,770xx,TX,< 1 year,0.0
6300.0,2013-09-24,credit_card,655.0,166.92%,923xx,CA,< 1 year,0.0
14000.0,2013-09-25,debt_consolidation,670.0,38.2%,553xx,MN,< 1 year,0.0
8000.0,2013-09-26,other,674.0,2.85%,700xx,LA,< 1 year,0.0
6000.0,2013-09-29,other,624.0,1.19%,194xx,PA,< 1 year,0.0
18000.0,2013-10-01,Home improvement,688.0,20.88%,550xx,MN,10+ years,0.0
7500.0,2013-10-03,small_business,639.0,37.68%,365xx,AL,< 1 year,0.0
35000.0,2013-10-04,debt_consolidation,630.0,20.1%,350xx,AL,< 1 year,0.0
3550.0,2013-10-06,car,666.0,0.64%,273xx,NC,3 years,0.0
25000.0,2013-10-06,small_business,555.0,0%,805xx,CO,< 1 year,0.0
1400.0,2013-10-07,debt_consolidation,609.0,13.21%,930xx,CA,< 1 year,0.0
20000.0,2013-10-08,small_business,508.0,13.29%,633xx,MO,< 1 year,0.0
1000.0,2013-10-11,other,0.0,0%,285xx,NC,< 1 year,0.0
14000.0,2013-10-14,debt_consolidation,580.0,39.07%,902xx,CA,< 1 year,0.0
1000.0,2013-10-14,debt_consolidation,600.0,10.96%,366xx,AL,< 1 year,0.0
35000.0,2013-10-15,debt_consolidation,,-1%,184xx,PA,< 1 year,0.0
15000.0,2013-10-15,debt_consolidation,674.0,16.04%,921xx,CA,< 1 year,0.0
1500.0,2013-10-15,debt_consolidation,584.0,14.32%,950xx,CA,< 1 year,0.0
14000.0,2013-10-15,other,556.0,1.08%,063xx,CT,< 1 year,0.0
2000.0,2013-10-17,other,610.0,30.05%,928xx,CA,< 1 year,0.0
15000.0,2013-10-18,House Remodel,753.0,18.34%,973xx,OR,10+ years,0.0
35000.0,2013-10-18,debt_consolidation,667.0,13.63%,851xx,AZ,< 1 year,0.0
10000.0,2013-10-20,debt_consolidation,627.0,29.08%,370xx,TN,< 1 year,0.0
30000.0,2013-10-21,credit_card,653.0,34.56%,639xx,MO,< 1 year,0.0
25000.0,2013-10-21,credit_card,687.0,27.57%,321xx,FL,< 1 year,0.0
2500.0,2013-10-21,debt_consolidation,476.0,0.73%,913xx,CA,< 1 year,0.0
1000.0,2013-10-22,other,,15.62%,666xx,KS,< 1 year,0.0
1000.0,2013-10-23,other,533.0,35.94%,543xx,WI,< 1 year,0.0
5000.0,2013-10-23,moving,674.0,0%,198xx,DE,< 1 year,0.0
35000.0,2013-10-23,credit_card,637.0,9.26%,015xx,MA,5 years,0.0
2000.0,2013-10-24,home improvement,696.0,22.13%,302xx,GA,,0.0
8000.0,2013-10-24,other,656.0,3.48%,945xx,CA,< 1 year,0.0
6000.0,2013-10-25,debt_consolidation,621.0,5.6%,088xx,NJ,< 1 year,0.0
5000.0,2013-10-26,small_business,594.0,4.44%,112xx,NY,< 1 year,0.0
6000.0,2013-10-30,home_improvement,566.0,3.89%,021xx,MA,< 1 year,0.0
23000.0,2013-10-30,debt_consolidation,685.0,44.14%,807xx,CO,< 1 year,0.0
10000.0,2013-10-31,other,,0%,381xx,TN,< 1 year,0.0
4000.0,2013-10-31,debt_consolidation,637.0,7.73%,920xx,CA,< 1 year,0.0
30000.0,2013-11-02,debt_consolidation,635.0,19.66%,902xx,CA,< 1 year,0.0
11000.0,2013-11-04,Debt consolidation,702.0,32.39%,179xx,PA,,0.0
10000.0,2013-11-05,small_business,686.0,28.04%,032xx,NH,< 1 year,0.0
5000.0,2013-11-05,home_improvement,608.0,3.96%,452xx,OH,< 1 year,0.0
2500.0,2013-11-08,other,553.0,33.3%,463xx,IN,< 1 year,0.0
25000.0,2013-11-09,debt_consolidation,709.0,37.58%,373xx,TN,< 1 year,0.0
5700.0,2013-11-12,debt_consolidation,584.0,24.2%,282xx,NC,< 1 year,0.0
15000.0,2013-11-12,debt_consolidation,667.0,7.07%,021xx,MA,< 1 year,0.0
15000.0,2013-11-12,other,669.0,13.74%,932xx,CA,< 1 year,0.0
10000.0,2013-11-19,Medical expenses,765.0,0.95%,920xx,CA,,0.0
7500.0,2013-12-06,Other,722.0,27%,853xx,AZ,5 years,0.0
6000.0,2013-12-07,debt_consolidation,,-1%,029xx,RI,< 1 year,0.0
10000.0,2013-12-07,debt_consolidation,673.0,63.13%,301xx,GA,< 1 year,0.0
20000.0,2013-12-09,home_improvement,603.0,26.25%,633xx,MO,10+ years,0.0
5000.0,2013-12-09,moving,705.0,0.48%,194xx,PA,< 1 year,0.0
20000.0,2013-12-09,debt_consolidation,613.0,20.83%,906xx,CA,< 1 year,0.0
18000.0,2013-12-09,credit_card,600.0,38.72%,537xx,WI,< 1 year,0.0
6000.0,2013-12-09,debt_consolidation,586.0,16.43%,975xx,OR,< 1 year,0.0
15000.0,2013-12-10,Debt consolidation,646.0,30.58%,831xx,WY,10+ years,0.0
20000.0,2013-12-10,debt_consolidation,676.0,35.41%,371xx,TN,10+ years,0.0
1000.0,2013-12-10,credit_card,608.0,19.25%,383xx,TN,< 1 year,0.0
25000.0,2013-12-10,debt_consolidation,683.0,5.25%,891xx,NV,< 1 year,0.0
1000.0,2013-12-12,major_purchase,,0%,379xx,TN,< 1 year,0.0
10000.0,2013-12-12,car,,-1%,554xx,MN,< 1 year,0.0
30000.0,2013-12-12,small_business,629.0,6.24%,283xx,NC,< 1 year,0.0
7000.0,2013-12-12,debt_consolidation,565.0,29.85%,923xx,CA,< 1 year,0.0
5000.0,2013-12-13,other,547.0,20.01%,606xx,IL,10+ years,0.0
6000.0,2013-12-13,debt_consolidation,620.0,15.16%,112xx,NY,< 1 year,0.0
6000.0,2013-12-13,car,636.0,106.36%,436xx,OH,< 1 year,0.0
15000.0,2013-12-13,debt_consolidation,652.0,30.05%,957xx,CA,< 1 year,0.0
2500.0,2013-12-14,moving,619.0,13.57%,373xx,TN,10+ years,0.0
5000.0,2013-12-15,moving,596.0,6.2%,199xx,DE,< 1 year,0.0
8950.0,2013-12-15,credit_card,722.0,28.65%,323xx,FL,< 1 year,0.0
5000.0,2013-12-15,moving,696.0,13.41%,762xx,TX,< 1 year,0.0
2500.0,2013-12-15,car,,0%,711xx,LA,< 1 year,0.0
35000.0,2013-12-16,home_improvement,837.0,0.48%,112xx,NY,< 1 year,0.0
7500.0,2013-12-18,debt_consolidation,690.0,32.54%,015xx,MA,< 1 year,0.0
35000.0,2013-12-19,credit_card,701.0,5.95%,201xx,VA,< 1 year,0.0
1500.0,2013-12-22,other,605.0,2.33%,497xx,MI,< 1 year,0.0
30000.0,2013-12-23,debt_consolidation,,-1%,309xx,GA,< 1 year,0.0
1500.0,2013-12-23,medical,560.0,41.87%,352xx,AL,< 1 year,0.0
1500.0,2013-12-23,debt_consolidation,,-1%,366xx,AL,10+ years,0.0
3000.0,2013-12-23,other,573.0,71.77%,482xx,MI,< 1 year,0.0
1000.0,2013-12-24,other,,0%,361xx,AL,< 1 year,0.0
35000.0,2013-12-26,debt_consolidation,637.0,19.45%,275xx,NC,< 1 year,0.0
10000.0,2013-12-27,debt_consolidation,577.0,25.67%,633xx,MO,< 1 year,0.0
1500.0,2013-12-27,debt_consolidation,510.0,54.72%,191xx,PA,10+ years,0.0
20000.0,2013-12-28,debt_consolidation,697.0,40.1%,339xx,FL,< 1 year,0.0
5000.0,2013-12-28,debt_consolidation,732.0,14.31%,946xx,CA,< 1 year,0.0
16000.0,2013-12-29,debt_consolidation,661.0,35.26%,735xx,OK,< 1 year,0.0
35000.0,2013-12-30,house,501.0,3.91%,303xx,GA,< 1 year,0.0
4000.0,2014-01-01,debt_consolidation,672.0,44.76%,378xx,TN,< 1 year,0.0
35000.0,2014-01-01,back yard and pool ,693.0,26.03%,850xx,AZ,2 years,0.0
13000.0,2014-01-02,debt_consolidation,695.0,17.9%,980xx,WA,< 1 year,0.0
4850.0,2014-01-02,major_purchase,808.0,58.93%,016xx,MA,< 1 year,0.0
10000.0,2014-01-02,debt_consolidation,690.0,36.03%,183xx,PA,< 1 year,0.0
20000.0,2014-01-03,debt_consolidation,692.0,37.24%,618xx,IL,< 1 year,0.0
3000.0,2014-01-05,home_improvement,640.0,14.54%,180xx,PA,< 1 year,0.0
8000.0,2014-01-07,debt_consolidation,617.0,17.99%,082xx,NJ,< 1 year,0.0
28000.0,2014-01-07,debt_consolidation,646.0,14.93%,891xx,NV,< 1 year,0.0
25000.0,2014-01-07,other,504.0,0.6%,350xx,AL,< 1 year,0.0
20000.0,2014-01-08,car,,-1%,752xx,TX,< 1 year,0.0
35000.0,2014-01-10,home_improvement,663.0,9.88%,330xx,FL,5 years,0.0
12000.0,2014-01-11,car,858.0,44.45%,405xx,KY,5 years,0.0
25000.0,2014-01-13,debt_consolidation,703.0,37.48%,986xx,WA,< 1 year,0.0
6000.0,2014-01-14,home_improvement,683.0,17.25%,067xx,CT,< 1 year,0.0
15000.0,2014-01-15,debt_consolidation,639.0,74.46%,241xx,VA,< 1 year,0.0
3000.0,2014-01-15,credit_card,704.0,26.17%,104xx,NY,< 1 year,0.0
8000.0,2014-01-16,car,656.0,4.69%,949xx,CA,< 1 year,0.0
12000.0,2014-01-17,debt_consolidation,693.0,29.93%,146xx,NY,< 1 year,0.0
35000.0,2014-01-18,debt_consolidation,634.0,21.13%,362xx,AL,< 1 year,0.0
25000.0,2014-01-18,debt_consolidation,688.0,7.37%,209xx,MD,< 1 year,0.0
35000.0,2014-01-20,debt_consolidation,764.0,44.98%,853xx,AZ,< 1 year,0.0
35000.0,2014-01-20,Debt consolidation,643.0,15.52%,800xx,CO,5 years,0.0
15000.0,2014-01-20,credit_card,662.0,10.57%,560xx,MN,< 1 year,0.0
35000.0,2014-01-21,credit_card,721.0,26.9%,376xx,TN,< 1 year,0.0
25000.0,2014-01-21,small_business,707.0,14.96%,080xx,NH,< 1 year,0.0
2000.0,2014-01-22,other,,-1%,748xx,OK,< 1 year,0.0
9000.0,2014-01-22,other,644.0,15.45%,300xx,GA,< 1 year,0.0
25000.0,2014-01-23,credit_card,725.0,25.98%,320xx,FL,< 1 year,0.0
35000.0,2014-01-23,debt_consolidation,772.0,35.32%,653xx,MO,< 1 year,0.0
10000.0,2014-01-23,debt_consolidation,591.0,50.36%,430xx,OH,< 1 year,0.0
15000.0,2014-01-23,debt_consolidation,726.0,42.47%,362xx,AL,< 1 year,0.0
3000.0,2014-01-24,debt_consolidation,650.0,20.4%,217xx,MD,< 1 year,0.0
20000.0,2014-01-24,Credit card refinancing,722.0,4.94%,088xx,NJ,4 years,0.0
30000.0,2014-01-24,debt_consolidation,660.0,17.19%,300xx,GA,< 1 year,0.0
7000.0,2014-01-27,debt_consolidation,656.0,67.54%,957xx,CA,< 1 year,0.0
10000.0,2014-01-30,small_business,662.0,11.97%,105xx,NY,< 1 year,0.0
5000.0,2014-01-30,credit_card,637.0,13.17%,799xx,TX,5 years,0.0
5000.0,2014-01-30,home_improvement,,-1%,722xx,AR,< 1 year,0.0
25000.0,2014-01-31,credit_card,665.0,39.12%,704xx,LA,< 1 year,0.0
20000.0,2014-02-03,debt_consolidation,755.0,20.32%,305xx,GA,< 1 year,0.0
5000.0,2014-02-04,debt_consolidation,586.0,12.08%,786xx,TX,10+ years,0.0
7000.0,2014-02-04,credit_card,667.0,10.85%,606xx,IL,< 1 year,0.0
3000.0,2014-02-05,other,704.0,5.23%,196xx,PA,< 1 year,0.0
20000.0,2014-02-05,debt_consolidation,662.0,47.87%,070xx,NJ,< 1 year,0.0
35000.0,2014-02-09,debt_consolidation,736.0,54.48%,790xx,TX,< 1 year,0.0
15000.0,2014-02-09,other,586.0,0%,100xx,NY,< 1 year,0.0
20000.0,2014-02-09,credit_card,663.0,0.36%,951xx,CA,< 1 year,0.0
15000.0,2014-02-10,debt_consolidation,691.0,21.83%,454xx,OH,< 1 year,0.0
35000.0,2014-02-11,debt_consolidation,655.0,34.64%,802xx,CO,< 1 year,0.0
20000.0,2014-02-11,debt_consolidation,630.0,17.11%,480xx,MI,< 1 year,0.0
3000.0,2014-02-12,credit_card,757.0,30.25%,981xx,WA,< 1 year,0.0
15000.0,2014-02-13,house,683.0,11.55%,255xx,WV,< 1 year,0.0
35000.0,2014-02-14,credit_card,693.0,33.39%,027xx,MA,< 1 year,0.0
15000.0,2014-02-14,other,689.0,9.29%,060xx,CT,< 1 year,0.0
1500.0,2014-02-14,debt_consolidation,680.0,14.32%,927xx,CA,5 years,0.0
10000.0,2014-02-16,moving,610.0,0%,027xx,MA,,0.0
1000.0,2014-02-17,other,559.0,11.54%,432xx,OH,1 year,0.0
15000.0,2014-02-18,Home improvement,686.0,18.03%,553xx,MN,,0.0
4000.0,2014-02-18,debt_consolidation,521.0,6.93%,986xx,WA,< 1 year,0.0
10000.0,2014-02-18,debt_consolidation,637.0,35.79%,930xx,CA,< 1 year,0.0
30000.0,2014-02-19,Debt consolidation,635.0,18.99%,853xx,AZ,,0.0
3000.0,2014-02-20,debt_consolidation,591.0,16.53%,606xx,IL,< 1 year,0.0
10000.0,2014-02-20,moving,520.0,99999%,920xx,CA,< 1 year,0.0
12000.0,2014-02-20,Debt consolidation,836.0,16.73%,992xx,WA,8 years,0.0
5000.0,2014-02-21,debt_consolidation,681.0,18.31%,217xx,MD,5 years,0.0
5000.0,2014-02-21,credit_card,691.0,12.86%,615xx,IL,< 1 year,0.0
6100.0,2014-02-25,other,706.0,24.08%,605xx,IL,< 1 year,0.0
2000.0,2014-02-25,other,620.0,13.72%,184xx,PA,< 1 year,0.0
1000.0,2014-03-02,other,610.0,23.93%,338xx,FL,< 1 year,0.0
33600.0,2014-03-02,debt_consolidation,712.0,36.57%,953xx,CA,< 1 year,0.0
35000.0,2014-03-03,debt_consolidation,747.0,33.85%,262xx,WV,< 1 year,0.0
20000.0,2014-03-03,house,618.0,0.61%,109xx,NY,< 1 year,0.0
1700.0,2014-03-04,Major purchase,731.0,16.14%,265xx,WV,,0.0
8000.0,2014-03-04,home_improvement,647.0,27.83%,107xx,NY,< 1 year,0.0
5000.0,2014-03-06,debt_consolidation,708.0,32.24%,469xx,IN,< 1 year,0.0
10000.0,2014-03-06,debt_consolidation,619.0,20.26%,750xx,TX,< 1 year,0.0
3000.0,2014-03-07,debt_consolidation,584.0,24.07%,364xx,AL,< 1 year,0.0
3000.0,2014-03-10,car,546.0,0%,551xx,MN,< 1 year,0.0
35000.0,2014-03-11,house,625.0,5.79%,762xx,TX,< 1 year,0.0
17000.0,2014-03-11,Credit card refinancing,691.0,2.56%,943xx,CA,7 years,0.0
5000.0,2014-03-12,debt_consolidation,641.0,41.45%,060xx,CT,< 1 year,0.0
35000.0,2014-03-12,debt_consolidation,597.0,19.62%,590xx,MT,< 1 year,0.0
13000.0,2014-03-12,credit_card,610.0,16.09%,462xx,IN,< 1 year,0.0
15000.0,2014-03-13,debt_consolidation,622.0,10.02%,727xx,AR,< 1 year,0.0
10000.0,2014-03-13,other,591.0,0.75%,604xx,IL,< 1 year,0.0
3000.0,2014-03-13,debt_consolidation,682.0,11.07%,480xx,MI,< 1 year,0.0
35000.0,2014-03-14,debt_consolidation,668.0,34.72%,648xx,MO,< 1 year,0.0
5000.0,2014-03-14,other,547.0,0.46%,155xx,PA,< 1 year,0.0
15000.0,2014-03-14,credit_card,745.0,24.67%,307xx,GA,< 1 year,0.0
5000.0,2014-03-15,moving,524.0,0.72%,330xx,FL,< 1 year,0.0
3000.0,2014-03-15,car,533.0,30%,394xx,MO,< 1 year,0.0
15000.0,2014-03-15,other,633.0,49.47%,112xx,NY,< 1 year,0.0
7500.0,2014-03-15,debt_consolidation,612.0,49.53%,293xx,SC,< 1 year,0.0
13000.0,2014-03-15,debt_consolidation,619.0,37.02%,736xx,OK,< 1 year,0.0
30000.0,2014-03-17,debt_consolidation,707.0,25.42%,634xx,MO,< 1 year,0.0
2000.0,2014-03-17,debt_consolidation,566.0,24.77%,405xx,KY,< 1 year,0.0
1000.0,2014-03-17,debt_consolidation,570.0,1.2%,925xx,CA,< 1 year,0.0
30000.0,2014-03-17,credit_card,671.0,42.5%,300xx,GA,< 1 year,0.0
5000.0,2014-03-18,wedding,601.0,12.88%,447xx,OH,< 1 year,0.0
3000.0,2014-03-18,debt_consolidation,693.0,27.84%,298xx,SC,< 1 year,0.0
35000.0,2014-03-20,debt_consolidation,647.0,16.98%,403xx,KY,< 1 year,0.0
35000.0,2014-03-20,small_business,664.0,4.73%,431xx,OH,< 1 year,0.0
12000.0,2014-03-20,car,,-1%,983xx,WA,< 1 year,0.0
1200.0,2014-03-21,medical,554.0,33.39%,024xx,MA,< 1 year,0.0
9000.0,2014-03-22,debt_consolidation,605.0,29.25%,148xx,NY,< 1 year,0.0
1500.0,2014-03-22,other,559.0,13.45%,088xx,NJ,< 1 year,0.0
10000.0,2014-03-23,Credit card refinancing,669.0,5.07%,633xx,MO,< 1 year,0.0
5000.0,2014-03-24,debt_consolidation,520.0,28.69%,880xx,NM,< 1 year,0.0
22000.0,2014-03-24,credit_card,648.0,112.23%,452xx,OH,< 1 year,0.0
25000.0,2014-03-24,debt_consolidation,702.0,36.04%,799xx,TX,< 1 year,0.0
15000.0,2014-03-25,home_improvement,637.0,2.04%,275xx,NC,< 1 year,0.0
10000.0,2014-03-25,Credit card refinancing,659.0,19.49%,117xx,NY,,0.0
30000.0,2014-03-25,debt_consolidation,729.0,4.92%,352xx,AL,< 1 year,0.0
15000.0,2014-03-25,Debt consolidation,668.0,3.7%,850xx,AZ,,0.0
20000.0,2014-03-25,debt_consolidation,640.0,51.48%,028xx,RI,< 1 year,0.0
15000.0,2014-03-25,home_improvement,665.0,21.57%,932xx,CA,< 1 year,0.0
35000.0,2014-03-25,debt_consolidation,654.0,34.65%,324xx,FL,< 1 year,0.0
35000.0,2014-03-25,credit_card,711.0,14.37%,605xx,IL,< 1 year,0.0
3500.0,2014-03-25,moving,550.0,18.82%,940xx,CA,< 1 year,0.0
1000.0,2014-03-26,medical,632.0,42.2%,301xx,GA,< 1 year,0.0
2000.0,2014-03-26,major_purchase,561.0,13.53%,173xx,PA,< 1 year,0.0
2000.0,2014-03-26,other,599.0,23.22%,625xx,IL,< 1 year,0.0
2500.0,2014-03-26,debt_consolidation,573.0,17.75%,325xx,FL,< 1 year,0.0
30000.0,2014-03-27,medical,670.0,17.24%,806xx,CO,< 1 year,0.0
35000.0,2014-03-28,major_purchase,539.0,0.41%,128xx,NY,< 1 year,0.0
1000.0,2014-03-29,other,566.0,2.2%,254xx,WV,< 1 year,0.0
17000.0,2014-03-29,other,695.0,30.49%,730xx,OK,< 1 year,0.0
1000.0,2014-03-30,car,513.0,39.2%,272xx,NC,< 1 year,0.0
4000.0,2014-03-30,debt_consolidation,751.0,25.21%,402xx,KY,< 1 year,0.0
4000.0,2014-03-31,car,,-1%,141xx,NY,< 1 year,0.0
10000.0,2014-03-31,debt_consolidation,681.0,22.62%,703xx,LA,< 1 year,0.0
8000.0,2014-04-02,home_improvement,627.0,28.88%,440xx,OH,< 1 year,0.0
12000.0,2014-04-02,debt_consolidation,632.0,23.36%,499xx,MI,< 1 year,0.0
5000.0,2014-04-02,debt_consolidation,661.0,17.07%,180xx,PA,< 1 year,0.0
15000.0,2014-04-02,debt_consolidation,606.0,20.11%,110xx,NY,< 1 year,0.0
15000.0,2014-04-03,debt_consolidation,630.0,14.67%,028xx,RI,< 1 year,0.0
15000.0,2014-04-03,debt_consolidation,599.0,21.18%,535xx,WI,< 1 year,0.0
9000.0,2014-04-04,debt_consolidation,732.0,13.27%,631xx,MO,< 1 year,0.0
13000.0,2014-04-04,debt_consolidation,621.0,5.65%,282xx,NC,< 1 year,0.0
4000.0,2014-04-05,other,616.0,4.01%,019xx,MA,< 1 year,0.0
20000.0,2014-04-06,debt_consolidation,509.0,4.1%,645xx,MO,1 year,0.0
35000.0,2014-04-07,debt_consolidation,689.0,35.52%,212xx,MD,< 1 year,0.0
1000.0,2014-04-09,Other,708.0,32.33%,207xx,MD,,0.0
18000.0,2014-04-09,debt_consolidation,658.0,10.39%,641xx,MO,< 1 year,0.0
1500.0,2014-04-09,debt_consolidation,577.0,10.7%,434xx,OH,< 1 year,0.0
21000.0,2014-04-10,debt_consolidation,704.0,33.1%,573xx,SD,< 1 year,0.0
35000.0,2014-04-11,debt_consolidation,696.0,26.18%,283xx,NC,< 1 year,0.0
32000.0,2014-04-12,Debt consolidation,641.0,33.92%,782xx,TX,9 years,0.0
4000.0,2014-04-12,major_purchase,712.0,34.53%,290xx,SC,< 1 year,0.0
10000.0,2014-04-12,other,672.0,70.22%,913xx,CA,< 1 year,0.0
15000.0,2014-04-13,home_improvement,651.0,47.28%,333xx,FL,< 1 year,0.0
16000.0,2014-04-13,debt_consolidation,685.0,10.41%,015xx,MA,< 1 year,0.0
5000.0,2014-04-13,moving,692.0,22.97%,859xx,AZ,5 years,0.0
25000.0,2014-04-14,debt_consolidation,663.0,20.49%,453xx,OH,< 1 year,0.0
7500.0,2014-04-14,medical,660.0,33.14%,190xx,PA,< 1 year,0.0
1500.0,2014-04-15,vacation,501.0,20.47%,112xx,NY,< 1 year,0.0
1500.0,2014-04-15,other,670.0,15.86%,902xx,CA,< 1 year,0.0
3000.0,2014-04-17,medical,664.0,18.21%,606xx,IL,5 years,0.0
16000.0,2014-04-18,debt_consolidation,699.0,4.73%,067xx,CT,< 1 year,0.0
10000.0,2014-04-18,home_improvement,,-1%,604xx,IL,< 1 year,0.0
15000.0,2014-04-18,debt_consolidation,672.0,52.89%,186xx,PA,< 1 year,0.0
15000.0,2014-04-19,debt_consolidation,704.0,36.8%,751xx,TX,< 1 year,0.0
35000.0,2014-04-20,medical,525.0,10.15%,201xx,VA,1 year,0.0
6000.0,2014-04-21,other,630.0,1.94%,925xx,CA,< 1 year,0.0
7000.0,2014-04-21,debt_consolidation,574.0,30.97%,352xx,AL,< 1 year,0.0
25000.0,2014-04-22,debt_consolidation,631.0,37.31%,347xx,FL,< 1 year,0.0
15000.0,2014-04-23,debt_consolidation,501.0,47.96%,352xx,AL,< 1 year,0.0
2000.0,2014-04-23,vacation,694.0,9999%,234xx,VA,< 1 year,0.0
7000.0,2014-04-23,home_improvement,756.0,13.47%,906xx,CA,,0.0
1000.0,2014-04-25,other,679.0,32.33%,323xx,FL,< 1 year,0.0
35000.0,2014-04-25,house,,-1%,350xx,AL,< 1 year,0.0
17650.0,2014-04-25,debt_consolidation,613.0,30.25%,891xx,NV,< 1 year,0.0
100000.0,2014-04-26,Business Loan,,-1%,799xx,TX,< 1 year,0.0
3000.0,2014-04-28,moving,635.0,16.34%,974xx,OR,< 1 year,0.0
1000.0,2014-04-29,major_purchase,622.0,15.22%,065xx,CT,< 1 year,0.0
5000.0,2014-05-01,small_business,,0%,802xx,CO,< 1 year,0.0
35000.0,2014-05-02,debt_consolidation,691.0,76.65%,138xx,NY,< 1 year,0.0
2000.0,2014-05-04,house,523.0,0%,142xx,NY,< 1 year,0.0
2500.0,2014-05-05,small_business,486.0,2.69%,339xx,FL,< 1 year,0.0
1000.0,2014-05-06,debt_consolidation,554.0,0.46%,112xx,NY,< 1 year,0.0
18000.0,2014-05-07,house,658.0,25.21%,159xx,PA,< 1 year,0.0
20000.0,2014-05-07,credit_card,644.0,55.1%,925xx,CA,< 1 year,0.0
5000.0,2014-05-07,moving,526.0,1.43%,945xx,CA,< 1 year,0.0
8000.0,2014-05-07,debt_consolidation,635.0,20.84%,437xx,OH,< 1 year,0.0
35000.0,2014-05-08,debt_consolidation,693.0,39.21%,622xx,IL,< 1 year,0.0
10000.0,2014-05-08,debt_consolidation,658.0,14.78%,352xx,AL,< 1 year,0.0
10000.0,2014-05-09,debt_consolidation,632.0,20.68%,403xx,KY,< 1 year,0.0
1000.0,2014-05-09,medical,517.0,15.85%,354xx,AL,< 1 year,0.0
8000.0,2014-05-09,debt_consolidation,604.0,357.69%,850xx,AZ,< 1 year,0.0
3100.0,2014-05-11,other,646.0,7.76%,338xx,FL,< 1 year,0.0
5000.0,2014-05-12,debt_consolidation,547.0,18.92%,282xx,NC,< 1 year,0.0
2000.0,2014-05-12,medical,562.0,17.94%,960xx,CA,< 1 year,0.0
35000.0,2014-05-12,credit_card,703.0,43%,247xx,WV,< 1 year,0.0
16000.0,2014-05-13,debt_consolidation,,-1%,121xx,NY,< 1 year,0.0
5000.0,2014-05-13,debt_consolidation,555.0,21.18%,604xx,IL,< 1 year,0.0
18000.0,2014-05-13,debt_consolidation,624.0,35.86%,336xx,FL,< 1 year,0.0
20000.0,2014-05-14,debt_consolidation,566.0,37.08%,564xx,MN,< 1 year,0.0
35000.0,2014-05-14,debt_consolidation,603.0,24.55%,613xx,IL,< 1 year,0.0
30000.0,2014-05-14,debt_consolidation,610.0,28.48%,070xx,NJ,< 1 year,0.0
3000.0,2014-05-15,other,717.0,63.99%,655xx,MO,< 1 year,0.0
19000.0,2014-05-16,debt_consolidation,708.0,237.6%,920xx,CA,< 1 year,0.0
8000.0,2014-05-17,credit_card,567.0,37.1%,025xx,MA,< 1 year,0.0
20000.0,2014-05-18,home_improvement,660.0,6.93%,145xx,NY,5 years,0.0
1000.0,2014-05-18,debt_consolidation,559.0,52.8%,391xx,MS,< 1 year,0.0
3000.0,2014-05-19,other,634.0,10.86%,925xx,CA,< 1 year,0.0
25000.0,2014-05-20,credit_card,579.0,81.43%,750xx,TX,< 1 year,0.0
2500.0,2014-05-20,other,589.0,12.13%,190xx,PA,< 1 year,0.0
16000.0,2014-05-20,debt_consolidation,661.0,36.41%,934xx,CA,< 1 year,0.0
1000.0,2014-05-20,moving,534.0,18.69%,196xx,PA,< 1 year,0.0
5000.0,2014-05-21,home_improvement,677.0,2.67%,958xx,CA,< 1 year,0.0
35000.0,2014-05-22,debt_consolidation,563.0,21.53%,495xx,MI,< 1 year,0.0
25000.0,2014-05-22,debt_consolidation,767.0,24.14%,750xx,TX,< 1 year,0.0
2000.0,2014-05-23,debt_consolidation,658.0,38.16%,651xx,MO,< 1 year,0.0
35000.0,2014-05-23,debt_consolidation,679.0,40.16%,147xx,NY,< 1 year,0.0
5000.0,2014-05-23,debt_consolidation,663.0,26.24%,891xx,NV,< 1 year,0.0
35000.0,2014-05-24,credit_card,665.0,45.35%,601xx,IL,< 1 year,0.0
5000.0,2014-05-25,debt_consolidation,696.0,78.8%,180xx,PA,< 1 year,0.0
20000.0,2014-05-25,debt_consolidation,704.0,14.52%,181xx,PA,5 years,0.0
5000.0,2014-05-26,vacation,650.0,4.28%,921xx,CA,< 1 year,0.0
13500.0,2014-05-27,debt_consolidation,748.0,31.98%,731xx,OK,< 1 year,0.0
11000.0,2014-05-27,debt_consolidation,631.0,14.73%,465xx,IN,< 1 year,0.0
30000.0,2014-05-27,small_business,582.0,0.77%,070xx,NJ,< 1 year,0.0
5000.0,2014-05-28,debt_consolidation,708.0,6.38%,119xx,NY,< 1 year,0.0
25000.0,2014-05-28,credit_card,609.0,18.04%,259xx,WV,< 1 year,0.0
100000.0,2014-05-29,Business Loan,,-1%,113xx,NY,< 1 year,0.0
13500.0,2014-05-30,debt_consolidation,670.0,5.11%,957xx,CA,< 1 year,0.0
5000.0,2014-05-31,debt_consolidation,676.0,18.63%,981xx,WA,< 1 year,0.0
1000.0,2014-06-02,major_purchase,653.0,18.71%,462xx,IN,< 1 year,0.0
13000.0,2014-06-02,credit_card,683.0,15.09%,750xx,TX,5 years,0.0
7000.0,2014-06-02,debt_consolidation,663.0,44.46%,950xx,CA,< 1 year,0.0
1000.0,2014-06-03,vacation,515.0,0.6%,347xx,FL,< 1 year,0.0
6000.0,2014-06-03,house,727.0,64.09%,451xx,OH,< 1 year,0.0
1000.0,2014-06-04,medical,549.0,6.85%,469xx,IN,< 1 year,0.0
18000.0,2014-06-04,credit_card,798.0,38.76%,060xx,CT,< 1 year,0.0
5000.0,2014-06-05,other,534.0,5.28%,484xx,MI,< 1 year,0.0
4500.0,2014-06-05,debt_consolidation,,-1%,114xx,NY,< 1 year,0.0
25000.0,2014-06-06,debt_consolidation,567.0,44.47%,410xx,KY,< 1 year,0.0
15000.0,2014-06-06,credit_card,714.0,11.45%,301xx,GA,< 1 year,0.0
7000.0,2014-06-07,debt_consolidation,651.0,11.01%,934xx,CA,< 1 year,0.0
10000.0,2014-06-07,other,603.0,15.07%,750xx,TX,5 years,0.0
1000.0,2014-06-08,other,557.0,13.58%,373xx,TN,< 1 year,0.0
1000.0,2014-06-10,debt_consolidation,681.0,31.14%,820xx,WY,< 1 year,0.0
3300.0,2014-06-10,major_purchase,516.0,26.65%,379xx,TN,< 1 year,0.0
25000.0,2014-06-10,other,548.0,0%,980xx,WA,< 1 year,0.0
3000.0,2014-06-11,debt_consolidation,631.0,30.05%,452xx,OH,< 1 year,0.0
20000.0,2014-06-11,debt_consolidation,651.0,5.93%,907xx,CA,< 1 year,0.0
20000.0,2014-06-11,credit_card,598.0,61.96%,672xx,KS,< 1 year,0.0
20000.0,2014-06-11,debt_consolidation,696.0,26.13%,307xx,GA,< 1 year,0.0
6500.0,2014-06-12,home_improvement,597.0,26.61%,526xx,IN,< 1 year,0.0
10000.0,2014-06-12,debt_consolidation,597.0,9.75%,173xx,PA,< 1 year,0.0
9000.0,2014-06-16,debt_consolidation,726.0,34.55%,228xx,VA,< 1 year,0.0
35000.0,2014-06-16,debt_consolidation,,-1%,479xx,IN,< 1 year,0.0
10000.0,2014-06-16,home_improvement,560.0,3.5%,211xx,MD,< 1 year,0.0
2500.0,2014-06-17,major_purchase,718.0,42.34%,750xx,TX,< 1 year,0.0
10000.0,2014-06-18,debt_consolidation,653.0,23.03%,450xx,OH,< 1 year,0.0
3000.0,2014-06-19,small_business,,-1%,284xx,NC,< 1 year,0.0
1000.0,2014-06-19,other,512.0,51.3%,359xx,MS,< 1 year,0.0
2000.0,2014-06-20,other,635.0,22.21%,925xx,CA,< 1 year,0.0
2600.0,2014-06-22,major_purchase,655.0,7.51%,782xx,TX,< 1 year,0.0
1200.0,2014-06-22,other,619.0,7.23%,852xx,AZ,5 years,0.0
6000.0,2014-06-22,vacation,758.0,27.64%,967xx,HI,< 1 year,0.0
20000.0,2014-06-23,debt_consolidation,656.0,14.61%,633xx,MO,< 1 year,0.0
30000.0,2014-06-23,debt_consolidation,575.0,31.9%,606xx,IL,< 1 year,0.0
1000.0,2014-06-24,vacation,592.0,2.86%,980xx,WA,< 1 year,0.0
1500.0,2014-06-24,debt_consolidation,,-1%,970xx,OR,< 1 year,0.0
25000.0,2014-06-25,debt_consolidation,743.0,36.41%,782xx,TX,< 1 year,0.0
30000.0,2014-06-25,Other,647.0,19.98%,119xx,NY,6 years,0.0
27000.0,2014-06-25,debt_consolidation,637.0,44.64%,995xx,AK,< 1 year,0.0
10000.0,2014-06-27,medical,531.0,0%,946xx,CA,< 1 year,0.0
4500.0,2014-06-28,debt_consolidation,633.0,13.43%,285xx,NC,< 1 year,0.0
13000.0,2014-06-28,other,689.0,1.03%,378xx,TN,< 1 year,0.0
15000.0,2014-06-28,credit_card,682.0,10.92%,100xx,NY,< 1 year,0.0
1000.0,2014-06-28,debt_consolidation,648.0,18.92%,015xx,MA,< 1 year,0.0
13000.0,2014-06-28,car,619.0,22.95%,021xx,MA,6 years,0.0
20000.0,2014-06-30,debt_consolidation,623.0,3.29%,152xx,PA,< 1 year,0.0
5000.0,2014-06-30,debt_consolidation,618.0,28.08%,231xx,VA,< 1 year,0.0
1000.0,2014-07-01,moving,550.0,22.08%,488xx,MI,< 1 year,0.0
35000.0,2014-07-01,debt_consolidation,,-1%,233xx,VA,< 1 year,0.0
2000.0,2014-07-01,medical,684.0,55.67%,900xx,CA,< 1 year,0.0
12000.0,2014-07-01,debt_consolidation,761.0,31.69%,117xx,NY,< 1 year,0.0
1500.0,2014-07-01,debt_consolidation,602.0,19.59%,600xx,IL,< 1 year,0.0
1000.0,2014-07-01,other,614.0,25.96%,778xx,TX,< 1 year,0.0
1000.0,2014-07-01,home_improvement,489.0,16.17%,751xx,TX,< 1 year,0.0
5000.0,2014-07-02,debt_consolidation,651.0,14.9%,067xx,CT,< 1 year,0.0
4000.0,2014-07-02,debt_consolidation,587.0,49.27%,711xx,LA,< 1 year,0.0
7500.0,2014-07-02,home_improvement,,-1%,758xx,TX,< 1 year,0.0
20000.0,2014-07-03,debt_consolidation,649.0,26.68%,727xx,AR,< 1 year,0.0
2000.0,2014-07-04,moving,611.0,1.63%,658xx,MO,< 1 year,0.0
6000.0,2014-07-04,other,579.0,13.6%,490xx,MI,< 1 year,0.0
1000.0,2014-07-04,moving,564.0,0%,191xx,PA,< 1 year,0.0
35000.0,2014-07-04,house,645.0,90.87%,377xx,TN,< 1 year,0.0
1500.0,2014-07-05,other,615.0,28.9%,902xx,CA,< 1 year,0.0
1500.0,2014-07-05,car,673.0,6.06%,729xx,AR,< 1 year,0.0
10000.0,2014-07-05,other,,-1%,201xx,VA,< 1 year,0.0
3000.0,2014-07-05,medical,,-1%,305xx,GA,< 1 year,0.0
6500.0,2014-07-06,home_improvement,650.0,0.82%,207xx,MD,< 1 year,0.0
10000.0,2014-07-06,debt_consolidation,764.0,20.7%,801xx,CO,< 1 year,0.0
35000.0,2014-07-07,credit_card,676.0,44.4%,486xx,MI,< 1 year,0.0
30000.0,2014-07-07,debt_consolidation,661.0,53.54%,144xx,NY,< 1 year,0.0
5000.0,2014-07-07,home_improvement,562.0,0.26%,765xx,TX,< 1 year,0.0
2000.0,2014-07-07,moving,,-1%,235xx,VA,< 1 year,0.0
1000.0,2014-07-07,moving,,-1%,775xx,TX,< 1 year,0.0
2300.0,2014-07-07,debt_consolidation,,-1%,974xx,OR,< 1 year,0.0
35000.0,2014-07-08,credit_card,664.0,31.38%,359xx,AL,< 1 year,0.0
3000.0,2014-07-08,debt_consolidation,613.0,30.43%,940xx,CA,< 1 year,0.0
18000.0,2014-07-09,credit_card,565.0,21.03%,673xx,KS,< 1 year,0.0
12000.0,2014-07-09,debt_consolidation,,-1%,281xx,NC,< 1 year,0.0
5000.0,2014-07-09,car,512.0,0.62%,606xx,IL,< 1 year,0.0
10000.0,2014-07-09,debt_consolidation,631.0,19.52%,330xx,FL,< 1 year,0.0
20000.0,2014-07-09,debt_consolidation,660.0,56.56%,170xx,PA,< 1 year,0.0
1900.0,2014-07-09,other,,-1%,761xx,TX,< 1 year,0.0
1600.0,2014-07-09,other,,-1%,985xx,WA,< 1 year,0.0
15000.0,2014-07-10,medical,,-1%,983xx,WA,< 1 year,0.0
20000.0,2014-07-11,house,625.0,2.35%,941xx,CA,< 1 year,0.0
13000.0,2014-07-12,debt_consolidation,691.0,47.6%,550xx,MN,< 1 year,0.0
1500.0,2014-07-12,home_improvement,636.0,1.24%,198xx,DE,< 1 year,0.0
3500.0,2014-07-12,medical,,-1%,557xx,MN,< 1 year,0.0
5000.0,2014-07-12,moving,,-1%,457xx,OH,< 1 year,0.0
20000.0,2014-07-13,debt_consolidation,623.0,48.57%,037xx,NH,< 1 year,0.0
1000.0,2014-07-13,other,559.0,18.29%,460xx,IN,< 1 year,0.0
3500.0,2014-07-14,renewable_energy,,-1%,140xx,NY,< 1 year,0.0
35000.0,2014-07-14,Debt consolidation,683.0,8.03%,189xx,PA,9 years,0.0
10000.0,2014-07-14,moving,582.0,23.69%,797xx,TX,< 1 year,0.0
11000.0,2014-07-14,Home improvement,692.0,14.82%,462xx,IN,,0.0
7950.0,2014-07-14,credit_card,682.0,25.58%,565xx,MN,< 1 year,0.0
25000.0,2014-07-15,debt_consolidation,625.0,28.42%,313xx,GA,< 1 year,0.0
35000.0,2014-07-15,Business Loan,,-1%,189xx,PA,< 1 year,0.0
6000.0,2014-07-15,moving,,-1%,967xx,HI,< 1 year,0.0
5000.0,2014-07-16,other,501.0,2.88%,852xx,AZ,< 1 year,0.0
8000.0,2014-07-17,debt_consolidation,743.0,146.67%,217xx,MD,< 1 year,0.0
5000.0,2014-07-17,debt_consolidation,549.0,17.29%,633xx,MO,< 1 year,0.0
3000.0,2014-07-18,debt_consolidation,684.0,31.98%,285xx,NC,< 1 year,0.0
35000.0,2014-07-18,credit_card,634.0,25.2%,369xx,AL,< 1 year,0.0
35000.0,2014-07-19,debt_consolidation,,-1%,028xx,RI,< 1 year,0.0
20000.0,2014-07-19,debt_consolidation,,-1%,478xx,IN,< 1 year,0.0
2500.0,2014-07-20,moving,536.0,6.96%,922xx,CA,< 1 year,0.0
3500.0,2014-07-20,home_improvement,593.0,0.12%,620xx,IL,< 1 year,0.0
20000.0,2014-07-20,debt_consolidation,,-1%,358xx,AL,< 1 year,0.0
12000.0,2014-07-21,debt_consolidation,617.0,9.36%,104xx,NY,< 1 year,0.0
35000.0,2014-07-21,debt_consolidation,676.0,82.86%,154xx,PA,< 1 year,0.0
4000.0,2014-07-21,small_business,681.0,14.63%,125xx,NY,< 1 year,0.0
2000.0,2014-07-22,car,549.0,0.37%,945xx,CA,< 1 year,0.0
1000.0,2014-07-22,moving,550.0,0%,750xx,TX,< 1 year,0.0
1000.0,2014-07-22,small_business,,-1%,070xx,NJ,< 1 year,0.0
15000.0,2014-07-23,debt_consolidation,613.0,27.68%,139xx,NY,< 1 year,0.0
10000.0,2014-07-23,other,691.0,24.71%,320xx,FL,< 1 year,0.0
10000.0,2014-07-23,debt_consolidation,651.0,35.04%,773xx,TX,< 1 year,0.0
5900.0,2014-07-24,debt_consolidation,572.0,27.88%,721xx,AR,< 1 year,0.0
35000.0,2014-07-24,other,662.0,8.67%,550xx,MN,< 1 year,0.0
20000.0,2014-07-24,debt_consolidation,,-1%,280xx,NC,< 1 year,0.0
5000.0,2014-07-24,debt_consolidation,587.0,2.83%,212xx,MD,< 1 year,0.0
1500.0,2014-07-25,debt_consolidation,566.0,0.45%,280xx,NC,< 1 year,0.0
3000.0,2014-07-25,other,512.0,3.74%,210xx,MD,< 1 year,0.0
20000.0,2014-07-25,debt_consolidation,634.0,10.14%,115xx,NY,< 1 year,0.0
10000.0,2014-07-25,house,631.0,23.74%,463xx,IN,< 1 year,0.0
3000.0,2014-07-25,other,631.0,7.42%,716xx,AR,< 1 year,0.0
1000.0,2014-07-25,debt_consolidation,462.0,36.08%,770xx,TX,< 1 year,0.0
5000.0,2014-07-26,medical,694.0,1.24%,301xx,GA,< 1 year,0.0
11000.0,2014-07-26,car,,-1%,189xx,PA,< 1 year,0.0
25000.0,2014-07-27,debt_consolidation,680.0,46.63%,349xx,FL,< 1 year,0.0
5000.0,2014-07-27,debt_consolidation,564.0,415.38%,080xx,NJ,< 1 year,0.0
25000.0,2014-07-28,Debt consolidation,691.0,12.34%,322xx,FL,10+ years,0.0
12000.0,2014-07-28,other,601.0,12.39%,381xx,TN,< 1 year,0.0
1500.0,2014-07-29,other,,-1%,455xx,OH,< 1 year,0.0
6000.0,2014-07-29,debt_consolidation,662.0,31.79%,917xx,CA,< 1 year,0.0
4000.0,2014-07-29,moving,,-1%,919xx,CA,< 1 year,0.0
5000.0,2014-07-29,other,644.0,19.67%,067xx,CT,< 1 year,0.0
5000.0,2014-07-30,debt_consolidation,,-1%,292xx,SC,< 1 year,0.0
4050.0,2014-07-30,debt_consolidation,559.0,73.5%,211xx,MD,< 1 year,0.0
20000.0,2014-07-30,small_business,639.0,73.35%,700xx,LA,< 1 year,0.0
3000.0,2014-07-31,debt_consolidation,544.0,18.09%,760xx,TX,< 1 year,0.0
25000.0,2014-07-31,debt_consolidation,542.0,0.43%,473xx,IN,< 1 year,0.0
18000.0,2014-07-31,debt_consolidation,509.0,1.33%,953xx,CA,< 1 year,0.0
6000.0,2014-08-03,debt_consolidation,681.0,4.02%,063xx,CT,< 1 year,0.0
20000.0,2014-08-04,debt_consolidation,,-1%,236xx,VA,< 1 year,0.0
35000.0,2014-08-04,debt_consolidation,,-1%,088xx,NJ,< 1 year,0.0
35000.0,2014-08-04,small_business,664.0,31.89%,915xx,CA,< 1 year,0.0
20000.0,2014-08-04,credit_card,,-1%,432xx,OH,< 1 year,0.0
15000.0,2014-08-04,small_business,664.0,25.83%,225xx,VA,5 years,0.0
5000.0,2014-08-04,other,632.0,54.18%,190xx,PA,< 1 year,0.0
2000.0,2014-08-05,debt_consolidation,580.0,8.79%,442xx,OH,< 1 year,0.0
10000.0,2014-08-05,debt_consolidation,605.0,67.07%,782xx,TX,< 1 year,0.0
1500.0,2014-08-05,debt_consolidation,,-1%,958xx,CA,< 1 year,0.0
15000.0,2014-08-05,debt_consolidation,610.0,35.63%,708xx,LA,< 1 year,0.0
35000.0,2014-08-05,Debt consolidation,655.0,27.58%,405xx,KY,5 years,0.0
15000.0,2014-08-05,debt_consolidation,,-1%,306xx,GA,< 1 year,0.0
10000.0,2014-08-05,debt_consolidation,,-1%,402xx,KY,< 1 year,0.0
12000.0,2014-08-06,home_improvement,651.0,24.18%,287xx,NC,< 1 year,0.0
5000.0,2014-08-06,vacation,677.0,18.96%,341xx,FL,< 1 year,0.0
35000.0,2014-08-06,debt_consolidation,575.0,15.88%,105xx,NY,< 1 year,0.0
8000.0,2014-08-06,debt_consolidation,705.0,27.22%,925xx,CA,< 1 year,0.0
100000.0,2014-08-07,Business Loan,,-1%,969xx,HI,< 1 year,0.0
7000.0,2014-08-07,debt_consolidation,621.0,19.59%,910xx,CA,< 1 year,0.0
7000.0,2014-08-07,other,,-1%,482xx,MI,< 1 year,0.0
35000.0,2014-08-08,debt_consolidation,639.0,16.57%,117xx,NY,< 1 year,0.0
5000.0,2014-08-10,other,786.0,59.71%,853xx,AZ,,0.0
3500.0,2014-08-10,home_improvement,506.0,2.4%,566xx,MN,< 1 year,0.0
31000.0,2014-08-10,home_improvement,678.0,13.08%,754xx,TX,< 1 year,0.0
2000.0,2014-08-11,moving,517.0,1.86%,952xx,CA,< 1 year,0.0
1000.0,2014-08-12,medical,,-1%,713xx,LA,< 1 year,0.0
8500.0,2014-08-12,debt_consolidation,581.0,40.94%,604xx,IL,< 1 year,0.0
75000.0,2014-08-13,Business Loan,,-1%,473xx,IN,< 1 year,0.0
5000.0,2014-08-13,home_improvement,553.0,3.28%,011xx,MA,< 1 year,0.0
6000.0,2014-08-14,other,,-1%,791xx,TX,< 1 year,0.0
3000.0,2014-08-15,other,674.0,1.39%,760xx,TX,< 1 year,0.0
5000.0,2014-08-15,debt_consolidation,544.0,15.6%,301xx,GA,< 1 year,0.0
35000.0,2014-08-15,other,787.0,2.14%,191xx,PA,5 years,0.0
1000.0,2014-08-16,car,,-1%,290xx,SC,< 1 year,0.0
5000.0,2014-08-16,moving,496.0,7.34%,234xx,VA,< 1 year,0.0
30000.0,2014-08-16,debt_consolidation,,-1%,352xx,AL,< 1 year,0.0
5000.0,2014-08-17,moving,,-1%,180xx,PA,< 1 year,0.0
3000.0,2014-08-17,debt_consolidation,519.0,31.5%,038xx,NH,< 1 year,0.0
17500.0,2014-08-17,debt_consolidation,572.0,2.76%,761xx,TX,< 1 year,0.0
4000.0,2014-08-19,credit_card,,-1%,275xx,NC,< 1 year,0.0
1000.0,2014-08-19,car,501.0,-1%,917xx,CA,< 1 year,0.0
2500.0,2014-08-19,debt_consolidation,543.0,38.27%,300xx,GA,< 1 year,0.0
10000.0,2014-08-19,debt_consolidation,687.0,12.89%,560xx,MN,< 1 year,0.0
3000.0,2014-08-19,debt_consolidation,763.0,31.46%,840xx,UT,< 1 year,0.0
3000.0,2014-08-20,debt_consolidation,684.0,3.98%,322xx,FL,< 1 year,0.0
2000.0,2014-08-20,major_purchase,515.0,39.1%,924xx,CA,< 1 year,0.0
14000.0,2014-08-22,debt_consolidation,604.0,13.45%,282xx,NC,< 1 year,0.0
18000.0,2014-08-22,car,605.0,42.36%,605xx,IL,< 1 year,0.0
10000.0,2014-08-23,other,501.0,6.87%,970xx,OR,< 1 year,0.0
20000.0,2014-08-23,debt_consolidation,583.0,42.62%,236xx,VA,10+ years,0.0
3000.0,2014-08-23,debt_consolidation,539.0,6.94%,301xx,GA,< 1 year,0.0
5000.0,2014-08-24,renewable_energy,700.0,2.91%,114xx,NY,< 1 year,0.0
9000.0,2014-08-24,debt_consolidation,695.0,30.17%,636xx,MO,< 1 year,0.0
3500.0,2014-08-25,car,621.0,64.9%,217xx,MD,5 years,0.0
20000.0,2014-08-25,Business Loan,,-1%,750xx,TX,< 1 year,0.0
20000.0,2014-08-25,debt_consolidation,702.0,80.18%,890xx,NV,10+ years,0.0
35000.0,2014-08-26,debt_consolidation,673.0,71.72%,344xx,FL,< 1 year,0.0
25000.0,2014-08-26,debt_consolidation,653.0,7.95%,294xx,SC,< 1 year,0.0
4500.0,2014-08-26,debt_consolidation,570.0,49.82%,290xx,SC,< 1 year,0.0
6000.0,2014-08-26,other,668.0,88.8%,925xx,CA,< 1 year,0.0
25000.0,2014-08-27,small_business,587.0,47.61%,173xx,PA,< 1 year,0.0
5000.0,2014-08-27,debt_consolidation,730.0,8.36%,778xx,TX,< 1 year,0.0
10000.0,2014-08-27,debt_consolidation,570.0,5.43%,785xx,TX,< 1 year,0.0
1000.0,2014-08-28,debt_consolidation,625.0,39.1%,786xx,TX,< 1 year,0.0
2000.0,2014-08-28,other,,-1%,317xx,GA,< 1 year,0.0
2000.0,2014-08-28,debt_consolidation,525.0,78.8%,300xx,GA,< 1 year,0.0
1100.0,2014-08-28,Debt consolidation,,0%,978xx,OR,2 years,2.0
3000.0,2014-08-29,moving,513.0,6.58%,707xx,LA,< 1 year,0.0
15000.0,2014-08-29,small_business,558.0,2.32%,985xx,WA,< 1 year,0.0
10000.0,2014-08-29,debt_consolidation,,-1%,223xx,VA,< 1 year,0.0
5000.0,2014-08-30,car,501.0,3.1%,703xx,LA,< 1 year,0.0
7500.0,2014-08-31,credit_card,685.0,36.76%,622xx,IL,< 1 year,0.0
5000.0,2014-08-31,other,,-1%,913xx,CA,< 1 year,0.0
10000.0,2014-08-31,credit_card,662.0,32.74%,914xx,CA,< 1 year,0.0
2000.0,2014-08-31,moving,,-1%,306xx,GA,< 1 year,0.0
15000.0,2014-09-01,debt_consolidation,667.0,53.21%,853xx,AZ,< 1 year,0.0
18500.0,2014-09-01,debt_consolidation,,-1%,465xx,IN,< 1 year,0.0
5000.0,2014-09-01,debt_consolidation,667.0,20.74%,954xx,CA,< 1 year,0.0
10000.0,2014-09-01,car,,-1%,843xx,UT,< 1 year,0.0
19000.0,2014-09-02,credit_card,647.0,378.31%,933xx,CA,< 1 year,0.0
2600.0,2014-09-02,moving,526.0,3.06%,664xx,KS,< 1 year,0.0
2500.0,2014-09-03,major_purchase,,-1%,313xx,GA,< 1 year,0.0
25000.0,2014-09-03,debt_consolidation,638.0,58.04%,891xx,NV,< 1 year,0.0
5000.0,2014-09-04,moving,514.0,32.85%,316xx,GA,< 1 year,0.0
1000.0,2014-09-04,other,,-1%,891xx,NV,< 1 year,0.0
14000.0,2014-09-04,car,731.0,8.5%,921xx,CA,< 1 year,0.0
2000.0,2014-09-04,debt_consolidation,501.0,11.64%,064xx,CT,< 1 year,0.0
1000.0,2014-09-05,debt_consolidation,639.0,3%,925xx,CA,< 1 year,0.0
1000.0,2014-09-05,medical,599.0,15.71%,331xx,FL,< 1 year,0.0
2500.0,2014-09-06,other,654.0,6.14%,378xx,TN,< 1 year,0.0
2500.0,2014-09-07,other,662.0,0%,850xx,AZ,< 1 year,0.0
11000.0,2014-09-07,small_business,719.0,5.93%,070xx,NJ,< 1 year,0.0
20000.0,2014-09-08,debt_consolidation,694.0,1.83%,958xx,CA,< 1 year,0.0
15000.0,2014-09-09,debt_consolidation,653.0,27.3%,237xx,VA,< 1 year,0.0
5000.0,2014-09-09,debt_consolidation,608.0,14.8%,488xx,MI,< 1 year,0.0
20000.0,2014-09-09,debt_consolidation,590.0,37.2%,748xx,OK,< 1 year,0.0
2000.0,2014-09-09,other,,0%,631xx,MO,< 1 year,0.0
7000.0,2014-09-10,debt_consolidation,684.0,46.48%,782xx,TX,< 1 year,0.0
5000.0,2014-09-11,debt_consolidation,615.0,9.42%,606xx,IL,10+ years,0.0
1000.0,2014-09-12,moving,586.0,0.34%,080xx,NJ,< 1 year,0.0
35000.0,2014-09-12,debt_consolidation,644.0,79.39%,149xx,NY,< 1 year,0.0
18000.0,2014-09-12,debt_consolidation,660.0,16.25%,984xx,WA,< 1 year,0.0
3000.0,2014-09-12,home_improvement,695.0,63.87%,719xx,AR,< 1 year,0.0
35000.0,2014-09-12,house,,-1%,605xx,DE,< 1 year,0.0
1000.0,2014-09-14,other,650.0,0.47%,797xx,TX,< 1 year,0.0
20000.0,2014-09-15,debt_consolidation,721.0,22.85%,744xx,OK,< 1 year,0.0
20000.0,2014-09-15,home_improvement,672.0,13.52%,974xx,OR,< 1 year,0.0
3000.0,2014-09-15,moving,608.0,20.44%,187xx,PA,< 1 year,0.0
4000.0,2014-09-16,other,620.0,13.13%,389xx,MS,< 1 year,0.0
4000.0,2014-09-17,other,511.0,14.74%,952xx,CA,< 1 year,0.0
28000.0,2014-09-18,debt_consolidation,684.0,48.26%,134xx,NY,< 1 year,0.0
3000.0,2014-09-18,credit_card,612.0,69.24%,788xx,TX,< 1 year,0.0
4000.0,2014-09-19,car,620.0,0%,410xx,KY,< 1 year,0.0
5000.0,2014-09-19,other,656.0,5.52%,770xx,TX,< 1 year,0.0
1000.0,2014-09-19,major_purchase,600.0,39.76%,386xx,MS,< 1 year,0.0
15000.0,2014-09-19,debt_consolidation,750.0,38.88%,024xx,MA,< 1 year,0.0
1500.0,2014-09-20,other,524.0,0.94%,746xx,OK,< 1 year,0.0
20000.0,2014-09-20,debt_consolidation,682.0,17.5%,900xx,CA,< 1 year,0.0
12000.0,2014-09-20,credit_card,662.0,59.75%,272xx,NC,< 1 year,0.0
5250.0,2014-09-20,Car financing,695.0,8.5%,949xx,CA,4 years,0.0
20000.0,2014-09-21,other,655.0,11.43%,104xx,NY,< 1 year,0.0
2000.0,2014-09-21,other,614.0,6.67%,379xx,TN,< 1 year,0.0
3000.0,2014-09-21,other,601.0,37.78%,916xx,CA,< 1 year,0.0
35000.0,2014-09-21,home_improvement,653.0,7.83%,631xx,MO,< 1 year,0.0
1000.0,2014-09-22,other,497.0,606.67%,891xx,NV,< 1 year,0.0
20000.0,2014-09-22,credit_card,632.0,49.7%,760xx,TX,< 1 year,0.0
5000.0,2014-09-22,debt_consolidation,591.0,12.16%,101xx,NY,< 1 year,0.0
2000.0,2014-09-23,debt_consolidation,594.0,117.1%,799xx,TX,< 1 year,0.0
35000.0,2014-09-23,debt_consolidation,628.0,23.98%,852xx,AZ,< 1 year,0.0
4000.0,2014-09-23,credit_card,621.0,21.84%,241xx,VA,< 1 year,0.0
35000.0,2014-09-23,debt_consolidation,698.0,6.89%,080xx,NJ,< 1 year,0.0
10000.0,2014-09-24,debt_consolidation,569.0,1.8%,080xx,NJ,< 1 year,0.0
1500.0,2014-09-24,moving,609.0,7.1%,347xx,FL,< 1 year,0.0
20000.0,2014-09-24,Home improvement,696.0,20.78%,917xx,CA,10+ years,0.0
15000.0,2014-09-24,debt_consolidation,597.0,2.65%,660xx,KS,< 1 year,0.0
5000.0,2014-09-25,other,626.0,8.98%,906xx,CA,< 1 year,0.0
5000.0,2014-09-25,debt_consolidation,664.0,53.71%,112xx,NY,< 1 year,0.0
16000.0,2014-09-26,credit_card,680.0,38.83%,894xx,NV,5 years,0.0
12500.0,2014-09-26,debt_consolidation,722.0,50.1%,657xx,MO,5 years,0.0
7000.0,2014-09-27,debt_consolidation,705.0,20.16%,145xx,NY,< 1 year,0.0
5000.0,2014-09-29,debt_consolidation,566.0,16.88%,956xx,CA,< 1 year,0.0
16000.0,2014-09-30,credit_card,651.0,12.6%,980xx,WA,< 1 year,0.0
5000.0,2014-09-30,debt_consolidation,642.0,37.11%,481xx,MI,< 1 year,0.0
7000.0,2014-09-30,Credit card refinancing,695.0,11.33%,921xx,CA,10+ years,0.0
20000.0,2014-10-01,other,686.0,5.04%,113xx,NY,< 1 year,0.0
15000.0,2014-10-01,debt_consolidation,660.0,12.75%,997xx,AK,< 1 year,0.0
1500.0,2014-10-01,debt_consolidation,640.0,10.62%,117xx,NY,< 1 year,0.0
15000.0,2014-10-01,credit_card,706.0,13.83%,941xx,CA,< 1 year,0.0
1000.0,2014-10-01,debt_consolidation,524.0,21.49%,283xx,NC,< 1 year,0.0
10000.0,2014-10-02,debt_consolidation,646.0,17.56%,750xx,TX,< 1 year,0.0
4000.0,2014-10-02,home_improvement,552.0,107.75%,460xx,IN,< 1 year,0.0
30000.0,2014-10-02,home_improvement,532.0,103.19%,433xx,OH,< 1 year,0.0
25000.0,2014-10-02,debt_consolidation,,-1%,809xx,CO,5 years,0.0
35000.0,2014-10-02,home_improvement,565.0,57.2%,338xx,FL,< 1 year,0.0
6000.0,2014-10-03,other,695.0,17.15%,010xx,MA,< 1 year,0.0
2800.0,2014-10-03,debt_consolidation,574.0,22.7%,735xx,OK,< 1 year,0.0
5000.0,2014-10-03,credit_card,615.0,5.53%,921xx,CA,< 1 year,0.0
35000.0,2014-10-05,credit_card,642.0,15.03%,305xx,GA,< 1 year,0.0
5000.0,2014-10-06,other,523.0,24.58%,799xx,TX,< 1 year,0.0
10000.0,2014-10-07,debt_consolidation,745.0,0%,958xx,CA,5 years,0.0
25000.0,2014-10-07,other,673.0,16.2%,282xx,NC,< 1 year,0.0
10000.0,2014-10-08,car,486.0,5.07%,080xx,NJ,< 1 year,0.0
15000.0,2014-10-08,debt_consolidation,595.0,16.45%,355xx,AL,< 1 year,0.0
5000.0,2014-10-08,debt_consolidation,785.0,42.04%,919xx,CA,< 1 year,0.0
12000.0,2014-10-08,home_improvement,671.0,26.3%,188xx,PA,5 years,0.0
2000.0,2014-10-09,moving,573.0,53.7%,144xx,NY,< 1 year,0.0
1500.0,2014-10-09,moving,501.0,33.57%,775xx,TX,< 1 year,0.0
10000.0,2014-10-09,moving,563.0,2.84%,967xx,HI,< 1 year,0.0
25000.0,2014-10-10,credit_card,698.0,49.14%,917xx,CA,< 1 year,0.0
24000.0,2014-10-10,Debt consolidation,714.0,13.5%,371xx,TN,10+ years,0.0
1000.0,2014-10-10,debt_consolidation,612.0,32.6%,614xx,IL,< 1 year,0.0
16000.0,2014-10-12,debt_consolidation,654.0,33.57%,600xx,IL,< 1 year,0.0
35000.0,2014-10-12,Business,806.0,8.89%,462xx,IN,6 years,0.0
10000.0,2014-10-12,other,621.0,-1%,125xx,NY,10+ years,0.0
5000.0,2014-10-12,debt_consolidation,715.0,4.02%,553xx,MN,< 1 year,0.0
4800.0,2014-10-13,other,716.0,17.18%,601xx,IL,< 1 year,0.0
1000.0,2014-10-13,other,649.0,4%,791xx,TX,< 1 year,0.0
15000.0,2014-10-13,debt_consolidation,670.0,45.93%,349xx,FL,< 1 year,0.0
35000.0,2014-10-13,credit_card,671.0,45.42%,761xx,TX,< 1 year,0.0
16000.0,2014-10-14,debt_consolidation,696.0,17.73%,631xx,MO,< 1 year,0.0
35000.0,2014-10-14,Business,691.0,11.72%,314xx,GA,1 year,0.0
2500.0,2014-10-14,vacation,675.0,31.7%,282xx,NC,< 1 year,0.0
10000.0,2014-10-14,debt_consolidation,650.0,31.3%,925xx,CA,5 years,0.0
10000.0,2014-10-15,car,,-1%,336xx,FL,< 1 year,0.0
25000.0,2014-10-15,Business Loan,,-1%,211xx,MD,< 1 year,0.0
4000.0,2014-10-15,debt_consolidation,544.0,38.77%,146xx,NY,< 1 year,0.0
8000.0,2014-10-15,credit_card,632.0,10.07%,061xx,CT,< 1 year,0.0
35000.0,2014-10-17,debt_consolidation,600.0,31.04%,890xx,NV,< 1 year,0.0
1500.0,2014-10-19,debt_consolidation,552.0,12.52%,532xx,WI,< 1 year,0.0
6000.0,2014-10-19,debt_consolidation,554.0,9.16%,891xx,NV,< 1 year,0.0
30000.0,2014-10-19,small_business,812.0,184.34%,021xx,MA,< 1 year,0.0
3000.0,2014-10-19,debt_consolidation,586.0,16.8%,983xx,WA,5 years,0.0
15000.0,2014-10-19,debt_consolidation,753.0,40.76%,856xx,AZ,< 1 year,0.0
1500.0,2014-10-19,debt_consolidation,545.0,2.61%,941xx,CA,< 1 year,0.0
2500.0,2014-10-20,debt_consolidation,517.0,12.24%,328xx,FL,< 1 year,0.0
1000.0,2014-10-20,other,539.0,10.28%,760xx,TX,< 1 year,0.0
5000.0,2014-10-20,Credit card refinancing,712.0,14.5%,331xx,FL,< 1 year,0.0
25000.0,2014-10-20,debt_consolidation,644.0,39.98%,469xx,IN,< 1 year,0.0
10000.0,2014-10-20,debt_consolidation,539.0,9.11%,066xx,CT,< 1 year,0.0
25000.0,2014-10-20,home_improvement,713.0,17.58%,804xx,CO,< 1 year,0.0
9000.0,2014-10-21,debt_consolidation,638.0,15.4%,190xx,PA,< 1 year,0.0
35000.0,2014-10-21,credit_card,611.0,38.44%,789xx,TX,< 1 year,0.0
8500.0,2014-10-21,debt_consolidation,649.0,15.22%,544xx,WI,< 1 year,0.0
16000.0,2014-10-22,debt_consolidation,744.0,18.33%,157xx,PA,< 1 year,0.0
8000.0,2014-10-22,moving,624.0,0.42%,300xx,GA,5 years,0.0
2500.0,2014-10-23,Debt consolidation,722.0,6.91%,953xx,CA,,0.0
35000.0,2014-10-24,debt_consolidation,785.0,40.2%,378xx,TN,< 1 year,0.0
2000.0,2014-10-24,other,523.0,10.98%,946xx,CA,< 1 year,0.0
12000.0,2014-10-25,other,685.0,24.04%,330xx,FL,< 1 year,0.0
3000.0,2014-10-26,debt_consolidation,564.0,15.18%,431xx,OH,< 1 year,0.0
35000.0,2014-10-26,Debt consolidation,629.0,6.58%,900xx,CA,7 years,0.0
5000.0,2014-10-27,debt_consolidation,620.0,79.88%,468xx,IN,< 1 year,0.0
5975.0,2014-10-27,car,,-1%,807xx,CO,< 1 year,0.0
6000.0,2014-10-28,debt_consolidation,650.0,19.07%,237xx,VA,< 1 year,0.0
25000.0,2014-10-28,debt_consolidation,664.0,34.81%,441xx,OH,< 1 year,0.0
13000.0,2014-10-28,debt_consolidation,602.0,9.15%,631xx,MO,< 1 year,0.0
21000.0,2014-10-28,small_business,834.0,36.83%,799xx,TX,5 years,0.0
5000.0,2014-10-30,home_improvement,692.0,13.36%,212xx,MD,< 1 year,0.0
10000.0,2014-10-30,medical,618.0,63.79%,946xx,CA,< 1 year,0.0
1000.0,2014-11-01,medical,638.0,0%,381xx,TN,< 1 year,0.0
25000.0,2014-11-02,debt_consolidation,730.0,17.62%,377xx,TN,< 1 year,0.0
15000.0,2014-11-02,debt_consolidation,665.0,25.13%,956xx,CA,< 1 year,0.0
25000.0,2014-11-02,debt_consolidation,626.0,19.97%,014xx,MA,< 1 year,0.0
1000.0,2014-11-02,car,536.0,31.31%,303xx,GA,< 1 year,0.0
5500.0,2014-11-03,debt_consolidation,684.0,11.94%,303xx,GA,< 1 year,0.0
3000.0,2014-11-03,other,589.0,16.46%,276xx,NC,< 1 year,0.0
10000.0,2014-11-03,debt_consolidation,654.0,30.73%,906xx,CA,< 1 year,0.0
1500.0,2014-11-03,debt_consolidation,501.0,8.4%,641xx,MO,< 1 year,0.0
20000.0,2014-11-03,debt_consolidation,708.0,49.06%,347xx,FL,< 1 year,0.0
10000.0,2014-11-03,debt_consolidation,576.0,16.3%,935xx,CA,< 1 year,0.0
5000.0,2014-11-04,debt_consolidation,501.0,29.57%,422xx,KY,< 1 year,0.0
3500.0,2014-11-04,house,573.0,10.05%,900xx,CA,< 1 year,0.0
50000.0,2014-11-04,Business Loan,,-1%,941xx,CA,< 1 year,0.0
20000.0,2014-11-05,credit_card,580.0,18.87%,600xx,IL,< 1 year,0.0
10000.0,2014-11-05,debt_consolidation,680.0,23.3%,488xx,MI,< 1 year,0.0
35000.0,2014-11-05,debt_consolidation,605.0,20.98%,641xx,MO,< 1 year,0.0
1200.0,2014-11-05,debt_consolidation,695.0,57.09%,275xx,NC,< 1 year,0.0
2000.0,2014-11-05,home_improvement,667.0,15.36%,922xx,CA,< 1 year,0.0
2000.0,2014-11-05,debt_consolidation,546.0,8%,300xx,GA,< 1 year,0.0
20000.0,2014-11-06,debt_consolidation,665.0,15.53%,117xx,NY,< 1 year,0.0
5000.0,2014-11-07,debt_consolidation,598.0,79.04%,746xx,OK,< 1 year,0.0
5000.0,2014-11-07,other,609.0,5.23%,104xx,NY,5 years,0.0
1000.0,2014-11-08,home_improvement,580.0,3.97%,992xx,WA,< 1 year,0.0
25000.0,2014-11-09,home_improvement,637.0,17.62%,393xx,MS,< 1 year,0.0
3000.0,2014-11-09,car,620.0,2.73%,915xx,CA,5 years,0.0
6600.0,2014-11-09,moving,667.0,0.81%,981xx,WA,< 1 year,0.0
15000.0,2014-11-10,Business Loan,,-1%,201xx,VA,< 1 year,0.0
25000.0,2014-11-10,Debt consolidation,696.0,25.37%,933xx,CA,10+ years,0.0
1000.0,2014-11-12,renewable_energy,501.0,51.1%,840xx,UT,< 1 year,0.0
35000.0,2014-11-12,Debt consolidation,670.0,24.27%,480xx,MI,2 years,0.0
1000.0,2014-11-13,medical,569.0,10.05%,297xx,SC,< 1 year,0.0
1000.0,2014-11-13,other,695.0,91.45%,660xx,KS,< 1 year,0.0
3100.0,2014-11-14,debt_consolidation,546.0,3.6%,875xx,NM,< 1 year,0.0
30000.0,2014-11-15,Debt consolidation,653.0,29.63%,320xx,FL,10+ years,0.0
11850.0,2014-11-15,debt_consolidation,653.0,16.2%,104xx,NY,< 1 year,0.0
5000.0,2014-11-16,Credit card refinancing,644.0,10.95%,333xx,FL,,0.0
10000.0,2014-11-16,debt_consolidation,625.0,16.71%,231xx,VA,< 1 year,0.0
6500.0,2014-11-16,debt_consolidation,663.0,19.65%,306xx,GA,< 1 year,0.0
5000.0,2014-11-16,moving,609.0,109.76%,368xx,AL,< 1 year,0.0
2000.0,2014-11-17,moving,605.0,18.07%,319xx,GA,< 1 year,0.0
15000.0,2014-11-17,Business Loan,,-1%,928xx,CA,< 1 year,0.0
3000.0,2014-11-18,debt_consolidation,647.0,5.91%,946xx,CA,< 1 year,0.0
8000.0,2014-11-18,vacation,618.0,25.95%,112xx,NY,< 1 year,0.0
3500.0,2014-11-19,credit_card,637.0,2.76%,163xx,PA,< 1 year,0.0
15000.0,2014-11-19,debt_consolidation,685.0,71.94%,766xx,TX,< 1 year,0.0
12000.0,2014-11-20,debt_consolidation,649.0,16.75%,070xx,NJ,< 1 year,0.0
4000.0,2014-11-20,debt_consolidation,544.0,655.56%,131xx,NY,< 1 year,0.0
8000.0,2014-11-20,major_purchase,641.0,3.65%,857xx,AZ,< 1 year,0.0
20000.0,2014-11-20,house,667.0,0%,489xx,MI,5 years,0.0
20000.0,2014-11-21,debt_consolidation,662.0,44.15%,068xx,CT,10+ years,0.0
35000.0,2014-11-22,debt_consolidation,646.0,9999%,117xx,NY,< 1 year,0.0
15000.0,2014-11-23,debt_consolidation,664.0,190.58%,067xx,CT,5 years,0.0
5500.0,2014-11-25,Debt consolidation,767.0,7.63%,857xx,AZ,,0.0
5000.0,2014-11-25,major_purchase,,-1%,458xx,OH,< 1 year,0.0
28500.0,2014-11-26,Debt consolidation,737.0,13.49%,070xx,NJ,1 year,0.0
1000.0,2014-11-26,debt_consolidation,740.0,-1%,142xx,NY,< 1 year,0.0
1000.0,2014-11-26,debt_consolidation,542.0,4.33%,291xx,SC,< 1 year,0.0
22000.0,2014-11-27,small_business,519.0,8.98%,328xx,FL,< 1 year,0.0
1000.0,2014-11-28,debt_consolidation,612.0,0.67%,953xx,CA,< 1 year,0.0
35000.0,2014-11-29,small_business,768.0,16.63%,481xx,MI,< 1 year,0.0
25000.0,2014-11-30,debt_consolidation,598.0,5.09%,112xx,NY,< 1 year,0.0
1500.0,2014-11-30,car,517.0,3.44%,333xx,FL,< 1 year,0.0
35000.0,2014-12-01,moving,729.0,0.32%,127xx,NY,5 years,0.0
10000.0,2014-12-01,debt_consolidation,672.0,18.57%,921xx,CA,< 1 year,0.0
3200.0,2014-12-02,Vacation,891.0,15.71%,338xx,FL,10+ years,0.0
5000.0,2014-12-03,other,508.0,5.73%,932xx,CA,< 1 year,0.0
3000.0,2014-12-03,debt_consolidation,614.0,9.87%,919xx,CA,< 1 year,0.0
1000.0,2014-12-03,medical,510.0,35.05%,773xx,TX,< 1 year,0.0
10000.0,2014-12-04,home_improvement,643.0,48.93%,191xx,PA,< 1 year,0.0
20000.0,2014-12-04,debt_consolidation,639.0,14.36%,302xx,GA,< 1 year,0.0
35000.0,2014-12-05,debt_consolidation,685.0,41.84%,436xx,OH,< 1 year,0.0
30000.0,2014-12-05,debt_consolidation,683.0,43.24%,410xx,KY,< 1 year,0.0
10000.0,2014-12-05,home_improvement,606.0,4.27%,115xx,NY,< 1 year,0.0
10000.0,2014-12-06,other,527.0,8.07%,917xx,CA,< 1 year,0.0
15000.0,2014-12-06,debt_consolidation,642.0,34.55%,921xx,CA,< 1 year,0.0
2000.0,2014-12-06,small_business,516.0,58.65%,298xx,SC,< 1 year,0.0
10000.0,2014-12-06,debt_consolidation,621.0,47.85%,196xx,PA,< 1 year,0.0
5000.0,2014-12-11,debt_consolidation,658.0,26.75%,240xx,VA,< 1 year,0.0
1000.0,2014-12-12,medical,536.0,25.42%,240xx,VA,< 1 year,0.0
15000.0,2014-12-12,credit_card,691.0,42.88%,104xx,NY,< 1 year,0.0
1000.0,2014-12-12,credit_card,707.0,9.12%,112xx,NY,< 1 year,0.0
12000.0,2014-12-15,credit_card,655.0,23.41%,286xx,NC,< 1 year,0.0
200000.0,2014-12-15,Business Loan,,-1%,787xx,TX,< 1 year,2.0
1000.0,2014-12-16,medical,649.0,22.26%,494xx,MI,< 1 year,0.0
3000.0,2014-12-16,debt_consolidation,,-1%,900xx,IN,< 1 year,0.0
10000.0,2014-12-16,home_improvement,659.0,19.59%,931xx,CA,< 1 year,0.0
25000.0,2014-12-16,small_business,638.0,2.47%,305xx,GA,< 1 year,0.0
25000.0,2014-12-16,debt_consolidation,559.0,0%,283xx,NC,< 1 year,0.0
1000.0,2014-12-17,other,,-1%,890xx,NV,< 1 year,0.0
35000.0,2014-12-17,home_improvement,559.0,0.69%,800xx,CO,< 1 year,0.0
2000.0,2014-12-18,other,503.0,366.27%,104xx,NY,< 1 year,0.0
3500.0,2014-12-20,debt_consolidation,615.0,3.92%,232xx,VA,< 1 year,0.0
10000.0,2014-12-20,car,616.0,76.83%,600xx,IL,< 1 year,0.0
8000.0,2014-12-21,other,739.0,1.74%,972xx,OR,5 years,0.0
1000.0,2014-12-22,credit_card,505.0,19.15%,207xx,MD,< 1 year,0.0
30000.0,2014-12-22,debt_consolidation,763.0,33.56%,023xx,MA,< 1 year,0.0
25000.0,2014-12-22,major_purchase,602.0,19.08%,600xx,IL,< 1 year,0.0
30000.0,2014-12-22,debt_consolidation,597.0,41.48%,307xx,GA,< 1 year,0.0
7500.0,2014-12-22,debt_consolidation,616.0,10%,344xx,FL,< 1 year,0.0
5000.0,2014-12-22,other,562.0,29.66%,941xx,CA,< 1 year,0.0
9000.0,2014-12-23,debt_consolidation,580.0,33.86%,030xx,NH,< 1 year,0.0
1000.0,2014-12-23,major_purchase,618.0,8.07%,754xx,TX,< 1 year,0.0
1500.0,2014-12-23,other,545.0,0%,606xx,IL,< 1 year,0.0
10000.0,2014-12-24,debt_consolidation,661.0,50.3%,860xx,AZ,< 1 year,0.0
6000.0,2014-12-28,debt_consolidation,623.0,-1%,612xx,IL,< 1 year,0.0
4000.0,2014-12-29,vacation,501.0,28.32%,684xx,TX,< 1 year,0.0
35000.0,2014-12-29,debt_consolidation,610.0,25.54%,630xx,MO,< 1 year,0.0
8000.0,2014-12-30,Debt consolidation,670.0,2.67%,381xx,TN,,0.0
10000.0,2014-12-30,medical,686.0,6.7%,913xx,CA,< 1 year,0.0
5000.0,2014-12-30,medical,618.0,7.17%,925xx,CA,< 1 year,0.0
5000.0,2014-12-31,debt_consolidation,607.0,28.48%,606xx,IL,< 1 year,0.0
15000.0,2014-12-31,credit_card,679.0,19.47%,730xx,OK,< 1 year,0.0
3500.0,2014-12-31,other,586.0,2.2%,935xx,CA,< 1 year,0.0
2700.0,2018-01-01,Moving and relocation,542.0,16.25%,165xx,PA,< 1 year,0.0
7000.0,2018-01-02,Other,671.0,26.85%,281xx,NC,< 1 year,0.0
6000.0,2018-01-02,Other,598.0,3.84%,953xx,CA,< 1 year,0.0
40000.0,2018-01-02,Business,690.0,0%,900xx,CA,< 1 year,0.0
15000.0,2018-01-02,Home improvement,,100%,114xx,NY,< 1 year,0.0
12000.0,2018-01-02,Credit card refinancing,650.0,41.34%,805xx,CO,< 1 year,0.0
3000.0,2018-01-02,Car financing,508.0,0.89%,921xx,CA,< 1 year,0.0
20000.0,2018-01-03,Other,647.0,48.51%,117xx,NY,< 1 year,0.0
2500.0,2018-01-03,Debt consolidation,580.0,24.59%,333xx,FL,< 1 year,0.0
15000.0,2018-01-03,Debt consolidation,635.0,24.76%,890xx,NV,< 1 year,0.0
15000.0,2018-01-03,Debt consolidation,501.0,50.14%,913xx,CA,< 1 year,0.0
20000.0,2018-01-03,Credit card refinancing,672.0,42.95%,900xx,CA,3 years,0.0
32000.0,2018-01-03,Credit card refinancing,660.0,31.42%,453xx,OH,< 1 year,0.0
10000.0,2018-01-03,Debt consolidation,561.0,22.33%,453xx,OH,< 1 year,0.0
7500.0,2018-01-03,Debt consolidation,602.0,25.02%,944xx,CA,< 1 year,0.0
7925.0,2018-01-03,Credit card refinancing,628.0,35.77%,857xx,AZ,< 1 year,0.0
30000.0,2018-01-04,Debt consolidation,,100%,850xx,AZ,< 1 year,0.0
10000.0,2018-01-04,Credit card refinancing,677.0,31.87%,291xx,SC,< 1 year,0.0
40000.0,2018-01-04,Home improvement,683.0,20.14%,071xx,NJ,< 1 year,0.0
40000.0,2018-01-04,Debt consolidation,649.0,16.18%,781xx,TX,< 1 year,0.0
3500.0,2018-01-04,Other,680.0,4.67%,217xx,MD,< 1 year,0.0
20000.0,2018-01-04,Home buying,677.0,30.89%,403xx,KY,< 1 year,0.0
20000.0,2018-01-04,Debt consolidation,588.0,40.36%,336xx,FL,< 1 year,0.0
9000.0,2018-01-04,Other,680.0,24.64%,291xx,SC,< 1 year,0.0
7500.0,2018-01-05,Debt consolidation,652.0,6.53%,852xx,AZ,< 1 year,0.0
30000.0,2018-01-05,Debt consolidation,639.0,31.06%,322xx,FL,< 1 year,0.0
10000.0,2018-01-05,Debt consolidation,662.0,9.26%,301xx,GA,< 1 year,0.0
10000.0,2018-01-05,Debt consolidation,576.0,2.4%,837xx,ID,< 1 year,0.0
10000.0,2018-01-05,Other,687.0,30%,587xx,ND,< 1 year,0.0
35000.0,2018-01-05,Debt consolidation,844.0,71.74%,322xx,FL,< 1 year,0.0
2000.0,2018-01-05,Credit card refinancing,708.0,2.35%,926xx,CA,< 1 year,0.0
5000.0,2018-01-05,Debt consolidation,625.0,2.77%,752xx,TX,< 1 year,0.0
2000.0,2018-01-06,Debt consolidation,553.0,28.14%,701xx,LA,< 1 year,0.0
10000.0,2018-01-06,Credit card refinancing,646.0,29.14%,980xx,WA,< 1 year,0.0
7500.0,2018-01-06,Other,502.0,0.8%,718xx,AR,< 1 year,0.0
2000.0,2018-01-06,Car financing,553.0,26.79%,731xx,OK,< 1 year,0.0
2000.0,2018-01-06,Other,620.0,15.87%,891xx,NV,< 1 year,0.0
25000.0,2018-01-06,Debt consolidation,603.0,30.59%,270xx,NC,< 1 year,0.0
2000.0,2018-01-07,Other,583.0,3.66%,280xx,NC,< 1 year,0.0
4000.0,2018-01-07,Other,649.0,17.1%,922xx,CA,< 1 year,0.0
13000.0,2018-01-07,Credit card refinancing,624.0,44.63%,837xx,ID,< 1 year,0.0
15000.0,2018-01-07,Other,646.0,8.62%,932xx,CA,< 1 year,0.0
15000.0,2018-01-07,Debt consolidation,679.0,19.05%,217xx,MD,< 1 year,0.0
40000.0,2018-01-08,Debt consolidation,659.0,47.52%,430xx,OH,< 1 year,0.0
5000.0,2018-01-08,Debt consolidation,624.0,16.56%,730xx,OK,< 1 year,0.0
10000.0,2018-01-08,Home improvement,573.0,3.28%,170xx,PA,< 1 year,0.0
40000.0,2018-01-08,Debt consolidation,,100%,913xx,CA,< 1 year,0.0
30000.0,2018-01-08,Credit card refinancing,678.0,29.38%,923xx,CA,< 1 year,0.0
10000.0,2018-01-08,Debt consolidation,615.0,16.77%,810xx,CO,< 1 year,0.0
40000.0,2018-01-08,Debt consolidation,709.0,98.8%,107xx,NY,< 1 year,0.0
20000.0,2018-01-08,Debt consolidation,647.0,33.97%,350xx,AL,< 1 year,0.0
15000.0,2018-01-08,Debt consolidation,629.0,10.59%,191xx,PA,< 1 year,0.0
3000.0,2018-01-08,Medical expenses,621.0,4.12%,432xx,OH,< 1 year,0.0
40000.0,2018-01-08,Debt consolidation,571.0,35.74%,774xx,TX,< 1 year,0.0
30000.0,2018-01-08,Debt consolidation,640.0,22.27%,989xx,WA,< 1 year,0.0
16000.0,2018-01-08,Debt consolidation,501.0,25.5%,940xx,CA,< 1 year,0.0
5000.0,2018-01-09,Credit card refinancing,575.0,72.52%,580xx,ND,< 1 year,0.0
2000.0,2018-01-09,Car financing,432.0,2.08%,707xx,LA,< 1 year,0.0
20000.0,2018-01-09,Debt consolidation,665.0,24.06%,840xx,UT,< 1 year,0.0
13000.0,2018-01-09,Credit card refinancing,616.0,6.96%,606xx,IL,< 1 year,0.0
32300.0,2018-01-09,Car financing,647.0,0.04%,278xx,NC,< 1 year,0.0
2000.0,2018-01-09,Car financing,593.0,0%,336xx,FL,< 1 year,0.0
10000.0,2018-01-09,Credit card refinancing,599.0,8.42%,604xx,IL,< 1 year,0.0
5000.0,2018-01-09,Other,629.0,25.21%,768xx,TX,< 1 year,0.0
20000.0,2018-01-09,Other,703.0,18.29%,121xx,NY,< 1 year,0.0
35000.0,2018-01-09,Credit card refinancing,693.0,9.21%,193xx,PA,< 1 year,0.0
20000.0,2018-01-09,Other,638.0,18%,113xx,NY,< 1 year,0.0
3000.0,2018-01-09,Medical expenses,509.0,29.2%,703xx,LA,< 1 year,0.0
10000.0,2018-01-10,Debt consolidation,644.0,43.72%,327xx,FL,< 1 year,0.0
10000.0,2018-01-10,Debt consolidation,634.0,48.24%,136xx,NY,< 1 year,0.0
15000.0,2018-01-10,Debt consolidation,645.0,34.36%,063xx,CT,< 1 year,0.0
40000.0,2018-01-10,Debt consolidation,711.0,11.46%,773xx,TX,< 1 year,0.0
4000.0,2018-01-10,Major purchase,630.0,21.53%,755xx,TX,< 1 year,0.0
30000.0,2018-01-10,Credit card refinancing,747.0,40.7%,142xx,NY,< 1 year,0.0
15000.0,2018-01-10,Credit card refinancing,589.0,11.99%,080xx,NJ,< 1 year,0.0
15000.0,2018-01-10,Credit card refinancing,662.0,15.6%,450xx,OH,,0.0
20000.0,2018-01-10,Credit card refinancing,681.0,32.9%,080xx,NJ,< 1 year,0.0
35000.0,2018-01-10,Debt consolidation,685.0,44.72%,672xx,KS,< 1 year,0.0
17000.0,2018-01-10,Debt consolidation,595.0,21.01%,958xx,CA,< 1 year,0.0
2100.0,2018-01-10,Other,724.0,14.78%,372xx,TN,< 1 year,0.0
2000.0,2018-01-10,Medical expenses,591.0,6.96%,076xx,NJ,< 1 year,0.0
5000.0,2018-01-10,Other,542.0,0%,330xx,FL,< 1 year,0.0
3000.0,2018-01-10,Debt consolidation,651.0,12.39%,104xx,NY,< 1 year,0.0
5000.0,2018-01-10,Debt consolidation,557.0,4.05%,956xx,CA,< 1 year,0.0
30000.0,2018-01-11,Debt consolidation,653.0,13.91%,023xx,MA,< 1 year,0.0
1200.0,2018-01-11,Other,562.0,10.25%,890xx,NV,< 1 year,0.0
5000.0,2018-01-11,Debt consolidation,628.0,5.02%,307xx,GA,< 1 year,0.0
15000.0,2018-01-11,Debt consolidation,699.0,31.01%,021xx,MA,< 1 year,0.0
30000.0,2018-01-11,Debt consolidation,626.0,19.22%,230xx,VA,< 1 year,0.0
25000.0,2018-01-11,Debt consolidation,691.0,29.76%,021xx,MA,< 1 year,0.0
10000.0,2018-01-11,Credit card refinancing,610.0,56.85%,295xx,SC,< 1 year,0.0
10000.0,2018-01-11,Credit card refinancing,759.0,15.05%,112xx,NY,< 1 year,0.0
3000.0,2018-01-12,Debt consolidation,582.0,274.68%,190xx,PA,< 1 year,0.0
7000.0,2018-01-12,Debt consolidation,680.0,47.03%,119xx,NY,< 1 year,0.0
1500.0,2018-01-12,Home buying,605.0,1.77%,300xx,GA,< 1 year,0.0
10000.0,2018-01-12,Vacation,652.0,35.14%,919xx,CA,< 1 year,0.0
10000.0,2018-01-12,Car financing,677.0,16.85%,021xx,MA,< 1 year,0.0
20000.0,2018-01-13,Credit card refinancing,679.0,34.33%,458xx,OH,< 1 year,0.0
10000.0,2018-01-13,Debt consolidation,668.0,33.22%,837xx,ID,< 1 year,0.0
8000.0,2018-01-13,Credit card refinancing,615.0,9.4%,630xx,MO,< 1 year,0.0
20000.0,2018-01-14,Debt consolidation,679.0,24.14%,870xx,NM,< 1 year,0.0
12775.0,2018-01-14,Car financing,537.0,100%,761xx,TX,< 1 year,0.0
20000.0,2018-01-14,Debt consolidation,676.0,19.35%,292xx,GA,< 1 year,0.0
5500.0,2018-01-14,Debt consolidation,,100%,313xx,GA,< 1 year,0.0
2000.0,2018-01-14,Debt consolidation,612.0,0.74%,303xx,GA,< 1 year,0.0
4000.0,2018-01-14,Car financing,684.0,0%,531xx,WI,< 1 year,0.0
5000.0,2018-01-14,Other,521.0,6.47%,950xx,CA,< 1 year,0.0
1500.0,2018-01-15,Other,,100%,891xx,NV,< 1 year,0.0
10000.0,2018-01-15,Credit card refinancing,,100%,239xx,VA,< 1 year,0.0
20000.0,2018-01-15,Debt consolidation,596.0,43.85%,543xx,WI,< 1 year,0.0
30000.0,2018-01-15,Credit card refinancing,664.0,76.13%,737xx,OK,< 1 year,0.0
2000.0,2018-01-15,Other,666.0,36.92%,432xx,OH,< 1 year,0.0
26000.0,2018-01-15,Debt consolidation,665.0,20.63%,450xx,OH,< 1 year,0.0
4000.0,2018-01-15,Debt consolidation,534.0,1.25%,906xx,CA,< 1 year,0.0
10000.0,2018-01-15,Home buying,688.0,0%,080xx,NJ,< 1 year,0.0
20000.0,2018-01-15,Debt consolidation,751.0,16.81%,325xx,FL,< 1 year,0.0
35000.0,2018-01-16,Credit card refinancing,,100%,070xx,NJ,< 1 year,0.0
8000.0,2018-01-16,Credit card refinancing,719.0,33.13%,466xx,IN,< 1 year,0.0
30000.0,2018-01-16,Business Loan,,-1%,342xx,FL,< 1 year,0.0
6000.0,2018-01-16,Debt consolidation,536.0,0%,379xx,TN,< 1 year,0.0
11000.0,2018-01-16,Home improvement,,100%,920xx,CA,< 1 year,0.0
25000.0,2018-01-16,Debt consolidation,617.0,28.2%,903xx,CA,< 1 year,0.0
10000.0,2018-01-16,Credit card refinancing,522.0,369.26%,752xx,TX,< 1 year,0.0
4000.0,2018-01-16,Car financing,517.0,29.84%,790xx,TX,< 1 year,0.0
5000.0,2018-01-17,Car financing,619.0,28.92%,322xx,FL,< 1 year,0.0
2000.0,2018-01-17,Debt consolidation,606.0,29.83%,238xx,VA,< 1 year,0.0
1000.0,2018-01-17,Debt consolidation,610.0,30.53%,535xx,WI,< 1 year,0.0
40000.0,2018-01-17,Debt consolidation,780.0,38.56%,960xx,CA,< 1 year,0.0
30000.0,2018-01-17,Debt consolidation,661.0,25.17%,410xx,KY,< 1 year,0.0
5000.0,2018-01-17,Debt consolidation,733.0,49.46%,782xx,TX,< 1 year,0.0
10000.0,2018-01-17,Medical expenses,597.0,9.19%,900xx,CA,< 1 year,0.0
12000.0,2018-01-17,Other,,100%,112xx,NY,< 1 year,0.0
2500.0,2018-01-17,Other,632.0,24.11%,707xx,LA,< 1 year,0.0
1000.0,2018-01-18,Debt consolidation,675.0,0%,465xx,IN,< 1 year,0.0
5000.0,2018-01-18,Debt consolidation,729.0,23.37%,039xx,ME,10+ years,0.0
30000.0,2018-01-18,Credit card refinancing,671.0,38.37%,613xx,IL,< 1 year,0.0
10000.0,2018-01-18,Credit card refinancing,715.0,6.21%,125xx,NY,< 1 year,0.0
2000.0,2018-01-18,Major purchase,621.0,65.25%,156xx,PA,< 1 year,0.0
40000.0,2018-01-18,Vacation,656.0,24.99%,750xx,TX,< 1 year,0.0
30000.0,2018-01-18,Business,,7.28%,453xx,OH,< 1 year,0.0
1000.0,2018-01-18,Other,,17.35%,223xx,VA,< 1 year,0.0
5000.0,2018-01-18,Debt consolidation,,3.68%,928xx,CA,< 1 year,0.0
10000.0,2018-01-18,Debt consolidation,,30.83%,468xx,IN,< 1 year,0.0
25000.0,2018-01-18,Other,,26.11%,890xx,NV,< 1 year,0.0
26000.0,2018-01-18,Debt consolidation,,15.99%,080xx,NJ,< 1 year,0.0
6500.0,2018-01-18,Debt consolidation,,16.61%,727xx,AR,< 1 year,0.0
10000.0,2018-01-19,Debt consolidation,,100%,307xx,GA,< 1 year,0.0
5000.0,2018-01-19,Other,,16.48%,983xx,WA,,0.0
12000.0,2018-01-19,Credit card refinancing,,11.7%,488xx,MI,< 1 year,0.0
5000.0,2018-01-19,Debt consolidation,,45.27%,773xx,TX,< 1 year,0.0
3000.0,2018-01-19,Home improvement,,179.24%,782xx,TX,< 1 year,0.0
35000.0,2018-01-19,Debt consolidation,,68.7%,773xx,TX,< 1 year,0.0
1500.0,2018-01-19,Other,,3.62%,326xx,FL,< 1 year,0.0
5000.0,2018-01-19,Credit card refinancing,,24.84%,531xx,WI,< 1 year,0.0
2000.0,2018-01-20,Other,,5.81%,535xx,WI,< 1 year,0.0
30000.0,2018-01-20,Debt consolidation,,18.13%,320xx,FL,< 1 year,0.0
2000.0,2018-01-20,Other,,0.32%,958xx,CA,< 1 year,0.0
8000.0,2018-01-21,Credit card refinancing,,41.59%,373xx,TN,< 1 year,0.0
5000.0,2018-01-21,Credit card refinancing,,34.21%,115xx,NY,< 1 year,0.0
5000.0,2018-01-21,Other,,25.92%,303xx,GA,< 1 year,0.0
8000.0,2018-01-22,Car financing,,27.37%,786xx,TX,< 1 year,0.0
25000.0,2018-01-22,Other,,45.51%,721xx,AR,< 1 year,0.0
2000.0,2018-01-22,Debt consolidation,,11.02%,334xx,FL,< 1 year,0.0
10000.0,2018-01-22,Debt consolidation,,47.85%,350xx,AL,< 1 year,0.0
1000.0,2018-01-22,Debt consolidation,,19.89%,750xx,TX,< 1 year,0.0
10000.0,2018-01-22,Debt consolidation,,10.49%,782xx,TX,< 1 year,0.0
12000.0,2018-01-22,Debt consolidation,,24.05%,440xx,OH,< 1 year,0.0
3500.0,2018-01-22,Credit card refinancing,,301.51%,441xx,OH,< 1 year,0.0
1000.0,2018-01-22,Medical expenses,,12.95%,232xx,VA,< 1 year,0.0
12000.0,2018-01-23,Credit card refinancing,,48.27%,337xx,FL,< 1 year,0.0
6000.0,2018-01-23,Debt consolidation,,23.8%,144xx,NY,< 1 year,0.0
10000.0,2018-01-23,Debt consolidation,,13.44%,336xx,FL,< 1 year,0.0
9000.0,2018-01-23,Credit card refinancing,,5.23%,704xx,LA,< 1 year,0.0
19500.0,2018-01-23,Other,,43.96%,293xx,SC,< 1 year,0.0
7000.0,2018-01-23,Debt consolidation,,17.17%,782xx,TX,< 1 year,0.0
10000.0,2018-01-23,Credit card refinancing,,4500%,799xx,TX,< 1 year,0.0
15000.0,2018-01-24,Credit card refinancing,,44.6%,891xx,NV,< 1 year,0.0
3000.0,2018-01-24,Debt consolidation,,12.67%,321xx,FL,< 1 year,0.0
25000.0,2018-01-24,Credit card refinancing,,21.82%,773xx,TX,< 1 year,0.0
28000.0,2018-01-24,Debt consolidation,,8.5%,112xx,NY,< 1 year,0.0
10000.0,2018-01-24,Other,,16.54%,161xx,PA,< 1 year,0.0
8000.0,2018-01-24,Debt consolidation,,17.13%,330xx,FL,< 1 year,0.0
5000.0,2018-01-24,Other,,10.78%,193xx,PA,< 1 year,0.0
12000.0,2018-01-24,Other,,0%,104xx,NY,< 1 year,0.0
21000.0,2018-01-24,Debt consolidation,,47.99%,539xx,WI,< 1 year,0.0
5000.0,2018-01-24,Medical expenses,,100%,954xx,CA,< 1 year,0.0
7000.0,2018-01-25,Debt consolidation,,40.96%,275xx,NC,< 1 year,0.0
10000.0,2018-01-25,Debt consolidation,,39.23%,805xx,CO,< 1 year,0.0
5000.0,2018-01-25,Debt consolidation,,19.73%,199xx,DE,< 1 year,0.0
2000.0,2018-01-25,Medical expenses,,0%,916xx,CA,< 1 year,0.0
5000.0,2018-01-25,Debt consolidation,,12.44%,224xx,VA,< 1 year,0.0
5000.0,2018-01-25,Debt consolidation,,68.8%,141xx,NY,< 1 year,0.0
2900.0,2018-01-25,Medical expenses,,59.72%,323xx,FL,< 1 year,0.0
3000.0,2018-01-25,Vacation,,100%,782xx,TX,< 1 year,0.0
40000.0,2018-01-25,Debt consolidation,,41.71%,297xx,SC,< 1 year,0.0
20000.0,2018-01-26,Debt consolidation,,35.92%,317xx,GA,< 1 year,0.0
5000.0,2018-01-26,Other,,33.57%,923xx,CA,< 1 year,0.0
10000.0,2018-01-26,Credit card refinancing,,100%,232xx,VA,< 1 year,0.0
30000.0,2018-01-27,Debt consolidation,,36.1%,070xx,NJ,< 1 year,0.0
5000.0,2018-01-27,Credit card refinancing,,26.33%,716xx,AR,< 1 year,0.0
20000.0,2018-01-28,Home buying,,40.66%,131xx,NY,< 1 year,0.0
8000.0,2018-01-28,Other,,54.25%,283xx,NC,< 1 year,0.0
20025.0,2018-01-28,Car financing,,100%,451xx,OH,< 1 year,0.0
1000.0,2018-01-28,Credit card refinancing,,0.8%,631xx,MO,< 1 year,0.0
35000.0,2018-01-28,Debt consolidation,,33.7%,958xx,CA,< 1 year,0.0
1000.0,2018-01-28,Other,,100%,913xx,CA,< 1 year,0.0
20000.0,2018-01-28,Other,,100%,601xx,IL,< 1 year,0.0
5000.0,2018-01-28,Credit card refinancing,,28.44%,908xx,CA,< 1 year,0.0
5000.0,2018-01-28,Credit card refinancing,,19.77%,986xx,WA,2 years,0.0
3500.0,2018-01-29,Debt consolidation,,33.28%,074xx,NJ,< 1 year,0.0
29000.0,2018-01-29,Debt consolidation,708.0,52.4%,601xx,IL,< 1 year,0.0
10000.0,2018-01-29,Other,,4.38%,402xx,KY,< 1 year,0.0
2000.0,2018-01-29,Other,,4.05%,440xx,OH,< 1 year,0.0
10000.0,2018-01-29,Debt consolidation,,11.18%,076xx,NJ,< 1 year,0.0
2750.0,2018-01-29,Medical expenses,,11.22%,640xx,MO,< 1 year,0.0
20000.0,2018-01-29,Other,,69.12%,660xx,KS,< 1 year,0.0
5000.0,2018-01-29,Credit card refinancing,,3.07%,080xx,NJ,< 1 year,0.0
2000.0,2018-01-29,Other,,92.4%,990xx,WA,< 1 year,0.0
5000.0,2018-01-30,Home buying,,29.85%,432xx,OH,< 1 year,0.0
10000.0,2018-01-30,Car financing,,3.6%,347xx,FL,< 1 year,0.0
35000.0,2018-01-30,Credit card refinancing,,30.38%,049xx,ME,< 1 year,0.0
5000.0,2018-01-30,Other,,0%,923xx,CA,< 1 year,0.0
7000.0,2018-01-30,Other,,5.52%,812xx,CO,< 1 year,0.0
10000.0,2018-01-30,Debt consolidation,,17.96%,618xx,IL,< 1 year,0.0
3000.0,2018-01-30,Other,,30.37%,127xx,NY,< 1 year,0.0
35000.0,2018-01-30,Debt consolidation,,47.7%,371xx,TN,< 1 year,0.0
20000.0,2018-01-31,Debt consolidation,,24.39%,017xx,MA,< 1 year,0.0
5000.0,2018-01-31,Debt consolidation,,375.54%,278xx,NC,< 1 year,0.0
35000.0,2018-01-31,Credit card refinancing,,10.09%,730xx,OK,< 1 year,0.0
19450.0,2018-01-31,Debt consolidation,,29.32%,180xx,PA,< 1 year,0.0
17925.0,2018-01-31,Credit card refinancing,,100%,984xx,WA,< 1 year,0.0
4000.0,2018-01-31,Other,,100%,481xx,MI,< 1 year,0.0
10000.0,2018-01-31,Other,,21.86%,606xx,IL,< 1 year,0.0
5000.0,2018-01-31,Other,,8.54%,019xx,MA,< 1 year,0.0
20000.0,2018-02-01,Debt consolidation,,42.65%,303xx,GA,< 1 year,0.0
5000.0,2018-02-01,Other,,9.93%,431xx,OH,< 1 year,0.0
20000.0,2018-02-01,Debt consolidation,,41.73%,913xx,CA,< 1 year,0.0
15000.0,2018-02-01,Debt consolidation,,41.82%,481xx,MI,< 1 year,0.0
5000.0,2018-02-01,Debt consolidation,,15.41%,647xx,MO,< 1 year,0.0
10000.0,2018-02-01,Debt consolidation,,49.78%,295xx,SC,< 1 year,0.0
7000.0,2018-02-01,Debt consolidation,,22.84%,330xx,FL,< 1 year,0.0
7500.0,2018-02-02,Home buying,,8.32%,548xx,WI,< 1 year,0.0
15000.0,2018-02-02,Home buying,,32.94%,112xx,NY,< 1 year,0.0
10000.0,2018-02-02,Credit card refinancing,,22.04%,336xx,FL,< 1 year,0.0
5000.0,2018-02-02,Debt consolidation,,12.48%,276xx,NC,< 1 year,0.0
10000.0,2018-02-02,Debt consolidation,,30270.5%,853xx,AZ,< 1 year,0.0
3000.0,2018-02-03,Debt consolidation,,60.82%,647xx,MO,< 1 year,0.0
10000.0,2018-02-03,Debt consolidation,,82.09%,890xx,NV,< 1 year,0.0
10000.0,2018-02-03,Debt consolidation,,20.61%,956xx,CA,< 1 year,0.0
3000.0,2018-02-03,Debt consolidation,,15.75%,782xx,TX,< 1 year,0.0
10000.0,2018-02-03,Credit card refinancing,,100%,707xx,LA,< 1 year,0.0
1000.0,2018-02-03,Credit card refinancing,,14.02%,809xx,CO,< 1 year,0.0
4000.0,2018-02-04,Credit card refinancing,,35.64%,034xx,NH,< 1 year,0.0
1000.0,2018-02-04,Medical expenses,,37.57%,441xx,OH,< 1 year,0.0
2000.0,2018-02-04,Moving and relocation,,12.79%,925xx,CA,< 1 year,0.0
10000.0,2018-02-05,Credit card refinancing,,23.75%,331xx,FL,< 1 year,0.0
3000.0,2018-02-05,Debt consolidation,,20.79%,761xx,TX,< 1 year,0.0
4375.0,2018-02-05,Credit card refinancing,,6.77%,276xx,NC,< 1 year,0.0
11000.0,2018-02-05,Other,,18.75%,600xx,IL,< 1 year,0.0
4500.0,2018-02-05,Other,628.0,0%,850xx,AZ,< 1 year,0.0
10000.0,2018-02-05,Credit card refinancing,,51.17%,585xx,ND,< 1 year,0.0
5000.0,2018-02-05,Debt consolidation,,22.28%,924xx,CA,< 1 year,0.0
20000.0,2018-02-05,Car financing,,3.51%,564xx,MN,< 1 year,0.0
40000.0,2018-02-05,Home buying,,32.62%,321xx,FL,< 1 year,0.0
9000.0,2018-02-05,Other,,100%,066xx,CT,< 1 year,0.0
12000.0,2018-02-05,Debt consolidation,,25.9%,010xx,MA,< 1 year,0.0
25000.0,2018-02-05,Home buying,,0%,450xx,OH,< 1 year,0.0
6000.0,2018-02-06,Car financing,,23.79%,859xx,AZ,< 1 year,0.0
1000.0,2018-02-06,Other,,20.93%,482xx,MI,< 1 year,0.0
100000.0,2018-02-06,Business Loan,,-1%,189xx,PA,< 1 year,0.0
3000.0,2018-02-06,Debt consolidation,,100%,072xx,NJ,< 1 year,0.0
10000.0,2018-02-06,Credit card refinancing,,396.17%,941xx,CA,< 1 year,0.0
1000.0,2018-02-06,Home improvement,,42.98%,913xx,CA,< 1 year,0.0
20000.0,2018-02-07,Debt consolidation,,10.51%,186xx,PA,< 1 year,0.0
1500.0,2018-02-07,Medical expenses,678.0,2%,782xx,TX,< 1 year,0.0
10000.0,2018-02-07,Debt consolidation,,24.12%,336xx,FL,< 1 year,0.0
25000.0,2018-02-07,Other,,29.05%,974xx,OR,< 1 year,0.0
5000.0,2018-02-08,Moving and relocation,,0.29%,461xx,IN,< 1 year,0.0
10000.0,2018-02-08,Credit card refinancing,,12.26%,338xx,FL,< 1 year,0.0
5000.0,2018-02-08,Debt consolidation,,16.24%,773xx,TX,< 1 year,0.0
8000.0,2018-02-08,Other,,31.74%,360xx,AL,< 1 year,0.0
30000.0,2018-02-08,Medical expenses,,10.34%,751xx,TX,< 1 year,0.0
15000.0,2018-02-08,Debt consolidation,,12.11%,852xx,AZ,< 1 year,0.0
2000.0,2018-02-09,Moving and relocation,,19.08%,922xx,CA,< 1 year,0.0
10000.0,2018-02-09,Credit card refinancing,,14.79%,463xx,IN,< 1 year,0.0
2000.0,2018-02-09,Other,,21.65%,492xx,MI,< 1 year,0.0
10000.0,2018-02-09,Business,,10.44%,273xx,NC,< 1 year,0.0
10000.0,2018-02-09,Debt consolidation,,16.91%,730xx,OK,< 1 year,0.0
4000.0,2018-02-10,Credit card refinancing,,58.12%,442xx,OH,< 1 year,0.0
5000.0,2018-02-10,Debt consolidation,,0%,928xx,CA,< 1 year,0.0
6000.0,2018-02-10,Other,,1.25%,761xx,TX,< 1 year,0.0
1000.0,2018-02-10,Car financing,661.0,0%,331xx,FL,< 1 year,0.0
5000.0,2018-02-10,Home improvement,,6.91%,310xx,GA,< 1 year,0.0
25000.0,2018-02-10,Debt consolidation,,47.86%,933xx,CA,< 1 year,0.0
1000.0,2018-02-10,Debt consolidation,,19.16%,467xx,IN,< 1 year,0.0
35000.0,2018-02-10,Debt consolidation,,30.92%,271xx,NC,< 1 year,0.0
20000.0,2018-02-11,Business,,76.69%,027xx,MA,< 1 year,0.0
6000.0,2018-02-12,Major purchase,,1%,300xx,GA,< 1 year,0.0
21000.0,2018-02-12,Credit card refinancing,,52.81%,329xx,FL,< 1 year,0.0
20000.0,2018-02-12,Debt consolidation,,39.44%,431xx,OH,< 1 year,0.0
1500.0,2018-02-12,Moving and relocation,,4.64%,352xx,AL,< 1 year,0.0
4000.0,2018-02-12,Other,,0%,480xx,MI,< 1 year,0.0
40000.0,2018-02-12,Debt consolidation,,20.3%,631xx,MO,< 1 year,0.0
1500.0,2018-02-12,Other,,2.04%,810xx,CO,< 1 year,0.0
15000.0,2018-02-12,Credit card refinancing,,59.01%,036xx,NH,< 1 year,0.0
40000.0,2018-02-12,Debt consolidation,,20.7%,404xx,KY,< 1 year,0.0
40000.0,2018-02-12,Debt consolidation,,37.3%,070xx,NJ,< 1 year,0.0
30000.0,2018-02-12,Debt consolidation,,26.91%,117xx,NY,< 1 year,0.0
1000.0,2018-02-12,Other,,0%,325xx,FL,< 1 year,0.0
35000.0,2018-02-12,Other,,9.71%,928xx,CA,< 1 year,0.0
10000.0,2018-02-12,Debt consolidation,,7.02%,837xx,ID,< 1 year,0.0
15000.0,2018-02-13,Debt consolidation,,14.15%,580xx,ND,< 1 year,0.0
30000.0,2018-02-13,Debt consolidation,,100%,775xx,TX,< 1 year,0.0
6800.0,2018-02-13,Debt consolidation,,26.93%,773xx,TX,< 1 year,0.0
35000.0,2018-02-13,Home buying,,24.31%,457xx,OH,2 years,0.0
40000.0,2018-02-13,Debt consolidation,,48.52%,173xx,PA,< 1 year,0.0
35000.0,2018-02-13,Debt consolidation,,11.17%,958xx,CA,< 1 year,0.0
2000.0,2018-02-13,Car financing,,2.77%,277xx,NC,< 1 year,0.0
8000.0,2018-02-13,Credit card refinancing,,100%,152xx,PA,< 1 year,0.0
1500.0,2018-02-13,Moving and relocation,,0%,295xx,SC,< 1 year,0.0
3000.0,2018-02-14,Car financing,,291.33%,302xx,GA,< 1 year,0.0
16000.0,2018-02-14,Debt consolidation,,20.8%,660xx,KS,< 1 year,0.0
20000.0,2018-02-14,Debt consolidation,,24.92%,759xx,TX,< 1 year,0.0
5000.0,2018-02-14,Credit card refinancing,,11.06%,115xx,NY,< 1 year,0.0
14000.0,2018-02-14,Debt consolidation,,17.17%,926xx,CA,< 1 year,0.0
10000.0,2018-02-14,Other,,15.81%,310xx,GA,< 1 year,0.0
8000.0,2018-02-14,Credit card refinancing,,20.83%,640xx,MO,< 1 year,0.0
5000.0,2018-02-14,Debt consolidation,,22.65%,337xx,FL,< 1 year,0.0
10000.0,2018-02-14,Other,646.0,0%,383xx,TN,< 1 year,0.0
20000.0,2018-02-14,Debt consolidation,,25.66%,782xx,TX,< 1 year,0.0
10000.0,2018-02-14,Other,501.0,2.14%,190xx,PA,< 1 year,0.0
20000.0,2018-02-15,Debt consolidation,,5.69%,708xx,LA,< 1 year,0.0
25000.0,2018-02-15,Debt consolidation,,432.98%,785xx,TX,< 1 year,0.0
5000.0,2018-02-15,Debt consolidation,,24.19%,307xx,GA,< 1 year,0.0
9000.0,2018-02-15,Debt consolidation,,7.84%,223xx,VA,< 1 year,0.0
3000.0,2018-02-15,Other,,8.8%,752xx,TX,< 1 year,0.0
10000.0,2018-02-15,Credit card refinancing,,5.7%,880xx,NM,< 1 year,0.0
40000.0,2018-02-16,Other,,26.82%,331xx,FL,< 1 year,0.0
29225.0,2018-02-16,Car financing,,100%,074xx,NJ,< 1 year,0.0
10000.0,2018-02-16,Home buying,,18.12%,151xx,PA,< 1 year,0.0
5000.0,2018-02-16,Debt consolidation,,13.03%,303xx,GA,< 1 year,0.0
10000.0,2018-02-16,Debt consolidation,,42.93%,554xx,MN,< 1 year,0.0
10000.0,2018-02-16,Other,,6.33%,981xx,WA,< 1 year,0.0
30000.0,2018-02-16,Debt consolidation,,100%,853xx,AZ,< 1 year,0.0
20000.0,2018-02-16,Debt consolidation,,21.81%,377xx,TN,< 1 year,0.0
4000.0,2018-02-17,Credit card refinancing,,11.1%,190xx,PA,< 1 year,0.0
10000.0,2018-02-17,Credit card refinancing,,21.61%,708xx,LA,< 1 year,0.0
9000.0,2018-02-17,Credit card refinancing,,25.9%,027xx,MA,< 1 year,0.0
2000.0,2018-02-17,Medical expenses,,4.08%,383xx,TN,< 1 year,0.0
10000.0,2018-02-17,Other,,1.22%,841xx,UT,< 1 year,0.0
25000.0,2018-02-18,Debt consolidation,,14.69%,272xx,NC,< 1 year,0.0
15000.0,2018-02-18,Debt consolidation,,18.32%,448xx,OH,< 1 year,0.0
5000.0,2018-02-18,Other,,5.92%,282xx,NC,< 1 year,0.0
6500.0,2018-02-18,Home buying,,100%,352xx,AL,< 1 year,0.0
1000.0,2018-02-18,Other,,0.6%,891xx,NV,< 1 year,0.0
10000.0,2018-02-18,Moving and relocation,,19.57%,794xx,TX,< 1 year,0.0
14675.0,2018-02-18,Car financing,,100%,926xx,CA,1 year,0.0
18000.0,2018-02-19,Debt consolidation,,18.47%,182xx,PA,< 1 year,0.0
1000.0,2018-02-19,Debt consolidation,,19.58%,565xx,MN,< 1 year,0.0
20000.0,2018-02-19,Debt consolidation,,22.53%,350xx,AL,< 1 year,0.0
5000.0,2018-02-19,Debt consolidation,,41.25%,722xx,AR,< 1 year,0.0
5000.0,2018-02-19,Home improvement,,3.35%,932xx,CA,< 1 year,0.0
20000.0,2018-02-19,Other,,31.97%,926xx,CA,< 1 year,0.0
10000.0,2018-02-19,Credit card refinancing,,306.49%,350xx,AL,< 1 year,0.0
10000.0,2018-02-19,Home improvement,,100%,762xx,TX,< 1 year,0.0
32500.0,2018-02-19,Debt consolidation,641.0,18.16%,300xx,GA,< 1 year,0.0
30000.0,2018-02-19,Major purchase,,0.33%,283xx,NC,< 1 year,0.0
30000.0,2018-02-19,Debt consolidation,,100%,840xx,UT,< 1 year,0.0
10000.0,2018-02-20,Credit card refinancing,,28.01%,532xx,WI,< 1 year,0.0
5000.0,2018-02-20,Business,,0.72%,080xx,NJ,< 1 year,0.0
16000.0,2018-02-20,Debt consolidation,,100%,857xx,AZ,< 1 year,0.0
25000.0,2018-02-20,Car financing,,100%,191xx,PA,< 1 year,0.0
10000.0,2018-02-20,Debt consolidation,,1.44%,800xx,CO,< 1 year,0.0
10000.0,2018-02-20,Debt consolidation,,5.54%,981xx,WA,< 1 year,0.0
3000.0,2018-02-20,Other,,29.07%,912xx,CA,< 1 year,0.0
40000.0,2018-02-20,Debt consolidation,,28.55%,815xx,CO,< 1 year,0.0
10000.0,2018-02-20,Credit card refinancing,,64.08%,104xx,NY,< 1 year,0.0
10000.0,2018-02-20,Car financing,,1.91%,583xx,ND,< 1 year,0.0
2000.0,2018-02-20,Other,,25.5%,199xx,DE,< 1 year,0.0
2000.0,2018-02-20,Debt consolidation,,34.76%,838xx,ID,< 1 year,0.0
10000.0,2018-02-21,Other,,20.3%,017xx,MA,< 1 year,0.0
19425.0,2018-02-21,Credit card refinancing,,22.74%,145xx,NY,< 1 year,0.0
8000.0,2018-02-21,Major purchase,718.0,22.13%,480xx,MI,< 1 year,0.0
10000.0,2018-02-21,Other,,29.94%,809xx,CO,< 1 year,0.0
6000.0,2018-02-21,Debt consolidation,,7.11%,451xx,OH,< 1 year,0.0
12000.0,2018-02-21,Major purchase,,0.26%,481xx,MI,< 1 year,0.0
2000.0,2018-02-21,Other,,100%,409xx,KY,< 1 year,0.0
10000.0,2018-02-21,Credit card refinancing,,34.49%,302xx,GA,< 1 year,0.0
1000.0,2018-02-21,Other,,14.94%,951xx,CA,< 1 year,0.0
10000.0,2018-02-21,Other,,19.88%,130xx,NY,< 1 year,0.0
5000.0,2018-02-21,Debt consolidation,,21.88%,760xx,TX,< 1 year,0.0
5000.0,2018-02-21,Other,,13.47%,068xx,CT,< 1 year,0.0
5000.0,2018-02-22,Credit card refinancing,,38.03%,891xx,NV,< 1 year,0.0
10000.0,2018-02-22,Credit card refinancing,,56.05%,548xx,WI,< 1 year,0.0
20000.0,2018-02-22,Debt consolidation,,0.62%,925xx,CA,< 1 year,0.0
3500.0,2018-02-22,Home improvement,,32.62%,900xx,CA,< 1 year,0.0
20000.0,2018-02-22,Debt consolidation,,22.75%,774xx,TX,< 1 year,0.0
8000.0,2018-02-22,Debt consolidation,,14.07%,926xx,CA,< 1 year,0.0
5000.0,2018-02-23,Other,,82.36%,760xx,TX,< 1 year,0.0
5000.0,2018-02-23,Car financing,,5.14%,923xx,CA,< 1 year,0.0
25000.0,2018-02-23,Debt consolidation,,17.89%,920xx,CA,< 1 year,0.0
7500.0,2018-02-23,Debt consolidation,,23.72%,230xx,VA,< 1 year,0.0
1500.0,2018-02-23,Debt consolidation,,39.89%,780xx,TX,< 1 year,0.0
5000.0,2018-02-23,Other,,17.43%,760xx,TX,< 1 year,0.0
10000.0,2018-02-23,Major purchase,,6.55%,714xx,LA,< 1 year,0.0
17000.0,2018-02-23,Credit card refinancing,,14.24%,933xx,CA,< 1 year,0.0
9000.0,2018-02-24,Credit card refinancing,,15.79%,382xx,TN,< 1 year,0.0
35000.0,2018-02-24,Debt consolidation,,25.62%,023xx,MA,< 1 year,0.0
5000.0,2018-02-24,Home improvement,,19.24%,283xx,NC,< 1 year,0.0
18350.0,2018-02-24,Car financing,,100%,958xx,CA,< 1 year,0.0
30000.0,2018-02-24,Credit card refinancing,,100%,809xx,CO,< 1 year,0.0
10000.0,2018-02-25,Debt consolidation,,21.25%,480xx,MI,< 1 year,0.0
28000.0,2018-02-25,Debt consolidation,,22.52%,469xx,IN,< 1 year,0.0
30000.0,2018-02-25,Debt consolidation,,28.35%,891xx,NV,< 1 year,0.0
10000.0,2018-02-25,Debt consolidation,,6.57%,606xx,IL,< 1 year,0.0
20000.0,2018-02-25,Debt consolidation,,0%,370xx,TN,< 1 year,0.0
10000.0,2018-02-25,Other,,0%,720xx,AR,< 1 year,0.0
1500.0,2018-02-25,Medical expenses,,0.79%,454xx,OH,< 1 year,0.0
6000.0,2018-02-26,Debt consolidation,,8.43%,070xx,NJ,< 1 year,0.0
15000.0,2018-02-26,Other,,21.09%,210xx,MD,< 1 year,0.0
5500.0,2018-02-26,Medical expenses,,16.93%,622xx,IL,< 1 year,0.0
15000.0,2018-02-26,Medical expenses,,17.62%,760xx,TX,7 years,0.0
5000.0,2018-02-26,Debt consolidation,,10.06%,174xx,PA,< 1 year,0.0
6000.0,2018-02-26,Debt consolidation,,100%,897xx,NV,< 1 year,0.0
10000.0,2018-02-26,Credit card refinancing,,100%,282xx,NC,< 1 year,0.0
4000.0,2018-02-26,Other,,10.6%,207xx,MD,< 1 year,0.0
3000.0,2018-02-26,Debt consolidation,,396.99%,331xx,FL,< 1 year,0.0
7000.0,2018-02-27,Debt consolidation,,13%,315xx,GA,< 1 year,0.0
6000.0,2018-02-27,Debt consolidation,,25.09%,334xx,FL,7 years,0.0
8000.0,2018-02-27,Credit card refinancing,,3888%,113xx,NY,< 1 year,0.0
5000.0,2018-02-27,Debt consolidation,,15.9%,224xx,VA,< 1 year,0.0
4000.0,2018-02-27,Debt consolidation,,146.41%,982xx,WA,< 1 year,0.0
5000.0,2018-02-27,Credit card refinancing,,20.48%,286xx,NC,< 1 year,0.0
10000.0,2018-02-27,Credit card refinancing,,22.1%,212xx,MD,< 1 year,0.0
12000.0,2018-02-27,Debt consolidation,,28.63%,717xx,AR,< 1 year,0.0
9500.0,2018-02-28,Other,,6.86%,479xx,IN,< 1 year,0.0
40000.0,2018-02-28,Other,,28.58%,088xx,NJ,< 1 year,0.0
10000.0,2018-02-28,Debt consolidation,,17733.33%,851xx,AZ,< 1 year,0.0
23000.0,2018-02-28,Debt consolidation,,17%,103xx,NY,< 1 year,0.0
5000.0,2018-02-28,Debt consolidation,,2.03%,967xx,HI,< 1 year,0.0
25000.0,2018-02-28,Debt consolidation,,23.21%,606xx,IL,< 1 year,0.0
300000.0,2018-03-01,Business Loan,,-1%,946xx,CA,< 1 year,0.0
5000.0,2018-03-01,Medical expenses,,24.7%,483xx,MI,< 1 year,0.0
20000.0,2018-03-01,Credit card refinancing,,39.29%,330xx,FL,< 1 year,0.0
25000.0,2018-03-01,Debt consolidation,,14.76%,781xx,TX,< 1 year,0.0
40000.0,2018-03-01,Debt consolidation,,21.71%,302xx,GA,10+ years,0.0
5000.0,2018-03-01,Other,,2.18%,605xx,IL,1 year,0.0
10000.0,2018-03-01,Home buying,,22.37%,870xx,NM,< 1 year,0.0
300000.0,2018-03-01,Business Loan,,-1%,800xx,CO,< 1 year,0.0
2000.0,2018-03-01,Other,,0%,940xx,CA,< 1 year,0.0
15000.0,2018-03-02,Debt consolidation,,17.55%,967xx,HI,< 1 year,0.0
9000.0,2018-03-02,Debt consolidation,,24.76%,232xx,VA,< 1 year,0.0
15000.0,2018-03-02,Credit card refinancing,,43.15%,461xx,IN,< 1 year,0.0
2000.0,2018-03-02,Other,,7.64%,782xx,TX,< 1 year,0.0
10000.0,2018-03-02,Major purchase,,54.5%,361xx,AL,< 1 year,0.0
2500.0,2018-03-02,Debt consolidation,,50.56%,070xx,NJ,< 1 year,0.0
10000.0,2018-03-02,Debt consolidation,,51.46%,327xx,FL,< 1 year,0.0
12500.0,2018-03-02,Credit card refinancing,,9.38%,298xx,SC,< 1 year,0.0
1000.0,2018-03-03,Moving and relocation,,3.34%,980xx,WA,< 1 year,0.0
5000.0,2018-03-03,Debt consolidation,,260.1%,359xx,AL,< 1 year,0.0
5000.0,2018-03-03,Car financing,,3.37%,974xx,OR,< 1 year,0.0
10000.0,2018-03-03,Medical expenses,,6.71%,774xx,TX,< 1 year,0.0
5000.0,2018-03-03,Debt consolidation,,26.72%,338xx,FL,< 1 year,0.0
40000.0,2018-03-04,Debt consolidation,,39.34%,814xx,CO,< 1 year,0.0
25875.0,2018-03-04,Car financing,,100%,293xx,SC,3 years,0.0
10000.0,2018-03-04,Major purchase,,13.43%,151xx,PA,< 1 year,0.0
15000.0,2018-03-04,Debt consolidation,,38.27%,622xx,IL,< 1 year,0.0
36000.0,2018-03-04,Business Loan,,-1%,331xx,FL,< 1 year,0.0
10000.0,2018-03-04,Credit card refinancing,,10.19%,913xx,CA,< 1 year,0.0
10000.0,2018-03-05,Vacation,,15.46%,321xx,FL,< 1 year,0.0
32000.0,2018-03-05,Credit card refinancing,,29.79%,708xx,LA,7 years,0.0
25000.0,2018-03-05,Debt consolidation,,55.98%,224xx,VA,< 1 year,0.0
5000.0,2018-03-05,Debt consolidation,,11.3%,781xx,TX,< 1 year,0.0
15000.0,2018-03-05,Debt consolidation,,44.62%,958xx,CA,< 1 year,0.0
10000.0,2018-03-05,Credit card refinancing,,37.28%,928xx,CA,< 1 year,0.0
15000.0,2018-03-05,Debt consolidation,,6.18%,605xx,IL,< 1 year,0.0
10000.0,2018-03-05,Debt consolidation,,26.61%,550xx,MN,< 1 year,0.0
25000.0,2018-03-05,Debt consolidation,,29.22%,794xx,TX,< 1 year,0.0
10000.0,2018-03-05,Home buying,,23.91%,460xx,IN,< 1 year,0.0
5000.0,2018-03-05,Medical expenses,,24.73%,770xx,TX,< 1 year,0.0
3000.0,2018-03-05,Car financing,,1%,730xx,OK,< 1 year,0.0
5000.0,2018-03-05,Other,568.0,1.92%,286xx,NC,< 1 year,0.0
1000.0,2018-03-06,Other,,24.74%,282xx,NC,< 1 year,0.0
5000.0,2018-03-06,Other,,57.99%,334xx,FL,< 1 year,0.0
5000.0,2018-03-06,Debt consolidation,,21.93%,945xx,CA,< 1 year,0.0
20000.0,2018-03-06,Debt consolidation,,3.74%,972xx,OR,< 1 year,0.0
16000.0,2018-03-06,Other,,100%,775xx,TX,< 1 year,0.0
10000.0,2018-03-06,Debt consolidation,,67.52%,531xx,WI,< 1 year,0.0
20000.0,2018-03-06,Debt consolidation,,8.79%,196xx,PA,< 1 year,0.0
4000.0,2018-03-06,Debt consolidation,,5.53%,362xx,AL,< 1 year,0.0
40000.0,2018-03-06,Major purchase,,22.26%,325xx,FL,< 1 year,0.0
10000.0,2018-03-06,Debt consolidation,,3.48%,805xx,CO,< 1 year,0.0
25000.0,2018-03-06,Debt consolidation,,24.48%,104xx,NY,< 1 year,0.0
1000.0,2018-03-07,Other,604.0,0%,329xx,FL,< 1 year,0.0
10000.0,2018-03-07,Credit card refinancing,,24.72%,954xx,CA,< 1 year,0.0
5000.0,2018-03-07,Home buying,,27.47%,273xx,NC,3 years,0.0
5000.0,2018-03-07,Other,,20.5%,606xx,IL,< 1 year,0.0
5000.0,2018-03-07,Debt consolidation,,12.64%,436xx,OH,< 1 year,0.0
3500.0,2018-03-07,Major purchase,,46.8%,928xx,CA,< 1 year,0.0
20000.0,2018-03-07,Debt consolidation,,39.65%,277xx,NC,< 1 year,0.0
8525.0,2018-03-07,Car financing,,100%,782xx,TX,< 1 year,0.0
5000.0,2018-03-08,Credit card refinancing,,20.02%,450xx,OH,< 1 year,0.0
8000.0,2018-03-08,Debt consolidation,,18.54%,070xx,NJ,< 1 year,0.0
12000.0,2018-03-08,Debt consolidation,,100%,114xx,NY,< 1 year,0.0
10000.0,2018-03-08,Business,,0.72%,104xx,NY,< 1 year,0.0
2500.0,2018-03-09,Other,,0%,606xx,IL,< 1 year,0.0
90000.0,2018-03-09,Business Loan,,-1%,956xx,CA,< 1 year,2.0
3000.0,2018-03-09,Debt consolidation,,4.14%,216xx,MD,< 1 year,0.0
27500.0,2018-03-09,Home improvement,,2.66%,913xx,CA,< 1 year,0.0
17000.0,2018-03-09,Credit card refinancing,,63.49%,926xx,CA,< 1 year,0.0
5000.0,2018-03-10,Debt consolidation,,11.13%,333xx,FL,< 1 year,0.0
15000.0,2018-03-11,Debt consolidation,,1.88%,530xx,WI,< 1 year,0.0
5000.0,2018-03-11,Debt consolidation,,10.1%,534xx,WI,< 1 year,0.0
6000.0,2018-03-11,Home buying,,26.67%,183xx,PA,< 1 year,0.0
5000.0,2018-03-11,Major purchase,,7.46%,328xx,FL,< 1 year,0.0
10000.0,2018-03-11,Credit card refinancing,,19.75%,303xx,GA,< 1 year,0.0
6000.0,2018-03-11,Credit card refinancing,,35.81%,750xx,TX,< 1 year,0.0
2500.0,2018-03-11,Vacation,,61.5%,717xx,AR,< 1 year,0.0
8000.0,2018-03-11,Debt consolidation,,31.97%,200xx,DC,< 1 year,0.0
25000.0,2018-03-11,Debt consolidation,,0.25%,840xx,UT,< 1 year,0.0
4000.0,2018-03-12,Debt consolidation,,6.66%,220xx,VA,< 1 year,0.0
2000.0,2018-03-12,Debt consolidation,,67.37%,756xx,TX,< 1 year,0.0
3000.0,2018-03-12,Debt consolidation,,100%,168xx,PA,< 1 year,0.0
10000.0,2018-03-12,Home improvement,,8.95%,176xx,PA,3 years,2.0
40000.0,2018-03-12,Debt consolidation,,16.66%,853xx,AZ,< 1 year,0.0
6000.0,2018-03-12,Debt consolidation,,27.69%,968xx,HI,< 1 year,0.0
2500.0,2018-03-12,Home buying,,30.74%,631xx,MO,< 1 year,0.0
25000.0,2018-03-12,Debt consolidation,,100%,925xx,CA,< 1 year,0.0
10000.0,2018-03-13,Credit card refinancing,,22.3%,941xx,CA,< 1 year,0.0
5500.0,2018-03-13,Credit card refinancing,,50.08%,207xx,MD,< 1 year,0.0
30000.0,2018-03-13,Debt consolidation,,21.06%,450xx,OH,< 1 year,0.0
1000.0,2018-03-13,Other,,15.07%,148xx,NY,< 1 year,0.0
10000.0,2018-03-13,Debt consolidation,,100%,856xx,AZ,< 1 year,0.0
24025.0,2018-03-13,Car financing,,100%,914xx,CA,< 1 year,0.0
10000.0,2018-03-13,Credit card refinancing,,28.04%,077xx,NJ,< 1 year,0.0
20000.0,2018-03-14,Debt consolidation,,65.96%,441xx,OH,< 1 year,0.0
11000.0,2018-03-14,Car financing,,1.81%,770xx,TX,< 1 year,0.0
1000.0,2018-03-14,Medical expenses,,34.03%,731xx,OK,< 1 year,0.0
6000.0,2018-03-14,Vacation,,16.75%,114xx,NY,< 1 year,0.0
35000.0,2018-03-14,Credit card refinancing,,44.98%,112xx,NY,< 1 year,0.0
6000.0,2018-03-14,Other,,11.17%,900xx,CA,5 years,0.0
5000.0,2018-03-14,Debt consolidation,,28.62%,207xx,MD,10+ years,0.0
20000.0,2018-03-14,Other,,41.47%,985xx,WA,< 1 year,0.0
5000.0,2018-03-14,Debt consolidation,,7.03%,166xx,PA,< 1 year,0.0
3500.0,2018-03-14,Debt consolidation,,19.31%,908xx,CA,< 1 year,0.0
5000.0,2018-03-14,Major purchase,,7.91%,410xx,KY,< 1 year,0.0
1000.0,2018-03-14,Other,,4.7%,325xx,FL,< 1 year,0.0
10000.0,2018-03-14,Home improvement,,4.58%,070xx,NJ,< 1 year,0.0
10000.0,2018-03-14,Home buying,,24.71%,797xx,TX,< 1 year,0.0
20000.0,2018-03-15,Home buying,,2.75%,190xx,PA,< 1 year,0.0
1000.0,2018-03-15,Other,,18.4%,446xx,OH,< 1 year,0.0
4000.0,2018-03-15,Car financing,597.0,0.83%,473xx,IN,< 1 year,0.0
2500.0,2018-03-15,Other,,36.83%,305xx,GA,< 1 year,0.0
25000.0,2018-03-15,Debt consolidation,,42.58%,688xx,NE,< 1 year,0.0
10000.0,2018-03-15,Debt consolidation,,39.64%,640xx,MO,< 1 year,0.0
5000.0,2018-03-15,Moving and relocation,,1.91%,934xx,CA,< 1 year,0.0
6000.0,2018-03-15,Credit card refinancing,,4400%,544xx,WI,< 1 year,0.0
6000.0,2018-03-15,Medical expenses,,100%,371xx,TN,< 1 year,0.0
10000.0,2018-03-15,Home buying,,15.59%,304xx,GA,< 1 year,0.0
5000.0,2018-03-15,Moving and relocation,,12.83%,319xx,GA,< 1 year,0.0
12000.0,2018-03-16,Debt consolidation,,0.43%,032xx,NH,< 1 year,0.0
30000.0,2018-03-16,Business,587.0,0%,261xx,WV,< 1 year,0.0
1000.0,2018-03-16,Major purchase,522.0,0.78%,801xx,CO,< 1 year,0.0
30000.0,2018-03-16,Debt consolidation,,9.91%,327xx,FL,< 1 year,0.0
5775.0,2018-03-16,Debt consolidation,,100%,189xx,PA,< 1 year,0.0
11000.0,2018-03-16,Credit card refinancing,,1.44%,027xx,MA,6 years,0.0
1200.0,2018-03-16,Medical expenses,,31.31%,303xx,GA,< 1 year,0.0
4000.0,2018-03-17,Car financing,,0.84%,245xx,VA,< 1 year,0.0
2500.0,2018-03-17,Debt consolidation,,78.39%,891xx,NV,< 1 year,0.0
2000.0,2018-03-17,Major purchase,,34.37%,198xx,DE,< 1 year,0.0
15000.0,2018-03-17,Debt consolidation,,100%,483xx,MI,< 1 year,0.0
1000.0,2018-03-17,Debt consolidation,,100%,490xx,MI,< 1 year,0.0
20000.0,2018-03-17,Debt consolidation,,100%,939xx,CA,< 1 year,0.0
20000.0,2018-03-18,Medical expenses,,2.7%,494xx,MI,< 1 year,0.0
7000.0,2018-03-18,Credit card refinancing,,52.84%,190xx,PA,< 1 year,0.0
18000.0,2018-03-18,Debt consolidation,,41.2%,863xx,AZ,< 1 year,0.0
22000.0,2018-03-18,Major purchase,,100%,587xx,ND,< 1 year,0.0
3500.0,2018-03-18,Medical expenses,,11.38%,932xx,CA,< 1 year,0.0
6500.0,2018-03-19,Other,,0%,080xx,NJ,< 1 year,0.0
15000.0,2018-03-19,Debt consolidation,,14.52%,773xx,TX,< 1 year,0.0
25000.0,2018-03-19,Debt consolidation,,32.74%,769xx,TX,< 1 year,0.0
10000.0,2018-03-19,Debt consolidation,,20.73%,038xx,NH,< 1 year,0.0
11600.0,2018-03-19,Medical expenses,,18.68%,775xx,TX,< 1 year,0.0
3000.0,2018-03-19,Home buying,,0.18%,766xx,TX,< 1 year,0.0
3900.0,2018-03-19,Credit card refinancing,,17.64%,114xx,NY,< 1 year,0.0
34500.0,2018-03-19,Debt consolidation,,100%,565xx,MN,< 1 year,0.0
10000.0,2018-03-19,Other,,70.13%,333xx,FL,< 1 year,0.0
15000.0,2018-03-20,Credit card refinancing,,26.84%,704xx,LA,< 1 year,0.0
5000.0,2018-03-20,Home improvement,,19.43%,301xx,GA,< 1 year,0.0
2000.0,2018-03-20,Other,,30.88%,432xx,OH,< 1 year,0.0
10000.0,2018-03-20,Debt consolidation,,15.33%,800xx,CO,< 1 year,0.0
5000.0,2018-03-20,Debt consolidation,,9.03%,799xx,TX,< 1 year,0.0
10000.0,2018-03-20,Debt consolidation,,245.09%,604xx,IL,< 1 year,0.0
19175.0,2018-03-20,Credit card refinancing,,100%,970xx,OR,< 1 year,0.0
5000.0,2018-03-20,Moving and relocation,,23.75%,631xx,MO,< 1 year,0.0
25000.0,2018-03-20,Debt consolidation,,33.57%,547xx,WI,< 1 year,0.0
4000.0,2018-03-21,Credit card refinancing,,4.97%,324xx,FL,< 1 year,0.0
4500.0,2018-03-21,Debt consolidation,,8.8%,554xx,MN,< 1 year,0.0
3500.0,2018-03-21,Debt consolidation,,12.57%,347xx,FL,< 1 year,0.0
12000.0,2018-03-21,Car financing,,16.01%,631xx,MO,< 1 year,0.0
12000.0,2018-03-21,Credit card refinancing,,19.1%,018xx,MA,< 1 year,0.0
6000.0,2018-03-21,Other,,100%,380xx,TN,< 1 year,0.0
15000.0,2018-03-21,Debt consolidation,,58.28%,113xx,NY,< 1 year,0.0
20000.0,2018-03-22,Car financing,,58.18%,272xx,NC,< 1 year,0.0
3500.0,2018-03-22,Other,,1.83%,335xx,FL,< 1 year,0.0
10000.0,2018-03-22,Debt consolidation,,100%,018xx,MA,< 1 year,0.0
30000.0,2018-03-22,Debt consolidation,,13.66%,104xx,NY,< 1 year,0.0
5000.0,2018-03-22,Car financing,,1.22%,454xx,OH,< 1 year,0.0
10000.0,2018-03-22,Debt consolidation,,10.26%,478xx,IN,< 1 year,0.0
1200.0,2018-03-23,Home improvement,,38.51%,967xx,HI,< 1 year,0.0
10000.0,2018-03-23,Other,,50.69%,880xx,NM,< 1 year,0.0
35000.0,2018-03-23,Credit card refinancing,,17.04%,494xx,MI,< 1 year,0.0
10000.0,2018-03-23,Credit card refinancing,,0.62%,277xx,NC,< 1 year,0.0
5500.0,2018-03-23,Debt consolidation,,78%,283xx,NC,< 1 year,0.0
5000.0,2018-03-23,Credit card refinancing,,12.7%,915xx,CA,< 1 year,0.0
10000.0,2018-03-23,Home buying,,133.01%,776xx,TX,< 1 year,0.0
10000.0,2018-03-24,Home buying,,16.81%,799xx,TX,< 1 year,0.0
6000.0,2018-03-24,Other,,23.73%,604xx,IL,< 1 year,0.0
4000.0,2018-03-24,Debt consolidation,,100%,955xx,CA,< 1 year,0.0
6000.0,2018-03-24,Other,,20.8%,272xx,NC,< 1 year,0.0
14775.0,2018-03-24,Car financing,,100%,751xx,TX,< 1 year,0.0
7000.0,2018-03-24,Debt consolidation,,100%,383xx,TN,< 1 year,0.0
2000.0,2018-03-24,Debt consolidation,,19.52%,794xx,TX,< 1 year,0.0
25000.0,2018-03-25,Credit card refinancing,,54.94%,240xx,VA,< 1 year,0.0
10000.0,2018-03-25,Debt consolidation,,26.61%,953xx,CA,< 1 year,0.0
8000.0,2018-03-25,Debt consolidation,,50.96%,765xx,TX,< 1 year,0.0
10000.0,2018-03-26,Credit card refinancing,,34.79%,915xx,CA,< 1 year,0.0
10000.0,2018-03-26,Other,,1.31%,112xx,NY,< 1 year,0.0
32575.0,2018-03-26,Car financing,,100%,136xx,NY,10+ years,2.0
5000.0,2018-03-26,Debt consolidation,,14.73%,330xx,FL,< 1 year,0.0
40000.0,2018-03-26,Debt consolidation,,58.91%,968xx,HI,< 1 year,0.0
3000.0,2018-03-26,Debt consolidation,,16.03%,272xx,NC,< 1 year,0.0
15000.0,2018-03-26,Debt consolidation,,14.52%,949xx,CA,< 1 year,0.0
10000.0,2018-03-26,Credit card refinancing,,6.3%,770xx,TX,< 1 year,0.0
2000.0,2018-03-26,Major purchase,,9.81%,917xx,CA,< 1 year,0.0
20000.0,2018-03-26,Debt consolidation,,64.27%,314xx,GA,< 1 year,0.0
10000.0,2018-03-27,Other,,9.84%,763xx,TX,< 1 year,0.0
3000.0,2018-03-27,Home improvement,,35.79%,661xx,KS,< 1 year,0.0
5000.0,2018-03-27,Credit card refinancing,,13.63%,757xx,TX,< 1 year,0.0
32000.0,2018-03-27,Debt consolidation,,14.15%,604xx,IL,< 1 year,0.0
6500.0,2018-03-27,Other,,29.32%,750xx,TX,< 1 year,0.0
10000.0,2018-03-27,Debt consolidation,,13.21%,531xx,WI,< 1 year,0.0
5000.0,2018-03-27,Debt consolidation,,48.67%,173xx,PA,< 1 year,0.0
2500.0,2018-03-27,Credit card refinancing,,24.63%,622xx,IL,< 1 year,0.0
5000.0,2018-03-27,Other,,25.08%,191xx,PA,< 1 year,0.0
8000.0,2018-03-27,Debt consolidation,662.0,8.11%,917xx,CA,< 1 year,0.0
10000.0,2018-03-27,Credit card refinancing,,42.01%,365xx,AL,< 1 year,0.0
20000.0,2018-03-27,Debt consolidation,,31.65%,325xx,FL,< 1 year,0.0
5000.0,2018-03-27,Debt consolidation,,28.76%,104xx,NY,< 1 year,0.0
20000.0,2018-03-27,Debt consolidation,,32.48%,750xx,TX,< 1 year,0.0
2500.0,2018-03-27,Debt consolidation,,30.4%,356xx,AL,< 1 year,0.0
10000.0,2018-03-27,Home buying,,42.44%,764xx,TX,< 1 year,0.0
2000.0,2018-03-27,Other,,8.05%,191xx,PA,< 1 year,0.0
2500.0,2018-03-27,Debt consolidation,,0%,381xx,TN,< 1 year,0.0
30000.0,2018-03-28,Major purchase,,19.85%,605xx,IL,< 1 year,0.0
4500.0,2018-03-28,Credit card refinancing,,37.59%,327xx,FL,< 1 year,0.0
40000.0,2018-03-28,Home improvement,,27.92%,286xx,NC,< 1 year,0.0
10000.0,2018-03-28,Moving and relocation,547.0,0%,495xx,MI,< 1 year,0.0
2500.0,2018-03-28,Debt consolidation,,11.3%,441xx,OH,< 1 year,0.0
15000.0,2018-03-28,Debt consolidation,,44.6%,393xx,MS,< 1 year,0.0
25000.0,2018-03-28,Debt consolidation,,22.5%,633xx,MO,< 1 year,0.0
10000.0,2018-03-28,Debt consolidation,,16.99%,075xx,NJ,< 1 year,0.0
10000.0,2018-03-28,Credit card refinancing,501.0,2.82%,079xx,NJ,< 1 year,0.0
5000.0,2018-03-28,Debt consolidation,,13.2%,327xx,FL,< 1 year,0.0
30000.0,2018-03-28,Debt consolidation,,10.7%,112xx,NY,< 1 year,0.0
6000.0,2018-03-28,Other,,447.06%,701xx,LA,< 1 year,0.0
10000.0,2018-03-28,Credit card refinancing,,11.92%,773xx,TX,< 1 year,0.0
15700.0,2018-03-28,Debt consolidation,,37.91%,928xx,CA,< 1 year,0.0
10000.0,2018-03-28,Home buying,,2546%,075xx,NJ,< 1 year,0.0
20000.0,2018-03-29,Home buying,,100%,302xx,CA,< 1 year,0.0
10000.0,2018-03-29,Car financing,,6.71%,650xx,MO,< 1 year,0.0
10000.0,2018-03-29,Debt consolidation,,80.22%,184xx,PA,< 1 year,0.0
40000.0,2018-03-29,Debt consolidation,,100%,921xx,CA,< 1 year,0.0
5000.0,2018-03-29,Debt consolidation,,4.23%,974xx,OR,< 1 year,0.0
1000.0,2018-03-29,Credit card refinancing,,6.91%,800xx,CO,< 1 year,0.0
1000.0,2018-03-30,Car financing,,28.13%,330xx,FL,< 1 year,0.0
6000.0,2018-03-30,Other,,9.33%,030xx,NH,< 1 year,0.0
12000.0,2018-03-30,Credit card refinancing,,7.84%,331xx,FL,8 years,2.0
7000.0,2018-03-30,Home buying,,12.21%,141xx,NY,< 1 year,0.0
3000.0,2018-03-30,Debt consolidation,571.0,59.35%,371xx,TN,< 1 year,0.0
5000.0,2018-03-30,Debt consolidation,,14.42%,812xx,CO,< 1 year,0.0
25000.0,2018-03-30,Major purchase,,2.93%,785xx,TX,< 1 year,0.0
15000.0,2018-03-30,Debt consolidation,,25.4%,081xx,NJ,< 1 year,0.0
5000.0,2018-03-30,Credit card refinancing,,22.08%,461xx,IN,< 1 year,0.0
1000.0,2018-03-31,Other,,42.88%,770xx,TX,< 1 year,0.0
11500.0,2018-03-31,Major purchase,,7.17%,597xx,MT,< 1 year,0.0
2000.0,2018-03-31,Medical expenses,,0.49%,402xx,KY,< 1 year,0.0
10000.0,2018-03-31,Debt consolidation,,23.24%,334xx,FL,< 1 year,0.0
10000.0,2017-07-01,other,,40.06%,437xx,OH,< 1 year,0.0
3500.0,2017-07-01,credit_card,,53.46%,770xx,TX,5 years,0.0
1000.0,2017-07-01,Other,678.0,100%,641xx,MO,< 1 year,0.0
5000.0,2017-07-01,debt_consolidation,,1.14%,794xx,TX,< 1 year,0.0
40000.0,2017-07-02,Moving and relocation,604.0,8.13%,020xx,MA,< 1 year,0.0
18000.0,2017-07-02,debt_consolidation,,40.59%,158xx,PA,< 1 year,0.0
12000.0,2017-07-02,debt_consolidation,,18.19%,549xx,WI,< 1 year,0.0
23750.0,2017-07-02,Debt consolidation,,8.87%,480xx,MI,8 years,0.0
20000.0,2017-07-02,medical,,-1%,291xx,SC,< 1 year,0.0
4000.0,2017-07-03,other,,13.01%,132xx,NY,< 1 year,0.0
3000.0,2017-07-03,Credit card refinancing,641.0,13.7%,462xx,IN,< 1 year,0.0
35000.0,2017-07-03,debt_consolidation,,17.83%,951xx,CA,5 years,0.0
1000.0,2017-07-03,renewable_energy,620.0,0%,871xx,NM,5 years,0.0
12000.0,2017-07-03,Car financing,627.0,100%,302xx,GA,< 1 year,0.0
3000.0,2017-07-04,credit_card,,64.62%,199xx,DE,5 years,0.0
23450.0,2017-07-04,Car financing,569.0,100%,207xx,MD,9 years,2.0
3500.0,2017-07-04,Debt consolidation,543.0,9999%,619xx,IL,< 1 year,0.0
25000.0,2017-07-04,credit_card,,24.39%,890xx,NV,< 1 year,0.0
40000.0,2017-07-04,Debt consolidation,649.0,36.74%,843xx,UT,< 1 year,0.0
2000.0,2017-07-04,home_improvement,,0%,366xx,AL,5 years,0.0
18000.0,2017-07-04,Debt consolidation,,-1%,864xx,AZ,< 1 year,0.0
20000.0,2017-07-04,house,,1.2%,442xx,OH,5 years,0.0
3000.0,2017-07-05,debt_consolidation,,0.54%,801xx,CO,5 years,0.0
1000.0,2017-07-05,car,,21.8%,328xx,FL,3 years,0.0
10000.0,2017-07-05,debt_consolidation,,24.54%,321xx,FL,< 1 year,0.0
10000.0,2017-07-05,Medical expenses,767.0,32.82%,952xx,CA,< 1 year,0.0
20000.0,2017-07-05,debt_consolidation,,-1%,368xx,AL,< 1 year,0.0
5000.0,2017-07-06,Debt consolidation,675.0,5.4%,370xx,TN,< 1 year,0.0
15000.0,2017-07-06,Credit card refinancing,,100%,275xx,NC,< 1 year,0.0
1000.0,2017-07-06,debt_consolidation,,8.64%,655xx,MO,5 years,0.0
10000.0,2017-07-06,debt_consolidation,,34.28%,397xx,MS,,0.0
1000.0,2017-07-06,Car financing,,100%,234xx,VA,< 1 year,0.0
1000.0,2017-07-06,other,,34.43%,770xx,TX,,0.0
30000.0,2017-07-06,major_purchase,,8.66%,436xx,OH,,0.0
10000.0,2017-07-07,Debt consolidation,644.0,33.19%,115xx,NY,< 1 year,0.0
3500.0,2017-07-07,other,,-1%,925xx,CA,2 years,0.0
1500.0,2017-07-07,Medical expenses,583.0,1.98%,871xx,NM,< 1 year,0.0
1000.0,2017-07-07,other,,15.45%,291xx,SC,5 years,0.0
1000.0,2017-07-07,debt_consolidation,,30.17%,031xx,NH,< 1 year,0.0
20000.0,2017-07-07,Credit card refinancing,660.0,41.4%,020xx,MA,2 years,0.0
10000.0,2017-07-07,Debt consolidation,,0%,601xx,IL,< 1 year,0.0
7000.0,2017-07-07,car,,2.75%,853xx,AZ,< 1 year,0.0
15000.0,2017-07-07,major_purchase,,0%,554xx,MN,2 years,0.0
30000.0,2017-07-07,house,,3.49%,750xx,TX,,0.0
12000.0,2017-07-07,Credit card refinancing,711.0,63.48%,049xx,ME,< 1 year,0.0
13000.0,2017-07-08,debt_consolidation,,16.55%,379xx,TN,< 1 year,0.0
30000.0,2017-07-08,Credit card refinancing,746.0,30.28%,100xx,NY,< 1 year,0.0
10000.0,2017-07-08,debt_consolidation,,42.52%,637xx,MO,< 1 year,0.0
8000.0,2017-07-08,Other,635.0,22.8%,212xx,MD,< 1 year,0.0
5000.0,2017-07-08,Moving and relocation,581.0,41.2%,935xx,CA,< 1 year,0.0
1000.0,2017-07-08,other,,33.14%,212xx,MD,5 years,0.0
2500.0,2017-07-09,debt_consolidation,,16.19%,444xx,OH,5 years,0.0
2925.0,2017-07-09,debt_consolidation,,-1%,115xx,NY,,0.0
10000.0,2017-07-09,medical,,13.39%,422xx,KY,5 years,0.0
1000.0,2017-07-09,other,,20.1%,462xx,IN,,0.0
20000.0,2017-07-09,credit_card,,35%,605xx,IL,5 years,0.0
10000.0,2017-07-09,debt_consolidation,,3.47%,133xx,NY,< 1 year,0.0
1500.0,2017-07-10,Business,656.0,9.8%,100xx,NY,< 1 year,0.0
5000.0,2017-07-10,debt_consolidation,,114.22%,334xx,FL,5 years,0.0
3500.0,2017-07-10,Car financing,682.0,8.04%,786xx,TX,2 years,0.0
40000.0,2017-07-10,Green loan,712.0,2.64%,152xx,PA,< 1 year,0.0
10000.0,2017-07-10,debt_consolidation,,13.17%,300xx,GA,< 1 year,0.0
7500.0,2017-07-10,debt_consolidation,,38.72%,785xx,TX,2 years,0.0
1000.0,2017-07-10,car,,8.82%,840xx,UT,5 years,0.0
4000.0,2017-07-10,Debt consolidation,,100%,028xx,RI,< 1 year,0.0
6000.0,2017-07-10,debt_consolidation,,8.36%,693xx,NE,5 years,0.0
4000.0,2017-07-10,debt_consolidation,,27.02%,460xx,IN,< 1 year,0.0
5000.0,2017-07-10,debt_consolidation,,43.12%,926xx,CA,< 1 year,0.0
5500.0,2017-07-11,other,,2.65%,130xx,NY,< 1 year,0.0
5000.0,2017-07-11,medical,,33.96%,100xx,NY,< 1 year,0.0
12000.0,2017-07-11,Debt consolidation,734.0,21.87%,349xx,FL,< 1 year,0.0
2000.0,2017-07-11,Debt consolidation,544.0,1%,207xx,MD,< 1 year,0.0
30000.0,2017-07-11,debt_consolidation,,37.27%,799xx,TX,5 years,0.0
10000.0,2017-07-11,other,,28.42%,760xx,TX,< 1 year,0.0
5000.0,2017-07-11,debt_consolidation,,0%,372xx,TN,< 1 year,0.0
5000.0,2017-07-12,debt_consolidation,,39.42%,234xx,VA,< 1 year,0.0
20000.0,2017-07-12,Business,,100%,123xx,NY,< 1 year,0.0
8000.0,2017-07-12,Car financing,648.0,2.27%,011xx,MA,< 1 year,0.0
5000.0,2017-07-12,credit_card,,11.2%,463xx,IN,,0.0
5000.0,2017-07-12,debt_consolidation,,19.49%,928xx,CA,,0.0
6500.0,2017-07-12,other,,-1%,469xx,IN,1 year,0.0
12000.0,2017-07-12,credit_card,,42.37%,775xx,TX,5 years,0.0
5000.0,2017-07-12,debt_consolidation,,181.32%,600xx,IL,< 1 year,0.0
20000.0,2017-07-13,debt_consolidation,,23.66%,864xx,CO,< 1 year,0.0
6500.0,2017-07-13,debt_consolidation,,-1%,334xx,FL,< 1 year,0.0
10000.0,2017-07-13,Debt consolidation,508.0,39.69%,549xx,WI,< 1 year,0.0
40000.0,2017-07-13,Debt consolidation,593.0,25.6%,380xx,TN,< 1 year,0.0
10000.0,2017-07-13,debt_consolidation,,5.14%,331xx,FL,< 1 year,0.0
10000.0,2017-07-13,Debt consolidation,570.0,49.45%,112xx,NY,< 1 year,0.0
12000.0,2017-07-13,Credit card refinancing,633.0,28.66%,850xx,AZ,< 1 year,0.0
1200.0,2017-07-13,home_improvement,576.0,0%,782xx,TX,< 1 year,0.0
10000.0,2017-07-13,debt_consolidation,,-1%,337xx,FL,< 1 year,0.0
5000.0,2017-07-13,Home buying,644.0,30.98%,327xx,FL,1 year,0.0
7000.0,2017-07-13,debt_consolidation,,12%,195xx,PA,< 1 year,0.0
2000.0,2017-07-13,car,,9.76%,553xx,MN,< 1 year,0.0
6000.0,2017-07-14,other,,24.15%,890xx,NV,5 years,0.0
3000.0,2017-07-14,Other,546.0,1.24%,104xx,NY,< 1 year,0.0
10000.0,2017-07-14,credit_card,,61.36%,967xx,HI,5 years,0.0
10000.0,2017-07-14,other,646.0,0.6%,081xx,NJ,5 years,0.0
30000.0,2017-07-14,vacation,,17.14%,391xx,MS,5 years,0.0
5000.0,2017-07-14,Other,,100%,305xx,GA,< 1 year,0.0
5000.0,2017-07-15,Debt consolidation,669.0,15.7%,104xx,NY,< 1 year,0.0
25000.0,2017-07-15,debt_consolidation,,31.62%,239xx,VA,< 1 year,0.0
5000.0,2017-07-15,Debt consolidation,560.0,88.11%,786xx,TX,< 1 year,0.0
20000.0,2017-07-15,home_improvement,,-1%,339xx,FL,< 1 year,0.0
5000.0,2017-07-15,other,,1.5%,334xx,FL,4 years,0.0
1000.0,2017-07-15,debt_consolidation,,1.62%,330xx,FL,5 years,0.0
20000.0,2017-07-15,Credit card refinancing,695.0,38.52%,922xx,CA,< 1 year,0.0
5000.0,2017-07-16,debt_consolidation,,0.15%,462xx,IN,< 1 year,0.0
17175.0,2017-07-16,Car financing,549.0,100%,292xx,SC,< 1 year,0.0
7500.0,2017-07-16,Moving and relocation,443.0,19.38%,209xx,MD,< 1 year,0.0
1000.0,2017-07-16,other,,8.83%,770xx,TX,< 1 year,0.0
3500.0,2017-07-16,Credit card refinancing,570.0,89.15%,992xx,WA,< 1 year,0.0
1500.0,2017-07-16,Other,553.0,28.89%,762xx,TX,< 1 year,0.0
1000.0,2017-07-17,Home improvement,603.0,432.64%,774xx,TX,< 1 year,0.0
10000.0,2017-07-17,Debt consolidation,,10.11%,853xx,AZ,,0.0
5000.0,2017-07-17,Home improvement,671.0,17.45%,335xx,FL,< 1 year,0.0
1500.0,2017-07-17,Debt consolidation,582.0,16.63%,785xx,TX,< 1 year,0.0
2500.0,2017-07-17,other,,15.74%,288xx,NC,,0.0
10000.0,2017-07-17,other,,21.72%,430xx,OH,< 1 year,0.0
35000.0,2017-07-17,Debt consolidation,557.0,22.66%,857xx,AZ,< 1 year,0.0
3000.0,2017-07-17,Major purchase,667.0,30.02%,787xx,TX,1 year,0.0
4000.0,2017-07-17,Home improvement,671.0,33.36%,626xx,IL,< 1 year,0.0
10000.0,2017-07-17,debt_consolidation,,223.4%,127xx,NY,< 1 year,0.0
2500.0,2017-07-17,other,,21.93%,274xx,NC,< 1 year,0.0
15000.0,2017-07-17,debt_consolidation,,16.26%,100xx,NY,< 1 year,0.0
10000.0,2017-07-17,Debt consolidation,,100%,480xx,MI,< 1 year,0.0
25000.0,2017-07-18,small_business,,29.02%,600xx,IL,5 years,0.0
7000.0,2017-07-18,Debt consolidation,637.0,59.11%,449xx,OH,< 1 year,0.0
5000.0,2017-07-18,Debt consolidation,548.0,21.17%,463xx,IN,< 1 year,0.0
34000.0,2017-07-18,Credit card refinancing,648.0,26.03%,781xx,TX,< 1 year,0.0
6000.0,2017-07-18,credit_card,,18.08%,770xx,TX,5 years,0.0
2500.0,2017-07-18,other,,-1%,296xx,SC,< 1 year,0.0
10000.0,2017-07-18,Home improvement,595.0,24.83%,322xx,FL,< 1 year,0.0
10000.0,2017-07-18,Debt consolidation,618.0,25.64%,430xx,OH,< 1 year,0.0
1000.0,2017-07-18,other,,35.47%,303xx,GA,< 1 year,0.0
3000.0,2017-07-19,Debt consolidation,602.0,18.85%,606xx,IL,< 1 year,0.0
35000.0,2017-07-19,debt_consolidation,,29.31%,705xx,LA,5 years,0.0
5000.0,2017-07-19,other,,-1%,775xx,TX,5 years,0.0
2000.0,2017-07-19,Debt consolidation,649.0,6.92%,015xx,MA,< 1 year,0.0
5000.0,2017-07-19,Credit card refinancing,708.0,43.65%,972xx,OR,< 1 year,0.0
20000.0,2017-07-19,Credit card refinancing,,-1%,775xx,TX,< 1 year,0.0
5500.0,2017-07-19,credit_card,,18.36%,211xx,MD,5 years,0.0
1000.0,2017-07-19,debt_consolidation,,8.4%,606xx,IL,5 years,0.0
25000.0,2017-07-19,debt_consolidation,,34.62%,785xx,TX,5 years,0.0
10000.0,2017-07-20,major_purchase,,6.66%,105xx,NY,< 1 year,0.0
5000.0,2017-07-20,debt_consolidation,,41.5%,180xx,PA,1 year,0.0
25000.0,2017-07-20,Debt consolidation,598.0,29.68%,210xx,MD,< 1 year,0.0
7000.0,2017-07-20,Debt consolidation,669.0,61.34%,986xx,WA,< 1 year,0.0
1500.0,2017-07-20,other,,14.27%,640xx,MO,< 1 year,0.0
10000.0,2017-07-20,debt_consolidation,,17.95%,931xx,CA,5 years,0.0
1000.0,2017-07-20,debt_consolidation,,63.01%,542xx,WI,5 years,0.0
12000.0,2017-07-20,Debt consolidation,625.0,36.07%,379xx,TN,< 1 year,0.0
20000.0,2017-07-20,debt_consolidation,,27.37%,923xx,CA,< 1 year,0.0
1000.0,2017-07-20,Debt consolidation,637.0,22.56%,147xx,NY,< 1 year,0.0
5000.0,2017-07-20,debt_consolidation,,29.52%,950xx,CA,< 1 year,0.0
15000.0,2017-07-20,other,,12.36%,925xx,CA,< 1 year,0.0
4000.0,2017-07-20,debt_consolidation,,3%,535xx,WI,5 years,0.0
4000.0,2017-07-21,Credit card refinancing,662.0,43.86%,750xx,TX,< 1 year,0.0
16000.0,2017-07-21,debt_consolidation,,40.66%,441xx,OH,< 1 year,0.0
8000.0,2017-07-21,Major purchase,743.0,6.24%,740xx,OK,< 1 year,0.0
3000.0,2017-07-21,Debt consolidation,561.0,44.98%,770xx,TX,< 1 year,0.0
31000.0,2017-07-21,house,,1.54%,310xx,GA,5 years,0.0
10000.0,2017-07-21,moving,602.0,1.71%,800xx,CO,5 years,0.0
10000.0,2017-07-21,credit_card,,22.21%,719xx,AR,5 years,0.0
20000.0,2017-07-21,Home improvement,634.0,56.96%,341xx,FL,< 1 year,0.0
10000.0,2017-07-21,major_purchase,655.0,13.65%,760xx,TX,< 1 year,0.0
6000.0,2017-07-21,Moving and relocation,653.0,25.95%,212xx,MD,< 1 year,0.0
7500.0,2017-07-21,car,,1.63%,652xx,MO,5 years,0.0
20000.0,2017-07-22,Other,643.0,7.7%,441xx,OH,< 1 year,0.0
35000.0,2017-07-22,Credit card refinancing,587.0,57.97%,395xx,MS,< 1 year,0.0
4000.0,2017-07-23,debt_consolidation,,-1%,809xx,CO,5 years,0.0
5000.0,2017-07-23,other,,9999%,301xx,GA,< 1 year,0.0
18000.0,2017-07-24,Credit card refinancing,620.0,35.11%,853xx,AZ,< 1 year,0.0
20000.0,2017-07-24,Debt consolidation,632.0,18.98%,750xx,TX,< 1 year,0.0
2500.0,2017-07-24,other,,4.25%,917xx,CA,5 years,0.0
2000.0,2017-07-24,Debt consolidation,691.0,4.95%,907xx,CA,< 1 year,0.0
10000.0,2017-07-24,small_business,,43.25%,444xx,OH,,0.0
2000.0,2017-07-24,debt_consolidation,,6.99%,535xx,WI,5 years,0.0
5900.0,2017-07-24,major_purchase,,8.45%,463xx,IN,< 1 year,0.0
10000.0,2017-07-24,debt_consolidation,,8.47%,432xx,OH,< 1 year,0.0
5000.0,2017-07-24,Debt consolidation,664.0,2.55%,991xx,WA,,0.0
8000.0,2017-07-24,debt_consolidation,,21.57%,140xx,NY,5 years,0.0
10000.0,2017-07-24,Credit card refinancing,664.0,11.5%,554xx,MN,2 years,0.0
20000.0,2017-07-25,debt_consolidation,554.0,0%,802xx,CO,< 1 year,0.0
10000.0,2017-07-25,Debt consolidation,611.0,73.63%,658xx,MO,< 1 year,0.0
35000.0,2017-07-25,Debt consolidation,813.0,26.48%,301xx,GA,< 1 year,0.0
18000.0,2017-07-25,Home improvement,778.0,44.31%,346xx,FL,< 1 year,0.0
2000.0,2017-07-25,Vacation,662.0,21.39%,873xx,NM,< 1 year,0.0
35000.0,2017-07-25,debt_consolidation,,3.46%,477xx,IN,5 years,0.0
6000.0,2017-07-25,Debt consolidation,638.0,41.25%,132xx,NY,< 1 year,0.0
2000.0,2017-07-25,debt_consolidation,,7.57%,951xx,CA,< 1 year,0.0
7500.0,2017-07-26,Home improvement,686.0,41.4%,390xx,MS,< 1 year,0.0
4000.0,2017-07-26,debt_consolidation,,17.61%,840xx,UT,< 1 year,0.0
15000.0,2017-07-26,credit_card,,14.58%,782xx,TX,5 years,0.0
5000.0,2017-07-26,Debt consolidation,567.0,18.03%,534xx,WI,< 1 year,0.0
5000.0,2017-07-26,Debt consolidation,585.0,28.19%,321xx,FL,< 1 year,0.0
20000.0,2017-07-26,Debt consolidation,657.0,38.73%,917xx,CA,< 1 year,0.0
5000.0,2017-07-26,other,,15.14%,193xx,PA,< 1 year,0.0
8000.0,2017-07-26,Other,605.0,21.96%,113xx,NY,< 1 year,0.0
1500.0,2017-07-26,Credit card refinancing,589.0,10.31%,958xx,CA,< 1 year,0.0
10000.0,2017-07-26,Car financing,697.0,2.35%,025xx,MA,< 1 year,0.0
10000.0,2017-07-26,other,,19.63%,449xx,OH,< 1 year,0.0
1250.0,2017-07-26,Credit card refinancing,639.0,5.13%,144xx,NY,< 1 year,0.0
20000.0,2017-07-27,small_business,,49.1%,381xx,TN,< 1 year,0.0
40000.0,2017-07-27,Credit card refinancing,645.0,25.03%,917xx,CA,< 1 year,0.0
4000.0,2017-07-27,home_improvement,,5.26%,454xx,OH,5 years,0.0
1000.0,2017-07-27,other,,0.71%,935xx,CA,< 1 year,0.0
20000.0,2017-07-27,Debt consolidation,641.0,12.04%,072xx,NJ,< 1 year,0.0
1300.0,2017-07-27,medical,,25.23%,672xx,KS,< 1 year,0.0
20000.0,2017-07-27,Debt consolidation,660.0,23.19%,137xx,NY,< 1 year,0.0
2500.0,2017-07-27,Debt consolidation,638.0,45.25%,799xx,TX,< 1 year,0.0
20000.0,2017-07-27,home_improvement,754.0,2.69%,461xx,IN,5 years,0.0
10450.0,2017-07-27,Car financing,763.0,100%,211xx,MD,< 1 year,0.0
3000.0,2017-07-27,other,,6.84%,322xx,FL,5 years,0.0
6000.0,2017-07-27,Medical expenses,815.0,0%,793xx,TX,< 1 year,0.0
6000.0,2017-07-27,major_purchase,,15.36%,285xx,NC,,0.0
10000.0,2017-07-28,debt_consolidation,,9.28%,080xx,NJ,< 1 year,0.0
40000.0,2017-07-28,Debt consolidation,766.0,32.72%,355xx,AL,< 1 year,0.0
4000.0,2017-07-28,debt_consolidation,,15.32%,640xx,MO,5 years,0.0
4500.0,2017-07-28,Debt consolidation,670.0,25.17%,115xx,NY,< 1 year,0.0
1500.0,2017-07-28,other,,0.96%,601xx,IL,< 1 year,0.0
4000.0,2017-07-28,other,,17.02%,104xx,NY,5 years,0.0
59700.0,2017-07-28,Car financing,735.0,100%,315xx,GA,< 1 year,0.0
40000.0,2017-07-28,Other,587.0,38.3%,207xx,MD,< 1 year,0.0
2500.0,2017-07-29,other,,34.84%,393xx,MS,5 years,0.0
10000.0,2017-07-29,debt_consolidation,,28.75%,928xx,CA,< 1 year,0.0
1800.0,2017-07-29,Other,536.0,9.2%,785xx,TX,< 1 year,0.0
25225.0,2017-07-30,debt_consolidation,,34.25%,616xx,IL,< 1 year,0.0
4000.0,2017-07-30,major_purchase,,1.46%,376xx,TN,< 1 year,0.0
6500.0,2017-07-31,debt_consolidation,,0%,448xx,OH,< 1 year,0.0
20000.0,2017-07-31,debt_consolidation,,30.86%,325xx,FL,,0.0
1000.0,2017-07-31,Debt consolidation,506.0,21.64%,082xx,NJ,< 1 year,0.0
1100.0,2017-07-31,other,,49.73%,232xx,VA,< 1 year,0.0
30000.0,2017-07-31,Other,512.0,44.98%,279xx,NC,< 1 year,0.0
25000.0,2017-07-31,debt_consolidation,,47.84%,972xx,OR,< 1 year,0.0
12000.0,2017-07-31,other,,8.43%,077xx,NJ,5 years,0.0
2000.0,2017-07-31,Vacation,693.0,35.63%,895xx,NV,< 1 year,0.0
5000.0,2017-07-31,credit_card,,72.28%,483xx,MI,< 1 year,0.0
4000.0,2017-07-31,Credit card refinancing,,24.39%,494xx,MI,8 years,0.0
20000.0,2017-08-01,Credit card refinancing,621.0,32.92%,483xx,MI,< 1 year,0.0
40000.0,2017-08-01,Debt consolidation,645.0,9.12%,440xx,OH,< 1 year,0.0
35000.0,2017-08-01,other,,3.06%,751xx,TX,5 years,0.0
1000.0,2017-08-01,other,,13.2%,337xx,FL,5 years,0.0
10000.0,2017-08-01,debt_consolidation,,31.18%,027xx,MA,< 1 year,0.0
10000.0,2017-08-01,debt_consolidation,,16.27%,794xx,TX,< 1 year,0.0
40000.0,2017-08-01,Credit card refinancing,685.0,243.46%,913xx,CA,< 1 year,0.0
40000.0,2017-08-01,Debt consolidation,729.0,16.38%,773xx,TX,10+ years,0.0
6000.0,2017-08-01,other,,-1%,606xx,IL,< 1 year,0.0
15000.0,2017-08-01,Debt consolidation,636.0,22.9%,799xx,TX,< 1 year,0.0
3000.0,2017-08-01,debt_consolidation,,22.63%,302xx,GA,< 1 year,0.0
1600.0,2017-08-01,car,,14.42%,211xx,MD,< 1 year,0.0
30000.0,2017-08-02,major_purchase,,10.77%,921xx,CA,5 years,0.0
4000.0,2017-08-02,debt_consolidation,,28.05%,770xx,TX,< 1 year,0.0
25000.0,2017-08-02,Debt consolidation,,-1%,341xx,FL,< 1 year,0.0
17700.0,2017-08-02,debt_consolidation,,-1%,231xx,VA,5 years,0.0
1200.0,2017-08-02,Debt consolidation,558.0,30.18%,157xx,PA,< 1 year,0.0
1500.0,2017-08-02,debt_consolidation,,30.81%,228xx,VA,< 1 year,0.0
1000.0,2017-08-02,car,,-1%,440xx,OH,< 1 year,0.0
15000.0,2017-08-02,credit_card,,34.39%,928xx,CA,5 years,0.0
15000.0,2017-08-03,credit_card,,-1%,456xx,OH,5 years,0.0
1000.0,2017-08-03,car,,64.21%,922xx,CA,,0.0
1000.0,2017-08-03,other,,0.62%,968xx,HI,5 years,0.0
10000.0,2017-08-03,Credit card refinancing,622.0,39.99%,731xx,OK,< 1 year,0.0
13000.0,2017-08-03,Credit card refinancing,701.0,30.29%,370xx,TN,2 years,2.0
5000.0,2017-08-03,Other,621.0,18.74%,606xx,IL,< 1 year,0.0
7000.0,2017-08-03,other,,14.08%,917xx,CA,5 years,0.0
2500.0,2017-08-03,other,,29.73%,754xx,TX,< 1 year,0.0
5000.0,2017-08-03,Credit card refinancing,608.0,8.42%,170xx,PA,< 1 year,0.0
10000.0,2017-08-03,Credit card refinancing,615.0,7.03%,585xx,ND,< 1 year,0.0
6000.0,2017-08-04,debt_consolidation,,15.08%,594xx,MT,< 1 year,0.0
2500.0,2017-08-04,debt_consolidation,,6.72%,328xx,FL,< 1 year,0.0
30000.0,2017-08-04,major_purchase,,20%,243xx,VA,< 1 year,0.0
5000.0,2017-08-04,moving,,0%,532xx,WI,5 years,0.0
10900.0,2017-08-04,Debt consolidation,741.0,13.39%,104xx,NY,,0.0
40000.0,2017-08-04,other,,25.95%,770xx,TX,< 1 year,0.0
17000.0,2017-08-05,debt_consolidation,,32.49%,634xx,MO,5 years,0.0
3000.0,2017-08-05,major_purchase,,8.25%,191xx,PA,,0.0
10000.0,2017-08-06,debt_consolidation,,17.84%,187xx,PA,< 1 year,0.0
8225.0,2017-08-06,Car financing,819.0,100%,169xx,PA,< 1 year,0.0
10000.0,2017-08-06,Other,674.0,27.56%,088xx,NJ,< 1 year,0.0
1200.0,2017-08-07,Moving and relocation,638.0,17.15%,396xx,MS,< 1 year,0.0
10000.0,2017-08-07,other,,7.75%,359xx,AL,< 1 year,0.0
5000.0,2017-08-07,Home improvement,579.0,24.42%,439xx,OH,< 1 year,0.0
20675.0,2017-08-07,debt_consolidation,,25.79%,760xx,TX,< 1 year,0.0
35000.0,2017-08-07,debt_consolidation,,9999%,156xx,PA,< 1 year,0.0
10000.0,2017-08-07,debt_consolidation,,23.7%,665xx,KS,< 1 year,0.0
35000.0,2017-08-07,home_improvement,,50.2%,327xx,FL,5 years,0.0
20000.0,2017-08-08,Debt consolidation,636.0,24.22%,070xx,NJ,1 year,0.0
3000.0,2017-08-08,Other,697.0,35.52%,982xx,WA,< 1 year,0.0
40000.0,2017-08-08,Home improvement,799.0,52.81%,800xx,CO,< 1 year,0.0
2000.0,2017-08-08,debt_consolidation,,8.7%,532xx,WI,5 years,0.0
10000.0,2017-08-08,other,,11.39%,310xx,GA,< 1 year,0.0
10000.0,2017-08-08,Home buying,620.0,53.64%,300xx,GA,< 1 year,0.0
5000.0,2017-08-08,Debt consolidation,656.0,24.18%,295xx,SC,< 1 year,0.0
17000.0,2017-08-08,Debt consolidation,868.0,30.3%,129xx,NY,< 1 year,0.0
3000.0,2017-08-08,Business,671.0,9.44%,531xx,WI,< 1 year,0.0
4000.0,2017-08-09,other,,0%,368xx,AL,< 1 year,0.0
1000.0,2017-08-09,Other,648.0,18.86%,233xx,VA,< 1 year,0.0
5000.0,2017-08-09,Debt consolidation,604.0,33.75%,281xx,NC,< 1 year,0.0
40000.0,2017-08-09,Debt consolidation,650.0,205.9%,200xx,DC,< 1 year,0.0
10000.0,2017-08-09,Debt consolidation,604.0,16.37%,235xx,VA,< 1 year,0.0
17000.0,2017-08-09,debt_consolidation,,23.98%,606xx,IL,,0.0
25000.0,2017-08-09,Debt consolidation,733.0,56.79%,774xx,TX,< 1 year,0.0
3000.0,2017-08-09,Home improvement,501.0,3.9%,104xx,NY,< 1 year,0.0
15000.0,2017-08-09,Debt consolidation,698.0,28.97%,371xx,TN,< 1 year,0.0
3000.0,2017-08-09,other,,19.8%,857xx,AZ,,0.0
15000.0,2017-08-09,home_improvement,,5.8%,328xx,FL,< 1 year,0.0
12000.0,2017-08-10,credit_card,,27.97%,104xx,NY,5 years,0.0
10000.0,2017-08-10,debt_consolidation,,32.13%,290xx,SC,< 1 year,0.0
2500.0,2017-08-10,debt_consolidation,,54.22%,972xx,OR,5 years,0.0
2000.0,2017-08-10,Home improvement,573.0,8.94%,191xx,PA,< 1 year,0.0
20000.0,2017-08-10,debt_consolidation,,53.15%,123xx,NY,< 1 year,0.0
2000.0,2017-08-10,other,,0%,466xx,IN,< 1 year,0.0
2000.0,2017-08-10,Other,584.0,16.57%,792xx,TX,< 1 year,0.0
10000.0,2017-08-11,Debt consolidation,639.0,6%,853xx,AZ,10+ years,0.0
1000.0,2017-08-11,vacation,,3.91%,333xx,FL,5 years,0.0
10000.0,2017-08-11,debt_consolidation,,31.64%,301xx,GA,< 1 year,0.0
2000.0,2017-08-11,other,,8.28%,900xx,CA,< 1 year,0.0
20000.0,2017-08-12,debt_consolidation,,28.06%,902xx,CA,5 years,0.0
15000.0,2017-08-12,Major purchase,742.0,5.74%,327xx,FL,< 1 year,0.0
40000.0,2017-08-12,Car financing,555.0,6.96%,585xx,ND,< 1 year,0.0
19000.0,2017-08-13,other,,14.48%,300xx,GA,5 years,0.0
3000.0,2017-08-13,Debt consolidation,682.0,8.6%,914xx,CA,< 1 year,0.0
15000.0,2017-08-13,other,,5.48%,010xx,MA,3 years,0.0
10000.0,2017-08-13,other,,22.46%,606xx,IL,< 1 year,0.0
8000.0,2017-08-14,Debt consolidation,574.0,30.95%,110xx,NY,< 1 year,0.0
1000.0,2017-08-14,Other,647.0,23.42%,080xx,NJ,< 1 year,0.0
15000.0,2017-08-14,credit_card,,16.23%,034xx,NH,5 years,0.0
1500.0,2017-08-14,other,,-1%,410xx,KY,5 years,0.0
8000.0,2017-08-14,Debt consolidation,591.0,50.4%,392xx,MS,< 1 year,0.0
5000.0,2017-08-14,Business,632.0,0.75%,290xx,SC,< 1 year,0.0
20000.0,2017-08-14,Debt consolidation,548.0,98.76%,600xx,IL,< 1 year,0.0
40000.0,2017-08-15,Debt consolidation,701.0,60.45%,129xx,NY,< 1 year,0.0
35000.0,2017-08-15,Debt consolidation,757.0,38.54%,346xx,FL,< 1 year,0.0
1000.0,2017-08-15,debt_consolidation,,6%,351xx,AL,5 years,0.0
10000.0,2017-08-15,debt_consolidation,,56.91%,770xx,TX,< 1 year,0.0
32500.0,2017-08-15,Other,702.0,21.23%,743xx,OK,< 1 year,0.0
10000.0,2017-08-15,debt_consolidation,,-1%,890xx,NV,,0.0
5000.0,2017-08-15,other,,32.04%,782xx,TX,5 years,0.0
16000.0,2017-08-15,debt_consolidation,,18.35%,324xx,FL,< 1 year,0.0
15000.0,2017-08-15,Credit card refinancing,625.0,51.58%,605xx,IL,< 1 year,0.0
2000.0,2017-08-15,Medical expenses,620.0,7.15%,228xx,VA,< 1 year,0.0
7000.0,2017-08-15,credit_card,,26.68%,435xx,OH,5 years,0.0
1000.0,2017-08-15,Medical expenses,531.0,12.52%,181xx,PA,< 1 year,0.0
2000.0,2017-08-16,Credit card refinancing,583.0,4.09%,303xx,GA,< 1 year,0.0
10000.0,2017-08-16,Debt consolidation,659.0,27.43%,558xx,MN,5 years,0.0
10000.0,2017-08-16,Debt consolidation,680.0,17.26%,080xx,NJ,< 1 year,0.0
1000.0,2017-08-16,Vacation,557.0,24.77%,390xx,MS,< 1 year,0.0
10000.0,2017-08-16,Debt consolidation,675.0,25.2%,378xx,TN,< 1 year,0.0
17000.0,2017-08-16,Debt consolidation,665.0,24.17%,190xx,PA,< 1 year,0.0
5000.0,2017-08-17,debt_consolidation,,3.07%,331xx,FL,< 1 year,0.0
40000.0,2017-08-17,Credit card refinancing,750.0,29.18%,110xx,NY,< 1 year,0.0
8000.0,2017-08-17,Debt consolidation,637.0,23.9%,100xx,NY,< 1 year,0.0
10000.0,2017-08-17,debt_consolidation,,-1%,208xx,MD,< 1 year,0.0
10000.0,2017-08-17,Debt consolidation,598.0,37.17%,625xx,IL,< 1 year,0.0
15000.0,2017-08-17,debt_consolidation,,49.52%,322xx,FL,< 1 year,0.0
5000.0,2017-08-17,Other,,0%,119xx,NY,< 1 year,0.0
20000.0,2017-08-17,medical,,23.22%,968xx,HI,5 years,0.0
15000.0,2017-08-17,house,,7.01%,782xx,TX,,0.0
5000.0,2017-08-18,credit_card,,11.64%,018xx,MA,5 years,0.0
40000.0,2017-08-18,Debt consolidation,659.0,34.16%,704xx,LA,< 1 year,0.0
14000.0,2017-08-18,debt_consolidation,,3.33%,571xx,SD,< 1 year,0.0
20000.0,2017-08-18,Other,700.0,13.95%,441xx,OH,3 years,0.0
4000.0,2017-08-18,other,,17.5%,626xx,IL,< 1 year,0.0
13000.0,2017-08-18,Car financing,615.0,34.72%,720xx,AR,< 1 year,0.0
30000.0,2017-08-18,Credit card refinancing,,0%,951xx,CA,< 1 year,0.0
3000.0,2017-08-19,Other,,100%,255xx,CA,< 1 year,0.0
11825.0,2017-08-19,credit_card,,13.09%,140xx,NY,5 years,0.0
10000.0,2017-08-19,debt_consolidation,,30.52%,928xx,CA,< 1 year,0.0
25000.0,2017-08-19,home_improvement,,47250%,797xx,TX,< 1 year,0.0
2000.0,2017-08-19,debt_consolidation,,32.11%,604xx,IL,< 1 year,0.0
7000.0,2017-08-20,home_improvement,,-1%,970xx,OR,,0.0
7000.0,2017-08-20,other,,3.6%,799xx,TX,< 1 year,0.0
10000.0,2017-08-20,Debt consolidation,642.0,35%,070xx,NJ,< 1 year,0.0
13000.0,2017-08-20,Debt consolidation,683.0,3.45%,907xx,CA,,0.0
2000.0,2017-08-20,moving,745.0,4.2%,740xx,OK,5 years,0.0
5000.0,2017-08-21,debt_consolidation,,3.5%,293xx,SC,< 1 year,0.0
7000.0,2017-08-21,Debt consolidation,643.0,16.75%,750xx,TX,< 1 year,0.0
20000.0,2017-08-21,Home improvement,653.0,38%,282xx,NC,< 1 year,0.0
12000.0,2017-08-21,Credit card refinancing,,100%,104xx,NY,< 1 year,0.0
20000.0,2017-08-21,debt_consolidation,,-1%,622xx,IL,< 1 year,0.0
12000.0,2017-08-21,credit_card,,16.18%,917xx,CA,5 years,0.0
20000.0,2017-08-21,major_purchase,,60.33%,981xx,WA,< 1 year,0.0
10000.0,2017-08-21,other,,8.73%,903xx,CA,< 1 year,0.0
3000.0,2017-08-21,Car financing,501.0,9.68%,958xx,CA,< 1 year,0.0
5000.0,2017-08-22,Debt consolidation,,27.42%,060xx,CT,10+ years,0.0
10000.0,2017-08-22,Credit card refinancing,725.0,40.49%,151xx,PA,< 1 year,0.0
10800.0,2017-08-22,Debt consolidation,660.0,24.03%,917xx,CA,< 1 year,0.0
10000.0,2017-08-22,Credit card refinancing,686.0,26.4%,923xx,CA,< 1 year,0.0
30000.0,2017-08-22,debt_consolidation,,-1%,750xx,TX,< 1 year,0.0
31000.0,2017-08-22,debt_consolidation,,-1%,902xx,CA,< 1 year,0.0
20000.0,2017-08-22,Debt consolidation,,21.4%,740xx,OK,10+ years,0.0
30000.0,2017-08-22,Debt consolidation,665.0,4.48%,312xx,GA,< 1 year,0.0
1500.0,2017-08-22,vacation,,0.43%,967xx,HI,5 years,0.0
5000.0,2017-08-22,debt_consolidation,,2.4%,891xx,NV,5 years,0.0
2500.0,2017-08-22,debt_consolidation,,31.45%,971xx,OR,< 1 year,0.0
100000.0,2017-08-23,Business Loan,,-1%,951xx,CA,< 1 year,0.0
5000.0,2017-08-23,debt_consolidation,,29.55%,238xx,VA,< 1 year,0.0
16000.0,2017-08-23,Debt consolidation,,22.31%,271xx,NC,7 years,0.0
1000.0,2017-08-23,Other,610.0,8.47%,325xx,FL,< 1 year,0.0
15000.0,2017-08-23,debt_consolidation,,28.44%,917xx,CA,< 1 year,0.0
1000.0,2017-08-24,Other,643.0,17.22%,761xx,TX,< 1 year,0.0
10000.0,2017-08-24,home_improvement,,23.33%,535xx,WI,< 1 year,0.0
15000.0,2017-08-24,Home buying,657.0,0.69%,604xx,IL,< 1 year,0.0
20000.0,2017-08-24,Credit card refinancing,705.0,75.57%,061xx,CT,< 1 year,0.0
21000.0,2017-08-24,Debt consolidation,610.0,42.23%,275xx,NC,< 1 year,0.0
5000.0,2017-08-24,debt_consolidation,,27.85%,923xx,CA,< 1 year,0.0
4000.0,2017-08-25,Debt consolidation,,100%,230xx,VA,< 1 year,0.0
3000.0,2017-08-25,car,,1.82%,658xx,MO,5 years,0.0
1000.0,2017-08-25,debt_consolidation,,2.69%,237xx,VA,5 years,0.0
6000.0,2017-08-25,Debt consolidation,605.0,9.93%,230xx,VA,< 1 year,0.0
25000.0,2017-08-25,debt_consolidation,,19.92%,216xx,MD,,0.0
10000.0,2017-08-25,debt_consolidation,,22.04%,306xx,GA,< 1 year,0.0
6000.0,2017-08-26,other,,46.81%,600xx,IL,5 years,0.0
10000.0,2017-08-26,debt_consolidation,,30.38%,431xx,OH,< 1 year,0.0
1000.0,2017-08-26,other,,0%,952xx,CA,,0.0
20000.0,2017-08-26,debt_consolidation,,37.77%,622xx,IL,< 1 year,0.0
10000.0,2017-08-26,debt_consolidation,,4.49%,021xx,MA,< 1 year,0.0
5000.0,2017-08-26,Debt consolidation,574.0,64.52%,293xx,SC,< 1 year,0.0
6000.0,2017-08-26,debt_consolidation,,44.02%,327xx,FL,< 1 year,0.0
23650.0,2017-08-27,Car financing,695.0,100%,775xx,TX,< 1 year,0.0
2000.0,2017-08-27,debt_consolidation,,14.14%,462xx,IN,< 1 year,0.0
3000.0,2017-08-27,Vacation,608.0,32.36%,010xx,MA,< 1 year,0.0
5000.0,2017-08-28,Debt consolidation,600.0,24.64%,774xx,TX,< 1 year,0.0
5000.0,2017-08-28,Car financing,,100%,117xx,NY,< 1 year,0.0
35000.0,2017-08-28,debt_consolidation,,48.72%,179xx,PA,5 years,0.0
1000.0,2017-08-28,other,,0.6%,060xx,CT,5 years,0.0
8000.0,2017-08-28,moving,,5.1%,361xx,AL,,0.0
12000.0,2017-08-28,Major purchase,685.0,36.2%,333xx,FL,< 1 year,0.0
10000.0,2017-08-28,other,,17.6%,330xx,FL,< 1 year,0.0
40000.0,2017-08-28,Debt consolidation,644.0,17.63%,334xx,FL,< 1 year,0.0
30000.0,2017-08-28,debt_consolidation,,36.92%,305xx,GA,< 1 year,0.0
2500.0,2017-08-28,Moving and relocation,602.0,12.86%,112xx,NY,< 1 year,0.0
2600.0,2017-08-28,Major purchase,639.0,0.64%,934xx,CA,< 1 year,0.0
8000.0,2017-08-28,debt_consolidation,,21.13%,021xx,HI,< 1 year,0.0
3500.0,2017-08-29,Debt consolidation,594.0,19.42%,328xx,FL,< 1 year,0.0
40000.0,2017-08-29,Home buying,,100%,558xx,MN,< 1 year,0.0
1000.0,2017-08-29,Medical expenses,599.0,22.65%,067xx,CT,< 1 year,0.0
2500.0,2017-08-29,moving,,2.5%,112xx,NY,3 years,0.0
25850.0,2017-08-29,Credit card refinancing,724.0,36.51%,606xx,IL,< 1 year,0.0
10000.0,2017-08-29,Credit card refinancing,692.0,19.3%,544xx,WI,< 1 year,0.0
30000.0,2017-08-29,debt_consolidation,,47.1%,804xx,CO,< 1 year,0.0
1500.0,2017-08-29,other,,20.53%,452xx,OH,< 1 year,0.0
40000.0,2017-08-29,Home buying,604.0,22.81%,606xx,IL,< 1 year,0.0
10000.0,2017-08-29,debt_consolidation,,16.29%,951xx,CA,< 1 year,0.0
1200.0,2017-08-30,credit_card,,50.43%,658xx,MO,5 years,0.0
10000.0,2017-08-30,Debt consolidation,529.0,8.7%,891xx,NV,< 1 year,0.0
5000.0,2017-08-30,Debt consolidation,,100%,907xx,CA,< 1 year,0.0
2100.0,2017-08-30,debt_consolidation,,18.72%,207xx,MD,< 1 year,0.0
12000.0,2017-08-30,Credit card refinancing,727.0,14.97%,800xx,CO,< 1 year,0.0
1000.0,2017-08-30,Debt consolidation,567.0,461.86%,787xx,TX,< 1 year,0.0
20000.0,2017-08-30,other,,7.12%,233xx,VA,< 1 year,0.0
5000.0,2017-08-30,credit_card,,6.81%,322xx,FL,5 years,0.0
10000.0,2017-08-30,debt_consolidation,,15.34%,627xx,IL,< 1 year,0.0
20000.0,2017-08-30,Debt consolidation,632.0,24.53%,606xx,IL,< 1 year,0.0
15000.0,2017-08-30,Debt consolidation,600.0,35.49%,320xx,FL,< 1 year,0.0
10000.0,2017-08-30,Other,607.0,54.5%,181xx,PA,< 1 year,0.0
5000.0,2017-08-30,home_improvement,,13.22%,917xx,CA,5 years,0.0
6500.0,2017-08-31,Car financing,750.0,3.9%,125xx,NY,< 1 year,0.0
40000.0,2017-08-31,Credit card refinancing,653.0,26.89%,327xx,FL,< 1 year,0.0
1500.0,2017-08-31,Other,628.0,39.93%,295xx,SC,< 1 year,0.0
25000.0,2017-08-31,Debt consolidation,711.0,34.8%,017xx,MA,< 1 year,0.0
10000.0,2017-08-31,debt_consolidation,,0%,956xx,CA,5 years,0.0
3000.0,2017-09-01,other,,25.23%,380xx,TN,,0.0
10000.0,2017-09-01,debt_consolidation,,40.16%,304xx,GA,< 1 year,0.0
2400.0,2017-09-01,Major purchase,501.0,487.8%,606xx,IL,< 1 year,0.0
1500.0,2017-09-01,Debt consolidation,645.0,4.36%,329xx,FL,< 1 year,0.0
23000.0,2017-09-01,Debt consolidation,644.0,26.87%,300xx,GA,< 1 year,0.0
15000.0,2017-09-02,Home improvement,846.0,138.15%,173xx,PA,< 1 year,0.0
1000.0,2017-09-02,Other,640.0,0%,770xx,TX,< 1 year,0.0
20000.0,2017-09-02,Debt consolidation,732.0,2.13%,210xx,MD,< 1 year,0.0
10000.0,2017-09-02,Debt consolidation,679.0,54.7%,891xx,NV,< 1 year,0.0
10000.0,2017-09-02,debt_consolidation,,75.99%,891xx,NV,< 1 year,0.0
6000.0,2017-09-02,debt_consolidation,,24.96%,360xx,AL,< 1 year,0.0
1000.0,2017-09-03,Car financing,517.0,102.88%,339xx,FL,< 1 year,0.0
11000.0,2017-09-03,major_purchase,,17.51%,240xx,VA,< 1 year,0.0
10000.0,2017-09-03,Other,643.0,12.69%,906xx,CA,< 1 year,0.0
20000.0,2017-09-03,debt_consolidation,,37.66%,456xx,OH,< 1 year,0.0
30000.0,2017-09-04,Debt consolidation,738.0,31.19%,347xx,FL,< 1 year,0.0
8000.0,2017-09-04,Major purchase,662.0,11.03%,707xx,LA,< 1 year,0.0
40000.0,2017-09-04,Debt consolidation,725.0,43.11%,194xx,PA,7 years,0.0
1500.0,2017-09-04,other,,-1%,301xx,GA,< 1 year,0.0
5000.0,2017-09-04,Other,547.0,482.82%,467xx,IN,< 1 year,0.0
15000.0,2017-09-04,debt_consolidation,,16.3%,015xx,MA,< 1 year,0.0
30000.0,2017-09-04,debt_consolidation,,20.7%,770xx,TX,< 1 year,0.0
10000.0,2017-09-05,Debt consolidation,636.0,12.51%,061xx,CT,< 1 year,0.0
5000.0,2017-09-05,Other,637.0,0.45%,802xx,CO,< 1 year,0.0
18000.0,2017-09-05,Debt consolidation,740.0,16.73%,961xx,CA,< 1 year,0.0
3500.0,2017-09-05,Debt consolidation,,100%,731xx,OK,< 1 year,0.0
15000.0,2017-09-05,Debt consolidation,681.0,38.8%,997xx,AK,< 1 year,0.0
10000.0,2017-09-05,other,,16.72%,786xx,TX,< 1 year,0.0
5000.0,2017-09-05,Debt consolidation,618.0,30.84%,370xx,TN,,0.0
31500.0,2017-09-05,Debt consolidation,659.0,47.3%,985xx,WA,< 1 year,0.0
1700.0,2017-09-05,Vacation,617.0,32%,908xx,CA,< 1 year,0.0
9000.0,2017-09-05,other,,26.67%,787xx,TX,< 1 year,0.0
1350.0,2017-09-05,Medical expenses,688.0,17.06%,761xx,TX,< 1 year,0.0
7500.0,2017-09-05,Debt consolidation,611.0,21.79%,010xx,MA,< 1 year,0.0
10000.0,2017-09-05,credit_card,,12.11%,105xx,NY,5 years,0.0
5000.0,2017-09-05,Debt consolidation,603.0,33.25%,945xx,CA,< 1 year,0.0
2000.0,2017-09-06,Credit card refinancing,587.0,20.43%,196xx,PA,< 1 year,0.0
1000.0,2017-09-06,Debt consolidation,543.0,3.12%,751xx,TX,< 1 year,0.0
5400.0,2017-09-06,Home buying,590.0,15.58%,740xx,OK,< 1 year,0.0
10000.0,2017-09-06,Debt consolidation,648.0,39.33%,958xx,CA,< 1 year,0.0
8000.0,2017-09-06,debt_consolidation,,3.68%,452xx,OH,< 1 year,0.0
5000.0,2017-09-06,Major purchase,573.0,29.24%,280xx,NC,< 1 year,0.0
5000.0,2017-09-06,Car financing,658.0,38.18%,967xx,HI,3 years,2.0
25000.0,2017-09-07,Debt consolidation,607.0,22.45%,103xx,NY,< 1 year,0.0
40000.0,2017-09-07,Credit card refinancing,572.0,46.05%,023xx,MA,< 1 year,0.0
40000.0,2017-09-07,Business Loan,,-1%,402xx,KY,< 1 year,0.0
3500.0,2017-09-07,other,,0%,103xx,NY,,0.0
11000.0,2017-09-07,credit_card,,60.27%,757xx,TX,,0.0
10000.0,2017-09-07,Debt consolidation,638.0,46.1%,890xx,NV,< 1 year,0.0
10000.0,2017-09-07,Debt consolidation,,9.82%,018xx,MA,,0.0
35325.0,2017-09-07,debt_consolidation,,10.37%,801xx,CO,< 1 year,0.0
10000.0,2017-09-07,debt_consolidation,,35.26%,235xx,VA,< 1 year,0.0
5000.0,2017-09-07,Credit card refinancing,501.0,8.73%,850xx,AZ,< 1 year,0.0
40000.0,2017-09-08,Debt consolidation,,22.4%,685xx,NE,10+ years,0.0
3000.0,2017-09-08,Debt consolidation,596.0,34.8%,410xx,KY,< 1 year,0.0
20000.0,2017-09-08,Debt consolidation,662.0,34.9%,300xx,GA,< 1 year,0.0
10000.0,2017-09-08,other,,47.24%,294xx,SC,< 1 year,0.0
15000.0,2017-09-08,credit_card,,41.34%,386xx,MS,5 years,0.0
10000.0,2017-09-08,Business,,100%,436xx,CA,< 1 year,0.0
10000.0,2017-09-08,other,,2.16%,934xx,CA,< 1 year,0.0
20000.0,2017-09-08,Debt consolidation,634.0,12.16%,726xx,AR,< 1 year,0.0
30000.0,2017-09-08,debt_consolidation,,-1%,297xx,SC,< 1 year,0.0
2500.0,2017-09-08,debt_consolidation,,19.71%,952xx,CA,< 1 year,0.0
10000.0,2017-09-09,debt_consolidation,,23.45%,900xx,CA,< 1 year,0.0
25000.0,2017-09-09,debt_consolidation,,12.43%,236xx,VA,< 1 year,0.0
2500.0,2017-09-09,other,,49.89%,493xx,MI,5 years,0.0
1000.0,2017-09-09,other,,17.94%,626xx,IL,< 1 year,0.0
15000.0,2017-09-09,Debt consolidation,778.0,42.29%,922xx,CA,< 1 year,0.0
1000.0,2017-09-09,Debt consolidation,598.0,40.68%,925xx,CA,< 1 year,0.0
2000.0,2017-09-09,home_improvement,,15.4%,906xx,CA,,0.0
10000.0,2017-09-10,debt_consolidation,,-1%,275xx,NC,< 1 year,0.0
18000.0,2017-09-10,debt_consolidation,,-1%,463xx,IN,< 1 year,0.0
2650.0,2017-09-10,Major purchase,600.0,0.55%,330xx,FL,< 1 year,0.0
2000.0,2017-09-10,debt_consolidation,,9.81%,490xx,MI,< 1 year,0.0
6500.0,2017-09-10,debt_consolidation,,29%,922xx,CA,< 1 year,0.0
25000.0,2017-09-11,Debt consolidation,627.0,21.81%,975xx,OR,< 1 year,0.0
30000.0,2017-09-11,Debt consolidation,564.0,40.99%,236xx,VA,< 1 year,0.0
5000.0,2017-09-11,Vacation,596.0,13.65%,116xx,NY,< 1 year,0.0
30000.0,2017-09-11,debt_consolidation,,41.49%,800xx,CO,< 1 year,0.0
25000.0,2017-09-11,Credit card refinancing,645.0,37.1%,745xx,OK,< 1 year,0.0
12000.0,2017-09-11,debt_consolidation,,20.12%,431xx,OH,< 1 year,0.0
3000.0,2017-09-11,Debt consolidation,546.0,29.84%,935xx,CA,< 1 year,0.0
18000.0,2017-09-11,debt_consolidation,,25.89%,826xx,WY,< 1 year,0.0
20000.0,2017-09-11,Debt consolidation,616.0,4.11%,838xx,ID,< 1 year,0.0
7500.0,2017-09-11,Debt consolidation,571.0,27.24%,080xx,NJ,< 1 year,0.0
1500.0,2017-09-11,other,,1.91%,152xx,PA,,0.0
10000.0,2017-09-12,debt_consolidation,,24.51%,707xx,LA,< 1 year,0.0
5000.0,2017-09-12,Medical expenses,628.0,36.93%,678xx,KS,< 1 year,0.0
3000.0,2017-09-12,other,,11.65%,441xx,OH,,0.0
1000.0,2017-09-12,other,,18.28%,280xx,NC,< 1 year,0.0
1000.0,2017-09-12,Other,681.0,45.87%,750xx,TX,< 1 year,0.0
8000.0,2017-09-12,Business Loan,,-1%,914xx,CA,< 1 year,0.0
40000.0,2017-09-12,debt_consolidation,,24.41%,273xx,NC,< 1 year,0.0
15000.0,2017-09-13,moving,,23.52%,928xx,CA,< 1 year,0.0
5000.0,2017-09-13,Debt consolidation,501.0,97.93%,752xx,TX,< 1 year,0.0
30000.0,2017-09-13,Debt consolidation,591.0,34.69%,283xx,NC,< 1 year,0.0
5000.0,2017-09-13,Moving and relocation,643.0,7.5%,970xx,OR,< 1 year,0.0
9000.0,2017-09-13,home_improvement,,57%,774xx,TX,< 1 year,0.0
35000.0,2017-09-13,credit_card,,38.03%,029xx,RI,< 1 year,0.0
40000.0,2017-09-13,Debt consolidation,563.0,56.45%,970xx,OR,< 1 year,0.0
2000.0,2017-09-13,other,,27.4%,952xx,CA,< 1 year,0.0
8000.0,2017-09-13,Medical expenses,645.0,19.19%,939xx,CA,< 1 year,0.0
5000.0,2017-09-13,Car financing,515.0,26.92%,132xx,NY,< 1 year,0.0
20000.0,2017-09-14,debt_consolidation,,7.25%,723xx,AR,,0.0
22000.0,2017-09-14,debt_consolidation,,8.57%,395xx,MS,5 years,0.0
8000.0,2017-09-14,Debt consolidation,605.0,27.29%,190xx,PA,< 1 year,0.0
35000.0,2017-09-14,car,,26.53%,760xx,TX,5 years,0.0
1000.0,2017-09-14,Other,,100%,232xx,VA,< 1 year,0.0
10000.0,2017-09-14,Debt consolidation,673.0,37.27%,640xx,MI,< 1 year,0.0
5000.0,2017-09-14,Home improvement,640.0,5.82%,104xx,NY,< 1 year,0.0
40000.0,2017-09-14,Other,586.0,20.88%,347xx,FL,< 1 year,0.0
20000.0,2017-09-14,Debt consolidation,671.0,27.21%,382xx,TN,< 1 year,0.0
35000.0,2017-09-14,Debt consolidation,651.0,31.41%,748xx,OK,2 years,0.0
20000.0,2017-09-14,debt_consolidation,,37.95%,210xx,MD,5 years,0.0
8000.0,2017-09-14,major_purchase,,2%,330xx,FL,< 1 year,0.0
35000.0,2017-09-14,debt_consolidation,,38.5%,411xx,KY,5 years,0.0
8000.0,2017-09-14,Debt consolidation,630.0,31.88%,633xx,MO,< 1 year,0.0
2000.0,2017-09-14,debt_consolidation,,1.1%,939xx,CA,,0.0
20000.0,2017-09-15,Debt consolidation,639.0,24.88%,452xx,OH,< 1 year,0.0
15000.0,2017-09-15,Debt consolidation,594.0,8.15%,891xx,NV,< 1 year,0.0
40000.0,2017-09-15,Debt consolidation,756.0,2.21%,900xx,CA,< 1 year,0.0
1000.0,2017-09-15,Other,501.0,24.5%,381xx,TN,< 1 year,0.0
15000.0,2017-09-15,Debt consolidation,615.0,42.51%,019xx,MA,< 1 year,0.0
15000.0,2017-09-15,Car financing,689.0,23.34%,027xx,MA,< 1 year,0.0
20000.0,2017-09-16,Debt consolidation,649.0,25.13%,455xx,OH,< 1 year,0.0
1000.0,2017-09-16,Debt consolidation,617.0,13.83%,787xx,TX,< 1 year,0.0
5000.0,2017-09-16,Credit card refinancing,765.0,0.51%,841xx,UT,< 1 year,0.0
10000.0,2017-09-17,Debt consolidation,598.0,30.14%,351xx,AL,< 1 year,0.0
15000.0,2017-09-17,Credit card refinancing,,100%,100xx,NY,< 1 year,0.0
10000.0,2017-09-17,debt_consolidation,,16.68%,782xx,TX,< 1 year,0.0
1500.0,2017-09-18,debt_consolidation,632.0,6.07%,566xx,MN,5 years,0.0
4000.0,2017-09-18,Car financing,,100%,328xx,FL,< 1 year,0.0
35000.0,2017-09-18,Major purchase,,0.62%,320xx,FL,10+ years,0.0
40000.0,2017-09-18,Debt consolidation,602.0,27.8%,476xx,IN,< 1 year,0.0
18000.0,2017-09-18,Credit card refinancing,563.0,14.61%,324xx,FL,< 1 year,0.0
35000.0,2017-09-18,small_business,,2.9%,142xx,NY,5 years,0.0
1500.0,2017-09-18,other,,2.09%,411xx,KY,5 years,0.0
10000.0,2017-09-18,Debt consolidation,645.0,28.89%,707xx,LA,< 1 year,0.0
1000.0,2017-09-18,Medical expenses,628.0,17.65%,120xx,NY,< 1 year,0.0
7500.0,2017-09-19,Medical expenses,550.0,20.12%,491xx,MI,< 1 year,0.0
7000.0,2017-09-19,Debt consolidation,672.0,41.49%,227xx,VA,< 1 year,0.0
14000.0,2017-09-19,debt_consolidation,,5.68%,430xx,OH,< 1 year,0.0
30000.0,2017-09-19,major_purchase,,40.22%,100xx,NY,5 years,0.0
25000.0,2017-09-19,debt_consolidation,,14.39%,787xx,TX,5 years,0.0
20000.0,2017-09-19,Debt consolidation,645.0,13.12%,730xx,OK,< 1 year,0.0
5000.0,2017-09-19,Debt consolidation,695.0,19.6%,212xx,MD,< 1 year,0.0
25000.0,2017-09-19,Debt consolidation,624.0,13.54%,450xx,OH,< 1 year,0.0
3000.0,2017-09-19,other,,26.15%,284xx,NC,1 year,0.0
1500.0,2017-09-20,Debt consolidation,631.0,83.68%,295xx,SC,< 1 year,0.0
4000.0,2017-09-20,Debt consolidation,832.0,19.28%,448xx,OH,10+ years,0.0
3000.0,2017-09-20,debt_consolidation,,25.35%,327xx,FL,< 1 year,0.0
15000.0,2017-09-20,Debt consolidation,653.0,29.7%,217xx,MD,3 years,0.0
1000.0,2017-09-20,Debt consolidation,600.0,79.14%,387xx,MS,< 1 year,0.0
20000.0,2017-09-20,Business,598.0,15.74%,076xx,NJ,< 1 year,0.0
1500.0,2017-09-20,Other,618.0,20.58%,358xx,AL,< 1 year,0.0
30000.0,2017-09-20,Debt consolidation,711.0,33.75%,469xx,IN,< 1 year,0.0
40000.0,2017-09-20,Debt consolidation,644.0,48.32%,766xx,TX,< 1 year,0.0
40000.0,2017-09-20,Debt consolidation,662.0,18.43%,680xx,NE,< 1 year,0.0
2500.0,2017-09-20,other,,15.73%,327xx,FL,5 years,0.0
3500.0,2017-09-20,Other,662.0,24.02%,302xx,GA,< 1 year,0.0
9000.0,2017-09-20,Debt consolidation,,100%,446xx,OH,< 1 year,0.0
20625.0,2017-09-20,Car financing,510.0,100%,362xx,AL,< 1 year,0.0
30000.0,2017-09-20,Business Loan,,-1%,381xx,TN,< 1 year,0.0
3500.0,2017-09-20,Debt consolidation,681.0,29.44%,303xx,GA,< 1 year,0.0
8000.0,2017-09-21,debt_consolidation,,13.36%,010xx,MA,< 1 year,0.0
40000.0,2017-09-21,Car financing,585.0,0.84%,705xx,LA,< 1 year,0.0
2500.0,2017-09-21,debt_consolidation,534.0,0%,021xx,MA,,0.0
13975.0,2017-09-21,Car financing,720.0,100%,917xx,CA,< 1 year,0.0
1000.0,2017-09-21,Other,615.0,3.05%,770xx,TX,< 1 year,0.0
16000.0,2017-09-22,Car financing,625.0,31.58%,601xx,IL,< 1 year,0.0
6000.0,2017-09-22,Debt consolidation,662.0,21.2%,179xx,PA,< 1 year,0.0
10000.0,2017-09-22,Other,510.0,1.15%,548xx,WI,< 1 year,0.0
5000.0,2017-09-22,other,,12.96%,328xx,FL,5 years,0.0
5000.0,2017-09-22,debt_consolidation,,0%,903xx,CA,< 1 year,0.0
5675.0,2017-09-22,Debt consolidation,689.0,12.15%,350xx,AL,< 1 year,0.0
6000.0,2017-09-23,Debt consolidation,564.0,30.78%,840xx,UT,< 1 year,0.0
40000.0,2017-09-23,Debt consolidation,681.0,45.82%,125xx,MO,< 1 year,0.0
3000.0,2017-09-23,Debt consolidation,556.0,8.06%,077xx,NJ,< 1 year,0.0
5000.0,2017-09-23,debt_consolidation,,20.42%,891xx,NV,< 1 year,0.0
8000.0,2017-09-23,Medical expenses,736.0,29.69%,293xx,SC,< 1 year,0.0
1500.0,2017-09-24,Other,587.0,39.87%,030xx,NH,< 1 year,0.0
10000.0,2017-09-24,debt_consolidation,,-1%,217xx,MD,< 1 year,0.0
15000.0,2017-09-24,Debt consolidation,578.0,47.8%,624xx,IL,< 1 year,0.0
3950.0,2017-09-24,debt_consolidation,,26.47%,463xx,IN,< 1 year,0.0
2000.0,2017-09-24,Other,524.0,0.6%,291xx,SC,< 1 year,0.0
4000.0,2017-09-24,Debt consolidation,666.0,3.99%,207xx,MD,< 1 year,0.0
10000.0,2017-09-24,other,,0.99%,207xx,MD,< 1 year,0.0
10000.0,2017-09-24,debt_consolidation,,-1%,917xx,CA,< 1 year,0.0
20000.0,2017-09-25,debt_consolidation,,17.04%,175xx,PA,< 1 year,0.0
20000.0,2017-09-25,Debt consolidation,651.0,41.3%,278xx,NC,< 1 year,0.0
20000.0,2017-09-25,Debt consolidation,666.0,1.17%,175xx,PA,< 1 year,0.0
2000.0,2017-09-25,Other,629.0,8.78%,337xx,FL,< 1 year,0.0
5000.0,2017-09-25,Debt consolidation,631.0,0%,060xx,CT,< 1 year,0.0
35000.0,2017-09-25,Other,544.0,26.31%,945xx,CA,< 1 year,0.0
15000.0,2017-09-25,Debt consolidation,579.0,67.36%,499xx,MI,< 1 year,0.0
20000.0,2017-09-25,Business,641.0,17.7%,390xx,MS,< 1 year,0.0
3000.0,2017-09-26,Debt consolidation,637.0,10.56%,286xx,NC,< 1 year,0.0
4000.0,2017-09-26,major_purchase,,38.7%,208xx,MD,5 years,0.0
15000.0,2017-09-26,Credit card refinancing,515.0,59.87%,025xx,MA,< 1 year,0.0
20000.0,2017-09-26,other,,26.92%,088xx,NJ,5 years,0.0
12000.0,2017-09-26,Major purchase,833.0,4.69%,295xx,SC,< 1 year,0.0
35000.0,2017-09-26,Debt consolidation,720.0,44.43%,112xx,NY,< 1 year,0.0
10000.0,2017-09-26,other,,69.81%,770xx,TX,,0.0
1000.0,2017-09-26,Other,636.0,100%,087xx,NJ,< 1 year,0.0
10000.0,2017-09-26,Debt consolidation,554.0,31.3%,608xx,IL,< 1 year,0.0
5000.0,2017-09-26,Debt consolidation,638.0,7.94%,088xx,NJ,< 1 year,0.0
3500.0,2017-09-26,Debt consolidation,628.0,28.2%,427xx,KY,< 1 year,0.0
10000.0,2017-09-26,Home buying,653.0,67.62%,381xx,TN,< 1 year,0.0
1000.0,2017-09-26,other,,0.34%,103xx,NY,2 years,0.0
5000.0,2017-09-26,Home improvement,700.0,11%,914xx,CA,< 1 year,0.0
20000.0,2017-09-26,Debt consolidation,689.0,52.81%,482xx,MI,< 1 year,0.0
9625.0,2017-09-26,debt_consolidation,,9999%,959xx,CA,< 1 year,0.0
8700.0,2017-09-26,debt_consolidation,,32.69%,650xx,MO,< 1 year,0.0
30000.0,2017-09-26,Home improvement,698.0,0.46%,212xx,MD,< 1 year,0.0
35000.0,2017-09-26,Other,853.0,10.58%,920xx,CA,< 1 year,0.0
2000.0,2017-09-27,Moving and relocation,627.0,3.21%,383xx,TN,< 1 year,0.0
40000.0,2017-09-27,Moving and relocation,669.0,16.72%,752xx,TX,< 1 year,0.0
8000.0,2017-09-27,Debt consolidation,622.0,21.12%,432xx,OH,< 1 year,0.0
5000.0,2017-09-27,debt_consolidation,,-1%,752xx,TX,< 1 year,0.0
10000.0,2017-09-27,debt_consolidation,,-1%,921xx,CA,< 1 year,0.0
2000.0,2017-09-27,Vacation,573.0,1.53%,360xx,AL,< 1 year,0.0
10000.0,2017-09-27,Debt consolidation,617.0,23.04%,604xx,IL,< 1 year,0.0
4000.0,2017-09-28,Debt consolidation,616.0,32.06%,531xx,WI,< 1 year,0.0
5000.0,2017-09-28,Debt consolidation,581.0,19.92%,541xx,WI,< 1 year,0.0
25000.0,2017-09-28,Debt consolidation,,100%,308xx,GA,< 1 year,0.0
2500.0,2017-09-28,other,,12.39%,295xx,SC,6 years,0.0
5000.0,2017-09-28,Credit card refinancing,584.0,27.54%,032xx,NH,< 1 year,0.0
20000.0,2017-09-28,debt_consolidation,,17.83%,142xx,NY,,0.0
20000.0,2017-09-28,debt_consolidation,,3.04%,922xx,CA,,0.0
40000.0,2017-09-28,debt_consolidation,,76.32%,283xx,NC,< 1 year,0.0
8000.0,2017-09-28,other,,16.84%,272xx,NC,5 years,0.0
15000.0,2017-09-28,Credit card refinancing,,0%,328xx,FL,< 1 year,0.0
6300.0,2017-09-28,Debt consolidation,659.0,19.34%,132xx,NY,< 1 year,0.0
4000.0,2017-09-28,other,,4.5%,852xx,AZ,5 years,0.0
15000.0,2017-09-29,debt_consolidation,,-1%,362xx,AL,5 years,0.0
20000.0,2017-09-29,Business,599.0,10.02%,291xx,SC,< 1 year,0.0
2000.0,2017-09-30,other,,23.41%,271xx,NC,< 1 year,0.0
25000.0,2017-09-30,Other,729.0,20.21%,894xx,NV,,0.0
15000.0,2016-01-01,debt_consolidation,,15.53%,840xx,UT,< 1 year,0.0
10000.0,2016-01-01,debt_consolidation,,52.05%,591xx,MT,< 1 year,0.0
6000.0,2016-01-01,debt_consolidation,,0.26%,206xx,MD,< 1 year,0.0
34000.0,2016-01-02,debt_consolidation,,43.68%,325xx,FL,5 years,0.0
3000.0,2016-01-02,credit_card,,9.72%,114xx,NY,< 1 year,0.0
15000.0,2016-01-03,home_improvement,621.0,1.06%,891xx,NV,< 1 year,0.0
9000.0,2016-01-03,Debt consolidation,,15.39%,319xx,GA,10+ years,0.0
35000.0,2016-01-04,debt_consolidation,,92.2%,950xx,CA,< 1 year,0.0
3000.0,2016-01-04,other,,28.87%,785xx,TX,< 1 year,0.0
5000.0,2016-01-04,debt_consolidation,,6.99%,331xx,FL,< 1 year,0.0
10000.0,2016-01-04,debt_consolidation,,23.82%,809xx,CO,5 years,0.0
20000.0,2016-01-04,Business Loan,,-1%,860xx,AZ,< 1 year,2.0
35000.0,2016-01-05,medical,,16.54%,750xx,TX,< 1 year,0.0
35000.0,2016-01-05,debt_consolidation,,19.21%,060xx,CT,< 1 year,0.0
20000.0,2016-01-05,debt_consolidation,,61.67%,604xx,IL,< 1 year,0.0
1000.0,2016-01-05,moving,586.0,3.19%,191xx,PA,< 1 year,0.0
45000.0,2016-01-05,Business Loan,,-1%,773xx,TX,< 1 year,0.0
1000.0,2016-01-06,debt_consolidation,,17.31%,121xx,NY,< 1 year,0.0
4000.0,2016-01-06,medical,660.0,77.1%,371xx,TN,< 1 year,0.0
20000.0,2016-01-06,debt_consolidation,,10.69%,705xx,LA,5 years,0.0
5000.0,2016-01-06,debt_consolidation,,43.48%,300xx,GA,< 1 year,0.0
1000.0,2016-01-07,debt_consolidation,542.0,4.13%,946xx,CA,< 1 year,0.0
1000.0,2016-01-07,debt_consolidation,,1.88%,902xx,CA,< 1 year,0.0
30000.0,2016-01-07,debt_consolidation,,23.73%,827xx,WY,< 1 year,0.0
10000.0,2016-01-08,debt_consolidation,,1%,765xx,TX,< 1 year,0.0
7500.0,2016-01-08,Debt consolidation,,11.87%,808xx,CO,,0.0
6000.0,2016-01-08,debt_consolidation,,33.2%,957xx,CA,< 1 year,0.0
20000.0,2016-01-08,major_purchase,,0%,600xx,IL,< 1 year,0.0
6000.0,2016-01-09,debt_consolidation,,7.5%,073xx,NJ,< 1 year,0.0
35000.0,2016-01-09,debt_consolidation,,24.53%,928xx,CA,< 1 year,0.0
12000.0,2016-01-10,debt_consolidation,,100%,070xx,NJ,< 1 year,0.0
20000.0,2016-01-10,debt_consolidation,,1.05%,019xx,MA,< 1 year,0.0
7500.0,2016-01-11,Credit card refinancing,,35.64%,142xx,NY,,2.0
7000.0,2016-01-12,Debt consolidation,,6.12%,600xx,IL,< 1 year,2.0
35000.0,2016-01-12,debt_consolidation,,72.33%,064xx,CT,< 1 year,0.0
18000.0,2016-01-12,Debt consolidation,,7.26%,070xx,NJ,10+ years,0.0
1000.0,2016-01-12,other,,1.31%,370xx,TN,< 1 year,0.0
5000.0,2016-01-13,debt_consolidation,,9.16%,346xx,FL,< 1 year,0.0
9000.0,2016-01-13,Medical expenses,,11.43%,337xx,FL,,0.0
25000.0,2016-01-13,Business Loan,,-1%,949xx,CA,< 1 year,2.0
12000.0,2016-01-13,debt_consolidation,,22.17%,926xx,CA,< 1 year,0.0
5000.0,2016-01-13,debt_consolidation,,8.38%,181xx,PA,< 1 year,0.0
2000.0,2016-01-14,home_improvement,661.0,12.95%,967xx,HI,2 years,0.0
20000.0,2016-01-14,debt_consolidation,,21.27%,320xx,FL,< 1 year,0.0
35000.0,2016-01-14,Credit card refinancing,,42.1%,023xx,MA,,0.0
20000.0,2016-01-14,debt_consolidation,,16.23%,810xx,CO,< 1 year,0.0
20000.0,2016-01-14,Debt consolidation,,39.55%,302xx,GA,1 year,0.0
8000.0,2016-01-14,other,,1.15%,722xx,AR,5 years,0.0
15000.0,2016-01-14,debt_consolidation,,24.32%,463xx,IN,< 1 year,0.0
1000.0,2016-01-14,car,,8.29%,775xx,TX,< 1 year,0.0
2500.0,2016-01-14,debt_consolidation,,21.61%,945xx,CA,< 1 year,0.0
20000.0,2016-01-15,debt_consolidation,,24.45%,104xx,NY,5 years,0.0
7000.0,2016-01-16,Debt consolidation,,19.01%,078xx,NJ,10+ years,2.0
5000.0,2016-01-16,other,,55.2%,790xx,TX,< 1 year,0.0
20000.0,2016-01-16,house,,7.37%,331xx,FL,5 years,0.0
4500.0,2016-01-16,debt_consolidation,,15.88%,298xx,SC,< 1 year,0.0
30000.0,2016-01-17,other,,23.34%,800xx,CO,5 years,0.0
5000.0,2016-01-17,other,,21.34%,223xx,VA,5 years,0.0
20000.0,2016-01-18,debt_consolidation,,15.22%,069xx,CT,< 1 year,0.0
30000.0,2016-01-18,debt_consolidation,,13.78%,296xx,SC,< 1 year,0.0
8000.0,2016-01-18,debt_consolidation,,28.03%,871xx,NM,,0.0
17000.0,2016-01-18,Credit card refinancing,633.0,25.56%,917xx,CA,5 years,0.0
5000.0,2016-01-18,other,591.0,7.67%,983xx,WA,< 1 year,0.0
35000.0,2016-01-18,debt_consolidation,,20.72%,741xx,OK,5 years,0.0
1500.0,2016-01-18,other,,16.05%,968xx,HI,< 1 year,0.0
5000.0,2016-01-19,other,,6.65%,114xx,NY,< 1 year,0.0
12000.0,2016-01-19,credit_card,,10.47%,153xx,PA,5 years,0.0
2500.0,2016-01-19,debt_consolidation,,11.2%,985xx,WA,5 years,0.0
4000.0,2016-01-19,debt_consolidation,,24.59%,170xx,PA,< 1 year,0.0
10000.0,2016-01-19,debt_consolidation,,15.91%,306xx,GA,< 1 year,0.0
10000.0,2016-01-20,credit_card,,34.51%,805xx,CO,< 1 year,0.0
150000.0,2016-01-21,Business Loan,,-1%,386xx,MS,< 1 year,0.0
10000.0,2016-01-21,Debt consolidation,,37.12%,726xx,AR,6 years,0.0
25000.0,2016-01-21,debt_consolidation,,10.82%,773xx,TX,< 1 year,0.0
27000.0,2016-01-21,credit_card,,31.15%,157xx,PA,5 years,0.0
35000.0,2016-01-21,home_improvement,,6.53%,026xx,MA,5 years,0.0
25000.0,2016-01-22,house,,16.69%,440xx,OH,5 years,0.0
5000.0,2016-01-23,debt_consolidation,699.0,42.44%,446xx,OH,< 1 year,0.0
5000.0,2016-01-23,Debt consolidation,,1.23%,066xx,CT,5 years,0.0
5000.0,2016-01-23,credit_card,,10.81%,441xx,OH,< 1 year,0.0
1000.0,2016-01-23,other,,1.94%,801xx,CO,5 years,0.0
25000.0,2016-01-24,home_improvement,654.0,27.86%,342xx,FL,< 1 year,0.0
10000.0,2016-01-24,car,,2.79%,809xx,CO,5 years,0.0
13000.0,2016-01-24,car,,30.3%,472xx,IN,5 years,0.0
90000.0,2016-01-25,Business Loan,,-1%,871xx,NM,< 1 year,0.0
16000.0,2016-01-25,home_improvement,,21.23%,027xx,MA,< 1 year,0.0
25000.0,2016-01-25,credit_card,591.0,16.05%,462xx,IN,< 1 year,0.0
35000.0,2016-01-25,credit_card,697.0,49.81%,143xx,NY,< 1 year,0.0
16000.0,2016-01-25,debt_consolidation,629.0,53.8%,967xx,HI,< 1 year,0.0
2000.0,2016-01-25,other,,2.93%,988xx,WA,5 years,0.0
5000.0,2016-01-26,home_improvement,,14.58%,534xx,WI,< 1 year,0.0
15000.0,2016-01-26,debt_consolidation,,20.98%,301xx,GA,< 1 year,0.0
35000.0,2016-01-26,debt_consolidation,,36.66%,761xx,TX,< 1 year,0.0
35000.0,2016-01-26,other,,16.23%,487xx,MI,< 1 year,0.0
6000.0,2016-01-26,small_business,,13.83%,917xx,CA,< 1 year,0.0
2000.0,2016-01-26,debt_consolidation,,4.62%,070xx,NJ,< 1 year,0.0
35000.0,2016-01-27,debt_consolidation,,838.83%,310xx,GA,< 1 year,0.0
20000.0,2016-01-27,Business Loan,,-1%,785xx,TX,< 1 year,0.0
15000.0,2016-01-27,debt_consolidation,,41.27%,923xx,CA,< 1 year,0.0
2000.0,2016-01-27,debt_consolidation,,2.68%,857xx,AZ,< 1 year,0.0
8700.0,2016-01-27,credit_card,,2.99%,021xx,MA,5 years,0.0
2500.0,2016-01-27,car,,0.41%,988xx,WA,< 1 year,0.0
13500.0,2016-01-27,debt_consolidation,,43.23%,333xx,FL,< 1 year,0.0
3500.0,2016-01-28,debt_consolidation,,10.49%,112xx,NY,< 1 year,0.0
10000.0,2016-01-28,debt_consolidation,,13.44%,983xx,WA,< 1 year,0.0
20000.0,2016-01-29,Debt consolidation,,10.45%,371xx,TN,2 years,0.0
15000.0,2016-01-29,debt_consolidation,666.0,47.28%,967xx,HI,< 1 year,0.0
25000.0,2016-01-30,Credit card refinancing,,18.81%,234xx,VA,4 years,0.0
25000.0,2016-01-30,credit_card,,38.01%,463xx,IN,< 1 year,0.0
6000.0,2016-01-30,credit_card,,55.86%,811xx,CO,< 1 year,0.0
35000.0,2016-01-31,credit_card,,41.67%,530xx,WI,< 1 year,0.0
3000.0,2016-01-31,major_purchase,,5.59%,331xx,FL,< 1 year,0.0
20000.0,2016-02-01,other,,38.5%,242xx,VA,< 1 year,0.0
12000.0,2016-02-01,debt_consolidation,,9.68%,544xx,WI,5 years,0.0
4000.0,2016-02-01,small_business,,7.31%,710xx,LA,< 1 year,0.0
35000.0,2016-02-01,debt_consolidation,,18.9%,871xx,NM,< 1 year,0.0
25000.0,2016-02-01,debt_consolidation,,11.8%,491xx,MI,< 1 year,0.0
35000.0,2016-02-01,house,,3.96%,224xx,VA,< 1 year,0.0
1500.0,2016-02-01,other,,25.21%,983xx,WA,< 1 year,0.0
5000.0,2016-02-01,other,,28.69%,666xx,KS,< 1 year,0.0
5000.0,2016-02-02,debt_consolidation,,32.33%,633xx,MO,< 1 year,0.0
5000.0,2016-02-02,debt_consolidation,,7.89%,280xx,NC,< 1 year,0.0
15000.0,2016-02-02,debt_consolidation,,12.96%,330xx,FL,< 1 year,0.0
25000.0,2016-02-02,home_improvement,,26.24%,924xx,CA,< 1 year,0.0
50000.0,2016-02-03,Business Loan,,-1%,951xx,CA,< 1 year,0.0
10000.0,2016-02-03,debt_consolidation,,26.55%,296xx,SC,< 1 year,0.0
20000.0,2016-02-03,credit_card,,17.65%,734xx,OK,5 years,0.0
10000.0,2016-02-03,debt_consolidation,,11.85%,128xx,NY,< 1 year,0.0
10000.0,2016-02-04,debt_consolidation,,15.04%,903xx,CA,5 years,0.0
35000.0,2016-02-04,credit_card,,50.75%,301xx,GA,5 years,0.0
25000.0,2016-02-05,car,,0%,113xx,NY,5 years,0.0
24000.0,2016-02-06,credit_card,,12.83%,814xx,CO,5 years,0.0
10000.0,2016-02-06,debt_consolidation,,16.43%,891xx,NV,< 1 year,0.0
3000.0,2016-02-07,car,,18.46%,280xx,NC,,0.0
5000.0,2016-02-08,debt_consolidation,,9.81%,432xx,OH,< 1 year,0.0
2000.0,2016-02-08,debt_consolidation,,3.12%,133xx,NY,< 1 year,0.0
20000.0,2016-02-08,car,,7.49%,685xx,NE,< 1 year,0.0
35000.0,2016-02-09,debt_consolidation,,48%,370xx,TN,< 1 year,0.0
2500.0,2016-02-09,debt_consolidation,,33.22%,891xx,NV,< 1 year,0.0
3000.0,2016-02-09,medical,,55.35%,238xx,VA,< 1 year,0.0
10000.0,2016-02-09,Home improvement,,17.13%,800xx,CO,9 years,0.0
5000.0,2016-02-10,car,,-1%,748xx,OK,,0.0
10000.0,2016-02-10,other,,8.94%,107xx,NY,< 1 year,0.0
10000.0,2016-02-10,Other,,27.28%,950xx,CA,< 1 year,0.0
15000.0,2016-02-10,debt_consolidation,689.0,61.97%,800xx,CO,< 1 year,0.0
25000.0,2016-02-10,car,,3.32%,330xx,FL,5 years,0.0
10000.0,2016-02-10,debt_consolidation,,21.16%,302xx,GA,< 1 year,0.0
25000.0,2016-02-10,debt_consolidation,,0.83%,341xx,FL,,0.0
6000.0,2016-02-10,debt_consolidation,609.0,17.89%,032xx,NH,< 1 year,0.0
10000.0,2016-02-10,debt_consolidation,,47.17%,891xx,NV,< 1 year,0.0
10000.0,2016-02-11,credit_card,588.0,28.06%,681xx,NE,< 1 year,0.0
35000.0,2016-02-11,debt_consolidation,,19.76%,785xx,TX,< 1 year,0.0
35000.0,2016-02-12,debt_consolidation,676.0,82.83%,301xx,GA,< 1 year,0.0
2500.0,2016-02-12,moving,,2.76%,070xx,NJ,< 1 year,0.0
1000.0,2016-02-12,other,,-1%,980xx,WA,5 years,0.0
2500.0,2016-02-12,moving,,1.27%,240xx,VA,< 1 year,0.0
13000.0,2016-02-13,credit_card,,26.61%,852xx,AZ,5 years,0.0
1000.0,2016-02-13,major_purchase,,43.25%,972xx,OR,< 1 year,0.0
1000.0,2016-02-13,other,,-1%,937xx,CA,5 years,0.0
10000.0,2016-02-14,debt_consolidation,559.0,12.88%,100xx,NY,< 1 year,0.0
10000.0,2016-02-14,debt_consolidation,,49.59%,907xx,CA,< 1 year,0.0
20000.0,2016-02-15,other,,47.63%,750xx,TX,5 years,0.0
5000.0,2016-02-15,debt_consolidation,,15.4%,088xx,NJ,< 1 year,0.0
20000.0,2016-02-16,debt_consolidation,,43.02%,267xx,WV,,0.0
1000.0,2016-02-16,other,,16.09%,338xx,FL,5 years,0.0
6000.0,2016-02-16,debt_consolidation,,16.78%,829xx,WY,< 1 year,0.0
3000.0,2016-02-16,debt_consolidation,545.0,23.03%,312xx,GA,< 1 year,0.0
4000.0,2016-02-16,credit_card,626.0,36.16%,604xx,IL,< 1 year,0.0
35000.0,2016-02-16,debt_consolidation,,25.76%,286xx,NC,5 years,0.0
5700.0,2016-02-16,debt_consolidation,,10.33%,490xx,MI,< 1 year,0.0
16000.0,2016-02-16,debt_consolidation,,73.55%,302xx,GA,< 1 year,0.0
20000.0,2016-02-17,credit_card,596.0,21.02%,912xx,CA,< 1 year,0.0
20000.0,2016-02-17,debt_consolidation,611.0,8.14%,806xx,CO,< 1 year,0.0
35000.0,2016-02-17,debt_consolidation,,10.39%,282xx,NC,< 1 year,0.0
35000.0,2016-02-17,credit_card,660.0,27.96%,201xx,VA,< 1 year,0.0
30000.0,2016-02-17,Credit card refinancing,,34.5%,440xx,OH,1 year,0.0
5000.0,2016-02-17,medical,,0%,074xx,NJ,< 1 year,0.0
30000.0,2016-02-17,debt_consolidation,,31.6%,949xx,CA,< 1 year,0.0
1000.0,2016-02-17,other,,32.06%,928xx,CA,,0.0
3500.0,2016-02-17,debt_consolidation,,16.02%,923xx,CA,< 1 year,0.0
1000.0,2016-02-18,moving,,25.79%,850xx,AZ,< 1 year,0.0
4000.0,2016-02-18,other,,18.45%,336xx,FL,< 1 year,0.0
17000.0,2016-02-18,debt_consolidation,,0.44%,923xx,CA,5 years,0.0
11000.0,2016-02-18,credit_card,,36.53%,720xx,AR,< 1 year,0.0
35000.0,2016-02-18,debt_consolidation,,19.87%,605xx,IL,< 1 year,0.0
15000.0,2016-02-18,credit_card,,9.4%,067xx,CT,,0.0
9000.0,2016-02-18,credit_card,661.0,27.56%,140xx,NY,< 1 year,0.0
3000.0,2016-02-18,credit_card,,7.8%,454xx,OH,5 years,0.0
35000.0,2016-02-18,debt_consolidation,,27.62%,070xx,NJ,5 years,0.0
3500.0,2016-02-19,vacation,,5.41%,371xx,TN,5 years,0.0
10000.0,2016-02-19,debt_consolidation,,14.8%,548xx,WI,5 years,0.0
20000.0,2016-02-19,debt_consolidation,,37.83%,601xx,IL,5 years,0.0
10000.0,2016-02-19,credit_card,638.0,17.33%,117xx,NY,< 1 year,0.0
4000.0,2016-02-19,debt_consolidation,,6.47%,724xx,AR,< 1 year,0.0
35000.0,2016-02-20,Debt consolidation,656.0,23.07%,735xx,OK,,0.0
30000.0,2016-02-20,debt_consolidation,,17.2%,112xx,NY,5 years,0.0
20000.0,2016-02-21,debt_consolidation,,22.12%,630xx,MO,< 1 year,0.0
22000.0,2016-02-21,home_improvement,,2.16%,728xx,AR,5 years,0.0
20000.0,2016-02-21,other,,2.63%,285xx,NC,< 1 year,0.0
20000.0,2016-02-22,debt_consolidation,,58.92%,703xx,LA,< 1 year,0.0
9500.0,2016-02-22,credit_card,,24.67%,890xx,NV,< 1 year,0.0
5000.0,2016-02-23,debt_consolidation,573.0,13.87%,078xx,NJ,< 1 year,0.0
15000.0,2016-02-23,debt_consolidation,,43.26%,641xx,MO,< 1 year,0.0
8000.0,2016-02-25,credit_card,,29.66%,750xx,TX,5 years,0.0
22000.0,2016-02-25,debt_consolidation,,30.16%,443xx,OH,< 1 year,0.0
6000.0,2016-02-25,debt_consolidation,,3.17%,940xx,CA,< 1 year,0.0
1000.0,2016-02-25,credit_card,,0%,303xx,GA,< 1 year,0.0
10000.0,2016-02-25,credit_card,,32.47%,223xx,VA,< 1 year,0.0
30000.0,2016-02-25,debt_consolidation,,27.67%,773xx,TX,< 1 year,0.0
35000.0,2016-02-25,Credit card refinancing,680.0,33.86%,974xx,OR,,0.0
12000.0,2016-02-25,medical,,16.35%,921xx,CA,< 1 year,0.0
20000.0,2016-02-26,debt_consolidation,,24.1%,605xx,IL,< 1 year,0.0
2000.0,2016-02-26,debt_consolidation,,1.5%,760xx,TX,< 1 year,0.0
20000.0,2016-02-26,debt_consolidation,,4%,018xx,MA,< 1 year,0.0
21500.0,2016-02-26,debt_consolidation,660.0,25%,928xx,CA,< 1 year,0.0
2500.0,2016-02-27,other,,9.38%,973xx,OR,6 years,0.0
15000.0,2016-02-28,debt_consolidation,714.0,61.86%,923xx,CA,< 1 year,0.0
1000.0,2016-02-29,small_business,,24.35%,178xx,PA,< 1 year,0.0
6000.0,2016-02-29,car,589.0,12.64%,130xx,NY,< 1 year,0.0
10000.0,2016-02-29,debt_consolidation,,22.23%,648xx,MO,5 years,0.0
20000.0,2016-02-29,debt_consolidation,580.0,36.24%,837xx,ID,< 1 year,0.0
25000.0,2016-02-29,debt_consolidation,,30.31%,300xx,GA,< 1 year,0.0
5000.0,2016-02-29,other,544.0,2.68%,926xx,CA,< 1 year,0.0
3500.0,2016-02-29,debt_consolidation,,28.73%,926xx,CA,< 1 year,0.0
10000.0,2016-02-29,Debt consolidation,,11.67%,956xx,CA,10+ years,0.0
7000.0,2016-03-01,debt_consolidation,,30.02%,347xx,FL,< 1 year,0.0
10000.0,2016-03-01,debt_consolidation,,21.64%,018xx,MA,< 1 year,0.0
8000.0,2016-03-01,debt_consolidation,,14.4%,245xx,VA,< 1 year,0.0
18000.0,2016-03-01,debt_consolidation,,55.43%,705xx,LA,5 years,0.0
35000.0,2016-03-01,debt_consolidation,,37.96%,126xx,NY,5 years,0.0
15000.0,2016-03-01,major_purchase,,2.5%,346xx,FL,< 1 year,0.0
3000.0,2016-03-01,other,,1%,922xx,CA,5 years,0.0
12000.0,2016-03-01,debt_consolidation,601.0,43.97%,166xx,PA,< 1 year,0.0
15000.0,2016-03-02,credit_card,684.0,27.22%,181xx,PA,< 1 year,0.0
25000.0,2016-03-02,debt_consolidation,,-1%,750xx,TX,< 1 year,0.0
30000.0,2016-03-02,debt_consolidation,,13.23%,945xx,CA,< 1 year,0.0
15000.0,2016-03-02,debt_consolidation,647.0,37.23%,672xx,KS,< 1 year,0.0
10000.0,2016-03-02,debt_consolidation,,-1%,301xx,GA,< 1 year,0.0
25000.0,2016-03-02,Debt consolidation,674.0,26.06%,784xx,TX,10+ years,0.0
20000.0,2016-03-03,debt_consolidation,764.0,276.58%,297xx,SC,< 1 year,0.0
28000.0,2016-03-03,debt_consolidation,,19.32%,235xx,VA,< 1 year,0.0
3000.0,2016-03-03,car,,2.86%,217xx,MD,5 years,0.0
1000.0,2016-03-03,car,,2.5%,070xx,NJ,5 years,0.0
1000.0,2016-03-03,debt_consolidation,,13.62%,773xx,TX,< 1 year,0.0
15000.0,2016-03-03,credit_card,,76.8%,420xx,KY,< 1 year,0.0
6000.0,2016-03-03,credit_card,,14.7%,229xx,VA,< 1 year,0.0
9000.0,2016-03-04,debt_consolidation,,4.52%,921xx,CA,< 1 year,0.0
10000.0,2016-03-04,debt_consolidation,,21.32%,104xx,NY,< 1 year,0.0
3500.0,2016-03-04,debt_consolidation,,26.17%,676xx,KS,< 1 year,0.0
35000.0,2016-03-04,debt_consolidation,,30.79%,601xx,IL,< 1 year,0.0
35000.0,2016-03-04,Business,,8.86%,783xx,TX,3 years,0.0
7000.0,2016-03-04,debt_consolidation,,13.96%,395xx,MS,< 1 year,0.0
20000.0,2016-03-04,Credit card refinancing,643.0,7.32%,481xx,MI,5 years,0.0
15000.0,2016-03-05,other,,5.75%,185xx,PA,5 years,0.0
15000.0,2016-03-05,debt_consolidation,725.0,315.01%,531xx,WI,< 1 year,0.0
35000.0,2016-03-05,debt_consolidation,,31.54%,591xx,MT,< 1 year,0.0
20000.0,2016-03-06,Credit card refinancing,621.0,12.51%,114xx,NY,10+ years,0.0
12600.0,2016-03-06,debt_consolidation,,28.87%,782xx,TX,< 1 year,0.0
10000.0,2016-03-06,vacation,,12.99%,719xx,AR,< 1 year,0.0
40000.0,2016-03-07,credit_card,717.0,7.39%,787xx,TX,< 1 year,0.0
20000.0,2016-03-07,debt_consolidation,,29.57%,917xx,CA,< 1 year,0.0
20000.0,2016-03-07,debt_consolidation,,30.02%,836xx,ID,< 1 year,0.0
2000.0,2016-03-07,other,,21.56%,350xx,AL,5 years,0.0
5000.0,2016-03-07,debt_consolidation,,49.35%,770xx,TX,< 1 year,0.0
15000.0,2016-03-08,debt_consolidation,,26.93%,146xx,NY,< 1 year,0.0
20000.0,2016-03-08,debt_consolidation,,57.55%,434xx,OH,< 1 year,0.0
15000.0,2016-03-08,debt_consolidation,,43.22%,379xx,TN,< 1 year,0.0
10000.0,2016-03-08,credit_card,,4.12%,254xx,WV,5 years,0.0
15000.0,2016-03-08,debt_consolidation,,80.61%,534xx,WI,< 1 year,0.0
5000.0,2016-03-08,credit_card,691.0,10.86%,875xx,NM,< 1 year,0.0
4000.0,2016-03-08,home_improvement,,25.8%,122xx,NY,< 1 year,0.0
2500.0,2016-03-09,moving,,18.78%,713xx,LA,< 1 year,0.0
3000.0,2016-03-09,debt_consolidation,,11.29%,436xx,OH,< 1 year,0.0
10000.0,2016-03-09,car,,8.02%,338xx,FL,< 1 year,0.0
4700.0,2016-03-09,debt_consolidation,,12.16%,355xx,AL,5 years,0.0
7000.0,2016-03-09,debt_consolidation,,14.9%,735xx,OK,< 1 year,0.0
7500.0,2016-03-09,major_purchase,,8.23%,484xx,MI,< 1 year,0.0
5000.0,2016-03-09,debt_consolidation,,23.54%,952xx,CA,< 1 year,0.0
15000.0,2016-03-09,debt_consolidation,,17.03%,853xx,AZ,< 1 year,0.0
5000.0,2016-03-09,debt_consolidation,,6%,394xx,MS,< 1 year,0.0
5000.0,2016-03-10,small_business,,17.22%,339xx,FL,< 1 year,0.0
4000.0,2016-03-10,debt_consolidation,,20.56%,750xx,TX,< 1 year,0.0
2000.0,2016-03-10,renewable_energy,,15.88%,760xx,TX,< 1 year,0.0
8000.0,2016-03-10,other,,23.07%,680xx,NE,< 1 year,0.0
5000.0,2016-03-10,other,,38.79%,798xx,TX,5 years,0.0
5000.0,2016-03-10,Business Loan,,-1%,714xx,LA,< 1 year,0.0
3000.0,2016-03-11,home_improvement,,31.51%,284xx,NC,< 1 year,0.0
5000.0,2016-03-11,Other,642.0,48.57%,122xx,NY,7 years,0.0
20000.0,2016-03-11,credit_card,606.0,18.22%,329xx,FL,< 1 year,0.0
10000.0,2016-03-11,credit_card,746.0,9.69%,032xx,NH,5 years,0.0
35000.0,2016-03-11,debt_consolidation,,314.46%,441xx,OH,< 1 year,0.0
10000.0,2016-03-11,credit_card,620.0,25.56%,230xx,VA,< 1 year,0.0
25000.0,2016-03-11,debt_consolidation,,-1%,785xx,TX,< 1 year,0.0
35000.0,2016-03-11,debt_consolidation,,-1%,915xx,CA,< 1 year,0.0
20000.0,2016-03-11,debt_consolidation,,19.52%,930xx,CA,< 1 year,0.0
40000.0,2016-03-11,debt_consolidation,,66.2%,759xx,TX,< 1 year,0.0
5500.0,2016-03-11,credit_card,,20.05%,565xx,MN,< 1 year,0.0
20000.0,2016-03-11,debt_consolidation,,22.73%,356xx,AL,< 1 year,0.0
20000.0,2016-03-12,credit_card,692.0,19.37%,070xx,NJ,< 1 year,0.0
35000.0,2016-03-12,home_improvement,,2.68%,760xx,TX,< 1 year,0.0
100000.0,2016-03-13,Business Loan,,-1%,930xx,CA,< 1 year,0.0
7600.0,2016-03-13,debt_consolidation,,18.84%,380xx,TN,< 1 year,0.0
5000.0,2016-03-13,other,,44.31%,431xx,OH,,0.0
5000.0,2016-03-13,debt_consolidation,,8.28%,604xx,IL,< 1 year,0.0
15000.0,2016-03-14,home_improvement,,23.1%,722xx,AR,< 1 year,0.0
2000.0,2016-03-14,medical,,97.43%,080xx,NJ,< 1 year,0.0
30000.0,2016-03-14,debt_consolidation,,37.25%,221xx,VA,5 years,0.0
5000.0,2016-03-14,other,,1.71%,301xx,GA,,0.0
1000.0,2016-03-14,other,,-1%,927xx,CA,5 years,0.0
20000.0,2016-03-14,debt_consolidation,,59.06%,701xx,LA,< 1 year,0.0
25000.0,2016-03-15,debt_consolidation,,15.62%,103xx,NY,< 1 year,0.0
10000.0,2016-03-15,other,501.0,588.8%,740xx,OK,< 1 year,0.0
5000.0,2016-03-15,other,,48.74%,082xx,NJ,< 1 year,0.0
5500.0,2016-03-15,major_purchase,,4.99%,179xx,PA,5 years,0.0
300000.0,2016-03-15,Business Loan,,-1%,335xx,FL,< 1 year,0.0
100000.0,2016-03-15,Business Loan,,-1%,770xx,TX,< 1 year,0.0
5000.0,2016-03-15,debt_consolidation,,6.15%,028xx,RI,< 1 year,0.0
10000.0,2016-03-15,debt_consolidation,,17.8%,198xx,DE,,0.0
8500.0,2016-03-15,car,,7.74%,674xx,KS,< 1 year,0.0
10000.0,2016-03-16,debt_consolidation,,38.01%,891xx,NV,< 1 year,0.0
15000.0,2016-03-16,house,,17.24%,166xx,PA,5 years,0.0
4000.0,2016-03-16,other,,46.15%,781xx,TX,< 1 year,0.0
15000.0,2016-03-16,car,,16.08%,770xx,TX,5 years,0.0
10000.0,2016-03-16,debt_consolidation,,40.73%,992xx,WA,< 1 year,0.0
10000.0,2016-03-16,major_purchase,584.0,14.19%,112xx,NY,< 1 year,0.0
20000.0,2016-03-16,small_business,,7.88%,917xx,CA,< 1 year,0.0
25000.0,2016-03-17,debt_consolidation,633.0,58.37%,804xx,CO,< 1 year,0.0
7000.0,2016-03-17,debt_consolidation,664.0,30.53%,291xx,SC,< 1 year,0.0
15000.0,2016-03-18,debt_consolidation,,3.79%,452xx,OH,,0.0
35000.0,2016-03-18,debt_consolidation,,45.86%,606xx,IL,< 1 year,0.0
20000.0,2016-03-19,debt_consolidation,,29.18%,484xx,MI,< 1 year,0.0
30000.0,2016-03-19,small_business,,13.9%,761xx,TX,< 1 year,0.0
10000.0,2016-03-19,credit_card,,46.08%,275xx,NC,< 1 year,0.0
6000.0,2016-03-19,credit_card,,34.99%,435xx,OH,5 years,0.0
13500.0,2016-03-20,debt_consolidation,,5.1%,600xx,IL,< 1 year,0.0
6000.0,2016-03-20,other,,19.46%,931xx,CA,< 1 year,0.0
1500.0,2016-03-21,home_improvement,,85%,594xx,MT,< 1 year,0.0
10000.0,2016-03-21,medical,,9.75%,900xx,CA,< 1 year,0.0
20000.0,2016-03-21,debt_consolidation,615.0,7.44%,650xx,MO,< 1 year,0.0
3500.0,2016-03-21,debt_consolidation,,7.47%,967xx,HI,5 years,0.0
10000.0,2016-03-21,Debt consolidation,627.0,36.86%,339xx,FL,3 years,0.0
29000.0,2016-03-21,debt_consolidation,,5.56%,441xx,OH,< 1 year,0.0
8500.0,2016-03-22,debt_consolidation,,63.69%,289xx,NC,< 1 year,0.0
10000.0,2016-03-22,debt_consolidation,,15.55%,237xx,VA,< 1 year,0.0
20000.0,2016-03-22,other,695.0,41.87%,775xx,TX,8 years,0.0
25000.0,2016-03-22,Other,,19.5%,280xx,NC,4 years,0.0
2500.0,2016-03-22,debt_consolidation,,45.69%,489xx,MI,< 1 year,0.0
5000.0,2016-03-22,debt_consolidation,,2.54%,946xx,CA,< 1 year,0.0
3100.0,2016-03-22,other,501.0,0%,197xx,DE,< 1 year,0.0
21000.0,2016-03-22,debt_consolidation,631.0,45.76%,277xx,NC,< 1 year,0.0
8000.0,2016-03-22,debt_consolidation,,20.98%,376xx,TN,< 1 year,0.0
15000.0,2016-03-22,Debt consolidation,621.0,16.14%,080xx,NJ,< 1 year,0.0
20000.0,2016-03-23,debt_consolidation,,16.8%,296xx,SC,< 1 year,0.0
5000.0,2016-03-23,debt_consolidation,,15.78%,344xx,FL,< 1 year,0.0
3500.0,2016-03-23,debt_consolidation,618.0,23.19%,015xx,MA,< 1 year,0.0
30000.0,2016-03-23,debt_consolidation,,40.3%,782xx,TX,< 1 year,0.0
30000.0,2016-03-23,debt_consolidation,,31.7%,856xx,AZ,< 1 year,0.0
35000.0,2016-03-24,debt_consolidation,,69.77%,711xx,LA,5 years,0.0
25000.0,2016-03-24,other,,11.92%,010xx,MA,< 1 year,0.0
25000.0,2016-03-24,debt_consolidation,672.0,33.76%,840xx,UT,7 years,0.0
25000.0,2016-03-24,debt_consolidation,,18.99%,100xx,NY,< 1 year,0.0
35000.0,2016-03-24,home_improvement,,172.87%,130xx,NY,< 1 year,0.0
1000.0,2016-03-25,other,,42.69%,236xx,VA,< 1 year,0.0
5000.0,2016-03-25,debt_consolidation,639.0,17.66%,656xx,MO,< 1 year,0.0
5000.0,2016-03-25,major_purchase,,13.64%,770xx,TX,< 1 year,0.0
12125.0,2016-03-26,debt_consolidation,,24.67%,967xx,HI,< 1 year,0.0
10000.0,2016-03-26,other,641.0,16.31%,945xx,CA,< 1 year,0.0
35000.0,2016-03-26,other,,11.71%,376xx,TN,5 years,0.0
8000.0,2016-03-26,debt_consolidation,,29.31%,601xx,IL,5 years,0.0
4000.0,2016-03-26,debt_consolidation,,8.49%,236xx,VA,5 years,0.0
18000.0,2016-03-27,major_purchase,,1.76%,113xx,NY,< 1 year,0.0
20000.0,2016-03-27,credit_card,,30.18%,112xx,NY,< 1 year,0.0
3000.0,2016-03-28,debt_consolidation,,17.16%,018xx,MA,< 1 year,0.0
30000.0,2016-03-28,debt_consolidation,,43.38%,921xx,CA,< 1 year,0.0
5000.0,2016-03-28,debt_consolidation,,3.48%,225xx,VA,< 1 year,0.0
3500.0,2016-03-28,debt_consolidation,,1.49%,346xx,FL,< 1 year,0.0
6500.0,2016-03-28,car,,16.8%,932xx,CA,< 1 year,0.0
20000.0,2016-03-28,other,,11.61%,265xx,WV,5 years,0.0
20000.0,2016-03-28,debt_consolidation,,34.04%,913xx,CA,< 1 year,0.0
35000.0,2016-03-28,debt_consolidation,635.0,15.78%,576xx,SD,< 1 year,0.0
15000.0,2016-03-28,moving,,7.25%,330xx,FL,< 1 year,0.0
30000.0,2016-03-28,debt_consolidation,,32.3%,026xx,MA,< 1 year,0.0
10000.0,2016-03-29,credit_card,,56.98%,902xx,CA,< 1 year,0.0
2500.0,2016-03-29,home_improvement,,8.22%,450xx,OH,< 1 year,0.0
25000.0,2016-03-29,debt_consolidation,,26.73%,060xx,CT,< 1 year,0.0
20000.0,2016-03-29,other,,69.82%,928xx,CA,< 1 year,0.0
3000.0,2016-03-29,debt_consolidation,,60.54%,233xx,VA,5 years,0.0
1500.0,2016-03-29,debt_consolidation,,36.59%,606xx,IL,< 1 year,0.0
5000.0,2016-03-29,debt_consolidation,,22.02%,352xx,AL,< 1 year,0.0
15000.0,2016-03-29,car,,0.42%,607xx,IL,< 1 year,0.0
20000.0,2016-03-29,debt_consolidation,,31.2%,199xx,DE,< 1 year,0.0
7500.0,2016-03-29,debt_consolidation,,8.8%,658xx,MO,< 1 year,0.0
3000.0,2016-03-29,debt_consolidation,,10.27%,863xx,AZ,< 1 year,0.0
10000.0,2016-03-30,debt_consolidation,,18.15%,330xx,FL,< 1 year,0.0
30000.0,2016-03-30,home_improvement,,2.4%,674xx,KS,< 1 year,0.0
10000.0,2016-03-30,Debt consolidation,,28.05%,780xx,TX,4 years,0.0
35000.0,2016-03-30,credit_card,,42.06%,430xx,OH,< 1 year,0.0
5000.0,2016-03-30,debt_consolidation,,24.47%,932xx,CA,< 1 year,0.0
15000.0,2016-03-30,debt_consolidation,,47.37%,232xx,VA,< 1 year,0.0
7000.0,2016-03-30,Debt consolidation,,26.45%,953xx,CA,10+ years,0.0
5000.0,2016-03-31,debt_consolidation,584.0,5.17%,152xx,PA,< 1 year,0.0
33000.0,2016-03-31,debt_consolidation,726.0,25.54%,891xx,NV,< 1 year,0.0
8000.0,2016-03-31,debt_consolidation,,9.03%,331xx,FL,5 years,0.0
13000.0,2016-03-31,other,,0.44%,193xx,PA,< 1 year,0.0
20000.0,2016-03-31,debt_consolidation,,20.34%,917xx,CA,5 years,0.0
1500.0,2018-10-01,Debt consolidation,,13.42%,067xx,CT,< 1 year,0.0
1800.0,2018-10-01,Other,,0%,852xx,AZ,< 1 year,0.0
20000.0,2018-10-01,Debt consolidation,,7.18%,462xx,IN,< 1 year,0.0
5000.0,2018-10-01,Other,532.0,0.53%,104xx,NY,< 1 year,0.0
5000.0,2018-10-01,Debt consolidation,,23.33%,908xx,CA,< 1 year,0.0
15000.0,2018-10-01,Debt consolidation,,30.31%,116xx,NY,< 1 year,0.0
2000.0,2018-10-01,Other,,13.94%,207xx,MD,< 1 year,0.0
20000.0,2018-10-01,Debt consolidation,,23.43%,280xx,NC,< 1 year,0.0
10000.0,2018-10-01,Other,,39.32%,640xx,MO,< 1 year,0.0
5000.0,2018-10-01,Medical expenses,,15.65%,802xx,CO,< 1 year,0.0
20000.0,2018-10-01,Debt consolidation,,6.81%,967xx,HI,< 1 year,0.0
20000.0,2018-10-01,Debt consolidation,,5.19%,394xx,MS,< 1 year,0.0
19000.0,2018-10-02,Debt consolidation,,28.29%,221xx,VA,< 1 year,0.0
2000.0,2018-10-02,Debt consolidation,,17.28%,371xx,TN,< 1 year,0.0
5000.0,2018-10-02,Credit card refinancing,,130.04%,936xx,CA,< 1 year,0.0
2000.0,2018-10-02,Other,,8.76%,600xx,IL,< 1 year,0.0
12000.0,2018-10-02,Debt consolidation,,26.44%,356xx,AL,< 1 year,0.0
35000.0,2018-10-02,Debt consolidation,,20.98%,919xx,CA,< 1 year,0.0
6000.0,2018-10-02,Debt consolidation,,28.16%,383xx,TN,< 1 year,0.0
6000.0,2018-10-02,Debt consolidation,,18.22%,554xx,MN,< 1 year,0.0
6500.0,2018-10-02,Other,,3.75%,757xx,TX,< 1 year,0.0
20000.0,2018-10-02,Debt consolidation,,21.93%,145xx,NY,< 1 year,0.0
5000.0,2018-10-02,Medical expenses,,13.95%,750xx,TX,< 1 year,0.0
6000.0,2018-10-02,Debt consolidation,643.0,51.35%,467xx,IN,< 1 year,0.0
22000.0,2018-10-02,Credit card refinancing,,100%,926xx,CA,< 1 year,0.0
5000.0,2018-10-02,Medical expenses,,2.13%,921xx,CA,2 years,0.0
5000.0,2018-10-02,Debt consolidation,,28%,083xx,NJ,< 1 year,0.0
2500.0,2018-10-02,Debt consolidation,,10.3%,958xx,CA,< 1 year,0.0
15000.0,2018-10-02,Other,,38.51%,063xx,CT,< 1 year,0.0
1400.0,2018-10-02,Other,,45.6%,618xx,IL,< 1 year,0.0
3000.0,2018-10-02,Other,,33.13%,346xx,FL,< 1 year,0.0
1500.0,2018-10-03,Debt consolidation,549.0,0%,373xx,TN,< 1 year,0.0
6000.0,2018-10-03,Debt consolidation,,668.8%,810xx,CO,< 1 year,0.0
1200.0,2018-10-03,Debt consolidation,,18.06%,981xx,WA,< 1 year,0.0
5000.0,2018-10-03,Home buying,,1.79%,554xx,MN,< 1 year,0.0
13000.0,2018-10-03,Credit card refinancing,,25.94%,840xx,UT,< 1 year,0.0
35000.0,2018-10-03,Debt consolidation,,22%,483xx,MI,< 1 year,0.0
1000.0,2018-10-03,Debt consolidation,,14.53%,718xx,AR,< 1 year,0.0
35000.0,2018-10-03,Debt consolidation,,15.19%,060xx,CT,< 1 year,0.0
14500.0,2018-10-03,Car financing,,4.05%,989xx,WA,< 1 year,0.0
10000.0,2018-10-03,Other,,3.31%,281xx,NC,< 1 year,0.0
2000.0,2018-10-03,Moving and relocation,,36.88%,273xx,NC,< 1 year,0.0
20000.0,2018-10-03,Debt consolidation,,7.48%,750xx,TX,< 1 year,0.0
20000.0,2018-10-03,Debt consolidation,,11.01%,801xx,CO,< 1 year,0.0
10000.0,2018-10-03,Credit card refinancing,,100%,779xx,TX,< 1 year,0.0
10000.0,2018-10-03,Debt consolidation,,10.5%,461xx,IN,< 1 year,0.0
5000.0,2018-10-03,Credit card refinancing,,64.78%,783xx,TX,< 1 year,0.0
1000.0,2018-10-03,Business,,0%,237xx,VA,< 1 year,0.0
12000.0,2018-10-03,Major purchase,,6.04%,970xx,OR,< 1 year,0.0
3000.0,2018-10-04,Home improvement,,31.72%,600xx,IL,< 1 year,0.0
8000.0,2018-10-04,Credit card refinancing,,48.3%,212xx,MD,< 1 year,0.0
2750.0,2018-10-04,Home improvement,,39.8%,928xx,CA,< 1 year,0.0
10000.0,2018-10-04,Debt consolidation,,14.74%,128xx,NY,< 1 year,0.0
40000.0,2018-10-04,Debt consolidation,,9.3%,883xx,NM,< 1 year,0.0
3000.0,2018-10-04,Debt consolidation,,49.72%,945xx,CA,< 1 year,0.0
8000.0,2018-10-04,Vacation,,65.14%,148xx,NY,< 1 year,0.0
5000.0,2018-10-04,Other,,20.49%,282xx,NC,< 1 year,0.0
25000.0,2018-10-04,Other,,100%,630xx,MO,< 1 year,0.0
15000.0,2018-10-04,Other,,5.85%,127xx,NY,< 1 year,0.0
25000.0,2018-10-04,Debt consolidation,,31.04%,302xx,GA,< 1 year,0.0
10000.0,2018-10-04,Credit card refinancing,,41.89%,296xx,SC,< 1 year,0.0
1000.0,2018-10-04,Vacation,,12.24%,379xx,TN,< 1 year,0.0
1500.0,2018-10-05,Other,,6.36%,553xx,MN,< 1 year,0.0
14000.0,2018-10-05,Credit card refinancing,,21.91%,991xx,WA,< 1 year,0.0
15000.0,2018-10-05,Debt consolidation,,9.85%,328xx,FL,< 1 year,0.0
2500.0,2018-10-05,Car financing,,13.23%,714xx,LA,2 years,0.0
2500.0,2018-10-05,Other,,80.85%,391xx,MS,,0.0
7000.0,2018-10-05,Medical expenses,,23.58%,930xx,CA,,0.0
10000.0,2018-10-05,Credit card refinancing,,100%,611xx,IL,< 1 year,0.0
10000.0,2018-10-06,Debt consolidation,,2.02%,197xx,DE,< 1 year,0.0
25000.0,2018-10-06,Debt consolidation,,12.1%,553xx,MN,< 1 year,0.0
10000.0,2018-10-06,Debt consolidation,,18.17%,600xx,IL,< 1 year,0.0
25000.0,2018-10-06,Debt consolidation,,48.06%,170xx,PA,< 1 year,0.0
15000.0,2018-10-06,Credit card refinancing,,100%,321xx,FL,,0.0
10000.0,2018-10-06,Debt consolidation,,204.95%,245xx,VA,< 1 year,0.0
32000.0,2018-10-06,Debt consolidation,,100%,080xx,NJ,< 1 year,0.0
30000.0,2018-10-06,Other,,83.02%,900xx,CA,< 1 year,0.0
3400.0,2018-10-07,Credit card refinancing,,39.55%,166xx,PA,< 1 year,0.0
5000.0,2018-10-07,Other,,0%,191xx,PA,< 1 year,0.0
1000.0,2018-10-07,Other,,6.66%,628xx,IL,< 1 year,0.0
10000.0,2018-10-07,Debt consolidation,,10.8%,300xx,GA,< 1 year,0.0
8000.0,2018-10-07,Credit card refinancing,,16.88%,996xx,AK,< 1 year,0.0
10000.0,2018-10-07,Vacation,,14.16%,347xx,FL,< 1 year,0.0
30000.0,2018-10-07,Credit card refinancing,,100%,031xx,NH,< 1 year,0.0
5000.0,2018-10-08,Debt consolidation,,2.53%,658xx,MO,< 1 year,0.0
13000.0,2018-10-08,Other,,6.72%,330xx,FL,< 1 year,0.0
12000.0,2018-10-08,Debt consolidation,,14.69%,245xx,VA,< 1 year,0.0
12000.0,2018-10-08,Other,,12.08%,231xx,VA,< 1 year,0.0
24500.0,2018-10-08,Other,,20.52%,333xx,FL,< 1 year,0.0
20000.0,2018-10-08,Other,,4.41%,950xx,CA,< 1 year,0.0
20000.0,2018-10-08,Debt consolidation,,27.8%,285xx,NC,< 1 year,0.0
25000.0,2018-10-09,Debt consolidation,,43.79%,620xx,IL,< 1 year,0.0
1000.0,2018-10-09,Other,,9.92%,207xx,MD,,0.0
32000.0,2018-10-09,Home improvement,,100%,148xx,NY,< 1 year,0.0
12125.0,2018-10-09,Car financing,,100%,338xx,FL,< 1 year,0.0
3000.0,2018-10-09,Debt consolidation,,1.15%,136xx,NY,< 1 year,0.0
3000.0,2018-10-09,Other,,0%,906xx,CA,< 1 year,0.0
2200.0,2018-10-09,Debt consolidation,624.0,100%,066xx,CT,< 1 year,0.0
5000.0,2018-10-09,Other,,2.06%,465xx,IN,< 1 year,0.0
25000.0,2018-10-09,Major purchase,,1.02%,915xx,CA,< 1 year,0.0
25000.0,2018-10-09,Credit card refinancing,,14.7%,741xx,OK,< 1 year,0.0
20000.0,2018-10-09,Other,,32.92%,100xx,NY,< 1 year,0.0
18000.0,2018-10-09,Major purchase,,47.38%,336xx,FL,< 1 year,0.0
8000.0,2018-10-09,Other,,100%,604xx,IL,< 1 year,0.0
29000.0,2018-10-09,Major purchase,,36.6%,242xx,VA,< 1 year,0.0
25000.0,2018-10-09,Debt consolidation,,83.03%,430xx,OH,< 1 year,0.0
35000.0,2018-10-10,Other,,2.22%,308xx,GA,,0.0
5000.0,2018-10-10,Other,,38.28%,232xx,VA,< 1 year,0.0
25525.0,2018-10-10,Car financing,,100%,301xx,GA,< 1 year,0.0
18000.0,2018-10-10,Debt consolidation,,20.98%,296xx,SC,,0.0
30000.0,2018-10-10,Debt consolidation,,39.26%,450xx,OH,< 1 year,0.0
7000.0,2018-10-10,Debt consolidation,,17.95%,087xx,NJ,< 1 year,0.0
10000.0,2018-10-10,Other,,44.03%,640xx,MO,< 1 year,0.0
10000.0,2018-10-10,Other,,8.49%,113xx,NY,< 1 year,0.0
40000.0,2018-10-10,Debt consolidation,,100%,620xx,IL,< 1 year,0.0
5000.0,2018-10-10,Debt consolidation,,100%,321xx,FL,< 1 year,0.0
25000.0,2018-10-10,Debt consolidation,,4.77%,741xx,OK,< 1 year,0.0
10000.0,2018-10-10,Business Loan,,-1%,335xx,FL,< 1 year,0.0
25000.0,2018-10-10,Debt consolidation,,26.55%,398xx,GA,< 1 year,0.0
20000.0,2018-10-11,Credit card refinancing,,32.89%,371xx,TN,< 1 year,0.0
11000.0,2018-10-11,Credit card refinancing,,5.69%,104xx,NY,< 1 year,0.0
1000.0,2018-10-11,Other,,53.86%,874xx,NM,< 1 year,0.0
8000.0,2018-10-11,Credit card refinancing,,25.97%,740xx,OK,< 1 year,0.0
2000.0,2018-10-11,Other,,4.78%,373xx,TN,< 1 year,0.0
20000.0,2018-10-11,Debt consolidation,,50.8%,782xx,TX,< 1 year,0.0
15000.0,2018-10-11,Moving and relocation,,24.38%,921xx,CA,< 1 year,0.0
10000.0,2018-10-11,Credit card refinancing,,22.65%,984xx,WA,< 1 year,0.0
5000.0,2018-10-11,Debt consolidation,,26.07%,650xx,MO,1 year,0.0
19500.0,2018-10-11,Debt consolidation,,100%,191xx,PA,< 1 year,0.0
15000.0,2018-10-11,Credit card refinancing,,9.18%,320xx,FL,< 1 year,0.0
30000.0,2018-10-12,Debt consolidation,,27.78%,010xx,MA,10+ years,0.0
2000.0,2018-10-12,Debt consolidation,,0.51%,296xx,SC,< 1 year,0.0
20000.0,2018-10-12,Credit card refinancing,,39.97%,980xx,WA,< 1 year,0.0
8000.0,2018-10-12,Credit card refinancing,,36.59%,331xx,FL,< 1 year,0.0
10000.0,2018-10-12,Debt consolidation,,9.04%,980xx,WA,< 1 year,0.0
16950.0,2018-10-12,Car financing,,100%,633xx,MO,< 1 year,0.0
30000.0,2018-10-12,Debt consolidation,,100%,209xx,MD,< 1 year,0.0
1000.0,2018-10-12,Other,,100%,197xx,DE,< 1 year,0.0
1000.0,2018-10-12,Other,,100%,550xx,MN,< 1 year,0.0
30000.0,2018-10-12,Home improvement,,2.6%,381xx,TN,< 1 year,0.0
20000.0,2018-10-12,Home buying,,17.84%,996xx,AK,< 1 year,0.0
9000.0,2018-10-13,Debt consolidation,,16.43%,104xx,NY,< 1 year,0.0
25000.0,2018-10-13,Car financing,679.0,0%,173xx,PA,< 1 year,0.0
15500.0,2018-10-13,Car financing,,17.74%,330xx,FL,< 1 year,0.0
10000.0,2018-10-13,Debt consolidation,,80.25%,785xx,TX,< 1 year,0.0
35000.0,2018-10-13,Other,,1.57%,088xx,NJ,< 1 year,0.0
7000.0,2018-10-14,Debt consolidation,,14.92%,730xx,OK,< 1 year,0.0
15000.0,2018-10-14,Credit card refinancing,,20.02%,641xx,MO,3 years,0.0
5000.0,2018-10-14,Other,,31.1%,925xx,CA,< 1 year,0.0
25000.0,2018-10-14,Home buying,,8.05%,796xx,TX,< 1 year,0.0
10000.0,2018-10-14,Credit card refinancing,,18.94%,432xx,OH,< 1 year,0.0
2000.0,2018-10-14,Other,,100%,100xx,NY,< 1 year,0.0
26000.0,2018-10-14,Debt consolidation,,17.47%,762xx,TX,< 1 year,0.0
40000.0,2018-10-15,Debt consolidation,,18.81%,021xx,MA,< 1 year,0.0
10000.0,2018-10-15,Other,,3.53%,079xx,NJ,< 1 year,0.0
5300.0,2018-10-15,Debt consolidation,,27.73%,906xx,CA,< 1 year,0.0
25000.0,2018-10-15,Other,,72.08%,450xx,OH,< 1 year,0.0
23000.0,2018-10-15,Debt consolidation,,17.76%,853xx,AZ,< 1 year,0.0
1000.0,2018-10-15,Other,,0.35%,303xx,GA,< 1 year,0.0
1500.0,2018-10-15,Debt consolidation,,54.22%,232xx,VA,,0.0
15000.0,2018-10-15,Medical expenses,,2.59%,329xx,FL,< 1 year,0.0
5000.0,2018-10-15,Debt consolidation,,4.2%,684xx,NE,< 1 year,0.0
20000.0,2018-10-15,Business,,7.68%,104xx,NY,< 1 year,0.0
1000.0,2018-10-15,Debt consolidation,,0.74%,970xx,OR,< 1 year,0.0
5000.0,2018-10-15,Car financing,,0%,945xx,CA,< 1 year,0.0
10000.0,2018-10-15,Debt consolidation,,9.33%,701xx,LA,< 1 year,0.0
8000.0,2018-10-15,Debt consolidation,,8.76%,112xx,NY,< 1 year,0.0
20000.0,2018-10-15,Debt consolidation,,5.71%,117xx,NY,< 1 year,0.0
8000.0,2018-10-16,Credit card refinancing,,12.4%,339xx,FL,< 1 year,0.0
1000.0,2018-10-16,Other,,8.74%,206xx,MD,< 1 year,0.0
7000.0,2018-10-16,Credit card refinancing,,35.43%,488xx,MI,5 years,2.0
1500.0,2018-10-16,Debt consolidation,,15.89%,639xx,MO,< 1 year,0.0
7350.0,2018-10-16,Home buying,,22.31%,786xx,TX,< 1 year,0.0
1000.0,2018-10-16,Debt consolidation,,29.88%,427xx,KY,< 1 year,0.0
10000.0,2018-10-16,Debt consolidation,,405.28%,601xx,IL,< 1 year,0.0
7000.0,2018-10-16,Debt consolidation,,12.27%,150xx,PA,< 1 year,0.0
15000.0,2018-10-16,Debt consolidation,,42.05%,951xx,CA,< 1 year,0.0
10000.0,2018-10-16,Credit card refinancing,,10.41%,980xx,WA,< 1 year,0.0
9000.0,2018-10-17,Debt consolidation,,6.65%,008xx,VA,< 1 year,0.0
16000.0,2018-10-17,Credit card refinancing,,48.75%,088xx,NJ,< 1 year,0.0
25500.0,2018-10-17,Car financing,,100%,171xx,PA,7 years,0.0
20000.0,2018-10-17,Debt consolidation,,43.63%,087xx,NJ,< 1 year,0.0
10000.0,2018-10-17,Debt consolidation,,12.36%,347xx,FL,< 1 year,0.0
10000.0,2018-10-17,Home buying,,14.11%,301xx,GA,< 1 year,0.0
20000.0,2018-10-17,Other,,18.93%,454xx,OH,< 1 year,0.0
22675.0,2018-10-17,Credit card refinancing,,14.05%,630xx,MO,< 1 year,0.0
5000.0,2018-10-17,Debt consolidation,,15%,224xx,VA,< 1 year,0.0
30000.0,2018-10-17,Debt consolidation,,16.13%,341xx,FL,< 1 year,0.0
10000.0,2018-10-17,Debt consolidation,,29.05%,624xx,IL,< 1 year,0.0
4000.0,2018-10-17,Credit card refinancing,,100%,786xx,TX,< 1 year,0.0
23000.0,2018-10-17,Other,,49.88%,070xx,NJ,< 1 year,0.0
10000.0,2018-10-18,Business Loan,,-1%,559xx,MN,< 1 year,0.0
5000.0,2018-10-18,Credit card refinancing,,72.15%,786xx,TX,< 1 year,0.0
15000.0,2018-10-18,Debt consolidation,,55.81%,685xx,NE,< 1 year,0.0
5000.0,2018-10-18,Other,,6.59%,220xx,VA,< 1 year,0.0
40000.0,2018-10-18,Other,,100%,750xx,TX,< 1 year,0.0
1000.0,2018-10-18,Major purchase,,16.12%,932xx,CA,< 1 year,0.0
10000.0,2018-10-18,Debt consolidation,,100%,356xx,AL,< 1 year,0.0
2600.0,2018-10-18,Other,,24.83%,700xx,LA,< 1 year,0.0
40000.0,2018-10-19,Credit card refinancing,,28.3%,950xx,CA,< 1 year,0.0
20000.0,2018-10-19,Debt consolidation,,100%,330xx,FL,< 1 year,0.0
9500.0,2018-10-19,Debt consolidation,,36.77%,071xx,NJ,< 1 year,0.0
24675.0,2018-10-19,Car financing,,100%,120xx,NY,9 years,2.0
6000.0,2018-10-19,Car financing,,2.7%,902xx,CA,< 1 year,0.0
25875.0,2018-10-19,Car financing,,100%,900xx,CA,10+ years,0.0
35000.0,2018-10-19,Credit card refinancing,,28.77%,535xx,WI,< 1 year,0.0
20000.0,2018-10-19,Major purchase,,718.04%,490xx,MI,< 1 year,0.0
11500.0,2018-10-19,Debt consolidation,,8.02%,588xx,ND,< 1 year,0.0
10000.0,2018-10-20,Major purchase,,556%,301xx,GA,< 1 year,0.0
15000.0,2018-10-20,Credit card refinancing,,100%,852xx,AZ,< 1 year,0.0
11000.0,2018-10-20,Other,,0%,902xx,CA,< 1 year,0.0
10000.0,2018-10-21,Debt consolidation,,33.09%,233xx,VA,< 1 year,0.0
7500.0,2018-10-21,Other,,16.84%,320xx,FL,< 1 year,0.0
5000.0,2018-10-21,Credit card refinancing,,20.16%,630xx,MO,< 1 year,0.0
36000.0,2018-10-21,Credit card refinancing,,100%,913xx,CA,< 1 year,0.0
10000.0,2018-10-21,Debt consolidation,,14.35%,708xx,LA,< 1 year,0.0
10000.0,2018-10-22,Other,,1.92%,112xx,NY,< 1 year,0.0
5000.0,2018-10-22,Debt consolidation,,4%,380xx,TN,< 1 year,0.0
19000.0,2018-10-22,Home buying,,7.94%,341xx,FL,< 1 year,0.0
12000.0,2018-10-22,Debt consolidation,,12.18%,951xx,CA,< 1 year,0.0
2500.0,2018-10-22,Medical expenses,,30.15%,611xx,IL,,0.0
5000.0,2018-10-22,Debt consolidation,,16.42%,617xx,IL,5 years,0.0
5500.0,2018-10-22,Credit card refinancing,,100%,212xx,MD,< 1 year,0.0
5000.0,2018-10-22,Credit card refinancing,,7.02%,936xx,CA,10+ years,0.0
10000.0,2018-10-22,Credit card refinancing,,11.12%,331xx,FL,< 1 year,0.0
8500.0,2018-10-22,Other,,32.64%,838xx,ID,< 1 year,0.0
35000.0,2018-10-22,Debt consolidation,,100%,928xx,CA,< 1 year,0.0
38275.0,2018-10-22,Credit card refinancing,,100%,119xx,NY,< 1 year,0.0
17500.0,2018-10-22,Debt consolidation,,13.71%,320xx,FL,< 1 year,0.0
2000.0,2018-10-22,Other,,18.76%,610xx,IL,< 1 year,0.0
5000.0,2018-10-22,Other,,1.35%,070xx,NJ,< 1 year,0.0
10000.0,2018-10-22,Debt consolidation,,21.98%,330xx,FL,< 1 year,0.0
17525.0,2018-10-22,Car financing,,100%,930xx,CA,< 1 year,0.0
6000.0,2018-10-22,Debt consolidation,,4.98%,402xx,KY,< 1 year,0.0
12000.0,2018-10-22,Debt consolidation,,10.94%,993xx,WA,< 1 year,0.0
10000.0,2018-10-22,Credit card refinancing,,31.1%,900xx,CA,< 1 year,0.0
10000.0,2018-10-23,Other,,8.56%,434xx,OH,< 1 year,0.0
8000.0,2018-10-23,Credit card refinancing,,18.51%,156xx,PA,< 1 year,0.0
40000.0,2018-10-23,Home buying,,8.33%,486xx,MI,< 1 year,0.0
39000.0,2018-10-23,Debt consolidation,,20.99%,082xx,NJ,,0.0
3500.0,2018-10-23,Car financing,,31.42%,293xx,SC,< 1 year,0.0
15000.0,2018-10-23,Debt consolidation,,23.98%,440xx,OH,< 1 year,0.0
20000.0,2018-10-23,Debt consolidation,,75.1%,226xx,VA,< 1 year,0.0
2000.0,2018-10-24,Business,,25.57%,301xx,GA,< 1 year,0.0
3000.0,2018-10-24,Home buying,,15.99%,487xx,MI,< 1 year,0.0
1000.0,2018-10-24,Credit card refinancing,,1.8%,314xx,GA,< 1 year,0.0
18000.0,2018-10-24,Credit card refinancing,,36.59%,481xx,MI,< 1 year,0.0
30000.0,2018-10-24,Debt consolidation,,83.25%,331xx,FL,< 1 year,0.0
12500.0,2018-10-24,Credit card refinancing,,3.37%,073xx,NJ,< 1 year,0.0
17500.0,2018-10-24,Credit card refinancing,,9.27%,201xx,VA,< 1 year,0.0
5000.0,2018-10-24,Home buying,,14.93%,207xx,MD,< 1 year,0.0
10000.0,2018-10-24,Credit card refinancing,,37.12%,600xx,IL,< 1 year,0.0
10000.0,2018-10-24,Home buying,,7.61%,971xx,OR,< 1 year,0.0
35000.0,2018-10-24,Debt consolidation,,17.64%,076xx,NJ,< 1 year,0.0
1000.0,2018-10-24,Moving and relocation,,0.65%,546xx,WI,2 years,0.0
5000.0,2018-10-24,Credit card refinancing,,35.03%,337xx,FL,< 1 year,0.0
30000.0,2018-10-24,Debt consolidation,,39.56%,297xx,SC,< 1 year,0.0
20000.0,2018-10-24,Debt consolidation,,100%,234xx,VA,< 1 year,0.0
1000.0,2018-10-24,Other,,0.44%,383xx,WA,< 1 year,0.0
10000.0,2018-10-24,Credit card refinancing,,10.08%,063xx,CT,< 1 year,0.0
25000.0,2018-10-24,Debt consolidation,,26.96%,301xx,GA,< 1 year,0.0
10000.0,2018-10-25,Debt consolidation,,20.06%,324xx,FL,< 1 year,0.0
5000.0,2018-10-25,Other,,18.39%,601xx,IL,< 1 year,0.0
10000.0,2018-10-25,Home improvement,,36.81%,606xx,IL,< 1 year,0.0
10000.0,2018-10-25,Credit card refinancing,,41.53%,953xx,CA,< 1 year,0.0
10000.0,2018-10-25,Debt consolidation,,54.8%,463xx,IN,< 1 year,0.0
3000.0,2018-10-25,Business,,2.2%,919xx,CA,< 1 year,0.0
5000.0,2018-10-25,Other,,44.32%,851xx,AZ,< 1 year,0.0
3000.0,2018-10-25,Home improvement,,16.16%,402xx,KY,< 1 year,0.0
35000.0,2018-10-25,Other,,2.52%,333xx,FL,< 1 year,0.0
40000.0,2018-10-25,Debt consolidation,,100%,809xx,CO,< 1 year,0.0
10000.0,2018-10-25,Debt consolidation,,100%,335xx,FL,< 1 year,0.0
27500.0,2018-10-25,Credit card refinancing,,100%,199xx,DE,< 1 year,0.0
30000.0,2018-10-25,Home improvement,,15.91%,945xx,CA,< 1 year,0.0
1000.0,2018-10-25,Credit card refinancing,,0.96%,936xx,CA,< 1 year,0.0
15000.0,2018-10-25,Debt consolidation,,31.5%,605xx,IL,< 1 year,0.0
29500.0,2018-10-25,Debt consolidation,,11.75%,945xx,CA,< 1 year,0.0
10000.0,2018-10-26,Debt consolidation,,42.21%,920xx,CA,< 1 year,0.0
5000.0,2018-10-26,Car financing,,6.37%,210xx,MD,< 1 year,0.0
20000.0,2018-10-26,Moving and relocation,705.0,0%,465xx,IN,< 1 year,0.0
5000.0,2018-10-26,Credit card refinancing,,22.13%,802xx,CO,1 year,0.0
20000.0,2018-10-26,Debt consolidation,,53.47%,492xx,MI,< 1 year,0.0
6000.0,2018-10-26,Vacation,,11.52%,275xx,NC,< 1 year,0.0
5000.0,2018-10-26,Debt consolidation,,15.16%,751xx,TX,< 1 year,0.0
1000.0,2018-10-27,Medical expenses,,23.74%,554xx,MN,< 1 year,0.0
35000.0,2018-10-27,Debt consolidation,,56.59%,038xx,NH,< 1 year,0.0
5000.0,2018-10-27,Debt consolidation,,11.22%,479xx,IN,< 1 year,0.0
10000.0,2018-10-27,Home improvement,,100%,606xx,IL,< 1 year,0.0
2000.0,2018-10-28,Debt consolidation,,7.42%,207xx,MD,< 1 year,0.0
10000.0,2018-10-28,Credit card refinancing,,21.23%,635xx,MO,< 1 year,0.0
20000.0,2018-10-28,Debt consolidation,,15.06%,018xx,MA,< 1 year,0.0
5000.0,2018-10-28,Other,,40.52%,183xx,PA,< 1 year,0.0
35500.0,2018-10-28,Debt consolidation,,44.77%,616xx,IL,< 1 year,0.0
5000.0,2018-10-28,Credit card refinancing,,13.44%,920xx,CA,,0.0
21000.0,2018-10-28,Debt consolidation,,22.98%,100xx,NY,< 1 year,0.0
5000.0,2018-10-28,Credit card refinancing,,17.87%,956xx,CA,< 1 year,0.0
15000.0,2018-10-29,Debt consolidation,,3.49%,279xx,NC,< 1 year,0.0
25000.0,2018-10-29,Debt consolidation,,20.64%,490xx,MI,< 1 year,0.0
25000.0,2018-10-29,Credit card refinancing,,40.22%,936xx,CA,< 1 year,0.0
15500.0,2018-10-29,Credit card refinancing,,5.87%,201xx,VA,< 1 year,0.0
15000.0,2018-10-29,Debt consolidation,,37.97%,062xx,CT,< 1 year,0.0
3000.0,2018-10-29,Other,,100%,315xx,GA,< 1 year,0.0
10000.0,2018-10-29,Other,,100%,403xx,KY,< 1 year,0.0
6000.0,2018-10-29,Other,,36.8%,339xx,FL,< 1 year,0.0
5000.0,2018-10-29,Debt consolidation,,16.27%,300xx,GA,,0.0
20000.0,2018-10-29,Home improvement,,25.77%,546xx,WI,< 1 year,0.0
17000.0,2018-10-29,Debt consolidation,,55.64%,280xx,NC,< 1 year,0.0
10000.0,2018-10-30,Debt consolidation,,5.22%,891xx,NV,< 1 year,0.0
20000.0,2018-10-30,Debt consolidation,,13%,852xx,AZ,< 1 year,0.0
6000.0,2018-10-30,Debt consolidation,,26.68%,895xx,NV,< 1 year,0.0
7000.0,2018-10-30,Debt consolidation,,3.97%,021xx,MA,< 1 year,0.0
3000.0,2018-10-30,Other,,20.29%,973xx,OR,< 1 year,0.0
22000.0,2018-10-30,Home buying,,18.64%,482xx,MI,< 1 year,0.0
5000.0,2018-10-30,Debt consolidation,,21.98%,066xx,CT,,0.0
16000.0,2018-10-30,Debt consolidation,,100%,956xx,CA,< 1 year,0.0
40000.0,2018-10-30,Other,,8.28%,653xx,MO,< 1 year,0.0
5000.0,2018-10-31,Debt consolidation,,13.06%,405xx,KY,< 1 year,0.0
35000.0,2018-10-31,Home buying,,17.23%,393xx,MS,< 1 year,0.0
6000.0,2018-10-31,Other,,6.8%,606xx,IL,< 1 year,0.0
10000.0,2018-10-31,Home buying,,28.97%,990xx,WA,< 1 year,0.0
5000.0,2018-10-31,Debt consolidation,,19.73%,776xx,TX,< 1 year,0.0
4500.0,2018-11-01,Credit card refinancing,,20.77%,402xx,KY,< 1 year,0.0
25000.0,2018-11-01,Debt consolidation,,23.73%,431xx,OH,< 1 year,0.0
23000.0,2018-11-01,Debt consolidation,,48.77%,752xx,TX,< 1 year,0.0
15000.0,2018-11-01,Debt consolidation,,18.77%,115xx,NY,,0.0
2000.0,2018-11-01,Home improvement,,10.39%,290xx,SC,< 1 year,0.0
6000.0,2018-11-01,Car financing,,16.4%,705xx,LA,< 1 year,0.0
12000.0,2018-11-01,Debt consolidation,,100%,940xx,CA,< 1 year,0.0
40000.0,2018-11-01,Other,,100%,297xx,SC,< 1 year,0.0
40000.0,2018-11-01,Debt consolidation,,8.84%,754xx,TX,< 1 year,0.0
2500.0,2018-11-01,Debt consolidation,,2.95%,395xx,MS,,0.0
4000.0,2018-11-01,Medical expenses,,85.75%,074xx,NJ,< 1 year,0.0
6500.0,2018-11-02,Other,,15.66%,200xx,DC,< 1 year,0.0
1500.0,2018-11-02,Debt consolidation,,32.53%,243xx,VA,< 1 year,0.0
2000.0,2018-11-02,Other,,29.43%,606xx,IL,< 1 year,0.0
4500.0,2018-11-02,Other,570.0,0%,329xx,FL,< 1 year,0.0
5000.0,2018-11-02,Home buying,,12.79%,360xx,AL,,0.0
35000.0,2018-11-02,Debt consolidation,,34.01%,333xx,FL,< 1 year,0.0
8500.0,2018-11-02,Debt consolidation,,27.96%,300xx,GA,< 1 year,0.0
15000.0,2018-11-02,Home buying,,13.19%,617xx,IL,< 1 year,0.0
5000.0,2018-11-02,Other,,24.47%,890xx,NV,< 1 year,0.0
2500.0,2018-11-02,Car financing,,49.42%,220xx,VA,5 years,0.0
8500.0,2018-11-02,Credit card refinancing,,8.47%,770xx,TX,< 1 year,0.0
8000.0,2018-11-02,Credit card refinancing,,14.85%,880xx,NM,10+ years,2.0
5000.0,2018-11-03,Home buying,,24.89%,323xx,FL,< 1 year,0.0
8500.0,2018-11-03,Home buying,,10.21%,775xx,TX,< 1 year,0.0
2500.0,2018-11-03,Credit card refinancing,,22.05%,159xx,PA,< 1 year,0.0
3000.0,2018-11-03,Credit card refinancing,,16.56%,329xx,FL,< 1 year,0.0
2000.0,2018-11-03,Home improvement,555.0,11.04%,770xx,TX,< 1 year,0.0
10000.0,2018-11-03,Debt consolidation,,21.53%,300xx,GA,< 1 year,0.0
5000.0,2018-11-03,Debt consolidation,,39.37%,498xx,MI,< 1 year,0.0
40000.0,2018-11-03,Debt consolidation,,23.95%,347xx,FL,< 1 year,0.0
10000.0,2018-11-03,Home buying,,0.62%,296xx,SC,< 1 year,0.0
10000.0,2018-11-03,Debt consolidation,,100%,605xx,IL,< 1 year,0.0
3000.0,2018-11-03,Debt consolidation,,20.63%,935xx,CA,< 1 year,0.0
1000.0,2018-11-04,Other,,100%,648xx,MO,< 1 year,0.0
1200.0,2018-11-04,Other,,2.13%,934xx,CA,< 1 year,0.0
12000.0,2018-11-05,Other,,28.31%,297xx,SC,< 1 year,0.0
8000.0,2018-11-05,Debt consolidation,,18.77%,309xx,GA,< 1 year,0.0
5000.0,2018-11-05,Moving and relocation,576.0,100%,735xx,OK,< 1 year,0.0
5000.0,2018-11-05,Other,,45.62%,350xx,AL,< 1 year,0.0
15000.0,2018-11-05,Other,,42.16%,190xx,PA,< 1 year,0.0
1000.0,2018-11-05,Other,,23.18%,386xx,MS,< 1 year,0.0
10000.0,2018-11-05,Major purchase,,1.48%,880xx,NM,< 1 year,0.0
35000.0,2018-11-05,Other,,1.02%,441xx,OH,< 1 year,0.0
35000.0,2018-11-05,Debt consolidation,,10.78%,953xx,CA,< 1 year,0.0
1000.0,2018-11-05,Other,,100%,080xx,NJ,< 1 year,0.0
13000.0,2018-11-05,Car financing,,1.2%,630xx,MO,< 1 year,0.0
7000.0,2018-11-05,Debt consolidation,,7.94%,743xx,OK,< 1 year,0.0
12000.0,2018-11-06,Debt consolidation,,29.31%,706xx,LA,< 1 year,0.0
4000.0,2018-11-06,Debt consolidation,,33.5%,275xx,NC,< 1 year,0.0
10000.0,2018-11-06,Credit card refinancing,,21.93%,293xx,SC,< 1 year,0.0
25000.0,2018-11-06,Credit card refinancing,,39.84%,062xx,CT,< 1 year,0.0
10500.0,2018-11-06,Debt consolidation,,27.98%,342xx,FL,< 1 year,0.0
15000.0,2018-11-06,Credit card refinancing,,100%,386xx,MS,< 1 year,0.0
15000.0,2018-11-06,Debt consolidation,,23.62%,442xx,OH,< 1 year,0.0
1000.0,2018-11-07,Other,,0.82%,253xx,WV,< 1 year,0.0
10000.0,2018-11-07,Home buying,,22.73%,799xx,TX,< 1 year,0.0
10000.0,2018-11-07,Other,,69.67%,351xx,AL,< 1 year,0.0
3000.0,2018-11-07,Debt consolidation,596.0,100%,436xx,OH,< 1 year,0.0
20000.0,2018-11-07,Debt consolidation,,22.4%,906xx,CA,< 1 year,0.0
10000.0,2018-11-07,Other,,7.83%,700xx,LA,< 1 year,0.0
28000.0,2018-11-07,Debt consolidation,,21.2%,104xx,NY,< 1 year,0.0
1900.0,2018-11-07,Other,,21.8%,863xx,AZ,< 1 year,0.0
1000.0,2018-11-08,Debt consolidation,,22.8%,436xx,OH,< 1 year,0.0
19000.0,2018-11-08,Other,,30.23%,191xx,PA,< 1 year,0.0
20000.0,2018-11-08,Debt consolidation,,19.26%,465xx,IN,< 1 year,0.0
1000.0,2018-11-08,Debt consolidation,599.0,0%,306xx,GA,< 1 year,0.0
20000.0,2018-11-08,Debt consolidation,,13.11%,236xx,VA,< 1 year,0.0
25000.0,2018-11-08,Debt consolidation,,6.9%,800xx,CO,< 1 year,0.0
3025.0,2018-11-08,Debt consolidation,,41.17%,300xx,GA,< 1 year,0.0
10000.0,2018-11-08,Home buying,721.0,100%,114xx,NY,< 1 year,0.0
4000.0,2018-11-08,Credit card refinancing,,45.68%,128xx,NY,< 1 year,0.0
1000.0,2018-11-08,Medical expenses,,6.38%,646xx,MO,< 1 year,0.0
9000.0,2018-11-08,Major purchase,,0%,707xx,LA,< 1 year,0.0
10000.0,2018-11-08,Credit card refinancing,,10.48%,630xx,MO,< 1 year,0.0
35000.0,2018-11-09,Major purchase,,10.17%,786xx,TX,< 1 year,0.0
40000.0,2018-11-09,Debt consolidation,,27.02%,220xx,VA,< 1 year,0.0
40000.0,2018-11-09,Major purchase,,11.36%,349xx,FL,< 1 year,0.0
10000.0,2018-11-09,Debt consolidation,,6.78%,082xx,NJ,< 1 year,0.0
18000.0,2018-11-09,Debt consolidation,,14.3%,458xx,OH,< 1 year,0.0
5000.0,2018-11-09,Debt consolidation,,10.2%,553xx,MN,< 1 year,0.0
5000.0,2018-11-09,Debt consolidation,,6.96%,773xx,TX,< 1 year,0.0
12000.0,2018-11-09,Debt consolidation,,100%,481xx,MI,< 1 year,0.0
22000.0,2018-11-09,Debt consolidation,,17.91%,432xx,OH,< 1 year,0.0
3500.0,2018-11-09,Moving and relocation,,2.45%,765xx,TX,< 1 year,0.0
9975.0,2018-11-09,Credit card refinancing,742.0,6.46%,337xx,FL,< 1 year,0.0
10000.0,2018-11-09,Debt consolidation,,100%,634xx,MO,,0.0
1000.0,2018-11-10,Other,,17.48%,328xx,FL,< 1 year,0.0
15000.0,2018-11-10,Debt consolidation,,55.88%,140xx,NY,< 1 year,0.0
6000.0,2018-11-10,Debt consolidation,,28.36%,806xx,CO,< 1 year,0.0
10000.0,2018-11-10,Business,,27.44%,617xx,IL,< 1 year,0.0
20000.0,2018-11-10,Debt consolidation,,9.82%,440xx,OH,< 1 year,0.0
1500.0,2018-11-11,Other,,0%,352xx,AL,< 1 year,0.0
10000.0,2018-11-11,Debt consolidation,,41.24%,980xx,WA,< 1 year,0.0
5000.0,2018-11-11,Credit card refinancing,,0.39%,951xx,CA,< 1 year,0.0
16000.0,2018-11-12,Credit card refinancing,,29.25%,193xx,PA,< 1 year,0.0
15000.0,2018-11-12,Other,,21.53%,921xx,CA,< 1 year,0.0
11000.0,2018-11-12,Business,,20.32%,480xx,MI,< 1 year,0.0
5000.0,2018-11-12,Other,,100%,751xx,TX,< 1 year,0.0
10000.0,2018-11-13,Home buying,,5.53%,905xx,CA,< 1 year,0.0
21000.0,2018-11-13,Credit card refinancing,,100%,197xx,DE,< 1 year,0.0
10000.0,2018-11-13,Debt consolidation,,17.13%,341xx,FL,< 1 year,0.0
1000.0,2018-11-13,Vacation,,20.16%,283xx,NC,< 1 year,0.0
6500.0,2018-11-13,Debt consolidation,,37.11%,330xx,FL,5 years,2.0
5000.0,2018-11-13,Other,,56.39%,874xx,NM,< 1 year,0.0
20500.0,2018-11-13,Credit card refinancing,,383.62%,984xx,WA,< 1 year,0.0
10500.0,2018-11-13,Medical expenses,,14.82%,752xx,TX,< 1 year,0.0
2500.0,2018-11-13,Debt consolidation,,100%,295xx,SC,3 years,0.0
5000.0,2018-11-13,Other,,12.67%,327xx,FL,< 1 year,0.0
22000.0,2018-11-13,Car financing,,53.47%,315xx,GA,,0.0
25000.0,2018-11-13,Car financing,,11.67%,850xx,AZ,< 1 year,0.0
1500.0,2018-11-14,Debt consolidation,,38.26%,415xx,KY,< 1 year,0.0
40000.0,2018-11-14,Debt consolidation,,38.09%,074xx,NJ,< 1 year,0.0
17025.0,2018-11-14,Car financing,,100%,402xx,KY,< 1 year,0.0
2500.0,2018-11-14,Medical expenses,,1.2%,370xx,TN,,0.0
8000.0,2018-11-14,Debt consolidation,,45%,230xx,VA,< 1 year,0.0
15000.0,2018-11-14,Debt consolidation,,51.46%,392xx,MS,< 1 year,0.0
10000.0,2018-11-14,Other,,31.62%,970xx,OR,< 1 year,0.0
5000.0,2018-11-14,Medical expenses,,3.07%,125xx,NY,< 1 year,0.0
10000.0,2018-11-14,Credit card refinancing,,20.19%,447xx,OH,< 1 year,0.0
5000.0,2018-11-14,Other,,0.52%,705xx,LA,< 1 year,0.0
20000.0,2018-11-14,Home buying,,13.13%,278xx,NC,,0.0
1500.0,2018-11-14,Car financing,,100%,274xx,NC,8 years,0.0
10500.0,2018-11-14,Credit card refinancing,,45.54%,593xx,MT,< 1 year,0.0
10000.0,2018-11-14,Other,,17.6%,860xx,AZ,< 1 year,0.0
34000.0,2018-11-14,Debt consolidation,,6.46%,062xx,CT,< 1 year,0.0
23000.0,2018-11-14,Debt consolidation,,100%,937xx,CA,< 1 year,0.0
20000.0,2018-11-14,Credit card refinancing,,100%,917xx,CA,< 1 year,0.0
15000.0,2018-11-14,Credit card refinancing,,100%,112xx,NY,< 1 year,0.0
15000.0,2018-11-14,Debt consolidation,,16.17%,785xx,TX,< 1 year,0.0
20000.0,2018-11-14,Home improvement,,0.2%,750xx,TX,< 1 year,0.0
10000.0,2018-11-15,Credit card refinancing,,17.82%,726xx,AR,< 1 year,0.0
20000.0,2018-11-15,Major purchase,,94.11%,299xx,SC,< 1 year,0.0
10000.0,2018-11-15,Other,,43.04%,731xx,OK,< 1 year,0.0
4000.0,2018-11-15,Credit card refinancing,,7.06%,292xx,SC,< 1 year,0.0
17000.0,2018-11-15,Debt consolidation,,100%,229xx,VA,< 1 year,0.0
6000.0,2018-11-15,Other,,363.2%,657xx,MO,< 1 year,0.0
12500.0,2018-11-15,Credit card refinancing,,54.36%,766xx,TX,< 1 year,0.0
17500.0,2018-11-16,Other,,22.64%,445xx,OH,< 1 year,0.0
30000.0,2018-11-16,Credit card refinancing,,28.97%,853xx,AZ,,0.0
3500.0,2018-11-16,Car financing,,5.15%,381xx,TN,< 1 year,0.0
3425.0,2018-11-16,Credit card refinancing,,13.45%,027xx,MA,< 1 year,0.0
10000.0,2018-11-16,Credit card refinancing,,52.25%,383xx,TN,< 1 year,0.0
5000.0,2018-11-16,Credit card refinancing,,26.62%,193xx,PA,< 1 year,0.0
35000.0,2018-11-17,Credit card refinancing,,26.13%,015xx,MA,< 1 year,0.0
2000.0,2018-11-17,Other,,420.37%,121xx,NY,< 1 year,0.0
20000.0,2018-11-17,Other,,12.33%,921xx,CA,10+ years,0.0
13000.0,2018-11-17,Debt consolidation,,29.03%,846xx,UT,< 1 year,0.0
5000.0,2018-11-17,Other,,17.75%,782xx,TX,< 1 year,0.0
15000.0,2018-11-17,Debt consolidation,,100%,912xx,CA,< 1 year,0.0
14000.0,2018-11-17,Debt consolidation,,24.35%,333xx,FL,< 1 year,0.0
10000.0,2018-11-17,Credit card refinancing,,4.72%,752xx,TX,< 1 year,0.0
10000.0,2018-11-18,Debt consolidation,,24.57%,064xx,CT,< 1 year,0.0
25000.0,2018-11-18,Debt consolidation,,16.16%,335xx,FL,< 1 year,0.0
10000.0,2018-11-18,Debt consolidation,,34.68%,064xx,CT,< 1 year,0.0
10000.0,2018-11-18,Major purchase,,24.2%,770xx,TX,< 1 year,0.0
20000.0,2018-11-18,Debt consolidation,,48.02%,458xx,OH,< 1 year,0.0
40000.0,2018-11-18,Other,,14.26%,088xx,NJ,< 1 year,0.0
40000.0,2018-11-19,Home buying,,6.62%,481xx,MI,< 1 year,0.0
30000.0,2018-11-19,Debt consolidation,,32.34%,298xx,SC,< 1 year,0.0
11500.0,2018-11-19,Credit card refinancing,,21.24%,117xx,NY,< 1 year,0.0
10000.0,2018-11-19,Debt consolidation,,17.01%,325xx,FL,< 1 year,0.0
40000.0,2018-11-19,Home buying,,0.39%,921xx,CA,< 1 year,0.0
15000.0,2018-11-19,Debt consolidation,,52.7%,302xx,GA,< 1 year,0.0
3500.0,2018-11-19,Debt consolidation,,1.29%,383xx,TN,< 1 year,0.0
3500.0,2018-11-19,Debt consolidation,,1.07%,330xx,FL,< 1 year,0.0
5000.0,2018-11-19,Other,,20.16%,554xx,MN,< 1 year,0.0
1000.0,2018-11-19,Home buying,,4.63%,294xx,SC,< 1 year,0.0
15000.0,2018-11-19,Debt consolidation,,100%,481xx,MI,< 1 year,0.0
10000.0,2018-11-19,Debt consolidation,,44.96%,330xx,FL,< 1 year,0.0
8000.0,2018-11-19,Debt consolidation,,22.51%,923xx,CA,< 1 year,0.0
20000.0,2018-11-20,Credit card refinancing,,24.88%,968xx,HI,< 1 year,0.0
15000.0,2018-11-20,Debt consolidation,,19.95%,707xx,LA,< 1 year,0.0
35000.0,2018-11-20,Major purchase,,16.02%,191xx,PA,< 1 year,0.0
10000.0,2018-11-20,Other,,66.69%,357xx,AL,< 1 year,0.0
3000.0,2018-11-20,Debt consolidation,,9.82%,549xx,WI,< 1 year,0.0
10000.0,2018-11-20,Major purchase,,9.7%,184xx,PA,< 1 year,0.0
5000.0,2018-11-20,Other,,41.16%,440xx,OH,< 1 year,0.0
10000.0,2018-11-20,Debt consolidation,,8.52%,815xx,CO,< 1 year,0.0
4000.0,2018-11-20,Debt consolidation,,20.56%,280xx,NC,< 1 year,0.0
3000.0,2018-11-21,Debt consolidation,,25.07%,774xx,TX,< 1 year,0.0
3500.0,2018-11-21,Home improvement,,42.93%,895xx,NV,< 1 year,0.0
5000.0,2018-11-21,Other,,2.5%,782xx,TX,< 1 year,0.0
10000.0,2018-11-21,Car financing,,13.07%,900xx,CA,< 1 year,0.0
10000.0,2018-11-21,Debt consolidation,,30.54%,787xx,TX,< 1 year,0.0
1200.0,2018-11-21,Other,,8.03%,302xx,GA,< 1 year,0.0
5400.0,2018-11-22,Credit card refinancing,,59.25%,706xx,LA,< 1 year,0.0
1000.0,2018-11-22,Other,,100%,633xx,MO,< 1 year,0.0
1000.0,2018-11-22,Home buying,,45.92%,445xx,OH,< 1 year,0.0
2000.0,2018-11-23,Car financing,,10.6%,330xx,FL,< 1 year,0.0
2000.0,2018-11-23,Other,,0%,952xx,CA,< 1 year,0.0
6000.0,2018-11-23,Debt consolidation,,23.34%,448xx,OH,< 1 year,0.0
20000.0,2018-11-23,Debt consolidation,,16.05%,774xx,TX,8 years,0.0
1000.0,2018-11-23,Other,623.0,100%,775xx,TX,5 years,0.0
2000.0,2018-11-23,Other,,13.18%,982xx,WA,< 1 year,0.0
10000.0,2018-11-23,Debt consolidation,,14.23%,412xx,KY,< 1 year,0.0
10000.0,2018-11-23,Debt consolidation,,100%,851xx,AZ,< 1 year,0.0
5000.0,2018-11-23,Other,,0.34%,665xx,KS,< 1 year,0.0
20000.0,2018-11-23,Major purchase,,4.07%,072xx,NJ,< 1 year,0.0
2500.0,2018-11-24,Other,,53.37%,359xx,AL,< 1 year,0.0
5000.0,2018-11-24,Moving and relocation,,33.07%,799xx,TX,< 1 year,0.0
20000.0,2018-11-24,Debt consolidation,,21.9%,129xx,NY,< 1 year,0.0
5000.0,2018-11-24,Moving and relocation,,0%,333xx,FL,1 year,0.0
28975.0,2018-11-24,Other,,100%,302xx,GA,< 1 year,0.0
5000.0,2018-11-24,Debt consolidation,566.0,100%,456xx,OH,< 1 year,0.0
10000.0,2018-11-24,Major purchase,,7.3%,921xx,CA,< 1 year,0.0
35000.0,2018-11-25,Debt consolidation,,16.01%,104xx,NY,< 1 year,0.0
35000.0,2018-11-25,Other,,11.23%,234xx,VA,< 1 year,0.0
5000.0,2018-11-25,Debt consolidation,,46.58%,295xx,SC,< 1 year,0.0
22175.0,2018-11-25,Credit card refinancing,,35.26%,932xx,CA,< 1 year,0.0
5000.0,2018-11-25,Car financing,,1.33%,550xx,MN,,0.0
20000.0,2018-11-25,Home improvement,,31.06%,112xx,NY,< 1 year,0.0
2000.0,2018-11-25,Debt consolidation,,12.46%,135xx,NY,< 1 year,0.0
14000.0,2018-11-25,Credit card refinancing,,36.6%,121xx,NY,< 1 year,0.0
10000.0,2018-11-25,Other,,22.84%,231xx,VA,< 1 year,0.0
9000.0,2018-11-25,Debt consolidation,,100%,991xx,WA,< 1 year,0.0
10000.0,2018-11-25,Debt consolidation,,13.55%,716xx,AR,< 1 year,0.0
10000.0,2018-11-25,Moving and relocation,594.0,1.31%,495xx,MI,< 1 year,0.0
25200.0,2018-11-26,Car financing,,23.99%,150xx,PA,,0.0
10000.0,2018-11-26,Other,638.0,2.57%,283xx,NC,< 1 year,0.0
20000.0,2018-11-26,Debt consolidation,,9.67%,140xx,NY,< 1 year,0.0
15000.0,2018-11-26,Debt consolidation,,51.38%,786xx,TX,< 1 year,0.0
3500.0,2018-11-26,Debt consolidation,,100%,350xx,AL,,0.0
35000.0,2018-11-26,Home buying,,24.27%,104xx,NY,< 1 year,0.0
21000.0,2018-11-26,Car financing,,39.27%,922xx,CA,5 years,0.0
2000.0,2018-11-26,Medical expenses,,0%,783xx,TX,< 1 year,0.0
6000.0,2018-11-26,Other,,15.64%,985xx,WA,< 1 year,0.0
10000.0,2018-11-26,Debt consolidation,,100%,761xx,TX,< 1 year,0.0
2500.0,2018-11-26,Other,,17.25%,285xx,NC,< 1 year,0.0
15000.0,2018-11-26,Major purchase,,25.25%,255xx,WV,< 1 year,0.0
10950.0,2018-11-26,Car financing,,100%,432xx,OH,1 year,0.0
1500.0,2018-11-26,Other,,307.63%,834xx,ID,< 1 year,0.0
1000.0,2018-11-27,Major purchase,591.0,3.86%,377xx,TN,4 years,0.0
20000.0,2018-11-27,Debt consolidation,698.0,100%,547xx,WI,< 1 year,0.0
2500.0,2018-11-27,Other,,41.66%,381xx,TN,< 1 year,0.0
30000.0,2018-11-27,Debt consolidation,,22.7%,550xx,MN,< 1 year,0.0
5000.0,2018-11-27,Debt consolidation,,4.24%,113xx,NY,< 1 year,0.0
7000.0,2018-11-27,Debt consolidation,,1.88%,412xx,KY,< 1 year,0.0
2000.0,2018-11-27,Debt consolidation,,12.86%,178xx,PA,< 1 year,0.0
5000.0,2018-11-27,Debt consolidation,,20.8%,440xx,OH,< 1 year,0.0
1000.0,2018-11-27,Major purchase,,0.17%,452xx,OH,< 1 year,0.0
2000.0,2018-11-27,Credit card refinancing,,7.36%,604xx,IL,< 1 year,0.0
35000.0,2018-11-27,Debt consolidation,,36.06%,152xx,PA,< 1 year,0.0
4000.0,2018-11-28,Debt consolidation,,0%,104xx,NY,< 1 year,0.0
11000.0,2018-11-28,Debt consolidation,,9.09%,012xx,MA,< 1 year,0.0
25000.0,2018-11-28,Home buying,,16.89%,029xx,RI,< 1 year,0.0
2400.0,2018-11-28,Debt consolidation,,40.8%,921xx,CA,< 1 year,0.0
15000.0,2018-11-28,Credit card refinancing,,23.28%,949xx,CA,< 1 year,0.0
1000.0,2018-11-28,Other,,100%,911xx,CA,< 1 year,0.0
14750.0,2018-11-28,Car financing,,100%,456xx,OH,,0.0
10000.0,2018-11-28,Credit card refinancing,,17.01%,468xx,IN,< 1 year,0.0
5000.0,2018-11-28,Credit card refinancing,,100%,246xx,VA,< 1 year,0.0
20000.0,2018-11-28,Debt consolidation,,54.03%,710xx,LA,< 1 year,0.0
6000.0,2018-11-28,Debt consolidation,,100%,393xx,MS,5 years,0.0
20000.0,2018-11-28,Debt consolidation,,100%,328xx,FL,< 1 year,0.0
40000.0,2018-11-28,Debt consolidation,,30.99%,986xx,WA,< 1 year,0.0
15000.0,2018-11-28,Credit card refinancing,,10.7%,444xx,OH,< 1 year,0.0
21500.0,2018-11-28,Major purchase,,7.15%,328xx,FL,< 1 year,0.0
1000.0,2018-11-28,Debt consolidation,,58%,967xx,HI,< 1 year,0.0
12825.0,2018-11-28,Car financing,,100%,932xx,CA,1 year,0.0
4200.0,2018-11-29,Car financing,,1317.58%,416xx,KY,< 1 year,0.0
25000.0,2018-11-29,Debt consolidation,,20.31%,335xx,FL,< 1 year,0.0
10000.0,2018-11-29,Credit card refinancing,,55.78%,333xx,FL,< 1 year,0.0
25000.0,2018-11-29,Debt consolidation,,8.03%,113xx,NY,< 1 year,0.0
30000.0,2018-11-29,Debt consolidation,,20.4%,334xx,FL,< 1 year,0.0
3200.0,2018-11-29,Other,,1.56%,462xx,IN,< 1 year,0.0
1500.0,2018-11-29,Other,,18.81%,029xx,RI,< 1 year,0.0
1000.0,2018-11-29,Other,,5.34%,786xx,TX,< 1 year,0.0
15200.0,2018-11-29,Car financing,,12.33%,949xx,CA,< 1 year,0.0
30000.0,2018-11-29,Debt consolidation,,100%,273xx,NC,< 1 year,0.0
10500.0,2018-11-29,Credit card refinancing,,29.34%,704xx,LA,< 1 year,0.0
3000.0,2018-11-29,Debt consolidation,,0.6%,970xx,OR,< 1 year,0.0
2000.0,2018-11-30,Car financing,,5.66%,960xx,CA,< 1 year,0.0
30000.0,2018-11-30,Debt consolidation,,17.54%,924xx,CA,< 1 year,0.0
5000.0,2018-11-30,Other,,18.51%,354xx,AL,< 1 year,0.0
5000.0,2018-11-30,Other,,19.62%,226xx,VA,< 1 year,0.0
30000.0,2018-11-30,Debt consolidation,,16.52%,891xx,NV,< 1 year,0.0
20000.0,2018-11-30,Major purchase,,25.59%,844xx,UT,< 1 year,0.0
1000.0,2018-11-30,Vacation,,16.93%,081xx,NJ,5 years,0.0
35000.0,2018-12-01,Other,595.0,2.5%,922xx,CA,< 1 year,0.0
1000.0,2018-12-01,Other,,2.18%,930xx,CA,5 years,0.0
2000.0,2018-12-01,Other,,42.34%,628xx,IL,< 1 year,0.0
5000.0,2018-12-02,Home improvement,,39.88%,283xx,NC,< 1 year,0.0
10000.0,2018-12-02,Debt consolidation,,100%,549xx,WI,< 1 year,0.0
2000.0,2018-12-02,Other,,100%,067xx,CT,< 1 year,0.0
1000.0,2018-12-02,Other,694.0,0%,432xx,OH,< 1 year,0.0
15000.0,2018-12-02,Debt consolidation,,49.84%,850xx,AZ,< 1 year,0.0
2000.0,2018-12-03,Debt consolidation,,100%,272xx,NC,1 year,0.0
5000.0,2018-12-03,Debt consolidation,,3.08%,328xx,FL,3 years,0.0
30000.0,2018-12-03,Debt consolidation,,40.59%,110xx,NY,< 1 year,0.0
10000.0,2018-12-03,Other,,1.46%,334xx,FL,< 1 year,0.0
19000.0,2018-12-03,Other,,19.13%,587xx,ND,< 1 year,0.0
1500.0,2018-12-03,Other,625.0,9.08%,329xx,FL,< 1 year,0.0
3000.0,2018-12-03,Moving and relocation,,26.26%,302xx,GA,< 1 year,0.0
30000.0,2018-12-03,Credit card refinancing,,30.59%,440xx,OH,< 1 year,0.0
10000.0,2018-12-03,Other,,25%,797xx,TX,< 1 year,0.0
8000.0,2018-12-03,Vacation,,18.52%,582xx,ND,< 1 year,0.0
10000.0,2018-12-03,Home buying,,3.36%,453xx,OH,< 1 year,0.0
12000.0,2018-12-03,Debt consolidation,,35.62%,483xx,MI,< 1 year,0.0
25000.0,2018-12-03,Other,,10.08%,275xx,NC,< 1 year,0.0
30000.0,2018-12-03,Major purchase,,15.7%,720xx,AR,< 1 year,0.0
30000.0,2018-12-04,Debt consolidation,,1.71%,302xx,GA,< 1 year,0.0
20000.0,2018-12-04,Debt consolidation,,0.26%,900xx,CA,< 1 year,0.0
3000.0,2018-12-04,Medical expenses,,1.92%,113xx,NY,,0.0
11000.0,2018-12-04,Credit card refinancing,,6.19%,925xx,CA,< 1 year,0.0
10000.0,2018-12-04,Debt consolidation,,9.84%,295xx,SC,< 1 year,0.0
7000.0,2018-12-04,Debt consolidation,,5.08%,907xx,CA,< 1 year,0.0
10000.0,2018-12-04,Debt consolidation,,5.87%,140xx,NY,< 1 year,0.0
1500.0,2018-12-04,Other,,18%,721xx,AR,< 1 year,0.0
1000.0,2018-12-04,Other,,2.89%,832xx,ID,< 1 year,0.0
5000.0,2018-12-04,Other,,27.97%,441xx,OH,< 1 year,0.0
7000.0,2018-12-04,Debt consolidation,,18.83%,110xx,NY,< 1 year,0.0
10000.0,2018-12-04,Other,612.0,0%,773xx,TX,< 1 year,0.0
2000.0,2018-12-04,Debt consolidation,,12.19%,544xx,WI,< 1 year,0.0
5000.0,2018-12-04,Other,,0%,287xx,NC,< 1 year,0.0
1000.0,2018-12-05,Other,738.0,9.92%,900xx,CA,< 1 year,0.0
1000.0,2018-12-05,Other,,100%,212xx,MD,3 years,0.0
5000.0,2018-12-05,Home buying,,15.53%,811xx,CO,1 year,0.0
20000.0,2018-12-05,Debt consolidation,,29.49%,028xx,RI,< 1 year,0.0
1000.0,2018-12-05,Medical expenses,,21.39%,060xx,CT,< 1 year,0.0
2500.0,2018-12-05,Debt consolidation,,23.44%,917xx,CA,< 1 year,0.0
10000.0,2018-12-05,Debt consolidation,,9.32%,211xx,MD,< 1 year,0.0
3000.0,2018-12-05,Other,,29.84%,785xx,TX,< 1 year,0.0
1000.0,2018-12-05,Other,,6.15%,181xx,PA,< 1 year,0.0
1500.0,2018-12-05,Other,,68.42%,468xx,IN,< 1 year,0.0
1200.0,2018-12-05,Major purchase,,96.39%,984xx,WA,< 1 year,0.0
5000.0,2018-12-05,Home buying,,38.31%,853xx,AZ,< 1 year,0.0
5000.0,2018-12-05,Other,,15.56%,665xx,KS,,0.0
10000.0,2018-12-05,Other,,22.32%,284xx,NC,< 1 year,0.0
10000.0,2018-12-05,Debt consolidation,,28.62%,700xx,LA,< 1 year,0.0
25000.0,2018-12-05,Other,,48.16%,681xx,NE,< 1 year,0.0
2000.0,2018-12-05,Debt consolidation,,2.11%,731xx,OK,< 1 year,0.0
40000.0,2018-12-06,Debt consolidation,,49.72%,469xx,IN,< 1 year,0.0
3000.0,2018-12-06,Other,,100%,626xx,IL,< 1 year,0.0
10000.0,2018-12-06,Other,,39.63%,782xx,TX,< 1 year,0.0
20000.0,2018-12-06,Debt consolidation,,34.76%,238xx,VA,< 1 year,0.0
10000.0,2018-12-06,Debt consolidation,,21.17%,300xx,GA,< 1 year,0.0
5000.0,2018-12-06,Other,,14.43%,236xx,VA,6 years,0.0
40000.0,2018-12-06,Debt consolidation,,58.57%,945xx,CA,< 1 year,0.0
15000.0,2018-12-06,Other,,12.72%,113xx,NY,< 1 year,0.0
1000.0,2018-12-07,Other,599.0,0%,152xx,PA,5 years,0.0
7000.0,2018-12-07,Debt consolidation,,7.95%,967xx,HI,< 1 year,0.0
5000.0,2018-12-07,Other,,15.12%,439xx,OH,< 1 year,0.0
10000.0,2018-12-07,Other,,47.73%,339xx,FL,< 1 year,0.0
5000.0,2018-12-07,Other,,7.2%,180xx,PA,< 1 year,0.0
2500.0,2018-12-07,Major purchase,,9.22%,482xx,MI,< 1 year,0.0
12300.0,2018-12-07,Other,,63.39%,347xx,FL,< 1 year,0.0
1000.0,2018-12-07,Other,,10.98%,937xx,CA,4 years,0.0
10000.0,2018-12-07,Debt consolidation,,28.28%,747xx,OK,< 1 year,0.0
1000.0,2018-12-07,Other,,2.3%,373xx,TN,1 year,0.0
10000.0,2018-12-08,Other,,20.2%,956xx,CA,< 1 year,0.0
5000.0,2018-12-08,Other,571.0,0.65%,980xx,WA,,0.0
10000.0,2018-12-08,Major purchase,,23.04%,029xx,RI,< 1 year,0.0
14000.0,2018-12-08,Credit card refinancing,,14.4%,070xx,NJ,1 year,2.0
10000.0,2018-12-08,Credit card refinancing,,11.24%,781xx,TX,< 1 year,0.0
10000.0,2018-12-08,Credit card refinancing,,24.5%,233xx,VA,< 1 year,0.0
10000.0,2018-12-08,Credit card refinancing,,14.56%,782xx,TX,< 1 year,0.0
20000.0,2018-12-08,Other,,55900%,171xx,PA,< 1 year,0.0
40000.0,2018-12-08,Other,,8.71%,112xx,NY,< 1 year,0.0
5000.0,2018-12-09,Car financing,,2.08%,180xx,PA,< 1 year,0.0
30000.0,2018-12-09,Credit card refinancing,,27.72%,853xx,AZ,,0.0
3000.0,2018-12-09,Credit card refinancing,,83.84%,441xx,OH,< 1 year,0.0
10000.0,2018-12-09,Debt consolidation,,53.36%,294xx,SC,< 1 year,0.0
1000.0,2018-12-10,Other,,3.54%,554xx,MN,5 years,0.0
5000.0,2018-12-10,Debt consolidation,,30.08%,986xx,WA,< 1 year,0.0
30000.0,2018-12-10,Home buying,,62.54%,333xx,FL,< 1 year,0.0
2000.0,2018-12-10,Credit card refinancing,,10.04%,048xx,ME,< 1 year,0.0
20000.0,2018-12-10,Credit card refinancing,,7.96%,338xx,FL,< 1 year,0.0
30000.0,2018-12-10,Debt consolidation,,24.34%,685xx,NE,< 1 year,0.0
8000.0,2018-12-10,Credit card refinancing,,8.45%,950xx,CA,< 1 year,0.0
5000.0,2018-12-10,Other,,56.51%,331xx,FL,6 years,0.0
2000.0,2018-12-10,Other,,46%,481xx,MI,< 1 year,0.0
10000.0,2018-12-10,Debt consolidation,,36.06%,293xx,SC,< 1 year,0.0
5000.0,2018-12-11,Other,,15.27%,785xx,TX,< 1 year,0.0
5000.0,2018-12-11,Debt consolidation,,6.5%,785xx,TX,< 1 year,0.0
3000.0,2018-12-11,Moving and relocation,,8.84%,554xx,MN,1 year,0.0
9000.0,2018-12-11,Other,,22.17%,381xx,TN,,0.0
8000.0,2018-12-11,Credit card refinancing,,37.09%,618xx,IL,< 1 year,0.0
1000.0,2018-12-11,Other,,0%,207xx,MD,5 years,0.0
3500.0,2018-12-11,Debt consolidation,,6.17%,539xx,WI,< 1 year,0.0
20000.0,2018-12-11,Other,,9.75%,283xx,NC,< 1 year,0.0
37000.0,2018-12-11,Debt consolidation,,7.26%,923xx,CA,< 1 year,0.0
1000.0,2018-12-11,Medical expenses,,11.43%,932xx,CA,< 1 year,0.0
20000.0,2018-12-12,Other,,4.35%,053xx,VT,< 1 year,0.0
40000.0,2018-12-12,Other,,12.92%,234xx,VA,< 1 year,0.0
5000.0,2018-12-12,Other,,0%,047xx,ME,< 1 year,0.0
10000.0,2018-12-12,Debt consolidation,,21.33%,194xx,PA,< 1 year,0.0
4500.0,2018-12-12,Other,,0%,236xx,VA,,0.0
6000.0,2018-12-12,Debt consolidation,,41.97%,651xx,MO,< 1 year,0.0
25000.0,2018-12-12,Debt consolidation,,61.5%,748xx,OK,,0.0
15000.0,2018-12-12,Debt consolidation,,26.21%,048xx,ME,< 1 year,0.0
10000.0,2018-12-12,Other,,9.8%,983xx,WA,< 1 year,0.0
1000.0,2018-12-12,Debt consolidation,,17.73%,680xx,NE,1 year,0.0
1000.0,2018-12-12,Other,,23.52%,209xx,MD,< 1 year,0.0
5000.0,2018-12-12,Home buying,,22.09%,650xx,MO,< 1 year,0.0
5000.0,2018-12-12,Other,,8.18%,021xx,MA,< 1 year,0.0
10000.0,2018-12-12,Medical expenses,,8.62%,293xx,SC,< 1 year,0.0
1000.0,2018-12-12,Other,,11.77%,984xx,WA,< 1 year,0.0
10000.0,2018-12-12,Debt consolidation,,9.82%,287xx,NC,< 1 year,0.0
35000.0,2018-12-13,Debt consolidation,,23.08%,925xx,CA,< 1 year,0.0
5000.0,2018-12-13,Other,,158.31%,320xx,FL,< 1 year,0.0
1500.0,2018-12-13,Debt consolidation,,0%,160xx,PA,< 1 year,0.0
5000.0,2018-12-13,Other,,33.23%,768xx,TX,< 1 year,0.0
10500.0,2018-12-13,Debt consolidation,,24.45%,712xx,LA,< 1 year,0.0
10000.0,2018-12-13,Debt consolidation,,26.31%,927xx,CA,8 years,0.0
30000.0,2018-12-13,Car financing,652.0,0%,253xx,WV,< 1 year,0.0
10000.0,2018-12-14,Debt consolidation,,53.47%,744xx,OK,< 1 year,0.0
10000.0,2018-12-14,Medical expenses,,5.7%,113xx,NY,< 1 year,0.0
3500.0,2018-12-14,Debt consolidation,,26.78%,735xx,OK,< 1 year,0.0
2500.0,2018-12-14,Debt consolidation,,0.71%,630xx,MO,5 years,0.0
15000.0,2018-12-14,Debt consolidation,,38.57%,900xx,CA,3 years,0.0
10000.0,2018-12-14,Credit card refinancing,,25.43%,077xx,NJ,< 1 year,0.0
20525.0,2018-12-14,Debt consolidation,,0%,770xx,TX,< 1 year,0.0
10000.0,2018-12-14,Debt consolidation,,36.78%,306xx,GA,< 1 year,0.0
3000.0,2018-12-15,Credit card refinancing,,58.52%,455xx,OH,< 1 year,0.0
1000.0,2018-12-15,Other,,9.53%,278xx,NC,< 1 year,0.0
10000.0,2018-12-15,Debt consolidation,,7.09%,434xx,OH,< 1 year,0.0
10000.0,2018-12-15,Credit card refinancing,,14.02%,542xx,WI,< 1 year,0.0
5500.0,2018-12-15,Other,,33.58%,871xx,NM,< 1 year,0.0
5000.0,2018-12-15,Credit card refinancing,,24.8%,950xx,CA,< 1 year,0.0
8000.0,2018-12-15,Home improvement,,84.64%,787xx,TX,< 1 year,0.0
30000.0,2018-12-15,Car financing,,7.01%,018xx,MA,< 1 year,0.0
10000.0,2018-12-15,Other,567.0,1.4%,600xx,IL,< 1 year,0.0
13000.0,2018-12-16,Car financing,,7.43%,750xx,TX,< 1 year,0.0
2500.0,2018-12-16,Debt consolidation,561.0,0.57%,296xx,SC,5 years,0.0
40000.0,2018-12-16,Credit card refinancing,,37.11%,917xx,CA,< 1 year,0.0
40000.0,2018-12-16,Debt consolidation,,100%,297xx,SC,< 1 year,0.0
20000.0,2018-12-17,Medical expenses,,18.15%,550xx,MN,< 1 year,0.0
12000.0,2018-12-17,Home improvement,,9.8%,113xx,NY,< 1 year,0.0
15000.0,2018-12-17,Other,,1.32%,782xx,TX,< 1 year,0.0
22500.0,2018-12-17,Credit card refinancing,,28.8%,232xx,VA,< 1 year,0.0
2500.0,2018-12-17,Moving and relocation,,16.7%,704xx,LA,4 years,0.0
1500.0,2018-12-17,Credit card refinancing,,8.19%,021xx,MA,< 1 year,0.0
25000.0,2018-12-17,Green loan,,18.59%,064xx,CT,< 1 year,0.0
40000.0,2018-12-17,Debt consolidation,,25.21%,075xx,NJ,< 1 year,0.0
1000.0,2018-12-17,Debt consolidation,,18%,322xx,FL,1 year,0.0
40000.0,2018-12-17,Debt consolidation,,14.2%,735xx,OK,< 1 year,0.0
5500.0,2018-12-17,Other,,0%,774xx,TX,< 1 year,0.0
19500.0,2018-12-17,Major purchase,,8.75%,761xx,TX,< 1 year,0.0
23500.0,2018-12-17,Major purchase,,3.47%,612xx,IL,< 1 year,0.0
10000.0,2018-12-18,Credit card refinancing,,53.71%,773xx,TX,< 1 year,0.0
20000.0,2018-12-18,Debt consolidation,,28.95%,052xx,VT,< 1 year,0.0
5000.0,2018-12-18,Other,,64.28%,441xx,OH,< 1 year,0.0
1000.0,2018-12-18,Other,,16.2%,775xx,TX,5 years,0.0
40000.0,2018-12-18,Debt consolidation,,41.04%,783xx,TX,< 1 year,0.0
25000.0,2018-12-18,Credit card refinancing,,19.59%,706xx,LA,< 1 year,0.0
4500.0,2018-12-18,Credit card refinancing,,32.44%,483xx,MI,< 1 year,0.0
5000.0,2018-12-18,Debt consolidation,,13.26%,296xx,SC,< 1 year,0.0
2900.0,2018-12-18,Credit card refinancing,,100%,305xx,GA,< 1 year,0.0
1400.0,2018-12-18,Moving and relocation,,100%,328xx,FL,< 1 year,0.0
7000.0,2018-12-19,Debt consolidation,,9.24%,782xx,TX,< 1 year,0.0
6000.0,2018-12-19,Debt consolidation,,14.65%,356xx,AL,< 1 year,0.0
12000.0,2018-12-19,Debt consolidation,,19.82%,323xx,FL,< 1 year,0.0
4500.0,2018-12-19,Other,,4.6%,588xx,ND,< 1 year,0.0
3000.0,2018-12-19,Other,,0%,199xx,DE,,0.0
10000.0,2018-12-19,Credit card refinancing,,21.2%,801xx,CO,< 1 year,0.0
3000.0,2018-12-19,Other,,24.92%,782xx,TX,< 1 year,0.0
5100.0,2018-12-19,Credit card refinancing,,12.07%,103xx,NY,< 1 year,0.0
5000.0,2018-12-19,Business,,26.38%,795xx,TX,< 1 year,0.0
1000.0,2018-12-19,Other,591.0,4.33%,711xx,LA,,0.0
5000.0,2018-12-19,Debt consolidation,,1.97%,972xx,OR,< 1 year,0.0
15000.0,2018-12-20,Credit card refinancing,,34.09%,601xx,IL,< 1 year,0.0
10000.0,2018-12-20,Home buying,,9.07%,082xx,NJ,< 1 year,0.0
2000.0,2018-12-20,Moving and relocation,,15.18%,967xx,HI,< 1 year,0.0
5000.0,2018-12-20,Debt consolidation,,10.06%,917xx,CA,< 1 year,0.0
14000.0,2018-12-20,Car financing,,8.5%,530xx,WI,< 1 year,0.0
10000.0,2018-12-20,Debt consolidation,,13.37%,977xx,OR,< 1 year,0.0
2500.0,2018-12-20,Credit card refinancing,,100%,133xx,NY,,0.0
12500.0,2018-12-21,Debt consolidation,,100%,666xx,KS,< 1 year,0.0
30000.0,2018-12-21,Credit card refinancing,,22.99%,790xx,TX,< 1 year,0.0
3000.0,2018-12-21,Other,,26.76%,751xx,TX,< 1 year,0.0
2000.0,2018-12-21,Debt consolidation,,25.9%,482xx,MI,< 1 year,0.0
7000.0,2018-12-21,Home buying,,55.58%,420xx,KY,,0.0
8000.0,2018-12-21,Debt consolidation,,44.96%,254xx,WV,< 1 year,0.0
35000.0,2018-12-21,Car financing,,1.14%,113xx,NY,< 1 year,0.0
2000.0,2018-12-21,Home improvement,,14.73%,600xx,IL,< 1 year,0.0
5000.0,2018-12-21,Other,,100%,921xx,CA,< 1 year,0.0
1000.0,2018-12-21,Debt consolidation,,6.26%,906xx,CA,8 years,0.0
17750.0,2018-12-21,Car financing,,100%,750xx,TX,< 1 year,0.0
5000.0,2018-12-21,Other,,8.42%,748xx,OK,5 years,0.0
30000.0,2018-12-21,Debt consolidation,,24.41%,286xx,NC,< 1 year,0.0
3000.0,2018-12-21,Other,,8.02%,770xx,TX,< 1 year,0.0
2000.0,2018-12-21,Credit card refinancing,,6.96%,608xx,IL,< 1 year,0.0
9000.0,2018-12-21,Debt consolidation,,17.42%,210xx,MD,< 1 year,0.0
16000.0,2018-12-21,Other,,17.58%,163xx,PA,< 1 year,0.0
5500.0,2018-12-22,Other,,19.05%,349xx,FL,< 1 year,0.0
4000.0,2018-12-22,Other,,10.27%,923xx,CA,< 1 year,0.0
14000.0,2018-12-22,Debt consolidation,,26.8%,531xx,WI,< 1 year,0.0
25500.0,2018-12-22,Debt consolidation,,26.44%,681xx,NE,,0.0
5000.0,2018-12-23,Other,,16.74%,333xx,FL,< 1 year,0.0
25000.0,2018-12-23,Credit card refinancing,,15.15%,113xx,NY,< 1 year,0.0
1500.0,2018-12-23,Vacation,,1.01%,372xx,TN,1 year,0.0
8000.0,2018-12-23,Major purchase,,100%,212xx,MD,< 1 year,0.0
1000.0,2018-12-24,Other,,2.19%,730xx,OK,5 years,0.0
7000.0,2018-12-24,Major purchase,,1.16%,797xx,TX,< 1 year,0.0
10000.0,2018-12-24,Home buying,,649.62%,366xx,AL,< 1 year,0.0
28000.0,2018-12-24,Other,,0%,686xx,NE,< 1 year,0.0
10000.0,2018-12-24,Major purchase,,2.67%,797xx,TX,< 1 year,0.0
20000.0,2018-12-25,Other,662.0,0%,130xx,NY,< 1 year,0.0
30000.0,2018-12-25,Credit card refinancing,,100%,948xx,CA,< 1 year,0.0
5000.0,2018-12-25,Debt consolidation,,0.81%,940xx,CA,< 1 year,0.0
8000.0,2018-12-26,Debt consolidation,,50.5%,875xx,NM,< 1 year,0.0
5000.0,2018-12-26,Other,,39.92%,019xx,MA,< 1 year,0.0
2000.0,2018-12-26,Home buying,,0%,278xx,NC,< 1 year,0.0
10000.0,2018-12-26,Credit card refinancing,,33.86%,791xx,TX,< 1 year,0.0
10000.0,2018-12-26,Other,,0.6%,773xx,TX,< 1 year,0.0
17425.0,2018-12-26,Credit card refinancing,,83.38%,440xx,OH,< 1 year,0.0
20000.0,2018-12-26,Debt consolidation,,65.7%,955xx,CA,< 1 year,0.0
23000.0,2018-12-26,Debt consolidation,,26.65%,184xx,PA,< 1 year,0.0
1000.0,2018-12-26,Debt consolidation,591.0,0%,770xx,TX,4 years,0.0
10000.0,2018-12-26,Other,,9.88%,951xx,CA,< 1 year,0.0
10000.0,2018-12-26,Debt consolidation,,8.84%,357xx,AL,< 1 year,0.0
7000.0,2018-12-27,Moving and relocation,,84.59%,296xx,SC,< 1 year,0.0
3000.0,2018-12-27,Debt consolidation,,29.49%,630xx,MO,< 1 year,0.0
4000.0,2018-12-27,Other,,16.7%,468xx,IN,< 1 year,0.0
2000.0,2018-12-27,Vacation,,29.77%,919xx,CA,< 1 year,0.0
5000.0,2018-12-27,Debt consolidation,,6.25%,104xx,NY,< 1 year,0.0
10000.0,2018-12-27,Other,,213.6%,368xx,AL,< 1 year,0.0
17500.0,2018-12-27,Debt consolidation,,21.7%,322xx,FL,< 1 year,0.0
30000.0,2018-12-28,Debt consolidation,,11.7%,119xx,NY,< 1 year,0.0
5000.0,2018-12-28,Debt consolidation,,18.02%,974xx,OR,< 1 year,0.0
40000.0,2018-12-28,Debt consolidation,,37.62%,329xx,FL,< 1 year,0.0
4000.0,2018-12-28,Other,,18.68%,493xx,MI,< 1 year,0.0
15000.0,2018-12-28,Credit card refinancing,,7.34%,460xx,IN,< 1 year,0.0
5000.0,2018-12-28,Medical expenses,,1.91%,731xx,OK,< 1 year,0.0
5000.0,2018-12-29,Debt consolidation,,13.09%,992xx,WA,< 1 year,0.0
35000.0,2018-12-29,Debt consolidation,,74.38%,325xx,FL,< 1 year,0.0
5000.0,2018-12-29,Credit card refinancing,,38.75%,283xx,NC,< 1 year,0.0
5000.0,2018-12-29,Major purchase,,16.09%,450xx,OH,< 1 year,0.0
40000.0,2018-12-29,Debt consolidation,,52.25%,372xx,TN,< 1 year,0.0
2500.0,2018-12-29,Business,,23.72%,294xx,SC,< 1 year,0.0
6000.0,2018-12-30,Credit card refinancing,,4.76%,467xx,IN,< 1 year,0.0
1000.0,2018-12-30,Other,,16.05%,549xx,WI,1 year,0.0
2500.0,2018-12-30,Other,,7.85%,750xx,TX,< 1 year,0.0
10000.0,2018-12-30,Credit card refinancing,,43.92%,772xx,TX,< 1 year,0.0
10000.0,2018-12-30,Major purchase,,21.19%,937xx,CA,< 1 year,0.0
15000.0,2018-12-31,Home improvement,,27.68%,216xx,MD,< 1 year,0.0
4525.0,2018-12-31,Other,,46.36%,780xx,TX,< 1 year,0.0
15500.0,2018-12-31,Other,,13.66%,156xx,PA,< 1 year,0.0
24500.0,2018-12-31,Credit card refinancing,,18.94%,360xx,AL,10+ years,2.0
1000.0,2018-12-31,Debt consolidation,,28.24%,330xx,FL,< 1 year,0.0
10000.0,2018-12-31,Credit card refinancing,,2.21%,112xx,NY,< 1 year,0.0
1500.0,2018-12-31,Other,,4%,316xx,GA,< 1 year,0.0
5000.0,2018-12-31,Debt consolidation,,3.42%,170xx,PA,< 1 year,0.0
1000.0,2018-12-31,Debt consolidation,,1.4%,951xx,CA,1 year,0.0
2500.0,2018-12-31,Credit card refinancing,,15.2%,176xx,PA,< 1 year,0.0
10000.0,2018-12-31,Debt consolidation,,24.95%,990xx,WA,,0.0
4925.0,2018-04-01,Car financing,,100%,560xx,MN,< 1 year,0.0
40000.0,2018-04-01,Credit card refinancing,,19.02%,606xx,IL,< 1 year,0.0
35000.0,2018-04-01,Debt consolidation,,12.96%,949xx,CA,< 1 year,0.0
6000.0,2018-04-01,Credit card refinancing,,5.55%,750xx,TX,< 1 year,0.0
3000.0,2018-04-01,Major purchase,,24.21%,983xx,WA,< 1 year,0.0
10000.0,2018-04-02,Other,,45.29%,606xx,IL,< 1 year,0.0
40000.0,2018-04-02,Business,,22.22%,018xx,MA,< 1 year,0.0
10000.0,2018-04-02,Debt consolidation,,47.18%,640xx,MO,< 1 year,0.0
5000.0,2018-04-02,Debt consolidation,,15.39%,750xx,TX,< 1 year,0.0
25000.0,2018-04-02,Debt consolidation,,81.45%,393xx,MS,< 1 year,0.0
10000.0,2018-04-02,Debt consolidation,,50.18%,619xx,IL,< 1 year,0.0
7000.0,2018-04-02,Credit card refinancing,,22.64%,902xx,CA,< 1 year,0.0
10000.0,2018-04-02,Credit card refinancing,,39.4%,946xx,CA,,0.0
20000.0,2018-04-02,Other,,100%,774xx,TX,< 1 year,0.0
21000.0,2018-04-02,Debt consolidation,,107.47%,330xx,FL,< 1 year,0.0
2000.0,2018-04-03,Major purchase,,32.35%,712xx,LA,< 1 year,0.0
5000.0,2018-04-03,Other,,12.99%,786xx,TX,< 1 year,0.0
40000.0,2018-04-03,Business,,5.05%,112xx,NY,< 1 year,0.0
30000.0,2018-04-03,Debt consolidation,,12.22%,410xx,KY,< 1 year,0.0
13500.0,2018-04-03,Other,,8.28%,855xx,AZ,< 1 year,0.0
5000.0,2018-04-03,Debt consolidation,,0.6%,956xx,CA,< 1 year,0.0
3000.0,2018-04-03,Debt consolidation,,244%,446xx,OH,< 1 year,0.0
5000.0,2018-04-03,Debt consolidation,,0.54%,331xx,FL,< 1 year,0.0
10000.0,2018-04-04,Debt consolidation,,981.01%,720xx,AR,< 1 year,0.0
10000.0,2018-04-04,Vacation,,27.18%,040xx,ME,< 1 year,0.0
20000.0,2018-04-04,Debt consolidation,,16.89%,124xx,NY,< 1 year,0.0
10000.0,2018-04-04,Other,,0%,282xx,NC,< 1 year,0.0
15000.0,2018-04-04,Debt consolidation,,1.5%,900xx,CA,< 1 year,0.0
3000.0,2018-04-04,Debt consolidation,,1049.07%,296xx,SC,< 1 year,0.0
40000.0,2018-04-04,Home improvement,,0%,959xx,CA,< 1 year,0.0
26350.0,2018-04-04,Car financing,,100%,273xx,NC,1 year,0.0
25000.0,2018-04-04,Business,,19.09%,471xx,IN,< 1 year,0.0
3500.0,2018-04-04,Major purchase,,1.5%,028xx,RI,< 1 year,0.0
25000.0,2018-04-04,Credit card refinancing,,100%,640xx,MO,< 1 year,0.0
15000.0,2018-04-04,Debt consolidation,,22.84%,608xx,IL,10+ years,0.0
15000.0,2018-04-04,Debt consolidation,,44.59%,701xx,LA,< 1 year,0.0
6100.0,2018-04-04,Credit card refinancing,,51.88%,017xx,MA,< 1 year,0.0
15000.0,2018-04-05,Debt consolidation,,27.95%,330xx,FL,< 1 year,0.0
20500.0,2018-04-05,Credit card refinancing,,24.53%,920xx,CA,< 1 year,0.0
10000.0,2018-04-05,Debt consolidation,,20.88%,115xx,NY,< 1 year,0.0
30000.0,2018-04-05,Credit card refinancing,,21.41%,782xx,TX,< 1 year,0.0
3000.0,2018-04-05,Car financing,,0%,925xx,CA,< 1 year,0.0
4000.0,2018-04-05,Credit card refinancing,,12.49%,112xx,NY,< 1 year,0.0
6000.0,2018-04-05,Debt consolidation,,28.18%,284xx,NC,< 1 year,0.0
3000.0,2018-04-05,Other,,4.9%,652xx,MO,< 1 year,0.0
2500.0,2018-04-06,Home buying,,8.86%,923xx,CA,< 1 year,0.0
6000.0,2018-04-06,Debt consolidation,,11.99%,802xx,CO,< 1 year,0.0
8750.0,2018-04-06,Other,,22.94%,606xx,IL,< 1 year,0.0
10000.0,2018-04-06,Debt consolidation,,13.65%,726xx,AR,< 1 year,0.0
10000.0,2018-04-06,Other,,30.88%,751xx,TX,< 1 year,0.0
12000.0,2018-04-06,Debt consolidation,,100%,774xx,TX,< 1 year,0.0
1000.0,2018-04-06,Debt consolidation,,0%,591xx,MT,< 1 year,0.0
11000.0,2018-04-06,Credit card refinancing,,6.07%,207xx,MD,< 1 year,0.0
3000.0,2018-04-07,Major purchase,,41.75%,314xx,GA,< 1 year,0.0
20000.0,2018-04-07,Other,,10.38%,727xx,AR,< 1 year,0.0
1500.0,2018-04-07,Debt consolidation,,32.67%,060xx,CT,< 1 year,0.0
10000.0,2018-04-07,Credit card refinancing,,404.8%,081xx,NJ,< 1 year,0.0
15000.0,2018-04-07,Debt consolidation,,29.91%,894xx,NV,< 1 year,0.0
1000.0,2018-04-07,Home improvement,,12.84%,074xx,NJ,< 1 year,0.0
15000.0,2018-04-07,Home buying,,9.8%,836xx,ID,10+ years,0.0
14000.0,2018-04-07,Credit card refinancing,,13.89%,021xx,MA,< 1 year,0.0
10000.0,2018-04-07,Other,,1.36%,180xx,PA,,0.0
5000.0,2018-04-07,Debt consolidation,,13%,112xx,NY,< 1 year,0.0
10000.0,2018-04-07,Other,,12.49%,932xx,CA,< 1 year,0.0
10000.0,2018-04-08,Major purchase,,1.39%,302xx,GA,< 1 year,0.0
30000.0,2018-04-08,Credit card refinancing,,20.26%,151xx,PA,< 1 year,0.0
4000.0,2018-04-08,Car financing,,100%,981xx,WA,< 1 year,0.0
15000.0,2018-04-08,Credit card refinancing,,22.69%,460xx,IN,< 1 year,0.0
12000.0,2018-04-08,Debt consolidation,,8.25%,920xx,CA,< 1 year,0.0
5000.0,2018-04-08,Other,,16.19%,701xx,LA,< 1 year,0.0
10000.0,2018-04-08,Home buying,,12.16%,163xx,PA,< 1 year,0.0
6000.0,2018-04-09,Debt consolidation,,8.51%,325xx,FL,< 1 year,0.0
27000.0,2018-04-09,Other,,21.18%,344xx,FL,< 1 year,0.0
35000.0,2018-04-09,Debt consolidation,,16.68%,902xx,CA,< 1 year,0.0
1000.0,2018-04-09,Car financing,638.0,6.38%,146xx,NY,< 1 year,0.0
3000.0,2018-04-09,Car financing,,2.78%,856xx,AZ,< 1 year,0.0
13000.0,2018-04-09,Credit card refinancing,,100%,125xx,NY,< 1 year,0.0
20000.0,2018-04-09,Credit card refinancing,,100%,281xx,NC,< 1 year,0.0
10000.0,2018-04-10,Debt consolidation,,42.94%,798xx,TX,< 1 year,0.0
40000.0,2018-04-10,Debt consolidation,,100%,714xx,LA,< 1 year,0.0
40000.0,2018-04-10,Debt consolidation,,36.94%,119xx,NY,< 1 year,0.0
5000.0,2018-04-10,Other,,10.38%,072xx,NJ,< 1 year,0.0
9000.0,2018-04-10,Debt consolidation,,31.53%,180xx,PA,< 1 year,0.0
10000.0,2018-04-10,Debt consolidation,,0.51%,921xx,CA,< 1 year,0.0
5000.0,2018-04-10,Debt consolidation,,1.43%,906xx,CA,< 1 year,0.0
4500.0,2018-04-10,Business,,15.4%,535xx,WI,< 1 year,0.0
2500.0,2018-04-11,Debt consolidation,,16.32%,926xx,CA,< 1 year,0.0
13100.0,2018-04-11,Other,,0.06%,296xx,SC,< 1 year,0.0
36000.0,2018-04-11,Debt consolidation,,21.71%,483xx,MI,< 1 year,0.0
10000.0,2018-04-11,Home buying,,0%,782xx,TX,< 1 year,0.0
10000.0,2018-04-11,Debt consolidation,,42.16%,070xx,NJ,< 1 year,0.0
15000.0,2018-04-11,Debt consolidation,,23.14%,330xx,FL,< 1 year,0.0
20000.0,2018-04-11,Credit card refinancing,,95.8%,380xx,TN,< 1 year,0.0
40000.0,2018-04-11,Debt consolidation,,100%,488xx,MI,< 1 year,0.0
35000.0,2018-04-11,Debt consolidation,,15.94%,627xx,IL,< 1 year,0.0
5000.0,2018-04-11,Credit card refinancing,,9.11%,207xx,MD,< 1 year,0.0
1000.0,2018-04-12,Credit card refinancing,,3.81%,162xx,PA,< 1 year,0.0
1000.0,2018-04-12,Debt consolidation,,4.9%,352xx,AL,< 1 year,0.0
12000.0,2018-04-12,Debt consolidation,,34.4%,953xx,CA,< 1 year,0.0
20000.0,2018-04-12,Credit card refinancing,,18.19%,405xx,KY,< 1 year,0.0
6000.0,2018-04-12,Debt consolidation,,100%,273xx,NC,< 1 year,0.0
1500.0,2018-04-12,Credit card refinancing,,17.68%,328xx,FL,< 1 year,0.0
9000.0,2018-04-12,Credit card refinancing,,22.95%,679xx,KS,< 1 year,0.0
15000.0,2018-04-12,Debt consolidation,,31.47%,060xx,CT,< 1 year,0.0
40000.0,2018-04-12,Debt consolidation,,24.5%,770xx,TX,< 1 year,0.0
5000.0,2018-04-12,Other,,67.71%,974xx,OR,< 1 year,0.0
2500.0,2018-04-12,Debt consolidation,,0.44%,553xx,MN,< 1 year,0.0
8000.0,2018-04-12,Home improvement,,35.76%,756xx,TX,< 1 year,0.0
5000.0,2018-04-12,Debt consolidation,,20.36%,840xx,UT,< 1 year,0.0
15000.0,2018-04-13,Home buying,,12.08%,181xx,PA,< 1 year,0.0
10000.0,2018-04-13,Home buying,,3.77%,117xx,NY,< 1 year,0.0
30500.0,2018-04-13,Credit card refinancing,,42.92%,104xx,NY,< 1 year,0.0
5000.0,2018-04-13,Home improvement,,13.88%,453xx,OH,< 1 year,0.0
10000.0,2018-04-13,Home improvement,,33.04%,320xx,FL,< 1 year,0.0
15000.0,2018-04-13,Credit card refinancing,,18.11%,902xx,CA,< 1 year,0.0
6000.0,2018-04-13,Debt consolidation,,0%,751xx,TX,< 1 year,0.0
15000.0,2018-04-13,Debt consolidation,,16.2%,934xx,CA,< 1 year,0.0
10000.0,2018-04-13,Other,,100%,481xx,MI,< 1 year,0.0
15000.0,2018-04-14,Other,,42.87%,035xx,NH,< 1 year,0.0
5000.0,2018-04-14,Credit card refinancing,,100%,224xx,VA,< 1 year,0.0
11000.0,2018-04-14,Credit card refinancing,,100%,852xx,AZ,< 1 year,0.0
1500.0,2018-04-14,Other,,3.47%,286xx,NC,< 1 year,0.0
22475.0,2018-04-14,Car financing,,100%,956xx,CA,1 year,0.0
10000.0,2018-04-15,Debt consolidation,,14.9%,850xx,AZ,< 1 year,0.0
2850.0,2018-04-15,Home improvement,,100%,229xx,VA,< 1 year,0.0
10000.0,2018-04-15,Major purchase,,0.64%,198xx,DE,< 1 year,0.0
20000.0,2018-04-15,Other,,39.13%,117xx,NY,< 1 year,0.0
2000.0,2018-04-15,Debt consolidation,,41.89%,782xx,TX,< 1 year,0.0
26975.0,2018-04-16,Debt consolidation,,69.24%,379xx,TN,< 1 year,0.0
6000.0,2018-04-16,Other,,234.72%,346xx,FL,< 1 year,0.0
6000.0,2018-04-16,Car financing,,40.57%,349xx,FL,< 1 year,0.0
6000.0,2018-04-16,Debt consolidation,,13.55%,741xx,OK,< 1 year,0.0
25000.0,2018-04-16,Business,,59.44%,803xx,CO,< 1 year,0.0
11500.0,2018-04-16,Car financing,,100%,850xx,AZ,1 year,0.0
2500.0,2018-04-16,Other,577.0,0.6%,852xx,AZ,< 1 year,0.0
5000.0,2018-04-16,Credit card refinancing,,25.86%,448xx,OH,< 1 year,0.0
10000.0,2018-04-16,Other,,2.97%,210xx,MD,< 1 year,0.0
15000.0,2018-04-16,Credit card refinancing,,52.16%,484xx,MI,< 1 year,0.0
25000.0,2018-04-16,Debt consolidation,,67.03%,799xx,TX,< 1 year,0.0
7000.0,2018-04-16,Moving and relocation,,22.24%,974xx,OR,< 1 year,0.0
10000.0,2018-04-17,Credit card refinancing,,131.52%,930xx,CA,< 1 year,0.0
25000.0,2018-04-17,Debt consolidation,,8.06%,493xx,MI,< 1 year,0.0
40000.0,2018-04-17,Debt consolidation,,57.81%,352xx,AL,< 1 year,0.0
5000.0,2018-04-17,Other,,42.78%,234xx,VA,< 1 year,0.0
5000.0,2018-04-17,Debt consolidation,,0%,366xx,AL,< 1 year,0.0
12000.0,2018-04-17,Debt consolidation,,51.86%,463xx,IN,< 1 year,0.0
10000.0,2018-04-17,Other,,15.4%,952xx,CA,< 1 year,0.0
10000.0,2018-04-17,Credit card refinancing,,21.62%,657xx,MO,< 1 year,0.0
13000.0,2018-04-17,Debt consolidation,,19.61%,125xx,NY,< 1 year,0.0
4000.0,2018-04-17,Car financing,,100%,935xx,CA,< 1 year,0.0
5000.0,2018-04-17,Other,,30.77%,993xx,WA,< 1 year,0.0
3000.0,2018-04-17,Car financing,,9.52%,604xx,IL,< 1 year,0.0
1000.0,2018-04-17,Major purchase,,1.5%,751xx,TX,< 1 year,0.0
15500.0,2018-04-17,Debt consolidation,,21.35%,906xx,CA,< 1 year,0.0
12475.0,2018-04-17,Car financing,,100%,462xx,IN,10+ years,0.0
2000.0,2018-04-18,Major purchase,,0%,981xx,WA,< 1 year,0.0
1000.0,2018-04-18,Major purchase,,12.78%,060xx,CT,< 1 year,0.0
3000.0,2018-04-18,Debt consolidation,583.0,0%,993xx,WA,< 1 year,0.0
1900.0,2018-04-18,Other,,0%,646xx,MO,< 1 year,0.0
10000.0,2018-04-18,Credit card refinancing,,14.51%,448xx,OH,< 1 year,0.0
2000.0,2018-04-18,Other,,30.76%,975xx,OR,< 1 year,0.0
10000.0,2018-04-18,Home buying,,10.66%,316xx,GA,< 1 year,0.0
6500.0,2018-04-18,Debt consolidation,,11.61%,012xx,MA,3 years,0.0
5000.0,2018-04-18,Credit card refinancing,,40.64%,195xx,PA,< 1 year,0.0
2500.0,2018-04-18,Credit card refinancing,,7.04%,982xx,WA,< 1 year,0.0
25000.0,2018-04-18,Debt consolidation,,100%,707xx,LA,< 1 year,0.0
35000.0,2018-04-19,Credit card refinancing,,34.98%,295xx,SC,< 1 year,0.0
1000.0,2018-04-19,Medical expenses,,22.57%,937xx,CA,< 1 year,0.0
5000.0,2018-04-19,Credit card refinancing,,17.96%,334xx,FL,< 1 year,0.0
1000.0,2018-04-19,Other,,0.92%,110xx,NY,< 1 year,0.0
6000.0,2018-04-19,Debt consolidation,,12.97%,940xx,CA,< 1 year,0.0
7000.0,2018-04-19,Debt consolidation,,23.75%,840xx,UT,< 1 year,0.0
40000.0,2018-04-19,Debt consolidation,,13.54%,860xx,AZ,< 1 year,0.0
2000.0,2018-04-20,Vacation,,19.1%,018xx,MA,< 1 year,0.0
5000.0,2018-04-20,Debt consolidation,,26.2%,320xx,FL,< 1 year,0.0
40000.0,2018-04-20,Other,,30%,923xx,CA,< 1 year,0.0
20000.0,2018-04-20,Credit card refinancing,,8.16%,018xx,MA,4 years,0.0
3000.0,2018-04-20,Credit card refinancing,,21.63%,443xx,OH,< 1 year,0.0
15000.0,2018-04-20,Debt consolidation,,23.54%,490xx,MI,< 1 year,0.0
5000.0,2018-04-20,Debt consolidation,,4.83%,436xx,OH,< 1 year,0.0
21000.0,2018-04-20,Car financing,,14.02%,296xx,SC,< 1 year,0.0
1200.0,2018-04-20,Debt consolidation,,43.36%,105xx,NY,< 1 year,0.0
10000.0,2018-04-20,Other,,0%,207xx,MD,< 1 year,0.0
10000.0,2018-04-20,Credit card refinancing,,14.03%,786xx,TX,< 1 year,0.0
13500.0,2018-04-21,Other,,13.34%,025xx,MA,< 1 year,0.0
10000.0,2018-04-21,Debt consolidation,,13.83%,538xx,WI,< 1 year,0.0
10000.0,2018-04-21,Credit card refinancing,,17.38%,082xx,NJ,< 1 year,0.0
1000.0,2018-04-21,Major purchase,,100%,913xx,CA,< 1 year,0.0
10000.0,2018-04-22,Other,,7.18%,447xx,OH,< 1 year,0.0
15000.0,2018-04-22,Credit card refinancing,,41.94%,072xx,NJ,< 1 year,0.0
15000.0,2018-04-22,Other,,11.66%,131xx,NY,< 1 year,0.0
1000.0,2018-04-22,Other,,18.81%,577xx,SD,< 1 year,0.0
7500.0,2018-04-22,Debt consolidation,,0.46%,435xx,OH,< 1 year,0.0
20000.0,2018-04-22,Debt consolidation,,100%,073xx,NJ,< 1 year,0.0
5000.0,2018-04-22,Credit card refinancing,,14%,462xx,IN,< 1 year,0.0
15000.0,2018-04-22,Credit card refinancing,,31.05%,828xx,WY,< 1 year,0.0
10000.0,2018-04-22,Debt consolidation,,27.3%,913xx,CA,< 1 year,0.0
13000.0,2018-04-23,Major purchase,,45.23%,974xx,OR,< 1 year,0.0
10000.0,2018-04-23,Car financing,,0%,439xx,OH,< 1 year,0.0
2000.0,2018-04-23,Debt consolidation,,12.51%,902xx,CA,< 1 year,0.0
5000.0,2018-04-23,Other,,0%,212xx,MD,< 1 year,0.0
6000.0,2018-04-23,Car financing,,0%,481xx,MI,< 1 year,0.0
4000.0,2018-04-23,Car financing,,100%,800xx,CO,< 1 year,0.0
15000.0,2018-04-23,Credit card refinancing,,100%,920xx,CA,< 1 year,0.0
7000.0,2018-04-23,Debt consolidation,658.0,9.68%,275xx,NC,< 1 year,0.0
2000.0,2018-04-24,Debt consolidation,,26.39%,104xx,NY,< 1 year,0.0
8000.0,2018-04-24,Major purchase,,0%,383xx,TN,< 1 year,0.0
10000.0,2018-04-24,Debt consolidation,,20.49%,441xx,OH,< 1 year,0.0
1000.0,2018-04-24,Medical expenses,,31.1%,563xx,MN,< 1 year,0.0
15000.0,2018-04-24,Debt consolidation,,38.02%,982xx,WA,< 1 year,0.0
10000.0,2018-04-24,Debt consolidation,,19.5%,956xx,CA,< 1 year,0.0
40000.0,2018-04-24,Debt consolidation,,25.18%,370xx,TN,< 1 year,0.0
1700.0,2018-04-24,Other,,28.93%,601xx,IL,< 1 year,0.0
10000.0,2018-04-24,Other,,3.52%,959xx,CA,< 1 year,0.0
8000.0,2018-04-24,Debt consolidation,,62.56%,321xx,FL,< 1 year,0.0
4000.0,2018-04-24,Credit card refinancing,,22.73%,292xx,SC,< 1 year,0.0
18000.0,2018-04-24,Debt consolidation,,13.98%,068xx,CT,< 1 year,0.0
20000.0,2018-04-25,Debt consolidation,,3.98%,934xx,CA,< 1 year,0.0
40000.0,2018-04-25,Debt consolidation,,16.25%,206xx,MD,< 1 year,0.0
5000.0,2018-04-25,Home buying,,29.62%,925xx,CA,< 1 year,0.0
2000.0,2018-04-25,Home buying,,32.33%,928xx,CA,< 1 year,0.0
6000.0,2018-04-25,Credit card refinancing,,133.7%,680xx,NE,< 1 year,0.0
12575.0,2018-04-25,Car financing,,100%,306xx,GA,2 years,0.0
25000.0,2018-04-25,Debt consolidation,,27.53%,430xx,OH,< 1 year,0.0
15000.0,2018-04-25,Credit card refinancing,,36.35%,147xx,NY,< 1 year,0.0
40000.0,2018-04-25,Debt consolidation,,16.14%,923xx,CA,10+ years,0.0
20000.0,2018-04-25,Debt consolidation,,17.41%,774xx,TX,< 1 year,0.0
10000.0,2018-04-26,Other,,11.13%,112xx,NY,< 1 year,0.0
4000.0,2018-04-26,Credit card refinancing,,46.91%,967xx,HI,< 1 year,0.0
11225.0,2018-04-26,Car financing,,100%,925xx,CA,7 years,0.0
10000.0,2018-04-26,Credit card refinancing,,7.87%,775xx,TX,< 1 year,0.0
38000.0,2018-04-26,Debt consolidation,,26.62%,773xx,TX,< 1 year,0.0
30000.0,2018-04-26,Debt consolidation,,100%,928xx,CA,< 1 year,0.0
2000.0,2018-04-27,Credit card refinancing,,7.2%,953xx,CA,< 1 year,0.0
5500.0,2018-04-27,Debt consolidation,,4.07%,114xx,NY,< 1 year,0.0
6500.0,2018-04-27,Credit card refinancing,,1.2%,100xx,NY,< 1 year,0.0
25000.0,2018-04-27,Debt consolidation,,42.29%,774xx,TX,< 1 year,0.0
15000.0,2018-04-27,Major purchase,,8.97%,850xx,AZ,< 1 year,0.0
3000.0,2018-04-27,Other,,100%,200xx,DC,< 1 year,0.0
2000.0,2018-04-28,Major purchase,,18.51%,327xx,FL,< 1 year,0.0
2000.0,2018-04-28,Other,,0.98%,802xx,CO,< 1 year,0.0
35000.0,2018-04-28,Other,698.0,0.54%,139xx,NY,< 1 year,0.0
12000.0,2018-04-28,Credit card refinancing,,49.62%,300xx,GA,< 1 year,0.0
5000.0,2018-04-28,Debt consolidation,,11.51%,208xx,MD,< 1 year,0.0
10000.0,2018-04-28,Major purchase,,2.74%,729xx,TX,< 1 year,0.0
40000.0,2018-04-28,Other,,0%,357xx,AL,,0.0
10000.0,2018-04-29,Other,,27.72%,334xx,FL,< 1 year,0.0
8000.0,2018-04-29,Debt consolidation,,28.21%,606xx,IL,< 1 year,0.0
3000.0,2018-04-29,Debt consolidation,,1.82%,850xx,AZ,< 1 year,0.0
10000.0,2018-04-29,Other,,5.1%,146xx,NY,< 1 year,0.0
10000.0,2018-04-29,Other,,4.73%,330xx,FL,< 1 year,0.0
5000.0,2018-04-29,Moving and relocation,,6.68%,900xx,CA,< 1 year,0.0
8000.0,2018-04-29,Home buying,664.0,0%,398xx,GA,< 1 year,0.0
40000.0,2018-04-29,Debt consolidation,,6.76%,925xx,CA,< 1 year,0.0
1000.0,2018-04-29,Other,,29.03%,302xx,GA,< 1 year,0.0
1000.0,2018-04-29,Other,,21.7%,891xx,NV,< 1 year,0.0
13000.0,2018-04-29,Debt consolidation,,100%,585xx,ND,< 1 year,0.0
35000.0,2018-04-29,Debt consolidation,,100%,109xx,NY,< 1 year,0.0
5000.0,2018-04-29,Debt consolidation,573.0,0.08%,840xx,UT,< 1 year,0.0
4000.0,2018-04-29,Debt consolidation,,12.3%,329xx,FL,< 1 year,0.0
2500.0,2018-04-29,Other,,5.02%,278xx,NC,< 1 year,0.0
10000.0,2018-04-30,Debt consolidation,,15.62%,344xx,FL,< 1 year,0.0
40000.0,2018-04-30,Debt consolidation,,30.63%,748xx,OK,< 1 year,0.0
5000.0,2018-04-30,Other,553.0,0.58%,436xx,OH,< 1 year,0.0
8000.0,2018-04-30,Credit card refinancing,,14.52%,331xx,FL,< 1 year,0.0
2000.0,2018-04-30,Debt consolidation,,402.21%,706xx,LA,< 1 year,0.0
5000.0,2018-04-30,Debt consolidation,,14.56%,314xx,GA,< 1 year,0.0
5000.0,2018-04-30,Other,,0%,281xx,NC,< 1 year,0.0
10000.0,2018-04-30,Medical expenses,,9.79%,770xx,TX,< 1 year,0.0
35000.0,2018-04-30,Debt consolidation,,16.69%,065xx,CT,< 1 year,0.0
3000.0,2018-04-30,Car financing,,0.95%,891xx,NV,< 1 year,0.0
15000.0,2018-04-30,Home improvement,,44.69%,294xx,SC,< 1 year,0.0
2500.0,2018-04-30,Debt consolidation,,0%,380xx,TN,< 1 year,0.0
2000.0,2018-04-30,Other,,5.19%,452xx,OH,< 1 year,0.0
2500.0,2018-04-30,Debt consolidation,,20.6%,785xx,TX,9 years,0.0
2000.0,2018-04-30,Car financing,581.0,0%,993xx,WA,< 1 year,0.0
25000.0,2018-04-30,Major purchase,,17.54%,925xx,CA,< 1 year,0.0
2000.0,2018-05-01,Other,,1.81%,440xx,OH,< 1 year,0.0
15000.0,2018-05-01,Other,,26.07%,376xx,TN,< 1 year,0.0
22275.0,2018-05-01,Car financing,,100%,469xx,IN,< 1 year,0.0
10000.0,2018-05-01,Debt consolidation,,9.88%,336xx,FL,< 1 year,0.0
20000.0,2018-05-01,Debt consolidation,,19.17%,606xx,IL,< 1 year,0.0
1500.0,2018-05-01,Other,696.0,0%,472xx,IN,< 1 year,0.0
8000.0,2018-05-01,Debt consolidation,,17.45%,234xx,VA,< 1 year,0.0
5000.0,2018-05-01,Major purchase,,26.88%,017xx,MA,,0.0
3000.0,2018-05-01,Debt consolidation,,18.17%,852xx,AZ,< 1 year,0.0
16000.0,2018-05-01,Debt consolidation,,33.89%,673xx,KS,< 1 year,0.0
7500.0,2018-05-01,Major purchase,,54.06%,185xx,PA,< 1 year,0.0
1000.0,2018-05-01,Debt consolidation,,3.22%,191xx,PA,< 1 year,0.0
40000.0,2018-05-01,Debt consolidation,,34.27%,330xx,FL,< 1 year,0.0
2000.0,2018-05-02,Other,,18.42%,782xx,TX,< 1 year,0.0
30000.0,2018-05-02,Debt consolidation,,56.55%,294xx,SC,< 1 year,0.0
15000.0,2018-05-02,Other,,17.44%,070xx,NJ,4 years,0.0
1000.0,2018-05-02,Home improvement,541.0,0%,482xx,MI,< 1 year,0.0
1500.0,2018-05-02,Other,,14.37%,217xx,MD,< 1 year,0.0
10000.0,2018-05-02,Credit card refinancing,,23.75%,727xx,AR,< 1 year,0.0
2000.0,2018-05-02,Moving and relocation,,3.09%,769xx,TX,< 1 year,0.0
10000.0,2018-05-02,Other,,58.86%,729xx,AR,< 1 year,0.0
12000.0,2018-05-02,Debt consolidation,,100%,443xx,OH,< 1 year,0.0
34000.0,2018-05-02,Debt consolidation,,25.39%,130xx,NY,< 1 year,0.0
10000.0,2018-05-02,Credit card refinancing,,8.92%,301xx,GA,< 1 year,0.0
29325.0,2018-05-02,Car financing,,100%,843xx,UT,< 1 year,0.0
10000.0,2018-05-02,Debt consolidation,,17.24%,996xx,AK,< 1 year,0.0
30000.0,2018-05-03,Credit card refinancing,,100%,805xx,CO,< 1 year,0.0
15000.0,2018-05-03,Debt consolidation,,12.99%,630xx,MO,< 1 year,0.0
25000.0,2018-05-03,Other,,12.82%,401xx,KY,< 1 year,0.0
2000.0,2018-05-03,Debt consolidation,,21.74%,704xx,LA,< 1 year,0.0
2000.0,2018-05-03,Debt consolidation,,24.44%,728xx,AR,< 1 year,0.0
5000.0,2018-05-03,Other,,56.9%,239xx,VA,< 1 year,0.0
20200.0,2018-05-03,Car financing,,100%,338xx,FL,,0.0
5000.0,2018-05-03,Moving and relocation,,11.67%,481xx,MI,< 1 year,0.0
30000.0,2018-05-04,Debt consolidation,,47.02%,554xx,MN,< 1 year,0.0
5000.0,2018-05-04,Debt consolidation,,43.74%,473xx,IN,< 1 year,0.0
5000.0,2018-05-04,Debt consolidation,,22.58%,291xx,SC,< 1 year,0.0
10000.0,2018-05-04,Credit card refinancing,,24.88%,018xx,MA,< 1 year,0.0
8000.0,2018-05-04,Business,,0.05%,984xx,WA,< 1 year,0.0
20000.0,2018-05-04,Credit card refinancing,,12.66%,208xx,MD,< 1 year,0.0
30000.0,2018-05-04,Debt consolidation,,22.7%,730xx,OK,< 1 year,0.0
25000.0,2018-05-04,Debt consolidation,,100%,601xx,IL,< 1 year,0.0
1000.0,2018-05-04,Medical expenses,,179.6%,016xx,MA,< 1 year,0.0
10000.0,2018-05-05,Home improvement,,29.95%,410xx,KY,< 1 year,0.0
10000.0,2018-05-05,Credit card refinancing,,22.25%,770xx,TX,< 1 year,0.0
4000.0,2018-05-05,Debt consolidation,,27325%,410xx,KY,< 1 year,0.0
10000.0,2018-05-05,Credit card refinancing,,20.86%,240xx,VA,< 1 year,0.0
15000.0,2018-05-05,Other,663.0,2.11%,285xx,NC,8 years,0.0
10000.0,2018-05-06,Major purchase,,2%,441xx,OH,< 1 year,0.0
18000.0,2018-05-06,Debt consolidation,,21.23%,846xx,UT,< 1 year,0.0
15000.0,2018-05-06,Debt consolidation,,97.38%,296xx,SC,< 1 year,0.0
11000.0,2018-05-06,Debt consolidation,,27%,495xx,MI,< 1 year,0.0
35000.0,2018-05-07,Other,,0.86%,336xx,FL,5 years,0.0
5000.0,2018-05-07,Debt consolidation,,25.72%,751xx,TX,< 1 year,0.0
1000.0,2018-05-07,Medical expenses,,0%,482xx,MI,< 1 year,0.0
5000.0,2018-05-07,Debt consolidation,,22.03%,875xx,NM,< 1 year,0.0
10000.0,2018-05-07,Medical expenses,,8.16%,850xx,AZ,< 1 year,0.0
6500.0,2018-05-07,Home buying,,40.53%,880xx,NM,< 1 year,0.0
10000.0,2018-05-07,Debt consolidation,,34.8%,686xx,NE,< 1 year,0.0
30000.0,2018-05-07,Car financing,,0.88%,970xx,OR,< 1 year,0.0
1500.0,2018-05-07,Other,,0%,631xx,MO,< 1 year,0.0
10000.0,2018-05-07,Debt consolidation,,11.7%,465xx,IN,< 1 year,0.0
1000.0,2018-05-07,Other,633.0,4.45%,372xx,TN,< 1 year,0.0
5500.0,2018-05-07,Home buying,,6.96%,640xx,MO,< 1 year,0.0
5000.0,2018-05-07,Moving and relocation,,25.53%,300xx,GA,< 1 year,0.0
10000.0,2018-05-08,Debt consolidation,,4.88%,328xx,FL,< 1 year,0.0
13000.0,2018-05-08,Debt consolidation,,34.86%,840xx,UT,< 1 year,0.0
10000.0,2018-05-08,Debt consolidation,,12.15%,330xx,FL,< 1 year,0.0
5000.0,2018-05-08,Other,,5.58%,442xx,OH,< 1 year,0.0
10000.0,2018-05-08,Debt consolidation,,12.05%,264xx,WV,< 1 year,0.0
10000.0,2018-05-08,Debt consolidation,,3.59%,707xx,LA,< 1 year,0.0
40000.0,2018-05-08,Home buying,671.0,11.43%,981xx,WA,< 1 year,0.0
15000.0,2018-05-08,Credit card refinancing,,67.46%,974xx,OR,< 1 year,0.0
5000.0,2018-05-08,Debt consolidation,,7.4%,604xx,IL,< 1 year,0.0
6000.0,2018-05-08,Moving and relocation,591.0,22.35%,330xx,FL,< 1 year,0.0
10000.0,2018-05-08,Credit card refinancing,,25.5%,852xx,AZ,< 1 year,0.0
25000.0,2018-05-08,Home buying,,5.88%,982xx,WA,< 1 year,0.0
1800.0,2018-05-09,Other,,46.96%,186xx,PA,< 1 year,0.0
3000.0,2018-05-09,Debt consolidation,,18.69%,176xx,PA,< 1 year,0.0
5000.0,2018-05-09,Home improvement,,36.22%,461xx,IN,< 1 year,0.0
8000.0,2018-05-09,Car financing,,31.37%,232xx,VA,< 1 year,0.0
17000.0,2018-05-09,Home buying,,37.46%,245xx,VA,< 1 year,0.0
10000.0,2018-05-09,Debt consolidation,,5.85%,113xx,NY,< 1 year,0.0
1500.0,2018-05-09,Other,,100%,129xx,NY,< 1 year,0.0
25000.0,2018-05-09,Credit card refinancing,,46.47%,801xx,CO,< 1 year,0.0
10000.0,2018-05-09,Business Loan,,-1%,101xx,NY,< 1 year,0.0
10000.0,2018-05-09,Other,,2.16%,928xx,CA,< 1 year,0.0
10000.0,2018-05-09,Other,,100%,760xx,TX,< 1 year,0.0
40000.0,2018-05-09,Business,,7.97%,900xx,CA,< 1 year,0.0
8000.0,2018-05-09,Debt consolidation,,47.57%,395xx,MS,< 1 year,0.0
5000.0,2018-05-09,Car financing,,804.33%,166xx,PA,< 1 year,0.0
1000.0,2018-05-09,Moving and relocation,573.0,3.03%,296xx,SC,< 1 year,0.0
30000.0,2018-05-10,Debt consolidation,,18.41%,451xx,OH,< 1 year,0.0
4000.0,2018-05-10,Debt consolidation,,23.58%,274xx,NC,< 1 year,0.0
12000.0,2018-05-10,Debt consolidation,,20.06%,443xx,OH,< 1 year,0.0
40000.0,2018-05-10,Debt consolidation,,29.12%,381xx,TN,< 1 year,0.0
15000.0,2018-05-10,Car financing,,18.72%,604xx,IL,< 1 year,0.0
10000.0,2018-05-10,Debt consolidation,,7.23%,331xx,FL,< 1 year,0.0
4000.0,2018-05-10,Debt consolidation,,100%,968xx,HI,< 1 year,0.0
5000.0,2018-05-10,Debt consolidation,,100%,191xx,PA,< 1 year,0.0
5000.0,2018-05-10,Home improvement,,100%,065xx,CT,< 1 year,0.0
6500.0,2018-05-10,Other,,9.31%,113xx,NY,< 1 year,0.0
25000.0,2018-05-10,Other,,12.71%,128xx,NY,< 1 year,0.0
1000.0,2018-05-10,Credit card refinancing,,1.38%,641xx,MO,< 1 year,0.0
30000.0,2018-05-11,Credit card refinancing,,37.14%,302xx,GA,< 1 year,0.0
15000.0,2018-05-11,Other,,13.35%,553xx,MN,< 1 year,0.0
20000.0,2018-05-11,Debt consolidation,,1.79%,802xx,CO,< 1 year,0.0
5000.0,2018-05-11,Credit card refinancing,,10.02%,730xx,OK,< 1 year,0.0
15000.0,2018-05-11,Other,,4.9%,436xx,OH,< 1 year,0.0
1000.0,2018-05-12,Home buying,,23.33%,295xx,SC,< 1 year,0.0
7000.0,2018-05-12,Credit card refinancing,,19.6%,027xx,MA,< 1 year,0.0
20000.0,2018-05-12,Debt consolidation,,378.4%,483xx,MI,< 1 year,0.0
15000.0,2018-05-12,Debt consolidation,,7.03%,601xx,IL,< 1 year,0.0
16000.0,2018-05-12,Credit card refinancing,,50.7%,995xx,AK,< 1 year,0.0
3000.0,2018-05-12,Major purchase,,9.36%,197xx,DE,< 1 year,0.0
40000.0,2018-05-12,Business Loan,,-1%,331xx,FL,< 1 year,0.0
23425.0,2018-05-12,Car financing,,100%,550xx,MN,< 1 year,0.0
17000.0,2018-05-13,Credit card refinancing,,42.17%,936xx,CA,< 1 year,0.0
1500.0,2018-05-13,Debt consolidation,,15.03%,952xx,CA,< 1 year,0.0
21000.0,2018-05-13,Debt consolidation,,19.15%,152xx,PA,< 1 year,0.0
26000.0,2018-05-14,Debt consolidation,,18.03%,060xx,CT,< 1 year,0.0
1000.0,2018-05-14,Debt consolidation,501.0,3.5%,532xx,WI,< 1 year,0.0
20000.0,2018-05-14,Home improvement,,27.12%,207xx,MD,9 years,0.0
40000.0,2018-05-14,Debt consolidation,,2.79%,021xx,MA,< 1 year,0.0
7000.0,2018-05-14,Debt consolidation,,35.33%,923xx,CA,< 1 year,0.0
20000.0,2018-05-14,Other,,6.15%,330xx,FL,10+ years,0.0
10000.0,2018-05-14,Other,,17.83%,104xx,NY,< 1 year,0.0
5000.0,2018-05-14,Debt consolidation,,36.03%,351xx,AL,< 1 year,0.0
1000.0,2018-05-14,Car financing,,16.84%,298xx,SC,< 1 year,0.0
6500.0,2018-05-14,Other,,1.87%,575xx,SD,,0.0
25000.0,2018-05-14,Debt consolidation,,23.06%,014xx,MA,< 1 year,0.0
40000.0,2018-05-14,Other,,15.98%,940xx,CA,< 1 year,0.0
3500.0,2018-05-14,Other,,1.92%,434xx,OH,< 1 year,0.0
15000.0,2018-05-14,Other,,0.6%,920xx,CA,< 1 year,0.0
6000.0,2018-05-14,Debt consolidation,,15.81%,461xx,IN,< 1 year,0.0
10000.0,2018-05-14,Credit card refinancing,,100%,832xx,ID,< 1 year,0.0
30000.0,2018-05-15,Debt consolidation,,64.74%,486xx,MI,< 1 year,0.0
1000.0,2018-05-15,Other,612.0,0%,352xx,AL,< 1 year,0.0
2000.0,2018-05-15,Home buying,,29.06%,600xx,IL,< 1 year,0.0
1000.0,2018-05-15,Debt consolidation,,100%,900xx,CA,< 1 year,0.0
5000.0,2018-05-15,Debt consolidation,,48.78%,856xx,AZ,< 1 year,0.0
2500.0,2018-05-15,Other,,14.75%,358xx,AL,< 1 year,0.0
10000.0,2018-05-15,Credit card refinancing,,21.88%,275xx,NC,< 1 year,0.0
3500.0,2018-05-15,Other,,0.71%,482xx,MI,,0.0
2500.0,2018-05-15,Major purchase,,11.34%,600xx,IL,< 1 year,0.0
10000.0,2018-05-15,Other,,7.9%,553xx,MN,< 1 year,0.0
5000.0,2018-05-15,Other,,41.46%,305xx,GA,< 1 year,0.0
15000.0,2018-05-15,Debt consolidation,,16.23%,081xx,NJ,< 1 year,0.0
11000.0,2018-05-15,Debt consolidation,,100%,104xx,NY,< 1 year,0.0
18300.0,2018-05-15,Credit card refinancing,,100%,232xx,VA,< 1 year,0.0
5000.0,2018-05-15,Other,,100%,365xx,AL,< 1 year,0.0
15000.0,2018-05-15,Other,,29.7%,770xx,TX,< 1 year,0.0
3000.0,2018-05-15,Debt consolidation,,0%,549xx,WI,< 1 year,0.0
3000.0,2018-05-15,Moving and relocation,,14.04%,410xx,KY,< 1 year,0.0
4000.0,2018-05-15,Debt consolidation,,13.49%,900xx,CA,< 1 year,0.0
10000.0,2018-05-15,Other,,16.69%,918xx,CA,< 1 year,0.0
10000.0,2018-05-16,Debt consolidation,,38.86%,930xx,CA,< 1 year,0.0
5000.0,2018-05-16,Debt consolidation,,30.31%,799xx,TX,< 1 year,0.0
1200.0,2018-05-16,Other,562.0,0.29%,341xx,FL,< 1 year,0.0
2500.0,2018-05-16,Other,,19.65%,021xx,MA,< 1 year,0.0
10000.0,2018-05-16,Debt consolidation,,4.61%,726xx,AR,< 1 year,0.0
35000.0,2018-05-16,Major purchase,,23.73%,841xx,UT,< 1 year,0.0
1000.0,2018-05-16,Moving and relocation,,27.28%,532xx,WI,< 1 year,0.0
4000.0,2018-05-16,Debt consolidation,,40.34%,301xx,GA,< 1 year,0.0
10000.0,2018-05-16,Debt consolidation,,6.74%,936xx,CA,< 1 year,0.0
15000.0,2018-05-17,Debt consolidation,,10.82%,114xx,NY,< 1 year,0.0
2000.0,2018-05-17,Moving and relocation,,14.15%,321xx,FL,< 1 year,0.0
100000.0,2018-05-17,Business Loan,,-1%,275xx,NC,< 1 year,0.0
1000.0,2018-05-17,Other,,29.14%,335xx,FL,< 1 year,0.0
20000.0,2018-05-17,Debt consolidation,,35.31%,306xx,GA,< 1 year,0.0
1000.0,2018-05-17,Credit card refinancing,,1.53%,446xx,OH,< 1 year,0.0
4000.0,2018-05-17,Moving and relocation,,6.2%,685xx,NE,< 1 year,0.0
10000.0,2018-05-17,Debt consolidation,,27.15%,322xx,FL,< 1 year,0.0
2500.0,2018-05-17,Moving and relocation,,26.41%,330xx,FL,< 1 year,0.0
5000.0,2018-05-17,Car financing,,5.46%,641xx,MO,< 1 year,0.0
5000.0,2018-05-17,Moving and relocation,,1.08%,762xx,TX,< 1 year,0.0
6000.0,2018-05-17,Credit card refinancing,,26.43%,060xx,CT,< 1 year,0.0
5000.0,2018-05-17,Debt consolidation,,100%,853xx,AZ,< 1 year,0.0
10000.0,2018-05-17,Credit card refinancing,,104.44%,331xx,FL,< 1 year,0.0
25000.0,2018-05-17,Debt consolidation,,1.33%,973xx,OR,10+ years,0.0
7000.0,2018-05-17,Credit card refinancing,,23.8%,350xx,AL,< 1 year,0.0
5000.0,2018-05-18,Other,,6.83%,088xx,NJ,< 1 year,0.0
20000.0,2018-05-18,Debt consolidation,,28.62%,762xx,TX,< 1 year,0.0
6000.0,2018-05-18,Debt consolidation,,44.5%,639xx,MO,< 1 year,0.0
10000.0,2018-05-18,Debt consolidation,,100%,076xx,NJ,< 1 year,0.0
23000.0,2018-05-18,Debt consolidation,,32.4%,933xx,CA,< 1 year,0.0
1000.0,2018-05-18,Moving and relocation,,10.8%,275xx,NC,< 1 year,0.0
25000.0,2018-05-18,Other,,3.27%,190xx,PA,< 1 year,0.0
5000.0,2018-05-18,Debt consolidation,,17.12%,727xx,AR,< 1 year,0.0
10000.0,2018-05-18,Debt consolidation,,26.8%,794xx,TX,< 1 year,0.0
1500.0,2018-05-18,Moving and relocation,,0%,482xx,MI,< 1 year,0.0
40000.0,2018-05-18,Debt consolidation,,28.11%,782xx,TX,< 1 year,0.0
35000.0,2018-05-18,Other,,37.68%,939xx,CA,< 1 year,0.0
10000.0,2018-05-19,Credit card refinancing,,25.13%,704xx,LA,< 1 year,0.0
15000.0,2018-05-19,Credit card refinancing,,29.89%,768xx,TX,< 1 year,0.0
12000.0,2018-05-19,Debt consolidation,,17.53%,190xx,PA,< 1 year,0.0
10000.0,2018-05-19,Other,,53.36%,043xx,ME,< 1 year,0.0
10000.0,2018-05-19,Credit card refinancing,,100%,233xx,VA,< 1 year,0.0
10000.0,2018-05-20,Debt consolidation,,7.42%,330xx,FL,< 1 year,0.0
15000.0,2018-05-20,Debt consolidation,,31.5%,307xx,GA,< 1 year,0.0
6000.0,2018-05-20,Debt consolidation,,100%,851xx,AZ,< 1 year,0.0
25000.0,2018-05-20,Debt consolidation,,53.4%,945xx,CA,< 1 year,0.0
6000.0,2018-05-21,Credit card refinancing,,56.84%,118xx,NY,< 1 year,0.0
20000.0,2018-05-21,Credit card refinancing,,27.97%,148xx,NY,< 1 year,0.0
1000.0,2018-05-21,Moving and relocation,,4.01%,813xx,CO,< 1 year,0.0
6500.0,2018-05-21,Credit card refinancing,,39.78%,285xx,NC,< 1 year,0.0
1500.0,2018-05-21,Other,,21.47%,850xx,AZ,< 1 year,0.0
16000.0,2018-05-21,Credit card refinancing,,37.56%,344xx,FL,< 1 year,0.0
1000.0,2018-05-21,Other,,9.91%,104xx,NY,< 1 year,0.0
8000.0,2018-05-21,Other,,23.91%,305xx,GA,< 1 year,0.0
20000.0,2018-05-21,Debt consolidation,,22.02%,800xx,CO,< 1 year,0.0
5000.0,2018-05-21,Other,,11.71%,770xx,TX,< 1 year,0.0
4000.0,2018-05-21,Debt consolidation,,100%,658xx,MO,< 1 year,0.0
40000.0,2018-05-21,Debt consolidation,,221.88%,800xx,CO,< 1 year,0.0
20000.0,2018-05-22,Debt consolidation,,46.31%,331xx,FL,< 1 year,0.0
4000.0,2018-05-22,Major purchase,,20.25%,040xx,ME,< 1 year,0.0
2500.0,2018-05-22,Debt consolidation,,22.75%,448xx,OH,< 1 year,0.0
7000.0,2018-05-22,Car financing,,36.3%,460xx,IN,< 1 year,0.0
10000.0,2018-05-22,Debt consolidation,,27.65%,750xx,TX,< 1 year,0.0
6000.0,2018-05-22,Debt consolidation,,0.9%,112xx,NY,< 1 year,0.0
1000.0,2018-05-22,Car financing,,1.24%,434xx,OH,< 1 year,0.0
10000.0,2018-05-22,Debt consolidation,,9.19%,087xx,NJ,< 1 year,0.0
5000.0,2018-05-22,Other,,0%,280xx,NC,< 1 year,0.0
2500.0,2018-05-22,Other,,2.17%,359xx,AL,< 1 year,0.0
40000.0,2018-05-22,Debt consolidation,,32.11%,440xx,OH,< 1 year,0.0
3000.0,2018-05-22,Other,,12.86%,370xx,TN,< 1 year,0.0
10000.0,2018-05-22,Debt consolidation,,0.58%,198xx,DE,< 1 year,0.0
35000.0,2018-05-22,Credit card refinancing,,100%,460xx,IN,< 1 year,0.0
15000.0,2018-05-22,Debt consolidation,,100%,781xx,TX,< 1 year,0.0
16825.0,2018-05-22,Car financing,,100%,075xx,NJ,< 1 year,0.0
30000.0,2018-05-22,Debt consolidation,,40.91%,161xx,PA,< 1 year,0.0
2500.0,2018-05-22,Other,,8.8%,604xx,IL,< 1 year,0.0
5000.0,2018-05-23,Major purchase,,14.75%,752xx,TX,< 1 year,0.0
3000.0,2018-05-23,Moving and relocation,523.0,2.09%,551xx,MN,< 1 year,0.0
28000.0,2018-05-23,Debt consolidation,,33.04%,229xx,VA,< 1 year,0.0
1700.0,2018-05-23,Other,,28.23%,384xx,TN,< 1 year,0.0
6000.0,2018-05-23,Car financing,,14.93%,151xx,PA,< 1 year,0.0
15000.0,2018-05-23,Debt consolidation,,58.84%,031xx,NH,< 1 year,0.0
2300.0,2018-05-23,Debt consolidation,,18.48%,187xx,PA,< 1 year,0.0
6000.0,2018-05-23,Other,,16.23%,378xx,TN,< 1 year,0.0
5000.0,2018-05-23,Home buying,632.0,0.94%,200xx,DC,< 1 year,0.0
5000.0,2018-05-23,Car financing,,2.67%,921xx,CA,< 1 year,0.0
10000.0,2018-05-23,Credit card refinancing,,8664.5%,799xx,TX,< 1 year,0.0
10000.0,2018-05-23,Credit card refinancing,,100%,914xx,CA,< 1 year,0.0
14000.0,2018-05-23,Credit card refinancing,,100%,330xx,FL,< 1 year,0.0
2500.0,2018-05-23,Debt consolidation,,5.47%,729xx,AR,< 1 year,0.0
1000.0,2018-05-23,Moving and relocation,543.0,0%,852xx,AZ,< 1 year,0.0
5000.0,2018-05-23,Other,,4.5%,559xx,MN,< 1 year,0.0
10000.0,2018-05-24,Debt consolidation,,8.92%,720xx,AR,10+ years,0.0
7000.0,2018-05-24,Home improvement,,16.84%,922xx,CA,< 1 year,0.0
25000.0,2018-05-24,Debt consolidation,,15.12%,328xx,FL,< 1 year,0.0
1500.0,2018-05-24,Other,,14.31%,434xx,OH,< 1 year,0.0
2000.0,2018-05-24,Other,,21.04%,080xx,NJ,< 1 year,0.0
2500.0,2018-05-24,Debt consolidation,,6.55%,570xx,SD,< 1 year,0.0
6000.0,2018-05-24,Other,,12.58%,070xx,NJ,< 1 year,0.0
5000.0,2018-05-24,Other,,14.07%,894xx,NV,< 1 year,0.0
2500.0,2018-05-24,Other,,8.82%,275xx,NC,< 1 year,0.0
18000.0,2018-05-24,Credit card refinancing,,100%,601xx,IL,< 1 year,0.0
3000.0,2018-05-24,Other,,23.76%,983xx,WA,< 1 year,0.0
2500.0,2018-05-24,Other,,0.44%,658xx,MO,< 1 year,0.0
1500.0,2018-05-24,Major purchase,,12.25%,395xx,MS,< 1 year,0.0
10000.0,2018-05-25,Credit card refinancing,,12.41%,853xx,AZ,< 1 year,0.0
23375.0,2018-05-25,Car financing,,100%,433xx,OH,< 1 year,0.0
8000.0,2018-05-25,Medical expenses,,17.91%,780xx,TX,< 1 year,0.0
10000.0,2018-05-25,Debt consolidation,,11.97%,302xx,GA,< 1 year,0.0
17000.0,2018-05-25,Credit card refinancing,,34.79%,349xx,FL,< 1 year,0.0
1000.0,2018-05-25,Moving and relocation,,21.83%,436xx,OH,< 1 year,0.0
4500.0,2018-05-25,Other,,187.21%,271xx,NC,< 1 year,0.0
12500.0,2018-05-25,Major purchase,,21.6%,750xx,TX,< 1 year,0.0
10000.0,2018-05-25,Moving and relocation,,0.5%,423xx,KY,< 1 year,0.0
4000.0,2018-05-25,Other,,1.74%,330xx,FL,< 1 year,0.0
32000.0,2018-05-26,Debt consolidation,,30.3%,383xx,TN,< 1 year,0.0
10000.0,2018-05-26,Home buying,,1.76%,115xx,NY,< 1 year,0.0
25500.0,2018-05-26,Major purchase,,43.5%,060xx,CT,< 1 year,0.0
7000.0,2018-05-27,Other,,16.39%,283xx,NC,< 1 year,0.0
5000.0,2018-05-27,Other,,0%,535xx,WI,< 1 year,0.0
7000.0,2018-05-27,Debt consolidation,,20.4%,115xx,NY,< 1 year,0.0
6000.0,2018-05-27,Debt consolidation,,28.83%,341xx,FL,< 1 year,0.0
2500.0,2018-05-27,Moving and relocation,,9.24%,726xx,AR,< 1 year,0.0
1000.0,2018-05-28,Major purchase,,100%,956xx,CA,< 1 year,0.0
2500.0,2018-05-28,Moving and relocation,579.0,10.87%,775xx,TX,< 1 year,0.0
20000.0,2018-05-28,Credit card refinancing,,38.21%,224xx,VA,< 1 year,0.0
35000.0,2018-05-28,Home buying,,21.53%,275xx,NC,< 1 year,0.0
20000.0,2018-05-28,Major purchase,,0.39%,606xx,IL,< 1 year,0.0
35000.0,2018-05-28,Debt consolidation,,42.02%,809xx,CO,< 1 year,0.0
10000.0,2018-05-28,Debt consolidation,,36.14%,462xx,IN,< 1 year,0.0
20000.0,2018-05-28,Other,,0%,917xx,CA,5 years,0.0
6000.0,2018-05-28,Debt consolidation,,16.71%,023xx,MA,< 1 year,0.0
34000.0,2018-05-28,Credit card refinancing,,18.21%,010xx,MA,< 1 year,0.0
2500.0,2018-05-28,Other,,21.17%,462xx,IN,< 1 year,0.0
10000.0,2018-05-29,Debt consolidation,,2.3%,765xx,TX,< 1 year,0.0
3800.0,2018-05-29,Major purchase,,6.11%,337xx,FL,< 1 year,0.0
46075.0,2018-05-29,Car financing,,100%,782xx,TX,< 1 year,0.0
19000.0,2018-05-29,Credit card refinancing,,46.69%,283xx,NC,< 1 year,0.0
2000.0,2018-05-29,Debt consolidation,,7.5%,350xx,AL,< 1 year,0.0
15000.0,2018-05-29,Home buying,,21.27%,018xx,MA,< 1 year,0.0
1000.0,2018-05-29,Other,,0%,302xx,GA,< 1 year,0.0
7000.0,2018-05-29,Debt consolidation,,21.56%,544xx,WI,< 1 year,0.0
1500.0,2018-05-29,Debt consolidation,,16.18%,373xx,TN,< 1 year,0.0
1000.0,2018-05-29,Home buying,,5.6%,928xx,CA,< 1 year,0.0
5000.0,2018-05-30,Other,,11.97%,270xx,NC,< 1 year,0.0
25000.0,2018-05-30,Other,,26.51%,271xx,NC,< 1 year,0.0
20000.0,2018-05-30,Debt consolidation,,25.22%,296xx,SC,10+ years,0.0
10000.0,2018-05-30,Business,,18.05%,600xx,IL,< 1 year,0.0
15000.0,2018-05-30,Debt consolidation,,4.01%,028xx,RI,10+ years,2.0
25000.0,2018-05-30,Debt consolidation,,12.48%,322xx,FL,< 1 year,0.0
35000.0,2018-05-30,Debt consolidation,,21.78%,606xx,IL,< 1 year,0.0
10000.0,2018-05-30,Debt consolidation,,5.32%,846xx,UT,< 1 year,0.0
10000.0,2018-05-30,Other,,16.33%,800xx,CO,< 1 year,0.0
15000.0,2018-05-31,Debt consolidation,,14.82%,493xx,MI,< 1 year,0.0
5000.0,2018-05-31,Other,,12.45%,328xx,FL,< 1 year,0.0
1000.0,2018-05-31,Debt consolidation,,16.28%,704xx,LA,< 1 year,0.0
25000.0,2018-05-31,Debt consolidation,,59.31%,229xx,VA,< 1 year,0.0
23000.0,2018-05-31,Debt consolidation,,46.4%,262xx,WV,< 1 year,0.0
10000.0,2018-05-31,Credit card refinancing,,47.02%,044xx,ME,< 1 year,0.0
4000.0,2018-05-31,Other,580.0,0.77%,376xx,TN,5 years,0.0
7475.0,2018-05-31,Car financing,,19.39%,836xx,ID,< 1 year,0.0
2500.0,2018-05-31,Other,,32.21%,972xx,OR,,0.0
20000.0,2018-06-01,Credit card refinancing,,9.76%,741xx,OK,< 1 year,0.0
25000.0,2018-06-01,Debt consolidation,,100%,561xx,MN,< 1 year,0.0
4000.0,2018-06-01,Other,,21.65%,190xx,PA,< 1 year,0.0
10000.0,2018-06-01,Debt consolidation,,5.32%,917xx,CA,< 1 year,0.0
5000.0,2018-06-01,Business,,39.42%,452xx,OH,10+ years,0.0
6000.0,2018-06-01,Debt consolidation,,3.74%,123xx,NY,< 1 year,0.0
11000.0,2018-06-01,Other,,32.19%,275xx,NC,< 1 year,0.0
1500.0,2018-06-01,Other,,18.58%,750xx,TX,1 year,0.0
20000.0,2018-06-01,Debt consolidation,,32.09%,996xx,AK,< 1 year,0.0
5000.0,2018-06-01,Other,,100%,890xx,NV,< 1 year,0.0
6000.0,2018-06-01,Car financing,,268.67%,591xx,MT,8 years,0.0
15000.0,2018-06-01,Debt consolidation,,25.17%,482xx,MI,< 1 year,0.0
2000.0,2018-06-02,Credit card refinancing,,14.4%,770xx,TX,< 1 year,0.0
3000.0,2018-06-02,Credit card refinancing,,13.64%,112xx,NY,< 1 year,0.0
5000.0,2018-06-02,Credit card refinancing,,40.69%,136xx,NY,< 1 year,0.0
3000.0,2018-06-02,Other,,0%,147xx,NY,< 1 year,0.0
35000.0,2018-06-02,Debt consolidation,,28.65%,980xx,WA,< 1 year,0.0
10000.0,2018-06-02,Debt consolidation,,4725%,945xx,CA,< 1 year,0.0
3000.0,2018-06-02,Credit card refinancing,,19.96%,750xx,TX,< 1 year,0.0
18950.0,2018-06-02,Car financing,,100%,379xx,TN,< 1 year,0.0
5000.0,2018-06-02,Other,,4.7%,792xx,TX,< 1 year,0.0
18000.0,2018-06-02,Debt consolidation,,45.76%,316xx,GA,< 1 year,0.0
10000.0,2018-06-02,Credit card refinancing,,5.96%,038xx,NH,< 1 year,0.0
40000.0,2018-06-02,Debt consolidation,,25.97%,370xx,TN,< 1 year,0.0
6000.0,2018-06-02,Debt consolidation,,23.34%,775xx,TX,< 1 year,0.0
50000.0,2018-06-02,Business Loan,,-1%,748xx,OK,< 1 year,0.0
1000.0,2018-06-03,Medical expenses,541.0,0.34%,212xx,MD,< 1 year,0.0
5000.0,2018-06-04,Moving and relocation,,3.67%,745xx,OK,2 years,0.0
10000.0,2018-06-04,Debt consolidation,,29.48%,234xx,VA,< 1 year,0.0
1000.0,2018-06-04,Other,,0%,352xx,AL,4 years,0.0
12000.0,2018-06-04,Credit card refinancing,,36.73%,430xx,OH,< 1 year,0.0
20000.0,2018-06-04,Debt consolidation,,100%,115xx,NY,< 1 year,0.0
10000.0,2018-06-04,Home buying,,19.48%,212xx,MD,< 1 year,0.0
20000.0,2018-06-04,Home buying,,19.31%,462xx,IN,< 1 year,0.0
5000.0,2018-06-04,Credit card refinancing,,20.88%,850xx,AZ,< 1 year,0.0
5000.0,2018-06-04,Home buying,,15.51%,294xx,SC,4 years,0.0
8000.0,2018-06-04,Debt consolidation,,45.32%,923xx,CA,< 1 year,0.0
10000.0,2018-06-04,Major purchase,,100%,070xx,NJ,< 1 year,0.0
6000.0,2018-06-04,Other,,9.6%,104xx,NY,< 1 year,0.0
4000.0,2018-06-04,Other,,2.93%,714xx,LA,< 1 year,0.0
28000.0,2018-06-04,Car financing,,15.12%,953xx,CA,< 1 year,0.0
10000.0,2018-06-05,Other,,13.02%,150xx,PA,1 year,0.0
7000.0,2018-06-05,Credit card refinancing,,5.59%,941xx,CA,< 1 year,0.0
15000.0,2018-06-05,Home buying,,14.05%,212xx,MD,< 1 year,0.0
10000.0,2018-06-05,Debt consolidation,,55.08%,631xx,MO,1 year,0.0
4000.0,2018-06-05,Major purchase,644.0,5.56%,234xx,VA,< 1 year,0.0
24000.0,2018-06-05,Credit card refinancing,,22.26%,294xx,SC,< 1 year,0.0
5000.0,2018-06-05,Debt consolidation,,24.17%,780xx,TX,< 1 year,0.0
7000.0,2018-06-05,Debt consolidation,,17.24%,871xx,NM,< 1 year,0.0
2500.0,2018-06-05,Other,,9.74%,922xx,CA,< 1 year,0.0
5000.0,2018-06-05,Other,,15.06%,750xx,TX,< 1 year,0.0
7000.0,2018-06-05,Other,,8.02%,959xx,CA,< 1 year,0.0
8500.0,2018-06-05,Credit card refinancing,,25.39%,857xx,AZ,< 1 year,0.0
3000.0,2018-06-06,Major purchase,,26.56%,452xx,OH,,0.0
4000.0,2018-06-06,Home buying,,48.01%,302xx,GA,< 1 year,0.0
5000.0,2018-06-06,Debt consolidation,,164.9%,290xx,SC,< 1 year,0.0
7000.0,2018-06-06,Debt consolidation,,71.53%,840xx,UT,< 1 year,0.0
4000.0,2018-06-06,Credit card refinancing,,15.42%,744xx,OK,< 1 year,0.0
2000.0,2018-06-06,Debt consolidation,,0.88%,331xx,FL,1 year,0.0
5000.0,2018-06-06,Other,,1.61%,713xx,LA,< 1 year,0.0
4000.0,2018-06-06,Other,,15.89%,806xx,CO,< 1 year,0.0
5000.0,2018-06-06,Other,,53.17%,917xx,CA,< 1 year,0.0
10000.0,2018-06-07,Moving and relocation,,13.91%,934xx,CA,2 years,0.0
1500.0,2018-06-07,Debt consolidation,,9.04%,762xx,TX,< 1 year,0.0
25000.0,2018-06-07,Credit card refinancing,,21.39%,462xx,IN,< 1 year,0.0
1500.0,2018-06-07,Moving and relocation,,14.44%,271xx,NC,4 years,0.0
2500.0,2018-06-07,Car financing,,0%,361xx,AL,5 years,0.0
20000.0,2018-06-07,Credit card refinancing,,11.84%,840xx,UT,< 1 year,0.0
4000.0,2018-06-07,Major purchase,,23.44%,535xx,WI,10+ years,0.0
5000.0,2018-06-07,Other,,24.25%,622xx,IL,10+ years,0.0
10000.0,2018-06-07,Credit card refinancing,,41.6%,760xx,TX,< 1 year,0.0
9500.0,2018-06-07,Debt consolidation,,1.8%,787xx,TX,< 1 year,0.0
5000.0,2018-06-07,Moving and relocation,,21.71%,921xx,CA,< 1 year,0.0
10000.0,2018-06-07,Other,,0.88%,700xx,LA,< 1 year,0.0
35000.0,2018-06-08,Debt consolidation,656.0,38.7%,236xx,VA,< 1 year,0.0
3000.0,2018-06-08,Debt consolidation,,15.34%,210xx,MD,< 1 year,0.0
2000.0,2018-06-08,Credit card refinancing,,8.29%,988xx,WA,< 1 year,0.0
2000.0,2018-06-08,Debt consolidation,,0%,177xx,PA,< 1 year,0.0
10000.0,2018-06-08,Debt consolidation,,9.97%,952xx,CA,< 1 year,0.0
14000.0,2018-06-09,Credit card refinancing,,35.61%,768xx,TX,< 1 year,0.0
20000.0,2018-06-09,Debt consolidation,,22.27%,075xx,NJ,< 1 year,0.0
28000.0,2018-06-09,Debt consolidation,,100%,324xx,FL,< 1 year,0.0
2600.0,2018-06-09,Vacation,520.0,0.6%,441xx,OH,,0.0
18000.0,2018-06-09,Debt consolidation,,40.4%,331xx,FL,< 1 year,0.0
10000.0,2018-06-09,Debt consolidation,,16.44%,850xx,AZ,< 1 year,0.0
20000.0,2018-06-09,Debt consolidation,,100%,853xx,AZ,< 1 year,0.0
20000.0,2018-06-09,Other,,30.75%,958xx,CA,< 1 year,0.0
14000.0,2018-06-10,Major purchase,,2.07%,038xx,NH,< 1 year,0.0
8000.0,2018-06-10,Other,,18.22%,330xx,FL,< 1 year,0.0
28500.0,2018-06-10,Debt consolidation,,22.45%,707xx,LA,< 1 year,0.0
25000.0,2018-06-10,Credit card refinancing,,31.44%,782xx,TX,< 1 year,0.0
3500.0,2018-06-10,Other,599.0,0.86%,937xx,CA,< 1 year,0.0
6000.0,2018-06-10,Other,,25.8%,599xx,MT,,0.0
5000.0,2018-06-10,Debt consolidation,,341.73%,283xx,NC,10+ years,0.0
6000.0,2018-06-10,Debt consolidation,,22.26%,606xx,IL,< 1 year,0.0
8000.0,2018-06-10,Other,,46.22%,970xx,OR,< 1 year,0.0
3500.0,2018-06-11,Home buying,,6.72%,391xx,MS,< 1 year,0.0
10000.0,2018-06-11,Home buying,,100%,606xx,IL,< 1 year,0.0
5000.0,2018-06-11,Other,,22.3%,871xx,NM,10+ years,0.0
5000.0,2018-06-11,Car financing,,13.05%,452xx,OH,5 years,0.0
20000.0,2018-06-11,Credit card refinancing,,68.72%,336xx,FL,< 1 year,0.0
10000.0,2018-06-11,Debt consolidation,,22.73%,776xx,TX,< 1 year,0.0
5000.0,2018-06-12,Medical expenses,575.0,0%,402xx,KY,< 1 year,0.0
5000.0,2018-06-12,Other,,25.89%,756xx,TX,< 1 year,0.0
14900.0,2018-06-12,Car financing,,100%,303xx,GA,< 1 year,0.0
2500.0,2018-06-12,Vacation,,0.83%,950xx,CA,,0.0
5000.0,2018-06-12,Debt consolidation,,12.53%,190xx,PA,< 1 year,0.0
2300.0,2018-06-12,Car financing,,100%,920xx,CA,< 1 year,0.0
35000.0,2018-06-12,Debt consolidation,,53.54%,933xx,CA,< 1 year,0.0
11425.0,2018-06-12,Car financing,,100%,301xx,GA,1 year,0.0
3500.0,2018-06-12,Other,,16.8%,481xx,MI,< 1 year,0.0
30000.0,2018-06-12,Debt consolidation,,29.76%,067xx,CT,< 1 year,0.0
10000.0,2018-06-12,Debt consolidation,,5.95%,786xx,TX,,0.0
4000.0,2018-06-12,Debt consolidation,,4.76%,853xx,AZ,< 1 year,0.0
18000.0,2018-06-12,Credit card refinancing,,17.08%,782xx,TX,< 1 year,0.0
7000.0,2018-06-12,Other,,7.15%,352xx,AL,< 1 year,0.0
25000.0,2018-06-12,Credit card refinancing,,20.25%,201xx,VA,< 1 year,0.0
2000.0,2018-06-13,Other,,4%,853xx,AZ,1 year,0.0
7000.0,2018-06-13,Other,,22.9%,121xx,NY,< 1 year,0.0
9500.0,2018-06-13,Credit card refinancing,,71.95%,983xx,WA,< 1 year,0.0
10000.0,2018-06-13,Moving and relocation,,33.58%,891xx,NV,< 1 year,0.0
4000.0,2018-06-13,Debt consolidation,,48.95%,729xx,AR,< 1 year,0.0
5000.0,2018-06-13,Debt consolidation,,22.06%,944xx,CA,< 1 year,0.0
10000.0,2018-06-13,Credit card refinancing,,27.28%,541xx,WI,< 1 year,0.0
35000.0,2018-06-13,Credit card refinancing,,16.78%,128xx,NY,< 1 year,0.0
10000.0,2018-06-13,Debt consolidation,,3.89%,471xx,IN,< 1 year,0.0
15000.0,2018-06-13,Major purchase,,100%,278xx,NC,< 1 year,0.0
7000.0,2018-06-13,Debt consolidation,,100%,982xx,WA,< 1 year,0.0
1000.0,2018-06-13,Other,,0%,670xx,KS,< 1 year,0.0
20000.0,2018-06-13,Debt consolidation,,26.18%,433xx,OH,< 1 year,0.0
25000.0,2018-06-13,Debt consolidation,,100%,303xx,GA,< 1 year,0.0
10000.0,2018-06-14,Debt consolidation,,7.54%,785xx,TX,< 1 year,0.0
3500.0,2018-06-14,Debt consolidation,,7.07%,932xx,CA,< 1 year,0.0
5000.0,2018-06-14,Medical expenses,,22.48%,775xx,TX,4 years,0.0
35000.0,2018-06-14,Debt consolidation,,46.4%,310xx,GA,< 1 year,0.0
10000.0,2018-06-14,Credit card refinancing,,6.9%,188xx,PA,< 1 year,0.0
25000.0,2018-06-14,Credit card refinancing,,62.2%,473xx,IN,< 1 year,0.0
5000.0,2018-06-14,Debt consolidation,,29.67%,296xx,SC,< 1 year,0.0
22000.0,2018-06-14,Car financing,,100%,303xx,GA,< 1 year,0.0
20000.0,2018-06-14,Debt consolidation,,9.94%,972xx,OR,< 1 year,0.0
20000.0,2018-06-15,Home buying,,265.06%,490xx,MI,< 1 year,0.0
5000.0,2018-06-15,Major purchase,,6.3%,208xx,MD,5 years,0.0
15000.0,2018-06-15,Car financing,,46.4%,386xx,MS,< 1 year,0.0
35000.0,2018-06-15,Debt consolidation,,16.12%,152xx,PA,< 1 year,0.0
20000.0,2018-06-15,Debt consolidation,,42.16%,381xx,TN,< 1 year,0.0
15000.0,2018-06-15,Credit card refinancing,,39.92%,636xx,MO,< 1 year,0.0
10000.0,2018-06-15,Debt consolidation,,36.67%,349xx,FL,< 1 year,0.0
15000.0,2018-06-15,Debt consolidation,,20.97%,958xx,CA,,0.0
10000.0,2018-06-15,Other,,15.5%,328xx,FL,< 1 year,0.0
25000.0,2018-06-16,Debt consolidation,,28.64%,039xx,ME,< 1 year,0.0
20000.0,2018-06-16,Car financing,,16.49%,493xx,MI,< 1 year,0.0
10000.0,2018-06-16,Debt consolidation,,10.14%,971xx,OR,< 1 year,0.0
2800.0,2018-06-16,Major purchase,,6.28%,197xx,DE,< 1 year,0.0
20000.0,2018-06-16,Car financing,,40.42%,146xx,NY,< 1 year,0.0
35000.0,2018-06-16,Major purchase,,100%,917xx,CA,< 1 year,0.0
5000.0,2018-06-16,Debt consolidation,,32.71%,067xx,CT,< 1 year,0.0
18000.0,2018-06-16,Debt consolidation,,25.31%,706xx,LA,< 1 year,0.0
12000.0,2018-06-16,Debt consolidation,,8.26%,028xx,RI,< 1 year,0.0
20450.0,2018-06-17,Car financing,,100%,447xx,OH,10+ years,0.0
30000.0,2018-06-17,Debt consolidation,,13.87%,989xx,WA,< 1 year,0.0
20000.0,2018-06-17,Debt consolidation,,37.38%,086xx,NJ,< 1 year,0.0
25000.0,2018-06-17,Debt consolidation,,0.62%,210xx,MD,< 1 year,0.0
10000.0,2018-06-17,Credit card refinancing,,29.38%,935xx,CA,< 1 year,0.0
35000.0,2018-06-18,Credit card refinancing,,15.98%,701xx,LA,< 1 year,0.0
40000.0,2018-06-18,Home buying,,4.91%,191xx,PA,< 1 year,0.0
18000.0,2018-06-18,Debt consolidation,,25.14%,231xx,VA,< 1 year,0.0
10000.0,2018-06-18,Other,,4.46%,777xx,TX,< 1 year,0.0
20000.0,2018-06-18,Debt consolidation,,40.43%,958xx,CA,< 1 year,0.0
1000.0,2018-06-18,Other,,0%,591xx,MT,< 1 year,0.0
25000.0,2018-06-18,Major purchase,,100%,951xx,CA,< 1 year,0.0
5000.0,2018-06-18,Home buying,,5.31%,705xx,LA,< 1 year,0.0
8000.0,2018-06-18,Vacation,,34.47%,330xx,FL,< 1 year,0.0
3000.0,2018-06-18,Debt consolidation,,0%,270xx,NC,< 1 year,0.0
15000.0,2018-06-18,Debt consolidation,,26.11%,980xx,WA,< 1 year,0.0
15000.0,2018-06-18,Other,,0.67%,841xx,UT,,0.0
16000.0,2018-06-19,Other,,7.78%,923xx,CA,< 1 year,0.0
6000.0,2018-06-19,Car financing,,9%,900xx,CA,5 years,0.0
10000.0,2018-06-19,Debt consolidation,,12.61%,270xx,NC,< 1 year,0.0
8000.0,2018-06-19,Other,,30.65%,301xx,GA,< 1 year,0.0
1000.0,2018-06-19,Medical expenses,,5.73%,891xx,NV,< 1 year,0.0
30000.0,2018-06-19,Debt consolidation,,46.69%,114xx,NY,< 1 year,0.0
35000.0,2018-06-19,Home buying,,42.41%,748xx,OK,< 1 year,0.0
8000.0,2018-06-19,Debt consolidation,,100%,465xx,IN,< 1 year,0.0
10000.0,2018-06-19,Credit card refinancing,,24.42%,604xx,IL,< 1 year,0.0
20000.0,2018-06-19,Major purchase,,1.4%,078xx,NJ,< 1 year,0.0
6000.0,2018-06-19,Credit card refinancing,,32.88%,113xx,NY,< 1 year,0.0
23000.0,2018-06-19,Credit card refinancing,,78.54%,329xx,FL,< 1 year,0.0
25000.0,2018-06-20,Debt consolidation,,38.07%,233xx,VA,,0.0
35000.0,2018-06-20,Debt consolidation,,19.25%,958xx,CA,< 1 year,0.0
2100.0,2018-06-20,Other,,62.13%,294xx,SC,,0.0
25000.0,2018-06-20,Debt consolidation,,31.03%,282xx,NC,< 1 year,0.0
6000.0,2018-06-20,Credit card refinancing,,27.76%,320xx,FL,< 1 year,0.0
35000.0,2018-06-20,Debt consolidation,,24.46%,853xx,AZ,,0.0
11000.0,2018-06-20,Debt consolidation,,6.99%,565xx,MN,< 1 year,0.0
5000.0,2018-06-20,Debt consolidation,,36.4%,923xx,CA,< 1 year,0.0
1000.0,2018-06-20,Medical expenses,,30.44%,212xx,MD,< 1 year,0.0
12000.0,2018-06-20,Credit card refinancing,,41.79%,316xx,GA,< 1 year,0.0
5500.0,2018-06-20,Credit card refinancing,,3.73%,750xx,TX,< 1 year,0.0
2500.0,2018-06-20,Credit card refinancing,,100%,478xx,IN,< 1 year,0.0
30000.0,2018-06-20,Debt consolidation,,29.94%,606xx,IL,< 1 year,0.0
32000.0,2018-06-21,Debt consolidation,,13.57%,108xx,NY,< 1 year,0.0
20000.0,2018-06-21,Credit card refinancing,,22.9%,282xx,NC,< 1 year,0.0
4000.0,2018-06-21,Debt consolidation,,22.18%,337xx,FL,< 1 year,0.0
5000.0,2018-06-21,Debt consolidation,,10.9%,923xx,CA,< 1 year,0.0
5000.0,2018-06-21,Medical expenses,,49.62%,756xx,TX,< 1 year,0.0
5000.0,2018-06-21,Debt consolidation,,20.19%,844xx,UT,< 1 year,0.0
10000.0,2018-06-21,Debt consolidation,,100%,605xx,IL,< 1 year,0.0
1000.0,2018-06-22,Home buying,,20.79%,757xx,TX,< 1 year,0.0
30000.0,2018-06-22,Business,,31.54%,201xx,VA,< 1 year,0.0
40000.0,2018-06-22,Credit card refinancing,,54.17%,826xx,WY,< 1 year,0.0
10000.0,2018-06-22,Debt consolidation,,7.96%,532xx,WI,< 1 year,0.0
10000.0,2018-06-22,Debt consolidation,,100%,890xx,NV,< 1 year,0.0
20000.0,2018-06-22,Home buying,,3.7%,601xx,IL,< 1 year,0.0
2000.0,2018-06-23,Vacation,560.0,1.69%,310xx,GA,,0.0
7000.0,2018-06-23,Debt consolidation,,15.87%,902xx,CA,< 1 year,0.0
5000.0,2018-06-23,Other,,12.1%,787xx,TX,2 years,0.0
20000.0,2018-06-23,Credit card refinancing,,100%,117xx,NY,< 1 year,0.0
25000.0,2018-06-23,Debt consolidation,,24.42%,117xx,NY,< 1 year,0.0
2500.0,2018-06-23,Other,,16.7%,853xx,AZ,< 1 year,0.0
10000.0,2018-06-23,Debt consolidation,,14.44%,448xx,OH,,0.0
3500.0,2018-06-23,Credit card refinancing,,2.9%,953xx,CA,< 1 year,0.0
40000.0,2018-06-23,Debt consolidation,,36.95%,570xx,SD,< 1 year,0.0
20000.0,2018-06-23,Other,,4.71%,958xx,CA,< 1 year,0.0
5000.0,2018-06-23,Major purchase,,21.72%,441xx,OH,< 1 year,0.0
10000.0,2018-06-23,Home improvement,,2.64%,323xx,FL,< 1 year,0.0
5000.0,2018-06-24,Other,,23.98%,741xx,OK,4 years,0.0
5000.0,2018-06-24,Car financing,,2.5%,850xx,AZ,< 1 year,0.0
40000.0,2018-06-24,Home improvement,,7.85%,443xx,OH,< 1 year,0.0
10000.0,2018-06-24,Debt consolidation,,36.87%,551xx,MN,< 1 year,0.0
40000.0,2018-06-24,Debt consolidation,,48.71%,782xx,TX,< 1 year,0.0
10000.0,2018-06-24,Credit card refinancing,,100%,977xx,OR,< 1 year,0.0
12000.0,2018-06-25,Debt consolidation,,41.63%,325xx,FL,< 1 year,0.0
10000.0,2018-06-25,Other,,0%,656xx,MO,< 1 year,0.0
1000.0,2018-06-25,Other,,15.52%,407xx,KY,< 1 year,0.0
25000.0,2018-06-25,Debt consolidation,,19.91%,953xx,CA,< 1 year,0.0
15000.0,2018-06-25,Credit card refinancing,,19.58%,999xx,AK,< 1 year,0.0
19500.0,2018-06-25,Home buying,,46.63%,220xx,VA,< 1 year,0.0
2500.0,2018-06-25,Major purchase,,12.97%,060xx,CT,4 years,0.0
40000.0,2018-06-25,Debt consolidation,,22.5%,926xx,CA,< 1 year,0.0
20000.0,2018-06-25,Credit card refinancing,,74.23%,750xx,TX,< 1 year,0.0
25000.0,2018-06-25,Debt consolidation,,26.44%,335xx,FL,< 1 year,0.0
8000.0,2018-06-25,Other,,38.99%,681xx,NE,< 1 year,0.0
15000.0,2018-06-25,Major purchase,,100%,735xx,OK,< 1 year,0.0
7000.0,2018-06-25,Debt consolidation,,41.6%,908xx,CA,< 1 year,0.0
3000.0,2018-06-26,Home buying,,28.89%,833xx,ID,< 1 year,0.0
3000.0,2018-06-26,Other,,18.32%,609xx,IL,5 years,0.0
2500.0,2018-06-26,Other,,33.14%,734xx,OK,9 years,0.0
11000.0,2018-06-26,Credit card refinancing,,16.17%,386xx,MS,< 1 year,0.0
2100.0,2018-06-26,Medical expenses,,2.11%,302xx,GA,< 1 year,0.0
25000.0,2018-06-26,Debt consolidation,,7.4%,902xx,CA,< 1 year,0.0
18000.0,2018-06-26,Debt consolidation,,17.85%,928xx,CA,< 1 year,0.0
5000.0,2018-06-26,Other,,3.34%,360xx,AL,10+ years,0.0
12000.0,2018-06-27,Debt consolidation,,26.2%,934xx,CA,< 1 year,0.0
2000.0,2018-06-27,Other,,10.6%,469xx,IN,1 year,0.0
1000.0,2018-06-27,Other,,100%,701xx,LA,< 1 year,0.0
6000.0,2018-06-27,Credit card refinancing,,30.62%,431xx,OH,,0.0
35000.0,2018-06-27,Home buying,,2.14%,115xx,NY,< 1 year,0.0
50000.0,2018-06-27,Business Loan,,-1%,286xx,NC,< 1 year,0.0
10000.0,2018-06-27,Credit card refinancing,,155.64%,850xx,AZ,< 1 year,0.0
5500.0,2018-06-27,Car financing,,190.31%,372xx,TN,< 1 year,0.0
7000.0,2018-06-27,Other,,13.54%,349xx,FL,1 year,0.0
8000.0,2018-06-27,Debt consolidation,,17.94%,117xx,NY,< 1 year,0.0
30000.0,2018-06-27,Credit card refinancing,,100%,115xx,NY,< 1 year,0.0
25000.0,2018-06-27,Debt consolidation,,100%,840xx,UT,< 1 year,0.0
35000.0,2018-06-28,Credit card refinancing,,31.81%,640xx,MO,< 1 year,0.0
10000.0,2018-06-28,Credit card refinancing,,33.24%,441xx,OH,< 1 year,0.0
18525.0,2018-06-28,Car financing,,100%,211xx,MD,< 1 year,0.0
2500.0,2018-06-28,Credit card refinancing,,14%,601xx,IL,< 1 year,0.0
14000.0,2018-06-28,Debt consolidation,,52.19%,761xx,TX,< 1 year,0.0
20000.0,2018-06-28,Debt consolidation,,65.17%,833xx,ID,< 1 year,0.0
25000.0,2018-06-28,Credit card refinancing,,39.51%,600xx,IL,< 1 year,0.0
30000.0,2018-06-28,Debt consolidation,,34.61%,381xx,TN,< 1 year,0.0
5000.0,2018-06-28,Car financing,,0%,641xx,MO,< 1 year,0.0
2500.0,2018-06-28,Other,,42.7%,350xx,AL,< 1 year,0.0
3000.0,2018-06-28,Credit card refinancing,,13.68%,463xx,IN,< 1 year,0.0
25000.0,2018-06-29,Credit card refinancing,,100%,913xx,CA,< 1 year,0.0
10000.0,2018-06-29,Credit card refinancing,,12.46%,304xx,GA,< 1 year,0.0
25000.0,2018-06-29,Credit card refinancing,,100%,217xx,MD,< 1 year,0.0
1000.0,2018-06-29,Home buying,,66.34%,297xx,SC,< 1 year,0.0
5000.0,2018-06-29,Moving and relocation,,2.07%,297xx,SC,< 1 year,0.0
6000.0,2018-06-29,Major purchase,,15.62%,750xx,TX,< 1 year,0.0
15000.0,2018-06-29,Debt consolidation,,39.82%,303xx,GA,< 1 year,0.0
1500.0,2018-06-29,Other,,38.1%,467xx,IN,,0.0
5000.0,2018-06-29,Moving and relocation,,1.11%,900xx,CA,5 years,0.0
40000.0,2018-06-30,Debt consolidation,,18.18%,189xx,PA,< 1 year,0.0
2000.0,2018-06-30,Debt consolidation,,4.83%,115xx,NY,< 1 year,0.0
8000.0,2018-06-30,Debt consolidation,,25.46%,444xx,OH,< 1 year,0.0
3000.0,2018-06-30,Home improvement,,19.82%,347xx,FL,< 1 year,0.0
8000.0,2018-06-30,Home improvement,,100%,368xx,AL,< 1 year,0.0
4000.0,2018-06-30,Credit card refinancing,,40.34%,641xx,MO,< 1 year,0.0
20000.0,2018-06-30,Other,,0.25%,917xx,CA,< 1 year,0.0
1000.0,2017-10-01,home_improvement,,15.14%,774xx,TX,3 years,0.0
1000.0,2017-10-01,credit_card,,6.6%,074xx,NJ,,0.0
4000.0,2017-10-01,Home improvement,684.0,28.61%,331xx,FL,< 1 year,0.0
3000.0,2017-10-01,other,,19.52%,940xx,CA,< 1 year,0.0
6500.0,2017-10-01,credit_card,,35.79%,295xx,SC,5 years,0.0
30000.0,2017-10-01,Debt consolidation,698.0,10.16%,967xx,HI,< 1 year,0.0
6000.0,2017-10-02,debt_consolidation,,38.82%,371xx,TN,< 1 year,0.0
5000.0,2017-10-02,Debt consolidation,683.0,29.71%,223xx,VA,< 1 year,0.0
5000.0,2017-10-02,Debt consolidation,501.0,11.9%,336xx,FL,< 1 year,0.0
6000.0,2017-10-02,debt_consolidation,,10.05%,785xx,TX,< 1 year,0.0
15000.0,2017-10-02,Debt consolidation,669.0,13.35%,330xx,FL,< 1 year,0.0
5000.0,2017-10-02,Credit card refinancing,664.0,7.2%,217xx,MD,< 1 year,0.0
10000.0,2017-10-02,debt_consolidation,,44.43%,054xx,VT,< 1 year,0.0
2000.0,2017-10-02,other,,10.61%,290xx,SC,3 years,0.0
3000.0,2017-10-02,Other,705.0,3%,996xx,AK,< 1 year,0.0
3000.0,2017-10-02,Debt consolidation,653.0,36.95%,799xx,TX,< 1 year,0.0
15475.0,2017-10-03,debt_consolidation,,15.13%,142xx,NY,< 1 year,0.0
5000.0,2017-10-03,other,,26.88%,481xx,MI,< 1 year,0.0
10000.0,2017-10-03,Home buying,659.0,15.04%,303xx,GA,< 1 year,0.0
5000.0,2017-10-03,Major purchase,840.0,6.81%,789xx,TX,< 1 year,0.0
35000.0,2017-10-03,Credit card refinancing,610.0,23.56%,740xx,OK,< 1 year,0.0
20000.0,2017-10-03,other,,12.08%,334xx,FL,< 1 year,0.0
6000.0,2017-10-03,Medical expenses,595.0,13.14%,760xx,TX,< 1 year,0.0
10000.0,2017-10-03,Business,772.0,5.19%,946xx,CA,9 years,0.0
5000.0,2017-10-03,debt_consolidation,,5.49%,907xx,CA,5 years,0.0
16000.0,2017-10-03,Major purchase,681.0,9999%,565xx,MN,< 1 year,0.0
8000.0,2017-10-04,Credit card refinancing,683.0,21.3%,802xx,CO,< 1 year,0.0
10000.0,2017-10-04,debt_consolidation,,21.17%,347xx,FL,< 1 year,0.0
25000.0,2017-10-04,Other,618.0,58.76%,716xx,AR,< 1 year,0.0
4000.0,2017-10-04,other,,10.26%,712xx,LA,,0.0
1000.0,2017-10-04,Medical expenses,,0%,611xx,IL,< 1 year,0.0
5000.0,2017-10-04,debt_consolidation,,12.4%,113xx,NY,< 1 year,0.0
40000.0,2017-10-04,Credit card refinancing,586.0,51.2%,926xx,CA,< 1 year,0.0
1000.0,2017-10-04,Home buying,602.0,16.81%,117xx,NY,< 1 year,0.0
10000.0,2017-10-04,Debt consolidation,675.0,28.32%,600xx,IL,< 1 year,0.0
5000.0,2017-10-04,Debt consolidation,600.0,9.07%,114xx,NY,< 1 year,0.0
7500.0,2017-10-04,Debt consolidation,620.0,24.57%,607xx,IL,< 1 year,0.0
20000.0,2017-10-05,Other,749.0,10.13%,431xx,OH,< 1 year,0.0
1500.0,2017-10-05,Other,587.0,16.96%,072xx,NJ,< 1 year,0.0
6000.0,2017-10-05,Home improvement,551.0,33.12%,711xx,LA,< 1 year,0.0
2500.0,2017-10-05,debt_consolidation,,2.26%,208xx,MD,< 1 year,0.0
7500.0,2017-10-06,Debt consolidation,637.0,56.74%,330xx,FL,< 1 year,0.0
20000.0,2017-10-06,debt_consolidation,,1.19%,315xx,GA,< 1 year,0.0
1000.0,2017-10-06,Credit card refinancing,501.0,100%,060xx,CT,< 1 year,0.0
25000.0,2017-10-07,debt_consolidation,,40.42%,605xx,IL,< 1 year,0.0
25000.0,2017-10-07,Other,703.0,63.85%,362xx,AL,< 1 year,0.0
1500.0,2017-10-07,Other,519.0,0%,462xx,IN,< 1 year,0.0
30000.0,2017-10-07,debt_consolidation,,8%,960xx,CA,,0.0
35000.0,2017-10-07,other,,41.03%,302xx,GA,< 1 year,0.0
40000.0,2017-10-07,debt_consolidation,,70.59%,080xx,NJ,< 1 year,0.0
3000.0,2017-10-07,home_improvement,,1.3%,571xx,SD,< 1 year,0.0
6000.0,2017-10-07,Debt consolidation,621.0,28.14%,302xx,GA,< 1 year,0.0
10000.0,2017-10-07,debt_consolidation,,72.95%,273xx,NC,< 1 year,0.0
27050.0,2017-10-07,Car financing,682.0,100%,640xx,MO,< 1 year,0.0
20000.0,2017-10-08,Debt consolidation,691.0,25.6%,061xx,CT,< 1 year,0.0
20000.0,2017-10-08,moving,,0%,027xx,MA,,0.0
8000.0,2017-10-08,debt_consolidation,,72.12%,070xx,NJ,< 1 year,0.0
15000.0,2017-10-08,Debt consolidation,501.0,19.68%,199xx,DE,< 1 year,0.0
20000.0,2017-10-08,debt_consolidation,,42.28%,317xx,GA,< 1 year,0.0
1500.0,2017-10-08,Other,501.0,1.03%,800xx,CO,< 1 year,0.0
35000.0,2017-10-08,Credit card refinancing,654.0,45.99%,305xx,GA,< 1 year,0.0
10000.0,2017-10-08,debt_consolidation,,-1%,231xx,VA,< 1 year,0.0
35000.0,2017-10-08,Car financing,790.0,17.56%,934xx,CA,< 1 year,0.0
10000.0,2017-10-08,debt_consolidation,,23.56%,178xx,PA,< 1 year,0.0
21400.0,2017-10-09,Car financing,560.0,24.93%,079xx,NJ,< 1 year,0.0
19000.0,2017-10-09,medical,,1.28%,367xx,AL,< 1 year,0.0
20000.0,2017-10-09,Business,598.0,23.5%,776xx,TX,< 1 year,0.0
10000.0,2017-10-09,Debt consolidation,525.0,32.2%,751xx,TX,< 1 year,0.0
10000.0,2017-10-09,Home buying,610.0,7.63%,014xx,MA,< 1 year,0.0
20000.0,2017-10-09,Debt consolidation,699.0,38.44%,206xx,MD,< 1 year,0.0
2500.0,2017-10-09,other,,2.33%,077xx,NJ,,0.0
3000.0,2017-10-09,other,,22.91%,365xx,AL,< 1 year,0.0
3000.0,2017-10-09,debt_consolidation,,44.21%,473xx,IN,4 years,0.0
40000.0,2017-10-09,Debt consolidation,728.0,26.11%,655xx,MO,< 1 year,0.0
5000.0,2017-10-09,Other,578.0,9.56%,902xx,CA,< 1 year,0.0
4200.0,2017-10-10,Other,697.0,8%,294xx,SC,< 1 year,0.0
2000.0,2017-10-10,Other,613.0,1.71%,495xx,MI,< 1 year,0.0
15000.0,2017-10-10,Debt consolidation,708.0,5.57%,801xx,CO,< 1 year,0.0
7000.0,2017-10-10,Credit card refinancing,573.0,22.04%,019xx,MA,< 1 year,0.0
30000.0,2017-10-10,Business Loan,,-1%,460xx,IN,< 1 year,0.0
3500.0,2017-10-10,debt_consolidation,,8.78%,221xx,VA,< 1 year,0.0
40000.0,2017-10-10,Credit card refinancing,,100%,900xx,CA,< 1 year,0.0
30000.0,2017-10-10,Major purchase,606.0,40.55%,104xx,NY,< 1 year,0.0
8000.0,2017-10-11,other,,20.73%,851xx,AZ,< 1 year,0.0
5000.0,2017-10-11,Debt consolidation,673.0,39.43%,967xx,HI,< 1 year,0.0
25000.0,2017-10-11,Debt consolidation,671.0,54.87%,274xx,NC,< 1 year,0.0
5000.0,2017-10-11,Debt consolidation,790.0,38.72%,305xx,GA,< 1 year,0.0
1000.0,2017-10-11,Other,618.0,5.57%,300xx,GA,< 1 year,0.0
5000.0,2017-10-11,Other,552.0,0%,100xx,NY,< 1 year,0.0
6000.0,2017-10-11,Medical expenses,605.0,12.83%,554xx,MN,< 1 year,0.0
25000.0,2017-10-11,Debt consolidation,633.0,33.12%,820xx,WY,< 1 year,0.0
10000.0,2017-10-11,debt_consolidation,,14.06%,283xx,NC,< 1 year,0.0
1000.0,2017-10-11,Car financing,524.0,5.6%,011xx,MA,< 1 year,0.0
4000.0,2017-10-11,other,,4.78%,906xx,CA,< 1 year,0.0
4000.0,2017-10-11,car,632.0,2.1%,930xx,CA,1 year,0.0
40000.0,2017-10-12,Debt consolidation,,100%,752xx,TX,< 1 year,0.0
1500.0,2017-10-12,Medical expenses,649.0,0%,925xx,CA,< 1 year,0.0
20000.0,2017-10-12,Home buying,663.0,32.59%,303xx,GA,< 1 year,0.0
20000.0,2017-10-12,Business,656.0,8.05%,781xx,TX,2 years,0.0
25000.0,2017-10-12,Other,692.0,11.47%,462xx,IN,< 1 year,0.0
15000.0,2017-10-12,Car financing,711.0,42.78%,052xx,VT,< 1 year,0.0
5000.0,2017-10-12,Other,620.0,17.97%,170xx,PA,< 1 year,0.0
5000.0,2017-10-12,medical,,1.12%,787xx,TX,1 year,0.0
5000.0,2017-10-13,debt_consolidation,,8.43%,105xx,NY,< 1 year,0.0
10000.0,2017-10-13,Other,757.0,11.49%,117xx,NY,< 1 year,0.0
5400.0,2017-10-13,Credit card refinancing,645.0,26.09%,284xx,NC,< 1 year,0.0
20000.0,2017-10-13,Other,593.0,39.58%,301xx,GA,< 1 year,0.0
15000.0,2017-10-13,Credit card refinancing,517.0,16.46%,930xx,CA,< 1 year,0.0
30000.0,2017-10-13,Debt consolidation,696.0,40.83%,324xx,FL,< 1 year,0.0
15000.0,2017-10-13,Debt consolidation,622.0,39.53%,231xx,VA,< 1 year,0.0
2000.0,2017-10-13,Moving and relocation,658.0,15.96%,908xx,CA,< 1 year,0.0
4000.0,2017-10-13,Debt consolidation,629.0,25.42%,775xx,TX,< 1 year,0.0
5000.0,2017-10-13,Car financing,663.0,22.19%,275xx,NC,< 1 year,0.0
4500.0,2017-10-14,moving,,12.48%,477xx,IN,< 1 year,0.0
3500.0,2017-10-14,Other,555.0,30.24%,133xx,NY,< 1 year,0.0
1500.0,2017-10-14,Other,521.0,0%,746xx,OK,< 1 year,0.0
30000.0,2017-10-14,debt_consolidation,,28.31%,691xx,NE,< 1 year,0.0
7000.0,2017-10-14,Other,678.0,6.64%,245xx,VA,< 1 year,0.0
1000.0,2017-10-14,debt_consolidation,,13.13%,312xx,GA,< 1 year,0.0
12000.0,2017-10-14,Home improvement,639.0,11.91%,853xx,AZ,< 1 year,0.0
1000.0,2017-10-15,other,,16.1%,070xx,NJ,2 years,0.0
1000.0,2017-10-15,Business,615.0,1%,010xx,MA,< 1 year,0.0
2000.0,2017-10-15,Debt consolidation,502.0,44.44%,450xx,OH,< 1 year,0.0
20650.0,2017-10-15,Car financing,569.0,100%,770xx,TX,< 1 year,0.0
10000.0,2017-10-15,other,,7.78%,212xx,MD,< 1 year,0.0
25000.0,2017-10-15,Other,643.0,27.48%,381xx,TN,< 1 year,0.0
35000.0,2017-10-16,Medical expenses,,100%,329xx,FL,< 1 year,0.0
1200.0,2017-10-16,Other,623.0,0%,042xx,ME,< 1 year,0.0
20000.0,2017-10-16,Debt consolidation,637.0,48.7%,391xx,MS,< 1 year,0.0
30000.0,2017-10-16,Debt consolidation,653.0,33.93%,726xx,AR,< 1 year,0.0
15000.0,2017-10-16,Debt consolidation,695.0,41.45%,656xx,MO,< 1 year,0.0
5000.0,2017-10-16,other,,0.33%,956xx,CA,< 1 year,0.0
5000.0,2017-10-16,debt_consolidation,,70.27%,146xx,NY,< 1 year,0.0
10000.0,2017-10-16,Debt consolidation,603.0,32.77%,922xx,CA,< 1 year,0.0
10000.0,2017-10-16,home_improvement,,18%,232xx,VA,,0.0
15000.0,2017-10-16,Debt consolidation,619.0,14.72%,452xx,OH,< 1 year,0.0
20000.0,2017-10-17,Debt consolidation,692.0,8.87%,351xx,AL,< 1 year,0.0
30000.0,2017-10-17,Business,645.0,10.29%,010xx,MA,< 1 year,0.0
5000.0,2017-10-17,other,606.0,0.63%,810xx,CO,< 1 year,0.0
7000.0,2017-10-17,car,,2.83%,080xx,NJ,< 1 year,0.0
5000.0,2017-10-17,debt_consolidation,,3.14%,494xx,MI,< 1 year,0.0
25000.0,2017-10-17,Other,597.0,22.42%,982xx,WA,< 1 year,0.0
14000.0,2017-10-17,Car financing,647.0,19.45%,770xx,TX,< 1 year,0.0
5000.0,2017-10-17,Credit card refinancing,678.0,42.84%,445xx,OH,< 1 year,0.0
40000.0,2017-10-17,Other,679.0,31.95%,778xx,TX,< 1 year,0.0
5000.0,2017-10-17,Debt consolidation,594.0,12.1%,539xx,WI,< 1 year,0.0
4000.0,2017-10-17,Debt consolidation,578.0,55.07%,473xx,IN,< 1 year,0.0
25000.0,2017-10-17,Other,660.0,3.39%,925xx,CA,< 1 year,0.0
3500.0,2017-10-17,Major purchase,501.0,12.93%,481xx,MI,< 1 year,0.0
15500.0,2017-10-18,Credit card refinancing,667.0,26.3%,700xx,LA,< 1 year,0.0
5000.0,2017-10-18,Debt consolidation,596.0,19.38%,410xx,KY,< 1 year,0.0
6500.0,2017-10-18,Credit card refinancing,577.0,17.16%,115xx,NY,< 1 year,0.0
1500.0,2017-10-18,Debt consolidation,596.0,11.61%,928xx,CA,< 1 year,0.0
15000.0,2017-10-18,Other,640.0,19.65%,482xx,MI,< 1 year,0.0
20000.0,2017-10-18,Credit card refinancing,557.0,8.25%,920xx,CA,< 1 year,0.0
1000.0,2017-10-18,other,,8.67%,070xx,NJ,< 1 year,0.0
10000.0,2017-10-18,Debt consolidation,652.0,3.6%,186xx,PA,< 1 year,0.0
15000.0,2017-10-18,Moving and relocation,513.0,2.33%,727xx,AR,< 1 year,0.0
2500.0,2017-10-18,debt_consolidation,,7.27%,563xx,MN,< 1 year,0.0
20000.0,2017-10-19,Debt consolidation,677.0,53.64%,186xx,PA,< 1 year,0.0
10000.0,2017-10-19,Other,681.0,12.59%,112xx,NY,< 1 year,0.0
3000.0,2017-10-19,debt_consolidation,,33.92%,765xx,TX,1 year,0.0
3000.0,2017-10-19,Credit card refinancing,,100%,452xx,OH,< 1 year,0.0
15000.0,2017-10-19,Car financing,581.0,8.24%,346xx,FL,< 1 year,0.0
15000.0,2017-10-19,Debt consolidation,663.0,36.72%,365xx,AL,< 1 year,0.0
5000.0,2017-10-19,Vacation,597.0,4.39%,283xx,NC,< 1 year,0.0
10000.0,2017-10-19,Debt consolidation,640.0,9.33%,787xx,TX,< 1 year,0.0
5000.0,2017-10-19,Debt consolidation,663.0,75.99%,767xx,TX,< 1 year,0.0
1000.0,2017-10-19,Medical expenses,612.0,5.18%,302xx,GA,< 1 year,0.0
8000.0,2017-10-19,Medical expenses,677.0,4.97%,191xx,PA,< 1 year,0.0
3000.0,2017-10-20,Other,,100%,481xx,MI,< 1 year,0.0
5000.0,2017-10-20,other,,0%,403xx,KY,< 1 year,0.0
5000.0,2017-10-20,other,,20.36%,341xx,FL,< 1 year,0.0
5000.0,2017-10-20,Credit card refinancing,640.0,32.67%,425xx,KY,< 1 year,0.0
2000.0,2017-10-20,Other,589.0,14.77%,331xx,FL,< 1 year,0.0
10000.0,2017-10-20,Other,729.0,9.09%,707xx,LA,< 1 year,0.0
28000.0,2017-10-20,Home buying,,100%,990xx,WA,< 1 year,0.0
1000.0,2017-10-20,Other,554.0,100%,309xx,GA,< 1 year,0.0
40000.0,2017-10-20,Debt consolidation,669.0,48.29%,244xx,VA,< 1 year,0.0
40000.0,2017-10-20,Major purchase,705.0,0.91%,063xx,CT,< 1 year,0.0
5000.0,2017-10-21,Other,,100%,328xx,FL,< 1 year,0.0
10000.0,2017-10-21,Credit card refinancing,750.0,12.6%,300xx,GA,< 1 year,0.0
20000.0,2017-10-21,debt_consolidation,,13.6%,300xx,GA,< 1 year,0.0
1500.0,2017-10-21,Home improvement,611.0,28.65%,335xx,FL,< 1 year,0.0
5000.0,2017-10-21,Credit card refinancing,663.0,19.07%,027xx,MA,< 1 year,0.0
10000.0,2017-10-22,Debt consolidation,652.0,27.84%,403xx,KY,< 1 year,0.0
40000.0,2017-10-23,Debt consolidation,705.0,19.6%,134xx,NY,< 1 year,0.0
8000.0,2017-10-23,Debt consolidation,691.0,8.29%,280xx,NC,< 1 year,0.0
1000.0,2017-10-23,Other,,100%,948xx,CA,< 1 year,0.0
20000.0,2017-10-23,Debt consolidation,664.0,29.13%,200xx,DC,< 1 year,0.0
1000.0,2017-10-23,other,,10.82%,795xx,TX,1 year,0.0
20000.0,2017-10-23,Debt consolidation,527.0,52%,312xx,GA,< 1 year,0.0
5000.0,2017-10-23,Other,665.0,12.32%,926xx,CA,< 1 year,0.0
3000.0,2017-10-23,Credit card refinancing,646.0,24.88%,688xx,NE,< 1 year,0.0
3000.0,2017-10-23,debt_consolidation,,4.16%,806xx,CO,< 1 year,0.0
2000.0,2017-10-23,Other,576.0,3.08%,104xx,NY,< 1 year,0.0
7500.0,2017-10-24,Debt consolidation,645.0,36.43%,146xx,NY,< 1 year,0.0
40000.0,2017-10-24,Home improvement,,100%,334xx,FL,< 1 year,0.0
30000.0,2017-10-24,Credit card refinancing,754.0,41.13%,187xx,PA,< 1 year,0.0
40000.0,2017-10-24,Debt consolidation,545.0,30.72%,281xx,NC,< 1 year,0.0
25000.0,2017-10-24,Debt consolidation,710.0,52.53%,070xx,NJ,< 1 year,0.0
35000.0,2017-10-24,Other,,100%,900xx,CA,< 1 year,0.0
8000.0,2017-10-24,Debt consolidation,619.0,40.65%,112xx,NY,< 1 year,0.0
35000.0,2017-10-24,debt_consolidation,,11.45%,238xx,VA,< 1 year,0.0
3000.0,2017-10-24,Credit card refinancing,658.0,92.16%,924xx,CA,< 1 year,0.0
16000.0,2017-10-24,Debt consolidation,613.0,71.56%,155xx,PA,< 1 year,0.0
10000.0,2017-10-24,Home improvement,863.0,4.56%,607xx,IL,< 1 year,0.0
15000.0,2017-10-25,Debt consolidation,685.0,52.61%,456xx,OH,< 1 year,0.0
10000.0,2017-10-25,Debt consolidation,611.0,37.59%,339xx,FL,< 1 year,0.0
20000.0,2017-10-25,Debt consolidation,,100%,541xx,WI,< 1 year,0.0
1000.0,2017-10-25,Other,501.0,1.39%,112xx,NY,< 1 year,0.0
5000.0,2017-10-25,Other,665.0,11.38%,761xx,TX,< 1 year,0.0
7000.0,2017-10-25,Debt consolidation,692.0,16.83%,681xx,NE,< 1 year,0.0
6000.0,2017-10-25,Credit card refinancing,680.0,9.3%,018xx,MA,< 1 year,0.0
3000.0,2017-10-25,Other,615.0,21.16%,902xx,CA,< 1 year,0.0
5000.0,2017-10-25,Other,501.0,0.94%,191xx,PA,< 1 year,0.0
6000.0,2017-10-25,Credit card refinancing,651.0,35%,469xx,IN,< 1 year,0.0
25000.0,2017-10-25,Debt consolidation,575.0,19.62%,958xx,CA,< 1 year,0.0
15000.0,2017-10-25,Debt consolidation,749.0,0.89%,926xx,CA,< 1 year,0.0
30000.0,2017-10-25,Debt consolidation,,100%,605xx,IL,< 1 year,0.0
10000.0,2017-10-25,Debt consolidation,643.0,19.9%,231xx,VA,< 1 year,0.0
10000.0,2017-10-26,Debt consolidation,596.0,90.77%,317xx,GA,< 1 year,0.0
1000.0,2017-10-26,Other,578.0,16.78%,278xx,NC,< 1 year,0.0
30000.0,2017-10-26,Debt consolidation,632.0,78.96%,945xx,CA,< 1 year,0.0
5000.0,2017-10-26,Home buying,629.0,41.26%,184xx,PA,< 1 year,0.0
2000.0,2017-10-26,Business,,100%,858xx,CA,< 1 year,0.0
5000.0,2017-10-26,Other,742.0,5.08%,016xx,MA,< 1 year,0.0
10000.0,2017-10-26,Home buying,614.0,1.42%,486xx,MI,< 1 year,0.0
40000.0,2017-10-26,Debt consolidation,847.0,56.12%,953xx,CA,< 1 year,0.0
40000.0,2017-10-26,Debt consolidation,680.0,14.71%,207xx,MD,< 1 year,0.0
2000.0,2017-10-26,Debt consolidation,702.0,27.97%,656xx,MO,< 1 year,0.0
10000.0,2017-10-26,Credit card refinancing,620.0,9.75%,241xx,VA,< 1 year,0.0
7500.0,2017-10-26,Debt consolidation,692.0,19.77%,648xx,MO,< 1 year,0.0
3000.0,2017-10-26,debt_consolidation,,0.32%,282xx,NC,< 1 year,0.0
40000.0,2017-10-26,Debt consolidation,690.0,26.74%,486xx,MI,< 1 year,0.0
5000.0,2017-10-26,Other,642.0,41.89%,467xx,IN,< 1 year,0.0
1000.0,2017-10-27,Home buying,,100%,403xx,KY,< 1 year,0.0
3500.0,2017-10-27,Other,583.0,1.67%,481xx,MI,< 1 year,0.0
8000.0,2017-10-27,Debt consolidation,700.0,45.44%,211xx,MD,< 1 year,0.0
2000.0,2017-10-27,Car financing,573.0,24.53%,917xx,CA,< 1 year,0.0
7000.0,2017-10-27,Medical expenses,566.0,13.74%,300xx,GA,< 1 year,0.0
16000.0,2017-10-28,Credit card refinancing,656.0,53.6%,283xx,NC,< 1 year,0.0
35000.0,2017-10-28,debt_consolidation,,76.7%,921xx,CA,< 1 year,0.0
20000.0,2017-10-28,Debt consolidation,702.0,8.84%,762xx,TX,< 1 year,0.0
6800.0,2017-10-29,Credit card refinancing,739.0,44.16%,058xx,VT,< 1 year,0.0
10000.0,2017-10-29,Home buying,677.0,2.07%,064xx,CT,< 1 year,0.0
5000.0,2017-10-30,Debt consolidation,666.0,20.91%,337xx,FL,< 1 year,0.0
20000.0,2017-10-30,Business,683.0,0%,600xx,IL,< 1 year,0.0
2000.0,2017-10-30,Car financing,645.0,17.83%,355xx,AL,< 1 year,0.0
2500.0,2017-10-30,Other,761.0,2.13%,135xx,NY,< 1 year,0.0
2000.0,2017-10-30,Debt consolidation,685.0,1.35%,208xx,MD,< 1 year,0.0
8000.0,2017-10-30,Debt consolidation,577.0,15.41%,060xx,CT,< 1 year,0.0
6000.0,2017-10-30,Other,575.0,2.35%,367xx,AL,< 1 year,0.0
5000.0,2017-10-31,Major purchase,612.0,7.04%,077xx,NJ,< 1 year,0.0
20000.0,2017-10-31,Credit card refinancing,614.0,39.16%,350xx,AL,< 1 year,0.0
2000.0,2017-10-31,Other,636.0,32.97%,481xx,MI,10+ years,0.0
23000.0,2017-10-31,Credit card refinancing,624.0,54.1%,492xx,MI,< 1 year,0.0
3000.0,2017-10-31,Home improvement,623.0,15.2%,784xx,TX,< 1 year,0.0
35000.0,2017-11-01,Credit card refinancing,706.0,8.86%,100xx,NY,< 1 year,0.0
3000.0,2017-11-01,Major purchase,,100%,275xx,NC,< 1 year,0.0
10000.0,2017-11-01,Medical expenses,603.0,32.39%,751xx,TX,< 1 year,0.0
2000.0,2017-11-01,Medical expenses,624.0,20.16%,352xx,AL,< 1 year,0.0
5000.0,2017-11-01,Other,580.0,1.2%,170xx,PA,< 1 year,0.0
4000.0,2017-11-01,Other,,100%,913xx,CA,< 1 year,0.0
17925.0,2017-11-01,Car financing,559.0,100%,356xx,AL,,0.0
6000.0,2017-11-01,Credit card refinancing,664.0,11.11%,681xx,NE,< 1 year,0.0
10625.0,2017-11-01,Car financing,731.0,100%,986xx,WA,< 1 year,0.0
6000.0,2017-11-02,Debt consolidation,,100%,483xx,MI,< 1 year,0.0
5000.0,2017-11-02,Business,691.0,22.64%,975xx,OR,< 1 year,0.0
4000.0,2017-11-02,debt_consolidation,,19.8%,076xx,NJ,< 1 year,0.0
10000.0,2017-11-02,Home buying,731.0,20.36%,967xx,HI,< 1 year,0.0
2500.0,2017-11-02,Other,571.0,10.68%,958xx,CA,< 1 year,0.0
6500.0,2017-11-03,Credit card refinancing,644.0,37.68%,787xx,TX,< 1 year,0.0
10000.0,2017-11-03,Other,649.0,16.85%,913xx,CA,< 1 year,0.0
3000.0,2017-11-03,Other,583.0,17.04%,394xx,MS,< 1 year,0.0
6000.0,2017-11-03,Home buying,520.0,15.37%,114xx,NY,< 1 year,0.0
1700.0,2017-11-03,Other,612.0,18.15%,030xx,NH,< 1 year,0.0
25000.0,2017-11-03,Other,597.0,32.87%,837xx,ID,< 1 year,0.0
4000.0,2017-11-03,Debt consolidation,645.0,8.83%,900xx,CA,< 1 year,0.0
10000.0,2017-11-04,Credit card refinancing,683.0,50.86%,995xx,AK,< 1 year,0.0
15000.0,2017-11-04,Debt consolidation,683.0,33.15%,480xx,MI,< 1 year,0.0
10000.0,2017-11-04,Home buying,629.0,31.18%,952xx,CA,< 1 year,0.0
3000.0,2017-11-04,Other,636.0,75.11%,282xx,NC,< 1 year,0.0
19975.0,2017-11-04,Home buying,708.0,23.95%,852xx,AZ,< 1 year,0.0
5000.0,2017-11-05,Debt consolidation,646.0,18.35%,387xx,MS,< 1 year,0.0
10000.0,2017-11-05,Debt consolidation,676.0,8.23%,535xx,WI,< 1 year,0.0
15000.0,2017-11-05,Major purchase,732.0,0%,300xx,GA,< 1 year,0.0
10000.0,2017-11-05,Home improvement,,100%,112xx,NY,< 1 year,0.0
7500.0,2017-11-05,credit_card,,20.59%,754xx,TX,< 1 year,0.0
3000.0,2017-11-05,Credit card refinancing,626.0,19.2%,906xx,CA,< 1 year,0.0
4500.0,2017-11-06,Other,,100%,610xx,IL,< 1 year,0.0
10000.0,2017-11-06,Other,,100%,912xx,CA,< 1 year,0.0
15000.0,2017-11-06,Major purchase,733.0,11.4%,360xx,AL,< 1 year,0.0
10000.0,2017-11-06,Debt consolidation,614.0,7.56%,194xx,PA,< 1 year,0.0
1000.0,2017-11-06,Debt consolidation,691.0,24.13%,191xx,PA,< 1 year,0.0
3000.0,2017-11-06,Debt consolidation,566.0,66.72%,532xx,WI,< 1 year,0.0
4000.0,2017-11-06,Major purchase,580.0,29.51%,283xx,NC,< 1 year,0.0
10000.0,2017-11-06,Credit card refinancing,700.0,19.39%,773xx,TX,< 1 year,0.0
9500.0,2017-11-06,Debt consolidation,826.0,29.61%,234xx,VA,< 1 year,0.0
1000.0,2017-11-06,Debt consolidation,616.0,32.37%,601xx,IL,< 1 year,0.0
33800.0,2017-11-07,Credit card refinancing,,100%,201xx,VA,< 1 year,0.0
60000.0,2017-11-07,Business Loan,,-1%,354xx,AL,< 1 year,0.0
16000.0,2017-11-07,Credit card refinancing,661.0,53.84%,657xx,MO,< 1 year,0.0
23000.0,2017-11-07,debt_consolidation,,12.25%,085xx,NJ,< 1 year,0.0
40000.0,2017-11-07,Other,736.0,25.94%,630xx,MO,< 1 year,0.0
8000.0,2017-11-07,Home buying,652.0,5.68%,488xx,MI,< 1 year,0.0
5000.0,2017-11-07,Home buying,506.0,3.43%,324xx,FL,< 1 year,0.0
35000.0,2017-11-07,Debt consolidation,653.0,66.43%,754xx,TX,< 1 year,0.0
30000.0,2017-11-07,Major purchase,670.0,18.76%,841xx,UT,< 1 year,0.0
10000.0,2017-11-07,Business,672.0,16.03%,333xx,FL,< 1 year,0.0
11000.0,2017-11-07,Debt consolidation,,100%,988xx,WA,< 1 year,0.0
17000.0,2017-11-07,Debt consolidation,704.0,40.4%,557xx,MN,< 1 year,0.0
10000.0,2017-11-08,Debt consolidation,689.0,7.94%,900xx,CA,< 1 year,0.0
1000.0,2017-11-08,Moving and relocation,531.0,5.14%,208xx,MD,< 1 year,0.0
2000.0,2017-11-08,Moving and relocation,524.0,0.68%,407xx,KY,< 1 year,0.0
4500.0,2017-11-08,Other,517.0,0.45%,924xx,CA,< 1 year,0.0
10475.0,2017-11-08,Car financing,737.0,100%,902xx,CA,< 1 year,0.0
10000.0,2017-11-09,Other,,100%,945xx,CA,3 years,0.0
25000.0,2017-11-09,Debt consolidation,657.0,15.57%,303xx,GA,< 1 year,0.0
1000.0,2017-11-09,Debt consolidation,501.0,32.61%,782xx,TX,< 1 year,0.0
20000.0,2017-11-09,Credit card refinancing,656.0,26.4%,025xx,MA,< 1 year,0.0
40000.0,2017-11-09,Debt consolidation,620.0,40.21%,490xx,MI,< 1 year,0.0
40000.0,2017-11-09,Debt consolidation,657.0,28.43%,791xx,TX,< 1 year,0.0
5000.0,2017-11-09,Credit card refinancing,612.0,18.69%,060xx,CT,< 1 year,0.0
10000.0,2017-11-09,Other,686.0,11.14%,229xx,VA,< 1 year,0.0
75000.0,2017-11-09,Business Loan,,-1%,184xx,PA,< 1 year,0.0
20000.0,2017-11-09,Debt consolidation,720.0,10.95%,208xx,MD,< 1 year,0.0
5000.0,2017-11-10,Debt consolidation,552.0,0%,281xx,NC,< 1 year,0.0
5000.0,2017-11-10,Other,643.0,1.71%,925xx,CA,< 1 year,0.0
3500.0,2017-11-10,Car financing,643.0,9.92%,172xx,PA,< 1 year,0.0
35000.0,2017-11-10,Debt consolidation,665.0,15.11%,207xx,MD,< 1 year,0.0
10000.0,2017-11-10,Medical expenses,618.0,18.13%,302xx,GA,< 1 year,0.0
5000.0,2017-11-11,Credit card refinancing,501.0,72.85%,890xx,NV,< 1 year,0.0
8000.0,2017-11-11,Debt consolidation,,100%,296xx,SC,< 1 year,0.0
5000.0,2017-11-11,Credit card refinancing,629.0,101.57%,958xx,CA,< 1 year,0.0
1000.0,2017-11-11,Other,599.0,0%,236xx,VA,< 1 year,0.0
3500.0,2017-11-11,Home buying,572.0,28%,355xx,AL,< 1 year,0.0
10000.0,2017-11-12,Credit card refinancing,679.0,20.08%,296xx,SC,< 1 year,0.0
20000.0,2017-11-12,Debt consolidation,673.0,10.53%,115xx,NY,< 1 year,0.0
3000.0,2017-11-12,Other,662.0,0%,080xx,NJ,< 1 year,0.0
10000.0,2017-11-12,debt_consolidation,,20.19%,802xx,CO,< 1 year,0.0
1000.0,2017-11-12,Debt consolidation,673.0,0.67%,956xx,CA,< 1 year,0.0
35000.0,2017-11-12,Home buying,851.0,7.54%,165xx,PA,< 1 year,0.0
14000.0,2017-11-13,Credit card refinancing,,100%,920xx,CA,< 1 year,0.0
4000.0,2017-11-13,Credit card refinancing,501.0,11.38%,453xx,OH,< 1 year,0.0
10000.0,2017-11-13,Other,765.0,7.61%,973xx,OR,< 1 year,0.0
1000.0,2017-11-13,Credit card refinancing,505.0,1.17%,294xx,SC,< 1 year,0.0
10000.0,2017-11-13,Debt consolidation,693.0,10%,170xx,PA,8 years,0.0
1000.0,2017-11-13,Car financing,601.0,35.87%,850xx,AZ,< 1 year,0.0
25000.0,2017-11-13,Credit card refinancing,641.0,40.84%,236xx,VA,< 1 year,0.0
35000.0,2017-11-13,Other,609.0,0.48%,967xx,HI,< 1 year,0.0
1000.0,2017-11-13,Moving and relocation,,0%,391xx,MS,< 1 year,0.0
34000.0,2017-11-13,Credit card refinancing,673.0,107.32%,062xx,CT,< 1 year,0.0
50000.0,2017-11-13,Business Loan,,-1%,333xx,FL,< 1 year,0.0
10000.0,2017-11-14,Debt consolidation,622.0,19.81%,233xx,VA,< 1 year,0.0
2500.0,2017-11-14,Car financing,619.0,0%,281xx,NC,< 1 year,0.0
40000.0,2017-11-14,Debt consolidation,633.0,52.72%,338xx,FL,< 1 year,0.0
3000.0,2017-11-14,Home improvement,653.0,13.15%,331xx,FL,< 1 year,0.0
10000.0,2017-11-14,Debt consolidation,671.0,28.66%,870xx,NM,< 1 year,0.0
5000.0,2017-11-14,Debt consolidation,650.0,5.5%,163xx,PA,< 1 year,0.0
12000.0,2017-11-14,Debt consolidation,657.0,30.98%,864xx,AZ,< 1 year,0.0
6500.0,2017-11-14,Moving and relocation,590.0,44.32%,304xx,GA,< 1 year,0.0
1000.0,2017-11-14,Other,,100%,182xx,PA,< 1 year,0.0
10000.0,2017-11-14,Medical expenses,724.0,4.49%,069xx,CT,< 1 year,0.0
10000.0,2017-11-14,Credit card refinancing,675.0,44.51%,481xx,MI,< 1 year,0.0
6000.0,2017-11-14,Debt consolidation,565.0,63.2%,455xx,OH,< 1 year,0.0
25625.0,2017-11-15,Car financing,628.0,100%,951xx,CA,< 1 year,0.0
1000.0,2017-11-15,Medical expenses,577.0,9.81%,142xx,NY,< 1 year,0.0
5000.0,2017-11-15,Debt consolidation,551.0,11.04%,780xx,TX,< 1 year,0.0
5000.0,2017-11-15,Other,527.0,334.29%,232xx,VA,< 1 year,0.0
5000.0,2017-11-15,Debt consolidation,643.0,157.51%,551xx,MN,< 1 year,0.0
4000.0,2017-11-15,Credit card refinancing,675.0,251.2%,222xx,VA,< 1 year,0.0
40000.0,2017-11-15,Debt consolidation,516.0,45.92%,328xx,FL,< 1 year,0.0
20000.0,2017-11-15,Credit card refinancing,671.0,11.73%,805xx,CO,,0.0
30000.0,2017-11-15,Debt consolidation,665.0,14.25%,941xx,CA,< 1 year,0.0
1750.0,2017-11-15,Other,696.0,2.29%,328xx,FL,< 1 year,0.0
10000.0,2017-11-15,Debt consolidation,629.0,19.13%,027xx,MA,< 1 year,0.0
7000.0,2017-11-15,Other,658.0,29.64%,494xx,MI,< 1 year,0.0
15000.0,2017-11-15,Business,638.0,18.59%,217xx,MD,< 1 year,0.0
10000.0,2017-11-15,Credit card refinancing,745.0,3.67%,801xx,CO,< 1 year,0.0
20000.0,2017-11-15,Debt consolidation,648.0,65.27%,479xx,IN,< 1 year,0.0
7000.0,2017-11-15,Debt consolidation,660.0,42.28%,029xx,RI,< 1 year,0.0
40000.0,2017-11-16,Debt consolidation,616.0,20.67%,114xx,NY,< 1 year,0.0
2000.0,2017-11-16,Other,634.0,0%,958xx,CA,< 1 year,0.0
27000.0,2017-11-16,Debt consolidation,617.0,49.74%,917xx,CA,< 1 year,0.0
35000.0,2017-11-16,Debt consolidation,668.0,57.06%,543xx,WI,< 1 year,0.0
5000.0,2017-11-16,debt_consolidation,,15.65%,801xx,CO,< 1 year,0.0
5500.0,2017-11-16,Other,525.0,3.22%,705xx,LA,< 1 year,0.0
2000.0,2017-11-16,Major purchase,674.0,6.27%,054xx,VT,< 1 year,0.0
6000.0,2017-11-16,Credit card refinancing,677.0,59.08%,604xx,IL,< 1 year,0.0
20000.0,2017-11-16,Debt consolidation,556.0,18.34%,125xx,NY,< 1 year,0.0
25000.0,2017-11-16,Home improvement,638.0,54.15%,034xx,NH,< 1 year,0.0
6000.0,2017-11-16,Credit card refinancing,643.0,11.71%,951xx,CA,4 years,0.0
3000.0,2017-11-16,Home buying,608.0,1.77%,481xx,MI,< 1 year,0.0
30000.0,2017-11-16,Debt consolidation,517.0,13.95%,174xx,PA,< 1 year,0.0
8750.0,2017-11-17,Credit card refinancing,,100%,551xx,MN,< 1 year,0.0
1000.0,2017-11-17,Other,527.0,0%,761xx,TX,< 1 year,0.0
6000.0,2017-11-17,Credit card refinancing,695.0,9.3%,331xx,FL,< 1 year,0.0
6000.0,2017-11-17,Credit card refinancing,685.0,19.88%,117xx,NY,< 1 year,0.0
24025.0,2017-11-18,Car financing,583.0,49.42%,076xx,NJ,< 1 year,0.0
7000.0,2017-11-18,Home improvement,630.0,42.73%,331xx,FL,< 1 year,0.0
10000.0,2017-11-18,Other,567.0,32.35%,339xx,FL,< 1 year,0.0
15000.0,2017-11-18,Debt consolidation,639.0,15.22%,229xx,VA,< 1 year,0.0
40000.0,2017-11-18,Major purchase,,100%,958xx,CA,< 1 year,0.0
5000.0,2017-11-19,Car financing,524.0,0%,551xx,MN,< 1 year,0.0
10000.0,2017-11-19,Credit card refinancing,742.0,24.91%,120xx,NY,< 1 year,0.0
5000.0,2017-11-19,Moving and relocation,614.0,14.82%,043xx,ME,< 1 year,0.0
10000.0,2017-11-19,debt_consolidation,,18.67%,347xx,FL,,0.0
3000.0,2017-11-20,Other,534.0,19.35%,330xx,FL,< 1 year,0.0
25000.0,2017-11-20,Debt consolidation,775.0,61.52%,080xx,NJ,< 1 year,0.0
4000.0,2017-11-20,Credit card refinancing,696.0,36.2%,563xx,MN,< 1 year,0.0
35000.0,2017-11-20,Debt consolidation,616.0,33.18%,222xx,VA,2 years,0.0
15000.0,2017-11-20,Debt consolidation,608.0,32.34%,147xx,NY,< 1 year,0.0
30000.0,2017-11-21,Credit card refinancing,620.0,30.39%,853xx,AZ,< 1 year,0.0
10000.0,2017-11-21,Debt consolidation,670.0,50.93%,498xx,MI,< 1 year,0.0
5000.0,2017-11-21,Debt consolidation,598.0,23.52%,170xx,PA,< 1 year,0.0
1000.0,2017-11-21,Other,658.0,33.27%,945xx,CA,< 1 year,0.0
3000.0,2017-11-21,Debt consolidation,623.0,23.71%,701xx,LA,< 1 year,0.0
1000.0,2017-11-21,Other,612.0,15.41%,054xx,VT,< 1 year,0.0
20000.0,2017-11-21,Debt consolidation,627.0,30.82%,989xx,WA,< 1 year,0.0
5000.0,2017-11-22,Debt consolidation,,100%,622xx,IL,< 1 year,0.0
25000.0,2017-11-22,Debt consolidation,526.0,38.51%,601xx,IL,< 1 year,0.0
10000.0,2017-11-22,Home buying,636.0,3.76%,494xx,MI,< 1 year,0.0
5000.0,2017-11-22,Other,562.0,0%,078xx,NJ,< 1 year,0.0
30000.0,2017-11-22,Debt consolidation,648.0,47.92%,553xx,MN,< 1 year,0.0
25000.0,2017-11-22,Home buying,650.0,12.4%,928xx,CA,< 1 year,0.0
20000.0,2017-11-22,Debt consolidation,501.0,61.62%,283xx,NC,< 1 year,0.0
5000.0,2017-11-22,Other,607.0,17.78%,122xx,NY,< 1 year,0.0
25000.0,2017-11-22,Debt consolidation,674.0,5.43%,201xx,VA,< 1 year,0.0
1000.0,2017-11-23,Moving and relocation,548.0,21.75%,945xx,CA,< 1 year,0.0
250000.0,2017-11-23,Business Loan,,-1%,773xx,TX,< 1 year,0.0
10000.0,2017-11-23,Debt consolidation,680.0,43.59%,013xx,MA,< 1 year,0.0
1000.0,2017-11-23,Home buying,576.0,28.33%,740xx,OK,< 1 year,0.0
10000.0,2017-11-23,Major purchase,669.0,2.77%,471xx,IN,< 1 year,0.0
5000.0,2017-11-24,Credit card refinancing,666.0,8.06%,220xx,VA,< 1 year,0.0
30000.0,2017-11-24,Debt consolidation,643.0,24.95%,990xx,WA,< 1 year,0.0
40000.0,2017-11-24,Credit card refinancing,704.0,44.11%,980xx,WA,< 1 year,0.0
35000.0,2017-11-24,Debt consolidation,532.0,0.31%,930xx,CA,< 1 year,0.0
10000.0,2017-11-24,Credit card refinancing,702.0,39.58%,377xx,TN,< 1 year,0.0
4000.0,2017-11-25,Credit card refinancing,688.0,432.35%,330xx,FL,< 1 year,0.0
1500.0,2017-11-25,Other,630.0,3.47%,465xx,IN,< 1 year,0.0
24250.0,2017-11-25,Car financing,673.0,100%,381xx,TN,10+ years,2.0
20000.0,2017-11-25,Debt consolidation,675.0,23.99%,104xx,NY,< 1 year,0.0
2000.0,2017-11-25,Other,650.0,43.35%,180xx,PA,< 1 year,0.0
4000.0,2017-11-25,Other,617.0,0%,197xx,DE,< 1 year,0.0
5000.0,2017-11-25,Major purchase,612.0,23.73%,917xx,CA,< 1 year,0.0
25000.0,2017-11-25,Debt consolidation,660.0,7.75%,730xx,OK,< 1 year,0.0
10000.0,2017-11-26,Other,758.0,62.62%,635xx,MO,< 1 year,0.0
15000.0,2017-11-26,Credit card refinancing,913.0,32.77%,926xx,CA,< 1 year,0.0
25000.0,2017-11-26,Credit card refinancing,582.0,24.17%,919xx,CA,< 1 year,0.0
2000.0,2017-11-26,Debt consolidation,548.0,9.53%,271xx,NC,< 1 year,0.0
8000.0,2017-11-26,Debt consolidation,635.0,57.81%,235xx,VA,< 1 year,0.0
40000.0,2017-11-26,Credit card refinancing,721.0,407.2%,911xx,CA,< 1 year,0.0
10000.0,2017-11-26,Debt consolidation,633.0,18.71%,255xx,WV,< 1 year,0.0
13000.0,2017-11-26,Credit card refinancing,621.0,13.43%,629xx,IL,< 1 year,0.0
10000.0,2017-11-27,Debt consolidation,714.0,9.81%,223xx,VA,< 1 year,0.0
5000.0,2017-11-27,Debt consolidation,668.0,39.31%,934xx,CA,< 1 year,0.0
1000.0,2017-11-27,Debt consolidation,522.0,11.86%,770xx,TX,< 1 year,0.0
5000.0,2017-11-27,Other,696.0,17.53%,077xx,NJ,< 1 year,0.0
2000.0,2017-11-27,Debt consolidation,525.0,27%,296xx,SC,< 1 year,0.0
6825.0,2017-11-27,Credit card refinancing,714.0,23.91%,320xx,FL,< 1 year,0.0
1000.0,2017-11-27,Other,524.0,0%,775xx,TX,< 1 year,0.0
35000.0,2017-11-27,Debt consolidation,673.0,39.42%,201xx,VA,< 1 year,0.0
10000.0,2017-11-27,Debt consolidation,691.0,9.39%,104xx,NY,< 1 year,0.0
10000.0,2017-11-27,Credit card refinancing,764.0,5866.6%,117xx,NY,< 1 year,0.0
5000.0,2017-11-27,Credit card refinancing,635.0,7.84%,336xx,FL,< 1 year,0.0
12000.0,2017-11-27,Medical expenses,525.0,13.54%,906xx,CA,< 1 year,0.0
5000.0,2017-11-27,Car financing,587.0,0%,442xx,OH,< 1 year,0.0
10000.0,2017-11-27,Debt consolidation,609.0,18.28%,210xx,MD,< 1 year,0.0
5000.0,2017-11-27,Debt consolidation,604.0,20.72%,956xx,CA,< 1 year,0.0
5000.0,2017-11-27,Debt consolidation,602.0,5.37%,440xx,OH,< 1 year,0.0
2000.0,2017-11-28,Debt consolidation,597.0,15.24%,700xx,LA,< 1 year,0.0
2000.0,2017-11-28,Car financing,585.0,23.58%,339xx,FL,< 1 year,0.0
20000.0,2017-11-28,Debt consolidation,713.0,30.59%,190xx,PA,< 1 year,0.0
2500.0,2017-11-28,Debt consolidation,596.0,15.65%,622xx,IL,< 1 year,0.0
2000.0,2017-11-28,Medical expenses,568.0,1.76%,184xx,PA,< 1 year,0.0
35000.0,2017-11-28,Other,678.0,0.67%,451xx,OH,< 1 year,0.0
2500.0,2017-11-28,Other,698.0,31.83%,918xx,CA,10+ years,0.0
1000.0,2017-11-28,Other,566.0,48.45%,774xx,TX,< 1 year,0.0
4000.0,2017-11-28,Medical expenses,645.0,1.27%,276xx,NC,< 1 year,0.0
5000.0,2017-11-28,Medical expenses,596.0,0.5%,981xx,WA,< 1 year,0.0
6000.0,2017-11-28,Debt consolidation,537.0,27.11%,360xx,AL,< 1 year,0.0
10000.0,2017-11-28,Credit card refinancing,687.0,5.61%,462xx,IN,< 1 year,0.0
5000.0,2017-11-28,Debt consolidation,631.0,5.07%,207xx,MD,< 1 year,0.0
5000.0,2017-11-29,Other,692.0,5.54%,313xx,GA,< 1 year,0.0
10000.0,2017-11-29,Debt consolidation,542.0,32.41%,114xx,NY,< 1 year,0.0
6000.0,2017-11-29,Debt consolidation,675.0,24.12%,551xx,MN,< 1 year,0.0
40000.0,2017-11-29,Debt consolidation,708.0,26.14%,956xx,CA,10+ years,0.0
30000.0,2017-11-29,Business,634.0,15.04%,330xx,FL,< 1 year,0.0
2000.0,2017-11-29,Moving and relocation,630.0,0.18%,191xx,PA,< 1 year,0.0
3000.0,2017-11-29,Other,672.0,23.85%,020xx,MA,< 1 year,0.0
35000.0,2017-11-29,Debt consolidation,592.0,5.25%,945xx,CA,< 1 year,0.0
1500.0,2017-11-30,Debt consolidation,,100%,479xx,IN,< 1 year,0.0
1000.0,2017-11-30,Other,503.0,51.49%,917xx,CA,< 1 year,0.0
10000.0,2017-11-30,Debt consolidation,549.0,50.07%,049xx,ME,< 1 year,0.0
13000.0,2017-11-30,Credit card refinancing,785.0,53.64%,054xx,VT,< 1 year,0.0
10000.0,2017-11-30,Debt consolidation,659.0,15.89%,544xx,WI,< 1 year,0.0
5000.0,2017-11-30,Debt consolidation,664.0,28.84%,281xx,NC,< 1 year,0.0
15000.0,2017-11-30,Other,544.0,31.01%,062xx,CT,< 1 year,0.0
30000.0,2017-11-30,Debt consolidation,552.0,51.04%,435xx,OH,< 1 year,0.0
20000.0,2017-11-30,Debt consolidation,687.0,31.45%,856xx,AZ,< 1 year,0.0
12000.0,2017-11-30,Credit card refinancing,703.0,89.23%,010xx,MA,< 1 year,0.0
5500.0,2017-11-30,Other,540.0,33.75%,442xx,OH,< 1 year,0.0
20000.0,2017-11-30,Credit card refinancing,671.0,38.56%,917xx,CA,< 1 year,0.0
1500.0,2017-11-30,Medical expenses,559.0,96.17%,455xx,OH,< 1 year,0.0
2500.0,2017-11-30,Debt consolidation,501.0,93.04%,752xx,TX,< 1 year,0.0
20000.0,2017-11-30,Medical expenses,658.0,15.12%,339xx,FL,< 1 year,0.0
3500.0,2017-11-30,Other,653.0,31.9%,018xx,MA,< 1 year,0.0
5000.0,2017-12-01,Debt consolidation,699.0,30.47%,040xx,ME,< 1 year,0.0
1500.0,2017-12-01,Debt consolidation,656.0,9.79%,917xx,CA,< 1 year,0.0
7000.0,2017-12-01,Debt consolidation,646.0,12.01%,347xx,FL,< 1 year,0.0
10000.0,2017-12-02,Debt consolidation,698.0,12.04%,894xx,NV,< 1 year,0.0
8000.0,2017-12-02,Debt consolidation,622.0,0%,325xx,FL,< 1 year,0.0
15000.0,2017-12-02,Home buying,649.0,14.68%,338xx,FL,< 1 year,0.0
3000.0,2017-12-02,Moving and relocation,635.0,11.52%,752xx,TX,< 1 year,0.0
20000.0,2017-12-03,Debt consolidation,577.0,19.87%,351xx,AL,< 1 year,0.0
1000.0,2017-12-03,Debt consolidation,656.0,41.34%,968xx,HI,< 1 year,0.0
25000.0,2017-12-04,Debt consolidation,,100%,331xx,FL,< 1 year,0.0
30000.0,2017-12-04,Other,,100%,070xx,NJ,< 1 year,0.0
5000.0,2017-12-04,Debt consolidation,,100%,781xx,TX,< 1 year,0.0
20000.0,2017-12-04,Other,693.0,15.33%,212xx,MD,< 1 year,0.0
3000.0,2017-12-04,Home improvement,543.0,12.32%,182xx,PA,< 1 year,0.0
5000.0,2017-12-04,Debt consolidation,501.0,30.12%,321xx,FL,< 1 year,0.0
10000.0,2017-12-04,Debt consolidation,572.0,23.25%,301xx,GA,< 1 year,0.0
12000.0,2017-12-04,Debt consolidation,599.0,42.24%,411xx,KY,< 1 year,0.0
1500.0,2017-12-04,Other,593.0,7.81%,230xx,VA,< 1 year,0.0
10000.0,2017-12-04,Other,631.0,16.38%,923xx,CA,< 1 year,0.0
2000.0,2017-12-05,Debt consolidation,543.0,14.68%,288xx,NC,< 1 year,0.0
1000.0,2017-12-05,Debt consolidation,590.0,59.86%,488xx,MI,< 1 year,0.0
10000.0,2017-12-05,Other,661.0,49%,330xx,FL,< 1 year,0.0
20000.0,2017-12-05,Credit card refinancing,698.0,37.3%,479xx,IN,< 1 year,0.0
7675.0,2017-12-05,Credit card refinancing,694.0,11.69%,280xx,NC,< 1 year,0.0
2000.0,2017-12-05,Moving and relocation,654.0,10.19%,927xx,CA,< 1 year,0.0
10500.0,2017-12-05,Debt consolidation,710.0,26.1%,206xx,MD,< 1 year,0.0
35000.0,2017-12-05,Debt consolidation,672.0,40.38%,232xx,VA,< 1 year,0.0
40000.0,2017-12-05,Debt consolidation,650.0,28.25%,941xx,CA,1 year,0.0
14000.0,2017-12-05,Debt consolidation,677.0,32.09%,567xx,MN,< 1 year,0.0
5000.0,2017-12-05,Debt consolidation,606.0,19.26%,923xx,CA,< 1 year,0.0
2000.0,2017-12-05,Other,511.0,305.6%,303xx,GA,< 1 year,0.0
14100.0,2017-12-05,Car financing,560.0,100%,936xx,CA,< 1 year,0.0
10000.0,2017-12-06,Credit card refinancing,655.0,14.44%,112xx,NY,< 1 year,0.0
2500.0,2017-12-06,Other,778.0,10.47%,600xx,IL,< 1 year,0.0
21100.0,2017-12-06,Car financing,583.0,100%,373xx,TN,< 1 year,0.0
6000.0,2017-12-06,Debt consolidation,660.0,26.46%,750xx,TX,< 1 year,0.0
15000.0,2017-12-06,Credit card refinancing,709.0,18.88%,981xx,WA,< 1 year,0.0
1000.0,2017-12-06,Other,624.0,12.56%,802xx,CO,< 1 year,0.0
40000.0,2017-12-06,Other,630.0,78.1%,387xx,MS,< 1 year,0.0
1200.0,2017-12-06,Debt consolidation,610.0,5.17%,959xx,CA,< 1 year,0.0
17000.0,2017-12-06,Credit card refinancing,706.0,64.17%,978xx,OR,< 1 year,0.0
25000.0,2017-12-06,Debt consolidation,625.0,83.53%,630xx,MO,< 1 year,0.0
12000.0,2017-12-06,Debt consolidation,581.0,22.81%,275xx,NC,< 1 year,0.0
15000.0,2017-12-06,Debt consolidation,651.0,0.82%,220xx,VA,< 1 year,0.0
35000.0,2017-12-06,Credit card refinancing,617.0,109.25%,293xx,SC,< 1 year,0.0
15000.0,2017-12-06,Credit card refinancing,667.0,37.65%,891xx,NV,< 1 year,0.0
5000.0,2017-12-07,Medical expenses,569.0,0%,172xx,PA,< 1 year,0.0
7000.0,2017-12-07,Debt consolidation,656.0,37.37%,409xx,KY,< 1 year,0.0
23000.0,2017-12-07,Debt consolidation,689.0,11.93%,191xx,PA,< 1 year,0.0
12000.0,2017-12-07,Credit card refinancing,796.0,14.19%,142xx,NY,< 1 year,0.0
2000.0,2017-12-07,Home improvement,669.0,5.5%,707xx,LA,< 1 year,0.0
5000.0,2017-12-07,Other,543.0,32.09%,920xx,CA,< 1 year,0.0
10000.0,2017-12-07,Credit card refinancing,680.0,14.96%,196xx,PA,< 1 year,0.0
20000.0,2017-12-07,Debt consolidation,659.0,25.48%,346xx,FL,< 1 year,0.0
15000.0,2017-12-07,Debt consolidation,643.0,20.67%,027xx,MA,< 1 year,0.0
40000.0,2017-12-07,Business,712.0,7.3%,953xx,CA,3 years,0.0
15000.0,2017-12-07,Credit card refinancing,700.0,32.9%,180xx,PA,< 1 year,0.0
10000.0,2017-12-07,Debt consolidation,594.0,29.76%,761xx,TX,< 1 year,0.0
10000.0,2017-12-07,Debt consolidation,768.0,72.5%,112xx,NY,< 1 year,0.0
5000.0,2017-12-08,Debt consolidation,796.0,54.7%,765xx,TX,< 1 year,0.0
5000.0,2017-12-08,Medical expenses,634.0,68.2%,945xx,CA,< 1 year,0.0
27000.0,2017-12-08,Credit card refinancing,693.0,43.17%,676xx,KS,< 1 year,0.0
25000.0,2017-12-08,Debt consolidation,636.0,5.89%,960xx,CA,< 1 year,0.0
10000.0,2017-12-08,Debt consolidation,643.0,30179.67%,770xx,TX,< 1 year,0.0
2500.0,2017-12-08,Car financing,,100%,740xx,OK,< 1 year,0.0
35000.0,2017-12-09,Credit card refinancing,669.0,21.87%,730xx,OK,< 1 year,0.0
2000.0,2017-12-09,Debt consolidation,501.0,0%,452xx,OH,< 1 year,0.0
20000.0,2017-12-09,Credit card refinancing,625.0,18.27%,111xx,NY,< 1 year,0.0
5900.0,2017-12-09,Other,598.0,0%,291xx,SC,< 1 year,0.0
2000.0,2017-12-09,Other,637.0,4%,207xx,MD,< 1 year,0.0
10000.0,2017-12-10,Debt consolidation,,100%,346xx,FL,< 1 year,0.0
9000.0,2017-12-10,Debt consolidation,628.0,44.41%,701xx,LA,< 1 year,0.0
5000.0,2017-12-10,Other,557.0,13.95%,731xx,OK,< 1 year,0.0
35000.0,2017-12-10,Other,578.0,0%,182xx,PA,< 1 year,0.0
20000.0,2017-12-10,Major purchase,617.0,11.16%,770xx,TX,< 1 year,0.0
20000.0,2017-12-10,Business,578.0,54.82%,601xx,IL,< 1 year,0.0
3000.0,2017-12-10,Other,546.0,0%,250xx,WV,< 1 year,0.0
5000.0,2017-12-10,Other,579.0,20.74%,685xx,NE,< 1 year,0.0
25000.0,2017-12-10,Debt consolidation,679.0,6.24%,452xx,OH,< 1 year,0.0
20000.0,2017-12-10,Credit card refinancing,589.0,4.93%,814xx,CO,< 1 year,0.0
15000.0,2017-12-10,Other,596.0,34.13%,786xx,TX,< 1 year,0.0
5000.0,2017-12-10,Home improvement,608.0,13.84%,135xx,NY,< 1 year,0.0
4000.0,2017-12-11,Home improvement,583.0,0%,440xx,OH,< 1 year,0.0
20000.0,2017-12-11,Debt consolidation,551.0,44.04%,381xx,TN,< 1 year,0.0
12000.0,2017-12-11,Debt consolidation,677.0,13.07%,945xx,CA,< 1 year,0.0
15000.0,2017-12-11,Car financing,683.0,5.25%,928xx,CA,< 1 year,0.0
10000.0,2017-12-11,Debt consolidation,652.0,34.42%,331xx,FL,< 1 year,0.0
5000.0,2017-12-11,Debt consolidation,568.0,41.02%,302xx,GA,< 1 year,0.0
20000.0,2017-12-11,Debt consolidation,599.0,26.46%,991xx,WA,< 1 year,0.0
1000.0,2017-12-11,Debt consolidation,582.0,16.03%,770xx,TX,< 1 year,0.0
12000.0,2017-12-11,Debt consolidation,655.0,34.41%,087xx,NJ,< 1 year,0.0
10000.0,2017-12-11,Credit card refinancing,677.0,1.61%,105xx,NY,< 1 year,0.0
20000.0,2017-12-11,Debt consolidation,619.0,13.79%,115xx,NY,< 1 year,0.0
5000.0,2017-12-11,Debt consolidation,528.0,10.96%,142xx,NY,< 1 year,0.0
4000.0,2017-12-11,Debt consolidation,663.0,40.37%,147xx,NY,< 1 year,0.0
10000.0,2017-12-12,Credit card refinancing,683.0,10.07%,441xx,OH,< 1 year,0.0
4000.0,2017-12-12,Debt consolidation,506.0,3.43%,458xx,OH,< 1 year,0.0
2000.0,2017-12-12,Credit card refinancing,583.0,23.37%,444xx,OH,< 1 year,0.0
2500.0,2017-12-12,Home improvement,,100%,112xx,NY,< 1 year,0.0
27050.0,2017-12-12,Car financing,597.0,100%,087xx,NJ,< 1 year,0.0
30000.0,2017-12-12,Debt consolidation,684.0,27.33%,775xx,TX,< 1 year,0.0
1500.0,2017-12-12,Other,578.0,1.78%,900xx,CA,< 1 year,0.0
10000.0,2017-12-13,Debt consolidation,649.0,39.81%,360xx,AL,< 1 year,0.0
25000.0,2017-12-13,Debt consolidation,753.0,9999%,117xx,NY,< 1 year,0.0
3000.0,2017-12-13,Debt consolidation,726.0,5.23%,811xx,CO,< 1 year,0.0
10000.0,2017-12-13,Other,606.0,36.75%,600xx,IL,< 1 year,0.0
30000.0,2017-12-13,Debt consolidation,687.0,34.36%,244xx,VA,< 1 year,0.0
15000.0,2017-12-13,Debt consolidation,501.0,12.79%,802xx,CO,< 1 year,0.0
1000.0,2017-12-13,Debt consolidation,625.0,35.51%,799xx,TX,< 1 year,0.0
10000.0,2017-12-13,Moving and relocation,630.0,17.35%,015xx,MA,< 1 year,0.0
35000.0,2017-12-13,Debt consolidation,616.0,55.74%,923xx,CA,< 1 year,0.0
10000.0,2017-12-13,Debt consolidation,651.0,43.75%,267xx,WV,< 1 year,0.0
10000.0,2017-12-13,Credit card refinancing,691.0,4.65%,917xx,CA,< 1 year,0.0
1000.0,2017-12-14,Other,621.0,327.33%,786xx,TX,< 1 year,0.0
5000.0,2017-12-14,Debt consolidation,606.0,15.03%,302xx,GA,< 1 year,0.0
40000.0,2017-12-14,Debt consolidation,620.0,54.96%,539xx,WI,< 1 year,0.0
20000.0,2017-12-14,Debt consolidation,,100%,680xx,NE,< 1 year,0.0
10000.0,2017-12-14,Debt consolidation,724.0,24.06%,302xx,GA,< 1 year,0.0
1000.0,2017-12-14,Other,650.0,22.93%,391xx,MS,< 1 year,0.0
10000.0,2017-12-14,Credit card refinancing,630.0,20.01%,283xx,NC,< 1 year,0.0
3500.0,2017-12-14,Debt consolidation,548.0,36.48%,018xx,MA,< 1 year,0.0
4000.0,2017-12-14,Debt consolidation,652.0,13.28%,770xx,TX,< 1 year,0.0
15000.0,2017-12-15,Home buying,,100%,380xx,TN,< 1 year,0.0
25175.0,2017-12-15,Car financing,609.0,100%,473xx,IN,< 1 year,0.0
1500.0,2017-12-15,Moving and relocation,543.0,0%,974xx,OR,< 1 year,0.0
2500.0,2017-12-15,Debt consolidation,510.0,33.92%,302xx,GA,< 1 year,0.0
3000.0,2017-12-15,Other,628.0,0.35%,913xx,CA,< 1 year,0.0
2000.0,2017-12-16,Debt consolidation,599.0,14.37%,130xx,NY,< 1 year,0.0
1000.0,2017-12-16,Other,624.0,21.34%,312xx,GA,< 1 year,0.0
40000.0,2017-12-16,Debt consolidation,662.0,6.18%,930xx,CA,10+ years,0.0
10000.0,2017-12-16,Car financing,555.0,23.61%,723xx,AR,< 1 year,0.0
10000.0,2017-12-16,Debt consolidation,599.0,27.27%,435xx,OH,< 1 year,0.0
1000.0,2017-12-16,Other,501.0,46.38%,394xx,MS,< 1 year,0.0
3000.0,2017-12-17,Home buying,529.0,1.23%,773xx,TX,< 1 year,0.0
40000.0,2017-12-17,Other,765.0,51.65%,170xx,PA,< 1 year,0.0
2500.0,2017-12-17,Debt consolidation,578.0,32.37%,191xx,PA,< 1 year,0.0
1000.0,2017-12-17,Other,650.0,40.09%,795xx,TX,< 1 year,0.0
15000.0,2017-12-17,Credit card refinancing,658.0,51.62%,770xx,TX,< 1 year,0.0
2500.0,2017-12-18,Debt consolidation,728.0,21.76%,667xx,KS,< 1 year,0.0
19000.0,2017-12-18,Debt consolidation,573.0,27.52%,105xx,NY,< 1 year,0.0
10000.0,2017-12-18,Debt consolidation,726.0,8.55%,800xx,CO,< 1 year,0.0
10000.0,2017-12-18,Other,571.0,0%,319xx,GA,< 1 year,0.0
1200.0,2017-12-18,Moving and relocation,,0%,547xx,WI,< 1 year,0.0
6000.0,2017-12-18,Credit card refinancing,743.0,18.27%,067xx,CT,< 1 year,0.0
8000.0,2017-12-19,Credit card refinancing,,100%,928xx,CA,< 1 year,0.0
8000.0,2017-12-19,Credit card refinancing,,100%,945xx,CA,< 1 year,0.0
22000.0,2017-12-19,Debt consolidation,,100%,355xx,AL,< 1 year,0.0
25000.0,2017-12-19,Debt consolidation,663.0,43.55%,327xx,FL,< 1 year,0.0
1000.0,2017-12-19,Debt consolidation,724.0,0%,922xx,CA,< 1 year,0.0
10000.0,2017-12-19,Home buying,589.0,8.2%,720xx,AR,< 1 year,0.0
36000.0,2017-12-19,Debt consolidation,,100%,073xx,NJ,< 1 year,0.0
5000.0,2017-12-20,Debt consolidation,628.0,9.79%,330xx,FL,< 1 year,0.0
20000.0,2017-12-20,Credit card refinancing,562.0,214.29%,786xx,TX,< 1 year,0.0
10000.0,2017-12-20,Debt consolidation,,0%,760xx,TX,< 1 year,0.0
12000.0,2017-12-20,Debt consolidation,599.0,14.02%,402xx,KY,< 1 year,0.0
8500.0,2017-12-20,Credit card refinancing,596.0,5.74%,075xx,NJ,< 1 year,0.0
30000.0,2017-12-20,Medical expenses,642.0,43.28%,813xx,CO,< 1 year,0.0
19575.0,2017-12-20,Car financing,709.0,100%,303xx,GA,10+ years,2.0
5000.0,2017-12-20,Home buying,694.0,52.27%,295xx,SC,< 1 year,0.0
1800.0,2017-12-21,Moving and relocation,611.0,24.9%,933xx,CA,< 1 year,0.0
15000.0,2017-12-21,Medical expenses,634.0,34.64%,339xx,FL,< 1 year,0.0
3000.0,2017-12-21,Debt consolidation,668.0,23.12%,441xx,OH,< 1 year,0.0
40000.0,2017-12-21,Debt consolidation,579.0,21.46%,932xx,CA,< 1 year,0.0
1200.0,2017-12-21,Car financing,561.0,3.38%,432xx,OH,< 1 year,0.0
16000.0,2017-12-22,Credit card refinancing,603.0,18.68%,395xx,MS,< 1 year,0.0
7500.0,2017-12-22,Debt consolidation,610.0,38.07%,338xx,FL,< 1 year,0.0
3000.0,2017-12-22,Vacation,578.0,445.25%,873xx,NM,< 1 year,0.0
10000.0,2017-12-22,Debt consolidation,676.0,11.69%,301xx,GA,< 1 year,0.0
6000.0,2017-12-22,Credit card refinancing,794.0,29.57%,773xx,TX,< 1 year,0.0
5000.0,2017-12-22,Other,543.0,8.97%,700xx,LA,< 1 year,0.0
15000.0,2017-12-22,Debt consolidation,611.0,3.65%,113xx,NY,< 1 year,0.0
2000.0,2017-12-23,Debt consolidation,598.0,21.49%,330xx,FL,< 1 year,0.0
6000.0,2017-12-23,Home improvement,,100%,330xx,FL,< 1 year,0.0
25000.0,2017-12-23,Other,845.0,0.01%,956xx,CA,< 1 year,0.0
15000.0,2017-12-23,Debt consolidation,571.0,18.87%,980xx,WA,< 1 year,0.0
2000.0,2017-12-23,Other,614.0,23.54%,331xx,FL,< 1 year,0.0
40000.0,2017-12-24,Debt consolidation,638.0,45.4%,967xx,HI,< 1 year,0.0
35000.0,2017-12-25,Other,,100%,021xx,MA,< 1 year,0.0
20000.0,2017-12-25,Debt consolidation,646.0,33.87%,130xx,NY,< 1 year,0.0
6000.0,2017-12-25,Major purchase,515.0,37.17%,304xx,GA,< 1 year,0.0
34000.0,2017-12-25,Debt consolidation,630.0,23.52%,296xx,SC,< 1 year,0.0
2000.0,2017-12-26,Debt consolidation,608.0,19.3%,177xx,PA,< 1 year,0.0
2000.0,2017-12-26,Debt consolidation,621.0,34.36%,658xx,MO,< 1 year,0.0
30000.0,2017-12-26,Debt consolidation,620.0,43.48%,891xx,NV,< 1 year,0.0
11850.0,2017-12-26,Car financing,722.0,100%,633xx,MO,< 1 year,0.0
35000.0,2017-12-26,Car financing,607.0,20.72%,721xx,AR,< 1 year,0.0
5000.0,2017-12-26,Other,524.0,0%,402xx,KY,< 1 year,0.0
18000.0,2017-12-26,Debt consolidation,656.0,42.87%,143xx,NY,< 1 year,0.0
17400.0,2017-12-27,Other,,100%,926xx,CA,< 1 year,0.0
5000.0,2017-12-27,Debt consolidation,643.0,25.59%,700xx,LA,< 1 year,0.0
18000.0,2017-12-27,Debt consolidation,620.0,26.63%,407xx,KY,< 1 year,0.0
15000.0,2017-12-27,Debt consolidation,565.0,34.67%,822xx,WY,< 1 year,0.0
20000.0,2017-12-27,Debt consolidation,621.0,40.94%,998xx,AK,< 1 year,0.0
10000.0,2017-12-27,Debt consolidation,655.0,29.35%,701xx,LA,< 1 year,0.0
35000.0,2017-12-27,Home buying,771.0,1.2%,114xx,NY,< 1 year,0.0
4000.0,2017-12-27,Other,642.0,44.05%,802xx,CO,< 1 year,0.0
6500.0,2017-12-28,Car financing,796.0,57.8%,383xx,TN,< 1 year,0.0
25000.0,2017-12-28,Debt consolidation,621.0,51.45%,230xx,VA,< 1 year,0.0
10000.0,2017-12-28,Debt consolidation,690.0,13.88%,787xx,TX,< 1 year,0.0
5000.0,2017-12-28,Car financing,513.0,0.2%,273xx,NC,< 1 year,0.0
2000.0,2017-12-28,Debt consolidation,633.0,39.15%,328xx,FL,< 1 year,0.0
2000.0,2017-12-28,Other,694.0,34.51%,731xx,OK,< 1 year,0.0
35000.0,2017-12-29,Credit card refinancing,,100%,750xx,TX,< 1 year,0.0
11000.0,2017-12-29,Debt consolidation,,100%,740xx,OK,< 1 year,0.0
1000.0,2017-12-29,Debt consolidation,686.0,62.4%,190xx,PA,< 1 year,0.0
10000.0,2017-12-29,Other,573.0,73.82%,786xx,TX,< 1 year,0.0
27000.0,2017-12-29,Debt consolidation,,100%,080xx,NJ,< 1 year,0.0
26000.0,2017-12-29,Debt consolidation,717.0,19.59%,833xx,ID,< 1 year,0.0
5000.0,2017-12-29,Other,540.0,14.3%,330xx,FL,< 1 year,0.0
1000.0,2017-12-29,Other,666.0,0%,701xx,LA,< 1 year,0.0
15000.0,2017-12-30,Other,611.0,27.82%,453xx,OH,< 1 year,0.0
10000.0,2017-12-30,Debt consolidation,672.0,212.09%,433xx,OH,< 1 year,0.0
7000.0,2017-12-30,Other,573.0,8.56%,785xx,TX,< 1 year,0.0
10000.0,2017-12-30,Other,656.0,21.12%,454xx,OH,< 1 year,0.0
7500.0,2017-12-30,Credit card refinancing,664.0,4.9%,606xx,IL,< 1 year,0.0
35000.0,2017-12-31,Debt consolidation,,100%,285xx,NC,< 1 year,0.0
17000.0,2017-12-31,Credit card refinancing,724.0,54.88%,959xx,CA,< 1 year,0.0
2500.0,2017-12-31,Major purchase,651.0,13.39%,386xx,MS,< 1 year,0.0
10000.0,2017-12-31,Other,647.0,6.17%,980xx,WA,< 1 year,0.0
11500.0,2017-12-31,Credit card refinancing,656.0,21.24%,815xx,CO,< 1 year,0.0
5000.0,2017-12-31,Home improvement,588.0,39.81%,440xx,OH,< 1 year,0.0
5000.0,2017-12-31,Other,606.0,25.79%,900xx,CA,< 1 year,0.0
35000.0,2015-01-01,debt_consolidation,709.0,57.9%,306xx,GA,< 1 year,0.0
35000.0,2015-01-02,debt_consolidation,713.0,37.38%,852xx,AZ,< 1 year,0.0
7000.0,2015-01-02,other,557.0,33.04%,546xx,WI,< 1 year,0.0
10000.0,2015-01-02,car,833.0,64.97%,953xx,CA,< 1 year,0.0
10000.0,2015-01-02,debt_consolidation,563.0,25.83%,146xx,NY,< 1 year,0.0
1500.0,2015-01-03,credit_card,673.0,11.39%,660xx,KS,< 1 year,0.0
20000.0,2015-01-04,debt_consolidation,617.0,19.49%,120xx,NY,< 1 year,0.0
22000.0,2015-01-04,debt_consolidation,678.0,77.95%,350xx,AL,< 1 year,0.0
3500.0,2015-01-05,moving,501.0,0%,103xx,NY,< 1 year,0.0
20000.0,2015-01-05,Business Loan,,-1%,397xx,MS,< 1 year,0.0
2000.0,2015-01-07,debt_consolidation,590.0,44.27%,752xx,TX,< 1 year,0.0
5000.0,2015-01-07,major_purchase,662.0,61.81%,601xx,IL,< 1 year,0.0
15000.0,2015-01-07,debt_consolidation,622.0,34.5%,234xx,VA,< 1 year,0.0
5000.0,2015-01-07,credit_card,554.0,14.26%,944xx,CA,< 1 year,0.0
25000.0,2015-01-07,debt_consolidation,692.0,13.02%,606xx,IL,< 1 year,0.0
3800.0,2015-01-08,home_improvement,636.0,-1%,105xx,NY,5 years,0.0
5000.0,2015-01-08,vacation,585.0,18.06%,920xx,CA,< 1 year,0.0
12000.0,2015-01-08,debt_consolidation,665.0,16.01%,144xx,NY,< 1 year,0.0
1000.0,2015-01-08,moving,501.0,26.05%,072xx,NJ,< 1 year,0.0
1000.0,2015-01-08,major_purchase,552.0,1.25%,784xx,TX,< 1 year,0.0
5000.0,2015-01-09,other,517.0,1.11%,704xx,LA,< 1 year,0.0
7500.0,2015-01-10,small_business,501.0,16.69%,640xx,MO,< 1 year,0.0
7700.0,2015-01-10,debt_consolidation,608.0,20.5%,423xx,KY,< 1 year,0.0
2000.0,2015-01-11,other,621.0,6.57%,402xx,KY,< 1 year,0.0
20000.0,2015-01-11,other,683.0,4.28%,210xx,MD,< 1 year,0.0
3000.0,2015-01-12,debt_consolidation,629.0,0%,395xx,MS,< 1 year,0.0
11000.0,2015-01-12,credit_card,692.0,38.32%,894xx,NV,< 1 year,0.0
5000.0,2015-01-12,medical,608.0,6.72%,959xx,CA,< 1 year,0.0
10000.0,2015-01-13,debt_consolidation,726.0,45.2%,761xx,TX,< 1 year,0.0
35000.0,2015-01-14,credit_card,621.0,24.34%,221xx,VA,< 1 year,0.0
35000.0,2015-01-14,debt_consolidation,739.0,15.18%,028xx,RI,< 1 year,0.0
7000.0,2015-01-14,medical,,-1%,907xx,CA,< 1 year,0.0
6000.0,2015-01-14,debt_consolidation,720.0,9.88%,913xx,CA,< 1 year,0.0
30000.0,2015-01-15,credit_card,633.0,23.27%,331xx,FL,< 1 year,0.0
25000.0,2015-01-15,Business Loan,,-1%,490xx,MI,< 1 year,0.0
25000.0,2015-01-15,debt_consolidation,729.0,35.02%,278xx,NC,,0.0
1100.0,2015-01-15,other,628.0,28.53%,335xx,FL,< 1 year,0.0
1000.0,2015-01-15,moving,508.0,14.47%,370xx,TN,< 1 year,0.0
12500.0,2015-01-16,debt_consolidation,625.0,30.05%,350xx,AL,< 1 year,0.0
3000.0,2015-01-16,other,650.0,22.16%,146xx,NY,< 1 year,0.0
9500.0,2015-01-17,debt_consolidation,633.0,17.29%,600xx,IL,< 1 year,0.0
15000.0,2015-01-18,debt_consolidation,576.0,33.57%,786xx,TX,< 1 year,0.0
12000.0,2015-01-19,debt_consolidation,652.0,21.57%,278xx,NC,< 1 year,0.0
5000.0,2015-01-19,debt_consolidation,637.0,27.32%,011xx,MA,< 1 year,0.0
6000.0,2015-01-19,other,624.0,14.52%,921xx,CA,< 1 year,0.0
15000.0,2015-01-19,major_purchase,661.0,30.7%,936xx,CA,< 1 year,0.0
13000.0,2015-01-20,debt_consolidation,750.0,3.4%,487xx,MI,< 1 year,0.0
35000.0,2015-01-21,debt_consolidation,724.0,9.12%,550xx,MN,5 years,0.0
25000.0,2015-01-21,credit_card,664.0,34.36%,287xx,NC,< 1 year,0.0
35000.0,2015-01-21,debt_consolidation,755.0,6.62%,305xx,GA,< 1 year,0.0
1000.0,2015-01-21,debt_consolidation,567.0,1.2%,296xx,SC,< 1 year,0.0
10000.0,2015-01-21,debt_consolidation,626.0,36.04%,941xx,CA,< 1 year,0.0
5000.0,2015-01-22,other,578.0,22.4%,674xx,KS,< 1 year,0.0
15000.0,2015-01-23,debt_consolidation,619.0,12.15%,300xx,GA,< 1 year,0.0
35000.0,2015-01-25,small_business,801.0,84.83%,762xx,TX,< 1 year,0.0
250000.0,2015-01-25,Business Loan,,-1%,925xx,CA,< 1 year,0.0
25000.0,2015-01-25,Business Loan,,-1%,238xx,VA,< 1 year,0.0
18000.0,2015-01-26,car,729.0,55.55%,226xx,VA,7 years,0.0
35000.0,2015-01-27,debt_consolidation,637.0,20.25%,787xx,TX,< 1 year,0.0
35000.0,2015-01-27,house,630.0,18%,921xx,CA,< 1 year,0.0
17000.0,2015-01-27,small_business,,-1%,911xx,CA,< 1 year,0.0
1000.0,2015-01-28,debt_consolidation,596.0,13.92%,450xx,OH,< 1 year,0.0
30000.0,2015-01-29,credit_card,763.0,27.21%,806xx,CO,< 1 year,0.0
20000.0,2015-01-29,debt_consolidation,647.0,38.77%,349xx,FL,< 1 year,0.0
30000.0,2015-02-01,debt_consolidation,653.0,111.44%,917xx,CA,< 1 year,0.0
35000.0,2015-02-01,moving,,0%,319xx,GA,< 1 year,0.0
2000.0,2015-02-02,major_purchase,,0%,451xx,OH,< 1 year,0.0
3400.0,2015-02-02,other,581.0,33.8%,330xx,FL,< 1 year,0.0
10000.0,2015-02-02,debt_consolidation,681.0,44.22%,984xx,WA,< 1 year,0.0
34000.0,2015-02-03,debt_consolidation,623.0,30.67%,826xx,WY,< 1 year,0.0
18000.0,2015-02-03,debt_consolidation,595.0,21.22%,895xx,NV,< 1 year,0.0
13000.0,2015-02-03,major_purchase,617.0,19.26%,770xx,TX,< 1 year,0.0
25000.0,2015-02-03,debt_consolidation,696.0,3.24%,937xx,CA,< 1 year,0.0
1000.0,2015-02-03,small_business,658.0,29.9%,782xx,TX,< 1 year,0.0
5000.0,2015-02-03,debt_consolidation,668.0,9.44%,785xx,TX,< 1 year,0.0
3000.0,2015-02-03,debt_consolidation,622.0,5.88%,302xx,GA,< 1 year,0.0
17000.0,2015-02-04,debt_consolidation,609.0,31.86%,440xx,OH,< 1 year,0.0
13000.0,2015-02-05,debt_consolidation,681.0,10.15%,852xx,AZ,5 years,0.0
15000.0,2015-02-05,debt_consolidation,695.0,41.9%,949xx,CA,< 1 year,0.0
10000.0,2015-02-05,debt_consolidation,694.0,23.1%,558xx,MN,< 1 year,0.0
35000.0,2015-02-06,credit_card,675.0,28.5%,117xx,NY,5 years,0.0
5000.0,2015-02-07,debt_consolidation,562.0,34.56%,841xx,UT,< 1 year,0.0
35000.0,2015-02-07,house,683.0,17.83%,631xx,MO,,0.0
7500.0,2015-02-10,debt_consolidation,609.0,27.91%,922xx,CA,< 1 year,0.0
5000.0,2015-02-11,car,565.0,6.57%,333xx,FL,< 1 year,0.0
35000.0,2015-02-11,debt_consolidation,567.0,20.64%,335xx,FL,< 1 year,0.0
15000.0,2015-02-11,debt_consolidation,613.0,15.24%,850xx,AZ,< 1 year,0.0
35000.0,2015-02-11,debt_consolidation,616.0,45.12%,917xx,CA,< 1 year,0.0
25000.0,2015-02-11,small_business,663.0,38.99%,723xx,AR,< 1 year,0.0
25000.0,2015-02-11,debt_consolidation,554.0,4.14%,448xx,OH,< 1 year,0.0
20000.0,2015-02-12,credit_card,636.0,39.27%,081xx,NJ,< 1 year,0.0
7000.0,2015-02-12,debt_consolidation,641.0,12.36%,563xx,MN,< 1 year,0.0
5000.0,2015-02-13,vacation,554.0,155.02%,611xx,IL,< 1 year,0.0
25000.0,2015-02-13,debt_consolidation,651.0,9.83%,652xx,MO,< 1 year,0.0
13000.0,2015-02-15,house,658.0,19.03%,443xx,OH,5 years,0.0
3000.0,2015-02-16,debt_consolidation,501.0,6.71%,563xx,MN,< 1 year,0.0
5000.0,2015-02-17,debt_consolidation,636.0,5.97%,104xx,NY,< 1 year,0.0
30000.0,2015-02-17,Business Loan,,-1%,762xx,TX,< 1 year,0.0
4900.0,2015-02-17,car,479.0,1155.2%,814xx,CO,< 1 year,0.0
13000.0,2015-02-18,car,622.0,-1%,805xx,CO,< 1 year,0.0
1000.0,2015-02-18,major_purchase,520.0,0.86%,105xx,NY,< 1 year,0.0
20000.0,2015-02-18,debt_consolidation,624.0,31.83%,800xx,CO,< 1 year,0.0
5000.0,2015-02-18,home_improvement,679.0,9.98%,290xx,SC,< 1 year,0.0
20000.0,2015-02-20,Major purchase,660.0,21.09%,302xx,GA,5 years,0.0
20000.0,2015-02-20,debt_consolidation,620.0,42.42%,672xx,KS,< 1 year,0.0
10000.0,2015-02-20,home_improvement,674.0,26.33%,207xx,MD,< 1 year,0.0
6000.0,2015-02-21,other,624.0,16.75%,721xx,AR,< 1 year,0.0
25000.0,2015-02-23,Debt consolidation,818.0,12.47%,550xx,MN,< 1 year,0.0
25000.0,2015-02-23,home_improvement,629.0,19.2%,629xx,IL,< 1 year,0.0
5000.0,2015-02-24,moving,589.0,0%,908xx,CA,< 1 year,0.0
2000.0,2015-02-24,debt_consolidation,632.0,16.2%,233xx,VA,< 1 year,0.0
23000.0,2015-02-24,debt_consolidation,674.0,61.4%,550xx,MN,< 1 year,0.0
5000.0,2015-02-25,debt_consolidation,548.0,51.23%,749xx,OK,< 1 year,0.0
6000.0,2015-02-25,debt_consolidation,576.0,2.69%,605xx,IL,< 1 year,0.0
25000.0,2015-02-25,debt_consolidation,602.0,2.81%,334xx,FL,< 1 year,0.0
25000.0,2015-02-26,small_business,644.0,1.78%,928xx,CA,< 1 year,0.0
5000.0,2015-02-26,debt_consolidation,762.0,49.25%,030xx,NH,< 1 year,0.0
2000.0,2015-02-26,other,583.0,4.12%,782xx,TX,< 1 year,0.0
3000.0,2015-02-26,debt_consolidation,627.0,26.86%,900xx,CA,< 1 year,0.0
17000.0,2015-02-26,debt_consolidation,660.0,23.32%,025xx,MA,< 1 year,0.0
35000.0,2015-02-27,debt_consolidation,820.0,21.84%,026xx,MA,5 years,0.0
6000.0,2015-02-27,debt_consolidation,606.0,7.2%,462xx,IN,< 1 year,0.0
2300.0,2015-02-28,car,501.0,1.05%,908xx,CA,< 1 year,0.0
15000.0,2015-03-02,other,596.0,54.45%,756xx,TX,< 1 year,0.0
2500.0,2015-03-02,moving,527.0,29.53%,207xx,MD,< 1 year,0.0
25000.0,2015-03-02,Credit card refinancing,768.0,17.79%,486xx,MI,,0.0
7500.0,2015-03-03,debt_consolidation,614.0,5.49%,177xx,PA,< 1 year,0.0
25000.0,2015-03-04,credit_card,,-1%,402xx,KY,< 1 year,0.0
30000.0,2015-03-05,Business Loan,,-1%,334xx,FL,< 1 year,0.0
5000.0,2015-03-06,other,596.0,0.13%,207xx,MD,< 1 year,0.0
30000.0,2015-03-09,Car financing,,5.15%,019xx,MA,5 years,0.0
6000.0,2015-03-09,other,,1.3%,766xx,TX,< 1 year,0.0
35000.0,2015-03-10,debt_consolidation,,24.79%,720xx,AR,< 1 year,0.0
3500.0,2015-03-11,debt_consolidation,,9.52%,761xx,TX,< 1 year,0.0
3000.0,2015-03-11,moving,,13.84%,664xx,KS,< 1 year,0.0
35000.0,2015-03-12,home_improvement,,4.93%,392xx,MS,< 1 year,0.0
8700.0,2015-03-13,Car financing,,4.18%,076xx,NJ,10+ years,2.0
30000.0,2015-03-13,moving,,3.11%,271xx,NC,< 1 year,0.0
5000.0,2015-03-14,other,,29.38%,451xx,OH,< 1 year,0.0
1500.0,2015-03-14,other,,21.91%,339xx,FL,< 1 year,0.0
2500.0,2015-03-14,moving,,0.36%,420xx,KY,< 1 year,0.0
5000.0,2015-03-14,debt_consolidation,,94.66%,180xx,PA,< 1 year,0.0
35000.0,2015-03-14,debt_consolidation,622.0,26.72%,800xx,CO,< 1 year,0.0
15000.0,2015-03-16,Business Loan,,-1%,934xx,CA,< 1 year,0.0
250000.0,2015-03-16,Business Loan,,-1%,283xx,NC,< 1 year,0.0
10000.0,2015-03-16,small_business,660.0,0.71%,850xx,AZ,< 1 year,0.0
35000.0,2015-03-16,debt_consolidation,,40.4%,330xx,FL,< 1 year,0.0
5000.0,2015-03-16,vacation,532.0,8.4%,185xx,PA,< 1 year,0.0
1000.0,2015-03-17,other,563.0,0.65%,070xx,NJ,< 1 year,0.0
1500.0,2015-03-18,debt_consolidation,,49.78%,967xx,HI,< 1 year,0.0
1000.0,2015-03-18,home_improvement,590.0,0%,067xx,CT,< 1 year,0.0
30000.0,2015-03-18,debt_consolidation,,28.11%,232xx,VA,< 1 year,0.0
10000.0,2015-03-18,debt_consolidation,,14.5%,952xx,CA,< 1 year,0.0
20000.0,2015-03-19,small_business,,-1%,330xx,FL,< 1 year,0.0
10000.0,2015-03-20,Vacation,,4.03%,287xx,NC,,0.0
2500.0,2015-03-21,home_improvement,,29.32%,703xx,LA,< 1 year,0.0
3000.0,2015-03-21,debt_consolidation,,11.8%,765xx,TX,< 1 year,0.0
25000.0,2015-03-22,Business Loan,,-1%,086xx,NJ,< 1 year,0.0
15500.0,2015-03-22,credit_card,,10.68%,853xx,AZ,5 years,0.0
12000.0,2015-03-22,home_improvement,,27.15%,844xx,UT,< 1 year,0.0
15000.0,2015-03-22,debt_consolidation,,41.89%,775xx,TX,< 1 year,0.0
18600.0,2015-03-22,debt_consolidation,,40.8%,217xx,MD,< 1 year,0.0
19000.0,2015-03-23,credit_card,,55.3%,216xx,MD,< 1 year,0.0
2000.0,2015-03-23,moving,,418.1%,495xx,MI,< 1 year,0.0
25000.0,2015-03-24,debt_consolidation,,32.48%,749xx,OK,< 1 year,0.0
20000.0,2015-03-24,debt_consolidation,,3.12%,953xx,CA,< 1 year,0.0
10000.0,2015-03-25,other,,59.74%,631xx,MO,< 1 year,0.0
2000.0,2015-03-25,small_business,,41.49%,301xx,GA,< 1 year,0.0
25000.0,2015-03-25,car,,0.3%,475xx,IN,5 years,0.0
20000.0,2015-03-25,Business Loan,,-1%,319xx,GA,< 1 year,0.0
6000.0,2015-03-25,debt_consolidation,,38.51%,136xx,NY,< 1 year,0.0
3000.0,2015-03-26,debt_consolidation,,12.99%,841xx,UT,< 1 year,0.0
1000.0,2015-03-26,other,,0%,481xx,MI,< 1 year,0.0
23000.0,2015-03-27,debt_consolidation,,39.4%,599xx,MT,< 1 year,0.0
30000.0,2015-03-29,small_business,,10.68%,308xx,GA,< 1 year,0.0
1000.0,2015-03-29,other,,2.4%,977xx,OR,< 1 year,0.0
3000.0,2015-03-29,car,,1.33%,469xx,IN,< 1 year,0.0
2500.0,2015-03-30,other,,8.58%,112xx,NY,< 1 year,0.0
3500.0,2015-03-30,debt_consolidation,,5.7%,186xx,PA,< 1 year,0.0
20000.0,2015-03-30,Vacation,620.0,26.88%,122xx,NY,10+ years,0.0
1000.0,2015-03-31,moving,,24.7%,300xx,GA,< 1 year,0.0
15000.0,2015-03-31,credit_card,,19.68%,257xx,WV,< 1 year,0.0
1100.0,2015-03-31,other,,4.6%,554xx,MN,< 1 year,0.0
1000.0,2015-04-01,debt_consolidation,,3.3%,840xx,UT,< 1 year,0.0
10000.0,2015-04-01,medical,,14.82%,208xx,MD,< 1 year,0.0
32275.0,2015-04-01,debt_consolidation,,32.86%,391xx,MS,< 1 year,0.0
9000.0,2015-04-01,debt_consolidation,,21.18%,441xx,OH,< 1 year,0.0
5000.0,2015-04-02,home_improvement,,5.94%,381xx,TN,< 1 year,0.0
5000.0,2015-04-02,other,,0%,786xx,TX,< 1 year,0.0
20000.0,2015-04-03,Debt consolidation,,23.3%,967xx,HI,9 years,0.0
2500.0,2015-04-03,other,,0%,423xx,KY,< 1 year,0.0
18000.0,2015-04-03,debt_consolidation,,2.43%,485xx,MI,< 1 year,0.0
5000.0,2015-04-03,debt_consolidation,,173.88%,018xx,MA,< 1 year,0.0
3000.0,2015-04-04,car,,19.29%,307xx,GA,< 1 year,0.0
10000.0,2015-04-04,debt_consolidation,,12.24%,907xx,CA,5 years,0.0
35000.0,2015-04-06,credit_card,,79.91%,112xx,NY,< 1 year,0.0
27500.0,2015-04-07,Debt consolidation,,26.99%,087xx,NJ,7 years,0.0
35000.0,2015-04-07,major_purchase,,-1%,970xx,OR,< 1 year,0.0
10000.0,2015-04-07,debt_consolidation,,17.28%,751xx,TX,< 1 year,0.0
20000.0,2015-04-07,Debt consolidation,,29.14%,306xx,GA,6 years,0.0
30000.0,2015-04-08,debt_consolidation,,27.03%,452xx,OH,< 1 year,0.0
10000.0,2015-04-08,debt_consolidation,,28.73%,183xx,PA,< 1 year,0.0
5500.0,2015-04-08,credit_card,,28.47%,457xx,OH,< 1 year,0.0
4600.0,2015-04-08,major_purchase,,11.93%,750xx,TX,< 1 year,0.0
20000.0,2015-04-10,other,,23.07%,913xx,CA,< 1 year,0.0
4000.0,2015-04-10,other,,39.98%,230xx,VA,< 1 year,0.0
1000.0,2015-04-10,other,,-1%,462xx,IN,< 1 year,0.0
6000.0,2015-04-10,debt_consolidation,,2.88%,330xx,FL,< 1 year,0.0
11000.0,2015-04-11,debt_consolidation,,11.24%,914xx,CA,< 1 year,0.0
20000.0,2015-04-11,debt_consolidation,,62.89%,985xx,WA,< 1 year,0.0
2000.0,2015-04-11,home_improvement,,4.01%,351xx,AL,< 1 year,0.0
5000.0,2015-04-12,debt_consolidation,,20.54%,618xx,IL,< 1 year,0.0
10000.0,2015-04-13,debt_consolidation,,21.35%,142xx,NY,< 1 year,0.0
25000.0,2015-04-13,home_improvement,,42.19%,985xx,WA,< 1 year,0.0
15000.0,2015-04-13,home_improvement,,17.03%,462xx,IN,< 1 year,0.0
1900.0,2015-04-13,medical,,18.43%,770xx,TX,< 1 year,0.0
35000.0,2015-04-13,debt_consolidation,,24.74%,481xx,MI,< 1 year,0.0
1000.0,2015-04-14,debt_consolidation,,23.97%,234xx,VA,< 1 year,0.0
10000.0,2015-04-14,credit_card,681.0,49.02%,321xx,FL,< 1 year,0.0
1000.0,2015-04-14,major_purchase,,34.25%,730xx,OK,< 1 year,0.0
35000.0,2015-04-14,small_business,,14.59%,124xx,NY,< 1 year,0.0
1000.0,2015-04-14,moving,,21.53%,775xx,TX,< 1 year,0.0
5000.0,2015-04-15,debt_consolidation,,13.86%,109xx,NY,< 1 year,0.0
2000.0,2015-04-15,moving,,35.33%,372xx,TN,< 1 year,0.0
5000.0,2015-04-15,debt_consolidation,,6.96%,373xx,TN,< 1 year,0.0
3500.0,2015-04-15,debt_consolidation,,35.92%,606xx,IL,< 1 year,0.0
3000.0,2015-04-15,other,,49.66%,900xx,CA,< 1 year,0.0
5000.0,2015-04-15,other,,20.36%,605xx,IL,< 1 year,0.0
5000.0,2015-04-15,other,,1.07%,487xx,MI,< 1 year,0.0
35000.0,2015-04-15,home_improvement,,12.23%,105xx,NY,< 1 year,0.0
10000.0,2015-04-16,credit_card,,23.71%,846xx,UT,5 years,0.0
3500.0,2015-04-16,debt_consolidation,,14.93%,130xx,NY,< 1 year,0.0
60000.0,2015-04-16,Business Loan,,-1%,280xx,NC,< 1 year,0.0
2500.0,2015-04-16,other,501.0,4.6%,932xx,CA,< 1 year,0.0
10000.0,2015-04-17,debt_consolidation,,17.83%,338xx,FL,< 1 year,0.0
15000.0,2015-04-17,Business Loan,,-1%,856xx,AZ,< 1 year,0.0
15000.0,2015-04-17,Debt consolidation,,20.79%,919xx,CA,10+ years,0.0
1000.0,2015-04-18,moving,,11.69%,405xx,KY,< 1 year,0.0
25000.0,2015-04-18,debt_consolidation,,42.55%,622xx,IL,< 1 year,0.0
11000.0,2015-04-18,credit_card,,32.89%,650xx,MO,< 1 year,0.0
30000.0,2015-04-19,other,,12.87%,850xx,AZ,5 years,0.0
12000.0,2015-04-20,debt_consolidation,,40.7%,300xx,GA,< 1 year,0.0
15000.0,2015-04-20,debt_consolidation,,27.99%,346xx,FL,< 1 year,0.0
10000.0,2015-04-21,debt_consolidation,,57.26%,303xx,GA,< 1 year,0.0
5000.0,2015-04-21,debt_consolidation,,4.91%,952xx,CA,< 1 year,0.0
10000.0,2015-04-22,debt_consolidation,,69.23%,265xx,WV,< 1 year,0.0
6000.0,2015-04-22,credit_card,,31.48%,140xx,NY,< 1 year,0.0
10000.0,2015-04-22,credit_card,,17.6%,231xx,VA,< 1 year,0.0
35000.0,2015-04-22,other,,6.93%,913xx,CA,< 1 year,0.0
13600.0,2015-04-22,credit_card,,48.52%,077xx,NJ,< 1 year,0.0
4000.0,2015-04-23,debt_consolidation,,5.53%,112xx,NY,< 1 year,0.0
35000.0,2015-04-23,debt_consolidation,,33.39%,760xx,TX,< 1 year,0.0
25000.0,2015-04-23,home_improvement,,8.8%,117xx,NY,< 1 year,0.0
2500.0,2015-04-24,car,,0.78%,337xx,FL,< 1 year,0.0
15000.0,2015-04-24,credit_card,,291.2%,020xx,MA,< 1 year,0.0
10000.0,2015-04-24,debt_consolidation,,11.21%,483xx,MI,5 years,0.0
5000.0,2015-04-25,moving,,12.31%,344xx,FL,< 1 year,0.0
5000.0,2015-04-25,vacation,,22.93%,961xx,CA,< 1 year,0.0
3000.0,2015-04-25,debt_consolidation,,2.04%,018xx,MA,< 1 year,0.0
12000.0,2015-04-26,debt_consolidation,,31.72%,920xx,CA,< 1 year,0.0
4000.0,2015-04-27,debt_consolidation,,55.26%,705xx,LA,< 1 year,0.0
8000.0,2015-04-28,debt_consolidation,,13.63%,331xx,FL,< 1 year,0.0
3000.0,2015-04-29,debt_consolidation,,54.48%,330xx,FL,< 1 year,0.0
5000.0,2015-04-29,major_purchase,501.0,64.53%,770xx,TX,< 1 year,0.0
5000.0,2015-04-29,other,,16.19%,626xx,IL,< 1 year,0.0
2500.0,2015-04-29,moving,,6.83%,145xx,NY,< 1 year,0.0
7000.0,2015-04-29,debt_consolidation,,13.27%,088xx,NJ,< 1 year,0.0
35000.0,2015-04-30,credit_card,,132.4%,105xx,NY,< 1 year,0.0
2000.0,2015-04-30,other,,23.14%,441xx,OH,< 1 year,0.0
35000.0,2015-05-01,debt_consolidation,,11.75%,981xx,WA,< 1 year,0.0
35000.0,2015-05-02,debt_consolidation,,21.75%,028xx,RI,< 1 year,0.0
5000.0,2015-05-02,home_improvement,,75.45%,483xx,MI,< 1 year,0.0
1000.0,2015-05-04,vacation,,15.07%,782xx,TX,< 1 year,0.0
8000.0,2015-05-04,debt_consolidation,,48.39%,373xx,TN,< 1 year,0.0
20000.0,2015-05-04,Credit card refinancing,,17.57%,891xx,NV,3 years,0.0
3500.0,2015-05-04,other,,38.08%,410xx,KY,< 1 year,0.0
5500.0,2015-05-04,small_business,,-1%,928xx,CA,< 1 year,0.0
4000.0,2015-05-05,debt_consolidation,,15.15%,959xx,CA,< 1 year,0.0
5500.0,2015-05-06,credit_card,,3.41%,448xx,OH,< 1 year,0.0
15000.0,2015-05-06,debt_consolidation,,45.9%,815xx,CO,< 1 year,0.0
35000.0,2015-05-06,debt_consolidation,,29.52%,770xx,TX,< 1 year,0.0
2000.0,2015-05-07,moving,,24.13%,787xx,TX,< 1 year,0.0
3000.0,2015-05-07,debt_consolidation,,0%,069xx,CT,< 1 year,0.0
10000.0,2015-05-07,debt_consolidation,,-1%,303xx,GA,< 1 year,0.0
25000.0,2015-05-07,debt_consolidation,637.0,42.02%,432xx,OH,< 1 year,0.0
15000.0,2015-05-07,Business Loan,,-1%,553xx,MN,< 1 year,0.0
20000.0,2015-05-09,debt_consolidation,631.0,31.77%,923xx,CA,< 1 year,0.0
17000.0,2015-05-11,other,,39.35%,923xx,CA,5 years,0.0
3000.0,2015-05-11,credit_card,,52.98%,071xx,NJ,< 1 year,0.0
8000.0,2015-05-11,other,,0%,475xx,IN,< 1 year,0.0
1000.0,2015-05-11,medical,,26.09%,273xx,NC,< 1 year,0.0
1500.0,2015-05-11,other,,12.65%,136xx,NY,< 1 year,0.0
15000.0,2015-05-12,moving,,7.86%,104xx,NY,< 1 year,0.0
30000.0,2015-05-13,other,,16.22%,234xx,VA,< 1 year,0.0
2000.0,2015-05-13,other,,-1%,775xx,TX,< 1 year,0.0
4000.0,2015-05-13,other,,1719.28%,838xx,IL,< 1 year,0.0
35000.0,2015-05-14,other,,46.66%,773xx,TX,< 1 year,0.0
4500.0,2015-05-14,debt_consolidation,,25.36%,630xx,MO,< 1 year,0.0
8000.0,2015-05-14,debt_consolidation,,31.71%,844xx,UT,< 1 year,0.0
5000.0,2015-05-14,vacation,,20.85%,010xx,MA,< 1 year,0.0
26000.0,2015-05-14,debt_consolidation,,41.38%,346xx,FL,< 1 year,0.0
1000.0,2015-05-14,vacation,,25.89%,191xx,PA,< 1 year,0.0
3000.0,2015-05-14,home_improvement,,8%,734xx,OK,< 1 year,0.0
5000.0,2015-05-14,debt_consolidation,,31.8%,277xx,NC,< 1 year,0.0
10000.0,2015-05-14,medical,,41.9%,231xx,VA,< 1 year,0.0
30000.0,2015-05-14,debt_consolidation,,35.41%,950xx,CA,< 1 year,0.0
1000.0,2015-05-15,debt_consolidation,,0.3%,973xx,OR,< 1 year,0.0
7500.0,2015-05-16,other,,20.86%,809xx,CO,< 1 year,0.0
5000.0,2015-05-16,other,,30.5%,860xx,AZ,< 1 year,0.0
35000.0,2015-05-16,Debt consolidation,,0.64%,891xx,NV,4 years,0.0
10000.0,2015-05-17,debt_consolidation,,26.68%,460xx,IN,< 1 year,0.0
7000.0,2015-05-17,debt_consolidation,,22.25%,482xx,MI,< 1 year,0.0
1000.0,2015-05-17,debt_consolidation,,60%,851xx,AZ,< 1 year,0.0
5000.0,2015-05-17,debt_consolidation,,13.61%,913xx,CA,< 1 year,0.0
7000.0,2015-05-17,credit_card,,33.2%,658xx,MO,< 1 year,0.0
4000.0,2015-05-18,other,,-1%,120xx,NY,< 1 year,0.0
9500.0,2015-05-19,debt_consolidation,,22.58%,532xx,WI,< 1 year,0.0
11000.0,2015-05-19,other,,33.51%,796xx,TX,< 1 year,0.0
3500.0,2015-05-20,credit_card,,4.8%,324xx,FL,< 1 year,0.0
6000.0,2015-05-20,Credit card refinancing,,19.35%,390xx,MS,3 years,0.0
20000.0,2015-05-20,Business Loan,,-1%,331xx,FL,< 1 year,0.0
15000.0,2015-05-21,debt_consolidation,,35.52%,327xx,FL,5 years,0.0
10000.0,2015-05-21,Home improvement,,34.08%,301xx,GA,10+ years,0.0
1500.0,2015-05-22,medical,,12.49%,787xx,TX,< 1 year,0.0
8000.0,2015-05-22,debt_consolidation,,21.25%,604xx,IL,< 1 year,0.0
5000.0,2015-05-23,other,,17.44%,780xx,TX,< 1 year,0.0
35000.0,2015-05-23,small_business,,28.68%,770xx,TX,< 1 year,0.0
3000.0,2015-05-23,moving,,-1%,633xx,MO,< 1 year,0.0
3000.0,2015-05-23,debt_consolidation,,32.64%,370xx,TN,< 1 year,0.0
22200.0,2015-05-23,Business Line Of Credit,,-1%,347xx,FL,< 1 year,0.0
10000.0,2015-05-24,debt_consolidation,,4.08%,601xx,IL,< 1 year,0.0
1000.0,2015-05-25,other,,3.68%,358xx,AL,< 1 year,0.0
15500.0,2015-05-25,car,,-1%,808xx,CO,< 1 year,0.0
1000.0,2015-05-25,other,,9.45%,782xx,TX,< 1 year,0.0
10000.0,2015-05-26,debt_consolidation,,18.32%,600xx,IL,< 1 year,0.0
1000.0,2015-05-26,moving,,-1%,132xx,NY,< 1 year,0.0
30000.0,2015-05-26,major_purchase,,15.13%,761xx,TX,< 1 year,0.0
2500.0,2015-05-26,small_business,,24.84%,616xx,IL,< 1 year,0.0
20000.0,2015-05-26,car,,-1%,535xx,WI,< 1 year,0.0
15000.0,2015-05-27,debt_consolidation,,63.64%,597xx,MT,< 1 year,0.0
5000.0,2015-05-27,debt_consolidation,,8.8%,212xx,MD,< 1 year,0.0
25000.0,2015-05-27,debt_consolidation,,61.12%,863xx,AZ,< 1 year,0.0
15000.0,2015-05-28,moving,,0%,480xx,MI,< 1 year,0.0
20000.0,2015-05-28,debt_consolidation,,19.63%,751xx,TX,< 1 year,0.0
5000.0,2015-05-28,debt_consolidation,,44.86%,936xx,CA,< 1 year,0.0
27000.0,2015-05-28,Business Loan,,-1%,114xx,NY,< 1 year,0.0
8000.0,2015-05-28,debt_consolidation,,18.06%,114xx,NY,< 1 year,0.0
5000.0,2015-05-28,debt_consolidation,,39.22%,785xx,TX,< 1 year,0.0
10000.0,2015-05-29,debt_consolidation,,18.83%,302xx,GA,< 1 year,0.0
8000.0,2015-05-29,credit_card,,48.9%,324xx,FL,< 1 year,0.0
1000.0,2015-05-29,moving,,-1%,456xx,OH,< 1 year,0.0
3000.0,2015-05-29,other,,27.35%,946xx,CA,< 1 year,0.0
10000.0,2015-05-29,debt_consolidation,,47.2%,622xx,IL,< 1 year,0.0
4000.0,2015-05-29,other,,20.19%,798xx,TX,< 1 year,0.0
5000.0,2015-05-29,debt_consolidation,,60.86%,463xx,IN,< 1 year,0.0
2000.0,2015-05-30,vacation,,54.65%,273xx,NC,< 1 year,0.0
15000.0,2015-05-31,small_business,,2.52%,112xx,NY,5 years,0.0
8000.0,2015-05-31,debt_consolidation,,20.71%,935xx,CA,< 1 year,0.0
15000.0,2015-06-01,debt_consolidation,,18.4%,703xx,LA,< 1 year,0.0
2500.0,2015-06-01,home_improvement,,36.07%,325xx,FL,< 1 year,0.0
4000.0,2015-06-01,debt_consolidation,,-1%,989xx,WA,< 1 year,0.0
5000.0,2015-06-01,small_business,,5.75%,113xx,NY,< 1 year,0.0
10000.0,2015-06-02,debt_consolidation,,21.41%,467xx,IN,5 years,0.0
10000.0,2015-06-02,debt_consolidation,,13.87%,530xx,WI,< 1 year,0.0
2000.0,2015-06-02,moving,,-1%,191xx,PA,< 1 year,0.0
3000.0,2015-06-02,house,,0%,238xx,VA,< 1 year,0.0
1500.0,2015-06-02,home_improvement,,42.14%,300xx,GA,< 1 year,0.0
15000.0,2015-06-02,debt_consolidation,,40.1%,907xx,CA,< 1 year,0.0
25000.0,2015-06-02,debt_consolidation,,58.06%,722xx,AR,< 1 year,0.0
24500.0,2015-06-03,debt_consolidation,,17.27%,295xx,SC,< 1 year,0.0
20000.0,2015-06-03,debt_consolidation,,4.45%,113xx,NY,< 1 year,0.0
3100.0,2015-06-03,vacation,,40.42%,917xx,CA,< 1 year,0.0
25000.0,2015-06-03,credit_card,,9.44%,337xx,FL,< 1 year,0.0
5000.0,2015-06-04,debt_consolidation,,13.79%,234xx,VA,< 1 year,0.0
35000.0,2015-06-05,Credit card refinancing,,17.77%,198xx,DE,10+ years,0.0
10000.0,2015-06-05,debt_consolidation,,41.78%,799xx,TX,< 1 year,0.0
20000.0,2015-06-06,debt_consolidation,,55.1%,762xx,TX,< 1 year,0.0
10000.0,2015-06-06,car,,25.4%,410xx,KY,< 1 year,0.0
5000.0,2015-06-07,renewable_energy,,-1%,917xx,CA,< 1 year,0.0
11000.0,2015-06-08,major_purchase,,43.49%,197xx,DE,< 1 year,0.0
28000.0,2015-06-08,debt_consolidation,,7.85%,770xx,TX,< 1 year,0.0
12000.0,2015-06-09,debt_consolidation,,35.29%,788xx,TX,< 1 year,0.0
15000.0,2015-06-10,Debt consolidation,,22.66%,344xx,FL,1 year,0.0
1000.0,2015-06-10,major_purchase,,19.71%,347xx,FL,< 1 year,0.0
25000.0,2015-06-11,credit_card,,65.58%,088xx,NJ,< 1 year,0.0
30000.0,2015-06-11,other,,0.67%,981xx,WA,< 1 year,0.0
1000.0,2015-06-12,debt_consolidation,,29.14%,294xx,SC,< 1 year,0.0
33500.0,2015-06-15,debt_consolidation,,49.67%,234xx,VA,< 1 year,0.0
2000.0,2015-06-15,debt_consolidation,,-1%,731xx,OK,< 1 year,0.0
4000.0,2015-06-15,car,,25.72%,933xx,CA,< 1 year,0.0
10000.0,2015-06-15,debt_consolidation,,6.14%,100xx,NY,< 1 year,0.0
10000.0,2015-06-16,debt_consolidation,,7.15%,208xx,MD,< 1 year,0.0
5000.0,2015-06-16,car,,50.6%,452xx,OH,< 1 year,0.0
6000.0,2015-06-17,credit_card,,40.29%,853xx,AZ,< 1 year,0.0
1500.0,2015-06-17,debt_consolidation,,14.59%,112xx,NY,< 1 year,0.0
5000.0,2015-06-17,major_purchase,,-1%,071xx,NJ,< 1 year,0.0
10000.0,2015-06-17,car,,-1%,481xx,MI,5 years,0.0
2000.0,2015-06-18,debt_consolidation,,2.73%,920xx,CA,< 1 year,0.0
1000.0,2015-06-18,home_improvement,,2.54%,779xx,TX,< 1 year,0.0
5000.0,2015-06-19,credit_card,,10.68%,366xx,AL,< 1 year,0.0
35000.0,2015-06-19,house,,1.28%,330xx,FL,< 1 year,0.0
20000.0,2015-06-20,debt_consolidation,,53%,883xx,NM,< 1 year,0.0
33000.0,2015-06-22,credit_card,,48.18%,120xx,NY,< 1 year,0.0
1000.0,2015-06-22,debt_consolidation,,19.63%,756xx,TX,< 1 year,0.0
1000.0,2015-06-22,moving,,-1%,913xx,CA,< 1 year,0.0
7000.0,2015-06-23,Business Line Of Credit,,-1%,331xx,NY,< 1 year,0.0
2500.0,2015-06-23,medical,,1.2%,752xx,TX,< 1 year,0.0
10000.0,2015-06-23,Debt consolidation,,21.92%,100xx,NY,,0.0
5000.0,2015-06-25,debt_consolidation,,48.77%,373xx,TN,< 1 year,0.0
2000.0,2015-06-25,other,,4.24%,216xx,MD,< 1 year,0.0
5000.0,2015-06-25,other,,5.93%,104xx,NY,< 1 year,0.0
1000.0,2015-06-25,other,,-1%,940xx,CA,< 1 year,0.0
10000.0,2015-06-25,debt_consolidation,,12.76%,229xx,VA,< 1 year,0.0
1500.0,2015-06-26,home_improvement,,12.93%,246xx,VA,< 1 year,0.0
6000.0,2015-06-26,debt_consolidation,,20.03%,928xx,CA,< 1 year,0.0
33000.0,2015-06-26,credit_card,,40.76%,365xx,AL,< 1 year,0.0
10000.0,2015-06-26,debt_consolidation,669.0,15.87%,319xx,GA,< 1 year,0.0
20000.0,2015-06-27,debt_consolidation,,8.82%,442xx,OH,< 1 year,0.0
10000.0,2015-06-27,small_business,,19.97%,121xx,NY,< 1 year,0.0
5000.0,2015-06-28,debt_consolidation,,9.24%,554xx,MN,< 1 year,0.0
30000.0,2015-06-28,Debt consolidation,,2.82%,027xx,MA,,0.0
20000.0,2015-06-28,debt_consolidation,,41.08%,467xx,IN,< 1 year,0.0
3000.0,2015-06-28,major_purchase,,137.17%,278xx,NC,< 1 year,0.0
5000.0,2015-06-29,medical,,16.8%,557xx,MN,< 1 year,0.0
40000.0,2015-06-29,home_improvement,,18.49%,330xx,FL,< 1 year,0.0
35000.0,2015-06-29,debt_consolidation,,8.48%,856xx,AZ,5 years,0.0
6000.0,2015-06-30,Home improvement,,4.67%,606xx,IL,8 years,0.0
20000.0,2015-06-30,Debt consolidation,,21.29%,954xx,CA,< 1 year,0.0
35000.0,2015-06-30,credit_card,,-1%,928xx,CA,< 1 year,0.0
25000.0,2015-06-30,home_improvement,,31.73%,323xx,FL,< 1 year,0.0
15000.0,2015-06-30,debt_consolidation,,33.86%,740xx,OK,< 1 year,0.0
3000.0,2015-07-01,debt_consolidation,,14.67%,723xx,AR,< 1 year,0.0
2000.0,2015-07-01,debt_consolidation,,8.45%,142xx,NY,< 1 year,0.0
5000.0,2015-07-01,debt_consolidation,,61.11%,703xx,LA,< 1 year,0.0
5000.0,2015-07-01,car,,0%,760xx,TX,< 1 year,0.0
1000.0,2015-07-01,debt_consolidation,,1.68%,478xx,IN,< 1 year,0.0
2500.0,2015-07-01,credit_card,,21.08%,490xx,MI,< 1 year,0.0
35000.0,2015-07-01,debt_consolidation,,30.21%,776xx,TX,< 1 year,0.0
35000.0,2015-07-02,Debt consolidation,,30.81%,069xx,CT,2 years,0.0
5000.0,2015-07-02,home_improvement,,28.38%,670xx,KS,< 1 year,0.0
35000.0,2015-07-02,debt_consolidation,,10.83%,337xx,FL,5 years,0.0
2000.0,2015-07-03,debt_consolidation,,10.41%,905xx,CA,< 1 year,0.0
6000.0,2015-07-04,Debt consolidation,,26.4%,299xx,SC,< 1 year,0.0
15000.0,2015-07-04,car,,1.2%,379xx,TN,5 years,0.0
10000.0,2015-07-04,debt_consolidation,,13.84%,294xx,SC,< 1 year,0.0
15000.0,2015-07-05,debt_consolidation,,43.18%,310xx,GA,< 1 year,0.0
20000.0,2015-07-05,debt_consolidation,,9999%,920xx,CA,< 1 year,0.0
4000.0,2015-07-05,moving,,27.09%,910xx,CA,< 1 year,0.0
2500.0,2015-07-06,debt_consolidation,,6.04%,031xx,NH,< 1 year,0.0
5000.0,2015-07-06,debt_consolidation,,5.05%,956xx,CA,< 1 year,0.0
12000.0,2015-07-06,debt_consolidation,674.0,27.06%,077xx,NJ,< 1 year,0.0
10000.0,2015-07-06,other,,18.3%,331xx,FL,< 1 year,0.0
7000.0,2015-07-06,debt_consolidation,,10.52%,087xx,NJ,< 1 year,0.0
2500.0,2015-07-06,home_improvement,,25.07%,775xx,TX,< 1 year,0.0
13000.0,2015-07-06,debt_consolidation,,13.44%,230xx,VA,< 1 year,0.0
25000.0,2015-07-06,debt_consolidation,,48.8%,196xx,PA,< 1 year,0.0
1000.0,2015-07-06,vacation,,73.53%,402xx,KY,< 1 year,0.0
6000.0,2015-07-07,Other,,34.7%,920xx,CA,,0.0
5000.0,2015-07-07,house,,2.84%,773xx,TX,< 1 year,0.0
10000.0,2015-07-08,credit_card,654.0,78.49%,016xx,MA,< 1 year,0.0
1000.0,2015-07-08,major_purchase,,27.16%,723xx,AR,< 1 year,0.0
25000.0,2015-07-09,debt_consolidation,,7.23%,461xx,IN,< 1 year,0.0
5000.0,2015-07-10,home_improvement,675.0,6%,731xx,OK,< 1 year,0.0
4000.0,2015-07-10,debt_consolidation,,20.77%,770xx,TX,< 1 year,0.0
2000.0,2015-07-10,other,,10.23%,100xx,NY,< 1 year,0.0
5500.0,2015-07-11,other,,6.12%,401xx,KY,< 1 year,0.0
15000.0,2015-07-11,car,,8.6%,825xx,WY,< 1 year,0.0
250000.0,2015-07-12,Business Loan,,-1%,615xx,IL,< 1 year,0.0
10000.0,2015-07-12,debt_consolidation,,83.33%,176xx,PA,< 1 year,0.0
10000.0,2015-07-12,Credit card refinancing,,6.13%,222xx,VA,8 years,0.0
5000.0,2015-07-13,debt_consolidation,,20.96%,793xx,TX,< 1 year,0.0
6000.0,2015-07-13,car,,18.77%,297xx,SC,< 1 year,0.0
1000.0,2015-07-13,renewable_energy,,-1%,703xx,LA,< 1 year,0.0
40000.0,2015-07-13,Business Loan,,-1%,352xx,AL,< 1 year,0.0
23000.0,2015-07-13,debt_consolidation,,34.89%,953xx,CA,< 1 year,0.0
15000.0,2015-07-13,Business Loan,,-1%,422xx,KY,< 1 year,0.0
10000.0,2015-07-13,Debt consolidation,,4.74%,925xx,CA,2 years,0.0
35000.0,2015-07-14,Debt consolidation,,15.99%,469xx,IN,7 years,0.0
16000.0,2015-07-14,home_improvement,,59.65%,956xx,CA,< 1 year,0.0
10000.0,2015-07-14,debt_consolidation,,15.05%,900xx,CA,< 1 year,0.0
7000.0,2015-07-14,car,,7.83%,079xx,NJ,< 1 year,0.0
15000.0,2015-07-14,debt_consolidation,,14.97%,150xx,PA,< 1 year,0.0
6000.0,2015-07-15,other,,3.77%,211xx,MD,< 1 year,0.0
2000.0,2015-07-15,debt_consolidation,,24.91%,481xx,MI,< 1 year,0.0
2000.0,2015-07-15,debt_consolidation,634.0,8.33%,130xx,NY,< 1 year,0.0
1500.0,2015-07-15,house,,0%,191xx,PA,< 1 year,0.0
7500.0,2015-07-15,other,682.0,11.86%,018xx,MA,< 1 year,0.0
20000.0,2015-07-16,debt_consolidation,,21.94%,937xx,CA,< 1 year,0.0
35000.0,2015-07-17,debt_consolidation,,128%,325xx,FL,< 1 year,0.0
35000.0,2015-07-17,debt_consolidation,,44.92%,914xx,CA,< 1 year,0.0
8000.0,2015-07-18,house,,101.66%,895xx,NV,< 1 year,0.0
20000.0,2015-07-20,Credit card refinancing,,22.48%,735xx,OK,,0.0
35000.0,2015-07-20,debt_consolidation,,67.3%,328xx,FL,< 1 year,0.0
1000.0,2015-07-21,other,,59.18%,232xx,VA,< 1 year,0.0
30000.0,2015-07-21,debt_consolidation,,32.35%,405xx,KY,< 1 year,0.0
5000.0,2015-07-21,Debt consolidation,,28.8%,730xx,OK,,0.0
50000.0,2015-07-21,Business Loan,,-1%,925xx,CA,< 1 year,0.0
15000.0,2015-07-22,debt_consolidation,,8.84%,490xx,MI,,0.0
20000.0,2015-07-22,debt_consolidation,,29.85%,280xx,NC,< 1 year,0.0
1000.0,2015-07-22,home_improvement,,0%,704xx,LA,< 1 year,0.0
5000.0,2015-07-22,Debt consolidation,,29.27%,300xx,GA,9 years,0.0
3000.0,2015-07-22,debt_consolidation,,10.72%,427xx,KY,< 1 year,0.0
35000.0,2015-07-22,home_improvement,,19.64%,331xx,FL,< 1 year,0.0
5000.0,2015-07-22,Credit card refinancing,,6%,600xx,IL,10+ years,0.0
15000.0,2015-07-23,debt_consolidation,,42.12%,800xx,CO,< 1 year,0.0
10000.0,2015-07-23,debt_consolidation,,29.98%,760xx,TX,< 1 year,0.0
15000.0,2015-07-24,debt_consolidation,,24.16%,301xx,GA,< 1 year,0.0
8000.0,2015-07-24,medical,,16.21%,847xx,UT,< 1 year,0.0
35000.0,2015-07-24,small_business,642.0,4.51%,070xx,NJ,< 1 year,0.0
25000.0,2015-07-25,debt_consolidation,,31.99%,138xx,NY,< 1 year,0.0
2000.0,2015-07-26,credit_card,675.0,22.28%,681xx,NE,< 1 year,0.0
7000.0,2015-07-27,other,,41.24%,773xx,TX,< 1 year,0.0
13000.0,2015-07-27,other,,7.38%,775xx,TX,< 1 year,0.0
13500.0,2015-07-27,Debt consolidation,,19.72%,287xx,NC,,0.0
16000.0,2015-07-28,debt_consolidation,,40.25%,983xx,WA,,0.0
1500.0,2015-07-28,car,,-1%,700xx,LA,< 1 year,0.0
35000.0,2015-07-29,debt_consolidation,,40.7%,301xx,GA,< 1 year,0.0
10000.0,2015-07-29,credit_card,,17.7%,271xx,NC,< 1 year,0.0
10000.0,2015-07-29,debt_consolidation,,1.25%,295xx,SC,< 1 year,0.0
12000.0,2015-07-29,other,,0%,232xx,VA,< 1 year,0.0
20000.0,2015-07-29,Business Loan,,-1%,233xx,VA,< 1 year,0.0
5000.0,2015-07-30,small_business,,0%,958xx,CA,< 1 year,0.0
2000.0,2015-07-30,other,,74.17%,371xx,TN,< 1 year,0.0
5000.0,2015-07-30,moving,,3%,539xx,WI,< 1 year,0.0
4000.0,2015-07-30,debt_consolidation,,5.36%,210xx,MD,< 1 year,0.0
25000.0,2015-07-31,credit_card,,541.03%,920xx,CA,< 1 year,0.0
10000.0,2015-07-31,car,,4.2%,305xx,GA,< 1 year,0.0
20000.0,2015-08-01,debt_consolidation,,45.86%,850xx,AZ,< 1 year,0.0
1500.0,2015-08-01,debt_consolidation,,9.74%,958xx,CA,< 1 year,0.0
5000.0,2015-08-02,debt_consolidation,,7.88%,301xx,GA,< 1 year,0.0
7500.0,2015-08-02,credit_card,,24.13%,444xx,OH,< 1 year,0.0
150000.0,2015-08-03,Business Loan,,-1%,324xx,FL,< 1 year,0.0
5000.0,2015-08-03,small_business,,-1%,285xx,NC,< 1 year,0.0
25000.0,2015-08-03,debt_consolidation,,11.57%,326xx,FL,< 1 year,0.0
25000.0,2015-08-04,Business Loan,,-1%,444xx,OH,< 1 year,0.0
2000.0,2015-08-04,vacation,,9.82%,553xx,MN,< 1 year,0.0
15000.0,2015-08-04,other,,35.28%,874xx,NM,5 years,0.0
35000.0,2015-08-05,house,,10.01%,700xx,LA,< 1 year,0.0
5000.0,2015-08-05,medical,,102.08%,727xx,AR,< 1 year,0.0
4200.0,2015-08-06,debt_consolidation,,82.18%,193xx,PA,< 1 year,0.0
8000.0,2015-08-06,debt_consolidation,,38.58%,483xx,MI,< 1 year,0.0
15000.0,2015-08-06,small_business,,-1%,923xx,CA,< 1 year,0.0
8000.0,2015-08-07,debt_consolidation,,15.96%,674xx,KS,< 1 year,0.0
3000.0,2015-08-07,moving,,30.19%,708xx,LA,< 1 year,0.0
5000.0,2015-08-07,car,,-1%,331xx,FL,< 1 year,0.0
4000.0,2015-08-07,home_improvement,,16.32%,723xx,AR,< 1 year,0.0
8000.0,2015-08-07,renewable_energy,,17.1%,782xx,TX,< 1 year,0.0
20000.0,2015-08-08,debt_consolidation,,21.49%,913xx,CA,< 1 year,0.0
10000.0,2015-08-08,home_improvement,,31.11%,937xx,CA,< 1 year,0.0
10000.0,2015-08-08,debt_consolidation,,44.5%,550xx,MN,< 1 year,0.0
15000.0,2015-08-09,debt_consolidation,,55.22%,762xx,TX,< 1 year,0.0
3000.0,2015-08-09,other,,18.46%,112xx,NY,< 1 year,0.0
20000.0,2015-08-10,credit_card,,45.1%,071xx,NJ,< 1 year,0.0
12000.0,2015-08-10,home_improvement,,5.86%,330xx,FL,< 1 year,0.0
6000.0,2015-08-10,other,,8.4%,112xx,NY,< 1 year,0.0
5000.0,2015-08-11,debt_consolidation,,23.77%,360xx,AL,< 1 year,0.0
10000.0,2015-08-11,debt_consolidation,,100.83%,066xx,CT,< 1 year,0.0
1000.0,2015-08-11,other,,1%,917xx,CA,< 1 year,0.0
4000.0,2015-08-11,credit_card,635.0,46.67%,154xx,PA,< 1 year,0.0
15000.0,2015-08-11,debt_consolidation,,60.54%,142xx,NY,< 1 year,0.0
25550.0,2015-08-11,debt_consolidation,,24.35%,681xx,NE,< 1 year,0.0
35000.0,2015-08-11,Credit card refinancing,,12.43%,376xx,TN,10+ years,0.0
1000.0,2015-08-11,other,,12.46%,191xx,PA,< 1 year,0.0
1000.0,2015-08-12,debt_consolidation,,32.82%,982xx,WA,< 1 year,0.0
45000.0,2015-08-12,home_improvement,,7.5%,321xx,FL,< 1 year,0.0
30000.0,2015-08-12,debt_consolidation,688.0,67.57%,981xx,WA,< 1 year,0.0
7000.0,2015-08-12,credit_card,,60.42%,010xx,MA,< 1 year,0.0
35000.0,2015-08-12,debt_consolidation,,69.61%,971xx,OR,< 1 year,0.0
6000.0,2015-08-13,other,,17.44%,371xx,TN,< 1 year,0.0
20000.0,2015-08-13,home_improvement,,16.9%,750xx,TX,< 1 year,0.0
5000.0,2015-08-13,debt_consolidation,,27.04%,376xx,TN,< 1 year,0.0
10000.0,2015-08-13,debt_consolidation,,26.26%,781xx,TX,< 1 year,0.0
7000.0,2015-08-13,debt_consolidation,,9.24%,112xx,NY,< 1 year,0.0
35000.0,2015-08-13,debt_consolidation,,30.17%,926xx,CA,< 1 year,0.0
9000.0,2015-08-13,vacation,,-1%,024xx,MA,< 1 year,0.0
12000.0,2015-08-14,debt_consolidation,,40.73%,685xx,NE,< 1 year,0.0
30000.0,2015-08-14,debt_consolidation,,45.99%,112xx,NY,< 1 year,0.0
3000.0,2015-08-14,debt_consolidation,,8.86%,447xx,OH,< 1 year,0.0
5000.0,2015-08-15,other,,34.72%,717xx,AR,< 1 year,0.0
60000.0,2015-08-16,Business Loan,,-1%,937xx,CA,< 1 year,0.0
15000.0,2015-08-16,debt_consolidation,,32.64%,112xx,NY,< 1 year,0.0
28000.0,2015-08-16,car,,61.41%,158xx,PA,< 1 year,0.0
16000.0,2015-08-17,Debt consolidation,,17.54%,953xx,CA,< 1 year,0.0
3000.0,2015-08-17,moving,,-1%,633xx,MO,< 1 year,0.0
30000.0,2015-08-18,debt_consolidation,,20.16%,152xx,PA,< 1 year,0.0
5000.0,2015-08-18,medical,,20.3%,980xx,WA,< 1 year,0.0
35000.0,2015-08-18,debt_consolidation,,66.01%,334xx,FL,5 years,0.0
1000.0,2015-08-19,medical,,29.25%,333xx,FL,< 1 year,0.0
1000.0,2015-08-19,other,,12.93%,207xx,MD,< 1 year,0.0
20000.0,2015-08-21,debt_consolidation,,29.57%,088xx,NJ,5 years,0.0
2000.0,2015-08-21,moving,,26.95%,482xx,MI,< 1 year,0.0
22000.0,2015-08-21,debt_consolidation,,0%,114xx,NY,< 1 year,0.0
10000.0,2015-08-21,home_improvement,,10.91%,028xx,RI,5 years,0.0
35000.0,2015-08-22,small_business,,0.75%,283xx,NC,< 1 year,0.0
13000.0,2015-08-22,debt_consolidation,,27.87%,113xx,NY,< 1 year,0.0
35000.0,2015-08-23,debt_consolidation,,37.73%,302xx,GA,< 1 year,0.0
10000.0,2015-08-23,Business Loan,,-1%,752xx,TX,< 1 year,0.0
12000.0,2015-08-24,debt_consolidation,,12.97%,060xx,CT,< 1 year,0.0
5000.0,2015-08-25,moving,,242.84%,802xx,CO,< 1 year,0.0
35000.0,2015-08-25,house,,0%,315xx,GA,< 1 year,0.0
15000.0,2015-08-25,debt_consolidation,,4%,606xx,IL,< 1 year,0.0
30000.0,2015-08-25,debt_consolidation,,41.12%,076xx,NJ,< 1 year,0.0
15000.0,2015-08-25,Debt consolidation,668.0,5.22%,070xx,NJ,3 years,0.0
11000.0,2015-08-25,major_purchase,,5.4%,450xx,OH,,0.0
11000.0,2015-08-25,debt_consolidation,,32.6%,631xx,MO,< 1 year,0.0
4000.0,2015-08-25,other,,-1%,200xx,DC,< 1 year,0.0
7500.0,2015-08-26,medical,,5.44%,434xx,OH,< 1 year,0.0
30000.0,2015-08-26,debt_consolidation,,66.86%,103xx,NY,< 1 year,0.0
15000.0,2015-08-26,other,,11.7%,760xx,TX,< 1 year,0.0
5000.0,2015-08-26,credit_card,,9.35%,104xx,NY,< 1 year,0.0
30000.0,2015-08-27,other,,351.16%,539xx,WI,,0.0
10000.0,2015-08-27,debt_consolidation,,47.12%,281xx,NC,< 1 year,0.0
10000.0,2015-08-27,Debt consolidation,,28.11%,331xx,FL,1 year,0.0
30000.0,2015-08-28,debt_consolidation,,49.53%,797xx,TX,< 1 year,0.0
6000.0,2015-08-28,debt_consolidation,,12.92%,080xx,NJ,< 1 year,0.0
2500.0,2015-08-29,major_purchase,,24.79%,705xx,LA,< 1 year,0.0
10000.0,2015-08-29,debt_consolidation,,10.22%,012xx,MA,< 1 year,0.0
3000.0,2015-08-31,small_business,,0.99%,344xx,FL,< 1 year,0.0
25000.0,2015-08-31,credit_card,,68.45%,337xx,FL,< 1 year,0.0
6000.0,2015-08-31,vacation,,26.96%,783xx,TX,< 1 year,0.0
30000.0,2015-08-31,major_purchase,,42.23%,329xx,FL,< 1 year,0.0
12000.0,2015-08-31,Other,,14.45%,303xx,GA,,0.0
13000.0,2015-08-31,credit_card,,49.35%,925xx,CA,< 1 year,0.0
2500.0,2015-09-01,other,692.0,2.5%,806xx,CO,< 1 year,0.0
5000.0,2015-09-01,debt_consolidation,,32.73%,708xx,LA,< 1 year,0.0
1000.0,2015-09-01,other,,48.98%,708xx,LA,< 1 year,0.0
15000.0,2015-09-02,debt_consolidation,,41.37%,318xx,GA,< 1 year,0.0
25000.0,2015-09-02,Debt consolidation,,8.74%,322xx,FL,5 years,0.0
2000.0,2015-09-02,other,,19.2%,617xx,IL,< 1 year,0.0
10000.0,2015-09-02,credit_card,,43.67%,727xx,AR,< 1 year,0.0
6000.0,2015-09-03,debt_consolidation,,8.3%,128xx,NY,< 1 year,0.0
1500.0,2015-09-03,debt_consolidation,,5.25%,334xx,FL,< 1 year,0.0
6000.0,2015-09-03,debt_consolidation,,22.66%,469xx,IN,< 1 year,0.0
25000.0,2015-09-03,debt_consolidation,,42.05%,871xx,NM,< 1 year,0.0
10000.0,2015-09-03,debt_consolidation,,10.37%,303xx,GA,< 1 year,0.0
10000.0,2015-09-04,debt_consolidation,,62.62%,337xx,FL,< 1 year,0.0
3000.0,2015-09-04,debt_consolidation,,12.09%,301xx,GA,< 1 year,0.0
30000.0,2015-09-04,Business Loan,,-1%,402xx,KY,< 1 year,0.0
35000.0,2015-09-04,debt_consolidation,,20.75%,330xx,FL,< 1 year,0.0
5000.0,2015-09-05,renewable_energy,,-1%,481xx,MI,< 1 year,0.0
30000.0,2015-09-06,medical,,3.8%,300xx,GA,< 1 year,0.0
15000.0,2015-09-07,debt_consolidation,,0.12%,921xx,CA,< 1 year,0.0
1000.0,2015-09-07,other,,-1%,336xx,FL,< 1 year,0.0
3250.0,2015-09-08,other,,23.49%,320xx,FL,< 1 year,0.0
7000.0,2015-09-09,debt_consolidation,,20.34%,344xx,FL,< 1 year,0.0
1200.0,2015-09-09,moving,,16.6%,606xx,IL,< 1 year,0.0
5000.0,2015-09-09,debt_consolidation,,4.13%,162xx,PA,< 1 year,0.0
5000.0,2015-09-09,debt_consolidation,,9.58%,234xx,VA,< 1 year,0.0
9500.0,2015-09-10,credit_card,,17.79%,432xx,OH,< 1 year,0.0
3000.0,2015-09-11,debt_consolidation,,33.6%,363xx,AL,< 1 year,0.0
25000.0,2015-09-11,debt_consolidation,,12.51%,577xx,SD,< 1 year,0.0
2500.0,2015-09-12,moving,,-1%,900xx,CA,< 1 year,0.0
5000.0,2015-09-12,home_improvement,,15.12%,367xx,AL,< 1 year,0.0
15000.0,2015-09-12,home_improvement,,-1%,480xx,MI,< 1 year,0.0
20000.0,2015-09-13,debt_consolidation,,5.98%,112xx,NY,5 years,0.0
35000.0,2015-09-13,other,,12.39%,302xx,GA,5 years,0.0
5000.0,2015-09-13,car,,2.22%,294xx,SC,< 1 year,0.0
18100.0,2015-09-14,debt_consolidation,,13.99%,756xx,TX,< 1 year,0.0
2000.0,2015-09-14,debt_consolidation,,7.98%,331xx,FL,< 1 year,0.0
25000.0,2015-09-14,credit_card,,36.23%,902xx,CA,< 1 year,0.0
6000.0,2015-09-14,debt_consolidation,,112.98%,900xx,CA,< 1 year,0.0
10000.0,2015-09-14,debt_consolidation,,15.23%,397xx,MS,< 1 year,0.0
2000.0,2015-09-15,debt_consolidation,,9.76%,385xx,TN,< 1 year,0.0
5500.0,2015-09-15,debt_consolidation,,28.9%,921xx,CA,< 1 year,0.0
20000.0,2015-09-15,credit_card,,49.88%,721xx,AR,< 1 year,0.0
5000.0,2015-09-15,debt_consolidation,,18.87%,207xx,MD,< 1 year,0.0
10000.0,2015-09-15,debt_consolidation,,22.29%,749xx,OK,< 1 year,0.0
10000.0,2015-09-16,debt_consolidation,,25.36%,917xx,CA,5 years,0.0
30000.0,2015-09-17,debt_consolidation,,42.25%,328xx,FL,< 1 year,0.0
1000.0,2015-09-17,car,,4.39%,212xx,MD,< 1 year,0.0
1000.0,2015-09-18,other,,13.46%,201xx,VA,< 1 year,0.0
17000.0,2015-09-19,debt_consolidation,,43.64%,308xx,GA,< 1 year,0.0
1000.0,2015-09-20,moving,,28.62%,809xx,CO,< 1 year,0.0
8000.0,2015-09-20,medical,,41.22%,802xx,CO,< 1 year,0.0
3000.0,2015-09-20,debt_consolidation,,23.2%,075xx,NJ,< 1 year,0.0
18000.0,2015-09-20,debt_consolidation,,44.26%,402xx,KY,< 1 year,0.0
4600.0,2015-09-20,Debt consolidation,,17.6%,122xx,NY,,0.0
18000.0,2015-09-21,credit_card,,47.22%,799xx,TX,< 1 year,0.0
2500.0,2015-09-21,debt_consolidation,,48.69%,161xx,PA,< 1 year,0.0
35000.0,2015-09-21,credit_card,,-1%,008xx,VA,< 1 year,0.0
15000.0,2015-09-22,debt_consolidation,,-1%,064xx,CT,< 1 year,0.0
5000.0,2015-09-22,medical,,23.59%,361xx,AL,< 1 year,0.0
3000.0,2015-09-22,moving,,18.22%,843xx,UT,< 1 year,0.0
4000.0,2015-09-22,debt_consolidation,,43.36%,347xx,FL,< 1 year,0.0
15000.0,2015-09-22,other,,-1%,606xx,IL,< 1 year,0.0
2000.0,2015-09-23,debt_consolidation,,24.61%,336xx,FL,< 1 year,0.0
100000.0,2015-09-23,Business Loan,,-1%,926xx,CA,< 1 year,0.0
20000.0,2015-09-24,debt_consolidation,,55.44%,366xx,AL,< 1 year,0.0
6000.0,2015-09-24,car,,4.69%,460xx,IN,< 1 year,0.0
1000.0,2015-09-24,other,,25.93%,352xx,AL,< 1 year,0.0
30000.0,2015-09-24,debt_consolidation,,58.34%,174xx,PA,< 1 year,0.0
2500.0,2015-09-24,car,,4.44%,948xx,CA,< 1 year,0.0
1500.0,2015-09-24,debt_consolidation,,13.24%,070xx,NJ,< 1 year,0.0
10000.0,2015-09-24,home_improvement,,2.81%,062xx,CT,< 1 year,0.0
15000.0,2015-09-25,debt_consolidation,,-1%,327xx,FL,< 1 year,0.0
10000.0,2015-09-26,debt_consolidation,,14.31%,125xx,NY,< 1 year,0.0
6000.0,2015-09-27,debt_consolidation,,48.18%,338xx,FL,< 1 year,0.0
4000.0,2015-09-27,home_improvement,,38.28%,298xx,SC,< 1 year,0.0
1000.0,2015-09-27,other,,13.08%,770xx,TX,< 1 year,0.0
15000.0,2015-09-28,debt_consolidation,,21.42%,750xx,TX,< 1 year,0.0
7000.0,2015-09-29,debt_consolidation,,18.05%,430xx,OH,< 1 year,0.0
5000.0,2015-09-29,moving,,0.53%,100xx,NY,< 1 year,0.0
4000.0,2015-09-29,debt_consolidation,,18.52%,361xx,AL,< 1 year,0.0
10000.0,2015-09-29,small_business,,0.52%,993xx,WA,< 1 year,0.0
12500.0,2015-09-29,small_business,,-1%,630xx,MO,< 1 year,0.0
35000.0,2015-09-29,debt_consolidation,,38.74%,891xx,NV,< 1 year,0.0
300000.0,2015-09-29,Business Loan,,-1%,554xx,MN,< 1 year,0.0
10000.0,2015-09-30,credit_card,,21.96%,141xx,NY,< 1 year,0.0
5000.0,2015-09-30,small_business,,1.88%,347xx,FL,< 1 year,0.0
25000.0,2015-09-30,debt_consolidation,,53.34%,334xx,FL,< 1 year,0.0
20000.0,2015-09-30,debt_consolidation,,17.84%,800xx,CO,< 1 year,0.0
5000.0,2015-10-01,debt_consolidation,,13.97%,113xx,NY,< 1 year,0.0
6000.0,2015-10-01,moving,,70.8%,178xx,PA,< 1 year,0.0
1000.0,2015-10-01,debt_consolidation,,25.27%,757xx,TX,< 1 year,0.0
4000.0,2015-10-02,debt_consolidation,,0.62%,325xx,FL,< 1 year,0.0
10000.0,2015-10-02,debt_consolidation,,7.68%,123xx,NY,5 years,0.0
30000.0,2015-10-03,credit_card,,37.36%,329xx,FL,,0.0
2000.0,2015-10-03,other,,11.17%,303xx,GA,< 1 year,0.0
1000.0,2015-10-03,moving,511.0,21.28%,152xx,PA,< 1 year,0.0
2500.0,2015-10-04,debt_consolidation,,0.44%,641xx,MO,< 1 year,0.0
15000.0,2015-10-05,debt_consolidation,,15%,434xx,OH,< 1 year,0.0
12000.0,2015-10-05,debt_consolidation,675.0,246.64%,852xx,AZ,< 1 year,0.0
5000.0,2015-10-05,debt_consolidation,,26.28%,740xx,OK,< 1 year,0.0
1000.0,2015-10-05,medical,,17.18%,657xx,MO,< 1 year,0.0
20000.0,2015-10-05,other,,3.33%,667xx,KS,< 1 year,0.0
18000.0,2015-10-05,credit_card,,53.81%,325xx,FL,< 1 year,0.0
15000.0,2015-10-05,debt_consolidation,,16.02%,217xx,MD,< 1 year,0.0
15000.0,2015-10-06,debt_consolidation,,5.2%,321xx,FL,,0.0
1500.0,2015-10-06,medical,,2%,852xx,AZ,< 1 year,0.0
2000.0,2015-10-06,credit_card,,27.6%,981xx,WA,< 1 year,0.0
15000.0,2015-10-06,debt_consolidation,,24.76%,300xx,GA,< 1 year,0.0
35000.0,2015-10-07,home_improvement,,-1%,743xx,IN,< 1 year,0.0
7500.0,2015-10-07,debt_consolidation,,56.64%,437xx,OH,< 1 year,0.0
3000.0,2015-10-07,small_business,,34.19%,112xx,NY,< 1 year,0.0
15000.0,2015-10-08,debt_consolidation,,41.68%,620xx,IL,< 1 year,0.0
6000.0,2015-10-08,credit_card,,6.3%,277xx,NC,< 1 year,0.0
17000.0,2015-10-08,debt_consolidation,,63.81%,805xx,CO,< 1 year,0.0
6000.0,2015-10-09,debt_consolidation,,43.86%,919xx,CA,< 1 year,0.0
10000.0,2015-10-10,debt_consolidation,684.0,23.04%,352xx,AL,< 1 year,0.0
2000.0,2015-10-10,debt_consolidation,,9.57%,601xx,IL,< 1 year,0.0
25000.0,2015-10-10,debt_consolidation,,31.24%,297xx,SC,< 1 year,0.0
4000.0,2015-10-11,debt_consolidation,,69.06%,462xx,IN,< 1 year,0.0
2000.0,2015-10-12,moving,,4.81%,480xx,MI,< 1 year,0.0
1000.0,2015-10-12,debt_consolidation,,12.43%,640xx,MO,< 1 year,0.0
25000.0,2015-10-12,debt_consolidation,,32.89%,331xx,FL,< 1 year,0.0
1000.0,2015-10-12,home_improvement,,29.61%,019xx,MA,< 1 year,0.0
1000.0,2015-10-12,home_improvement,533.0,51.2%,683xx,NE,< 1 year,0.0
20000.0,2015-10-13,debt_consolidation,,3.37%,240xx,VA,< 1 year,0.0
35000.0,2015-10-13,Debt consolidation,,16.37%,460xx,IN,< 1 year,0.0
1000.0,2015-10-13,other,,0.98%,770xx,TX,< 1 year,0.0
28000.0,2015-10-14,credit_card,,22.65%,681xx,NE,5 years,0.0
20000.0,2015-10-15,debt_consolidation,,16.51%,494xx,MI,< 1 year,0.0
25000.0,2015-10-15,renewable_energy,,1.83%,105xx,NY,< 1 year,0.0
5000.0,2015-10-15,credit_card,,32.44%,606xx,IL,< 1 year,0.0
7000.0,2015-10-15,debt_consolidation,,51.8%,615xx,IL,< 1 year,0.0
10000.0,2015-10-16,credit_card,,23.53%,371xx,TN,< 1 year,0.0
35000.0,2015-10-16,credit_card,,2.31%,705xx,LA,< 1 year,0.0
10000.0,2015-10-17,other,,8.77%,112xx,NY,< 1 year,0.0
25000.0,2015-10-17,debt_consolidation,,36.77%,606xx,IL,< 1 year,0.0
3000.0,2015-10-18,debt_consolidation,,23.59%,641xx,MO,< 1 year,0.0
35000.0,2015-10-19,debt_consolidation,,27.14%,932xx,CA,< 1 year,0.0
11500.0,2015-10-19,home_improvement,,41.18%,211xx,MD,< 1 year,0.0
2000.0,2015-10-19,debt_consolidation,,0%,117xx,NY,< 1 year,0.0
20000.0,2015-10-20,credit_card,,48.03%,660xx,KS,< 1 year,0.0
10000.0,2015-10-21,credit_card,,7.68%,113xx,NY,< 1 year,0.0
4500.0,2015-10-21,medical,,15.65%,321xx,FL,< 1 year,0.0
40000.0,2015-10-21,Business Loan,,-1%,750xx,TX,< 1 year,2.0
5000.0,2015-10-21,debt_consolidation,,19.08%,701xx,LA,< 1 year,0.0
1000.0,2015-10-21,other,,58.96%,354xx,AL,< 1 year,0.0
20000.0,2015-10-21,Credit card refinancing,,31.04%,114xx,NY,3 years,0.0
3000.0,2015-10-21,other,,24.93%,921xx,CA,< 1 year,0.0
30000.0,2015-10-22,Debt consolidation,,24.74%,852xx,AZ,< 1 year,0.0
12000.0,2015-10-23,Debt consolidation,,13.75%,917xx,CA,< 1 year,0.0
10000.0,2015-10-23,debt_consolidation,,2.17%,800xx,CO,< 1 year,0.0
5000.0,2015-10-24,small_business,,0%,600xx,IL,< 1 year,0.0
16000.0,2015-10-24,debt_consolidation,,45.87%,599xx,MT,5 years,0.0
10000.0,2015-10-24,debt_consolidation,,19.62%,841xx,UT,< 1 year,0.0
3000.0,2015-10-24,credit_card,,43.62%,063xx,CT,< 1 year,0.0
15000.0,2015-10-24,major_purchase,,27.74%,751xx,TX,< 1 year,0.0
15000.0,2015-10-24,other,,2.61%,492xx,MI,< 1 year,0.0
20000.0,2015-10-25,credit_card,,20.21%,112xx,NY,< 1 year,0.0
32000.0,2015-10-26,debt_consolidation,,30.92%,571xx,SD,< 1 year,0.0
5600.0,2015-10-26,debt_consolidation,,19.44%,430xx,OH,< 1 year,0.0
1000.0,2015-10-26,moving,,0.41%,800xx,CO,< 1 year,0.0
20000.0,2015-10-26,debt_consolidation,639.0,47.97%,480xx,MI,< 1 year,0.0
8000.0,2015-10-26,debt_consolidation,,22.63%,705xx,LA,< 1 year,0.0
15000.0,2015-10-27,credit_card,,320.26%,754xx,TX,< 1 year,0.0
10000.0,2015-10-27,Debt consolidation,,10.03%,358xx,AL,< 1 year,0.0
10000.0,2015-10-27,debt_consolidation,,22.63%,150xx,PA,< 1 year,0.0
2000.0,2015-10-27,major_purchase,,42.89%,913xx,CA,< 1 year,0.0
8000.0,2015-10-27,debt_consolidation,,110.73%,280xx,NC,< 1 year,0.0
20000.0,2015-10-27,home_improvement,,21.83%,331xx,FL,5 years,0.0
25000.0,2015-10-27,debt_consolidation,,24.85%,119xx,NY,< 1 year,0.0
11000.0,2015-10-27,Debt consolidation,,28.11%,900xx,CA,4 years,0.0
50000.0,2015-10-28,Business Loan,,-1%,339xx,FL,< 1 year,0.0
1000.0,2015-10-28,other,613.0,6.12%,158xx,PA,< 1 year,0.0
1000.0,2015-10-29,medical,,26.4%,371xx,TN,< 1 year,0.0
25000.0,2015-10-29,small_business,,5.26%,070xx,NJ,< 1 year,0.0
5000.0,2015-10-30,debt_consolidation,,5.15%,833xx,WV,< 1 year,0.0
30000.0,2015-10-30,credit_card,,40.08%,175xx,PA,< 1 year,0.0
13000.0,2015-10-30,debt_consolidation,,70.12%,932xx,CA,< 1 year,0.0
20000.0,2015-10-30,home_improvement,,32.17%,941xx,CA,< 1 year,0.0
30000.0,2015-10-30,debt_consolidation,,2.27%,751xx,TX,5 years,0.0
12000.0,2015-10-30,Credit card refinancing,,18.7%,923xx,CA,,0.0
3000.0,2015-10-31,small_business,561.0,11.33%,116xx,NY,< 1 year,0.0
10000.0,2015-10-31,debt_consolidation,,14.93%,815xx,CO,< 1 year,0.0
60000.0,2015-10-31,Business Loan,,-1%,300xx,GA,< 1 year,0.0
14000.0,2015-11-02,debt_consolidation,,46.41%,275xx,NC,< 1 year,0.0
15000.0,2015-11-02,credit_card,,20.71%,802xx,CO,5 years,0.0
10000.0,2015-11-03,debt_consolidation,,16.32%,333xx,FL,< 1 year,0.0
9000.0,2015-11-03,credit_card,725.0,46.4%,207xx,MD,< 1 year,0.0
3000.0,2015-11-03,vacation,,38.73%,331xx,FL,< 1 year,0.0
35000.0,2015-11-03,debt_consolidation,,40.18%,700xx,LA,< 1 year,0.0
10000.0,2015-11-03,other,,21.26%,670xx,KS,< 1 year,0.0
5000.0,2015-11-04,debt_consolidation,,43.45%,113xx,NY,< 1 year,0.0
15000.0,2015-11-04,debt_consolidation,,439.16%,341xx,FL,< 1 year,0.0
20000.0,2015-11-04,Debt consolidation,,22.79%,386xx,MS,1 year,0.0
3000.0,2015-11-04,moving,,18.75%,402xx,KY,< 1 year,0.0
20100.0,2015-11-04,other,,16.41%,212xx,MD,< 1 year,0.0
2000.0,2015-11-04,debt_consolidation,,20.84%,080xx,NJ,< 1 year,0.0
20000.0,2015-11-04,debt_consolidation,,10.48%,018xx,MA,< 1 year,0.0
15000.0,2015-11-04,debt_consolidation,,31.21%,750xx,TX,< 1 year,0.0
25000.0,2015-11-05,debt_consolidation,,47.27%,445xx,OH,< 1 year,0.0
20000.0,2015-11-05,debt_consolidation,,55.66%,956xx,CA,< 1 year,0.0
35000.0,2015-11-05,credit_card,,42.84%,550xx,MN,< 1 year,0.0
23000.0,2015-11-05,credit_card,,38.17%,232xx,VA,< 1 year,0.0
15000.0,2015-11-05,credit_card,,47.52%,125xx,NY,< 1 year,0.0
5000.0,2015-11-06,other,,40.76%,740xx,OK,< 1 year,0.0
20000.0,2015-11-07,debt_consolidation,,47.24%,644xx,MO,< 1 year,0.0
5000.0,2015-11-07,debt_consolidation,,21.11%,750xx,TX,< 1 year,0.0
35000.0,2015-11-08,credit_card,,43.98%,344xx,FL,,0.0
12000.0,2015-11-09,credit_card,,29.32%,330xx,FL,< 1 year,0.0
3000.0,2015-11-09,other,,18.39%,606xx,IL,< 1 year,0.0
14500.0,2015-11-09,Home improvement,724.0,12.46%,328xx,FL,10+ years,0.0
5000.0,2015-11-09,car,,5.68%,112xx,NY,< 1 year,0.0
1500.0,2015-11-10,medical,,11.95%,606xx,IL,< 1 year,0.0
5000.0,2015-11-10,moving,,2.54%,336xx,FL,< 1 year,0.0
20000.0,2015-11-10,credit_card,,40.33%,894xx,NV,< 1 year,0.0
5000.0,2015-11-10,debt_consolidation,,49.32%,856xx,AZ,< 1 year,0.0
5000.0,2015-11-11,credit_card,,7.68%,967xx,HI,< 1 year,0.0
20000.0,2015-11-11,debt_consolidation,,46.56%,850xx,AZ,< 1 year,0.0
15000.0,2015-11-12,debt_consolidation,573.0,22.08%,712xx,LA,< 1 year,0.0
7000.0,2015-11-12,Car financing,631.0,3.9%,021xx,MA,,0.0
20000.0,2015-11-12,debt_consolidation,,48.3%,104xx,NY,< 1 year,0.0
8000.0,2015-11-13,debt_consolidation,,22.39%,902xx,CA,< 1 year,0.0
5000.0,2015-11-13,debt_consolidation,,0.89%,302xx,GA,< 1 year,0.0
10000.0,2015-11-13,debt_consolidation,706.0,41.64%,336xx,FL,< 1 year,0.0
15000.0,2015-11-13,Credit card refinancing,,28.59%,937xx,CA,,0.0
6000.0,2015-11-13,debt_consolidation,,-1%,018xx,MA,< 1 year,0.0
5000.0,2015-11-14,debt_consolidation,,34.94%,751xx,TX,< 1 year,0.0
15000.0,2015-11-14,debt_consolidation,,-1%,183xx,PA,< 1 year,0.0
10000.0,2015-11-14,other,,2.2%,115xx,NY,< 1 year,0.0
7500.0,2015-11-14,major_purchase,,2.56%,802xx,CO,< 1 year,0.0
2000.0,2015-11-15,debt_consolidation,,23.32%,890xx,NV,< 1 year,0.0
17000.0,2015-11-15,credit_card,,43.25%,152xx,PA,< 1 year,0.0
20000.0,2015-11-16,debt_consolidation,645.0,332.2%,359xx,AL,< 1 year,0.0
35000.0,2015-11-16,Credit card refinancing,798.0,5.11%,902xx,CA,2 years,0.0
35000.0,2015-11-17,debt_consolidation,,46.75%,217xx,MD,< 1 year,0.0
20000.0,2015-11-17,debt_consolidation,,47.16%,300xx,GA,< 1 year,0.0
5500.0,2015-11-17,debt_consolidation,,35.73%,111xx,NY,< 1 year,0.0
6000.0,2015-11-17,debt_consolidation,,23.29%,563xx,MN,< 1 year,0.0
5000.0,2015-11-17,credit_card,,18.31%,417xx,KY,< 1 year,0.0
12000.0,2015-11-17,credit_card,,40.36%,486xx,MI,< 1 year,0.0
6000.0,2015-11-18,debt_consolidation,,33.08%,442xx,OH,< 1 year,0.0
30000.0,2015-11-18,Business Loan,,-1%,773xx,TX,< 1 year,0.0
3000.0,2015-11-18,debt_consolidation,,7.82%,652xx,MO,< 1 year,0.0
1000.0,2015-11-19,other,,26.83%,216xx,MD,< 1 year,0.0
1500.0,2015-11-19,other,,70.93%,410xx,KY,< 1 year,0.0
35000.0,2015-11-19,debt_consolidation,,53.71%,865xx,AZ,< 1 year,0.0
5000.0,2015-11-20,other,,0%,604xx,IL,< 1 year,0.0
19000.0,2015-11-20,house,,-1%,484xx,MI,5 years,0.0
3000.0,2015-11-20,debt_consolidation,,14.19%,330xx,FL,< 1 year,0.0
12500.0,2015-11-20,home_improvement,,71.34%,410xx,KY,< 1 year,0.0
35000.0,2015-11-20,credit_card,,22.26%,967xx,HI,< 1 year,0.0
5000.0,2015-11-20,debt_consolidation,,2.81%,328xx,FL,< 1 year,0.0
12000.0,2015-11-21,debt_consolidation,,20.38%,750xx,TX,< 1 year,0.0
25000.0,2015-11-22,debt_consolidation,,28.3%,707xx,LA,< 1 year,0.0
30000.0,2015-11-22,home_improvement,,2.29%,470xx,IN,< 1 year,0.0
10000.0,2015-11-22,credit_card,,24%,740xx,OK,< 1 year,0.0
20000.0,2015-11-23,debt_consolidation,,11.22%,064xx,CT,5 years,0.0
5000.0,2015-11-23,car,,7.01%,558xx,MN,< 1 year,0.0
20000.0,2015-11-23,debt_consolidation,,19.54%,117xx,NY,< 1 year,0.0
4000.0,2015-11-23,major_purchase,,1.68%,300xx,GA,< 1 year,0.0
3000.0,2015-11-23,other,,44.86%,379xx,TN,< 1 year,0.0
6000.0,2015-11-24,moving,,0.35%,446xx,OH,< 1 year,0.0
35000.0,2015-11-24,credit_card,,47.49%,061xx,CT,5 years,0.0
15000.0,2015-11-24,credit_card,,105.64%,285xx,NC,< 1 year,0.0
10000.0,2015-11-24,debt_consolidation,,17.97%,952xx,CA,< 1 year,0.0
1000.0,2015-11-24,other,,290.91%,278xx,NC,< 1 year,0.0
25000.0,2015-11-25,Debt consolidation,,39.9%,871xx,NM,1 year,0.0
3000.0,2015-11-25,other,,120.8%,730xx,OK,< 1 year,0.0
35000.0,2015-11-25,debt_consolidation,,14.68%,286xx,NC,< 1 year,0.0
30000.0,2015-11-25,debt_consolidation,,2.32%,982xx,WA,< 1 year,0.0
8000.0,2015-11-25,debt_consolidation,,16.39%,840xx,UT,< 1 year,0.0
1000.0,2015-11-25,other,,8.88%,241xx,VA,5 years,0.0
15000.0,2015-11-26,debt_consolidation,,51.73%,989xx,WA,< 1 year,0.0
12075.0,2015-11-26,credit_card,,36.07%,890xx,NV,,0.0
3000.0,2015-11-27,home_improvement,701.0,32.32%,344xx,FL,< 1 year,0.0
1000.0,2015-11-28,small_business,,2.8%,801xx,CO,< 1 year,0.0
15000.0,2015-11-28,debt_consolidation,,62.16%,980xx,WA,< 1 year,0.0
10000.0,2015-11-28,major_purchase,,8.03%,146xx,NY,5 years,0.0
8000.0,2015-11-29,debt_consolidation,,36.29%,325xx,FL,< 1 year,0.0
3000.0,2015-11-29,moving,,34.3%,463xx,IN,< 1 year,0.0
250000.0,2015-11-29,Business Loan,,-1%,750xx,TX,< 1 year,0.0
1500.0,2015-11-29,credit_card,,33.48%,230xx,VA,< 1 year,0.0
5000.0,2015-11-29,moving,,1.05%,376xx,TN,< 1 year,0.0
5500.0,2015-12-01,debt_consolidation,,10.8%,333xx,FL,< 1 year,0.0
2000.0,2015-12-01,other,,18.77%,857xx,AZ,< 1 year,0.0
3000.0,2015-12-01,other,,61.8%,328xx,FL,< 1 year,0.0
5000.0,2015-12-01,debt_consolidation,,88.3%,439xx,OH,< 1 year,0.0
18500.0,2015-12-01,credit_card,,68.59%,125xx,NY,< 1 year,0.0
3000.0,2015-12-02,medical,,37.11%,295xx,SC,< 1 year,0.0
35000.0,2015-12-02,debt_consolidation,,27.95%,452xx,OH,< 1 year,0.0
10000.0,2015-12-02,other,,77.33%,297xx,SC,< 1 year,0.0
3000.0,2015-12-02,debt_consolidation,,33.25%,653xx,MO,< 1 year,0.0
35000.0,2015-12-02,Credit card refinancing,,5.77%,902xx,CA,10+ years,0.0
25000.0,2015-12-02,debt_consolidation,,22.94%,616xx,IL,< 1 year,0.0
15000.0,2015-12-02,home_improvement,,2.34%,760xx,TX,< 1 year,0.0
4000.0,2015-12-02,other,,2.24%,656xx,MO,< 1 year,0.0
1000.0,2015-12-02,other,,0%,490xx,MI,< 1 year,0.0
3000.0,2015-12-03,home_improvement,,0.92%,021xx,MA,< 1 year,0.0
16000.0,2015-12-03,credit_card,,36.42%,925xx,CA,< 1 year,0.0
35000.0,2015-12-03,major_purchase,,0.74%,080xx,NJ,5 years,0.0
5400.0,2015-12-03,Credit card refinancing,,6.36%,974xx,OR,2 years,2.0
5000.0,2015-12-03,home_improvement,,57.46%,364xx,AL,< 1 year,0.0
10000.0,2015-12-03,Business,,21.49%,928xx,CA,10+ years,0.0
15000.0,2015-12-03,other,,55.75%,633xx,MO,< 1 year,0.0
35000.0,2015-12-03,other,,1.91%,921xx,CA,< 1 year,0.0
20000.0,2015-12-03,debt_consolidation,,5.66%,939xx,CA,< 1 year,0.0
28000.0,2015-12-03,debt_consolidation,,37.91%,178xx,PA,< 1 year,0.0
3000.0,2015-12-03,debt_consolidation,,1.2%,919xx,CA,< 1 year,0.0
20000.0,2015-12-04,debt_consolidation,,26.89%,891xx,NV,< 1 year,0.0
15000.0,2015-12-04,debt_consolidation,,40.8%,180xx,PA,5 years,0.0
1000.0,2015-12-04,other,,1.83%,809xx,CO,< 1 year,0.0
26525.0,2015-12-04,credit_card,,59.41%,740xx,OK,5 years,0.0
1000.0,2015-12-04,other,,0.2%,983xx,WA,,0.0
15000.0,2015-12-04,Business Loan,,-1%,750xx,TX,< 1 year,0.0
2000.0,2015-12-04,major_purchase,,27.86%,288xx,NC,< 1 year,0.0
5500.0,2015-12-05,debt_consolidation,,48.8%,799xx,TX,5 years,0.0
3000.0,2015-12-05,other,,15.99%,379xx,TN,< 1 year,0.0
6000.0,2015-12-05,debt_consolidation,662.0,60.54%,482xx,MI,< 1 year,0.0
2000.0,2015-12-05,car,,1.83%,018xx,MA,< 1 year,0.0
5000.0,2015-12-06,credit_card,,13.45%,328xx,FL,5 years,0.0
2000.0,2015-12-07,small_business,,0%,945xx,CA,5 years,0.0
3000.0,2015-12-07,debt_consolidation,,2.31%,271xx,NC,< 1 year,0.0
15000.0,2015-12-07,debt_consolidation,,14.37%,283xx,NC,< 1 year,0.0
1000.0,2015-12-07,other,,3.57%,705xx,LA,5 years,0.0
25000.0,2015-12-08,debt_consolidation,,46.17%,115xx,NY,< 1 year,0.0
2500.0,2015-12-08,home_improvement,,19.61%,060xx,CT,< 1 year,0.0
12000.0,2015-12-08,debt_consolidation,628.0,19.19%,070xx,NJ,< 1 year,0.0
5000.0,2015-12-09,other,,0.86%,708xx,LA,< 1 year,0.0
30000.0,2015-12-09,home_improvement,,0.89%,986xx,WA,< 1 year,0.0
3800.0,2015-12-09,credit_card,678.0,33.93%,168xx,PA,< 1 year,0.0
16000.0,2015-12-10,debt_consolidation,,22.74%,923xx,CA,< 1 year,0.0
10000.0,2015-12-10,debt_consolidation,,10.18%,895xx,NV,< 1 year,0.0
3000.0,2015-12-10,debt_consolidation,,18.4%,103xx,NY,5 years,0.0
12000.0,2015-12-11,credit_card,,52.32%,891xx,NV,,0.0
2000.0,2015-12-11,other,,46.01%,033xx,NH,< 1 year,0.0
3500.0,2015-12-11,credit_card,,12.79%,076xx,NJ,< 1 year,0.0
25000.0,2015-12-12,credit_card,,12.92%,681xx,NE,,0.0
30000.0,2015-12-12,Debt consolidation,,29.85%,953xx,CA,10+ years,0.0
1200.0,2015-12-13,other,,16.83%,433xx,OH,5 years,0.0
10000.0,2015-12-13,credit_card,,29.08%,782xx,TX,< 1 year,0.0
10000.0,2015-12-14,Debt consolidation,,6.13%,600xx,IL,10+ years,0.0
3000.0,2015-12-14,other,,64.29%,346xx,FL,,0.0
5000.0,2015-12-14,major_purchase,,7.89%,402xx,KY,< 1 year,0.0
30000.0,2015-12-15,debt_consolidation,,-1%,852xx,AZ,< 1 year,0.0
3500.0,2015-12-15,Credit card refinancing,771.0,11.7%,100xx,NY,5 years,0.0
7000.0,2015-12-15,car,,7.95%,338xx,FL,< 1 year,0.0
1000.0,2015-12-15,other,,30.7%,638xx,MO,< 1 year,0.0
15000.0,2015-12-15,small_business,,-1%,381xx,TN,< 1 year,0.0
10000.0,2015-12-15,debt_consolidation,,27.26%,403xx,KY,< 1 year,0.0
3500.0,2015-12-15,other,,27.83%,244xx,VA,< 1 year,0.0
2000.0,2015-12-16,vacation,,35.86%,191xx,PA,< 1 year,0.0
6000.0,2015-12-16,credit_card,,15.34%,624xx,IL,< 1 year,0.0
15000.0,2015-12-16,Business Loan,,-1%,295xx,SC,< 1 year,0.0
10000.0,2015-12-16,debt_consolidation,,44.07%,638xx,MO,< 1 year,0.0
10000.0,2015-12-16,debt_consolidation,,42.28%,344xx,FL,< 1 year,0.0
6000.0,2015-12-17,debt_consolidation,,19.25%,553xx,MN,< 1 year,0.0
1000.0,2015-12-17,other,,-1%,207xx,MD,< 1 year,0.0
10000.0,2015-12-17,debt_consolidation,,14.88%,339xx,FL,< 1 year,0.0
33000.0,2015-12-17,debt_consolidation,,13.77%,936xx,CA,5 years,0.0
2000.0,2015-12-17,medical,,4.86%,933xx,CA,< 1 year,0.0
15000.0,2015-12-18,credit_card,,61.1%,628xx,IL,< 1 year,0.0
5000.0,2015-12-18,other,,13.52%,811xx,CO,< 1 year,0.0
10000.0,2015-12-19,debt_consolidation,,9.64%,633xx,MO,< 1 year,0.0
7500.0,2015-12-19,debt_consolidation,,30.91%,392xx,MS,,0.0
5000.0,2015-12-19,car,,7.21%,610xx,IL,< 1 year,0.0
1000.0,2015-12-21,other,,2.72%,109xx,NY,5 years,0.0
1000.0,2015-12-21,renewable_energy,,27.26%,331xx,FL,< 1 year,0.0
10500.0,2015-12-21,vacation,,109.95%,104xx,NY,< 1 year,0.0
10000.0,2015-12-21,debt_consolidation,,39.33%,146xx,NY,< 1 year,0.0
1500.0,2015-12-21,debt_consolidation,,7.12%,648xx,MO,< 1 year,0.0
35000.0,2015-12-21,debt_consolidation,,16.51%,727xx,AR,< 1 year,0.0
25000.0,2015-12-21,Business Loan,,-1%,910xx,CA,< 1 year,0.0
20000.0,2015-12-22,house,,1.14%,497xx,MI,< 1 year,0.0
28000.0,2015-12-22,debt_consolidation,,11.7%,333xx,FL,< 1 year,0.0
1000.0,2015-12-22,credit_card,,40.62%,465xx,IN,< 1 year,0.0
10000.0,2015-12-22,Home improvement,633.0,5.32%,900xx,CA,< 1 year,0.0
35000.0,2015-12-22,credit_card,647.0,58.34%,189xx,PA,< 1 year,0.0
5000.0,2015-12-22,Business Loan,,-1%,132xx,NY,< 1 year,0.0
2500.0,2015-12-24,medical,,22.45%,735xx,OK,< 1 year,0.0
3500.0,2015-12-24,other,,0%,300xx,GA,< 1 year,0.0
3000.0,2015-12-25,credit_card,,2.06%,601xx,IL,5 years,0.0
4000.0,2015-12-26,Debt consolidation,,21.71%,277xx,NC,2 years,0.0
4000.0,2015-12-27,debt_consolidation,,29.7%,770xx,TX,< 1 year,0.0
20000.0,2015-12-28,debt_consolidation,,28.59%,088xx,NJ,< 1 year,0.0
10000.0,2015-12-28,Business,,35.23%,790xx,TX,,0.0
25000.0,2015-12-28,debt_consolidation,,45.07%,940xx,CA,5 years,0.0
9500.0,2015-12-28,debt_consolidation,,8.35%,786xx,TX,< 1 year,0.0
30000.0,2015-12-29,Credit card refinancing,,10.5%,760xx,TX,10+ years,0.0
10000.0,2015-12-29,debt_consolidation,,15.8%,021xx,MA,< 1 year,0.0
15000.0,2015-12-29,debt_consolidation,653.0,57.68%,919xx,CA,< 1 year,0.0
8000.0,2015-12-29,debt_consolidation,,8.81%,908xx,CA,< 1 year,0.0
3000.0,2015-12-29,debt_consolidation,588.0,17.63%,750xx,TX,< 1 year,0.0
8000.0,2015-12-29,debt_consolidation,,14.09%,035xx,NH,< 1 year,0.0
25000.0,2015-12-30,other,,28.05%,119xx,NY,5 years,0.0
10000.0,2015-12-30,debt_consolidation,,8.97%,063xx,CT,5 years,0.0
15000.0,2015-12-30,debt_consolidation,,5.5%,379xx,TN,< 1 year,0.0
6000.0,2015-12-30,debt_consolidation,,12.67%,371xx,TN,< 1 year,0.0
2000.0,2015-12-30,debt_consolidation,,22.09%,767xx,TX,< 1 year,0.0
20000.0,2015-12-31,debt_consolidation,,17.48%,265xx,WV,< 1 year,0.0
20000.0,2015-12-31,debt_consolidation,,25.72%,283xx,NC,< 1 year,0.0
25000.0,2015-12-31,debt_consolidation,645.0,15.81%,208xx,MD,< 1 year,0.0
30000.0,2015-12-31,debt_consolidation,,26.85%,601xx,IL,< 1 year,0.0
10000.0,2017-04-01,other,,7.98%,606xx,IL,5 years,0.0
10000.0,2017-04-01,Debt consolidation,695.0,14.13%,334xx,FL,< 1 year,0.0
10000.0,2017-04-01,home_improvement,,38.81%,482xx,MI,< 1 year,0.0
2000.0,2017-04-02,Debt consolidation,607.0,16.73%,300xx,GA,< 1 year,0.0
3000.0,2017-04-02,other,650.0,15.6%,172xx,PA,5 years,0.0
25000.0,2017-04-02,home_improvement,,0%,305xx,GA,< 1 year,0.0
5000.0,2017-04-02,other,,2.86%,480xx,MI,< 1 year,0.0
8000.0,2017-04-03,Home improvement,616.0,32.77%,283xx,NC,< 1 year,0.0
12000.0,2017-04-03,Other,654.0,37.06%,104xx,NY,< 1 year,0.0
15000.0,2017-04-03,debt_consolidation,,48.66%,967xx,HI,5 years,0.0
12000.0,2017-04-03,Debt consolidation,719.0,14.93%,212xx,MD,< 1 year,0.0
15000.0,2017-04-03,Debt consolidation,679.0,51.32%,333xx,FL,< 1 year,0.0
10000.0,2017-04-03,Debt consolidation,640.0,8.84%,104xx,NY,7 years,0.0
40000.0,2017-04-03,medical,,10.8%,371xx,TN,< 1 year,0.0
3000.0,2017-04-03,debt_consolidation,,2.99%,907xx,CA,< 1 year,0.0
30000.0,2017-04-03,Debt consolidation,620.0,53.94%,220xx,VA,< 1 year,0.0
16000.0,2017-04-03,Debt consolidation,,100%,740xx,OK,< 1 year,0.0
10000.0,2017-04-03,Debt consolidation,591.0,60.53%,954xx,CA,< 1 year,0.0
13000.0,2017-04-04,Debt consolidation,603.0,21.54%,334xx,FL,< 1 year,0.0
40000.0,2017-04-04,other,,6.9%,070xx,NJ,< 1 year,0.0
10000.0,2017-04-04,home_improvement,,7.48%,860xx,AZ,< 1 year,0.0
12000.0,2017-04-04,Car financing,567.0,27.72%,023xx,MA,< 1 year,0.0
10675.0,2017-04-04,credit_card,,25.22%,028xx,RI,5 years,0.0
25000.0,2017-04-04,debt_consolidation,,-1%,070xx,NJ,5 years,0.0
20000.0,2017-04-04,credit_card,,-1%,104xx,NY,5 years,0.0
40000.0,2017-04-04,Debt consolidation,714.0,9.27%,200xx,DC,1 year,0.0
40000.0,2017-04-04,home_improvement,,-1%,801xx,CO,< 1 year,0.0
2500.0,2017-04-04,Debt consolidation,626.0,6.42%,891xx,NV,< 1 year,0.0
10000.0,2017-04-04,car,,0.96%,935xx,CA,5 years,0.0
35000.0,2017-04-04,debt_consolidation,,33.4%,950xx,CA,5 years,0.0
2500.0,2017-04-04,credit_card,,30.39%,802xx,CO,5 years,0.0
1500.0,2017-04-05,Home improvement,,26.4%,923xx,CA,,0.0
2000.0,2017-04-05,Debt consolidation,635.0,18.02%,300xx,GA,< 1 year,0.0
7000.0,2017-04-05,Credit card refinancing,630.0,9%,112xx,NY,< 1 year,0.0
20000.0,2017-04-05,Home improvement,670.0,1.24%,156xx,PA,< 1 year,0.0
3500.0,2017-04-05,Debt consolidation,639.0,14.73%,142xx,NY,< 1 year,0.0
5000.0,2017-04-05,Moving and relocation,543.0,2.4%,931xx,CA,< 1 year,0.0
26000.0,2017-04-05,debt_consolidation,,21.66%,972xx,OR,5 years,0.0
2000.0,2017-04-05,other,,39.7%,136xx,NY,,0.0
1000.0,2017-04-05,debt_consolidation,,5.46%,461xx,IN,5 years,0.0
15000.0,2017-04-05,debt_consolidation,,39.89%,894xx,NV,< 1 year,0.0
15000.0,2017-04-06,Debt consolidation,601.0,18.82%,420xx,KY,< 1 year,0.0
28150.0,2017-04-06,Car financing,638.0,100%,770xx,TX,< 1 year,0.0
3000.0,2017-04-06,moving,667.0,0%,381xx,TN,< 1 year,0.0
5000.0,2017-04-06,Other,654.0,18.32%,112xx,NY,< 1 year,0.0
3000.0,2017-04-06,Debt consolidation,595.0,16.5%,662xx,KS,< 1 year,0.0
40000.0,2017-04-06,Credit card refinancing,693.0,31.23%,967xx,HI,< 1 year,0.0
40000.0,2017-04-06,major_purchase,,25.04%,720xx,AR,< 1 year,0.0
14000.0,2017-04-07,Debt consolidation,750.0,15.66%,329xx,FL,< 1 year,0.0
15000.0,2017-04-07,Business,571.0,66.63%,070xx,NJ,< 1 year,0.0
1500.0,2017-04-07,debt_consolidation,,16.31%,330xx,FL,< 1 year,0.0
10000.0,2017-04-07,Debt consolidation,617.0,11.02%,958xx,CA,< 1 year,0.0
2000.0,2017-04-08,debt_consolidation,,24.58%,584xx,ND,< 1 year,0.0
30000.0,2017-04-08,credit_card,,29.71%,432xx,OH,5 years,0.0
8000.0,2017-04-08,debt_consolidation,,15.78%,496xx,MI,< 1 year,0.0
10000.0,2017-04-08,Debt consolidation,,13.75%,080xx,NJ,10+ years,0.0
8825.0,2017-04-09,credit_card,,18.41%,779xx,TX,5 years,0.0
22000.0,2017-04-09,debt_consolidation,,9.82%,463xx,IN,5 years,0.0
1500.0,2017-04-09,car,,3.97%,452xx,OH,5 years,0.0
10000.0,2017-04-10,credit_card,,33.2%,297xx,SC,5 years,0.0
4300.0,2017-04-10,Debt consolidation,660.0,20.28%,453xx,OH,< 1 year,0.0
40000.0,2017-04-10,debt_consolidation,,23.48%,124xx,NY,< 1 year,0.0
3000.0,2017-04-10,Debt consolidation,563.0,33.98%,286xx,NC,< 1 year,0.0
20000.0,2017-04-10,home_improvement,,21.87%,336xx,FL,< 1 year,0.0
2000.0,2017-04-10,car,,0%,286xx,NC,5 years,0.0
40000.0,2017-04-10,Debt consolidation,597.0,35.15%,915xx,CA,< 1 year,0.0
1000.0,2017-04-10,Other,640.0,66.09%,067xx,CT,< 1 year,0.0
10000.0,2017-04-10,debt_consolidation,,178.97%,220xx,VA,< 1 year,0.0
10000.0,2017-04-11,Debt consolidation,592.0,9.93%,941xx,CA,< 1 year,0.0
8000.0,2017-04-11,credit_card,,14.31%,104xx,NY,< 1 year,0.0
17000.0,2017-04-11,home_improvement,,0%,451xx,OH,5 years,0.0
5000.0,2017-04-11,debt_consolidation,,6.71%,134xx,NY,5 years,0.0
5000.0,2017-04-12,Debt consolidation,640.0,24.74%,680xx,NE,< 1 year,0.0
15000.0,2017-04-12,debt_consolidation,,35.2%,152xx,PA,< 1 year,0.0
5000.0,2017-04-12,other,,63.6%,571xx,SD,< 1 year,0.0
35000.0,2017-04-12,debt_consolidation,,38.28%,131xx,NY,5 years,0.0
20000.0,2017-04-12,Other,544.0,51.76%,630xx,MO,< 1 year,0.0
1000.0,2017-04-13,debt_consolidation,,0%,900xx,CA,< 1 year,0.0
2500.0,2017-04-13,debt_consolidation,,8.47%,531xx,WI,5 years,0.0
10000.0,2017-04-13,debt_consolidation,,16.25%,352xx,OH,< 1 year,0.0
10000.0,2017-04-13,Debt consolidation,574.0,39.13%,721xx,AR,< 1 year,0.0
35000.0,2017-04-13,other,,1.44%,282xx,NC,,0.0
2500.0,2017-04-13,Other,748.0,5.7%,349xx,FL,< 1 year,0.0
10000.0,2017-04-13,other,,13.23%,483xx,MI,< 1 year,0.0
5000.0,2017-04-14,debt_consolidation,,34.93%,448xx,OH,5 years,0.0
35000.0,2017-04-14,home_improvement,,92.9%,024xx,MA,5 years,0.0
8000.0,2017-04-14,credit_card,,56.41%,395xx,MS,< 1 year,0.0
1000.0,2017-04-14,other,,30.45%,044xx,ME,< 1 year,0.0
20000.0,2017-04-14,Debt consolidation,634.0,39.38%,850xx,AZ,< 1 year,0.0
60000.0,2017-04-14,Business Loan,,-1%,914xx,CA,< 1 year,0.0
30000.0,2017-04-15,debt_consolidation,,25.71%,891xx,NV,< 1 year,0.0
15000.0,2017-04-16,debt_consolidation,,11.86%,117xx,NY,< 1 year,0.0
2300.0,2017-04-16,Car financing,,100%,487xx,MI,< 1 year,0.0
6500.0,2017-04-16,car,,5.72%,424xx,KY,5 years,0.0
5000.0,2017-04-17,debt_consolidation,,43.78%,730xx,OK,< 1 year,0.0
2500.0,2017-04-17,Debt consolidation,616.0,16.74%,553xx,MN,< 1 year,0.0
2600.0,2017-04-18,other,,66.9%,650xx,MO,< 1 year,0.0
5000.0,2017-04-18,debt_consolidation,,14.15%,130xx,NY,5 years,0.0
15000.0,2017-04-18,debt_consolidation,,38.86%,782xx,TX,< 1 year,0.0
10000.0,2017-04-18,major_purchase,,1.81%,606xx,IL,< 1 year,0.0
40000.0,2017-04-18,debt_consolidation,,15.78%,973xx,OR,< 1 year,0.0
15000.0,2017-04-18,major_purchase,,8.34%,671xx,KS,< 1 year,0.0
2000.0,2017-04-19,Debt consolidation,610.0,22.88%,379xx,TN,< 1 year,0.0
2500.0,2017-04-19,Debt consolidation,585.0,18.23%,234xx,VA,< 1 year,0.0
1500.0,2017-04-19,other,,0.49%,242xx,VA,< 1 year,0.0
1000.0,2017-04-19,car,,38.85%,726xx,AR,5 years,0.0
10000.0,2017-04-19,Credit card refinancing,718.0,136.13%,736xx,OK,< 1 year,0.0
1000.0,2017-04-19,Vacation,549.0,0.2%,151xx,PA,< 1 year,0.0
2500.0,2017-04-20,other,,4.25%,945xx,CA,< 1 year,0.0
3000.0,2017-04-20,Debt consolidation,837.0,60.86%,554xx,MN,< 1 year,0.0
15000.0,2017-04-20,debt_consolidation,,4.89%,337xx,FL,< 1 year,0.0
3000.0,2017-04-21,Other,550.0,0%,286xx,NC,< 1 year,0.0
1000.0,2017-04-21,Other,545.0,8082.64%,907xx,CA,< 1 year,0.0
35000.0,2017-04-21,credit_card,,-1%,389xx,MS,5 years,0.0
20000.0,2017-04-21,debt_consolidation,,38.05%,087xx,NJ,< 1 year,0.0
10000.0,2017-04-21,Debt consolidation,602.0,34.86%,837xx,ID,< 1 year,0.0
40000.0,2017-04-22,Debt consolidation,508.0,12.66%,706xx,TX,< 1 year,0.0
20000.0,2017-04-22,debt_consolidation,,46.87%,224xx,VA,< 1 year,0.0
20000.0,2017-04-22,Debt consolidation,,100%,959xx,CA,< 1 year,0.0
3000.0,2017-04-22,credit_card,,65.95%,333xx,FL,< 1 year,0.0
1500.0,2017-04-22,major_purchase,,20.18%,960xx,CA,,0.0
8350.0,2017-04-22,car,,7.88%,336xx,FL,< 1 year,0.0
15000.0,2017-04-22,Debt consolidation,653.0,42.41%,146xx,NY,< 1 year,0.0
2500.0,2017-04-22,Home improvement,524.0,0%,409xx,KY,< 1 year,0.0
30000.0,2017-04-23,Business Loan,,-1%,223xx,VA,< 1 year,0.0
1000.0,2017-04-23,other,,12.09%,940xx,CA,5 years,0.0
40000.0,2017-04-23,Credit card refinancing,673.0,58.83%,567xx,MN,< 1 year,0.0
50000.0,2017-04-23,Business Loan,,-1%,985xx,WA,< 1 year,2.0
10000.0,2017-04-23,debt_consolidation,,55.27%,473xx,IN,< 1 year,0.0
5000.0,2017-04-23,other,,9999%,100xx,NY,< 1 year,0.0
6000.0,2017-04-23,Home improvement,606.0,10.61%,393xx,MS,< 1 year,0.0
5500.0,2017-04-23,other,,69.41%,906xx,CA,< 1 year,0.0
10000.0,2017-04-24,credit_card,,69.19%,330xx,FL,< 1 year,0.0
26000.0,2017-04-24,debt_consolidation,,37.17%,158xx,PA,5 years,0.0
12000.0,2017-04-24,Debt consolidation,690.0,11.87%,368xx,AL,,0.0
6000.0,2017-04-25,major_purchase,,3.33%,458xx,OH,< 1 year,0.0
2000.0,2017-04-25,debt_consolidation,,-1%,853xx,AZ,< 1 year,0.0
3000.0,2017-04-25,Other,743.0,26.88%,301xx,GA,< 1 year,0.0
5000.0,2017-04-25,moving,,14.24%,436xx,OH,< 1 year,0.0
20000.0,2017-04-25,home_improvement,,6.04%,751xx,TX,5 years,0.0
10000.0,2017-04-25,Debt consolidation,616.0,14.21%,891xx,NV,< 1 year,0.0
5500.0,2017-04-25,Moving and relocation,634.0,16.55%,945xx,CA,< 1 year,0.0
5000.0,2017-04-26,Debt consolidation,710.0,32.88%,104xx,NY,7 years,0.0
5000.0,2017-04-26,Credit card refinancing,573.0,14.16%,600xx,IL,< 1 year,0.0
10000.0,2017-04-26,debt_consolidation,,47.57%,874xx,NM,< 1 year,0.0
5000.0,2017-04-26,Debt consolidation,602.0,12.05%,775xx,TX,< 1 year,0.0
40000.0,2017-04-26,Debt consolidation,,20.45%,115xx,NY,10+ years,0.0
3500.0,2017-04-26,Debt consolidation,612.0,240.19%,774xx,TX,< 1 year,0.0
1000.0,2017-04-26,Other,,100%,212xx,MD,< 1 year,0.0
200000.0,2017-04-26,Business Loan,,-1%,838xx,ID,< 1 year,0.0
8000.0,2017-04-26,Business,,20.66%,294xx,SC,< 1 year,0.0
6500.0,2017-04-26,debt_consolidation,,11.85%,770xx,TX,< 1 year,0.0
1000.0,2017-04-26,other,634.0,0%,913xx,CA,5 years,0.0
8200.0,2017-04-26,debt_consolidation,,2.72%,212xx,MD,5 years,0.0
2000.0,2017-04-27,Home improvement,501.0,362.4%,313xx,GA,< 1 year,0.0
5000.0,2017-04-27,home_improvement,,53.6%,170xx,PA,5 years,0.0
1000.0,2017-04-27,Other,616.0,468.05%,954xx,CA,< 1 year,0.0
5000.0,2017-04-27,Other,678.0,7.54%,112xx,NY,< 1 year,0.0
5000.0,2017-04-27,small_business,,17.34%,335xx,FL,5 years,0.0
20000.0,2017-04-27,Debt consolidation,613.0,60.29%,322xx,FL,< 1 year,0.0
5000.0,2017-04-27,Business,545.0,0.54%,025xx,MA,< 1 year,0.0
13000.0,2017-04-28,debt_consolidation,,55.7%,671xx,KS,< 1 year,0.0
15000.0,2017-04-28,Credit card refinancing,750.0,32.93%,922xx,CA,< 1 year,0.0
25000.0,2017-04-28,Debt consolidation,681.0,33.5%,021xx,MA,< 1 year,0.0
2000.0,2017-04-28,Debt consolidation,603.0,4.6%,606xx,IL,< 1 year,0.0
2000.0,2017-04-28,medical,,3.22%,197xx,DE,5 years,0.0
7400.0,2017-04-28,Credit card refinancing,672.0,12.55%,117xx,NY,< 1 year,0.0
14000.0,2017-04-29,debt_consolidation,,24.97%,444xx,OH,< 1 year,0.0
5000.0,2017-04-29,Debt consolidation,678.0,45.67%,185xx,PA,< 1 year,0.0
1000.0,2017-04-29,moving,,18.34%,919xx,CA,5 years,0.0
9150.0,2017-04-29,Car financing,750.0,100%,871xx,NM,< 1 year,0.0
1000.0,2017-04-30,other,627.0,0.82%,296xx,SC,5 years,0.0
7500.0,2017-04-30,Debt consolidation,612.0,30.3%,313xx,GA,< 1 year,0.0
20000.0,2017-04-30,debt_consolidation,,-1%,950xx,CA,< 1 year,0.0
1900.0,2017-05-01,other,,42.49%,831xx,WY,5 years,0.0
10000.0,2017-05-01,debt_consolidation,640.0,54.67%,553xx,MN,5 years,0.0
4000.0,2017-05-01,Credit card refinancing,620.0,16.41%,782xx,TX,< 1 year,0.0
20000.0,2017-05-01,Debt consolidation,662.0,18.51%,033xx,NH,< 1 year,0.0
10000.0,2017-05-01,debt_consolidation,,41.93%,125xx,NY,,0.0
40000.0,2017-05-01,other,,-1%,232xx,VA,< 1 year,0.0
3000.0,2017-05-01,Debt consolidation,596.0,15.41%,890xx,NV,< 1 year,0.0
2000.0,2017-05-01,Debt consolidation,643.0,20.92%,786xx,TX,< 1 year,0.0
5000.0,2017-05-01,debt_consolidation,,19.58%,932xx,CA,< 1 year,0.0
40000.0,2017-05-01,Debt consolidation,672.0,21.82%,208xx,MD,< 1 year,0.0
6000.0,2017-05-02,Debt consolidation,657.0,27.78%,755xx,TX,< 1 year,0.0
9150.0,2017-05-02,Debt consolidation,686.0,25.64%,913xx,CA,< 1 year,0.0
5000.0,2017-05-02,Debt consolidation,594.0,23.76%,840xx,UT,< 1 year,0.0
20000.0,2017-05-02,debt_consolidation,,21.05%,921xx,CA,< 1 year,0.0
9700.0,2017-05-02,Car financing,635.0,100%,906xx,CA,< 1 year,0.0
2000.0,2017-05-02,Debt consolidation,,28.68%,283xx,NC,10+ years,0.0
10000.0,2017-05-02,Debt consolidation,641.0,15.12%,328xx,FL,< 1 year,0.0
29000.0,2017-05-02,home_improvement,,-1%,275xx,NC,5 years,0.0
35000.0,2017-05-02,debt_consolidation,,2.93%,594xx,MT,< 1 year,0.0
8000.0,2017-05-03,Debt consolidation,554.0,3.31%,926xx,CA,< 1 year,0.0
5000.0,2017-05-03,home_improvement,,1.41%,330xx,FL,< 1 year,0.0
1000.0,2017-05-03,Debt consolidation,521.0,0.27%,191xx,PA,< 1 year,0.0
5000.0,2017-05-03,Other,,11.74%,636xx,MO,,0.0
10000.0,2017-05-03,major_purchase,,133.73%,300xx,GA,< 1 year,0.0
3000.0,2017-05-04,other,,8.47%,549xx,WI,< 1 year,0.0
1000.0,2017-05-04,Home improvement,,38.19%,813xx,CO,10+ years,2.0
20000.0,2017-05-04,Debt consolidation,684.0,17.96%,770xx,TX,< 1 year,0.0
35000.0,2017-05-05,debt_consolidation,,19.25%,985xx,WA,< 1 year,0.0
5000.0,2017-05-05,Debt consolidation,620.0,18.24%,173xx,PA,< 1 year,0.0
1200.0,2017-05-05,major_purchase,,0.29%,111xx,NY,,0.0
5000.0,2017-05-05,other,,2.42%,180xx,PA,< 1 year,0.0
35000.0,2017-05-05,Debt consolidation,646.0,45.09%,302xx,GA,< 1 year,0.0
10000.0,2017-05-05,debt_consolidation,,6.45%,011xx,MA,< 1 year,0.0
25000.0,2017-05-05,other,,9999%,890xx,NV,< 1 year,0.0
3000.0,2017-05-05,Medical expenses,677.0,9.11%,553xx,MN,< 1 year,0.0
20000.0,2017-05-06,credit_card,,57.87%,272xx,NC,5 years,0.0
40000.0,2017-05-06,debt_consolidation,,0%,900xx,CA,< 1 year,0.0
40000.0,2017-05-07,Debt consolidation,586.0,36.76%,430xx,OH,< 1 year,0.0
20000.0,2017-05-07,Debt consolidation,565.0,40.95%,484xx,MI,< 1 year,0.0
30000.0,2017-05-07,major_purchase,,11.37%,706xx,LA,< 1 year,0.0
40000.0,2017-05-07,Car financing,693.0,47.51%,313xx,GA,< 1 year,0.0
5000.0,2017-05-07,credit_card,,-1%,190xx,PA,5 years,0.0
3000.0,2017-05-08,Other,574.0,19.98%,498xx,MI,< 1 year,0.0
20000.0,2017-05-08,debt_consolidation,,24.89%,366xx,AL,< 1 year,0.0
8000.0,2017-05-08,Debt consolidation,650.0,20.03%,314xx,GA,< 1 year,0.0
18825.0,2017-05-08,Car financing,650.0,100%,760xx,TX,< 1 year,0.0
20000.0,2017-05-08,Debt consolidation,659.0,27.13%,773xx,TX,< 1 year,0.0
10000.0,2017-05-08,debt_consolidation,,13.4%,328xx,FL,< 1 year,0.0
2000.0,2017-05-08,Medical expenses,563.0,11.6%,290xx,SC,< 1 year,0.0
10000.0,2017-05-08,debt_consolidation,,43.89%,325xx,FL,< 1 year,0.0
25000.0,2017-05-08,Debt consolidation,577.0,53%,784xx,TX,< 1 year,0.0
30000.0,2017-05-08,other,,2.21%,972xx,OR,5 years,0.0
25000.0,2017-05-08,medical,,41.58%,970xx,OR,5 years,0.0
2000.0,2017-05-08,Vacation,584.0,0%,080xx,NJ,< 1 year,0.0
10000.0,2017-05-09,Debt consolidation,646.0,8.79%,708xx,LA,< 1 year,0.0
5000.0,2017-05-09,other,,22.1%,812xx,CO,5 years,0.0
2000.0,2017-05-09,moving,,12.64%,190xx,PA,5 years,0.0
5000.0,2017-05-09,other,,9.04%,490xx,MI,5 years,0.0
30000.0,2017-05-09,Business,763.0,4.39%,920xx,CA,< 1 year,0.0
15000.0,2017-05-10,Moving and relocation,715.0,10.39%,080xx,NJ,< 1 year,0.0
8925.0,2017-05-10,debt_consolidation,,13.7%,930xx,CA,< 1 year,0.0
25000.0,2017-05-10,other,,1.17%,327xx,FL,5 years,0.0
10000.0,2017-05-11,debt_consolidation,,38.7%,786xx,TX,< 1 year,0.0
30000.0,2017-05-11,major_purchase,,29.92%,761xx,TX,5 years,0.0
10000.0,2017-05-11,Credit card refinancing,622.0,52.53%,391xx,MS,< 1 year,0.0
5000.0,2017-05-11,Debt consolidation,590.0,51.52%,606xx,IL,< 1 year,0.0
10000.0,2017-05-11,Debt consolidation,653.0,42.37%,958xx,CA,< 1 year,0.0
2000.0,2017-05-11,home_improvement,707.0,0%,537xx,WI,5 years,0.0
1000.0,2017-05-12,debt_consolidation,,1%,917xx,CA,,0.0
15000.0,2017-05-12,debt_consolidation,,44.9%,049xx,ME,< 1 year,0.0
40000.0,2017-05-12,Debt consolidation,,100%,057xx,VT,< 1 year,0.0
20000.0,2017-05-13,debt_consolidation,,-1%,982xx,WA,< 1 year,0.0
20000.0,2017-05-13,debt_consolidation,,18.04%,193xx,PA,< 1 year,0.0
3000.0,2017-05-13,Debt consolidation,742.0,19.55%,350xx,AL,< 1 year,0.0
20000.0,2017-05-13,Home improvement,630.0,26.8%,160xx,PA,< 1 year,0.0
4000.0,2017-05-13,debt_consolidation,,2.96%,760xx,TX,< 1 year,0.0
12500.0,2017-05-13,Debt consolidation,678.0,33.2%,020xx,MA,< 1 year,0.0
5000.0,2017-05-15,Credit card refinancing,560.0,62.07%,730xx,OK,< 1 year,0.0
15000.0,2017-05-15,Debt consolidation,,-1%,197xx,DE,< 1 year,0.0
5000.0,2017-05-15,Debt consolidation,596.0,16.34%,104xx,NY,< 1 year,0.0
20000.0,2017-05-15,Debt consolidation,612.0,24.46%,923xx,CA,< 1 year,0.0
7500.0,2017-05-15,major_purchase,,10.08%,396xx,MS,5 years,0.0
5000.0,2017-05-15,other,,5.73%,441xx,OH,1 year,0.0
1500.0,2017-05-15,other,,23.33%,852xx,AZ,5 years,0.0
7000.0,2017-05-15,car,,14.56%,456xx,OH,< 1 year,0.0
30000.0,2017-05-16,other,,41.19%,717xx,AR,,0.0
39575.0,2017-05-16,Debt consolidation,747.0,41.74%,285xx,NC,,2.0
20000.0,2017-05-16,other,,30.64%,303xx,GA,,0.0
35000.0,2017-05-16,credit_card,,32.81%,337xx,FL,5 years,0.0
1600.0,2017-05-16,other,,1.54%,902xx,CA,4 years,0.0
2000.0,2017-05-16,other,,21.48%,276xx,NC,< 1 year,0.0
3000.0,2017-05-16,other,,21.34%,124xx,NY,< 1 year,0.0
25000.0,2017-05-16,Debt consolidation,687.0,55.26%,451xx,OH,< 1 year,0.0
35000.0,2017-05-16,debt_consolidation,,30.87%,287xx,NC,< 1 year,0.0
5000.0,2017-05-17,Home improvement,634.0,15.14%,207xx,MD,< 1 year,0.0
2500.0,2017-05-17,Debt consolidation,573.0,8.83%,919xx,CA,< 1 year,0.0
1000.0,2017-05-17,other,573.0,1.26%,084xx,NJ,1 year,0.0
25000.0,2017-05-17,Debt consolidation,712.0,33.39%,074xx,NJ,< 1 year,0.0
2500.0,2017-05-17,Home improvement,585.0,0%,212xx,MD,< 1 year,0.0
40000.0,2017-05-17,major_purchase,,12.76%,019xx,MA,< 1 year,0.0
10000.0,2017-05-17,debt_consolidation,,13.07%,731xx,OK,< 1 year,0.0
5000.0,2017-05-18,other,,14.55%,606xx,CA,5 years,0.0
50000.0,2017-05-18,Business Loan,,-1%,782xx,TX,< 1 year,0.0
5000.0,2017-05-18,Medical expenses,550.0,0.88%,351xx,AL,< 1 year,0.0
2000.0,2017-05-18,Debt consolidation,658.0,49.4%,482xx,MI,< 1 year,0.0
6000.0,2017-05-18,Credit card refinancing,711.0,7.94%,113xx,NY,< 1 year,0.0
5000.0,2017-05-18,medical,,14.95%,228xx,VA,5 years,0.0
15000.0,2017-05-19,Debt consolidation,571.0,37.73%,191xx,PA,6 years,0.0
10000.0,2017-05-19,Debt consolidation,,33.55%,804xx,CO,< 1 year,0.0
15000.0,2017-05-19,other,,15.68%,606xx,IL,< 1 year,0.0
10000.0,2017-05-19,debt_consolidation,,8.46%,961xx,CA,< 1 year,0.0
20000.0,2017-05-19,Debt consolidation,654.0,1.68%,840xx,UT,< 1 year,0.0
20000.0,2017-05-19,Credit card refinancing,,100%,799xx,TX,< 1 year,0.0
10000.0,2017-05-19,Debt consolidation,545.0,33.5%,923xx,CA,< 1 year,0.0
10000.0,2017-05-20,Moving and relocation,655.0,23.91%,490xx,MI,< 1 year,0.0
7000.0,2017-05-20,Debt consolidation,632.0,4.86%,932xx,CA,< 1 year,0.0
20000.0,2017-05-20,Debt consolidation,679.0,5.54%,287xx,NC,1 year,0.0
6000.0,2017-05-20,credit_card,,16.41%,377xx,TN,5 years,0.0
20000.0,2017-05-21,debt_consolidation,,31.67%,486xx,MI,< 1 year,0.0
40000.0,2017-05-21,other,,27.87%,322xx,FL,,0.0
10000.0,2017-05-21,credit_card,,15.51%,722xx,AR,5 years,0.0
2000.0,2017-05-21,debt_consolidation,,46.01%,071xx,NJ,< 1 year,0.0
3000.0,2017-05-22,other,,0%,081xx,MO,,0.0
6000.0,2017-05-22,Debt consolidation,675.0,6.06%,087xx,NJ,< 1 year,0.0
5000.0,2017-05-22,debt_consolidation,,3.38%,190xx,PA,< 1 year,0.0
1700.0,2017-05-22,Home improvement,707.0,25.82%,785xx,TX,10+ years,0.0
15000.0,2017-05-22,Debt consolidation,570.0,42.88%,013xx,MA,< 1 year,0.0
6000.0,2017-05-22,Major purchase,646.0,12.52%,933xx,CA,,0.0
2500.0,2017-05-22,car,,5.25%,153xx,PA,1 year,0.0
15000.0,2017-05-22,Home improvement,710.0,23.64%,125xx,NY,< 1 year,0.0
36000.0,2017-05-22,Home buying,,-1%,441xx,OH,< 1 year,0.0
8000.0,2017-05-22,debt_consolidation,,10.28%,411xx,KY,5 years,0.0
20000.0,2017-05-22,Debt consolidation,739.0,2.14%,243xx,VA,< 1 year,0.0
10000.0,2017-05-22,credit_card,,2.31%,112xx,NY,5 years,0.0
10000.0,2017-05-23,Home improvement,576.0,29.22%,378xx,TN,< 1 year,0.0
40000.0,2017-05-23,debt_consolidation,,-1%,275xx,NC,< 1 year,0.0
1500.0,2017-05-23,moving,,18.21%,283xx,NC,,0.0
3500.0,2017-05-23,debt_consolidation,,7.8%,453xx,OH,5 years,0.0
1000.0,2017-05-23,moving,567.0,0%,441xx,OH,2 years,0.0
7000.0,2017-05-23,Major purchase,722.0,26.23%,446xx,OH,< 1 year,0.0
10000.0,2017-05-23,Credit card refinancing,678.0,19.2%,914xx,CA,10+ years,0.0
20000.0,2017-05-23,Business,612.0,28.28%,787xx,TX,< 1 year,0.0
5000.0,2017-05-23,other,,29.96%,953xx,CA,5 years,0.0
15000.0,2017-05-24,Debt consolidation,578.0,123.67%,313xx,GA,< 1 year,0.0
30000.0,2017-05-24,Credit card refinancing,,100%,481xx,MI,< 1 year,0.0
1500.0,2017-05-24,vacation,,8.59%,086xx,NJ,5 years,0.0
5000.0,2017-05-24,debt_consolidation,,-1%,386xx,MS,5 years,0.0
2500.0,2017-05-24,Debt consolidation,670.0,25.89%,216xx,MD,< 1 year,0.0
1000.0,2017-05-24,Medical expenses,540.0,25.62%,670xx,KS,< 1 year,0.0
5000.0,2017-05-24,Debt consolidation,511.0,39.17%,786xx,TX,< 1 year,0.0
20000.0,2017-05-24,Home improvement,644.0,47.35%,705xx,LA,< 1 year,0.0
10000.0,2017-05-24,Debt consolidation,646.0,3.42%,100xx,NY,< 1 year,0.0
30000.0,2017-05-24,Credit card refinancing,639.0,271.24%,070xx,NJ,< 1 year,0.0
15000.0,2017-05-24,Debt consolidation,649.0,21.68%,721xx,AR,< 1 year,0.0
10000.0,2017-05-24,debt_consolidation,,6.63%,330xx,FL,< 1 year,0.0
9000.0,2017-05-24,car,,16.13%,956xx,CA,1 year,0.0
4000.0,2017-05-25,car,,18.34%,701xx,LA,< 1 year,0.0
10000.0,2017-05-25,debt_consolidation,,8.8%,850xx,AZ,5 years,0.0
18000.0,2017-05-25,Debt consolidation,588.0,27.45%,631xx,MO,< 1 year,0.0
35000.0,2017-05-25,home_improvement,,15.88%,330xx,FL,5 years,0.0
20000.0,2017-05-25,Debt consolidation,660.0,12.23%,021xx,MA,< 1 year,0.0
10000.0,2017-05-25,debt_consolidation,,6.49%,912xx,CA,5 years,0.0
2500.0,2017-05-26,medical,,17.25%,959xx,CA,,0.0
25000.0,2017-05-27,debt_consolidation,,57.99%,891xx,NV,,0.0
2000.0,2017-05-27,other,,0.31%,402xx,KY,< 1 year,0.0
20000.0,2017-05-27,Credit card refinancing,639.0,32.48%,534xx,WI,< 1 year,0.0
15000.0,2017-05-28,house,,6.1%,531xx,WI,5 years,0.0
10500.0,2017-05-28,major_purchase,,0%,381xx,TN,,0.0
1000.0,2017-05-28,debt_consolidation,,8.41%,752xx,TX,5 years,0.0
30000.0,2017-05-28,debt_consolidation,,45.51%,326xx,FL,< 1 year,0.0
30000.0,2017-05-28,Business,701.0,21.7%,605xx,IL,< 1 year,0.0
10000.0,2017-05-28,Business,618.0,29.25%,280xx,NC,< 1 year,0.0
6000.0,2017-05-28,Debt consolidation,677.0,9.32%,010xx,MA,8 years,0.0
40000.0,2017-05-29,Debt consolidation,735.0,13.72%,112xx,NY,< 1 year,0.0
8000.0,2017-05-29,other,,9.56%,114xx,NY,< 1 year,0.0
35000.0,2017-05-29,Business,628.0,57.68%,047xx,ME,< 1 year,0.0
40000.0,2017-05-29,debt_consolidation,,11.18%,670xx,KS,< 1 year,0.0
20000.0,2017-05-29,home_improvement,,28.64%,653xx,MO,,0.0
5000.0,2017-05-29,Debt consolidation,679.0,52.52%,136xx,NY,< 1 year,0.0
8000.0,2017-05-29,major_purchase,,0%,331xx,FL,5 years,0.0
10000.0,2017-05-29,debt_consolidation,,9999%,657xx,MO,< 1 year,0.0
15000.0,2017-05-29,debt_consolidation,,14.09%,234xx,VA,< 1 year,0.0
1000.0,2017-05-29,Other,,100%,403xx,IN,< 1 year,0.0
5000.0,2017-05-30,debt_consolidation,,507.69%,112xx,NY,< 1 year,0.0
3000.0,2017-05-30,Other,637.0,32.71%,713xx,LA,< 1 year,0.0
20000.0,2017-05-30,Debt consolidation,647.0,58.38%,278xx,NC,< 1 year,0.0
250000.0,2017-05-30,Business Loan,,-1%,775xx,TX,< 1 year,0.0
5000.0,2017-05-30,credit_card,,33.33%,913xx,CA,5 years,0.0
25000.0,2017-05-30,debt_consolidation,,-1%,900xx,CA,< 1 year,0.0
5000.0,2017-05-30,medical,,8.35%,751xx,TX,2 years,0.0
20000.0,2017-05-30,debt_consolidation,,31.67%,810xx,CO,< 1 year,0.0
10000.0,2017-05-30,Home improvement,615.0,14.74%,913xx,CA,< 1 year,0.0
20000.0,2017-05-30,credit_card,,43.71%,774xx,TX,< 1 year,0.0
25000.0,2017-05-30,medical,,51.26%,070xx,NJ,< 1 year,0.0
3000.0,2017-05-31,Credit card refinancing,600.0,8.88%,104xx,NY,< 1 year,0.0
10000.0,2017-05-31,other,,0.14%,228xx,VA,,0.0
5000.0,2017-05-31,major_purchase,,1.19%,773xx,TX,5 years,0.0
20000.0,2017-05-31,major_purchase,,39.01%,700xx,LA,< 1 year,0.0
10000.0,2017-05-31,other,,0%,840xx,UT,4 years,0.0
28000.0,2017-05-31,debt_consolidation,,-1%,443xx,OH,5 years,0.0
40000.0,2017-05-31,debt_consolidation,,-1%,210xx,MD,< 1 year,0.0
3000.0,2017-05-31,Debt consolidation,632.0,43.67%,841xx,UT,< 1 year,0.0
9875.0,2017-06-01,Car financing,597.0,100%,926xx,CA,< 1 year,0.0
11500.0,2017-06-01,Debt consolidation,,26.5%,784xx,TX,1 year,0.0
20000.0,2017-06-01,Major purchase,733.0,1.77%,740xx,OK,< 1 year,0.0
6000.0,2017-06-01,car,,1.46%,780xx,TX,< 1 year,0.0
15000.0,2017-06-01,Debt consolidation,598.0,41.7%,750xx,TX,< 1 year,0.0
2000.0,2017-06-01,debt_consolidation,,-1%,125xx,NY,,0.0
15000.0,2017-06-01,debt_consolidation,,27.6%,782xx,TX,< 1 year,0.0
7000.0,2017-06-01,other,,0.36%,191xx,PA,< 1 year,0.0
40000.0,2017-06-02,Debt consolidation,581.0,19.01%,074xx,NJ,< 1 year,0.0
3000.0,2017-06-02,car,,1.71%,532xx,WI,< 1 year,0.0
1000.0,2017-06-02,Credit card refinancing,696.0,5.44%,891xx,NV,< 1 year,0.0
20000.0,2017-06-02,other,,6.71%,937xx,CA,< 1 year,0.0
15500.0,2017-06-03,other,,-1%,272xx,NC,,0.0
18500.0,2017-06-03,debt_consolidation,,0.13%,908xx,CA,< 1 year,0.0
35000.0,2017-06-03,debt_consolidation,,84.97%,773xx,TX,5 years,0.0
10000.0,2017-06-04,debt_consolidation,,18.92%,380xx,TN,< 1 year,0.0
30000.0,2017-06-04,other,,14.49%,488xx,MI,< 1 year,0.0
10000.0,2017-06-04,debt_consolidation,,22.85%,373xx,TN,< 1 year,0.0
6000.0,2017-06-04,Other,661.0,10.49%,560xx,MN,4 years,0.0
1500.0,2017-06-05,Car financing,552.0,0%,441xx,OH,< 1 year,0.0
11925.0,2017-06-05,Car financing,579.0,100%,908xx,CA,< 1 year,0.0
2000.0,2017-06-05,debt_consolidation,,14.09%,727xx,AR,,0.0
1000.0,2017-06-05,Car financing,593.0,62.94%,224xx,VA,< 1 year,0.0
2000.0,2017-06-05,Debt consolidation,614.0,20.13%,029xx,RI,< 1 year,0.0
15000.0,2017-06-05,Major purchase,529.0,4.01%,273xx,NC,< 1 year,0.0
30000.0,2017-06-05,home_improvement,,57.99%,925xx,CA,,0.0
15000.0,2017-06-05,Home improvement,648.0,13.92%,776xx,TX,< 1 year,0.0
13000.0,2017-06-05,Debt consolidation,636.0,43.32%,380xx,TN,< 1 year,0.0
12000.0,2017-06-05,debt_consolidation,,22.18%,782xx,TX,5 years,0.0
25000.0,2017-06-05,major_purchase,,24.76%,206xx,MD,< 1 year,0.0
5000.0,2017-06-05,other,,10.68%,945xx,CA,5 years,0.0
40000.0,2017-06-05,debt_consolidation,,67.09%,724xx,AR,< 1 year,0.0
2400.0,2017-06-06,debt_consolidation,,44.35%,662xx,KS,< 1 year,0.0
16000.0,2017-06-06,debt_consolidation,,29.32%,080xx,NJ,< 1 year,0.0
2000.0,2017-06-06,debt_consolidation,,45.62%,724xx,AR,< 1 year,0.0
20000.0,2017-06-06,Debt consolidation,665.0,12.92%,631xx,MO,< 1 year,0.0
20000.0,2017-06-06,credit_card,,32.36%,531xx,WI,< 1 year,0.0
30000.0,2017-06-06,debt_consolidation,,56.18%,614xx,IL,< 1 year,0.0
1200.0,2017-06-06,Other,629.0,6.75%,532xx,WI,< 1 year,0.0
6000.0,2017-06-06,debt_consolidation,,15.66%,347xx,FL,5 years,0.0
3000.0,2017-06-07,other,,4.88%,103xx,NY,1 year,0.0
2500.0,2017-06-07,Medical expenses,,100%,295xx,SC,< 1 year,0.0
4000.0,2017-06-07,Credit card refinancing,582.0,23.23%,728xx,AR,< 1 year,0.0
20000.0,2017-06-07,debt_consolidation,,13.25%,233xx,VA,< 1 year,0.0
15000.0,2017-06-07,debt_consolidation,,18.42%,322xx,FL,< 1 year,0.0
30000.0,2017-06-07,small_business,,0.43%,292xx,SC,< 1 year,0.0
40000.0,2017-06-07,debt_consolidation,,9999%,105xx,NY,< 1 year,0.0
3000.0,2017-06-07,Moving and relocation,576.0,3.73%,923xx,CA,< 1 year,0.0
23600.0,2017-06-08,Credit card refinancing,692.0,17.45%,027xx,MA,< 1 year,0.0
1000.0,2017-06-08,other,,6.52%,710xx,LA,5 years,0.0
8000.0,2017-06-08,debt_consolidation,,18.77%,870xx,NM,< 1 year,0.0
27750.0,2017-06-08,Credit card refinancing,,13.92%,105xx,NY,10+ years,0.0
40000.0,2017-06-08,debt_consolidation,,-1%,922xx,CA,< 1 year,0.0
6500.0,2017-06-08,debt_consolidation,,48.54%,986xx,WA,< 1 year,0.0
4000.0,2017-06-08,Major purchase,,0%,719xx,AR,< 1 year,0.0
40000.0,2017-06-08,Debt consolidation,699.0,19.14%,689xx,NE,6 years,0.0
5000.0,2017-06-08,major_purchase,,10.87%,958xx,CA,5 years,0.0
10000.0,2017-06-09,Other,704.0,4.27%,945xx,CA,< 1 year,0.0
15000.0,2017-06-09,Debt consolidation,842.0,42.2%,194xx,PA,< 1 year,0.0
20000.0,2017-06-09,Debt consolidation,612.0,25.92%,105xx,NY,< 1 year,0.0
40000.0,2017-06-09,Debt consolidation,636.0,68.24%,295xx,SC,< 1 year,0.0
25000.0,2017-06-09,debt_consolidation,,-1%,906xx,CA,< 1 year,0.0
30000.0,2017-06-09,Home improvement,646.0,47.95%,361xx,AL,< 1 year,0.0
1500.0,2017-06-10,Other,663.0,57.32%,234xx,VA,< 1 year,0.0
3000.0,2017-06-10,other,,27.83%,380xx,TN,1 year,0.0
35000.0,2017-06-10,home_improvement,,1.01%,641xx,MO,5 years,0.0
8000.0,2017-06-10,debt_consolidation,,-1%,276xx,NC,5 years,0.0
10000.0,2017-06-10,Home improvement,679.0,10.19%,940xx,CA,< 1 year,0.0
10000.0,2017-06-10,debt_consolidation,,443%,972xx,OR,< 1 year,0.0
20000.0,2017-06-11,Debt consolidation,,17.98%,853xx,AZ,,0.0
11700.0,2017-06-11,Debt consolidation,606.0,9.26%,361xx,AL,< 1 year,0.0
35000.0,2017-06-11,Debt consolidation,,2.51%,890xx,NV,4 years,0.0
2000.0,2017-06-11,debt_consolidation,558.0,0%,386xx,MS,,0.0
5000.0,2017-06-11,debt_consolidation,,12.17%,323xx,FL,5 years,0.0
35000.0,2017-06-11,Debt consolidation,550.0,424.45%,973xx,OR,< 1 year,0.0
15000.0,2017-06-12,home_improvement,,21.48%,300xx,GA,< 1 year,0.0
1000.0,2017-06-12,Other,,100%,356xx,AL,< 1 year,0.0
20000.0,2017-06-12,debt_consolidation,,38.75%,802xx,CO,5 years,0.0
1000.0,2017-06-12,Vacation,606.0,42.54%,891xx,NV,< 1 year,0.0
4000.0,2017-06-12,Credit card refinancing,,27.94%,137xx,NY,5 years,0.0
5000.0,2017-06-13,credit_card,,42.2%,570xx,SD,< 1 year,0.0
7000.0,2017-06-13,debt_consolidation,,-1%,923xx,CA,< 1 year,0.0
30000.0,2017-06-13,home_improvement,,1.58%,639xx,MO,,0.0
2000.0,2017-06-13,other,,0%,631xx,MO,< 1 year,0.0
1000.0,2017-06-13,Moving and relocation,575.0,1.75%,755xx,TX,< 1 year,0.0
5000.0,2017-06-13,car,,1.71%,945xx,CA,5 years,0.0
55375.0,2017-06-13,Car financing,744.0,100%,981xx,WA,< 1 year,0.0
25000.0,2017-06-13,debt_consolidation,,2259.98%,336xx,FL,< 1 year,0.0
7000.0,2017-06-14,debt_consolidation,,38.36%,630xx,MO,< 1 year,0.0
1500.0,2017-06-14,car,,26.53%,061xx,CT,,0.0
1000.0,2017-06-14,Major purchase,546.0,16.99%,197xx,DE,< 1 year,0.0
11500.0,2017-06-14,Debt consolidation,702.0,9999%,630xx,MO,< 1 year,0.0
10000.0,2017-06-14,Debt consolidation,672.0,44.89%,283xx,NC,< 1 year,0.0
26100.0,2017-06-14,credit_card,,97.2%,785xx,TX,,0.0
30000.0,2017-06-14,Business,664.0,31.52%,358xx,AL,< 1 year,0.0
10000.0,2017-06-14,other,,16.91%,770xx,TX,5 years,0.0
1000.0,2017-06-14,other,,8.36%,890xx,NV,5 years,0.0
10000.0,2017-06-14,Medical expenses,591.0,1.33%,075xx,NJ,< 1 year,0.0
1300.0,2017-06-15,Debt consolidation,564.0,29.56%,112xx,NY,< 1 year,0.0
5000.0,2017-06-15,Credit card refinancing,644.0,35.28%,741xx,OK,< 1 year,0.0
20000.0,2017-06-15,debt_consolidation,,15.47%,820xx,WY,5 years,0.0
15000.0,2017-06-15,debt_consolidation,,31.69%,300xx,GA,< 1 year,0.0
1000.0,2017-06-15,Other,554.0,16.37%,295xx,SC,< 1 year,0.0
1000.0,2017-06-15,debt_consolidation,,8.5%,945xx,CA,5 years,0.0
35000.0,2017-06-15,debt_consolidation,,27.74%,349xx,FL,< 1 year,0.0
35000.0,2017-06-15,house,,56%,283xx,NC,,0.0
7000.0,2017-06-15,debt_consolidation,,7.29%,347xx,FL,< 1 year,0.0
15000.0,2017-06-16,debt_consolidation,,8.11%,469xx,IN,< 1 year,0.0
20000.0,2017-06-16,debt_consolidation,,38.53%,925xx,CA,< 1 year,0.0
10000.0,2017-06-16,debt_consolidation,,12.18%,853xx,AZ,< 1 year,0.0
11000.0,2017-06-17,credit_card,,18.24%,286xx,NC,5 years,0.0
10000.0,2017-06-17,home_improvement,,137.27%,539xx,WI,< 1 year,0.0
2750.0,2017-06-17,credit_card,,-1%,806xx,CO,,0.0
10000.0,2017-06-18,major_purchase,,11.46%,235xx,WA,< 1 year,0.0
13000.0,2017-06-18,credit_card,,-1%,306xx,GA,5 years,0.0
1000.0,2017-06-18,debt_consolidation,,9.23%,785xx,TX,< 1 year,0.0
2775.0,2017-06-18,debt_consolidation,,-1%,331xx,FL,5 years,0.0
10000.0,2017-06-18,home_improvement,,1.95%,134xx,NY,5 years,0.0
2500.0,2017-06-18,other,,87.22%,813xx,CO,2 years,0.0
15000.0,2017-06-19,credit_card,,60.57%,919xx,CA,5 years,0.0
2500.0,2017-06-19,other,,5.47%,691xx,NE,1 year,0.0
15000.0,2017-06-19,Debt consolidation,673.0,31.79%,750xx,TX,< 1 year,0.0
10000.0,2017-06-19,debt_consolidation,,5.18%,078xx,NJ,< 1 year,0.0
15000.0,2017-06-19,Credit card refinancing,579.0,28.59%,439xx,OH,< 1 year,0.0
30000.0,2017-06-19,debt_consolidation,,30.69%,957xx,CA,< 1 year,0.0
9000.0,2017-06-19,Credit card refinancing,608.0,9.26%,983xx,WA,< 1 year,0.0
35000.0,2017-06-19,debt_consolidation,,49.72%,731xx,OK,3 years,0.0
1500.0,2017-06-19,car,,1.27%,874xx,NM,1 year,0.0
4000.0,2017-06-20,debt_consolidation,,9999%,891xx,NV,< 1 year,0.0
11700.0,2017-06-20,Credit card refinancing,,-1%,703xx,LA,< 1 year,0.0
1000.0,2017-06-20,Other,,0%,025xx,MA,< 1 year,0.0
3000.0,2017-06-20,Other,616.0,17.42%,208xx,MD,< 1 year,0.0
1000.0,2017-06-20,Other,741.0,100%,334xx,FL,< 1 year,0.0
7500.0,2017-06-21,Other,628.0,19.45%,347xx,FL,< 1 year,0.0
10000.0,2017-06-21,debt_consolidation,,0%,229xx,VA,5 years,0.0
6000.0,2017-06-21,car,,0%,201xx,VA,1 year,0.0
1000.0,2017-06-21,other,,29.29%,751xx,TX,5 years,0.0
2500.0,2017-06-21,Debt consolidation,506.0,2.6%,336xx,FL,< 1 year,0.0
2500.0,2017-06-21,other,,2.31%,925xx,CA,1 year,0.0
5000.0,2017-06-21,credit_card,,11.94%,206xx,MD,,0.0
8000.0,2017-06-21,Other,634.0,8.62%,335xx,FL,< 1 year,0.0
12000.0,2017-06-21,Debt consolidation,522.0,124.51%,386xx,MS,< 1 year,0.0
15000.0,2017-06-21,Debt consolidation,705.0,23.45%,945xx,CA,< 1 year,0.0
30000.0,2017-06-21,debt_consolidation,,41.17%,293xx,SC,< 1 year,0.0
10000.0,2017-06-21,debt_consolidation,,29.54%,900xx,CA,< 1 year,0.0
1000.0,2017-06-21,car,,6.14%,152xx,PA,1 year,0.0
1000.0,2017-06-22,Debt consolidation,571.0,0.08%,104xx,NY,< 1 year,0.0
5000.0,2017-06-22,other,,354.98%,630xx,MO,5 years,0.0
10000.0,2017-06-22,Home improvement,539.0,9.47%,188xx,PA,< 1 year,0.0
3000.0,2017-06-22,other,,12.8%,940xx,CA,1 year,0.0
5000.0,2017-06-23,other,,23.46%,334xx,FL,< 1 year,0.0
10000.0,2017-06-23,other,,14.4%,103xx,NY,3 years,0.0
10500.0,2017-06-23,Debt consolidation,648.0,30.87%,334xx,FL,< 1 year,0.0
1000.0,2017-06-23,other,,62.31%,129xx,NY,,0.0
35000.0,2017-06-23,debt_consolidation,,-1%,462xx,IN,5 years,0.0
15000.0,2017-06-23,Home buying,676.0,15.87%,330xx,FL,< 1 year,0.0
6000.0,2017-06-23,moving,,47.48%,356xx,AL,3 years,0.0
10000.0,2017-06-23,other,,4.87%,950xx,CA,1 year,0.0
10000.0,2017-06-24,Debt consolidation,593.0,20.63%,020xx,MA,< 1 year,0.0
17000.0,2017-06-24,Debt consolidation,,100%,379xx,TN,< 1 year,0.0
10000.0,2017-06-24,debt_consolidation,,41.83%,030xx,NH,< 1 year,0.0
12000.0,2017-06-24,debt_consolidation,,9999%,787xx,TX,< 1 year,0.0
9000.0,2017-06-24,debt_consolidation,,-1%,770xx,TX,< 1 year,0.0
20000.0,2017-06-25,Debt consolidation,662.0,3.84%,480xx,MI,< 1 year,0.0
5000.0,2017-06-25,Home improvement,668.0,17.19%,100xx,NY,< 1 year,0.0
5000.0,2017-06-25,debt_consolidation,,25.48%,300xx,GA,< 1 year,0.0
4000.0,2017-06-25,Vacation,747.0,8.09%,750xx,TX,< 1 year,0.0
5000.0,2017-06-25,other,,21.03%,065xx,CT,5 years,0.0
8000.0,2017-06-25,Debt consolidation,701.0,15.64%,119xx,NY,< 1 year,0.0
1000.0,2017-06-25,debt_consolidation,,19.47%,440xx,OH,< 1 year,0.0
25000.0,2017-06-25,debt_consolidation,,39.38%,894xx,NV,5 years,0.0
25000.0,2017-06-26,credit_card,,29.67%,785xx,TX,5 years,0.0
22000.0,2017-06-26,car,,-1%,925xx,CA,5 years,0.0
1500.0,2017-06-26,other,,0%,297xx,SC,1 year,0.0
6500.0,2017-06-26,Debt consolidation,584.0,37.53%,857xx,AZ,< 1 year,0.0
7000.0,2017-06-26,credit_card,,38.06%,928xx,CA,5 years,0.0
30000.0,2017-06-27,Major purchase,783.0,16.73%,150xx,PA,< 1 year,0.0
5200.0,2017-06-27,debt_consolidation,,-1%,954xx,CA,< 1 year,0.0
10000.0,2017-06-27,debt_consolidation,,30.47%,920xx,CA,5 years,0.0
8000.0,2017-06-27,Debt consolidation,690.0,13.81%,070xx,NJ,< 1 year,0.0
25000.0,2017-06-27,home_improvement,,12.16%,488xx,MI,< 1 year,0.0
35000.0,2017-06-27,other,,25.2%,100xx,NY,5 years,0.0
35000.0,2017-06-27,Major purchase,571.0,9999%,871xx,NM,< 1 year,0.0
5000.0,2017-06-27,other,,11.47%,786xx,TX,< 1 year,0.0
20000.0,2017-06-28,debt_consolidation,,37.6%,272xx,NC,5 years,0.0
2000.0,2017-06-28,Credit card refinancing,573.0,11.18%,304xx,GA,< 1 year,0.0
20000.0,2017-06-28,debt_consolidation,,-1%,782xx,TX,< 1 year,0.0
25000.0,2017-06-28,credit_card,,26.76%,145xx,NY,5 years,0.0
10000.0,2017-06-28,Moving and relocation,504.0,6.95%,319xx,GA,< 1 year,0.0
20000.0,2017-06-28,debt_consolidation,,17.52%,787xx,TX,< 1 year,0.0
20000.0,2017-06-28,debt_consolidation,,34.28%,956xx,CA,< 1 year,0.0
30000.0,2017-06-28,home_improvement,,43.91%,631xx,MO,< 1 year,0.0
26000.0,2017-06-28,other,,28.19%,463xx,IN,5 years,0.0
20000.0,2017-06-28,small_business,,3.08%,967xx,HI,5 years,0.0
1000.0,2017-06-28,Other,541.0,15.63%,920xx,CA,< 1 year,0.0
10000.0,2017-06-28,other,,1.55%,672xx,KS,< 1 year,0.0
30425.0,2017-06-29,Car financing,677.0,100%,672xx,KS,< 1 year,0.0
4000.0,2017-06-29,Other,513.0,13.86%,780xx,TX,< 1 year,0.0
1000.0,2017-06-29,debt_consolidation,,4.77%,809xx,CO,5 years,0.0
1000.0,2017-06-29,other,,0%,492xx,MI,,0.0
7000.0,2017-06-29,Other,637.0,16.66%,923xx,CA,< 1 year,0.0
25000.0,2017-06-29,major_purchase,,38.5%,953xx,CA,< 1 year,0.0
35000.0,2017-06-30,Home buying,578.0,2.93%,120xx,NY,< 1 year,0.0
35000.0,2017-06-30,small_business,,1.95%,451xx,OH,2 years,0.0
5000.0,2017-06-30,other,,40.93%,531xx,WI,< 1 year,0.0
5000.0,2017-06-30,vacation,,15.6%,222xx,VA,5 years,0.0
30000.0,2017-06-30,debt_consolidation,,33.92%,285xx,NC,5 years,0.0
13000.0,2017-06-30,Debt consolidation,,100%,970xx,OR,< 1 year,0.0
15000.0,2017-06-30,debt_consolidation,,36%,026xx,MA,5 years,0.0
5000.0,2017-06-30,moving,,15%,660xx,KS,,0.0
10000.0,2016-10-01,debt_consolidation,,25.2%,787xx,TX,5 years,0.0
5000.0,2016-10-01,debt_consolidation,,30.84%,125xx,NY,< 1 year,0.0
24000.0,2016-10-02,car,,10.67%,782xx,TX,5 years,0.0
26000.0,2016-10-02,Major purchase,849.0,0.55%,113xx,NY,< 1 year,0.0
2000.0,2016-10-03,Debt consolidation,501.0,41.09%,945xx,CA,< 1 year,0.0
2000.0,2016-10-03,debt_consolidation,,3.47%,346xx,FL,5 years,0.0
1000.0,2016-10-03,other,,7.58%,063xx,CT,< 1 year,0.0
5000.0,2016-10-03,Home improvement,611.0,20.8%,480xx,MI,< 1 year,0.0
10000.0,2016-10-03,Debt consolidation,682.0,39.44%,728xx,AR,< 1 year,0.0
1000.0,2016-10-03,Other,818.0,13.97%,774xx,TX,2 years,0.0
20000.0,2016-10-03,home_improvement,,8.16%,638xx,MO,5 years,0.0
2000.0,2016-10-03,debt_consolidation,,3.6%,077xx,NJ,< 1 year,0.0
25000.0,2016-10-04,Credit card refinancing,880.0,0.46%,770xx,TX,< 1 year,0.0
16000.0,2016-10-04,credit_card,,39.92%,333xx,FL,< 1 year,0.0
20000.0,2016-10-04,Debt consolidation,587.0,39.14%,956xx,CA,< 1 year,0.0
10000.0,2016-10-04,credit_card,,8.23%,371xx,TN,< 1 year,0.0
1000.0,2016-10-04,other,,19.73%,147xx,NY,5 years,0.0
35000.0,2016-10-04,major_purchase,,48.41%,446xx,OH,5 years,0.0
25000.0,2016-10-04,debt_consolidation,,23.71%,296xx,SC,5 years,0.0
2000.0,2016-10-04,moving,,6.22%,111xx,NY,5 years,0.0
17000.0,2016-10-04,debt_consolidation,,20.8%,453xx,OH,5 years,0.0
12900.0,2016-10-04,car,,9.51%,380xx,TN,5 years,0.0
3000.0,2016-10-05,debt_consolidation,,24.36%,785xx,TX,< 1 year,0.0
20000.0,2016-10-05,Credit card refinancing,634.0,15.74%,180xx,PA,< 1 year,0.0
5000.0,2016-10-05,Credit card refinancing,671.0,44.99%,656xx,MO,< 1 year,0.0
20000.0,2016-10-05,Business,524.0,0%,900xx,CA,< 1 year,0.0
5000.0,2016-10-05,debt_consolidation,,21.61%,770xx,TX,< 1 year,0.0
5000.0,2016-10-05,home_improvement,,12.88%,461xx,IN,5 years,0.0
2000.0,2016-10-05,major_purchase,,27.22%,950xx,CA,< 1 year,0.0
20000.0,2016-10-05,credit_card,,27.21%,894xx,NV,5 years,0.0
5000.0,2016-10-06,Debt consolidation,532.0,3.48%,570xx,SD,< 1 year,0.0
20000.0,2016-10-07,debt_consolidation,,64.78%,457xx,OH,< 1 year,0.0
3000.0,2016-10-07,Debt consolidation,653.0,1.78%,553xx,MN,< 1 year,0.0
10000.0,2016-10-07,Major purchase,,14.71%,757xx,TX,6 years,0.0
5000.0,2016-10-07,debt_consolidation,,27.19%,342xx,FL,< 1 year,0.0
10000.0,2016-10-07,debt_consolidation,,20.88%,368xx,AL,5 years,0.0
5000.0,2016-10-07,debt_consolidation,,20.49%,080xx,NJ,< 1 year,0.0
10000.0,2016-10-08,credit_card,,20.37%,217xx,MD,< 1 year,0.0
40000.0,2016-10-08,vacation,,-1%,228xx,VA,< 1 year,0.0
10000.0,2016-10-09,major_purchase,,0%,479xx,IN,,0.0
4000.0,2016-10-09,Other,501.0,334.99%,811xx,CO,< 1 year,0.0
25000.0,2016-10-09,debt_consolidation,,24.15%,038xx,NH,5 years,0.0
10000.0,2016-10-10,Other,686.0,19.64%,774xx,TX,< 1 year,0.0
10000.0,2016-10-10,Debt consolidation,643.0,26.18%,336xx,FL,< 1 year,0.0
25000.0,2016-10-10,Home improvement,,17.28%,990xx,WA,7 years,0.0
3000.0,2016-10-10,Other,542.0,0.76%,800xx,CO,< 1 year,0.0
15000.0,2016-10-10,car,,-1%,341xx,FL,< 1 year,0.0
25000.0,2016-10-10,Other,706.0,31.14%,773xx,TX,7 years,0.0
30000.0,2016-10-10,other,,42.26%,177xx,PA,,0.0
1000.0,2016-10-11,Major purchase,,100%,331xx,FL,< 1 year,0.0
15000.0,2016-10-11,debt_consolidation,,30.21%,402xx,KY,< 1 year,0.0
5000.0,2016-10-11,home_improvement,,121.79%,191xx,PA,< 1 year,0.0
6500.0,2016-10-11,debt_consolidation,,23.47%,973xx,OR,< 1 year,0.0
2500.0,2016-10-11,debt_consolidation,,16.84%,200xx,DC,< 1 year,0.0
7000.0,2016-10-11,Home improvement,653.0,13.41%,982xx,WA,< 1 year,0.0
10000.0,2016-10-11,Other,648.0,17.35%,427xx,KY,< 1 year,0.0
5000.0,2016-10-11,debt_consolidation,,18.08%,597xx,MT,< 1 year,0.0
6000.0,2016-10-11,debt_consolidation,,60.99%,551xx,MN,< 1 year,0.0
25000.0,2016-10-11,home_improvement,,12.1%,328xx,FL,< 1 year,0.0
10000.0,2016-10-11,credit_card,,91.27%,216xx,MD,< 1 year,0.0
10000.0,2016-10-12,home_improvement,,5.88%,212xx,MD,< 1 year,0.0
1000.0,2016-10-12,other,,0%,338xx,FL,,0.0
20000.0,2016-10-12,home_improvement,,14.46%,479xx,IN,< 1 year,0.0
5000.0,2016-10-12,debt_consolidation,,6%,932xx,CA,5 years,0.0
20000.0,2016-10-12,small_business,,12.03%,316xx,GA,< 1 year,0.0
25000.0,2016-10-13,credit_card,,27.38%,804xx,CO,< 1 year,0.0
20000.0,2016-10-13,debt_consolidation,,35.95%,330xx,FL,< 1 year,0.0
20000.0,2016-10-13,home_improvement,,-1%,773xx,TX,< 1 year,0.0
5000.0,2016-10-14,Debt consolidation,607.0,32.43%,351xx,AL,< 1 year,0.0
2500.0,2016-10-14,other,,3%,104xx,NY,5 years,0.0
20000.0,2016-10-14,other,,20.31%,328xx,FL,,0.0
15000.0,2016-10-14,debt_consolidation,,-1%,066xx,CT,,0.0
2500.0,2016-10-14,Other,651.0,23.91%,631xx,MO,< 1 year,0.0
4000.0,2016-10-14,home_improvement,,-1%,421xx,KY,5 years,0.0
3000.0,2016-10-14,Other,597.0,0.89%,199xx,DE,< 1 year,0.0
3500.0,2016-10-15,car,,59.95%,857xx,AZ,5 years,0.0
7000.0,2016-10-16,other,,22.85%,841xx,UT,5 years,0.0
25000.0,2016-10-16,Home improvement,,100%,770xx,TX,< 1 year,0.0
5000.0,2016-10-17,Credit card refinancing,538.0,17.34%,891xx,NV,< 1 year,0.0
1000.0,2016-10-17,Debt consolidation,619.0,1.25%,344xx,FL,< 1 year,0.0
30000.0,2016-10-17,other,,1.66%,361xx,AL,,0.0
35000.0,2016-10-17,debt_consolidation,,67%,170xx,PA,< 1 year,0.0
15000.0,2016-10-17,debt_consolidation,,-1%,482xx,MI,< 1 year,0.0
8000.0,2016-10-17,debt_consolidation,,48.78%,306xx,GA,< 1 year,0.0
2000.0,2016-10-17,Moving and relocation,647.0,29.96%,447xx,OH,< 1 year,0.0
7000.0,2016-10-17,Debt consolidation,,100%,410xx,KY,< 1 year,0.0
1000.0,2016-10-18,medical,,42.58%,458xx,OH,< 1 year,0.0
3000.0,2016-10-18,other,,188.17%,760xx,TX,< 1 year,0.0
20000.0,2016-10-18,debt_consolidation,,-1%,914xx,CA,5 years,0.0
40000.0,2016-10-18,home_improvement,,19.26%,882xx,NM,< 1 year,0.0
1000.0,2016-10-18,debt_consolidation,,35.95%,236xx,VA,5 years,0.0
8000.0,2016-10-18,Debt consolidation,627.0,29.33%,331xx,FL,3 years,0.0
2000.0,2016-10-18,major_purchase,,8.97%,604xx,IL,5 years,0.0
10000.0,2016-10-18,credit_card,,28.09%,951xx,CA,< 1 year,0.0
20000.0,2016-10-18,home_improvement,,27.35%,360xx,AL,< 1 year,0.0
25000.0,2016-10-18,Home improvement,696.0,23.35%,305xx,GA,< 1 year,0.0
8000.0,2016-10-19,Car financing,588.0,11.84%,554xx,MN,< 1 year,0.0
8000.0,2016-10-19,debt_consolidation,,14.21%,329xx,FL,< 1 year,0.0
2500.0,2016-10-19,Other,531.0,12.02%,327xx,FL,< 1 year,0.0
20000.0,2016-10-19,credit_card,,26.61%,067xx,CT,< 1 year,0.0
10000.0,2016-10-19,Debt consolidation,581.0,29%,467xx,IN,< 1 year,0.0
6000.0,2016-10-19,Business Loan,,-1%,685xx,NE,< 1 year,0.0
10000.0,2016-10-20,debt_consolidation,,18.46%,460xx,IN,< 1 year,0.0
24000.0,2016-10-20,debt_consolidation,,37.72%,970xx,OR,< 1 year,0.0
10000.0,2016-10-20,credit_card,,28.21%,243xx,VA,< 1 year,0.0
12000.0,2016-10-20,other,,29.72%,676xx,KS,< 1 year,0.0
25000.0,2016-10-21,debt_consolidation,,-1%,917xx,CA,< 1 year,0.0
15000.0,2016-10-21,renewable_energy,,-1%,309xx,GA,< 1 year,0.0
10000.0,2016-10-21,Debt consolidation,628.0,48.29%,928xx,CA,< 1 year,0.0
5625.0,2016-10-21,Medical expenses,,100%,941xx,CA,< 1 year,0.0
5500.0,2016-10-22,debt_consolidation,623.0,5.46%,423xx,KY,< 1 year,0.0
25000.0,2016-10-22,debt_consolidation,,26.62%,301xx,GA,< 1 year,0.0
7000.0,2016-10-22,other,,-1%,349xx,FL,< 1 year,0.0
5000.0,2016-10-22,debt_consolidation,,9.63%,358xx,AL,< 1 year,0.0
1500.0,2016-10-22,debt_consolidation,,16.84%,346xx,FL,5 years,0.0
3000.0,2016-10-22,other,,16.95%,934xx,CA,5 years,0.0
17000.0,2016-10-23,debt_consolidation,,18.69%,280xx,NC,5 years,0.0
10000.0,2016-10-23,debt_consolidation,,13.64%,802xx,CO,5 years,0.0
4000.0,2016-10-23,Debt consolidation,604.0,20.72%,191xx,PA,< 1 year,0.0
16000.0,2016-10-23,home_improvement,,18.27%,329xx,FL,,0.0
1500.0,2016-10-23,house,,2.31%,300xx,GA,5 years,0.0
5000.0,2016-10-23,Major purchase,606.0,27.3%,631xx,MO,< 1 year,0.0
5000.0,2016-10-24,debt_consolidation,,-1%,207xx,MD,< 1 year,0.0
10000.0,2016-10-24,Debt consolidation,,100%,922xx,CA,< 1 year,0.0
2000.0,2016-10-24,other,,19.65%,950xx,CA,< 1 year,0.0
5500.0,2016-10-24,Home improvement,610.0,6.18%,664xx,KS,< 1 year,0.0
10000.0,2016-10-24,other,,19.25%,705xx,LA,< 1 year,0.0
16000.0,2016-10-24,car,,24.38%,956xx,CA,5 years,0.0
12000.0,2016-10-24,Debt consolidation,692.0,10.56%,932xx,CA,< 1 year,0.0
6500.0,2016-10-24,credit_card,,-1%,628xx,IL,5 years,0.0
7000.0,2016-10-24,debt_consolidation,,4.63%,916xx,CA,< 1 year,0.0
9000.0,2016-10-24,debt_consolidation,,54.49%,018xx,MA,5 years,0.0
1000.0,2016-10-25,debt_consolidation,,47.59%,170xx,PA,< 1 year,0.0
40000.0,2016-10-25,Debt consolidation,668.0,30.42%,727xx,AR,,0.0
5000.0,2016-10-25,other,,0.09%,660xx,KS,5 years,0.0
1000.0,2016-10-25,Other,510.0,7.99%,850xx,AZ,< 1 year,0.0
10000.0,2016-10-25,debt_consolidation,,16.49%,655xx,MO,< 1 year,0.0
30000.0,2016-10-26,debt_consolidation,,-1%,142xx,NY,< 1 year,0.0
4500.0,2016-10-26,Debt consolidation,618.0,37.68%,381xx,TN,< 1 year,0.0
7000.0,2016-10-26,Vacation,629.0,30.79%,840xx,UT,< 1 year,0.0
20000.0,2016-10-26,debt_consolidation,,24.14%,145xx,NY,5 years,0.0
8000.0,2016-10-26,other,,-1%,913xx,CA,5 years,0.0
15000.0,2016-10-27,other,,-1%,283xx,NC,5 years,0.0
7000.0,2016-10-27,Debt consolidation,611.0,23.64%,984xx,WA,< 1 year,0.0
10000.0,2016-10-27,small_business,,7.6%,856xx,AZ,5 years,0.0
10000.0,2016-10-27,Credit card refinancing,702.0,29.27%,591xx,MT,,0.0
35000.0,2016-10-27,Other,654.0,1.84%,959xx,CA,< 1 year,0.0
40000.0,2016-10-27,Debt consolidation,623.0,30.12%,337xx,FL,< 1 year,0.0
1000.0,2016-10-27,Debt consolidation,605.0,1.44%,945xx,CA,< 1 year,0.0
20000.0,2016-10-27,credit_card,,43.11%,141xx,NY,5 years,0.0
1000.0,2016-10-27,other,,60.95%,211xx,MD,< 1 year,0.0
15000.0,2016-10-27,debt_consolidation,,-1%,930xx,CA,5 years,0.0
1000.0,2016-10-28,Moving and relocation,591.0,21.14%,982xx,WA,< 1 year,0.0
2000.0,2016-10-28,other,,-1%,453xx,OH,5 years,0.0
4000.0,2016-10-28,medical,,7.39%,630xx,MO,< 1 year,0.0
20000.0,2016-10-28,Debt consolidation,671.0,452.68%,285xx,NC,< 1 year,0.0
25000.0,2016-10-28,major_purchase,,0%,295xx,SC,5 years,0.0
15000.0,2016-10-28,vacation,,3.41%,980xx,WA,< 1 year,0.0
6500.0,2016-10-28,Credit card refinancing,752.0,37.4%,384xx,TN,< 1 year,0.0
7800.0,2016-10-29,Debt consolidation,,30.63%,186xx,PA,1 year,0.0
15000.0,2016-10-30,Debt consolidation,620.0,53.1%,210xx,MD,< 1 year,0.0
3000.0,2016-10-30,credit_card,,33.35%,197xx,DE,5 years,0.0
1000.0,2016-10-30,home_improvement,,16.46%,774xx,TX,5 years,0.0
2500.0,2016-10-30,other,,32.1%,285xx,NC,5 years,0.0
5000.0,2016-10-31,small_business,,5.44%,191xx,PA,5 years,0.0
20000.0,2016-10-31,debt_consolidation,,-1%,391xx,MS,5 years,0.0
5000.0,2016-10-31,Debt consolidation,501.0,20.01%,980xx,WA,< 1 year,0.0
40000.0,2016-10-31,debt_consolidation,,4.52%,284xx,NC,< 1 year,0.0
10000.0,2016-10-31,debt_consolidation,,-1%,941xx,CA,5 years,0.0
20000.0,2016-10-31,Credit card refinancing,662.0,19.7%,478xx,IN,< 1 year,0.0
5000.0,2016-10-31,Major purchase,611.0,12.38%,492xx,MI,< 1 year,0.0
10000.0,2016-10-31,Debt consolidation,687.0,6%,571xx,SD,< 1 year,0.0
5000.0,2016-10-31,Debt consolidation,577.0,28.35%,577xx,SD,< 1 year,0.0
9000.0,2016-11-01,home_improvement,,17.78%,112xx,NY,< 1 year,0.0
20000.0,2016-11-01,debt_consolidation,,63.3%,750xx,TX,< 1 year,0.0
2500.0,2016-11-01,other,,2.72%,727xx,AR,5 years,0.0
4800.0,2016-11-01,credit_card,569.0,53.82%,467xx,IN,< 1 year,0.0
10000.0,2016-11-01,Other,608.0,36.94%,104xx,NY,< 1 year,0.0
30000.0,2016-11-01,Debt consolidation,,-1%,376xx,TN,< 1 year,0.0
20000.0,2016-11-01,credit_card,,30.21%,871xx,NM,,0.0
25000.0,2016-11-02,Moving and relocation,501.0,8.3%,672xx,KS,< 1 year,0.0
10000.0,2016-11-02,debt_consolidation,,38.5%,852xx,AZ,< 1 year,0.0
5000.0,2016-11-02,Debt consolidation,501.0,8.44%,337xx,FL,< 1 year,0.0
8000.0,2016-11-02,debt_consolidation,,35.7%,352xx,AL,< 1 year,0.0
2000.0,2016-11-03,other,,47.51%,559xx,MN,< 1 year,0.0
10000.0,2016-11-03,debt_consolidation,,15.12%,440xx,OH,< 1 year,0.0
5000.0,2016-11-03,other,,6.93%,708xx,LA,5 years,0.0
2000.0,2016-11-03,Debt consolidation,625.0,29.05%,951xx,CA,< 1 year,0.0
15000.0,2016-11-03,debt_consolidation,,28.52%,920xx,CA,< 1 year,0.0
1000.0,2016-11-04,Car financing,586.0,7.83%,952xx,CA,< 1 year,0.0
5000.0,2016-11-04,credit_card,,41.18%,570xx,SD,,0.0
6000.0,2016-11-04,other,,0.18%,373xx,TN,5 years,0.0
35000.0,2016-11-04,Other,582.0,15.3%,141xx,NY,< 1 year,0.0
5000.0,2016-11-04,Home improvement,,0%,337xx,FL,< 1 year,0.0
3000.0,2016-11-04,Debt consolidation,603.0,20.84%,770xx,TX,< 1 year,0.0
9000.0,2016-11-04,credit_card,,-1%,223xx,VA,5 years,0.0
3500.0,2016-11-05,debt_consolidation,,23.87%,971xx,OR,5 years,0.0
25000.0,2016-11-06,debt_consolidation,,9999%,958xx,CA,< 1 year,0.0
25000.0,2016-11-06,home_improvement,,18.62%,956xx,CA,5 years,0.0
5000.0,2016-11-06,other,,20.21%,331xx,FL,< 1 year,0.0
15175.0,2016-11-06,credit_card,,30.2%,604xx,IL,5 years,0.0
2500.0,2016-11-06,other,,59.1%,678xx,KS,,0.0
1000.0,2016-11-07,Medical expenses,559.0,10.68%,394xx,MS,< 1 year,0.0
2000.0,2016-11-07,Car financing,,100%,780xx,TX,< 1 year,0.0
1000.0,2016-11-07,debt_consolidation,,0.45%,191xx,PA,< 1 year,0.0
2000.0,2016-11-07,Debt consolidation,511.0,12.06%,100xx,NY,< 1 year,0.0
5000.0,2016-11-07,Debt consolidation,558.0,27.17%,142xx,NY,< 1 year,0.0
1000.0,2016-11-07,Debt consolidation,620.0,16.43%,953xx,CA,< 1 year,0.0
2500.0,2016-11-07,debt_consolidation,,39.32%,183xx,PA,5 years,0.0
35000.0,2016-11-07,Debt consolidation,727.0,35.1%,146xx,NY,< 1 year,0.0
1200.0,2016-11-07,Moving and relocation,587.0,33.24%,331xx,FL,< 1 year,0.0
15000.0,2016-11-07,debt_consolidation,,15.5%,853xx,AZ,< 1 year,0.0
3000.0,2016-11-07,home_improvement,,11.18%,331xx,FL,< 1 year,0.0
5000.0,2016-11-07,Debt consolidation,,100%,925xx,CA,< 1 year,0.0
5000.0,2016-11-08,debt_consolidation,,7.8%,234xx,VA,5 years,0.0
2000.0,2016-11-08,other,,16.47%,336xx,FL,5 years,0.0
10000.0,2016-11-08,Debt consolidation,635.0,20.45%,775xx,TX,< 1 year,0.0
25000.0,2016-11-08,debt_consolidation,,-1%,088xx,NJ,5 years,0.0
2000.0,2016-11-08,Medical expenses,585.0,17.49%,336xx,FL,< 1 year,0.0
12000.0,2016-11-08,debt_consolidation,,43.21%,030xx,NH,< 1 year,0.0
5000.0,2016-11-08,Home improvement,,29.35%,068xx,CT,10+ years,0.0
5000.0,2016-11-09,debt_consolidation,,14.04%,306xx,GA,5 years,0.0
10000.0,2016-11-09,credit_card,,11.85%,060xx,CT,5 years,0.0
7000.0,2016-11-09,Debt consolidation,650.0,31.06%,112xx,NY,< 1 year,0.0
20000.0,2016-11-09,Debt consolidation,676.0,65.34%,765xx,TX,< 1 year,0.0
8000.0,2016-11-09,car,,22.4%,801xx,CO,< 1 year,0.0
10000.0,2016-11-10,house,,11.78%,191xx,PA,< 1 year,0.0
8000.0,2016-11-10,other,,-1%,338xx,FL,< 1 year,0.0
1500.0,2016-11-10,Home improvement,632.0,3.07%,629xx,IL,< 1 year,0.0
5000.0,2016-11-10,credit_card,,38.53%,153xx,PA,5 years,0.0
5000.0,2016-11-10,other,,3.26%,447xx,OH,< 1 year,0.0
25000.0,2016-11-11,Credit card refinancing,685.0,9.75%,210xx,MD,10+ years,0.0
15125.0,2016-11-11,other,,29.37%,913xx,CA,5 years,0.0
2000.0,2016-11-11,other,,2.9%,306xx,GA,5 years,0.0
10000.0,2016-11-11,Debt consolidation,654.0,32.93%,634xx,MO,< 1 year,0.0
17000.0,2016-11-11,Debt consolidation,689.0,34.94%,070xx,NJ,< 1 year,0.0
10000.0,2016-11-12,debt_consolidation,,-1%,497xx,MI,< 1 year,0.0
25350.0,2016-11-12,other,,19.49%,329xx,FL,5 years,0.0
6000.0,2016-11-12,Debt consolidation,651.0,30.52%,956xx,CA,< 1 year,0.0
25000.0,2016-11-12,debt_consolidation,,-1%,302xx,GA,5 years,0.0
2000.0,2016-11-12,other,,-1%,115xx,NY,5 years,0.0
10000.0,2016-11-12,credit_card,,21.3%,283xx,NC,5 years,0.0
6000.0,2016-11-14,Debt consolidation,663.0,119.81%,598xx,MT,< 1 year,0.0
1000.0,2016-11-14,Major purchase,563.0,0%,104xx,NY,< 1 year,0.0
25000.0,2016-11-14,Credit card refinancing,,100%,190xx,PA,< 1 year,0.0
10000.0,2016-11-14,debt_consolidation,,44.56%,780xx,TX,< 1 year,0.0
10000.0,2016-11-14,home_improvement,,1.78%,600xx,IL,5 years,0.0
1500.0,2016-11-14,other,,45.51%,434xx,OH,< 1 year,0.0
12000.0,2016-11-14,Credit card refinancing,675.0,9.26%,782xx,TX,,0.0
40000.0,2016-11-14,debt_consolidation,666.0,43.07%,981xx,WA,< 1 year,0.0
15000.0,2016-11-14,other,,24.28%,840xx,UT,< 1 year,0.0
5000.0,2016-11-14,debt_consolidation,,27.06%,666xx,KS,5 years,0.0
2500.0,2016-11-14,debt_consolidation,,8.84%,302xx,GA,< 1 year,0.0
25000.0,2016-11-14,Car financing,650.0,2.11%,874xx,NM,< 1 year,0.0
25000.0,2016-11-15,debt_consolidation,,3.41%,891xx,NV,< 1 year,0.0
10000.0,2016-11-15,Debt consolidation,662.0,18.79%,303xx,GA,< 1 year,0.0
1500.0,2016-11-15,vacation,,28.07%,948xx,CA,< 1 year,0.0
5000.0,2016-11-15,debt_consolidation,,15.12%,988xx,WA,< 1 year,0.0
4000.0,2016-11-15,Business,,100%,463xx,IN,< 1 year,0.0
25000.0,2016-11-15,Car financing,643.0,9.29%,761xx,TX,< 1 year,0.0
6000.0,2016-11-15,Credit card refinancing,,100%,150xx,PA,< 1 year,0.0
5500.0,2016-11-15,car,,1.04%,773xx,TX,5 years,0.0
25000.0,2016-11-15,other,,4.46%,786xx,TX,5 years,0.0
15000.0,2016-11-15,Debt consolidation,670.0,18.75%,207xx,MD,< 1 year,0.0
20000.0,2016-11-15,Other,661.0,0.79%,112xx,NY,< 1 year,0.0
10000.0,2016-11-15,Debt consolidation,,22.71%,104xx,NY,2 years,0.0
20000.0,2016-11-15,debt_consolidation,,13.58%,100xx,NY,5 years,0.0
8500.0,2016-11-15,debt_consolidation,,-1%,591xx,MT,< 1 year,0.0
40000.0,2016-11-16,Debt consolidation,625.0,37%,329xx,FL,< 1 year,0.0
4000.0,2016-11-16,Home improvement,,100%,850xx,AZ,< 1 year,0.0
6000.0,2016-11-16,Credit card refinancing,658.0,14.29%,152xx,PA,< 1 year,0.0
5000.0,2016-11-16,Debt consolidation,594.0,12.08%,785xx,TX,< 1 year,0.0
5000.0,2016-11-16,other,,21.52%,321xx,FL,5 years,0.0
25000.0,2016-11-16,Debt consolidation,734.0,52.96%,941xx,CA,< 1 year,0.0
10000.0,2016-11-16,Debt consolidation,688.0,42.49%,020xx,MA,< 1 year,0.0
30000.0,2016-11-16,other,,60.07%,010xx,MA,,0.0
25000.0,2016-11-16,home_improvement,,39.49%,882xx,NM,5 years,0.0
35000.0,2016-11-17,Debt consolidation,640.0,11.09%,068xx,CT,< 1 year,0.0
5000.0,2016-11-17,credit_card,,50.19%,465xx,IN,< 1 year,0.0
30000.0,2016-11-17,debt_consolidation,,25.92%,392xx,MS,< 1 year,0.0
10000.0,2016-11-17,Other,662.0,8.5%,410xx,KY,< 1 year,0.0
1000.0,2016-11-17,Debt consolidation,579.0,33.82%,282xx,NC,< 1 year,0.0
7000.0,2016-11-17,Debt consolidation,,100%,320xx,FL,< 1 year,0.0
10000.0,2016-11-17,Debt consolidation,719.0,33.08%,910xx,CA,< 1 year,0.0
5000.0,2016-11-17,medical,,21.03%,863xx,AZ,< 1 year,0.0
5000.0,2016-11-17,home_improvement,,49.28%,945xx,CA,< 1 year,0.0
10000.0,2016-11-17,Debt consolidation,577.0,42.1%,152xx,PA,< 1 year,0.0
10000.0,2016-11-17,credit_card,,43.85%,171xx,PA,< 1 year,0.0
1200.0,2016-11-17,Vacation,597.0,33.31%,300xx,GA,< 1 year,0.0
8000.0,2016-11-18,debt_consolidation,,46.64%,808xx,CO,< 1 year,0.0
5000.0,2016-11-18,Business Loan,,-1%,319xx,GA,< 1 year,0.0
6000.0,2016-11-18,debt_consolidation,,13.3%,440xx,OH,< 1 year,0.0
3000.0,2016-11-19,Debt consolidation,601.0,5.2%,448xx,OH,< 1 year,0.0
10000.0,2016-11-19,Debt consolidation,725.0,26.05%,923xx,CA,< 1 year,0.0
10000.0,2016-11-19,Home improvement,573.0,19.65%,773xx,TX,< 1 year,0.0
3000.0,2016-11-20,Debt consolidation,629.0,7.14%,362xx,AL,< 1 year,0.0
5000.0,2016-11-20,debt_consolidation,,4.02%,112xx,NY,5 years,0.0
40000.0,2016-11-20,Debt consolidation,639.0,7.62%,223xx,VA,< 1 year,0.0
5000.0,2016-11-20,small_business,,-1%,397xx,MS,< 1 year,0.0
4325.0,2016-11-20,Other,625.0,83.59%,112xx,NY,< 1 year,0.0
9000.0,2016-11-20,Debt consolidation,,-1%,601xx,IL,< 1 year,0.0
1500.0,2016-11-21,vacation,,6.19%,200xx,DC,5 years,0.0
6000.0,2016-11-21,Debt consolidation,611.0,15.42%,432xx,OH,< 1 year,0.0
40000.0,2016-11-21,Credit card refinancing,892.0,969.88%,705xx,LA,< 1 year,0.0
5000.0,2016-11-21,Other,664.0,9.72%,104xx,NY,< 1 year,0.0
20000.0,2016-11-21,debt_consolidation,,9999%,482xx,MI,< 1 year,0.0
6000.0,2016-11-22,debt_consolidation,,-1%,790xx,TX,< 1 year,0.0
20000.0,2016-11-22,medical,,59.45%,370xx,TN,5 years,0.0
8000.0,2016-11-22,Debt consolidation,621.0,53.7%,891xx,NV,< 1 year,0.0
10000.0,2016-11-22,debt_consolidation,,10.78%,480xx,MI,< 1 year,0.0
20000.0,2016-11-22,debt_consolidation,,35.19%,310xx,GA,< 1 year,0.0
2000.0,2016-11-23,debt_consolidation,,20.64%,447xx,OH,< 1 year,0.0
5000.0,2016-11-23,Business,522.0,12.26%,871xx,NM,< 1 year,0.0
30000.0,2016-11-23,debt_consolidation,,55.93%,945xx,CA,< 1 year,0.0
7500.0,2016-11-23,Vacation,,18.78%,207xx,MD,,0.0
4000.0,2016-11-24,Major purchase,631.0,121.37%,970xx,OR,< 1 year,0.0
15000.0,2016-11-25,debt_consolidation,,38.13%,566xx,MN,,0.0
16000.0,2016-11-25,Debt consolidation,669.0,14600%,752xx,TX,< 1 year,0.0
15000.0,2016-11-25,credit_card,,42.13%,841xx,UT,5 years,0.0
10000.0,2016-11-25,other,,0%,300xx,GA,< 1 year,0.0
5000.0,2016-11-25,other,,0%,782xx,TX,< 1 year,0.0
35000.0,2016-11-25,debt_consolidation,,55.09%,836xx,ID,5 years,0.0
29000.0,2016-11-25,debt_consolidation,,35.6%,212xx,MD,< 1 year,0.0
5025.0,2016-11-25,debt_consolidation,,33.65%,293xx,SC,< 1 year,0.0
35000.0,2016-11-25,Debt consolidation,624.0,16.35%,296xx,SC,< 1 year,0.0
1500.0,2016-11-27,moving,,11.23%,740xx,OK,5 years,0.0
10000.0,2016-11-28,debt_consolidation,,15.3%,278xx,NC,< 1 year,0.0
5000.0,2016-11-28,other,,0%,275xx,NC,5 years,0.0
7550.0,2016-11-28,debt_consolidation,,15.84%,120xx,NY,5 years,0.0
2000.0,2016-11-28,medical,,405.33%,352xx,AL,< 1 year,0.0
5000.0,2016-11-28,Debt consolidation,,100%,970xx,OR,< 1 year,0.0
10000.0,2016-11-28,debt_consolidation,,13.87%,782xx,TX,< 1 year,0.0
3175.0,2016-11-29,Home improvement,666.0,16.54%,180xx,PA,< 1 year,0.0
1000.0,2016-11-29,other,,14.59%,277xx,NC,5 years,0.0
10000.0,2016-11-29,debt_consolidation,,5.04%,276xx,NC,< 1 year,0.0
20000.0,2016-11-29,Credit card refinancing,695.0,21.43%,838xx,ID,< 1 year,0.0
15000.0,2016-11-30,debt_consolidation,,12.55%,945xx,CA,< 1 year,0.0
17000.0,2016-11-30,debt_consolidation,,20.09%,314xx,GA,< 1 year,0.0
10000.0,2016-11-30,debt_consolidation,,29.98%,083xx,NJ,< 1 year,0.0
10000.0,2016-11-30,Credit card refinancing,657.0,45.19%,481xx,MI,< 1 year,0.0
20000.0,2016-11-30,home_improvement,,-1%,439xx,OH,< 1 year,0.0
10000.0,2016-11-30,debt_consolidation,656.0,48.09%,308xx,GA,< 1 year,0.0
2500.0,2016-12-01,home_improvement,,-1%,291xx,SC,5 years,0.0
35000.0,2016-12-01,other,,20.34%,956xx,CA,< 1 year,0.0
5000.0,2016-12-01,other,,39.73%,853xx,AZ,< 1 year,0.0
15000.0,2016-12-01,other,,14.03%,913xx,CA,< 1 year,0.0
30000.0,2016-12-01,Debt consolidation,673.0,16.41%,312xx,GA,< 1 year,0.0
30000.0,2016-12-01,Debt consolidation,575.0,70.43%,856xx,AZ,< 1 year,0.0
35000.0,2016-12-01,Major purchase,583.0,11.2%,212xx,MD,< 1 year,0.0
2000.0,2016-12-01,Debt consolidation,601.0,10.35%,200xx,DC,< 1 year,0.0
4000.0,2016-12-01,Major purchase,619.0,16.23%,945xx,CA,< 1 year,0.0
10000.0,2016-12-02,Debt consolidation,556.0,8.16%,844xx,UT,< 1 year,0.0
4000.0,2016-12-03,Debt consolidation,505.0,31%,338xx,FL,< 1 year,0.0
40000.0,2016-12-03,Debt consolidation,646.0,15.96%,787xx,TX,< 1 year,0.0
1200.0,2016-12-04,Other,554.0,15.55%,333xx,FL,< 1 year,0.0
5000.0,2016-12-04,home_improvement,,0.75%,852xx,AZ,< 1 year,0.0
2525.0,2016-12-04,debt_consolidation,,18.12%,925xx,CA,< 1 year,0.0
3500.0,2016-12-04,debt_consolidation,,9.1%,190xx,PA,< 1 year,0.0
6800.0,2016-12-04,debt_consolidation,,-1%,287xx,NC,< 1 year,0.0
7200.0,2016-12-04,Major purchase,671.0,19.73%,852xx,AZ,< 1 year,0.0
1200.0,2016-12-05,Medical expenses,573.0,35.65%,640xx,MO,< 1 year,0.0
1000.0,2016-12-05,debt_consolidation,,2.4%,305xx,GA,5 years,0.0
6000.0,2016-12-05,car,,12.51%,411xx,KY,5 years,0.0
40000.0,2016-12-05,Debt consolidation,633.0,40.11%,800xx,CO,< 1 year,0.0
3000.0,2016-12-05,Debt consolidation,682.0,52.57%,600xx,IL,< 1 year,0.0
1500.0,2016-12-05,other,,31.68%,333xx,FL,,0.0
12000.0,2016-12-05,debt_consolidation,,82.53%,300xx,GA,< 1 year,0.0
25000.0,2016-12-05,Debt consolidation,727.0,33.17%,234xx,VA,< 1 year,0.0
2000.0,2016-12-05,other,,-1%,641xx,MO,5 years,0.0
1000.0,2016-12-05,car,,0.87%,551xx,MN,5 years,0.0
10000.0,2016-12-05,Debt consolidation,660.0,16.75%,035xx,NH,< 1 year,0.0
1000.0,2016-12-05,Major purchase,701.0,1.2%,442xx,OH,< 1 year,0.0
2000.0,2016-12-06,credit_card,,44.7%,551xx,MN,< 1 year,0.0
31000.0,2016-12-06,debt_consolidation,,39.47%,941xx,CA,< 1 year,0.0
10000.0,2016-12-06,debt_consolidation,,37.71%,333xx,FL,< 1 year,0.0
30000.0,2016-12-06,credit_card,,35.04%,600xx,IL,5 years,0.0
5500.0,2016-12-06,Debt consolidation,,-1%,421xx,KY,< 1 year,0.0
5000.0,2016-12-06,moving,,19.11%,940xx,CA,< 1 year,0.0
40000.0,2016-12-06,credit_card,,27.99%,128xx,NY,< 1 year,0.0
15000.0,2016-12-06,Debt consolidation,600.0,39.01%,303xx,GA,< 1 year,0.0
1500.0,2016-12-06,debt_consolidation,,19.93%,775xx,TX,< 1 year,0.0
18500.0,2016-12-06,Credit card refinancing,610.0,34.59%,801xx,CO,< 1 year,0.0
1000.0,2016-12-06,other,,13.66%,895xx,NV,< 1 year,0.0
10000.0,2016-12-07,Debt consolidation,,-1%,112xx,NY,< 1 year,0.0
10000.0,2016-12-07,home_improvement,,3.86%,731xx,OK,< 1 year,0.0
2500.0,2016-12-07,Home improvement,,100%,333xx,FL,< 1 year,0.0
1000.0,2016-12-07,debt_consolidation,,1.2%,917xx,CA,< 1 year,0.0
2500.0,2016-12-07,Medical expenses,573.0,5.98%,917xx,CA,< 1 year,0.0
20000.0,2016-12-07,Debt consolidation,,-1%,066xx,CT,< 1 year,0.0
10000.0,2016-12-07,Debt consolidation,657.0,15.56%,423xx,KY,< 1 year,0.0
5000.0,2016-12-07,Debt consolidation,557.0,27.24%,301xx,GA,< 1 year,0.0
25000.0,2016-12-07,Debt consolidation,604.0,17.43%,303xx,GA,< 1 year,0.0
10000.0,2016-12-07,Credit card refinancing,771.0,43.89%,072xx,NJ,< 1 year,0.0
35000.0,2016-12-07,debt_consolidation,,88.25%,628xx,IL,< 1 year,0.0
2500.0,2016-12-07,moving,,0.96%,080xx,NJ,5 years,0.0
1000.0,2016-12-07,Moving and relocation,,100%,455xx,OH,< 1 year,0.0
12000.0,2016-12-07,other,,-1%,685xx,NE,5 years,0.0
3000.0,2016-12-07,major_purchase,,-1%,083xx,NJ,,0.0
4000.0,2016-12-07,car,,-1%,191xx,PA,5 years,0.0
2500.0,2016-12-08,credit_card,,3.62%,591xx,MT,5 years,0.0
23500.0,2016-12-08,Credit card refinancing,692.0,12.07%,103xx,NY,< 1 year,0.0
9500.0,2016-12-08,debt_consolidation,,14.4%,852xx,AZ,5 years,0.0
10000.0,2016-12-08,Debt consolidation,715.0,45.94%,760xx,TX,< 1 year,0.0
1000.0,2016-12-08,debt_consolidation,,8.46%,799xx,TX,5 years,0.0
3500.0,2016-12-08,other,,-1%,870xx,NM,< 1 year,0.0
2000.0,2016-12-09,debt_consolidation,,4.66%,325xx,FL,< 1 year,0.0
10000.0,2016-12-09,other,,2.87%,194xx,PA,< 1 year,0.0
15000.0,2016-12-09,Debt consolidation,612.0,24.77%,800xx,CO,< 1 year,0.0
3500.0,2016-12-09,other,,17.64%,782xx,TX,< 1 year,0.0
25000.0,2016-12-09,Business,748.0,0.54%,061xx,CT,< 1 year,0.0
2500.0,2016-12-09,other,,17.09%,604xx,IL,< 1 year,0.0
5000.0,2016-12-10,Medical expenses,602.0,20.98%,373xx,TN,< 1 year,0.0
20000.0,2016-12-10,other,,0%,785xx,TX,< 1 year,0.0
5000.0,2016-12-10,car,,0%,481xx,MI,5 years,0.0
5000.0,2016-12-11,Debt consolidation,741.0,6.96%,770xx,TX,< 1 year,0.0
1200.0,2016-12-12,Other,546.0,33.55%,845xx,NM,< 1 year,0.0
17000.0,2016-12-12,debt_consolidation,,36.42%,550xx,MN,< 1 year,0.0
4000.0,2016-12-12,Medical expenses,577.0,13.78%,214xx,MD,< 1 year,0.0
3000.0,2016-12-12,other,,16.05%,303xx,GA,< 1 year,0.0
5000.0,2016-12-12,debt_consolidation,,18.01%,330xx,FL,< 1 year,0.0
10000.0,2016-12-12,Debt consolidation,508.0,0.32%,894xx,NV,< 1 year,0.0
10000.0,2016-12-12,Business,,4.11%,926xx,CA,5 years,0.0
3000.0,2016-12-12,Debt consolidation,501.0,5.11%,043xx,ME,< 1 year,0.0
3000.0,2016-12-12,Green loan,612.0,20.21%,017xx,MA,< 1 year,0.0
20000.0,2016-12-13,debt_consolidation,,26.88%,356xx,AL,< 1 year,0.0
20000.0,2016-12-13,credit_card,,-1%,212xx,MD,5 years,0.0
10000.0,2016-12-13,debt_consolidation,,40.24%,792xx,TX,< 1 year,0.0
30000.0,2016-12-13,Debt consolidation,555.0,47.06%,531xx,WI,< 1 year,0.0
2000.0,2016-12-13,debt_consolidation,,4.42%,374xx,TN,5 years,0.0
30000.0,2016-12-13,house,,17.76%,165xx,PA,5 years,0.0
14200.0,2016-12-13,car,,47.35%,852xx,AZ,5 years,0.0
1200.0,2016-12-13,medical,,30.94%,787xx,TX,< 1 year,0.0
2000.0,2016-12-14,other,,7.55%,302xx,GA,,0.0
2000.0,2016-12-14,Moving and relocation,608.0,14.27%,300xx,GA,< 1 year,0.0
15000.0,2016-12-14,Debt consolidation,659.0,19.43%,232xx,VA,< 1 year,0.0
3000.0,2016-12-14,moving,,1.03%,810xx,CO,< 1 year,0.0
10000.0,2016-12-14,debt_consolidation,,10.02%,794xx,TX,,0.0
1000.0,2016-12-14,other,,31.28%,467xx,IN,5 years,0.0
5000.0,2016-12-14,Debt consolidation,594.0,27.22%,122xx,NY,< 1 year,0.0
20000.0,2016-12-14,Business Loan,,-1%,300xx,GA,< 1 year,2.0
15000.0,2016-12-15,credit_card,,29.7%,103xx,NY,< 1 year,0.0
1500.0,2016-12-15,debt_consolidation,,36.8%,342xx,FL,< 1 year,0.0
3000.0,2016-12-15,debt_consolidation,,28.22%,351xx,AL,< 1 year,0.0
21300.0,2016-12-15,debt_consolidation,,34.99%,666xx,KS,< 1 year,0.0
15000.0,2016-12-15,credit_card,,5.08%,330xx,FL,5 years,0.0
20000.0,2016-12-15,Debt consolidation,656.0,46.72%,240xx,VA,< 1 year,0.0
35000.0,2016-12-15,debt_consolidation,,41.04%,142xx,NY,< 1 year,0.0
25000.0,2016-12-15,Medical expenses,501.0,2.68%,196xx,PA,< 1 year,0.0
8500.0,2016-12-16,Credit card refinancing,620.0,160.34%,167xx,PA,< 1 year,0.0
1000.0,2016-12-16,Major purchase,563.0,33.11%,394xx,MS,< 1 year,0.0
29475.0,2016-12-16,Car financing,501.0,100%,751xx,TX,< 1 year,0.0
6000.0,2016-12-16,renewable_energy,,23.1%,212xx,MD,< 1 year,0.0
10000.0,2016-12-16,Debt consolidation,692.0,31.2%,330xx,FL,< 1 year,0.0
30000.0,2016-12-16,debt_consolidation,,17.27%,346xx,FL,5 years,0.0
30000.0,2016-12-16,Debt consolidation,669.0,15.86%,303xx,GA,2 years,0.0
10000.0,2016-12-17,other,,1.07%,278xx,NC,< 1 year,0.0
3000.0,2016-12-17,moving,,28.32%,762xx,TX,5 years,0.0
28675.0,2016-12-17,credit_card,,-1%,021xx,MA,5 years,0.0
1000.0,2016-12-17,home_improvement,,23.7%,392xx,MS,< 1 year,0.0
35000.0,2016-12-18,debt_consolidation,,9999%,276xx,NC,< 1 year,0.0
1500.0,2016-12-18,Other,704.0,9.05%,628xx,IL,< 1 year,0.0
5000.0,2016-12-18,debt_consolidation,,32.07%,029xx,RI,< 1 year,0.0
10000.0,2016-12-19,credit_card,,43.82%,672xx,KS,5 years,0.0
5000.0,2016-12-19,debt_consolidation,,14.91%,347xx,FL,< 1 year,0.0
2500.0,2016-12-19,Debt consolidation,637.0,15.41%,945xx,CA,< 1 year,0.0
4000.0,2016-12-19,home_improvement,,18.31%,704xx,LA,< 1 year,0.0
2000.0,2016-12-19,other,,4.96%,921xx,CA,< 1 year,0.0
1500.0,2016-12-19,debt_consolidation,,6.38%,945xx,CA,< 1 year,0.0
1200.0,2016-12-19,other,,24.33%,857xx,AZ,< 1 year,0.0
20000.0,2016-12-19,Debt consolidation,666.0,25.53%,231xx,VA,< 1 year,0.0
5000.0,2016-12-19,Business,,0.65%,420xx,KY,1 year,0.0
15000.0,2016-12-19,other,,-1%,981xx,WA,5 years,0.0
3500.0,2016-12-20,debt_consolidation,,24.72%,366xx,AL,< 1 year,0.0
2500.0,2016-12-20,credit_card,,59.56%,630xx,MO,< 1 year,0.0
18000.0,2016-12-20,other,,29.98%,982xx,WA,< 1 year,0.0
35000.0,2016-12-20,debt_consolidation,,7.52%,926xx,CA,5 years,0.0
15000.0,2016-12-21,Credit card refinancing,578.0,79.55%,044xx,ME,< 1 year,0.0
67000.0,2016-12-21,Business Loan,,-1%,851xx,AZ,< 1 year,0.0
5000.0,2016-12-21,Debt consolidation,607.0,3.05%,432xx,OH,< 1 year,0.0
35000.0,2016-12-21,Debt consolidation,551.0,24.69%,314xx,GA,< 1 year,0.0
1000.0,2016-12-21,Green loan,493.0,3.92%,388xx,MS,< 1 year,0.0
3000.0,2016-12-21,credit_card,,-1%,062xx,CT,< 1 year,0.0
10000.0,2016-12-21,Debt consolidation,595.0,2.68%,940xx,CA,< 1 year,0.0
46000.0,2016-12-22,Business Loan,,-1%,535xx,WI,< 1 year,0.0
15000.0,2016-12-22,debt_consolidation,,44.15%,968xx,HI,5 years,0.0
3000.0,2016-12-22,other,,26.69%,422xx,KY,5 years,0.0
5000.0,2016-12-22,debt_consolidation,,9.53%,328xx,FL,< 1 year,0.0
40000.0,2016-12-23,debt_consolidation,,37.79%,303xx,GA,< 1 year,0.0
5000.0,2016-12-23,debt_consolidation,,18.99%,852xx,AZ,,0.0
25000.0,2016-12-23,Debt consolidation,698.0,10.5%,112xx,NY,< 1 year,0.0
1500.0,2016-12-24,medical,,1.23%,173xx,PA,,0.0
10000.0,2016-12-24,Debt consolidation,682.0,41.8%,891xx,NV,< 1 year,0.0
10000.0,2016-12-24,other,,15.9%,741xx,OK,,0.0
15000.0,2016-12-25,Debt consolidation,700.0,50.14%,937xx,CA,< 1 year,0.0
1000.0,2016-12-25,Medical expenses,658.0,22.47%,785xx,TX,< 1 year,0.0
5000.0,2016-12-25,car,,38.6%,385xx,TN,< 1 year,0.0
11000.0,2016-12-26,other,,21.04%,601xx,IL,< 1 year,0.0
10000.0,2016-12-26,debt_consolidation,,1.22%,891xx,NV,< 1 year,0.0
5000.0,2016-12-26,debt_consolidation,,61.77%,286xx,NC,< 1 year,0.0
8000.0,2016-12-27,home_improvement,,5.73%,142xx,NY,< 1 year,0.0
5000.0,2016-12-27,other,,56.41%,303xx,GA,< 1 year,0.0
28000.0,2016-12-27,debt_consolidation,,44.29%,700xx,LA,< 1 year,0.0
3000.0,2016-12-27,debt_consolidation,,40.44%,780xx,TX,< 1 year,0.0
10000.0,2016-12-27,home_improvement,,11%,402xx,KY,< 1 year,0.0
20000.0,2016-12-27,major_purchase,,0%,532xx,WI,< 1 year,0.0
20000.0,2016-12-27,debt_consolidation,,52.18%,358xx,AL,< 1 year,0.0
2000.0,2016-12-27,debt_consolidation,,50.93%,300xx,GA,< 1 year,0.0
20000.0,2016-12-27,debt_consolidation,,23.99%,972xx,OR,5 years,0.0
35000.0,2016-12-28,Debt consolidation,662.0,30.14%,442xx,OH,< 1 year,0.0
9000.0,2016-12-28,Debt consolidation,679.0,17.51%,302xx,GA,< 1 year,0.0
18000.0,2016-12-28,credit_card,,-1%,303xx,GA,5 years,0.0
10000.0,2016-12-28,Medical expenses,600.0,31.43%,493xx,MI,< 1 year,0.0
34000.0,2016-12-28,debt_consolidation,,-1%,774xx,TX,5 years,0.0
10000.0,2016-12-28,Credit card refinancing,722.0,10.7%,850xx,AZ,2 years,0.0
5000.0,2016-12-28,Debt consolidation,,100%,083xx,NJ,< 1 year,0.0
10000.0,2016-12-28,debt_consolidation,,16.83%,895xx,NV,< 1 year,0.0
5000.0,2016-12-28,debt_consolidation,,23.52%,575xx,SD,< 1 year,0.0
40000.0,2016-12-29,Debt consolidation,683.0,43.89%,272xx,NC,< 1 year,0.0
5000.0,2016-12-29,Business,591.0,17.75%,902xx,CA,< 1 year,0.0
1500.0,2016-12-29,debt_consolidation,,37.78%,601xx,IL,< 1 year,0.0
12000.0,2016-12-29,Debt consolidation,592.0,67.56%,758xx,TX,< 1 year,0.0
1000.0,2016-12-30,Credit card refinancing,605.0,5.59%,334xx,FL,< 1 year,0.0
15000.0,2016-12-30,credit_card,,27.42%,067xx,CT,5 years,0.0
5000.0,2016-12-30,home_improvement,,35%,704xx,LA,< 1 year,0.0
35000.0,2016-12-31,Major purchase,637.0,497.84%,910xx,CA,< 1 year,0.0
1000.0,2016-12-31,Major purchase,614.0,18.33%,453xx,OH,,0.0
5000.0,2016-12-31,Debt consolidation,506.0,8.57%,925xx,CA,< 1 year,0.0
10000.0,2016-12-31,Home buying,652.0,1.18%,117xx,NY,< 1 year,0.0
15000.0,2016-12-31,Business,684.0,10.58%,113xx,NY,< 1 year,0.0
